Protein Identifier,A,R,N,D,C,Q,E,G,H,I,L,K,M,F,P,S,T,W,Y,V
Q9BYF1,0.06335403726708075,0.03850931677018633,0.0670807453416149,0.05341614906832298,0.009937888198757764,0.04720496894409938,0.06956521739130435,0.05341614906832298,0.01987577639751553,0.049689440993788817,0.09440993788819876,0.058385093167701865,0.03354037267080745,0.0484472049689441,0.04596273291925466,0.0670807453416149,0.0484472049689441,0.02857142857142857,0.040993788819875775,0.062111801242236024
P0DTC2,0.062058130400628436,0.032992930086410056,0.06912804399057344,0.04870384917517675,0.031421838177533384,0.04870384917517675,0.037706205813040065,0.06441476826394343,0.01335428122545169,0.05970149253731343,0.08483896307934014,0.047918303220738416,0.010997643362136685,0.060487038491751764,0.04556166535742341,0.07776904948939513,0.07619795758051846,0.009426551453260016,0.04241948153967007,0.07619795758051846
P68400,0.056265984654731455,0.06649616368286446,0.043478260869565216,0.06905370843989769,0.005115089514066497,0.030690537084398978,0.056265984654731455,0.056265984654731455,0.04092071611253197,0.05370843989769821,0.08439897698209718,0.058823529411764705,0.03836317135549872,0.03324808184143223,0.061381074168797956,0.0639386189258312,0.03324808184143223,0.01278772378516624,0.058823529411764705,0.07672634271099744
Q8NFJ9,0.09443507588532883,0.05227655986509275,0.03709949409780776,0.03709949409780776,0.013490725126475547,0.0387858347386172,0.06239460370994941,0.06070826306913996,0.025295109612141653,0.03541315345699832,0.14839797639123103,0.050590219224283306,0.025295109612141653,0.03204047217537943,0.06408094435075885,0.0657672849915683,0.05902192242833052,0.00505902192242833,0.025295109612141653,0.06745362563237774
Q3SYG4,0.05073280721533258,0.04284103720405862,0.03720405862457723,0.060879368658399095,0.02367531003382187,0.06313416009019165,0.06200676437429538,0.058624577226606536,0.02254791431792559,0.043968432919954906,0.12401352874859076,0.05186020293122886,0.019165727170236752,0.046223224351747465,0.04284103720405862,0.0834272829763247,0.05975197294250282,0.010146561443066516,0.02254791431792559,0.07440811724915446
Q9BXC9,0.07212205270457697,0.05547850208044383,0.059639389736477116,0.0638002773925104,0.015256588072122053,0.0319001386962552,0.05547850208044383,0.06796116504854369,0.033287101248266296,0.06796116504854369,0.10402219140083217,0.038834951456310676,0.022191400832177532,0.038834951456310676,0.0319001386962552,0.07905686546463246,0.05825242718446602,0.005547850208044383,0.027739251040221916,0.07073509015256588
Q8IWZ6,0.04755244755244755,0.03636363636363636,0.04195804195804196,0.06573426573426573,0.01818181818181818,0.05174825174825175,0.06573426573426573,0.06013986013986014,0.026573426573426574,0.06993006993006994,0.1048951048951049,0.07272727272727272,0.016783216783216783,0.04055944055944056,0.03776223776223776,0.07552447552447553,0.057342657342657345,0.004195804195804196,0.03496503496503497,0.07132867132867132
Q96RK4,0.10597302504816955,0.023121387283236993,0.05202312138728324,0.030828516377649325,0.015414258188824663,0.06551059730250482,0.07514450867052024,0.04431599229287091,0.025048169556840076,0.04046242774566474,0.12716763005780346,0.08092485549132948,0.023121387283236993,0.03468208092485549,0.046242774566473986,0.057803468208092484,0.046242774566473986,0.009633911368015413,0.046242774566473986,0.05009633911368015
Q15154,0.05731225296442688,0.054841897233201584,0.06719367588932806,0.05533596837944664,0.01432806324110672,0.07213438735177866,0.11462450592885376,0.03606719367588933,0.018774703557312252,0.033102766798418976,0.07855731225296443,0.06422924901185771,0.022727272727272728,0.02766798418972332,0.04891304347826087,0.10770750988142293,0.054841897233201584,0.005434782608695652,0.01432806324110672,0.051877470355731224
Q8N3I7,0.0469208211143695,0.05571847507331378,0.05571847507331378,0.06744868035190615,0.008797653958944282,0.04985337243401759,0.06451612903225806,0.05865102639296188,0.017595307917888565,0.06451612903225806,0.10850439882697947,0.05278592375366569,0.020527859237536656,0.0469208211143695,0.02932551319648094,0.08211143695014662,0.04985337243401759,0.01466275659824047,0.02932551319648094,0.07624633431085044
Q8TAM2,0.09426987060998152,0.051756007393715345,0.04805914972273567,0.04436229205175601,0.014787430683918669,0.06099815157116451,0.066543438077634,0.04990757855822551,0.033271719038817,0.04621072088724584,0.11275415896487985,0.04805914972273567,0.031423290203327174,0.04066543438077634,0.04621072088724584,0.05545286506469501,0.051756007393715345,0.011090573012939002,0.04621072088724584,0.04621072088724584
Q9NQ48,0.07357859531772576,0.043478260869565216,0.06688963210702341,0.05351170568561873,0.0033444816053511705,0.07357859531772576,0.13043478260869565,0.020066889632107024,0.016722408026755852,0.04013377926421405,0.1505016722408027,0.10702341137123746,0.013377926421404682,0.026755852842809364,0.013377926421404682,0.046822742474916385,0.056856187290969896,0.0033444816053511705,0.016722408026755852,0.043478260869565216
Q6ZW61,0.05352112676056338,0.03943661971830986,0.059154929577464786,0.038028169014084505,0.030985915492957747,0.04929577464788732,0.0647887323943662,0.04929577464788732,0.029577464788732393,0.054929577464788736,0.11971830985915492,0.04225352112676056,0.014084507042253521,0.038028169014084505,0.028169014084507043,0.09859154929577464,0.0647887323943662,0.011267605633802818,0.02535211267605634,0.08873239436619719
Q9NPJ1,0.05087719298245614,0.03684210526315789,0.03508771929824561,0.03859649122807018,0.0456140350877193,0.03684210526315789,0.05263157894736842,0.05964912280701754,0.03333333333333333,0.06315789473684211,0.15789473684210525,0.04912280701754386,0.014035087719298246,0.02280701754385965,0.04035087719298246,0.09298245614035087,0.08070175438596491,0.008771929824561403,0.015789473684210527,0.06491228070175438
A8MTZ0,0.07608695652173914,0.043478260869565216,0.043478260869565216,0.03260869565217391,0.010869565217391304,0.07608695652173914,0.08695652173913043,0.021739130434782608,0.021739130434782608,0.043478260869565216,0.11956521739130435,0.11956521739130435,0.07608695652173914,0.021739130434782608,0.05434782608695652,0.05434782608695652,0.05434782608695652,0.0,0.0,0.043478260869565216
Q3V3N7,0.09106239460370995,0.05227655986509275,0.026981450252951095,0.04047217537942664,0.011804384485666104,0.04215851602023609,0.05733558178752108,0.05733558178752108,0.025295109612141653,0.03204047217537943,0.1433389544688027,0.05564924114671164,0.025295109612141653,0.03204047217537943,0.06239460370994941,0.07419898819561552,0.06408094435075885,0.00505902192242833,0.025295109612141653,0.07588532883642496
Q9CWF6,0.06657420249653259,0.05409153952843273,0.059639389736477116,0.06796116504854369,0.015256588072122053,0.03467406380027739,0.05409153952843273,0.06796116504854369,0.02912621359223301,0.059639389736477116,0.10402219140083217,0.04022191400832178,0.023578363384188627,0.04022191400832178,0.03467406380027739,0.08044382801664356,0.056865464632454926,0.005547850208044383,0.02912621359223301,0.07628294036061026
P61006,0.06280193236714976,0.06280193236714976,0.057971014492753624,0.07246376811594203,0.014492753623188406,0.033816425120772944,0.057971014492753624,0.06763285024154589,0.004830917874396135,0.09178743961352658,0.07246376811594203,0.0966183574879227,0.028985507246376812,0.06280193236714976,0.00966183574879227,0.057971014492753624,0.06280193236714976,0.00966183574879227,0.028985507246376812,0.043478260869565216
Q96QF0,0.06932773109243698,0.046218487394957986,0.0273109243697479,0.04831932773109244,0.025210084033613446,0.05042016806722689,0.08823529411764706,0.05042016806722689,0.014705882352941176,0.03991596638655462,0.10294117647058823,0.07563025210084033,0.018907563025210083,0.03571428571428571,0.0546218487394958,0.10084033613445378,0.06092436974789916,0.004201680672268907,0.031512605042016806,0.0546218487394958
P48553,0.05877680698967434,0.043685464654487687,0.03415409054805401,0.048451151707704525,0.023828435266084195,0.048451151707704525,0.07466243050039714,0.04130262112787927,0.03256552819698173,0.03891977760127085,0.11358220810166798,0.05242255758538523,0.021445591739475776,0.04050833995234313,0.05480540111199365,0.09690230341540905,0.05559968228752978,0.015091342335186657,0.030976965845909452,0.07386814932486101
Q8NCK7,0.14093959731543623,0.03803131991051454,0.0044742729306487695,0.029082774049217,0.008948545861297539,0.017897091722595078,0.013422818791946308,0.14988814317673377,0.011185682326621925,0.015659955257270694,0.19015659955257272,0.0,0.013422818791946308,0.0447427293064877,0.087248322147651,0.06935123042505593,0.042505592841163314,0.02237136465324385,0.020134228187919462,0.08053691275167785
Q96Q05,0.054878048780487805,0.05313588850174216,0.033101045296167246,0.04442508710801394,0.020905923344947737,0.04790940766550523,0.07142857142857142,0.06445993031358885,0.029616724738675958,0.04442508710801394,0.1132404181184669,0.04965156794425087,0.014808362369337979,0.04529616724738676,0.059233449477351915,0.08449477351916376,0.04965156794425087,0.008710801393728223,0.032229965156794424,0.078397212543554
Q08850,0.05704697986577181,0.0738255033557047,0.04697986577181208,0.040268456375838924,0.006711409395973154,0.08389261744966443,0.12080536912751678,0.03691275167785235,0.020134228187919462,0.08053691275167785,0.08389261744966443,0.07046979865771812,0.03355704697986577,0.020134228187919462,0.013422818791946308,0.06711409395973154,0.050335570469798654,0.0,0.010067114093959731,0.08389261744966443
P63045,0.12931034482758622,0.05172413793103448,0.034482758620689655,0.0603448275862069,0.008620689655172414,0.0603448275862069,0.04310344827586207,0.04310344827586207,0.0,0.08620689655172414,0.08620689655172414,0.0603448275862069,0.034482758620689655,0.017241379310344827,0.06896551724137931,0.05172413793103448,0.05172413793103448,0.017241379310344827,0.017241379310344827,0.07758620689655173
P27986,0.052486187845303865,0.058011049723756904,0.052486187845303865,0.058011049723756904,0.008287292817679558,0.05110497237569061,0.0925414364640884,0.04419889502762431,0.020718232044198894,0.052486187845303865,0.10497237569060773,0.07596685082872928,0.015193370165745856,0.026243093922651933,0.052486187845303865,0.07044198895027624,0.05110497237569061,0.011049723756906077,0.05110497237569061,0.05110497237569061
P0DJI6,0.07547169811320754,0.10377358490566038,0.018867924528301886,0.04716981132075472,0.05660377358490566,0.04716981132075472,0.04716981132075472,0.1509433962264151,0.02830188679245283,0.02830188679245283,0.08490566037735849,0.018867924528301886,0.02830188679245283,0.02830188679245283,0.0660377358490566,0.07547169811320754,0.0660377358490566,0.0,0.009433962264150943,0.018867924528301886
Q9R1E0,0.08282208588957055,0.03834355828220859,0.06134969325153374,0.049079754601226995,0.012269938650306749,0.046012269938650305,0.03374233128834356,0.06901840490797546,0.024539877300613498,0.018404907975460124,0.07515337423312883,0.03834355828220859,0.04141104294478527,0.024539877300613498,0.10429447852760736,0.15184049079754602,0.05214723926380368,0.013803680981595092,0.019938650306748466,0.04294478527607362
Q9H0F7,0.03763440860215054,0.043010752688172046,0.043010752688172046,0.06989247311827956,0.016129032258064516,0.04838709677419355,0.04838709677419355,0.05913978494623656,0.026881720430107527,0.08064516129032258,0.12903225806451613,0.0913978494623656,0.021505376344086023,0.03763440860215054,0.026881720430107527,0.08064516129032258,0.043010752688172046,0.016129032258064516,0.016129032258064516,0.06451612903225806
O09044,0.06190476190476191,0.05238095238095238,0.09047619047619047,0.07142857142857142,0.023809523809523808,0.07142857142857142,0.09047619047619047,0.0761904761904762,0.004761904761904762,0.08095238095238096,0.07142857142857142,0.07142857142857142,0.03333333333333333,0.004761904761904762,0.023809523809523808,0.05714285714285714,0.0761904761904762,0.004761904761904762,0.009523809523809525,0.023809523809523808
O95273,0.09444444444444444,0.041666666666666664,0.04722222222222222,0.06666666666666667,0.019444444444444445,0.05277777777777778,0.08611111111111111,0.019444444444444445,0.022222222222222223,0.05555555555555555,0.12222222222222222,0.04722222222222222,0.027777777777777776,0.019444444444444445,0.058333333333333334,0.06388888888888888,0.05277777777777778,0.011111111111111112,0.016666666666666666,0.075
P78371,0.1233644859813084,0.048598130841121495,0.029906542056074768,0.0616822429906542,0.011214953271028037,0.024299065420560748,0.07289719626168224,0.07850467289719626,0.029906542056074768,0.07663551401869159,0.10467289719626169,0.0691588785046729,0.028037383177570093,0.022429906542056073,0.022429906542056073,0.05794392523364486,0.056074766355140186,0.001869158878504673,0.011214953271028037,0.0691588785046729
P55042,0.1038961038961039,0.10714285714285714,0.016233766233766232,0.06818181818181818,0.012987012987012988,0.02922077922077922,0.06493506493506493,0.11688311688311688,0.01948051948051948,0.02922077922077922,0.07792207792207792,0.04220779220779221,0.01948051948051948,0.022727272727272728,0.03896103896103896,0.08766233766233766,0.03571428571428571,0.012987012987012988,0.016233766233766232,0.07792207792207792
Q9Y4H2,0.11210762331838565,0.061285500747384154,0.023168908819133034,0.03662182361733931,0.01569506726457399,0.029895366218236172,0.04185351270553064,0.11808669656203288,0.025411061285500747,0.0171898355754858,0.07249626307922272,0.02914798206278027,0.0171898355754858,0.01943198804185351,0.13303437967115098,0.13228699551569506,0.03961136023916293,0.00523168908819133,0.02765321375186846,0.042600896860986545
Q60700,0.057432432432432436,0.06644144144144144,0.02252252252252252,0.0518018018018018,0.02027027027027027,0.03490990990990991,0.08108108108108109,0.10247747747747747,0.02702702702702703,0.02927927927927928,0.10585585585585586,0.0472972972972973,0.019144144144144143,0.02027027027027027,0.09684684684684684,0.09797297297297297,0.04504504504504504,0.013513513513513514,0.01126126126126126,0.04954954954954955
P37238,0.061386138613861385,0.039603960396039604,0.033663366336633666,0.06930693069306931,0.019801980198019802,0.04554455445544554,0.06930693069306931,0.04356435643564356,0.031683168316831684,0.06930693069306931,0.100990099009901,0.07524752475247524,0.03564356435643564,0.053465346534653464,0.05148514851485148,0.06930693069306931,0.04554455445544554,0.0019801980198019802,0.03564356435643564,0.047524752475247525
P05026,0.026402640264026403,0.04950495049504951,0.0462046204620462,0.04950495049504951,0.0231023102310231,0.039603960396039604,0.08250825082508251,0.0858085808580858,0.0033003300330033004,0.0627062706270627,0.07920792079207921,0.10231023102310231,0.0165016501650165,0.0594059405940594,0.066006600660066,0.0429042904290429,0.039603960396039604,0.013201320132013201,0.0594059405940594,0.052805280528052806
O76024,0.08089887640449438,0.058426966292134834,0.025842696629213482,0.03932584269662921,0.02247191011235955,0.030337078651685393,0.06292134831460675,0.052808988764044947,0.020224719101123594,0.0449438202247191,0.12247191011235956,0.05056179775280899,0.021348314606741574,0.058426966292134834,0.056179775280898875,0.07303370786516854,0.05393258426966292,0.020224719101123594,0.029213483146067417,0.07640449438202247
Q14643,0.05438723712835388,0.05583756345177665,0.0532994923857868,0.05620014503263234,0.021754894851341553,0.04568527918781726,0.0830311820159536,0.05184916606236403,0.02610587382160986,0.05511240029006526,0.11276287164612038,0.06091370558375635,0.02574329224075417,0.044960116026105876,0.03589557650471356,0.06635242929659173,0.047498187092095724,0.007614213197969543,0.025380710659898477,0.06961566352429296
Q96EB6,0.08835341365461848,0.05488621151271754,0.03480589022757698,0.07764390896921017,0.025435073627844713,0.03748326639892905,0.10174029451137885,0.06961178045515395,0.01606425702811245,0.05756358768406961,0.07630522088353414,0.04551539491298527,0.013386880856760375,0.029451137884872823,0.0856760374832664,0.07630522088353414,0.03346720214190094,0.00535475234270415,0.0214190093708166,0.049531459170013385
P06213,0.04775687409551375,0.059334298118668596,0.05209840810419682,0.05065123010130246,0.03400868306801737,0.027496382054992764,0.07670043415340087,0.06657018813314038,0.026772793053545588,0.04775687409551375,0.09840810419681621,0.04848046309696093,0.02170767004341534,0.0426917510853835,0.059334298118668596,0.07597684515195369,0.049927641099855286,0.01447178002894356,0.03690303907380608,0.06295224312590449
Q80U30,0.05791505791505792,0.04922779922779923,0.04633204633204633,0.05694980694980695,0.01447876447876448,0.03957528957528957,0.06853281853281853,0.0444015444015444,0.03571428571428571,0.05501930501930502,0.1138996138996139,0.0472972972972973,0.025096525096525095,0.03957528957528957,0.05694980694980695,0.09555984555984556,0.05694980694980695,0.004826254826254826,0.027992277992277992,0.0637065637065637
P20393,0.06351791530944625,0.05863192182410423,0.06026058631921824,0.03257328990228013,0.024429967426710098,0.050488599348534204,0.04560260586319218,0.06514657980456026,0.02768729641693811,0.021172638436482084,0.08957654723127036,0.03420195439739414,0.029315960912052116,0.04234527687296417,0.08957654723127036,0.13355048859934854,0.057003257328990226,0.004885993485342019,0.017915309446254073,0.05211726384364821
Q8BH75,0.0694006309148265,0.06309148264984227,0.05362776025236593,0.04100946372239748,0.04416403785488959,0.07255520504731862,0.08517350157728706,0.04416403785488959,0.03785488958990536,0.056782334384858045,0.07886435331230283,0.03470031545741325,0.03785488958990536,0.015772870662460567,0.05362776025236593,0.05362776025236593,0.03470031545741325,0.012618296529968454,0.01892744479495268,0.0914826498422713
Q00535,0.0547945205479452,0.0547945205479452,0.04452054794520548,0.07191780821917808,0.0273972602739726,0.030821917808219176,0.05821917808219178,0.0547945205479452,0.023972602739726026,0.03767123287671233,0.136986301369863,0.07876712328767123,0.0136986301369863,0.05136986301369863,0.06506849315068493,0.04794520547945205,0.0410958904109589,0.010273972602739725,0.03424657534246575,0.06164383561643835
O35567,0.11655405405405406,0.05574324324324324,0.033783783783783786,0.0625,0.015202702702702704,0.028716216216216218,0.05405405405405406,0.06925675675675676,0.02195945945945946,0.04560810810810811,0.0945945945945946,0.057432432432432436,0.016891891891891893,0.03209459459459459,0.04222972972972973,0.07094594594594594,0.048986486486486486,0.008445945945945946,0.028716216216216218,0.09628378378378379
P15127,0.04193781634128706,0.05639913232104121,0.05278380332610268,0.05278380332610268,0.03398409255242227,0.0274765003615329,0.07736804049168475,0.0650759219088937,0.02675343456254519,0.04844540853217643,0.09472161966738973,0.049891540130151846,0.02386117136659436,0.04266088214027477,0.06146059291395517,0.07664497469269703,0.05278380332610268,0.014461315979754157,0.03759942154736081,0.06290672451193059
P48356,0.04216867469879518,0.031841652323580036,0.04991394148020654,0.047332185886402756,0.03270223752151463,0.04044750430292599,0.05679862306368331,0.04388984509466437,0.022375215146299483,0.04905335628227195,0.09982788296041308,0.055077452667814115,0.020654044750430294,0.04388984509466437,0.06368330464716007,0.10757314974182444,0.055077452667814115,0.02323580034423408,0.03270223752151463,0.08175559380378658
P62491,0.07407407407407407,0.06944444444444445,0.06018518518518518,0.06481481481481481,0.009259259259259259,0.037037037037037035,0.06944444444444445,0.05092592592592592,0.018518518518518517,0.06944444444444445,0.07407407407407407,0.05555555555555555,0.018518518518518517,0.032407407407407406,0.027777777777777776,0.07407407407407407,0.06944444444444445,0.009259259259259259,0.037037037037037035,0.0787037037037037
Q9WVH4,0.0818452380952381,0.046130952380952384,0.047619047619047616,0.06994047619047619,0.00744047619047619,0.05952380952380952,0.03571428571428571,0.08333333333333333,0.013392857142857142,0.020833333333333332,0.09821428571428571,0.02976190476190476,0.03720238095238095,0.020833333333333332,0.07738095238095238,0.16517857142857142,0.044642857142857144,0.013392857142857142,0.011904761904761904,0.03571428571428571
Q14449,0.07037037037037037,0.053703703703703705,0.03148148148148148,0.05,0.022222222222222223,0.04814814814814815,0.05925925925925926,0.06111111111111111,0.040740740740740744,0.05,0.08888888888888889,0.06666666666666667,0.024074074074074074,0.05185185185185185,0.05555555555555555,0.09074074074074075,0.046296296296296294,0.012962962962962963,0.03148148148148148,0.044444444444444446
P35568,0.07971014492753623,0.06924315619967794,0.02818035426731079,0.039452495974235106,0.016908212560386472,0.03542673107890499,0.05152979066022544,0.10386473429951691,0.03784219001610306,0.02254428341384863,0.06280193236714976,0.033011272141706925,0.02576489533011272,0.02254428341384863,0.10144927536231885,0.14653784219001612,0.04830917874396135,0.005636070853462158,0.02576489533011272,0.043478260869565216
F1MWF1,0.0499219968798752,0.04758190327613104,0.0421216848673947,0.05070202808112324,0.0265210608424337,0.039781591263650544,0.07254290171606864,0.06318252730109204,0.0187207488299532,0.05850234009360374,0.08970358814352575,0.06396255850234009,0.0234009360374415,0.031981279251170044,0.05070202808112324,0.07098283931357255,0.0655226209048362,0.01638065522620905,0.035101404056162244,0.08268330733229329
O14901,0.08203125,0.060546875,0.017578125,0.052734375,0.0390625,0.044921875,0.041015625,0.05859375,0.03125,0.02734375,0.08984375,0.044921875,0.0234375,0.02734375,0.103515625,0.095703125,0.076171875,0.0078125,0.005859375,0.0703125
A2A935,0.06745098039215686,0.04784313725490196,0.03294117647058824,0.058823529411764705,0.027450980392156862,0.03529411764705882,0.08235294117647059,0.06745098039215686,0.034509803921568626,0.03137254901960784,0.08235294117647059,0.06588235294117648,0.021176470588235293,0.042352941176470586,0.09568627450980392,0.09411764705882353,0.04627450980392157,0.00392156862745098,0.02588235294117647,0.03686274509803922
Q9NTG7,0.08020050125313283,0.09022556390977443,0.015037593984962405,0.05263157894736842,0.017543859649122806,0.03007518796992481,0.05012531328320802,0.10025062656641603,0.020050125313283207,0.03007518796992481,0.11027568922305764,0.02756892230576441,0.012531328320802004,0.05513784461152882,0.08521303258145363,0.07017543859649122,0.03007518796992481,0.012531328320802004,0.017543859649122806,0.09273182957393483
P56726,0.08953341740226986,0.06431273644388398,0.031525851197982346,0.034047919293820936,0.03278688524590164,0.031525851197982346,0.05044136191677175,0.07566204287515763,0.02395964691046658,0.0403530895334174,0.1021437578814628,0.03783102143757881,0.018915510718789406,0.04791929382093316,0.07566204287515763,0.06935687263556116,0.05422446406052964,0.02395964691046658,0.02269861286254729,0.07313997477931904
P38646,0.10456553755522828,0.053019145802650956,0.039764359351988215,0.061855670103092786,0.007363770250368188,0.05154639175257732,0.0780559646539028,0.08247422680412371,0.011782032400589101,0.05743740795287187,0.07069219440353461,0.07658321060382917,0.026509572901325478,0.027982326951399118,0.03240058910162003,0.060382916053019146,0.061855670103092786,0.0029455081001472753,0.016200294550810016,0.07658321060382917
Q3UJU9,0.10425531914893617,0.07446808510638298,0.019148936170212766,0.06170212765957447,0.01276595744680851,0.05319148936170213,0.10425531914893617,0.08085106382978724,0.019148936170212766,0.019148936170212766,0.12127659574468085,0.05106382978723404,0.010638297872340425,0.031914893617021274,0.02127659574468085,0.1,0.031914893617021274,0.01276595744680851,0.02553191489361702,0.04468085106382979
P21796,0.07420494699646643,0.024734982332155476,0.06713780918727916,0.04946996466431095,0.007067137809187279,0.028268551236749116,0.053003533568904596,0.11307420494699646,0.01060070671378092,0.038869257950530034,0.0989399293286219,0.08833922261484099,0.01060070671378092,0.04946996466431095,0.02120141342756184,0.0636042402826855,0.10600706713780919,0.014134275618374558,0.038869257950530034,0.04240282685512368
O75376,0.06762295081967214,0.07049180327868852,0.03278688524590164,0.04221311475409836,0.006557377049180328,0.0651639344262295,0.09139344262295082,0.05368852459016393,0.025819672131147543,0.04467213114754098,0.05573770491803279,0.05819672131147541,0.018852459016393444,0.01721311475409836,0.09672131147540984,0.11229508196721312,0.06024590163934426,0.003278688524590164,0.02418032786885246,0.052868852459016395
Q63503,0.06341463414634146,0.056910569105691054,0.06016260162601626,0.032520325203252036,0.026016260162601626,0.04878048780487805,0.04390243902439024,0.06829268292682927,0.026016260162601626,0.01951219512195122,0.09268292682926829,0.03577235772357724,0.027642276422764227,0.04227642276422764,0.08455284552845528,0.13333333333333333,0.061788617886178863,0.004878048780487805,0.01788617886178862,0.05365853658536585
O88848,0.03763440860215054,0.03763440860215054,0.03225806451612903,0.08064516129032258,0.016129032258064516,0.04838709677419355,0.043010752688172046,0.06451612903225806,0.026881720430107527,0.08064516129032258,0.12365591397849462,0.0967741935483871,0.021505376344086023,0.03763440860215054,0.026881720430107527,0.0913978494623656,0.03763440860215054,0.016129032258064516,0.016129032258064516,0.06451612903225806
Q02248,0.10243277848911651,0.0499359795134443,0.03969270166453265,0.05377720870678617,0.014084507042253521,0.06274007682458387,0.06145966709346991,0.07170294494238157,0.034571062740076826,0.04225352112676056,0.1203585147247119,0.03329065300896287,0.03841229193341869,0.016645326504481434,0.04353393085787452,0.05377720870678617,0.06145966709346991,0.008962868117797696,0.02176696542893726,0.06914212548015365
P11881,0.05347399054201528,0.056020371044016005,0.05274645325572935,0.05565660240087304,0.021826118588577664,0.04656238632229902,0.08330301927973809,0.05165514732630047,0.0261913423062932,0.05638413968715897,0.11385958530374682,0.06038559476173154,0.025100036376864313,0.04474354310658421,0.036376864314296105,0.06547835576573299,0.04947253546744271,0.007639141506002182,0.025827573663150236,0.0672971989814478
Q9UBK2,0.03884711779448621,0.07894736842105263,0.05012531328320802,0.07644110275689223,0.02506265664160401,0.05137844611528822,0.08020050125313283,0.03634085213032581,0.020050125313283207,0.02631578947368421,0.08145363408521303,0.05889724310776942,0.007518796992481203,0.03258145363408521,0.06641604010025062,0.14035087719298245,0.05889724310776942,0.007518796992481203,0.03634085213032581,0.02631578947368421
P30405,0.05314009661835749,0.04830917874396135,0.043478260869565216,0.04830917874396135,0.028985507246376812,0.014492753623188406,0.028985507246376812,0.12560386473429952,0.024154589371980676,0.033816425120772944,0.0821256038647343,0.07729468599033816,0.01932367149758454,0.05314009661835749,0.05314009661835749,0.10628019323671498,0.05314009661835749,0.00966183574879227,0.014492753623188406,0.0821256038647343
Q15907,0.08256880733944955,0.06422018348623854,0.06422018348623854,0.07339449541284404,0.009174311926605505,0.03669724770642202,0.06880733944954129,0.05504587155963303,0.01834862385321101,0.06880733944954129,0.08256880733944955,0.05963302752293578,0.009174311926605505,0.03211009174311927,0.022935779816513763,0.06880733944954129,0.06422018348623854,0.009174311926605505,0.03669724770642202,0.07339449541284404
P70452,0.05704697986577181,0.0738255033557047,0.04697986577181208,0.040268456375838924,0.006711409395973154,0.08389261744966443,0.12080536912751678,0.040268456375838924,0.020134228187919462,0.08053691275167785,0.08389261744966443,0.07046979865771812,0.03355704697986577,0.020134228187919462,0.013422818791946308,0.06375838926174497,0.050335570469798654,0.0,0.010067114093959731,0.08389261744966443
Q60770,0.052364864864864864,0.05067567567567568,0.03885135135135135,0.07263513513513513,0.02702702702702703,0.030405405405405407,0.07432432432432433,0.03547297297297297,0.016891891891891893,0.06925675675675676,0.0945945945945946,0.10472972972972973,0.02702702702702703,0.03209459459459459,0.04391891891891892,0.07263513513513513,0.048986486486486486,0.011824324324324325,0.033783783783783786,0.0625
Q57UH8,0.08465608465608465,0.042328042328042326,0.031746031746031744,0.05291005291005291,0.010582010582010581,0.037037037037037035,0.05291005291005291,0.10052910052910052,0.026455026455026454,0.047619047619047616,0.07407407407407407,0.07936507936507936,0.031746031746031744,0.0582010582010582,0.021164021164021163,0.06349206349206349,0.07407407407407407,0.010582010582010581,0.015873015873015872,0.08465608465608465
P63044,0.12931034482758622,0.05172413793103448,0.034482758620689655,0.0603448275862069,0.008620689655172414,0.0603448275862069,0.04310344827586207,0.04310344827586207,0.0,0.08620689655172414,0.08620689655172414,0.0603448275862069,0.034482758620689655,0.017241379310344827,0.06896551724137931,0.05172413793103448,0.05172413793103448,0.017241379310344827,0.017241379310344827,0.07758620689655173
P67870,0.05116279069767442,0.046511627906976744,0.04186046511627907,0.05581395348837209,0.027906976744186046,0.06046511627906977,0.07441860465116279,0.06046511627906977,0.037209302325581395,0.05116279069767442,0.08837209302325581,0.04186046511627907,0.046511627906976744,0.05116279069767442,0.07441860465116279,0.05116279069767442,0.027906976744186046,0.009302325581395349,0.06046511627906977,0.04186046511627907
Q8C1Z7,0.10961538461538461,0.021153846153846155,0.04807692307692308,0.032692307692307694,0.019230769230769232,0.06538461538461539,0.07115384615384615,0.046153846153846156,0.023076923076923078,0.04038461538461539,0.12884615384615383,0.09038461538461538,0.025,0.03076923076923077,0.04807692307692308,0.05,0.038461538461538464,0.009615384615384616,0.046153846153846156,0.05576923076923077
Q8K2G4,0.04055944055944056,0.039160839160839164,0.039160839160839164,0.06433566433566433,0.019580419580419582,0.05454545454545454,0.06853146853146853,0.06433566433566433,0.02097902097902098,0.06013986013986014,0.1062937062937063,0.07132867132867132,0.015384615384615385,0.04195804195804196,0.03776223776223776,0.07552447552447553,0.06573426573426573,0.004195804195804196,0.03496503496503497,0.07552447552447553
P11021,0.07033639143730887,0.04281345565749235,0.04281345565749235,0.07186544342507645,0.0030581039755351682,0.03669724770642202,0.09785932721712538,0.0764525993883792,0.009174311926605505,0.06422018348623854,0.07951070336391437,0.09327217125382263,0.016819571865443424,0.035168195718654434,0.04128440366972477,0.04281345565749235,0.07492354740061162,0.0030581039755351682,0.019877675840978593,0.0779816513761468
Q9Y296,0.0821917808219178,0.0502283105022831,0.0365296803652968,0.0502283105022831,0.0091324200913242,0.0319634703196347,0.0639269406392694,0.0821917808219178,0.0182648401826484,0.0547945205479452,0.1278538812785388,0.0502283105022831,0.0273972602739726,0.0547945205479452,0.045662100456621,0.0684931506849315,0.0365296803652968,0.0,0.0502283105022831,0.0593607305936073
Q6PCB8,0.045871559633027525,0.039755351681957186,0.07033639143730887,0.027522935779816515,0.024464831804281346,0.04281345565749235,0.08868501529051988,0.05198776758409786,0.01834862385321101,0.04281345565749235,0.1162079510703364,0.0672782874617737,0.01529051987767584,0.03669724770642202,0.04892966360856269,0.08868501529051988,0.06422018348623854,0.012232415902140673,0.03363914373088685,0.06422018348623854
O43617,0.06111111111111111,0.06111111111111111,0.06111111111111111,0.07222222222222222,0.016666666666666666,0.027777777777777776,0.08333333333333333,0.06666666666666667,0.011111111111111112,0.05555555555555555,0.10555555555555556,0.05,0.03888888888888889,0.05,0.027777777777777776,0.06111111111111111,0.05,0.005555555555555556,0.022222222222222223,0.07222222222222222
Q8VD72,0.0970873786407767,0.05242718446601942,0.040776699029126215,0.04271844660194175,0.017475728155339806,0.06407766990291262,0.06601941747572816,0.05048543689320388,0.02912621359223301,0.04466019417475728,0.1087378640776699,0.04854368932038835,0.031067961165048542,0.038834951456310676,0.04660194174757282,0.05825242718446602,0.05436893203883495,0.011650485436893204,0.04854368932038835,0.04854368932038835
O75865,0.08176100628930817,0.03773584905660377,0.012578616352201259,0.0440251572327044,0.018867924528301886,0.050314465408805034,0.06918238993710692,0.07547169811320754,0.018867924528301886,0.012578616352201259,0.15723270440251572,0.0440251572327044,0.03773584905660377,0.06289308176100629,0.05660377358490566,0.050314465408805034,0.050314465408805034,0.012578616352201259,0.018867924528301886,0.0880503144654088
Q8N9M5,0.1377952755905512,0.06496062992125984,0.003937007874015748,0.045275590551181105,0.021653543307086614,0.03543307086614173,0.06299212598425197,0.08464566929133858,0.025590551181102362,0.015748031496062992,0.13582677165354332,0.01968503937007874,0.00984251968503937,0.025590551181102362,0.09645669291338582,0.07283464566929133,0.03937007874015748,0.023622047244094488,0.017716535433070866,0.0610236220472441
Q9Y5R8,0.034482758620689655,0.06206896551724138,0.027586206896551724,0.041379310344827586,0.013793103448275862,0.027586206896551724,0.04827586206896552,0.06206896551724138,0.041379310344827586,0.034482758620689655,0.11724137931034483,0.06206896551724138,0.041379310344827586,0.05517241379310345,0.04827586206896552,0.08275862068965517,0.041379310344827586,0.006896551724137931,0.06896551724137931,0.08275862068965517
Q9UL33,0.05,0.05,0.06428571428571428,0.06428571428571428,0.02142857142857143,0.02142857142857143,0.05,0.02857142857142857,0.02142857142857143,0.05,0.07142857142857142,0.05714285714285714,0.06428571428571428,0.03571428571428571,0.03571428571428571,0.07857142857142857,0.05714285714285714,0.0,0.07142857142857142,0.10714285714285714
Q923E4,0.10040705563093623,0.05563093622795115,0.037991858887381276,0.08005427408412483,0.027137042062415198,0.035278154681139755,0.09090909090909091,0.05834464043419267,0.017639077340569877,0.054274084124830396,0.08005427408412483,0.04341926729986431,0.009497964721845319,0.031207598371777476,0.08005427408412483,0.0773405698778833,0.037991858887381276,0.005427408412483039,0.018995929443690638,0.05834464043419267
Q8TAM1,0.04702627939142462,0.040110650069156296,0.040110650069156296,0.03734439834024896,0.030428769017980636,0.04979253112033195,0.05394190871369295,0.056708160442600276,0.03319502074688797,0.0636237897648686,0.12033195020746888,0.05532503457814661,0.027662517289073305,0.035961272475795295,0.042876901798063624,0.08990318118948824,0.06639004149377593,0.004149377593360996,0.035961272475795295,0.06915629322268327
P0DI81,0.05714285714285714,0.03571428571428571,0.06428571428571428,0.07857142857142857,0.0,0.02142857142857143,0.05,0.04285714285714286,0.05714285714285714,0.05,0.07857142857142857,0.06428571428571428,0.05,0.10714285714285714,0.03571428571428571,0.07142857142857142,0.02142857142857143,0.014285714285714285,0.03571428571428571,0.06428571428571428
P31749,0.052083333333333336,0.0625,0.027083333333333334,0.058333333333333334,0.014583333333333334,0.035416666666666666,0.10208333333333333,0.0625,0.027083333333333334,0.041666666666666664,0.08541666666666667,0.075,0.03333333333333333,0.05625,0.04583333333333333,0.04791666666666667,0.0625,0.014583333333333334,0.0375,0.058333333333333334
Q9CZQ9,0.04105571847507331,0.05571847507331378,0.05865102639296188,0.06744868035190615,0.008797653958944282,0.04985337243401759,0.06451612903225806,0.05571847507331378,0.017595307917888565,0.07331378299120235,0.10263929618768329,0.05278592375366569,0.017595307917888565,0.0469208211143695,0.03225806451612903,0.07917888563049853,0.05278592375366569,0.01466275659824047,0.02932551319648094,0.07917888563049853
Q811G0,0.0519774011299435,0.04632768361581921,0.031638418079096044,0.061016949152542375,0.023728813559322035,0.05875706214689266,0.059887005649717516,0.061016949152542375,0.02598870056497175,0.04293785310734463,0.13220338983050847,0.05423728813559322,0.01694915254237288,0.04406779661016949,0.04858757062146893,0.07909604519774012,0.05536723163841808,0.00903954802259887,0.024858757062146894,0.07231638418079096
P17987,0.10251798561151079,0.048561151079136694,0.048561151079136694,0.06654676258992806,0.01618705035971223,0.030575539568345324,0.06654676258992806,0.06474820143884892,0.014388489208633094,0.08093525179856115,0.10071942446043165,0.07194244604316546,0.02697841726618705,0.019784172661870502,0.025179856115107913,0.06474820143884892,0.050359712230215826,0.0017985611510791368,0.01618705035971223,0.08273381294964029
P60709,0.07733333333333334,0.048,0.024,0.06133333333333333,0.016,0.032,0.06933333333333333,0.07466666666666667,0.024,0.07466666666666667,0.072,0.050666666666666665,0.04533333333333334,0.034666666666666665,0.050666666666666665,0.06666666666666667,0.06933333333333333,0.010666666666666666,0.04,0.058666666666666666
Q9P035,0.04143646408839779,0.06077348066298342,0.03867403314917127,0.03038674033149171,0.011049723756906077,0.04696132596685083,0.06906077348066299,0.03867403314917127,0.022099447513812154,0.06629834254143646,0.12154696132596685,0.058011049723756904,0.03038674033149171,0.08011049723756906,0.03867403314917127,0.04419889502762431,0.052486187845303865,0.024861878453038673,0.049723756906077346,0.07458563535911603
P46379,0.09363957597173145,0.052120141342756186,0.03180212014134275,0.026501766784452298,0.007067137809187279,0.07332155477031801,0.0636042402826855,0.09098939929328621,0.023851590106007067,0.029151943462897525,0.08745583038869258,0.011484098939929329,0.029151943462897525,0.022968197879858657,0.1351590106007067,0.0812720848056537,0.05918727915194346,0.00265017667844523,0.013250883392226149,0.06537102473498234
P06727,0.09090909090909091,0.06565656565656566,0.03787878787878788,0.047979797979797977,0.0,0.10858585858585859,0.12373737373737374,0.04040404040404041,0.020202020202020204,0.012626262626262626,0.1414141414141414,0.0707070707070707,0.015151515151515152,0.030303030303030304,0.030303030303030304,0.047979797979797977,0.03787878787878788,0.0025252525252525255,0.017676767676767676,0.05808080808080808
P16615,0.08061420345489444,0.04126679462571977,0.04318618042226487,0.04702495201535509,0.02783109404990403,0.025911708253358926,0.07293666026871401,0.06333973128598848,0.012476007677543186,0.07293666026871401,0.09213051823416507,0.05470249520153551,0.030710172744721688,0.04126679462571977,0.046065259117082535,0.06429942418426103,0.06333973128598848,0.015355086372360844,0.018234165067178502,0.08637236084452975
P37231,0.053465346534653464,0.03762376237623762,0.031683168316831684,0.07128712871287128,0.019801980198019802,0.047524752475247525,0.06930693069306931,0.041584158415841586,0.027722772277227723,0.06930693069306931,0.10297029702970296,0.07722772277227723,0.033663366336633666,0.053465346534653464,0.04950495049504951,0.07722772277227723,0.05148514851485148,0.0019801980198019802,0.03564356435643564,0.047524752475247525
P35613,0.08051948051948052,0.04935064935064935,0.033766233766233764,0.06233766233766234,0.01818181818181818,0.04415584415584416,0.06753246753246753,0.08051948051948052,0.033766233766233764,0.03896103896103896,0.08831168831168831,0.04415584415584416,0.012987012987012988,0.02857142857142857,0.046753246753246755,0.08571428571428572,0.05714285714285714,0.025974025974025976,0.015584415584415584,0.08571428571428572
Q09472,0.06296603148301574,0.041425020712510356,0.05095277547638774,0.03189726594863297,0.02112676056338028,0.11516155758077878,0.04183927091963546,0.07290803645401822,0.028583264291632146,0.03106876553438277,0.07332228666114333,0.04473902236951118,0.04888152444076222,0.018227009113504555,0.11764705882352941,0.0807787903893952,0.05095277547638774,0.004971002485501243,0.018641259320629662,0.043910521955260975
Q9JHQ5,0.06020066889632107,0.05016722408026756,0.06020066889632107,0.06020066889632107,0.0033444816053511705,0.07692307692307693,0.13043478260869565,0.016722408026755852,0.013377926421404682,0.043478260869565216,0.1505016722408027,0.10033444816053512,0.013377926421404682,0.026755852842809364,0.010033444816053512,0.056856187290969896,0.05351170568561873,0.0033444816053511705,0.016722408026755852,0.05351170568561873
O41515,0.024,0.072,0.032,0.04,0.008,0.056,0.096,0.032,0.024,0.064,0.088,0.08,0.04,0.056,0.048,0.064,0.048,0.0,0.032,0.096
G3H0F0,0.065149136577708,0.0565149136577708,0.04081632653061224,0.04709576138147567,0.01098901098901099,0.07456828885400314,0.08163265306122448,0.04552590266875981,0.03139717425431711,0.04395604395604396,0.08398744113029827,0.06828885400313972,0.018838304552590265,0.03532182103610675,0.06593406593406594,0.07456828885400314,0.047880690737833596,0.008634222919937205,0.033751962323390894,0.065149136577708
Q08209,0.0671785028790787,0.05182341650671785,0.05566218809980806,0.061420345489443376,0.023032629558541268,0.026871401151631478,0.0710172744721689,0.05950095969289827,0.023032629558541268,0.05182341650671785,0.09980806142034548,0.05758157389635317,0.026871401151631478,0.05182341650671785,0.053742802303262956,0.0671785028790787,0.053742802303262956,0.007677543186180422,0.0345489443378119,0.05566218809980806
P63098,0.029411764705882353,0.03529411764705882,0.047058823529411764,0.11176470588235295,0.011764705882352941,0.052941176470588235,0.07647058823529412,0.08235294117647059,0.011764705882352941,0.06470588235294118,0.08235294117647059,0.08823529411764706,0.041176470588235294,0.07058823529411765,0.01764705882352941,0.058823529411764705,0.01764705882352941,0.0,0.01764705882352941,0.08235294117647059
O43524,0.07429420505200594,0.04606240713224369,0.04903417533432392,0.0638930163447251,0.007429420505200594,0.05794947994056464,0.041604754829123326,0.08766716196136701,0.01337295690936107,0.020802377414561663,0.0950965824665676,0.031203566121842496,0.03863298662704309,0.020802377414561663,0.07726597325408618,0.16344725111441308,0.05349182763744428,0.01337295690936107,0.01188707280832095,0.03268945022288262
P15208,0.04154518950437318,0.05612244897959184,0.05174927113702624,0.053206997084548104,0.034256559766763846,0.028425655976676383,0.07653061224489796,0.06341107871720117,0.026239067055393587,0.048104956268221574,0.09766763848396501,0.04956268221574344,0.023323615160349854,0.04446064139941691,0.061224489795918366,0.07653061224489796,0.05174927113702624,0.014577259475218658,0.03644314868804665,0.06486880466472303
P02651,0.0639386189258312,0.03324808184143223,0.06649616368286446,0.05370843989769821,0.0,0.12531969309462915,0.08695652173913043,0.03580562659846547,0.01278772378516624,0.020460358056265986,0.12531969309462915,0.07672634271099744,0.03580562659846547,0.03324808184143223,0.03836317135549872,0.04859335038363171,0.056265984654731455,0.0025575447570332483,0.010230179028132993,0.0741687979539642
P62492,0.07407407407407407,0.06944444444444445,0.06018518518518518,0.06481481481481481,0.009259259259259259,0.037037037037037035,0.06944444444444445,0.05092592592592592,0.018518518518518517,0.06944444444444445,0.07407407407407407,0.05555555555555555,0.018518518518518517,0.032407407407407406,0.027777777777777776,0.07407407407407407,0.06944444444444445,0.009259259259259259,0.037037037037037035,0.0787037037037037
P55258,0.06280193236714976,0.06280193236714976,0.05314009661835749,0.06763285024154589,0.014492753623188406,0.028985507246376812,0.06280193236714976,0.06763285024154589,0.00966183574879227,0.09178743961352658,0.07246376811594203,0.0966183574879227,0.028985507246376812,0.06280193236714976,0.004830917874396135,0.06280193236714976,0.06763285024154589,0.00966183574879227,0.028985507246376812,0.043478260869565216
P31939,0.11148648648648649,0.0472972972972973,0.04054054054054054,0.05574324324324324,0.015202702702702704,0.033783783783783786,0.0625,0.06418918918918919,0.02195945945945946,0.05067567567567568,0.09628378378378379,0.0625,0.016891891891891893,0.03209459459459459,0.04222972972972973,0.06587837837837837,0.05405405405405406,0.008445945945945946,0.030405405405405407,0.08783783783783784
Q12840,0.06492248062015504,0.05329457364341085,0.04748062015503876,0.05232558139534884,0.014534883720930232,0.06298449612403101,0.11434108527131782,0.0436046511627907,0.025193798449612403,0.046511627906976744,0.10077519379844961,0.08817829457364341,0.01937984496124031,0.02131782945736434,0.027131782945736434,0.07945736434108527,0.04941860465116279,0.001937984496124031,0.029069767441860465,0.05813953488372093
P54646,0.059782608695652176,0.057971014492753624,0.028985507246376812,0.06340579710144928,0.018115942028985508,0.030797101449275364,0.05615942028985507,0.057971014492753624,0.03985507246376811,0.05253623188405797,0.09782608695652174,0.06340579710144928,0.036231884057971016,0.03804347826086957,0.05434782608695652,0.08695652173913043,0.041666666666666664,0.007246376811594203,0.03804347826086957,0.07065217391304347
Q66H80,0.06262230919765166,0.0547945205479452,0.04892367906066536,0.04500978473581213,0.015655577299412915,0.033268101761252444,0.09784735812133072,0.06457925636007827,0.01761252446183953,0.06262230919765166,0.07827788649706457,0.07436399217221135,0.029354207436399216,0.043052837573385516,0.046966731898238745,0.06457925636007827,0.06262230919765166,0.005870841487279843,0.01761252446183953,0.07436399217221135
O88900,0.0687732342007435,0.05762081784386617,0.031598513011152414,0.05018587360594796,0.020446096654275093,0.055762081784386616,0.055762081784386616,0.05762081784386617,0.03903345724907063,0.024163568773234202,0.08736059479553904,0.06319702602230483,0.02973977695167286,0.048327137546468404,0.055762081784386616,0.09479553903345725,0.05204460966542751,0.011152416356877323,0.02973977695167286,0.06691449814126393
D4ABI7,0.04696132596685083,0.06353591160220995,0.03867403314917127,0.03038674033149171,0.008287292817679558,0.04419889502762431,0.06906077348066299,0.04143646408839779,0.024861878453038673,0.04143646408839779,0.13259668508287292,0.055248618784530384,0.03591160220994475,0.08287292817679558,0.04143646408839779,0.049723756906077346,0.04419889502762431,0.024861878453038673,0.049723756906077346,0.07458563535911603
Q9WV78,0.07534246575342465,0.0958904109589041,0.02968036529680365,0.0410958904109589,0.0228310502283105,0.0776255707762557,0.0958904109589041,0.045662100456621,0.0045662100456621,0.045662100456621,0.1232876712328767,0.05707762557077625,0.0182648401826484,0.02511415525114155,0.04337899543378995,0.0593607305936073,0.0547945205479452,0.0045662100456621,0.02511415525114155,0.0547945205479452
Q09137,0.06340579710144928,0.057971014492753624,0.030797101449275364,0.06340579710144928,0.018115942028985508,0.03260869565217391,0.05615942028985507,0.057971014492753624,0.03804347826086957,0.05434782608695652,0.09782608695652174,0.06340579710144928,0.036231884057971016,0.036231884057971016,0.05434782608695652,0.08333333333333333,0.03985507246376811,0.007246376811594203,0.03804347826086957,0.07065217391304347
Q3UPR7,0.10805500982318271,0.05893909626719057,0.005893909626719057,0.047151277013752456,0.015717092337917484,0.03929273084479371,0.07072691552062868,0.07858546168958742,0.0275049115913556,0.015717092337917484,0.14734774066797643,0.023575638506876228,0.007858546168958742,0.023575638506876228,0.10609037328094302,0.07662082514734773,0.04911591355599214,0.023575638506876228,0.01768172888015717,0.05697445972495088
Q5NCF2,0.027586206896551724,0.06206896551724138,0.027586206896551724,0.041379310344827586,0.013793103448275862,0.027586206896551724,0.04827586206896552,0.06206896551724138,0.041379310344827586,0.034482758620689655,0.1103448275862069,0.06206896551724138,0.041379310344827586,0.06206896551724138,0.04827586206896552,0.0896551724137931,0.041379310344827586,0.006896551724137931,0.06896551724137931,0.08275862068965517
Q3TLI0,0.06677265500794913,0.04133545310015898,0.034976152623211444,0.0492845786963434,0.02384737678855326,0.05325914149443561,0.07313195548489666,0.04213036565977742,0.03179650238473768,0.033386327503974564,0.12003179650238474,0.05246422893481717,0.021462639109697933,0.03815580286168521,0.05405405405405406,0.08982511923688394,0.05643879173290938,0.015103338632750398,0.028616852146263912,0.0739268680445151
Q9CQP2,0.05714285714285714,0.03571428571428571,0.06428571428571428,0.07857142857142857,0.0,0.02142857142857143,0.05,0.04285714285714286,0.05714285714285714,0.04285714285714286,0.07857142857142857,0.06428571428571428,0.05,0.10714285714285714,0.04285714285714286,0.06428571428571428,0.02142857142857143,0.014285714285714285,0.03571428571428571,0.07142857142857142
Q9JME7,0.050359712230215826,0.050359712230215826,0.050359712230215826,0.06474820143884892,0.02158273381294964,0.02158273381294964,0.050359712230215826,0.02877697841726619,0.02158273381294964,0.050359712230215826,0.07194244604316546,0.05755395683453238,0.06474820143884892,0.03597122302158273,0.03597122302158273,0.07913669064748201,0.06474820143884892,0.0,0.07194244604316546,0.1079136690647482
O55013,0.06666666666666667,0.06666666666666667,0.06111111111111111,0.07222222222222222,0.016666666666666666,0.027777777777777776,0.08333333333333333,0.06666666666666667,0.011111111111111112,0.05555555555555555,0.10555555555555556,0.044444444444444446,0.03888888888888889,0.044444444444444446,0.027777777777777776,0.05555555555555555,0.05,0.005555555555555556,0.027777777777777776,0.07222222222222222
Q9ES56,0.0776255707762557,0.045662100456621,0.0365296803652968,0.0502283105022831,0.0091324200913242,0.0319634703196347,0.0639269406392694,0.0821917808219178,0.0182648401826484,0.0547945205479452,0.1232876712328767,0.0547945205479452,0.0273972602739726,0.0593607305936073,0.045662100456621,0.0730593607305936,0.0365296803652968,0.0045662100456621,0.045662100456621,0.0593607305936073
Q8IUR0,0.14361702127659576,0.09042553191489362,0.02127659574468085,0.026595744680851064,0.010638297872340425,0.026595744680851064,0.0851063829787234,0.05851063829787234,0.02127659574468085,0.03723404255319149,0.11702127659574468,0.05851063829787234,0.010638297872340425,0.05319148936170213,0.02127659574468085,0.05851063829787234,0.05851063829787234,0.010638297872340425,0.010638297872340425,0.0797872340425532
Q9CQA1,0.14361702127659576,0.09042553191489362,0.02127659574468085,0.026595744680851064,0.010638297872340425,0.026595744680851064,0.0851063829787234,0.05851063829787234,0.02127659574468085,0.03723404255319149,0.11702127659574468,0.05851063829787234,0.010638297872340425,0.05319148936170213,0.02127659574468085,0.05319148936170213,0.05851063829787234,0.010638297872340425,0.010638297872340425,0.0851063829787234
Q86SZ2,0.056962025316455694,0.04430379746835443,0.04430379746835443,0.04430379746835443,0.02531645569620253,0.056962025316455694,0.06329113924050633,0.0759493670886076,0.0189873417721519,0.06329113924050633,0.10759493670886076,0.08860759493670886,0.04430379746835443,0.06329113924050633,0.006329113924050633,0.05063291139240506,0.056962025316455694,0.006329113924050633,0.02531645569620253,0.056962025316455694
Q9D289,0.056962025316455694,0.04430379746835443,0.0379746835443038,0.04430379746835443,0.02531645569620253,0.056962025316455694,0.06329113924050633,0.0759493670886076,0.0189873417721519,0.06329113924050633,0.11392405063291139,0.08860759493670886,0.0379746835443038,0.06329113924050633,0.006329113924050633,0.056962025316455694,0.05063291139240506,0.006329113924050633,0.02531645569620253,0.06329113924050633
Q3U0M1,0.05574912891986063,0.05400696864111498,0.033101045296167246,0.04878048780487805,0.02264808362369338,0.04790940766550523,0.06881533101045297,0.06533101045296168,0.02700348432055749,0.04006968641114982,0.11933797909407666,0.04878048780487805,0.014808362369337979,0.04355400696864112,0.05836236933797909,0.08101045296167247,0.05226480836236934,0.008710801393728223,0.03048780487804878,0.07926829268292683
P84243,0.1323529411764706,0.1323529411764706,0.007352941176470588,0.029411764705882353,0.007352941176470588,0.058823529411764705,0.051470588235294115,0.058823529411764705,0.014705882352941176,0.058823529411764705,0.08823529411764706,0.09558823529411764,0.014705882352941176,0.029411764705882353,0.04411764705882353,0.04411764705882353,0.07352941176470588,0.0,0.022058823529411766,0.03676470588235294
Q5TEC6,0.125,0.1323529411764706,0.007352941176470588,0.022058823529411766,0.007352941176470588,0.058823529411764705,0.058823529411764705,0.051470588235294115,0.014705882352941176,0.051470588235294115,0.08823529411764706,0.09558823529411764,0.022058823529411766,0.029411764705882353,0.04411764705882353,0.04411764705882353,0.07352941176470588,0.0,0.022058823529411766,0.051470588235294115
P10316,0.09863013698630137,0.07671232876712329,0.010958904109589041,0.06575342465753424,0.0136986301369863,0.06027397260273973,0.06301369863013699,0.07945205479452055,0.024657534246575342,0.03561643835616438,0.07945205479452055,0.030136986301369864,0.021917808219178082,0.021917808219178082,0.043835616438356165,0.06575342465753424,0.07945205479452055,0.030136986301369864,0.038356164383561646,0.06027397260273973
Q9NRG9,0.0695970695970696,0.054945054945054944,0.02564102564102564,0.03296703296703297,0.027472527472527472,0.031135531135531136,0.047619047619047616,0.08241758241758242,0.03296703296703297,0.038461538461538464,0.11172161172161173,0.02564102564102564,0.007326007326007326,0.038461538461538464,0.09706959706959707,0.09706959706959707,0.06227106227106227,0.038461538461538464,0.009157509157509158,0.0695970695970696
A2A2Q9,0.06281407035175879,0.05527638190954774,0.04020100502512563,0.03768844221105527,0.02512562814070352,0.04020100502512563,0.07035175879396985,0.05527638190954774,0.02763819095477387,0.04522613065326633,0.11809045226130653,0.052763819095477386,0.03015075376884422,0.052763819095477386,0.06532663316582915,0.0728643216080402,0.05025125628140704,0.01256281407035176,0.02763819095477387,0.05778894472361809
P28288,0.048558421851289835,0.06980273141122914,0.03945371775417299,0.042488619119878605,0.013657056145675266,0.03490136570561457,0.057663125948406675,0.07587253414264036,0.025796661608497723,0.0622154779969651,0.1244309559939302,0.06525037936267071,0.030349013657056147,0.048558421851289835,0.03186646433990895,0.05918057663125948,0.04400606980273141,0.007587253414264037,0.048558421851289835,0.06980273141122914
P45954,0.08796296296296297,0.034722222222222224,0.037037037037037035,0.034722222222222224,0.013888888888888888,0.046296296296296294,0.07175925925925926,0.08796296296296297,0.020833333333333332,0.07175925925925926,0.09722222222222222,0.06712962962962964,0.02546296296296296,0.041666666666666664,0.032407407407407406,0.06944444444444445,0.0625,0.006944444444444444,0.03935185185185185,0.05092592592592592
P53396,0.08174386920980926,0.043596730245231606,0.03178928247048138,0.053587647593097185,0.014532243415077202,0.02997275204359673,0.05722070844686648,0.09264305177111716,0.022706630336058128,0.06993642143505904,0.08174386920980926,0.0653950953678474,0.030881017257039057,0.03996366939146231,0.05267938237965486,0.055404178019981834,0.05722070844686648,0.009990917347865577,0.03633060853769301,0.07266121707538602
O96019,0.06293706293706294,0.04428904428904429,0.04195804195804196,0.053613053613053616,0.02097902097902098,0.04195804195804196,0.06526806526806526,0.08857808857808858,0.02097902097902098,0.053613053613053616,0.07226107226107226,0.04895104895104895,0.039627039627039624,0.037296037296037296,0.05128205128205128,0.06993006993006994,0.06293706293706294,0.013986013986013986,0.03496503496503497,0.07459207459207459
P61163,0.06382978723404255,0.06648936170212766,0.023936170212765957,0.05585106382978723,0.005319148936170213,0.026595744680851064,0.08244680851063829,0.07446808510638298,0.023936170212765957,0.07446808510638298,0.08244680851063829,0.061170212765957445,0.023936170212765957,0.05319148936170213,0.05053191489361702,0.07446808510638298,0.0398936170212766,0.010638297872340425,0.0398936170212766,0.06648936170212766
Q9GZN1,0.03535353535353535,0.04292929292929293,0.05808080808080808,0.06313131313131314,0.020202020202020204,0.04040404040404041,0.08585858585858586,0.05303030303030303,0.020202020202020204,0.08333333333333333,0.0707070707070707,0.05808080808080808,0.025252525252525252,0.05808080808080808,0.04292929292929293,0.05808080808080808,0.045454545454545456,0.007575757575757576,0.05303030303030303,0.07828282828282829
Q9Y4W6,0.06900878293601004,0.06398996235884567,0.033877038895859475,0.053952321204516936,0.010037641154328732,0.03513174404015056,0.07653701380175659,0.1028858218318695,0.010037641154328732,0.04767879548306148,0.10163111668757842,0.07779171894604768,0.01756587202007528,0.04893350062735257,0.050188205771643665,0.04140526976160602,0.053952321204516936,0.013801756587202008,0.02383939774153074,0.06775407779171895
O95433,0.05917159763313609,0.04437869822485207,0.04142011834319527,0.04142011834319527,0.008875739644970414,0.03254437869822485,0.10946745562130178,0.07692307692307693,0.01775147928994083,0.04437869822485207,0.07100591715976332,0.07988165680473373,0.023668639053254437,0.04437869822485207,0.047337278106508875,0.05029585798816568,0.08579881656804733,0.029585798816568046,0.020710059171597635,0.07100591715976332
O95831,0.08482871125611746,0.0636215334420881,0.03425774877650897,0.04730831973898858,0.008156606851549755,0.03588907014681892,0.06851549755301795,0.09624796084828711,0.01631321370309951,0.057096247960848286,0.08482871125611746,0.06688417618270799,0.01957585644371941,0.03262642740619902,0.052202283849918436,0.0701468189233279,0.04404567699836868,0.013050570962479609,0.021207177814029365,0.08319738988580751
Q9ULX6,0.06501547987616099,0.06346749226006192,0.029411764705882353,0.07120743034055728,0.01238390092879257,0.05417956656346749,0.09907120743034056,0.11764705882352941,0.01393188854489164,0.02321981424148607,0.05108359133126935,0.06191950464396285,0.03869969040247678,0.029411764705882353,0.05263157894736842,0.07430340557275542,0.058823529411764705,0.009287925696594427,0.043343653250773995,0.030959752321981424
P02768,0.10344827586206896,0.04433497536945813,0.027914614121510674,0.059113300492610835,0.05747126436781609,0.03284072249589491,0.10180623973727422,0.021346469622331693,0.026272577996715927,0.014778325123152709,0.10509031198686371,0.09852216748768473,0.011494252873563218,0.05747126436781609,0.03940886699507389,0.04597701149425287,0.047619047619047616,0.003284072249589491,0.031198686371100164,0.07060755336617405
P30837,0.09284332688588008,0.05609284332688588,0.03868471953578337,0.048355899419729204,0.015473887814313346,0.04642166344294004,0.07156673114119923,0.08897485493230174,0.017408123791102514,0.0425531914893617,0.08317214700193423,0.059961315280464215,0.017408123791102514,0.05415860735009671,0.05029013539651837,0.0367504835589942,0.058027079303675046,0.013539651837524178,0.027079303675048357,0.08123791102514506
P51648,0.061855670103092786,0.04742268041237113,0.04329896907216495,0.04329896907216495,0.016494845360824743,0.03711340206185567,0.07422680412371134,0.06597938144329897,0.018556701030927835,0.08041237113402062,0.11134020618556702,0.07422680412371134,0.020618556701030927,0.04536082474226804,0.04742268041237113,0.04329896907216495,0.05154639175257732,0.010309278350515464,0.03505154639175258,0.07216494845360824
Q9Y2J4,0.11810012836970475,0.0962772785622593,0.01540436456996149,0.03209242618741977,0.005134788189987163,0.10141206675224647,0.09884467265725289,0.06675224646983312,0.03080872913992298,0.01797175866495507,0.10911424903722722,0.03080872913992298,0.01668806161745828,0.008985879332477536,0.06546854942233633,0.08985879332477535,0.04621309370988447,0.0025673940949935813,0.01540436456996149,0.03209242618741977
Q9H9E1,0.06389776357827476,0.022364217252396165,0.06070287539936102,0.054313099041533544,0.019169329073482427,0.04792332268370607,0.07028753993610223,0.0670926517571885,0.03514376996805112,0.051118210862619806,0.10862619808306709,0.04792332268370607,0.03194888178913738,0.022364217252396165,0.04472843450479233,0.08306709265175719,0.06389776357827476,0.006389776357827476,0.025559105431309903,0.07348242811501597
Q9HDC9,0.04567307692307692,0.07692307692307693,0.026442307692307692,0.06490384615384616,0.007211538461538462,0.028846153846153848,0.0625,0.08413461538461539,0.014423076923076924,0.03365384615384615,0.1201923076923077,0.038461538461538464,0.03365384615384615,0.055288461538461536,0.0673076923076923,0.07692307692307693,0.05048076923076923,0.009615384615384616,0.021634615384615384,0.08173076923076923
P05067,0.08181818181818182,0.048051948051948054,0.04025974025974026,0.06493506493506493,0.023376623376623377,0.046753246753246755,0.11948051948051948,0.04935064935064935,0.032467532467532464,0.03116883116883117,0.07272727272727272,0.053246753246753244,0.03116883116883117,0.02727272727272727,0.045454545454545456,0.045454545454545456,0.06493506493506493,0.011688311688311689,0.025974025974025976,0.08441558441558442
Q9NWB6,0.054945054945054944,0.19413919413919414,0.018315018315018316,0.02564102564102564,0.0,0.06227106227106227,0.1978021978021978,0.014652014652014652,0.01098901098901099,0.047619047619047616,0.06227106227106227,0.12087912087912088,0.01098901098901099,0.01098901098901099,0.01098901098901099,0.10256410256410256,0.02197802197802198,0.0,0.0,0.03296703296703297
O14497,0.08446389496717724,0.038074398249452954,0.04070021881838074,0.03413566739606127,0.00700218818380744,0.09584245076586433,0.04463894967177243,0.10809628008752735,0.019693654266958426,0.024070021881838075,0.06039387308533917,0.03282275711159737,0.03938730853391685,0.018380743982494528,0.12954048140043764,0.10853391684901531,0.045076586433260395,0.0056892778993435445,0.03413566739606127,0.029321663019693654
Q8NFD5,0.09702457956015524,0.03967227253126347,0.03363518758085381,0.03794739111686071,0.008193186718413108,0.08667529107373868,0.04484691677447176,0.11642949547218628,0.029322984044846918,0.02501078050884002,0.0599396291504959,0.03492884864165589,0.043553255713669685,0.017248814144027597,0.11556705476498491,0.11254851228978008,0.031047865459249677,0.00560586459680897,0.029754204398447608,0.031047865459249677
O75915,0.05319148936170213,0.06382978723404255,0.05851063829787234,0.047872340425531915,0.0,0.015957446808510637,0.031914893617021274,0.06382978723404255,0.010638297872340425,0.06914893617021277,0.11170212765957446,0.05319148936170213,0.06382978723404255,0.0797872340425532,0.03723404255319149,0.047872340425531915,0.03723404255319149,0.015957446808510637,0.031914893617021274,0.10638297872340426
Q6NXE6,0.1217564870259481,0.05189620758483034,0.027944111776447105,0.06187624750499002,0.03792415169660679,0.06986027944111776,0.05788423153692615,0.0658682634730539,0.031936127744510975,0.04590818363273453,0.11177644710578842,0.04590818363273453,0.021956087824351298,0.023952095808383235,0.029940119760479042,0.06187624750499002,0.04790419161676647,0.005988023952095809,0.005988023952095809,0.0718562874251497
P08243,0.0677361853832442,0.0481283422459893,0.035650623885918005,0.05525846702317291,0.017825311942959002,0.0285204991087344,0.07308377896613191,0.058823529411764705,0.035650623885918005,0.0481283422459893,0.1051693404634581,0.06951871657754011,0.024955436720142603,0.0570409982174688,0.04634581105169341,0.053475935828877004,0.04634581105169341,0.012477718360071301,0.049910873440285206,0.0659536541889483
Q12797,0.05672823218997362,0.05013192612137203,0.03562005277044855,0.06860158311345646,0.010554089709762533,0.047493403693931395,0.11741424802110818,0.0712401055408971,0.029023746701846966,0.032981530343007916,0.08179419525065963,0.0712401055408971,0.0158311345646438,0.0316622691292876,0.055408970976253295,0.06068601583113457,0.05013192612137203,0.018469656992084433,0.025065963060686015,0.06992084432717678
Q7Z3C6,0.07985697258641239,0.05959475566150179,0.026221692491060787,0.029797377830750895,0.02026221692491061,0.05601907032181168,0.07032181168057211,0.06555423122765197,0.04052443384982122,0.05125148986889154,0.11918951132300358,0.023837902264600714,0.0166865315852205,0.05363528009535161,0.060786650774731825,0.07508939213349225,0.04290822407628129,0.017878426698450536,0.03098927294398093,0.05959475566150179
Q9HD20,0.09136212624584718,0.05232558139534884,0.023255813953488372,0.03903654485049834,0.02408637873754153,0.04235880398671096,0.05564784053156146,0.05813953488372093,0.022425249169435217,0.0473421926910299,0.1270764119601329,0.050664451827242524,0.01910299003322259,0.0473421926910299,0.061461794019933555,0.06893687707641195,0.05149501661129568,0.01079734219269103,0.024916943521594685,0.08222591362126246
P05023,0.07917888563049853,0.044965786901270774,0.04105571847507331,0.056695992179863146,0.022482893450635387,0.03616813294232649,0.06549364613880743,0.07429130009775171,0.01466275659824047,0.08113391984359726,0.093841642228739,0.05474095796676442,0.024437927663734114,0.04398826979472141,0.043010752688172046,0.056695992179863146,0.05865102639296188,0.011730205278592375,0.02346041055718475,0.07331378299120235
P50993,0.07941176470588235,0.049019607843137254,0.03823529411764706,0.05392156862745098,0.022549019607843137,0.03725490196078431,0.06666666666666667,0.07745098039215687,0.011764705882352941,0.07450980392156863,0.09411764705882353,0.054901960784313725,0.029411764705882353,0.04215686274509804,0.041176470588235294,0.060784313725490195,0.061764705882352944,0.010784313725490196,0.021568627450980392,0.07254901960784314
P54709,0.053763440860215055,0.02867383512544803,0.05017921146953405,0.05017921146953405,0.021505376344086023,0.03942652329749104,0.04659498207885305,0.06810035842293907,0.007168458781362007,0.04659498207885305,0.1039426523297491,0.08243727598566308,0.02867383512544803,0.06093189964157706,0.07168458781362007,0.053763440860215055,0.05017921146953405,0.010752688172043012,0.053763440860215055,0.07168458781362007
Q93084,0.1001001001001001,0.06006006006006006,0.03003003003003003,0.04504504504504504,0.025025025025025027,0.031031031031031032,0.07307307307307308,0.06606606606606606,0.014014014014014014,0.056056056056056056,0.1011011011011011,0.037037037037037035,0.028028028028028028,0.036036036036036036,0.05005005005005005,0.06106106106106106,0.06306306306306306,0.013013013013013013,0.018018018018018018,0.0920920920920921
P20020,0.0680327868852459,0.04262295081967213,0.04590163934426229,0.05573770491803279,0.013934426229508197,0.03278688524590164,0.07622950819672131,0.07459016393442623,0.01557377049180328,0.0778688524590164,0.09262295081967213,0.07295081967213114,0.021311475409836064,0.038524590163934426,0.047540983606557376,0.06147540983606557,0.05819672131147541,0.010655737704918032,0.018032786885245903,0.07540983606557378
P25705,0.10488245931283906,0.06871609403254973,0.028933092224231464,0.05244122965641953,0.003616636528028933,0.045207956600361664,0.05605786618444846,0.0922242314647378,0.012658227848101266,0.0705244122965642,0.09584086799276673,0.054249547920433995,0.0216998191681736,0.028933092224231464,0.0325497287522604,0.0705244122965642,0.048824593128390596,0.0,0.028933092224231464,0.08318264014466546
P06576,0.11153119092627599,0.04914933837429111,0.017013232514177693,0.05103969754253308,0.0,0.045368620037807186,0.06994328922495274,0.09262759924385633,0.01890359168241966,0.06805293005671077,0.09073724007561437,0.043478260869565216,0.026465028355387523,0.030245746691871456,0.06049149338374291,0.04914933837429111,0.062381852551984876,0.0,0.024574669187145556,0.0888468809073724
P36542,0.10738255033557047,0.050335570469798654,0.03691275167785235,0.053691275167785234,0.003355704697986577,0.03355704697986577,0.06040268456375839,0.05704697986577181,0.010067114093959731,0.09060402684563758,0.087248322147651,0.087248322147651,0.03355704697986577,0.030201342281879196,0.020134228187919462,0.09060402684563758,0.05704697986577181,0.006711409395973154,0.03691275167785235,0.04697986577181208
G3V325,0.08277703604806408,0.06675567423230974,0.029372496662216287,0.044058744993324434,0.014686248331108143,0.0534045393858478,0.07343124165554073,0.06542056074766354,0.018691588785046728,0.02403204272363151,0.1321762349799733,0.06542056074766354,0.0267022696929239,0.04005340453938585,0.06809078771695594,0.056074766355140186,0.050734312416555405,0.012016021361815754,0.02403204272363151,0.0520694259012016
O75964,0.10679611650485436,0.038834951456310676,0.038834951456310676,0.009708737864077669,0.0,0.038834951456310676,0.05825242718446602,0.05825242718446602,0.0,0.06796116504854369,0.08737864077669903,0.07766990291262135,0.019417475728155338,0.038834951456310676,0.05825242718446602,0.038834951456310676,0.06796116504854369,0.019417475728155338,0.04854368932038835,0.1262135922330097
P24539,0.09765625,0.04296875,0.03125,0.0234375,0.00390625,0.07421875,0.06640625,0.05078125,0.02734375,0.0546875,0.1015625,0.078125,0.02734375,0.03515625,0.046875,0.04296875,0.05078125,0.00390625,0.05078125,0.08984375
O75947,0.11801242236024845,0.018633540372670808,0.049689440993788817,0.062111801242236024,0.006211180124223602,0.031055900621118012,0.10559006211180125,0.012422360248447204,0.006211180124223602,0.055900621118012424,0.08074534161490683,0.12422360248447205,0.024844720496894408,0.031055900621118012,0.06832298136645963,0.043478260869565216,0.037267080745341616,0.031055900621118012,0.037267080745341616,0.055900621118012424
P18859,0.05555555555555555,0.07407407407407407,0.037037037037037035,0.046296296296296294,0.0,0.06481481481481481,0.08333333333333333,0.037037037037037035,0.009259259259259259,0.05555555555555555,0.07407407407407407,0.09259259259259259,0.027777777777777776,0.09259259259259259,0.046296296296296294,0.07407407407407407,0.037037037037037035,0.0,0.018518518518518517,0.07407407407407407
P48047,0.08450704225352113,0.06103286384976526,0.03286384976525822,0.014084507042253521,0.009389671361502348,0.04225352112676056,0.06572769953051644,0.051643192488262914,0.004694835680751174,0.046948356807511735,0.107981220657277,0.08450704225352113,0.028169014084507043,0.023474178403755867,0.046948356807511735,0.09859154929577464,0.06103286384976526,0.0,0.023474178403755867,0.11267605633802817
O75787,0.07142857142857142,0.045714285714285714,0.06,0.05142857142857143,0.0,0.022857142857142857,0.054285714285714284,0.04857142857142857,0.017142857142857144,0.05142857142857143,0.13142857142857142,0.045714285714285714,0.03142857142857143,0.04285714285714286,0.04857142857142857,0.10285714285714286,0.025714285714285714,0.011428571428571429,0.037142857142857144,0.1
P38606,0.06807131280388978,0.05186385737439222,0.02593192868719611,0.06158833063209076,0.011345218800648298,0.029173419773095625,0.06969205834683954,0.08103727714748785,0.014586709886547812,0.06158833063209076,0.08103727714748785,0.05672609400324149,0.03565640194489465,0.03565640194489465,0.050243111831442464,0.07941653160453808,0.055105348460291734,0.009724473257698542,0.04051863857374392,0.08103727714748785
Q9UI12,0.07246376811594203,0.051759834368530024,0.043478260869565216,0.043478260869565216,0.020703933747412008,0.07867494824016563,0.08488612836438923,0.039337474120082816,0.022774327122153208,0.051759834368530024,0.09937888198757763,0.06418219461697723,0.039337474120082816,0.035196687370600416,0.022774327122153208,0.06832298136645963,0.035196687370600416,0.018633540372670808,0.037267080745341616,0.07039337474120083
Q9UBB4,0.06947368421052631,0.05263157894736842,0.061052631578947365,0.061052631578947365,0.02736842105263158,0.04,0.08,0.031578947368421054,0.016842105263157894,0.07368421052631578,0.13894736842105262,0.05473684210526316,0.016842105263157894,0.04,0.04842105263157895,0.061052631578947365,0.04631578947368421,0.00631578947368421,0.010526315789473684,0.06315789473684211
Q9Y679,0.06585365853658537,0.08292682926829269,0.01951219512195122,0.03414634146341464,0.01951219512195122,0.05365853658536585,0.05853658536585366,0.05121951219512195,0.02195121951219512,0.01707317073170732,0.14146341463414633,0.024390243902439025,0.014634146341463415,0.05121951219512195,0.08536585365853659,0.08292682926829269,0.06097560975609756,0.014634146341463415,0.00975609756097561,0.09024390243902439
Q96GD4,0.06395348837209303,0.0755813953488372,0.03488372093023256,0.03488372093023256,0.014534883720930232,0.0377906976744186,0.07267441860465117,0.055232558139534885,0.0377906976744186,0.05232558139534884,0.11627906976744186,0.06395348837209303,0.02616279069767442,0.029069767441860465,0.07267441860465117,0.06395348837209303,0.0377906976744186,0.011627906976744186,0.0377906976744186,0.061046511627906974
P01889,0.10497237569060773,0.08287292817679558,0.013812154696132596,0.06077348066298342,0.016574585635359115,0.055248618784530384,0.07458563535911603,0.07458563535911603,0.024861878453038673,0.027624309392265192,0.07734806629834254,0.027624309392265192,0.013812154696132596,0.016574585635359115,0.049723756906077346,0.0718232044198895,0.06629834254143646,0.027624309392265192,0.04419889502762431,0.06906077348066299
B4DLN1,0.11312217194570136,0.06334841628959276,0.024886877828054297,0.03167420814479638,0.020361990950226245,0.05203619909502263,0.05203619909502263,0.07692307692307693,0.01809954751131222,0.042986425339366516,0.1244343891402715,0.06334841628959276,0.02262443438914027,0.033936651583710405,0.049773755656108594,0.049773755656108594,0.04751131221719457,0.0022624434389140274,0.024886877828054297,0.08597285067873303
O95816,0.08056872037914692,0.07582938388625593,0.05687203791469194,0.04739336492890995,0.014218009478672985,0.06635071090047394,0.10426540284360189,0.037914691943127965,0.023696682464454975,0.061611374407582936,0.11374407582938388,0.06635071090047394,0.02843601895734597,0.018957345971563982,0.014218009478672985,0.0995260663507109,0.037914691943127965,0.0,0.004739336492890996,0.04739336492890995
O95817,0.10260869565217391,0.05391304347826087,0.022608695652173914,0.03826086956521739,0.0052173913043478265,0.07130434782608695,0.07304347826086957,0.06260869565217392,0.03304347826086956,0.029565217391304348,0.04173913043478261,0.04869565217391304,0.017391304347826087,0.01217391304347826,0.15304347826086956,0.09565217391304348,0.04869565217391304,0.006956521739130435,0.017391304347826087,0.06608695652173913
Q9UL15,0.06040268456375839,0.06263982102908278,0.05145413870246085,0.05592841163310962,0.02237136465324385,0.058165548098434,0.10961968680089486,0.0447427293064877,0.02237136465324385,0.0738255033557047,0.12304250559284116,0.08277404921700224,0.013422818791946308,0.020134228187919462,0.02237136465324385,0.05145413870246085,0.03803131991051454,0.0044742729306487695,0.02237136465324385,0.06040268456375839
Q4VC05,0.08095238095238096,0.0380952380952381,0.05238095238095238,0.08571428571428572,0.004761904761904762,0.04285714285714286,0.1,0.05238095238095238,0.014285714285714285,0.02857142857142857,0.01904761904761905,0.10476190476190476,0.04285714285714286,0.0,0.06190476190476191,0.1523809523809524,0.0380952380952381,0.014285714285714285,0.004761904761904762,0.06190476190476191
Q6PJG6,0.11449451887941535,0.05115712545676005,0.0036540803897685747,0.049939098660170524,0.03654080389768575,0.06455542021924482,0.05481120584652863,0.06699147381242387,0.024360535931790498,0.0097442143727162,0.16443361753958588,0.018270401948842874,0.0097442143727162,0.03532277710109622,0.07186358099878197,0.08038976857490865,0.0535931790499391,0.01705237515225335,0.0060901339829476245,0.06699147381242387
Q9H0E9,0.07773279352226721,0.04048582995951417,0.025101214574898785,0.06477732793522267,0.011336032388663968,0.04291497975708502,0.11821862348178137,0.055870445344129556,0.02186234817813765,0.04291497975708502,0.07773279352226721,0.05020242914979757,0.03076923076923077,0.022672064777327937,0.0728744939271255,0.10121457489878542,0.05101214574898785,0.009716599190283401,0.012145748987854251,0.07044534412955465
P41223,0.034722222222222224,0.09027777777777778,0.027777777777777776,0.041666666666666664,0.06944444444444445,0.027777777777777776,0.09722222222222222,0.0625,0.027777777777777776,0.0763888888888889,0.06944444444444445,0.1111111111111111,0.013888888888888888,0.027777777777777776,0.04861111111111111,0.034722222222222224,0.04861111111111111,0.020833333333333332,0.041666666666666664,0.027777777777777776
A2AEA2,0.09946236559139784,0.08064516129032258,0.013440860215053764,0.056451612903225805,0.024193548387096774,0.06182795698924731,0.06989247311827956,0.08333333333333333,0.024193548387096774,0.021505376344086023,0.09408602150537634,0.026881720430107527,0.021505376344086023,0.01881720430107527,0.051075268817204304,0.06989247311827956,0.06989247311827956,0.024193548387096774,0.03494623655913978,0.053763440860215055
E9PRG8,0.08130081300813008,0.14634146341463414,0.024390243902439025,0.032520325203252036,0.0,0.056910569105691054,0.07317073170731707,0.04878048780487805,0.024390243902439025,0.04065040650406504,0.0975609756097561,0.14634146341463414,0.024390243902439025,0.008130081300813009,0.04878048780487805,0.04878048780487805,0.04878048780487805,0.0,0.0,0.04878048780487805
P01024,0.05832832230907998,0.04930847865303668,0.03668069753457607,0.054119061936259774,0.016235718580877932,0.054119061936259774,0.07396271797955502,0.058929645219482865,0.017438364401683705,0.04990980156343957,0.09561034275405893,0.06794948887552615,0.02164762477450391,0.03607937462417318,0.04990980156343957,0.06494287432351173,0.06313890559230306,0.010222489476849068,0.034275405892964524,0.08719182200841852
P27708,0.08719101123595506,0.05528089887640449,0.025617977528089888,0.04089887640449438,0.018426966292134833,0.04269662921348315,0.06831460674157304,0.07910112359550561,0.028314606741573035,0.043146067415730335,0.1047191011235955,0.038202247191011236,0.023370786516853932,0.0350561797752809,0.06606741573033707,0.06471910112359551,0.058426966292134834,0.008988764044943821,0.025168539325842697,0.08629213483146067
Q86VP6,0.06747967479674796,0.041463414634146344,0.034959349593495934,0.06666666666666667,0.024390243902439025,0.038211382113821135,0.06016260162601626,0.03983739837398374,0.02032520325203252,0.06260162601626017,0.13658536585365855,0.06341463414634146,0.025203252032520326,0.028455284552845527,0.046341463414634146,0.09024390243902439,0.05365853658536585,0.0024390243902439024,0.025203252032520326,0.07235772357723577
P27824,0.057432432432432436,0.033783783783783786,0.033783783783783786,0.11317567567567567,0.013513513513513514,0.02027027027027027,0.11824324324324324,0.057432432432432436,0.015202702702702704,0.052364864864864864,0.06418918918918919,0.0929054054054054,0.02027027027027027,0.033783783783783786,0.08783783783783784,0.04054054054054054,0.04054054054054054,0.02702702702702703,0.02533783783783784,0.052364864864864864
Q14444,0.0691114245416079,0.047954866008462625,0.05218617771509168,0.04090267983074753,0.004231311706629055,0.11283497884344147,0.08039492242595205,0.0691114245416079,0.019746121297602257,0.018335684062059238,0.06488011283497884,0.039492242595204514,0.02538787023977433,0.02538787023977433,0.08321579689703808,0.09167842031029619,0.056417489421720736,0.0028208744710860366,0.03385049365303244,0.06205923836389281
Q86X55,0.08881578947368421,0.03618421052631579,0.039473684210526314,0.03782894736842105,0.01644736842105263,0.046052631578947366,0.04276315789473684,0.08881578947368421,0.03125,0.054276315789473686,0.07236842105263158,0.03289473684210526,0.03453947368421053,0.05098684210526316,0.047697368421052634,0.10032894736842106,0.06414473684210527,0.008223684210526315,0.03782894736842105,0.06907894736842106
Q96A33,0.051759834368530024,0.049689440993788817,0.045548654244306416,0.08695652173913043,0.010351966873706004,0.049689440993788817,0.11594202898550725,0.045548654244306416,0.016563146997929608,0.039337474120082816,0.08281573498964803,0.08488612836438923,0.045548654244306416,0.043478260869565216,0.031055900621118012,0.053830227743271224,0.053830227743271224,0.006211180124223602,0.026915113871635612,0.060041407867494824
Q2TAC2,0.11475409836065574,0.08524590163934426,0.014207650273224045,0.04918032786885246,0.00546448087431694,0.09617486338797815,0.11693989071038251,0.04480874316939891,0.030601092896174863,0.02185792349726776,0.12240437158469945,0.06557377049180328,0.01639344262295082,0.009836065573770493,0.04371584699453552,0.06448087431693988,0.03825136612021858,0.007650273224043716,0.006557377049180328,0.04590163934426229
P48643,0.08872458410351201,0.04621072088724584,0.031423290203327174,0.07208872458410351,0.014787430683918669,0.04436229205175601,0.07948243992606285,0.06839186691312385,0.02033271719038817,0.08133086876155268,0.08872458410351201,0.07948243992606285,0.04436229205175601,0.022181146025878003,0.033271719038817,0.04251386321626617,0.053604436229205174,0.0036968576709796672,0.011090573012939002,0.07393715341959335
O00311,0.07491289198606271,0.04529616724738676,0.03832752613240418,0.050522648083623695,0.024390243902439025,0.05749128919860627,0.059233449477351915,0.05400696864111498,0.02613240418118467,0.05400696864111498,0.09233449477351917,0.08710801393728224,0.02264808362369338,0.04006968641114982,0.047038327526132406,0.09059233449477352,0.05226480836236934,0.003484320557491289,0.024390243902439025,0.05574912891986063
P06493,0.04040404040404041,0.050505050505050504,0.03367003367003367,0.06397306397306397,0.003367003367003367,0.03367003367003367,0.06060606060606061,0.06060606060606061,0.026936026936026935,0.07407407407407407,0.12121212121212122,0.08080808080808081,0.026936026936026935,0.037037037037037035,0.050505050505050504,0.0707070707070707,0.04377104377104377,0.013468013468013467,0.04713804713804714,0.06060606060606061
Q9BXF3,0.05660377358490566,0.06671159029649595,0.026954177897574125,0.03975741239892183,0.016846361185983826,0.05929919137466307,0.08018867924528301,0.08692722371967655,0.0330188679245283,0.01954177897574124,0.07547169811320754,0.04514824797843666,0.03032345013477089,0.02830188679245283,0.12264150943396226,0.09231805929919137,0.04245283018867924,0.011455525606469003,0.027628032345013476,0.03840970350404313
P49454,0.04977520873474631,0.03917790622992935,0.050417469492614005,0.040783558124598586,0.017662170841361593,0.08702633269107257,0.15285806037251123,0.027938342967244702,0.01991008349389852,0.03436095054592164,0.13423249839434812,0.10308285163776493,0.02151573538856776,0.013808606294155427,0.018625561978163133,0.0892742453436095,0.0449582530507386,0.002569043031470777,0.011881824020552344,0.040141297366730895
J3KNF5,0.05439161966156326,0.053988718775181306,0.05600322320709106,0.048348106365834004,0.004834810636583401,0.07735697018533441,0.14867042707493958,0.02135374697824335,0.01732473811442385,0.057211925866236905,0.1305398871877518,0.12409347300564061,0.023771152296535054,0.01329572925060435,0.0136986301369863,0.056809024979854954,0.039887187751813054,0.0040290088638195,0.015713134568896052,0.038678485092667206
C9JRZ6,0.10344827586206896,0.09051724137931035,0.02586206896551724,0.04310344827586207,0.021551724137931036,0.06465517241379311,0.14224137931034483,0.034482758620689655,0.021551724137931036,0.03017241379310345,0.07758620689655173,0.09913793103448276,0.017241379310344827,0.017241379310344827,0.008620689655172414,0.07327586206896551,0.04741379310344827,0.0,0.034482758620689655,0.04741379310344827
Q99653,0.041025641025641026,0.08205128205128205,0.046153846153846156,0.08717948717948718,0.0,0.041025641025641026,0.10256410256410256,0.05641025641025641,0.020512820512820513,0.06666666666666667,0.09743589743589744,0.05641025641025641,0.02564102564102564,0.06666666666666667,0.03076923076923077,0.08205128205128205,0.041025641025641026,0.0,0.010256410256410256,0.046153846153846156
Q9Y3Y2,0.09274193548387097,0.1532258064516129,0.04032258064516129,0.024193548387096774,0.0,0.07258064516129033,0.020161290322580645,0.18951612903225806,0.004032258064516129,0.03225806451612903,0.10887096774193548,0.04838709677419355,0.04435483870967742,0.008064516129032258,0.04435483870967742,0.04032258064516129,0.04032258064516129,0.0,0.008064516129032258,0.028225806451612902
Q9Y3D0,0.07975460122699386,0.05521472392638037,0.04294478527607362,0.049079754601226995,0.012269938650306749,0.04294478527607362,0.09202453987730061,0.06748466257668712,0.03680981595092025,0.05521472392638037,0.10429447852760736,0.03067484662576687,0.018404907975460124,0.018404907975460124,0.06134969325153374,0.06748466257668712,0.05521472392638037,0.0,0.006134969325153374,0.10429447852760736
Q86X95,0.03111111111111111,0.08888888888888889,0.04888888888888889,0.044444444444444446,0.011111111111111112,0.03777777777777778,0.1111111111111111,0.05555555555555555,0.04,0.017777777777777778,0.04666666666666667,0.15555555555555556,0.022222222222222223,0.024444444444444446,0.035555555555555556,0.14222222222222222,0.03333333333333333,0.008888888888888889,0.022222222222222223,0.022222222222222223
Q07065,0.09302325581395349,0.059800664451827246,0.02159468438538206,0.05149501661129568,0.0033222591362126247,0.08637873754152824,0.10299003322259136,0.06478405315614617,0.029900332225913623,0.02159468438538206,0.11295681063122924,0.0664451827242525,0.009966777408637873,0.02159468438538206,0.03488372093023256,0.11129568106312292,0.03488372093023256,0.0033222591362126247,0.006644518272425249,0.06312292358803986
Q9H078,0.09335219236209336,0.08203677510608204,0.04384724186704385,0.05374823196605375,0.01272984441301273,0.039603960396039604,0.07213578500707214,0.08203677510608204,0.028288543140028287,0.04526166902404526,0.11456859971711457,0.06223479490806223,0.015558698727015558,0.0297029702970297,0.04101838755304102,0.05233380480905234,0.04526166902404526,0.01272984441301273,0.018387553041018388,0.055162659123055166
P00403,0.06167400881057269,0.02643171806167401,0.030837004405286344,0.048458149779735685,0.013215859030837005,0.030837004405286344,0.048458149779735685,0.048458149779735685,0.02643171806167401,0.09691629955947137,0.14537444933920704,0.01762114537444934,0.04405286343612335,0.04405286343612335,0.06607929515418502,0.04405286343612335,0.09251101321585903,0.01762114537444934,0.039647577092511016,0.05726872246696035
Q96BR5,0.09956709956709957,0.030303030303030304,0.04329004329004329,0.08225108225108226,0.05627705627705628,0.05194805194805195,0.06493506493506493,0.09090909090909091,0.030303030303030304,0.012987012987012988,0.08225108225108226,0.09090909090909091,0.03463203463203463,0.03896103896103896,0.025974025974025976,0.03896103896103896,0.021645021645021644,0.004329004329004329,0.05194805194805195,0.047619047619047616
Q8WTW3,0.08469387755102041,0.04795918367346939,0.02346938775510204,0.04183673469387755,0.02142857142857143,0.0673469387755102,0.0673469387755102,0.04285714285714286,0.026530612244897958,0.04285714285714286,0.1346938775510204,0.05918367346938776,0.02346938775510204,0.030612244897959183,0.04795918367346939,0.10204081632653061,0.05204081632653061,0.013265306122448979,0.0163265306122449,0.05408163265306123
Q14746,0.05962059620596206,0.05420054200542006,0.02981029810298103,0.05555555555555555,0.013550135501355014,0.05555555555555555,0.07859078590785908,0.04336043360433604,0.017615176151761516,0.051490514905149054,0.12737127371273713,0.07181571815718157,0.02032520325203252,0.03387533875338753,0.04742547425474255,0.09620596205962059,0.04200542005420054,0.008130081300813009,0.024390243902439025,0.06910569105691057
Q8NBJ5,0.0932475884244373,0.08520900321543408,0.028938906752411574,0.06270096463022508,0.00964630225080386,0.03215434083601286,0.0707395498392283,0.03697749196141479,0.03054662379421222,0.028938906752411574,0.11093247588424437,0.04501607717041801,0.03376205787781351,0.03697749196141479,0.0707395498392283,0.0594855305466238,0.03697749196141479,0.02090032154340836,0.03858520900321544,0.06752411575562701
P53621,0.06944444444444445,0.05473856209150327,0.04493464052287582,0.06290849673202614,0.022058823529411766,0.03839869281045752,0.05800653594771242,0.06454248366013073,0.029411764705882353,0.05473856209150327,0.10457516339869281,0.06781045751633986,0.018790849673202614,0.04003267973856209,0.04411764705882353,0.049836601307189546,0.056372549019607844,0.01715686274509804,0.031862745098039214,0.07026143790849673
P53618,0.07869884575026233,0.04407135362014691,0.046169989506820566,0.060860440713536204,0.02098635886673662,0.035676810073452254,0.07555089192025184,0.030430220356768102,0.023084994753410283,0.07030430220356768,0.12277019937040923,0.07240293809024134,0.02938090241343127,0.02938090241343127,0.040923399790136414,0.06400839454354669,0.05246589716684155,0.004197271773347324,0.024134312696747113,0.07450157397691501
P35606,0.0739514348785872,0.04304635761589404,0.04525386313465784,0.06070640176600441,0.016556291390728478,0.04083885209713024,0.08388520971302428,0.05849889624724062,0.025386313465783666,0.05739514348785872,0.09713024282560706,0.06070640176600441,0.019867549668874173,0.037527593818984545,0.03532008830022075,0.0673289183222958,0.04856512141280353,0.02097130242825607,0.03532008830022075,0.0717439293598234
M0QXB4,0.11782477341389729,0.06042296072507553,0.02416918429003021,0.0755287009063444,0.00906344410876133,0.06042296072507553,0.07250755287009064,0.04833836858006042,0.02416918429003021,0.027190332326283987,0.1268882175226586,0.04229607250755287,0.027190332326283987,0.027190332326283987,0.0513595166163142,0.06948640483383686,0.03625377643504532,0.00906344410876133,0.03625377643504532,0.054380664652567974
Q9UBF2,0.07921928817451206,0.04822043628013777,0.03903559127439724,0.05281285878300804,0.022962112514351322,0.03673938002296211,0.07692307692307693,0.03559127439724455,0.021814006888633754,0.05970149253731343,0.1010332950631458,0.05855338691159587,0.03329506314580941,0.04362801377726751,0.04477611940298507,0.07807118254879448,0.06314580941446613,0.002296211251435132,0.027554535017221583,0.07462686567164178
Q8NI60,0.10664605873261206,0.0633693972179289,0.03245749613601236,0.04636785162287481,0.013910355486862442,0.04945904173106646,0.07573415765069552,0.07264296754250386,0.03245749613601236,0.04327666151468315,0.09582689335394126,0.05100463678516229,0.030911901081916538,0.061823802163833076,0.05409582689335394,0.061823802163833076,0.03245749613601236,0.0030911901081916537,0.021638330757341576,0.05100463678516229
Q96D53,0.10294117647058823,0.07904411764705882,0.016544117647058824,0.05330882352941176,0.02389705882352941,0.06985294117647059,0.058823529411764705,0.09191176470588236,0.02022058823529412,0.029411764705882353,0.11580882352941177,0.03125,0.01838235294117647,0.04779411764705882,0.05330882352941176,0.058823529411764705,0.03860294117647059,0.01838235294117647,0.016544117647058824,0.05514705882352941
P55060,0.07518022657054584,0.032955715756951595,0.05664263645726056,0.044284243048403706,0.014418125643666324,0.04840370751802266,0.07415036045314109,0.03192584963954686,0.024716786817713696,0.07415036045314109,0.13079299691040164,0.05973223480947477,0.021627188465499485,0.05664263645726056,0.04840370751802266,0.05870236869207003,0.05458290422245108,0.008238928939237899,0.029866117404737384,0.05458290422245108
Q6PI48,0.04961240310077519,0.06976744186046512,0.034108527131782945,0.04961240310077519,0.015503875968992248,0.04961240310077519,0.06821705426356589,0.05581395348837209,0.024806201550387597,0.05736434108527132,0.11472868217054263,0.05271317829457364,0.021705426356589147,0.04961240310077519,0.06821705426356589,0.06821705426356589,0.04961240310077519,0.009302325581395349,0.02945736434108527,0.06201550387596899
P61962,0.07017543859649122,0.05555555555555555,0.05555555555555555,0.07017543859649122,0.03216374269005848,0.029239766081871343,0.05847953216374269,0.05555555555555555,0.03508771929824561,0.05847953216374269,0.09064327485380116,0.03216374269005848,0.02631578947368421,0.02631578947368421,0.049707602339181284,0.05263157894736842,0.06140350877192982,0.03216374269005848,0.038011695906432746,0.07017543859649122
Q14203,0.10406885758998435,0.06259780907668232,0.01564945226917058,0.04616588419405321,0.010172143974960876,0.06807511737089202,0.1111111111111111,0.05086071987480438,0.02034428794992175,0.03286384976525822,0.11815336463223787,0.07198748043818466,0.023474178403755867,0.017996870109546165,0.046948356807511735,0.07276995305164319,0.05712050078247261,0.002347417840375587,0.01486697965571205,0.05242566510172144
Q9H773,0.11176470588235295,0.08823529411764706,0.011764705882352941,0.06470588235294118,0.011764705882352941,0.041176470588235294,0.09411764705882353,0.08235294117647059,0.023529411764705882,0.03529411764705882,0.10588235294117647,0.01764705882352941,0.011764705882352941,0.029411764705882353,0.07058823529411765,0.07058823529411765,0.047058823529411764,0.01764705882352941,0.01764705882352941,0.047058823529411764
Q16531,0.05175438596491228,0.042105263157894736,0.04736842105263158,0.04824561403508772,0.01929824561403509,0.0412280701754386,0.07982456140350877,0.07192982456140351,0.02456140350877193,0.06315789473684211,0.10964912280701754,0.04736842105263158,0.02368421052631579,0.04035087719298246,0.035964912280701755,0.07456140350877193,0.06140350877192982,0.007017543859649123,0.03070175438596491,0.07982456140350877
P39656,0.06578947368421052,0.05043859649122807,0.03728070175438596,0.06140350877192982,0.006578947368421052,0.03070175438596491,0.046052631578947366,0.07675438596491228,0.021929824561403508,0.05263157894736842,0.10307017543859649,0.046052631578947366,0.013157894736842105,0.07236842105263158,0.05043859649122807,0.08991228070175439,0.04824561403508772,0.008771929824561403,0.041666666666666664,0.07675438596491228
Q9UHI6,0.07281553398058252,0.05339805825242718,0.04247572815533981,0.044902912621359224,0.01699029126213592,0.06067961165048544,0.0703883495145631,0.050970873786407765,0.02912621359223301,0.05461165048543689,0.09344660194174757,0.05461165048543689,0.023058252427184466,0.025485436893203883,0.05946601941747573,0.0970873786407767,0.04854368932038835,0.009708737864077669,0.03519417475728155,0.05703883495145631
Q9UJV9,0.06913183279742766,0.06430868167202572,0.012861736334405145,0.05787781350482315,0.01929260450160772,0.04501607717041801,0.09485530546623794,0.07395498392282958,0.02572347266881029,0.06591639871382636,0.09646302250803858,0.08038585209003216,0.03536977491961415,0.027331189710610933,0.05305466237942122,0.05305466237942122,0.04019292604501608,0.001607717041800643,0.02572347266881029,0.05787781350482315
P26196,0.043478260869565216,0.051759834368530024,0.051759834368530024,0.053830227743271224,0.014492753623188406,0.06418219461697723,0.053830227743271224,0.06832298136645963,0.022774327122153208,0.08074534161490683,0.10559006211180125,0.07039337474120083,0.031055900621118012,0.031055900621118012,0.043478260869565216,0.055900621118012424,0.06832298136645963,0.004140786749482402,0.026915113871635612,0.057971014492753624
P52429,0.05114638447971781,0.04938271604938271,0.037037037037037035,0.06172839506172839,0.04938271604938271,0.04585537918871252,0.04938271604938271,0.07936507936507936,0.024691358024691357,0.04938271604938271,0.10582010582010581,0.06878306878306878,0.029982363315696647,0.03350970017636684,0.047619047619047616,0.047619047619047616,0.05114638447971781,0.021164021164021163,0.031746031746031744,0.06525573192239859
Q15392,0.046511627906976744,0.05426356589147287,0.025193798449612403,0.03488372093023256,0.025193798449612403,0.040697674418604654,0.06976744186046512,0.05813953488372093,0.03875968992248062,0.05813953488372093,0.1182170542635659,0.060077519379844964,0.029069767441860465,0.05426356589147287,0.050387596899224806,0.046511627906976744,0.04263565891472868,0.023255813953488372,0.046511627906976744,0.07751937984496124
Q9UBM7,0.07789473684210527,0.04421052631578947,0.035789473684210524,0.042105263157894736,0.02736842105263158,0.031578947368421054,0.016842105263157894,0.07789473684210527,0.035789473684210524,0.05894736842105263,0.11578947368421053,0.037894736842105266,0.016842105263157894,0.06736842105263158,0.04421052631578947,0.04421052631578947,0.05263157894736842,0.042105263157894736,0.061052631578947365,0.06947368421052631
Q9NPF5,0.08993576017130621,0.07922912205567452,0.017130620985010708,0.057815845824411134,0.006423982869379015,0.03854389721627409,0.08779443254817987,0.05353319057815846,0.023554603854389723,0.027837259100642397,0.09207708779443255,0.10706638115631692,0.017130620985010708,0.029978586723768737,0.07066381156316917,0.057815845824411134,0.05139186295503212,0.008565310492505354,0.029978586723768737,0.05353319057815846
Q86Y56,0.12514619883040937,0.06900584795321638,0.011695906432748537,0.05146198830409357,0.026900584795321637,0.047953216374269005,0.06432748538011696,0.04327485380116959,0.03274853801169591,0.0304093567251462,0.16023391812865498,0.028070175438596492,0.012865497076023392,0.021052631578947368,0.0608187134502924,0.06432748538011696,0.04912280701754386,0.011695906432748537,0.012865497076023392,0.07602339181286549
P31689,0.0327455919395466,0.06297229219143577,0.03526448362720403,0.0654911838790932,0.0327455919395466,0.05793450881612091,0.09319899244332494,0.10831234256926953,0.030226700251889168,0.06297229219143577,0.06801007556675064,0.0906801007556675,0.030226700251889168,0.0327455919395466,0.04534005037783375,0.030226700251889168,0.0327455919395466,0.0,0.027707808564231738,0.060453400503778336
O60884,0.038834951456310676,0.05825242718446602,0.043689320388349516,0.05825242718446602,0.02669902912621359,0.050970873786407765,0.09223300970873786,0.12135922330097088,0.02669902912621359,0.043689320388349516,0.0703883495145631,0.07766990291262135,0.02669902912621359,0.03640776699029126,0.04854368932038835,0.05825242718446602,0.021844660194174758,0.0024271844660194173,0.02912621359223301,0.06796116504854369
P25685,0.04411764705882353,0.07647058823529412,0.03529411764705882,0.06764705882352941,0.008823529411764706,0.023529411764705882,0.07941176470588235,0.10882352941176471,0.01764705882352941,0.06470588235294118,0.052941176470588235,0.08235294117647059,0.020588235294117647,0.058823529411764705,0.07647058823529412,0.052941176470588235,0.05,0.0029411764705882353,0.026470588235294117,0.05
Q9UBS4,0.03910614525139665,0.06424581005586592,0.03910614525139665,0.07262569832402235,0.013966480446927373,0.05307262569832402,0.08100558659217877,0.09497206703910614,0.025139664804469275,0.05865921787709497,0.08379888268156424,0.06983240223463687,0.01675977653631285,0.05027932960893855,0.05307262569832402,0.03910614525139665,0.03910614525139665,0.002793296089385475,0.030726256983240222,0.07262569832402235
J3KPS0,0.09290953545232274,0.08557457212713937,0.034229828850855744,0.05867970660146699,0.009779951100244499,0.05378973105134474,0.05134474327628362,0.08068459657701711,0.034229828850855744,0.029339853300733496,0.07334963325183375,0.05378973105134474,0.019559902200488997,0.034229828850855744,0.05867970660146699,0.08312958435207823,0.04645476772616137,0.0024449877750611247,0.044009779951100246,0.05378973105134474
Q9UDY4,0.04747774480712166,0.0712166172106825,0.032640949554896145,0.07418397626112759,0.011869436201780416,0.017804154302670624,0.0771513353115727,0.10385756676557864,0.017804154302670624,0.08011869436201781,0.050445103857566766,0.09198813056379822,0.020771513353115726,0.05934718100890208,0.06528189910979229,0.07418397626112759,0.03560830860534125,0.002967359050445104,0.032640949554896145,0.032640949554896145
O75953,0.04597701149425287,0.07758620689655173,0.028735632183908046,0.07758620689655173,0.011494252873563218,0.017241379310344827,0.0603448275862069,0.09482758620689655,0.028735632183908046,0.05747126436781609,0.06609195402298851,0.08333333333333333,0.011494252873563218,0.0603448275862069,0.08620689655172414,0.05172413793103448,0.05459770114942529,0.0028735632183908046,0.031609195402298854,0.05172413793103448
O75190,0.06134969325153374,0.07668711656441718,0.03374233128834356,0.06134969325153374,0.003067484662576687,0.027607361963190184,0.08282208588957055,0.12576687116564417,0.02147239263803681,0.018404907975460124,0.05214723926380368,0.08588957055214724,0.012269938650306749,0.08588957055214724,0.06441717791411043,0.09202453987730061,0.03680981595092025,0.006134969325153374,0.018404907975460124,0.03374233128834356
Q9Y2G8,0.05115089514066496,0.05370843989769821,0.03836317135549872,0.05115089514066496,0.011508951406649617,0.04092071611253197,0.07672634271099744,0.04603580562659847,0.029411764705882353,0.052429667519181586,0.11381074168797954,0.06905370843989769,0.010230179028132993,0.06265984654731457,0.043478260869565216,0.08312020460358056,0.043478260869565216,0.015345268542199489,0.04603580562659847,0.061381074168797956
Q13217,0.09523809523809523,0.051587301587301584,0.037698412698412696,0.07142857142857142,0.015873015873015872,0.05357142857142857,0.0992063492063492,0.0496031746031746,0.021825396825396824,0.041666666666666664,0.0992063492063492,0.10119047619047619,0.015873015873015872,0.04365079365079365,0.02976190476190476,0.05952380952380952,0.023809523809523808,0.007936507936507936,0.03571428571428571,0.04563492063492063
Q99615,0.12348178137651822,0.05668016194331984,0.05060728744939271,0.0728744939271255,0.02834008097165992,0.038461538461538464,0.09109311740890688,0.05263157894736842,0.018218623481781375,0.02834008097165992,0.07489878542510121,0.10323886639676114,0.030364372469635626,0.05060728744939271,0.022267206477732792,0.03441295546558704,0.032388663967611336,0.0,0.05465587044534413,0.03643724696356275
Q9H147,0.0911854103343465,0.08814589665653495,0.02735562310030395,0.0486322188449848,0.015197568389057751,0.04559270516717325,0.0851063829787234,0.08206686930091185,0.030395136778115502,0.0425531914893617,0.0911854103343465,0.0668693009118541,0.0364741641337386,0.0243161094224924,0.060790273556231005,0.0486322188449848,0.0425531914893617,0.015197568389057751,0.0182370820668693,0.03951367781155015
Q92782,0.06718346253229975,0.07235142118863049,0.031007751937984496,0.056847545219638244,0.06459948320413436,0.031007751937984496,0.09302325581395349,0.06976744186046512,0.03617571059431524,0.03875968992248062,0.09560723514211886,0.07235142118863049,0.015503875968992248,0.020671834625323,0.06459948320413436,0.04392764857881137,0.046511627906976744,0.012919896640826873,0.04392764857881137,0.023255813953488372
Q5QPK2,0.03832752613240418,0.07665505226480836,0.03484320557491289,0.04878048780487805,0.010452961672473868,0.020905923344947737,0.06620209059233449,0.09059233449477352,0.013937282229965157,0.08362369337979095,0.11149825783972125,0.0627177700348432,0.017421602787456445,0.03484320557491289,0.04529616724738676,0.08710801393728224,0.03832752613240418,0.013937282229965157,0.04529616724738676,0.059233449477351915
Q9C005,0.0707070707070707,0.04040404040404041,0.0707070707070707,0.04040404040404041,0.0,0.08080808080808081,0.12121212121212122,0.030303030303030304,0.010101010101010102,0.04040404040404041,0.12121212121212122,0.0707070707070707,0.020202020202020204,0.020202020202020204,0.0707070707070707,0.050505050505050504,0.04040404040404041,0.0,0.030303030303030304,0.0707070707070707
Q14204,0.06607834696513129,0.062204046491605686,0.04068015497201894,0.05510116229014206,0.010331467929401636,0.05531640120533793,0.08243650452001722,0.04606112785191563,0.019801980198019802,0.05316401205337925,0.11149375807145932,0.06306500215238915,0.026259147653895823,0.0383125269048644,0.04003443822643134,0.05876022384847181,0.05122686181661645,0.01657339647008179,0.02755058114507103,0.07554885923374946
Q13409,0.07366771159874608,0.045454545454545456,0.04075235109717868,0.06426332288401254,0.0109717868338558,0.03918495297805643,0.09717868338557993,0.05329153605015674,0.032915360501567396,0.03918495297805643,0.06269592476489028,0.06269592476489028,0.02037617554858934,0.032915360501567396,0.05956112852664577,0.08934169278996865,0.054858934169279,0.02037617554858934,0.0219435736677116,0.07836990595611286
P63167,0.07865168539325842,0.02247191011235955,0.0449438202247191,0.056179775280898875,0.033707865168539325,0.0449438202247191,0.07865168539325842,0.0449438202247191,0.0449438202247191,0.07865168539325842,0.0449438202247191,0.11235955056179775,0.033707865168539325,0.056179775280898875,0.011235955056179775,0.0449438202247191,0.0449438202247191,0.011235955056179775,0.056179775280898875,0.056179775280898875
Q13627,0.05897771952817824,0.05242463958060288,0.047182175622542594,0.04849279161205767,0.011795543905635648,0.06815203145478375,0.04325032765399738,0.06946264744429882,0.061598951507208385,0.03800786369593709,0.07077326343381389,0.05242463958060288,0.0327653997378768,0.03145478374836173,0.05242463958060288,0.0982961992136304,0.06684141546526867,0.00655307994757536,0.03800786369593709,0.05111402359108781
Q66K89,0.1288265306122449,0.05102040816326531,0.007653061224489796,0.030612244897959183,0.030612244897959183,0.04591836734693878,0.09948979591836735,0.0778061224489796,0.04974489795918367,0.036989795918367346,0.07142857142857142,0.04846938775510204,0.01403061224489796,0.02295918367346939,0.05739795918367347,0.06377551020408163,0.07142857142857142,0.0,0.01020408163265306,0.08163265306122448
J3KN16,0.08081308874566187,0.05552801189885969,0.030738720872583045,0.031234506693108576,0.01685671789786812,0.04858701041150223,0.07635101636093208,0.05751115518096182,0.01983143282102132,0.0466038671294001,0.1264253842340109,0.06792265741199802,0.02875557759048091,0.022310361923648984,0.05701536936043629,0.08378780366881507,0.05304908279623203,0.010411502231036193,0.023797719385225583,0.06246901338621715
P68104,0.08441558441558442,0.0367965367965368,0.03463203463203463,0.05627705627705628,0.012987012987012988,0.021645021645021644,0.05844155844155844,0.09523809523809523,0.021645021645021644,0.06493506493506493,0.05627705627705628,0.10173160173160173,0.025974025974025976,0.030303030303030304,0.05411255411255411,0.049783549783549784,0.06277056277056277,0.010822510822510822,0.025974025974025976,0.09523809523809523
P26641,0.09610983981693363,0.05034324942791762,0.034324942791762014,0.041189931350114416,0.013729977116704805,0.05034324942791762,0.08924485125858124,0.04805491990846682,0.016018306636155607,0.02517162471395881,0.07780320366132723,0.07322654462242563,0.013729977116704805,0.07551487414187644,0.059496567505720827,0.057208237986270026,0.059496567505720827,0.02745995423340961,0.032036613272311214,0.059496567505720827
O14681,0.07058823529411765,0.058823529411764705,0.023529411764705882,0.026470588235294117,0.014705882352941176,0.05,0.03529411764705882,0.04411764705882353,0.023529411764705882,0.07352941176470588,0.13529411764705881,0.04411764705882353,0.01764705882352941,0.08823529411764706,0.047058823529411764,0.10882352941176471,0.026470588235294117,0.026470588235294117,0.026470588235294117,0.058823529411764705
P60228,0.06292134831460675,0.058426966292134834,0.056179775280898875,0.06741573033707865,0.015730337078651686,0.056179775280898875,0.06741573033707865,0.024719101123595506,0.020224719101123594,0.05393258426966292,0.11685393258426967,0.058426966292134834,0.03146067415730337,0.056179775280898875,0.029213483146067417,0.05393258426966292,0.05393258426966292,0.01348314606741573,0.0449438202247191,0.058426966292134834
O00303,0.13445378151260504,0.03361344537815126,0.04481792717086835,0.04481792717086835,0.0056022408963585435,0.03081232492997199,0.04481792717086835,0.056022408963585436,0.022408963585434174,0.04201680672268908,0.08403361344537816,0.028011204481792718,0.03081232492997199,0.0196078431372549,0.10084033613445378,0.07563025210084033,0.0700280112044818,0.0028011204481792717,0.03081232492997199,0.09803921568627451
P06730,0.05069124423963134,0.055299539170506916,0.059907834101382486,0.06451612903225806,0.018433179723502304,0.03225806451612903,0.08294930875576037,0.05069124423963134,0.02304147465437788,0.05069124423963134,0.07834101382488479,0.07373271889400922,0.013824884792626729,0.03686635944700461,0.05069124423963134,0.055299539170506916,0.08294930875576037,0.03686635944700461,0.027649769585253458,0.055299539170506916
Q04637,0.08630393996247655,0.06128830519074421,0.02626641651031895,0.043777360850531584,0.008130081300813009,0.0525328330206379,0.10444027517198248,0.0675422138836773,0.011882426516572859,0.04002501563477173,0.08692933083176986,0.0600375234521576,0.020012507817385866,0.02564102564102564,0.10131332082551595,0.07692307692307693,0.05128205128205128,0.0075046904315197,0.017510944340212633,0.05065666041275797
P56537,0.0653061224489796,0.04897959183673469,0.05714285714285714,0.05714285714285714,0.036734693877551024,0.036734693877551024,0.07346938775510205,0.0653061224489796,0.02040816326530612,0.053061224489795916,0.09795918367346938,0.0163265306122449,0.0163265306122449,0.0326530612244898,0.02857142857142857,0.08163265306122448,0.07346938775510205,0.004081632653061225,0.0163265306122449,0.11836734693877551
Q15006,0.10437710437710437,0.0707070707070707,0.05387205387205387,0.050505050505050504,0.010101010101010102,0.05723905723905724,0.10437710437710437,0.037037037037037035,0.020202020202020204,0.050505050505050504,0.09427609427609428,0.07407407407407407,0.04040404040404041,0.026936026936026935,0.013468013468013467,0.050505050505050504,0.03367003367003367,0.016835016835016835,0.05723905723905724,0.03367003367003367
Q9P0I2,0.04980842911877394,0.038314176245210725,0.038314176245210725,0.05363984674329502,0.0,0.04980842911877394,0.05363984674329502,0.04980842911877394,0.011494252873563218,0.05747126436781609,0.11494252873563218,0.06513409961685823,0.06130268199233716,0.06130268199233716,0.04980842911877394,0.06513409961685823,0.06896551724137931,0.022988505747126436,0.022988505747126436,0.06513409961685823
P50402,0.05905511811023622,0.08267716535433071,0.023622047244094488,0.07480314960629922,0.003937007874015748,0.03543307086614173,0.06299212598425197,0.047244094488188976,0.023622047244094488,0.023622047244094488,0.08661417322834646,0.023622047244094488,0.01968503937007874,0.047244094488188976,0.05905511811023622,0.15354330708661418,0.05511811023622047,0.007874015748031496,0.07086614173228346,0.03937007874015748
Q96L91,0.100664767331434,0.051915163026274136,0.022792022792022793,0.02849002849002849,0.007913896802785692,0.10794555238999684,0.05571383349161127,0.056346945235834126,0.019626464070908515,0.037037037037037035,0.08990186767964546,0.04779993668882558,0.017094017094017096,0.022475466919911365,0.10667932890155113,0.07597340930674264,0.06109528331750554,0.0072807850585628366,0.016144349477682812,0.06710984488762267
Q9H2F5,0.07655502392344497,0.05980861244019139,0.04784688995215311,0.05263157894736842,0.011961722488038277,0.06818181818181818,0.06220095693779904,0.04066985645933014,0.025119617224880382,0.041866028708133975,0.08492822966507177,0.06578947368421052,0.023923444976076555,0.028708133971291867,0.05980861244019139,0.10885167464114832,0.05502392344497608,0.004784688995215311,0.02751196172248804,0.05382775119617225
Q52LR7,0.06319702602230483,0.06939281288723669,0.05947955390334572,0.04460966542750929,0.01858736059479554,0.061957868649318466,0.07434944237918216,0.03345724907063197,0.0322180916976456,0.04584882280049566,0.08426270136307311,0.06691449814126393,0.023543990086741014,0.022304832713754646,0.057001239157372985,0.09913258983890955,0.06071871127633209,0.0012391573729863693,0.023543990086741014,0.058240396530359353
P84090,0.04807692307692308,0.057692307692307696,0.038461538461538464,0.07692307692307693,0.028846153846153848,0.0673076923076923,0.0673076923076923,0.028846153846153848,0.019230769230769232,0.057692307692307696,0.08653846153846154,0.0673076923076923,0.038461538461538464,0.019230769230769232,0.04807692307692308,0.057692307692307696,0.057692307692307696,0.009615384615384616,0.07692307692307693,0.04807692307692308
O75477,0.10344827586206896,0.040229885057471264,0.04310344827586207,0.034482758620689655,0.008620689655172414,0.04597701149425287,0.09195402298850575,0.040229885057471264,0.022988505747126436,0.07471264367816093,0.08333333333333333,0.08908045977011494,0.02586206896551724,0.031609195402298854,0.034482758620689655,0.05459770114942529,0.05747126436781609,0.0,0.04597701149425287,0.07183908045977011
O94905,0.10324483775811209,0.02064896755162242,0.038348082595870206,0.04129793510324484,0.011799410029498525,0.04424778761061947,0.09734513274336283,0.0471976401179941,0.017699115044247787,0.06489675516224189,0.08849557522123894,0.0943952802359882,0.029498525073746312,0.04424778761061947,0.029498525073746312,0.05604719764011799,0.05604719764011799,0.0,0.04129793510324484,0.07374631268436578
A0FGR8,0.05971769815418024,0.0738327904451683,0.03691639522258415,0.051031487513572206,0.009771986970684038,0.04451682953311618,0.05863192182410423,0.07600434310532031,0.0249728555917481,0.051031487513572206,0.1248642779587405,0.05646036916395222,0.014115092290988056,0.033659066232356136,0.06623235613463627,0.08251900108577633,0.04343105320304017,0.013029315960912053,0.01520086862106406,0.06406080347448426
P13804,0.13813813813813813,0.03303303303303303,0.024024024024024024,0.05405405405405406,0.018018018018018018,0.036036036036036036,0.04504504504504504,0.07507507507507508,0.015015015015015015,0.06306306306306306,0.09309309309309309,0.07807807807807808,0.012012012012012012,0.03303303303303303,0.042042042042042045,0.06906906906906907,0.06006006006006006,0.003003003003003003,0.018018018018018018,0.09009009009009009
Q9UPT5,0.058503401360544216,0.04897959183673469,0.036734693877551024,0.061224489795918366,0.009523809523809525,0.05714285714285714,0.08027210884353742,0.047619047619047616,0.027210884353741496,0.06394557823129252,0.10884353741496598,0.08299319727891157,0.0163265306122449,0.034013605442176874,0.044897959183673466,0.08299319727891157,0.04897959183673469,0.005442176870748299,0.031292517006802724,0.053061224489795916
Q96CS3,0.0449438202247191,0.09662921348314607,0.038202247191011236,0.058426966292134834,0.01348314606741573,0.07191011235955057,0.10561797752808989,0.029213483146067417,0.02247191011235955,0.04269662921348315,0.10337078651685393,0.038202247191011236,0.020224719101123594,0.051685393258426963,0.06741573033707865,0.05393258426966292,0.04719101123595506,0.008988764044943821,0.03146067415730337,0.05393258426966292
Q8N9E0,0.028225806451612902,0.08064516129032258,0.03225806451612903,0.04435483870967742,0.008064516129032258,0.03225806451612903,0.12096774193548387,0.028225806451612902,0.016129032258064516,0.008064516129032258,0.03225806451612903,0.24596774193548387,0.016129032258064516,0.004032258064516129,0.028225806451612902,0.18951612903225806,0.024193548387096774,0.012096774193548387,0.020161290322580645,0.028225806451612902
Q5BKY9,0.03643724696356275,0.06477732793522267,0.024291497975708502,0.048582995951417005,0.0,0.020242914979757085,0.1214574898785425,0.03643724696356275,0.016194331983805668,0.020242914979757085,0.04048582995951417,0.24696356275303644,0.024291497975708502,0.004048582995951417,0.032388663967611336,0.19838056680161945,0.024291497975708502,0.008097165991902834,0.020242914979757085,0.012145748987854251
Q9BXW9,0.04962095106822881,0.03652653342522398,0.03514817367332874,0.05513439007580979,0.021364576154376293,0.05513439007580979,0.07925568573397657,0.03790489317711923,0.03170227429359063,0.06616126809097174,0.13439007580978635,0.06822880771881461,0.018607856650585803,0.04410751206064783,0.03514817367332874,0.09786354238456237,0.04686423156443832,0.005513439007580979,0.021364576154376293,0.05995864920744314
Q9NVI1,0.051957831325301206,0.035391566265060244,0.03765060240963856,0.043674698795180725,0.02033132530120482,0.061746987951807226,0.07605421686746988,0.04292168674698795,0.02033132530120482,0.05271084337349398,0.14759036144578314,0.07680722891566265,0.023343373493975902,0.039909638554216864,0.030120481927710843,0.09713855421686747,0.045180722891566265,0.004518072289156626,0.021837349397590362,0.07078313253012049
Q8WVX9,0.06796116504854369,0.062135922330097085,0.07572815533980583,0.036893203883495145,0.011650485436893204,0.027184466019417475,0.05631067961165048,0.04271844660194175,0.021359223300970873,0.06796116504854369,0.09902912621359224,0.05631067961165048,0.02912621359223301,0.040776699029126215,0.04660194174757282,0.05436893203883495,0.05048543689320388,0.021359223300970873,0.04854368932038835,0.08349514563106795
Q9Y285,0.07480314960629922,0.07283464566929133,0.025590551181102362,0.04133858267716536,0.001968503937007874,0.047244094488188976,0.08661417322834646,0.07086614173228346,0.031496062992125984,0.02952755905511811,0.10826771653543307,0.05511811023622047,0.02952755905511811,0.047244094488188976,0.05511811023622047,0.07283464566929133,0.04330708661417323,0.015748031496062992,0.025590551181102362,0.06496062992125984
Q53R41,0.05076741440377804,0.048406139315230225,0.043683589138134596,0.047225501770956316,0.021251475796930343,0.049586776859504134,0.06375442739079103,0.03541912632821724,0.0295159386068477,0.06611570247933884,0.14521841794569068,0.06493506493506493,0.030696576151121605,0.0590318772136954,0.04250295159386069,0.07674144037780402,0.03778040141676505,0.008264462809917356,0.024793388429752067,0.05430932703659976
Q9NSG2,0.07151230949589683,0.02579132473622509,0.0246189917936694,0.038686987104337635,0.029308323563892145,0.06916764361078546,0.06916764361078546,0.02579132473622509,0.035169988276670575,0.05275498241500586,0.1570926143024619,0.05275498241500586,0.0246189917936694,0.053927315357561546,0.03985932004689332,0.08089097303634232,0.059788980070339975,0.011723329425556858,0.01875732708089097,0.05861664712778429
E7EMK3,0.11594202898550725,0.043478260869565216,0.018633540372670808,0.045548654244306416,0.028985507246376812,0.06418219461697723,0.10351966873706005,0.060041407867494824,0.008281573498964804,0.06625258799171843,0.08902691511387163,0.07867494824016563,0.020703933747412008,0.018633540372670808,0.022774327122153208,0.039337474120082816,0.049689440993788817,0.012422360248447204,0.016563146997929608,0.09730848861283643
Q9UET6,0.07598784194528875,0.04559270516717325,0.015197568389057751,0.07598784194528875,0.03343465045592705,0.06990881458966565,0.03951367781155015,0.06990881458966565,0.0182370820668693,0.0425531914893617,0.10030395136778116,0.0486322188449848,0.015197568389057751,0.03951367781155015,0.0851063829787234,0.07598784194528875,0.0425531914893617,0.0060790273556231,0.03343465045592705,0.0668693009118541
Q9BTY2,0.04925053533190578,0.03640256959314775,0.042826552462526764,0.042826552462526764,0.01284796573875803,0.03640256959314775,0.06638115631691649,0.0728051391862955,0.027837259100642397,0.044967880085653104,0.11134903640256959,0.05353319057815846,0.014989293361884369,0.057815845824411134,0.06852248394004283,0.06209850107066381,0.05353319057815846,0.05353319057815846,0.04068522483940043,0.05139186295503212
P35637,0.024714828897338403,0.07034220532319392,0.045627376425855515,0.049429657794676805,0.0076045627376425855,0.09885931558935361,0.02091254752851711,0.2889733840304182,0.005703422053231939,0.015209125475285171,0.005703422053231939,0.026615969581749048,0.015209125475285171,0.024714828897338403,0.051330798479087454,0.12927756653992395,0.03612167300380228,0.005703422053231939,0.06844106463878327,0.009505703422053232
Q13283,0.04721030042918455,0.07939914163090128,0.045064377682403435,0.05150214592274678,0.002145922746781116,0.06437768240343347,0.10300429184549356,0.08369098712446352,0.02575107296137339,0.030042918454935622,0.0536480686695279,0.0407725321888412,0.023605150214592276,0.0407725321888412,0.10515021459227468,0.05793991416309013,0.030042918454935622,0.002145922746781116,0.019313304721030045,0.0944206008583691
Q9UN86,0.035269709543568464,0.08713692946058091,0.043568464730290454,0.04771784232365145,0.002074688796680498,0.043568464730290454,0.12033195020746888,0.0954356846473029,0.026970954356846474,0.026970954356846474,0.05394190871369295,0.04564315352697095,0.024896265560165973,0.03941908713692946,0.1016597510373444,0.06846473029045644,0.03319502074688797,0.002074688796680498,0.022821576763485476,0.07883817427385892
P51570,0.12244897959183673,0.07908163265306123,0.012755102040816327,0.03316326530612245,0.02040816326530612,0.05102040816326531,0.07653061224489796,0.08418367346938775,0.02295918367346939,0.02295918367346939,0.11989795918367346,0.017857142857142856,0.02295918367346939,0.02806122448979592,0.05612244897959184,0.07653061224489796,0.04336734693877551,0.002551020408163265,0.02806122448979592,0.07908163265306123
Q14697,0.0625,0.07097457627118645,0.029661016949152543,0.06567796610169492,0.00847457627118644,0.0413135593220339,0.05826271186440678,0.07944915254237288,0.03177966101694915,0.036016949152542374,0.10699152542372882,0.028601694915254237,0.022245762711864406,0.04343220338983051,0.06779661016949153,0.06779661016949153,0.046610169491525424,0.025423728813559324,0.038135593220338986,0.06885593220338983
P22102,0.10495049504950495,0.033663366336633666,0.028712871287128714,0.04356435643564356,0.02178217821782178,0.040594059405940595,0.06732673267326733,0.09702970297029703,0.02277227722772277,0.05742574257425743,0.10198019801980197,0.06831683168316832,0.016831683168316833,0.03663366336633663,0.04257425742574258,0.060396039603960394,0.0504950495049505,0.007920792079207921,0.013861386138613862,0.08316831683168317
Q92538,0.06827956989247312,0.05,0.032795698924731186,0.0532258064516129,0.01935483870967742,0.03870967741935484,0.07741935483870968,0.0543010752688172,0.02903225806451613,0.046236559139784944,0.12150537634408602,0.05,0.02795698924731183,0.034408602150537634,0.06505376344086021,0.08817204301075268,0.05860215053763441,0.01021505376344086,0.017741935483870968,0.05698924731182796
O75600,0.11217183770883055,0.07398568019093078,0.02386634844868735,0.0477326968973747,0.02386634844868735,0.03579952267303103,0.05250596658711217,0.1026252983293556,0.028639618138424822,0.059665871121718374,0.10739856801909307,0.03341288782816229,0.026252983293556086,0.03579952267303103,0.04295942720763723,0.06921241050119331,0.03579952267303103,0.00954653937947494,0.021479713603818614,0.057279236276849645
Q92947,0.08447488584474885,0.0730593607305936,0.0365296803652968,0.03881278538812785,0.02054794520547945,0.04337899543378995,0.0639269406392694,0.09817351598173515,0.0228310502283105,0.0502283105022831,0.1187214611872146,0.0365296803652968,0.03424657534246575,0.02511415525114155,0.0365296803652968,0.07534246575342465,0.0502283105022831,0.01141552511415525,0.02968036529680365,0.0502283105022831
Q92616,0.09472107824784724,0.04979408461250468,0.023212280044926994,0.04754773493073755,0.0157244477723699,0.04829651815799326,0.06327218270310744,0.054661175589666794,0.020217147135904157,0.04829651815799326,0.15013103706476974,0.06027704979408461,0.025833021340321977,0.025084238113066266,0.04792212654436541,0.07637588918008237,0.04829651815799326,0.008611007113440658,0.014601272931486334,0.07712467240733807
O43681,0.06896551724137931,0.028735632183908046,0.034482758620689655,0.05747126436781609,0.022988505747126436,0.04310344827586207,0.08908045977011494,0.05747126436781609,0.017241379310344827,0.0603448275862069,0.09770114942528736,0.06609195402298851,0.04597701149425287,0.05172413793103448,0.0603448275862069,0.06321839080459771,0.04310344827586207,0.005747126436781609,0.017241379310344827,0.06896551724137931
Q7L5D6,0.07339449541284404,0.05198776758409786,0.03363914373088685,0.039755351681957186,0.012232415902140673,0.04892966360856269,0.0856269113149847,0.07951070336391437,0.024464831804281346,0.012232415902140673,0.12538226299694188,0.039755351681957186,0.03363914373088685,0.05198776758409786,0.039755351681957186,0.10091743119266056,0.03669724770642202,0.009174311926605505,0.039755351681957186,0.06116207951070336
P38435,0.044854881266490766,0.06464379947229551,0.03562005277044855,0.04353562005277045,0.013192612137203167,0.048812664907651716,0.052770448548812667,0.05672823218997362,0.025065963060686015,0.029023746701846966,0.1503957783641161,0.03562005277044855,0.023746701846965697,0.05804749340369393,0.06068601583113457,0.08311345646437995,0.04221635883905013,0.023746701846965697,0.04617414248021108,0.06200527704485488
Q68CQ7,0.07277628032345014,0.05121293800539083,0.06199460916442048,0.05121293800539083,0.005390835579514825,0.029649595687331536,0.04043126684636118,0.05390835579514825,0.026954177897574125,0.07816711590296496,0.10242587601078167,0.0673854447439353,0.016172506738544475,0.03773584905660377,0.04851752021563342,0.07547169811320754,0.04851752021563342,0.0215633423180593,0.04043126684636118,0.07008086253369272
P00367,0.09498207885304659,0.06272401433691756,0.03763440860215054,0.053763440860215055,0.010752688172043012,0.021505376344086023,0.06630824372759857,0.09498207885304659,0.026881720430107527,0.06810035842293907,0.07168458781362007,0.05913978494623656,0.025089605734767026,0.04121863799283154,0.04659498207885305,0.06630824372759857,0.04659498207885305,0.008960573476702509,0.03763440860215054,0.05913978494623656
Q5JWF2,0.1359691417550627,0.06846673095467695,0.03278688524590164,0.0665380906460945,0.01253616200578592,0.03857280617164899,0.0781099324975892,0.08196721311475409,0.01253616200578592,0.033751205400192864,0.05400192864030858,0.03664416586306654,0.01832208293153327,0.037608486017357765,0.11571841851494696,0.06943105110896818,0.029893924783027964,0.008678881388621022,0.020250723240115717,0.048216007714561235
P62873,0.08823529411764706,0.06470588235294118,0.05,0.08823529411764706,0.041176470588235294,0.03529411764705882,0.026470588235294117,0.07941176470588235,0.023529411764705882,0.052941176470588235,0.08823529411764706,0.029411764705882353,0.023529411764705882,0.03235294117647059,0.014705882352941176,0.08235294117647059,0.08235294117647059,0.023529411764705882,0.023529411764705882,0.05
Q13823,0.0533515731874145,0.06703146374829001,0.04514363885088919,0.05471956224350205,0.005471956224350205,0.0560875512995896,0.09575923392612859,0.05198358413132695,0.016415868673050615,0.049247606019151846,0.06429548563611491,0.1094391244870041,0.017783857729138167,0.03146374829001368,0.05198358413132695,0.06976744186046512,0.0506155950752394,0.01094391244870041,0.023255813953488372,0.07523939808481532
Q53EU6,0.04608294930875576,0.04608294930875576,0.03456221198156682,0.03225806451612903,0.020737327188940093,0.029953917050691243,0.059907834101382486,0.08064516129032258,0.020737327188940093,0.08064516129032258,0.10829493087557604,0.06912442396313365,0.03686635944700461,0.03686635944700461,0.03456221198156682,0.07373271889400922,0.055299539170506916,0.02304147465437788,0.027649769585253458,0.08294930875576037
Q86UL3,0.05701754385964912,0.06140350877192982,0.03508771929824561,0.041666666666666664,0.017543859649122806,0.021929824561403508,0.05482456140350877,0.06578947368421052,0.021929824561403508,0.07236842105263158,0.10964912280701754,0.06578947368421052,0.03728070175438596,0.05263157894736842,0.03508771929824561,0.06359649122807018,0.05263157894736842,0.017543859649122806,0.039473684210526314,0.07675438596491228
Q5T3I0,0.07399103139013453,0.08520179372197309,0.03587443946188341,0.04932735426008968,0.008968609865470852,0.06502242152466367,0.1210762331838565,0.08744394618834081,0.03139013452914798,0.013452914798206279,0.06502242152466367,0.13901345291479822,0.013452914798206279,0.011210762331838564,0.02914798206278027,0.06278026905829596,0.05605381165919283,0.008968609865470852,0.006726457399103139,0.03587443946188341
P04908,0.12307692307692308,0.1,0.046153846153846156,0.015384615384615385,0.0,0.038461538461538464,0.05384615384615385,0.1076923076923077,0.03076923076923077,0.046153846153846156,0.12307692307692308,0.1,0.007692307692307693,0.007692307692307693,0.038461538461538464,0.038461538461538464,0.038461538461538464,0.0,0.023076923076923078,0.06153846153846154
P20671,0.12307692307692308,0.09230769230769231,0.046153846153846156,0.015384615384615385,0.0,0.038461538461538464,0.05384615384615385,0.1076923076923077,0.03076923076923077,0.046153846153846156,0.12307692307692308,0.1076923076923077,0.007692307692307693,0.007692307692307693,0.038461538461538464,0.038461538461538464,0.038461538461538464,0.0,0.023076923076923078,0.06153846153846154
P0C0S5,0.125,0.0703125,0.0078125,0.03125,0.0,0.0390625,0.0390625,0.1171875,0.046875,0.0703125,0.09375,0.109375,0.0078125,0.0078125,0.0234375,0.0703125,0.0625,0.0,0.015625,0.0625
U3KQK0,0.08433734939759036,0.08433734939759036,0.024096385542168676,0.03614457831325301,0.0,0.024096385542168676,0.04819277108433735,0.04819277108433735,0.024096385542168676,0.060240963855421686,0.05421686746987952,0.16265060240963855,0.018072289156626505,0.024096385542168676,0.04216867469879518,0.10843373493975904,0.05421686746987952,0.006024096385542169,0.03614457831325301,0.060240963855421686
P33778,0.09523809523809523,0.06349206349206349,0.023809523809523808,0.023809523809523808,0.0,0.023809523809523808,0.05555555555555555,0.05555555555555555,0.023809523809523808,0.06349206349206349,0.047619047619047616,0.15873015873015872,0.023809523809523808,0.015873015873015872,0.047619047619047616,0.11904761904761904,0.06349206349206349,0.0,0.03968253968253968,0.05555555555555555
P68431,0.1323529411764706,0.1323529411764706,0.007352941176470588,0.029411764705882353,0.014705882352941176,0.058823529411764705,0.051470588235294115,0.051470588235294115,0.014705882352941176,0.051470588235294115,0.08823529411764706,0.09558823529411764,0.022058823529411766,0.029411764705882353,0.04411764705882353,0.03676470588235294,0.07352941176470588,0.0,0.022058823529411766,0.04411764705882353
Q71DI3,0.1323529411764706,0.1323529411764706,0.007352941176470588,0.029411764705882353,0.007352941176470588,0.058823529411764705,0.051470588235294115,0.051470588235294115,0.014705882352941176,0.051470588235294115,0.08823529411764706,0.09558823529411764,0.022058823529411766,0.029411764705882353,0.04411764705882353,0.04411764705882353,0.07352941176470588,0.0,0.022058823529411766,0.04411764705882353
P62805,0.06796116504854369,0.13592233009708737,0.019417475728155338,0.02912621359223301,0.0,0.019417475728155338,0.038834951456310676,0.1650485436893204,0.019417475728155338,0.05825242718446602,0.07766990291262135,0.10679611650485436,0.019417475728155338,0.019417475728155338,0.009708737864077669,0.019417475728155338,0.06796116504854369,0.0,0.038834951456310676,0.08737864077669903
P40939,0.08256880733944955,0.04325032765399738,0.022280471821756225,0.04980340760157274,0.01703800786369594,0.04193971166448231,0.06028833551769332,0.0891218872870249,0.011795543905635648,0.06028833551769332,0.0982961992136304,0.09305373525557012,0.02490170380078637,0.04062909567496723,0.04325032765399738,0.06290956749672345,0.04980340760157274,0.001310615989515072,0.023591087811271297,0.08387942332896461
P55084,0.12025316455696203,0.046413502109704644,0.03164556962025317,0.046413502109704644,0.010548523206751054,0.029535864978902954,0.04219409282700422,0.07383966244725738,0.0189873417721519,0.035864978902953586,0.10126582278481013,0.07383966244725738,0.04008438818565401,0.04430379746835443,0.052742616033755275,0.07383966244725738,0.06118143459915612,0.006329113924050633,0.02531645569620253,0.06540084388185655
O14929,0.0477326968973747,0.06205250596658711,0.031026252983293555,0.06205250596658711,0.016706443914081145,0.050119331742243436,0.09307875894988067,0.04295942720763723,0.01909307875894988,0.0477326968973747,0.09785202863961814,0.06921241050119331,0.031026252983293555,0.06921241050119331,0.03341288782816229,0.0405727923627685,0.06205250596658711,0.00477326968973747,0.059665871121718374,0.059665871121718374
P56524,0.08763837638376384,0.05627306273062731,0.026752767527675275,0.03413284132841329,0.012915129151291513,0.08394833948339483,0.07749077490774908,0.06549815498154982,0.04059040590405904,0.023985239852398525,0.11439114391143912,0.045202952029520294,0.01937269372693727,0.023062730627306273,0.07933579335793357,0.08302583025830258,0.043357933579335796,0.004612546125461255,0.016605166051660517,0.061808118081180814
Q9UQL6,0.0748663101604278,0.045454545454545456,0.023172905525846704,0.031194295900178252,0.012477718360071301,0.08645276292335116,0.08467023172905526,0.08199643493761141,0.034759358288770054,0.027629233511586453,0.1140819964349376,0.04634581105169341,0.0196078431372549,0.022281639928698752,0.07397504456327986,0.0873440285204991,0.05525846702317291,0.0053475935828877,0.013368983957219251,0.059714795008912656
Q9UKV0,0.06627101879327399,0.04648862512363996,0.03165182987141444,0.04253214638971316,0.010880316518298714,0.0840751730959446,0.0712166172106825,0.06726013847675569,0.040553907022749754,0.03956478733926805,0.11374876360039565,0.05539070227497527,0.02274975272007913,0.021760633036597428,0.06923837784371908,0.09297725024727992,0.04747774480712166,0.003956478733926805,0.01483679525222552,0.057368941641938676
Q9H583,0.061567164179104475,0.02751865671641791,0.03684701492537314,0.04057835820895522,0.017723880597014924,0.049906716417910446,0.07789179104477612,0.032182835820895525,0.025186567164179104,0.06716417910447761,0.14972014925373134,0.07835820895522388,0.022388059701492536,0.0457089552238806,0.04151119402985075,0.07789179104477612,0.04664179104477612,0.008395522388059701,0.021455223880597014,0.07136194029850747
C9JNU6,0.10416666666666667,0.041666666666666664,0.010416666666666666,0.020833333333333332,0.0,0.020833333333333332,0.03125,0.11458333333333333,0.03125,0.0625,0.07291666666666667,0.07291666666666667,0.041666666666666664,0.08333333333333333,0.03125,0.07291666666666667,0.052083333333333336,0.0,0.041666666666666664,0.09375
P52789,0.062159214830970554,0.06324972737186478,0.027262813522355506,0.06761177753544166,0.027262813522355506,0.03162486368593239,0.07960741548527808,0.09051254089422028,0.028353326063249727,0.05016357688113413,0.10032715376226826,0.05997818974918211,0.04143947655398037,0.04471101417666303,0.022900763358778626,0.04580152671755725,0.05670665212649945,0.006543075245365322,0.016357688113413305,0.07742639040348964
Q14527,0.057482656095143705,0.05252725470763132,0.05252725470763132,0.05450941526263627,0.017839444995044598,0.03865213082259663,0.07036669970267592,0.057482656095143705,0.024777006937561942,0.05550049554013875,0.10109018830525272,0.08721506442021804,0.023785926660059464,0.035678889990089196,0.05054509415262636,0.07135777998017839,0.05649157581764123,0.013875123885034688,0.02081268582755203,0.057482656095143705
Q9BUJ2,0.05957943925233645,0.07710280373831775,0.06191588785046729,0.04906542056074766,0.011682242990654205,0.07009345794392523,0.07359813084112149,0.10981308411214953,0.012850467289719626,0.030373831775700934,0.05023364485981308,0.04205607476635514,0.016355140186915886,0.03387850467289719,0.10163551401869159,0.05724299065420561,0.04322429906542056,0.009345794392523364,0.056074766355140186,0.03387850467289719
Q53GQ0,0.0673076923076923,0.028846153846153848,0.038461538461538464,0.035256410256410256,0.00641025641025641,0.016025641025641024,0.05128205128205128,0.08012820512820513,0.01282051282051282,0.07371794871794872,0.10256410256410256,0.08974358974358974,0.03205128205128205,0.035256410256410256,0.038461538461538464,0.08653846153846154,0.057692307692307696,0.01282051282051282,0.04487179487179487,0.08974358974358974
P07900,0.04644808743169399,0.040983606557377046,0.04234972677595628,0.07377049180327869,0.009562841530054645,0.03415300546448088,0.1325136612021858,0.04371584699453552,0.01639344262295082,0.06830601092896176,0.08469945355191257,0.1092896174863388,0.0273224043715847,0.03415300546448088,0.028688524590163935,0.05737704918032787,0.05874316939890711,0.00546448087431694,0.03415300546448088,0.05191256830601093
Q14568,0.04664723032069971,0.02040816326530612,0.037900874635568516,0.07871720116618076,0.0058309037900874635,0.043731778425655975,0.14868804664723032,0.052478134110787174,0.01749271137026239,0.06997084548104957,0.0728862973760933,0.10787172011661808,0.02040816326530612,0.037900874635568516,0.026239067055393587,0.05830903790087463,0.0728862973760933,0.011661807580174927,0.026239067055393587,0.043731778425655975
P08238,0.052486187845303865,0.04419889502762431,0.03867403314917127,0.07044198895027624,0.008287292817679558,0.029005524861878452,0.13259668508287292,0.04696132596685083,0.017955801104972375,0.06629834254143646,0.0856353591160221,0.10359116022099447,0.026243093922651933,0.03591160220994475,0.031767955801104975,0.06629834254143646,0.04696132596685083,0.0055248618784530384,0.03314917127071823,0.058011049723756904
P14625,0.0547945205479452,0.047322540473225407,0.034869240348692404,0.08094645080946451,0.0062266500622665,0.028642590286425903,0.1320049813200498,0.04234122042341221,0.012453300124533,0.05105853051058531,0.0859277708592777,0.09713574097135741,0.023661270236612703,0.038605230386052306,0.028642590286425903,0.0660024906600249,0.06351183063511831,0.0112079701120797,0.029887920298879204,0.0647571606475716
P54652,0.07668231611893583,0.050078247261345854,0.048513302034428794,0.07042253521126761,0.00782472613458529,0.0406885758998435,0.07668231611893583,0.09076682316118936,0.010954616588419406,0.07198748043818466,0.07042253521126761,0.081377151799687,0.01564945226917058,0.03286384976525822,0.03442879499217527,0.053208137715179966,0.07511737089201878,0.003129890453834116,0.025039123630672927,0.06416275430359937
P17066,0.08864696734059098,0.06998444790046657,0.03576982892690513,0.06531881804043546,0.012441679626749611,0.04665629860031104,0.08087091757387248,0.07931570762052877,0.01866251944012442,0.04665629860031104,0.08242612752721618,0.060653188180404355,0.015552099533437015,0.038880248833592534,0.038880248833592534,0.05287713841368585,0.06687402799377916,0.003110419906687403,0.02177293934681182,0.07465007776049767
P11142,0.07739938080495357,0.043343653250773995,0.05263157894736842,0.07120743034055728,0.006191950464396285,0.04024767801857585,0.07585139318885449,0.08204334365325078,0.010835913312693499,0.06811145510835913,0.06811145510835913,0.08359133126934984,0.020123839009287926,0.03715170278637771,0.03869969040247678,0.05417956656346749,0.07275541795665634,0.0030959752321981426,0.02321981424148607,0.07120743034055728
Q7Z6Z7,0.07430269775948788,0.05509830818472794,0.03200731595793324,0.0566986739826246,0.01577503429355281,0.05189757658893461,0.08161865569272976,0.05509830818472794,0.02263374485596708,0.041609510745313216,0.11316872427983539,0.043667123914037494,0.02606310013717421,0.028120713305898493,0.055326931870141746,0.09990855052583447,0.07018747142203932,0.00594421582075903,0.016689529035208046,0.0541838134430727
Q9Y4L1,0.08808808808808809,0.057057057057057055,0.03403403403403404,0.05205205205205205,0.004004004004004004,0.05105105105105105,0.11411411411411411,0.062062062062062065,0.011011011011011011,0.031031031031031032,0.0980980980980981,0.07707707707707707,0.025025025025025027,0.037037037037037035,0.05905905905905906,0.05205205205205205,0.05105105105105105,0.005005005005005005,0.016016016016016016,0.07507507507507508
P78318,0.09144542772861357,0.07374631268436578,0.032448377581120944,0.05604719764011799,0.0058997050147492625,0.07374631268436578,0.12094395280235988,0.035398230088495575,0.029498525073746312,0.035398230088495575,0.09734513274336283,0.058997050147492625,0.029498525073746312,0.02654867256637168,0.04424778761061947,0.06784660766961652,0.038348082595870206,0.011799410029498525,0.032448377581120944,0.038348082595870206
Q13123,0.06283662477558348,0.09874326750448834,0.03052064631956912,0.09156193895870736,0.003590664272890485,0.026929982046678635,0.13285457809694792,0.04308797127468582,0.01436265709156194,0.03231597845601436,0.05745062836624776,0.118491921005386,0.03052064631956912,0.02872531418312388,0.05206463195691203,0.05206463195691203,0.05206463195691203,0.005385996409335727,0.03770197486535009,0.02872531418312388
Q13418,0.0752212389380531,0.06858407079646017,0.059734513274336286,0.06415929203539823,0.01991150442477876,0.033185840707964605,0.05530973451327434,0.05752212389380531,0.035398230088495575,0.04424778761061947,0.09292035398230089,0.05752212389380531,0.04424778761061947,0.035398230088495575,0.06415929203539823,0.04424778761061947,0.03982300884955752,0.024336283185840708,0.015486725663716814,0.06858407079646017
A1L0T0,0.11550632911392406,0.061708860759493674,0.02689873417721519,0.04430379746835443,0.01740506329113924,0.04746835443037975,0.04430379746835443,0.09177215189873418,0.023734177215189875,0.03164556962025317,0.125,0.03322784810126582,0.0189873417721519,0.0379746835443038,0.058544303797468354,0.04588607594936709,0.04113924050632911,0.012658227848101266,0.014240506329113924,0.10759493670886076
Q16891,0.12532981530343007,0.05408970976253298,0.025065963060686015,0.040897097625329816,0.009234828496042216,0.06728232189973615,0.10026385224274406,0.040897097625329816,0.021108179419525065,0.044854881266490766,0.10026385224274406,0.07519788918205805,0.0158311345646438,0.01978891820580475,0.04221635883905013,0.08047493403693931,0.05013192612137203,0.006596306068601583,0.01978891820580475,0.06068601583113457
P12268,0.0914396887159533,0.042801556420233464,0.027237354085603113,0.07198443579766536,0.01556420233463035,0.042801556420233464,0.048638132295719845,0.0914396887159533,0.021400778210116732,0.07198443579766536,0.08560311284046693,0.07198443579766536,0.027237354085603113,0.03501945525291829,0.0311284046692607,0.06420233463035019,0.05252918287937743,0.0,0.033073929961089495,0.07392996108949416
Q8TEX9,0.10823311748381129,0.05365402405180388,0.016651248843663275,0.041628122109158186,0.02497687326549491,0.04902867715078631,0.09620721554116558,0.04810360777058279,0.024051803885291396,0.030527289546716005,0.17391304347826086,0.030527289546716005,0.022201665124884366,0.032377428307123035,0.0666049953746531,0.060129509713228495,0.0425531914893617,0.0027752081406105457,0.014801110083256245,0.06105457909343201
O00410,0.08842297174111212,0.03190519598906107,0.04375569735642662,0.06198723792160438,0.023701002734731084,0.06381039197812215,0.08113035551504102,0.04375569735642662,0.02643573381950775,0.054694621695533276,0.11759343664539654,0.053783044667274384,0.03828623518687329,0.03828623518687329,0.041932543299908843,0.05104831358249772,0.03555150410209663,0.011850501367365542,0.024612579762989972,0.0674567000911577
Q96P70,0.0989433237271854,0.0345821325648415,0.029779058597502402,0.04899135446685879,0.01633045148895293,0.06051873198847262,0.0845341018251681,0.04226705091258405,0.022094140249759846,0.06051873198847262,0.10951008645533142,0.0393852065321806,0.029779058597502402,0.0393852065321806,0.04514889529298751,0.06243996157540826,0.06051873198847262,0.01536983669548511,0.022094140249759846,0.07780979827089338
Q6DN90,0.05192107995846314,0.08099688473520249,0.037383177570093455,0.060228452751817235,0.01557632398753894,0.05192107995846314,0.08203530633437175,0.058151609553478714,0.023883696780893044,0.036344755970924195,0.10072689511941849,0.055036344755970926,0.01973001038421599,0.032191069574247146,0.059190031152647975,0.11941848390446522,0.03842159916926272,0.003115264797507788,0.02596053997923157,0.04776739356178609
P51617,0.10814606741573034,0.060393258426966294,0.016853932584269662,0.0351123595505618,0.023876404494382022,0.05337078651685393,0.06179775280898876,0.0800561797752809,0.02247191011235955,0.028089887640449437,0.10814606741573034,0.026685393258426966,0.011235955056179775,0.02949438202247191,0.10252808988764045,0.09831460674157304,0.0449438202247191,0.019662921348314606,0.019662921348314606,0.04915730337078652
O14654,0.11455847255369929,0.08353221957040573,0.03420843277645187,0.05250596658711217,0.014319809069212411,0.03579952267303103,0.060461416070007955,0.10819411296738266,0.018297533810660304,0.020684168655529037,0.061256961018297536,0.03818615751789976,0.01909307875894988,0.035003977724741446,0.09148766905330151,0.10739856801909307,0.028639618138424822,0.008750994431185362,0.022275258552108195,0.045346062052505964
Q53G59,0.06338028169014084,0.058098591549295774,0.03169014084507042,0.06338028169014084,0.02992957746478873,0.03697183098591549,0.06690140845070422,0.0721830985915493,0.02464788732394366,0.04929577464788732,0.09154929577464789,0.03873239436619718,0.02992957746478873,0.028169014084507043,0.03873239436619718,0.07394366197183098,0.061619718309859156,0.01232394366197183,0.03873239436619718,0.0897887323943662
Q9Y448,0.06645569620253164,0.05379746835443038,0.0379746835443038,0.05063291139240506,0.015822784810126583,0.06962025316455696,0.10126582278481013,0.04430379746835443,0.012658227848101266,0.006329113924050633,0.13924050632911392,0.08860759493670886,0.028481012658227847,0.0189873417721519,0.04746835443037975,0.06329113924050633,0.08860759493670886,0.0031645569620253164,0.00949367088607595,0.05379746835443038
Q14974,0.09931506849315068,0.0365296803652968,0.04337899543378995,0.0593607305936073,0.026255707762557076,0.06164383561643835,0.0821917808219178,0.04337899543378995,0.014840182648401826,0.05593607305936073,0.11529680365296803,0.04908675799086758,0.0273972602739726,0.026255707762557076,0.04223744292237443,0.05593607305936073,0.04908675799086758,0.0091324200913242,0.026255707762557076,0.07648401826484018
A5PL33,0.0825242718446602,0.07184466019417475,0.011650485436893204,0.03203883495145631,0.02621359223300971,0.04660194174757282,0.06310679611650485,0.1145631067961165,0.02912621359223301,0.009708737864077669,0.10194174757281553,0.027184466019417475,0.005825242718446602,0.009708737864077669,0.16213592233009708,0.11067961165048544,0.039805825242718446,0.01650485436893204,0.003883495145631068,0.03495145631067961
P13645,0.03767123287671233,0.0410958904109589,0.04280821917808219,0.032534246575342464,0.00684931506849315,0.04452054794520548,0.07534246575342465,0.2568493150684932,0.0136986301369863,0.03424657534246575,0.08047945205479452,0.039383561643835614,0.010273972602739725,0.030821917808219176,0.005136986301369863,0.1506849315068493,0.0273972602739726,0.003424657534246575,0.04280821917808219,0.023972602739726026
P02533,0.0635593220338983,0.06779661016949153,0.0423728813559322,0.05084745762711865,0.012711864406779662,0.05296610169491525,0.09533898305084745,0.11228813559322035,0.00847457627118644,0.038135593220338986,0.1016949152542373,0.048728813559322036,0.03177966101694915,0.025423728813559324,0.00847457627118644,0.11016949152542373,0.046610169491525424,0.00423728813559322,0.02754237288135593,0.05084745762711865
P35908,0.048513302034428794,0.050078247261345854,0.03912363067292645,0.03912363067292645,0.00782472613458529,0.048513302034428794,0.06259780907668232,0.215962441314554,0.012519561815336464,0.04538341158059468,0.07042253521126761,0.054773082942097026,0.010954616588419406,0.03912363067292645,0.012519561815336464,0.13145539906103287,0.026604068857589983,0.001564945226917058,0.028169014084507043,0.054773082942097026
Q7Z3Y7,0.08405172413793104,0.04956896551724138,0.05818965517241379,0.040948275862068964,0.023706896551724137,0.05172413793103448,0.09698275862068965,0.09267241379310345,0.02586206896551724,0.034482758620689655,0.11422413793103449,0.05387931034482758,0.01939655172413793,0.01939655172413793,0.01293103448275862,0.09051724137931035,0.05603448275862069,0.004310344827586207,0.02586206896551724,0.04525862068965517
P02538,0.07446808510638298,0.06382978723404255,0.0425531914893617,0.0425531914893617,0.008865248226950355,0.05319148936170213,0.07092198581560284,0.14361702127659576,0.008865248226950355,0.047872340425531915,0.09219858156028368,0.05319148936170213,0.014184397163120567,0.030141843971631204,0.014184397163120567,0.10638297872340426,0.04609929078014184,0.0035460992907801418,0.030141843971631204,0.05319148936170213
P04259,0.07624113475177305,0.06382978723404255,0.04609929078014184,0.044326241134751775,0.008865248226950355,0.05319148936170213,0.06914893617021277,0.14184397163120568,0.008865248226950355,0.04964539007092199,0.09397163120567376,0.05319148936170213,0.014184397163120567,0.028368794326241134,0.014184397163120567,0.10460992907801418,0.04609929078014184,0.0035460992907801418,0.030141843971631204,0.04964539007092199
F8W1S1,0.09760589318600368,0.06629834254143646,0.03867403314917127,0.05156537753222836,0.014732965009208104,0.04788213627992634,0.08103130755064457,0.07918968692449356,0.016574585635359115,0.04788213627992634,0.10313075506445672,0.06629834254143646,0.01841620626151013,0.022099447513812154,0.027624309392265192,0.09760589318600368,0.03314917127071823,0.003683241252302026,0.027624309392265192,0.058931860036832415
Q8N1N4,0.06346153846153846,0.06346153846153846,0.026923076923076925,0.03461538461538462,0.026923076923076925,0.07884615384615384,0.09230769230769231,0.09807692307692308,0.011538461538461539,0.03653846153846154,0.11538461538461539,0.051923076923076926,0.013461538461538462,0.026923076923076925,0.01730769230769231,0.11346153846153846,0.051923076923076926,0.0057692307692307696,0.021153846153846155,0.05
Q9UN81,0.047337278106508875,0.10946745562130178,0.0621301775147929,0.03254437869822485,0.011834319526627219,0.05621301775147929,0.1301775147928994,0.03254437869822485,0.005917159763313609,0.05621301775147929,0.08284023668639054,0.09467455621301775,0.03254437869822485,0.03254437869822485,0.04437869822485207,0.05917159763313609,0.05325443786982249,0.008875739644970414,0.01775147928994083,0.029585798816568046
Q71RC2,0.06077348066298342,0.05662983425414365,0.055248618784530384,0.03867403314917127,0.016574585635359115,0.055248618784530384,0.08425414364640885,0.05386740331491713,0.017955801104972375,0.04419889502762431,0.058011049723756904,0.058011049723756904,0.019337016574585635,0.03314917127071823,0.08149171270718232,0.10497237569060773,0.06767955801104972,0.006906077348066298,0.03038674033149171,0.05662983425414365
Q92615,0.08672086720867209,0.05962059620596206,0.04065040650406504,0.044715447154471545,0.009485094850948509,0.05555555555555555,0.07452574525745258,0.05555555555555555,0.014905149051490514,0.032520325203252036,0.07588075880758807,0.05555555555555555,0.009485094850948509,0.03116531165311653,0.10975609756097561,0.10569105691056911,0.058265582655826556,0.005420054200542005,0.024390243902439025,0.05013550135501355
Q14739,0.056910569105691054,0.06666666666666667,0.032520325203252036,0.03414634146341464,0.011382113821138212,0.024390243902439025,0.056910569105691054,0.06016260162601626,0.022764227642276424,0.055284552845528454,0.12032520325203253,0.056910569105691054,0.01951219512195122,0.06341463414634146,0.06016260162601626,0.07967479674796749,0.03577235772357724,0.01788617886178862,0.05365853658536585,0.07154471544715447
P07195,0.06287425149700598,0.023952095808383235,0.05089820359281437,0.05688622754491018,0.014970059880239521,0.03293413173652695,0.06287425149700598,0.0688622754491018,0.020958083832335328,0.0718562874251497,0.10778443113772455,0.07784431137724551,0.029940119760479042,0.014970059880239521,0.03293413173652695,0.07784431137724551,0.038922155688622756,0.017964071856287425,0.020958083832335328,0.11377245508982035
Q9NUP9,0.09137055837563451,0.08121827411167512,0.025380710659898477,0.02030456852791878,0.01015228426395939,0.050761421319796954,0.116751269035533,0.07614213197969544,0.030456852791878174,0.04568527918781726,0.08629441624365482,0.06598984771573604,0.02030456852791878,0.02030456852791878,0.04568527918781726,0.06598984771573604,0.030456852791878174,0.0,0.02030456852791878,0.09644670050761421
P02545,0.08885542168674698,0.0963855421686747,0.03162650602409638,0.05421686746987952,0.007530120481927711,0.060240963855421686,0.10692771084337349,0.06325301204819277,0.01957831325301205,0.024096385542168676,0.10993975903614457,0.060240963855421686,0.015060240963855422,0.012048192771084338,0.022590361445783132,0.10391566265060241,0.05421686746987952,0.006024096385542169,0.016566265060240965,0.046686746987951805
P20700,0.08703071672354949,0.08191126279863481,0.034129692832764506,0.052901023890784986,0.008532423208191127,0.052901023890784986,0.1348122866894198,0.040955631399317405,0.011945392491467578,0.03583617747440273,0.11092150170648464,0.06655290102389079,0.023890784982935155,0.006825938566552901,0.02218430034129693,0.08703071672354949,0.059726962457337884,0.006825938566552901,0.023890784982935155,0.051194539249146756
Q8NF37,0.10861423220973783,0.06741573033707865,0.016853932584269662,0.04868913857677903,0.020599250936329586,0.033707865168539325,0.0749063670411985,0.0599250936329588,0.011235955056179775,0.04307116104868914,0.1104868913857678,0.0449438202247191,0.028089887640449437,0.04868913857677903,0.06928838951310862,0.0599250936329588,0.052434456928838954,0.0149812734082397,0.020599250936329586,0.06554307116104868
P42704,0.08034433285509325,0.04806312769010043,0.046628407460545196,0.05164992826398852,0.015064562410329985,0.04447632711621234,0.08464849354375897,0.04519368723098996,0.017934002869440458,0.05595408895265423,0.13558106169296988,0.07317073170731707,0.02295552367288379,0.03802008608321377,0.0351506456241033,0.058823529411764705,0.04519368723098996,0.006456241032998565,0.03443328550932568,0.06025824964131994
Q8ND56,0.06047516198704104,0.10151187904967603,0.0367170626349892,0.05399568034557235,0.008639308855291577,0.04535637149028078,0.06911447084233262,0.12526997840172785,0.01079913606911447,0.032397408207343416,0.04967602591792657,0.04967602591792657,0.01079913606911447,0.05399568034557235,0.0755939524838013,0.09719222462203024,0.058315334773218146,0.0021598272138228943,0.02159827213822894,0.0367170626349892
Q9Y4Y9,0.03296703296703297,0.03296703296703297,0.06593406593406594,0.06593406593406594,0.01098901098901099,0.02197802197802198,0.08791208791208792,0.08791208791208792,0.01098901098901099,0.08791208791208792,0.12087912087912088,0.04395604395604396,0.04395604395604396,0.03296703296703297,0.054945054945054944,0.03296703296703297,0.07692307692307693,0.0,0.0,0.08791208791208792
Q9NQ29,0.07816711590296496,0.1778975741239892,0.016172506738544475,0.0673854447439353,0.018867924528301886,0.03773584905660377,0.12129380053908356,0.04582210242587601,0.03234501347708895,0.026954177897574125,0.08355795148247978,0.07008086253369272,0.0215633423180593,0.0215633423180593,0.01078167115902965,0.09973045822102426,0.026954177897574125,0.005390835579514825,0.01078167115902965,0.026954177897574125
Q9Y383,0.0663265306122449,0.18112244897959184,0.02040816326530612,0.07142857142857142,0.02040816326530612,0.04081632653061224,0.11989795918367346,0.03316326530612245,0.03826530612244898,0.02040816326530612,0.06887755102040816,0.07908163265306123,0.02295918367346939,0.02295918367346939,0.01020408163265306,0.11734693877551021,0.017857142857142856,0.0,0.01020408163265306,0.03826530612244898
J3KPP4,0.03885480572597137,0.1656441717791411,0.022494887525562373,0.05930470347648262,0.018404907975460124,0.044989775051124746,0.12883435582822086,0.0408997955010225,0.024539877300613498,0.024539877300613498,0.0736196319018405,0.09611451942740286,0.02044989775051125,0.016359918200409,0.016359918200409,0.11042944785276074,0.03067484662576687,0.002044989775051125,0.02044989775051125,0.044989775051124746
Q9Y5V3,0.11825192802056556,0.05012853470437018,0.05912596401028278,0.05269922879177378,0.002570694087403599,0.06298200514138817,0.05141388174807198,0.056555269922879174,0.006426735218508998,0.042416452442159386,0.06812339331619537,0.04498714652956298,0.017994858611825194,0.032133676092544985,0.11568123393316196,0.05269922879177378,0.06298200514138817,0.042416452442159386,0.017994858611825194,0.042416452442159386
Q9UNF1,0.1485148514851485,0.057755775577557754,0.024752475247524754,0.04785478547854786,0.0049504950495049506,0.041254125412541254,0.07260726072607261,0.066006600660066,0.00825082508250825,0.033003300330033,0.07590759075907591,0.08745874587458746,0.019801980198019802,0.02145214521452145,0.0462046204620462,0.10066006600660066,0.066006600660066,0.01155115511551155,0.019801980198019802,0.0462046204620462
P33993,0.08344923504867872,0.08623087621696801,0.02642559109874826,0.059805285118219746,0.015299026425591099,0.061196105702364396,0.07927677329624479,0.055632823365785816,0.013908205841446454,0.048678720445062586,0.09874826147426982,0.04450625869262865,0.031988873435326845,0.027816411682892908,0.043115438108484005,0.059805285118219746,0.04728789986091794,0.004172461752433936,0.03477051460361613,0.07788595271210014
Q9HAF1,0.08376963350785341,0.07853403141361257,0.06806282722513089,0.06282722513089005,0.0,0.05759162303664921,0.08376963350785341,0.04712041884816754,0.031413612565445025,0.031413612565445025,0.06806282722513089,0.09424083769633508,0.015706806282722512,0.020942408376963352,0.04712041884816754,0.10471204188481675,0.041884816753926704,0.005235602094240838,0.02617801047120419,0.031413612565445025
Q9Y3C7,0.09923664122137404,0.05343511450381679,0.061068702290076333,0.03816793893129771,0.022900763358778626,0.11450381679389313,0.06870229007633588,0.022900763358778626,0.030534351145038167,0.015267175572519083,0.13740458015267176,0.07633587786259542,0.030534351145038167,0.05343511450381679,0.022900763358778626,0.015267175572519083,0.015267175572519083,0.015267175572519083,0.07633587786259542,0.030534351145038167
Q5XKP0,0.11016949152542373,0.0423728813559322,0.00847457627118644,0.025423728813559324,0.00847457627118644,0.07627118644067797,0.0423728813559322,0.06779661016949153,0.0,0.0423728813559322,0.07627118644067797,0.06779661016949153,0.0423728813559322,0.025423728813559324,0.07627118644067797,0.0847457627118644,0.025423728813559324,0.025423728813559324,0.059322033898305086,0.09322033898305085
Q6PJG2,0.07942583732057416,0.06698564593301436,0.03062200956937799,0.027751196172248804,0.00861244019138756,0.08516746411483253,0.0784688995215311,0.06985645933014355,0.022966507177033493,0.028708133971291867,0.08229665071770335,0.05741626794258373,0.015311004784688996,0.026794258373205742,0.12057416267942583,0.07751196172248803,0.045933014354066985,0.0066985645933014355,0.01722488038277512,0.05167464114832536
Q15773,0.056451612903225805,0.125,0.028225806451612902,0.06854838709677419,0.004032258064516129,0.05241935483870968,0.06854838709677419,0.10483870967741936,0.028225806451612902,0.04032258064516129,0.04032258064516129,0.004032258064516129,0.07661290322580645,0.05241935483870968,0.056451612903225805,0.10080645161290322,0.04435483870967742,0.008064516129032258,0.020161290322580645,0.020161290322580645
Q96T76,0.09320388349514563,0.04854368932038835,0.02330097087378641,0.04563106796116505,0.02912621359223301,0.05533980582524272,0.05728155339805825,0.04174757281553398,0.030097087378640777,0.02621359223300971,0.16893203883495145,0.035922330097087375,0.018446601941747572,0.039805825242718446,0.06116504854368932,0.08349514563106795,0.040776699029126215,0.007766990291262136,0.013592233009708738,0.07961165048543689
Q13724,0.08721624850657109,0.07646356033452807,0.015531660692951015,0.04181600955794504,0.0035842293906810036,0.04540023894862605,0.05137395459976105,0.11230585424133811,0.03345280764635603,0.013142174432497013,0.13500597371565112,0.023894862604540025,0.009557945041816009,0.04181600955794504,0.08363201911589008,0.06451612903225806,0.04181600955794504,0.02986857825567503,0.025089605734767026,0.06451612903225806
Q7Z3U7,0.07047175305765871,0.037274315666860805,0.040768782760629,0.0361094933022714,0.021549213744903904,0.054746651135701804,0.06523005241700641,0.047757716948165406,0.020966802562609202,0.057076295864880604,0.12754804892253932,0.046592894583576,0.023878858474082703,0.039021549213744906,0.054746651135701804,0.0850320326150262,0.06231799650553291,0.015142690739662202,0.0168899242865463,0.0768782760629004
Q9UBU8,0.07458563535911603,0.04696132596685083,0.04419889502762431,0.049723756906077346,0.0055248618784530384,0.04696132596685083,0.07734806629834254,0.04696132596685083,0.024861878453038673,0.024861878453038673,0.09392265193370165,0.1132596685082873,0.016574585635359115,0.03038674033149171,0.0718232044198895,0.049723756906077346,0.04143646408839779,0.013812154696132596,0.049723756906077346,0.07734806629834254
Q15014,0.09375,0.0625,0.04861111111111111,0.034722222222222224,0.003472222222222222,0.05555555555555555,0.0763888888888889,0.06597222222222222,0.013888888888888888,0.017361111111111112,0.09375,0.10416666666666667,0.024305555555555556,0.027777777777777776,0.06944444444444445,0.07291666666666667,0.034722222222222224,0.010416666666666666,0.03819444444444445,0.052083333333333336
O75970,0.07004830917874397,0.04057971014492753,0.0391304347826087,0.0536231884057971,0.011111111111111112,0.04492753623188406,0.07971014492753623,0.09082125603864734,0.022222222222222223,0.07294685990338164,0.09516908212560386,0.04734299516908213,0.018357487922705314,0.021256038647342997,0.05217391304347826,0.10048309178743961,0.05507246376811594,0.003864734299516908,0.014009661835748793,0.06714975845410628
Q9NV56,0.06862745098039216,0.05392156862745098,0.0392156862745098,0.058823529411764705,0.014705882352941176,0.0196078431372549,0.11274509803921569,0.08333333333333333,0.03431372549019608,0.0392156862745098,0.04411764705882353,0.08333333333333333,0.0392156862745098,0.029411764705882353,0.058823529411764705,0.09803921568627451,0.029411764705882353,0.00980392156862745,0.004901960784313725,0.0784313725490196
P82912,0.14432989690721648,0.07216494845360824,0.041237113402061855,0.010309278350515464,0.015463917525773196,0.05154639175257732,0.041237113402061855,0.0979381443298969,0.030927835051546393,0.07731958762886598,0.04639175257731959,0.06701030927835051,0.015463917525773196,0.02577319587628866,0.061855670103092786,0.061855670103092786,0.061855670103092786,0.015463917525773196,0.005154639175257732,0.05670103092783505
Q9NP92,0.10250569476082004,0.07972665148063782,0.03644646924829157,0.05466970387243736,0.025056947608200455,0.05239179954441914,0.06150341685649203,0.029612756264236904,0.025056947608200455,0.04555808656036447,0.10250569476082004,0.04328018223234624,0.01366742596810934,0.04555808656036447,0.07517084282460136,0.04100227790432802,0.05466970387243736,0.015945330296127564,0.0387243735763098,0.05694760820045558
Q92665,0.05822784810126582,0.07088607594936709,0.04556962025316456,0.04556962025316456,0.005063291139240506,0.043037974683544304,0.09367088607594937,0.0379746835443038,0.020253164556962026,0.04810126582278481,0.08860759493670886,0.09367088607594937,0.017721518987341773,0.04810126582278481,0.05569620253164557,0.08860759493670886,0.06582278481012659,0.010126582278481013,0.017721518987341773,0.04556962025316456
P52701,0.06470588235294118,0.06323529411764706,0.03308823529411765,0.054411764705882354,0.023529411764705882,0.027941176470588237,0.08823529411764706,0.06691176470588235,0.01911764705882353,0.04485294117647059,0.09117647058823529,0.07426470588235294,0.022058823529411766,0.03897058823529412,0.047058823529411764,0.08602941176470588,0.05661764705882353,0.011764705882352941,0.030147058823529412,0.05588235294117647
P13995,0.09714285714285714,0.054285714285714284,0.05142857142857143,0.045714285714285714,0.008571428571428572,0.025714285714285714,0.06,0.07142857142857142,0.03142857142857143,0.07428571428571429,0.09428571428571429,0.06285714285714286,0.03142857142857143,0.008571428571428572,0.05714285714285714,0.05142857142857143,0.04857142857142857,0.008571428571428572,0.011428571428571429,0.10571428571428572
Q9NYA4,0.0602510460251046,0.05188284518828452,0.04351464435146443,0.05690376569037657,0.04435146443514645,0.0502092050209205,0.06694560669456066,0.05606694560669456,0.032635983263598324,0.027615062761506277,0.09288702928870293,0.045188284518828455,0.017573221757322177,0.03430962343096234,0.07447698744769875,0.09623430962343096,0.04351464435146443,0.018410041841004185,0.023430962343096235,0.06359832635983263
Q99707,0.08458498023715415,0.0466403162055336,0.03715415019762846,0.062450592885375494,0.01818181818181818,0.03241106719367589,0.0774703557312253,0.0782608695652174,0.021343873517786563,0.07272727272727272,0.09249011857707509,0.06561264822134387,0.02924901185770751,0.037944664031620556,0.0458498023715415,0.048221343873517786,0.0458498023715415,0.0071146245059288534,0.034782608695652174,0.0616600790513834
O43795,0.06866197183098592,0.06690140845070422,0.058098591549295774,0.04137323943661972,0.01584507042253521,0.045774647887323945,0.07922535211267606,0.04225352112676056,0.01936619718309859,0.06073943661971831,0.0994718309859155,0.09507042253521127,0.016725352112676055,0.04753521126760563,0.028169014084507043,0.0625,0.03697183098591549,0.013204225352112676,0.04137323943661972,0.06073943661971831
P55209,0.04859335038363171,0.03580562659846547,0.03324808184143223,0.10741687979539642,0.01278772378516624,0.043478260869565216,0.1585677749360614,0.043478260869565216,0.015345268542199489,0.05115089514066496,0.06905370843989769,0.09207161125319693,0.017902813299232736,0.04859335038363171,0.05370843989769821,0.03324808184143223,0.04603580562659847,0.0076726342710997444,0.02557544757033248,0.056265984654731455
Q99733,0.064,0.037333333333333336,0.04,0.08533333333333333,0.008,0.029333333333333333,0.136,0.048,0.024,0.042666666666666665,0.058666666666666666,0.08533333333333333,0.016,0.064,0.056,0.056,0.05333333333333334,0.008,0.021333333333333333,0.06666666666666667
Q09161,0.05949367088607595,0.05443037974683544,0.04050632911392405,0.056962025316455694,0.024050632911392405,0.049367088607594936,0.07974683544303797,0.024050632911392405,0.0379746835443038,0.05189873417721519,0.11012658227848102,0.060759493670886074,0.02531645569620253,0.05063291139240506,0.05189873417721519,0.06582278481012659,0.043037974683544304,0.017721518987341773,0.027848101265822784,0.06835443037974684
Q969V3,0.108348134991119,0.06216696269982238,0.02486678507992895,0.0497335701598579,0.0053285968028419185,0.056838365896980464,0.0586145648312611,0.047957371225577264,0.03019538188277087,0.028419182948490232,0.1261101243339254,0.037300177619893425,0.03019538188277087,0.04262877442273535,0.03907637655417407,0.06394316163410302,0.055062166962699825,0.008880994671403197,0.03374777975133215,0.0905861456483126
O00483,0.04938271604938271,0.04938271604938271,0.07407407407407407,0.06172839506172839,0.012345679012345678,0.037037037037037035,0.024691358024691357,0.06172839506172839,0.012345679012345678,0.04938271604938271,0.12345679012345678,0.08641975308641975,0.012345679012345678,0.06172839506172839,0.08641975308641975,0.037037037037037035,0.037037037037037035,0.024691358024691357,0.04938271604938271,0.04938271604938271
P51970,0.05232558139534884,0.06976744186046512,0.01744186046511628,0.06395348837209303,0.046511627906976744,0.040697674418604654,0.09302325581395349,0.046511627906976744,0.03488372093023256,0.029069767441860465,0.0872093023255814,0.09302325581395349,0.011627906976744186,0.046511627906976744,0.08139534883720931,0.03488372093023256,0.046511627906976744,0.023255813953488372,0.029069767441860465,0.05232558139534884
P07197,0.07532751091703056,0.04039301310043668,0.015283842794759825,0.03820960698689956,0.001091703056768559,0.0425764192139738,0.2019650655021834,0.055676855895196505,0.018558951965065504,0.03275109170305677,0.05895196506550218,0.12445414847161572,0.009825327510917031,0.012008733624454149,0.04039301310043668,0.09716157205240175,0.043668122270742356,0.0032751091703056767,0.017467248908296942,0.07096069868995633
O14524,0.038288288288288286,0.04279279279279279,0.033783783783783786,0.02252252252252252,0.03153153153153153,0.04279279279279279,0.07657657657657657,0.06306306306306306,0.01126126126126126,0.08108108108108109,0.11261261261261261,0.05405405405405406,0.02027027027027027,0.04954954954954955,0.038288288288288286,0.08108108108108109,0.0518018018018018,0.02252252252252252,0.04504504504504504,0.08108108108108109
Q6ZNB6,0.052689352360043906,0.06476399560922064,0.026344676180021953,0.027442371020856202,0.12403951701427003,0.050493962678375415,0.07025246981339188,0.07025246981339188,0.042810098792535674,0.024149286498353458,0.050493962678375415,0.09220636663007684,0.013172338090010977,0.019758507135016465,0.08122941822173436,0.05598243688254665,0.05159165751920966,0.010976948408342482,0.015367727771679473,0.05598243688254665
Q9BPW8,0.06690140845070422,0.08098591549295775,0.05985915492957746,0.03873239436619718,0.01056338028169014,0.03873239436619718,0.07042253521126761,0.056338028169014086,0.028169014084507043,0.03169014084507042,0.1056338028169014,0.05985915492957746,0.028169014084507043,0.035211267605633804,0.0528169014084507,0.06690140845070422,0.03169014084507042,0.035211267605633804,0.0528169014084507,0.04929577464788732
Q8N5F7,0.05542168674698795,0.12289156626506025,0.021686746987951807,0.05301204819277108,0.004819277108433735,0.01927710843373494,0.10361445783132531,0.06265060240963856,0.016867469879518072,0.01927710843373494,0.04578313253012048,0.13493975903614458,0.012048192771084338,0.012048192771084338,0.05783132530120482,0.17590361445783131,0.02650602409638554,0.007228915662650603,0.02891566265060241,0.01927710843373494
Q5C9Z4,0.08372093023255814,0.08139534883720931,0.026744186046511628,0.053488372093023255,0.011627906976744186,0.03372093023255814,0.1058139534883721,0.07325581395348837,0.023255813953488372,0.03488372093023256,0.10930232558139535,0.08255813953488372,0.023255813953488372,0.03488372093023256,0.03488372093023256,0.07906976744186046,0.04186046511627907,0.005813953488372093,0.012790697674418604,0.047674418604651166
Q5JPE7,0.049723756906077346,0.036306235201262825,0.03472770323599053,0.04814522494080505,0.01499605367008682,0.042620363062352014,0.06550907655880031,0.08445146014206788,0.021310181531176007,0.05130228887134965,0.10102604577742699,0.05445935280189424,0.01578531965272297,0.04656669297553275,0.05367008681925809,0.07813733228097869,0.07103393843725335,0.006314127861089187,0.036306235201262825,0.08760852407261246
Q9Y3C1,0.08426966292134831,0.11797752808988764,0.056179775280898875,0.06179775280898876,0.0056179775280898875,0.033707865168539325,0.08426966292134831,0.028089887640449437,0.02247191011235955,0.033707865168539325,0.06741573033707865,0.11797752808988764,0.033707865168539325,0.016853932584269662,0.05056179775280899,0.03932584269662921,0.016853932584269662,0.011235955056179775,0.05056179775280899,0.06741573033707865
P55786,0.08269858541893363,0.046789989118607184,0.03482045701849837,0.062023939064200215,0.013057671381936888,0.03482045701849837,0.06964091403699674,0.05984766050054407,0.01958650707290533,0.046789989118607184,0.10772578890097932,0.062023939064200215,0.022850924918389554,0.04461371055495103,0.0544069640914037,0.060935799782372145,0.05005440696409141,0.020674646354733407,0.03264417845484222,0.07399347116430903
Q8TAT6,0.05756578947368421,0.04276315789473684,0.044407894736842105,0.054276315789473686,0.027960526315789474,0.04276315789473684,0.06743421052631579,0.06907894736842106,0.03289473684210526,0.05098684210526316,0.08717105263157894,0.05921052631578947,0.01644736842105263,0.05098684210526316,0.05756578947368421,0.06743421052631579,0.06743421052631579,0.009868421052631578,0.03289473684210526,0.06085526315789474
O75607,0.08426966292134831,0.05056179775280899,0.02247191011235955,0.056179775280898875,0.028089887640449437,0.03932584269662921,0.12359550561797752,0.07303370786516854,0.028089887640449437,0.02247191011235955,0.0898876404494382,0.033707865168539325,0.028089887640449437,0.0449438202247191,0.056179775280898875,0.07303370786516854,0.056179775280898875,0.0,0.0,0.0898876404494382
Q9BSD7,0.031578947368421054,0.07894736842105263,0.02631578947368421,0.03684210526315789,0.021052631578947368,0.042105263157894736,0.05789473684210526,0.1,0.015789473684210527,0.05263157894736842,0.09473684210526316,0.05789473684210526,0.010526315789473684,0.03684210526315789,0.07368421052631578,0.06315789473684211,0.06842105263157895,0.0,0.010526315789473684,0.12105263157894737
O43809,0.03524229074889868,0.05726872246696035,0.048458149779735685,0.03524229074889868,0.004405286343612335,0.05286343612334802,0.07048458149779736,0.07048458149779736,0.022026431718061675,0.05286343612334802,0.11894273127753303,0.06167400881057269,0.01762114537444934,0.05286343612334802,0.0881057268722467,0.030837004405286344,0.05726872246696035,0.01762114537444934,0.04405286343612335,0.06167400881057269
P57740,0.06594594594594595,0.057297297297297295,0.032432432432432434,0.05837837837837838,0.014054054054054054,0.05189189189189189,0.09405405405405405,0.04,0.02810810810810811,0.04540540540540541,0.12,0.05621621621621622,0.024864864864864864,0.043243243243243246,0.03567567567567568,0.0681081081081081,0.05945945945945946,0.018378378378378378,0.024864864864864864,0.061621621621621624
Q8WUM0,0.07006920415224914,0.04152249134948097,0.039792387543252594,0.058823529411764705,0.015570934256055362,0.04844290657439446,0.07525951557093426,0.05363321799307959,0.02162629757785467,0.05795847750865052,0.12283737024221453,0.04930795847750865,0.018166089965397925,0.03373702422145329,0.04238754325259515,0.10640138408304499,0.04325259515570934,0.01384083044982699,0.0328719723183391,0.054498269896193774
Q5SRE5,0.06918238993710692,0.050314465408805034,0.022870211549456832,0.046883933676386505,0.024585477415666093,0.058319039451114926,0.0577472841623785,0.04974271012006861,0.029159519725557463,0.04516866781017725,0.15208690680388792,0.04345340194396798,0.02801600914808462,0.030874785591766724,0.04288164665523156,0.08061749571183534,0.06289308176100629,0.012006861063464836,0.029159519725557463,0.06403659233847914
Q92621,0.06908548707753479,0.055666003976143144,0.029324055666003976,0.04821073558648111,0.020874751491053677,0.06709741550695825,0.07107355864811134,0.04771371769383698,0.025347912524850896,0.05715705765407555,0.1496023856858847,0.04473161033797217,0.02286282306163022,0.037276341948310136,0.04721669980119284,0.06759443339960239,0.042743538767395624,0.009940357852882704,0.028330019880715707,0.05815109343936382
Q8TEM1,0.08479067302596714,0.04557498675145734,0.02755696873343932,0.03762586115527292,0.008479067302596715,0.05087440381558029,0.051934287228404874,0.06306306306306306,0.028616852146263912,0.05564387917329094,0.10121886592474828,0.034446210916799155,0.018018018018018018,0.03815580286168521,0.06465288818229994,0.09114997350291468,0.06518282988871224,0.007419183889772125,0.025967143614202437,0.0996290408055114
Q8N1F7,0.0695970695970696,0.06837606837606838,0.042735042735042736,0.05860805860805861,0.01098901098901099,0.05860805860805861,0.08058608058608059,0.04395604395604396,0.019536019536019536,0.04151404151404151,0.12576312576312576,0.047619047619047616,0.02442002442002442,0.0463980463980464,0.03663003663003663,0.0757020757020757,0.050061050061050064,0.006105006105006105,0.031746031746031744,0.06105006105006105
Q5W0B1,0.0371900826446281,0.03856749311294766,0.06198347107438017,0.05785123966942149,0.03168044077134986,0.04269972451790634,0.09504132231404959,0.03581267217630854,0.01928374655647383,0.03305785123966942,0.10055096418732783,0.09090909090909091,0.01652892561983471,0.027548209366391185,0.04132231404958678,0.15426997245179064,0.049586776859504134,0.008264462809917356,0.013774104683195593,0.0440771349862259
P11940,0.10534591194968554,0.06761006289308176,0.04245283018867924,0.040880503144654086,0.006289308176100629,0.06446540880503145,0.06132075471698113,0.06289308176100629,0.015723270440251572,0.036163522012578615,0.06132075471698113,0.06446540880503145,0.0440251572327044,0.04245283018867924,0.07389937106918239,0.06132075471698113,0.04716981132075472,0.0031446540880503146,0.029874213836477988,0.06918238993710692
B1ANR0,0.11219512195121951,0.06016260162601626,0.04227642276422764,0.03902439024390244,0.0065040650406504065,0.05853658536585366,0.06666666666666667,0.06829268292682927,0.01788617886178862,0.03902439024390244,0.07317073170731707,0.07642276422764227,0.03414634146341464,0.04390243902439024,0.061788617886178863,0.06666666666666667,0.032520325203252036,0.0032520325203252032,0.02926829268292683,0.06829268292682927
Q8N3R9,0.056296296296296296,0.05925925925925926,0.047407407407407405,0.0637037037037037,0.007407407407407408,0.0637037037037037,0.09777777777777778,0.04888888888888889,0.034074074074074076,0.06814814814814815,0.09333333333333334,0.07555555555555556,0.023703703703703703,0.025185185185185185,0.05333333333333334,0.057777777777777775,0.04148148148148148,0.007407407407407408,0.022222222222222223,0.05333333333333334
P12004,0.07279693486590039,0.03065134099616858,0.04597701149425287,0.06896551724137931,0.022988505747126436,0.03065134099616858,0.08812260536398467,0.05363984674329502,0.011494252873563218,0.05363984674329502,0.1111111111111111,0.06130268199233716,0.038314176245210725,0.03065134099616858,0.02681992337164751,0.09578544061302682,0.04597701149425287,0.0038314176245210726,0.02681992337164751,0.08045977011494253
P11177,0.10584958217270195,0.05013927576601671,0.036211699164345405,0.04178272980501393,0.016713091922005572,0.033426183844011144,0.06963788300835655,0.08356545961002786,0.019498607242339833,0.07242339832869081,0.06128133704735376,0.052924791086350974,0.03899721448467967,0.04178272980501393,0.06128133704735376,0.05013927576601671,0.036211699164345405,0.013927576601671309,0.022284122562674095,0.09192200557103064
Q9BRX2,0.08051948051948052,0.06233766233766234,0.033766233766233764,0.06233766233766234,0.02077922077922078,0.06233766233766234,0.07792207792207792,0.04155844155844156,0.02857142857142857,0.03896103896103896,0.09090909090909091,0.05974025974025974,0.01818181818181818,0.033766233766233764,0.02857142857142857,0.07532467532467532,0.05454545454545454,0.007792207792207792,0.023376623376623377,0.0987012987012987
P56589,0.04825737265415549,0.045576407506702415,0.05093833780160858,0.03753351206434316,0.01876675603217158,0.064343163538874,0.06166219839142091,0.045576407506702415,0.024128686327077747,0.06166219839142091,0.13941018766756033,0.06166219839142091,0.029490616621983913,0.029490616621983913,0.03753351206434316,0.08579088471849866,0.058981233243967826,0.00804289544235925,0.02680965147453083,0.064343163538874
O00264,0.07692307692307693,0.05641025641025641,0.015384615384615385,0.11282051282051282,0.010256410256410256,0.02564102564102564,0.08717948717948718,0.08205128205128205,0.015384615384615385,0.02564102564102564,0.11794871794871795,0.06153846153846154,0.010256410256410256,0.05128205128205128,0.06666666666666667,0.05641025641025641,0.046153846153846156,0.005128205128205128,0.03076923076923077,0.046153846153846156
P35232,0.11397058823529412,0.06985294117647059,0.025735294117647058,0.05514705882352941,0.003676470588235294,0.05514705882352941,0.07352941176470588,0.0625,0.011029411764705883,0.07720588235294118,0.09926470588235294,0.04411764705882353,0.003676470588235294,0.04779411764705882,0.03308823529411765,0.0625,0.051470588235294115,0.003676470588235294,0.014705882352941176,0.09191176470588236
J3KPX7,0.09411764705882353,0.09019607843137255,0.043137254901960784,0.0392156862745098,0.0,0.058823529411764705,0.050980392156862744,0.058823529411764705,0.00784313725490196,0.07450980392156863,0.11764705882352941,0.047058823529411764,0.01568627450980392,0.03529411764705882,0.0392156862745098,0.07450980392156863,0.047058823529411764,0.00392156862745098,0.03137254901960784,0.07058823529411765
Q7RTV0,0.03636363636363636,0.07272727272727272,0.01818181818181818,0.07272727272727272,0.11818181818181818,0.02727272727272727,0.045454545454545456,0.1,0.01818181818181818,0.06363636363636363,0.045454545454545456,0.10909090909090909,0.00909090909090909,0.02727272727272727,0.03636363636363636,0.045454545454545456,0.02727272727272727,0.0,0.06363636363636363,0.06363636363636363
O43175,0.10131332082551595,0.04127579737335835,0.03564727954971857,0.0375234521575985,0.024390243902439025,0.05065666041275797,0.058161350844277676,0.09380863039399624,0.0150093808630394,0.0450281425891182,0.12195121951219512,0.04878048780487805,0.024390243902439025,0.028142589118198873,0.04878048780487805,0.0600375234521576,0.06566604127579738,0.01125703564727955,0.005628517823639775,0.0825515947467167
Q92643,0.05569620253164557,0.05063291139240506,0.04556962025316456,0.060759493670886074,0.012658227848101266,0.043037974683544304,0.060759493670886074,0.04556962025316456,0.030379746835443037,0.060759493670886074,0.09367088607594937,0.04810126582278481,0.0379746835443038,0.05822784810126582,0.04810126582278481,0.0759493670886076,0.05569620253164557,0.012658227848101266,0.035443037974683546,0.06835443037974684
Q8TEQ8,0.11294765840220386,0.047750229568411386,0.014692378328741965,0.027548209366391185,0.014692378328741965,0.04315886134067952,0.03948576675849403,0.0743801652892562,0.030303030303030304,0.030303030303030304,0.162534435261708,0.023875114784205693,0.021120293847566574,0.05785123966942149,0.0743801652892562,0.06795224977043159,0.047750229568411386,0.023875114784205693,0.01652892561983471,0.06887052341597796
Q96S52,0.10990990990990991,0.05045045045045045,0.023423423423423424,0.04504504504504504,0.0036036036036036037,0.036036036036036036,0.06306306306306306,0.04144144144144144,0.023423423423423424,0.043243243243243246,0.12612612612612611,0.04504504504504504,0.02702702702702703,0.03783783783783784,0.05945945945945946,0.08648648648648649,0.04144144144144144,0.014414414414414415,0.03783783783783784,0.08468468468468468
Q99570,0.06774668630338733,0.053019145802650956,0.04050073637702504,0.055964653902798235,0.016936671575846832,0.0508100147275405,0.05964653902798233,0.04786450662739323,0.029455081001472753,0.0625920471281296,0.10456553755522828,0.05817378497790869,0.022091310751104567,0.036818851251840944,0.05522827687776141,0.07731958762886598,0.05375552282768778,0.013991163475699559,0.027245949926362298,0.0662739322533137
O43164,0.0635593220338983,0.038135593220338986,0.043785310734463276,0.0748587570621469,0.025423728813559324,0.05508474576271186,0.1271186440677966,0.062146892655367235,0.031073446327683617,0.02824858757062147,0.0635593220338983,0.029661016949152543,0.012711864406779662,0.026836158192090395,0.062146892655367235,0.11864406779661017,0.046610169491525424,0.011299435028248588,0.025423728813559324,0.05367231638418079
Q58EX7,0.10075566750629723,0.06717044500419815,0.015113350125944584,0.047019311502938706,0.02518891687657431,0.06968933669185558,0.07388748950461797,0.07220822837951302,0.02518891687657431,0.016792611251049538,0.14273719563392107,0.02518891687657431,0.016792611251049538,0.02938706968933669,0.07136859781696053,0.08228379513014274,0.0327455919395466,0.016792611251049538,0.017632241813602016,0.052057094878253565
Q9H307,0.040446304044630406,0.10739191073919108,0.02789400278940028,0.043235704323570434,0.002789400278940028,0.07391910739191074,0.1506276150627615,0.04881450488145049,0.015341701534170154,0.02510460251046025,0.0599721059972106,0.08368200836820083,0.019525801952580194,0.012552301255230125,0.04602510460251046,0.14504881450488144,0.03905160390516039,0.001394700139470014,0.002789400278940028,0.05439330543933055
Q96HA1,0.1257005604483587,0.05284227381905524,0.021617293835068056,0.017614091273018415,0.006405124099279423,0.03522818254603683,0.02722177742193755,0.08006405124099279,0.012810248198558846,0.020016012810248198,0.07125700560448359,0.03763010408326661,0.008006405124099279,0.0488390712570056,0.13851080864691753,0.1521216973578863,0.09687750200160128,0.004803843074459567,0.008807045636509208,0.03362690152121697
Q9UNP9,0.06312292358803986,0.03986710963455149,0.04318936877076412,0.06976744186046512,0.016611295681063124,0.03322259136212625,0.08637873754152824,0.09966777408637874,0.023255813953488372,0.059800664451827246,0.06312292358803986,0.08637873754152824,0.026578073089700997,0.059800664451827246,0.046511627906976744,0.04983388704318937,0.053156146179401995,0.009966777408637873,0.016611295681063124,0.053156146179401995
P49593,0.11233480176211454,0.07268722466960352,0.019823788546255508,0.05726872246696035,0.006607929515418502,0.06828193832599119,0.09251101321585903,0.07488986784140969,0.02643171806167401,0.015418502202643172,0.10792951541850221,0.02643171806167401,0.01762114537444934,0.037444933920704845,0.06607929515418502,0.06387665198237885,0.037444933920704845,0.013215859030837005,0.00881057268722467,0.07488986784140969
P62136,0.045454545454545456,0.05454545454545454,0.045454545454545456,0.0696969696969697,0.03939393939393939,0.03939393939393939,0.06363636363636363,0.08181818181818182,0.01818181818181818,0.06060606060606061,0.11818181818181818,0.06666666666666667,0.01818181818181818,0.05757575757575758,0.051515151515151514,0.05454545454545454,0.02727272727272727,0.00909090909090909,0.03939393939393939,0.03939393939393939
P62140,0.045871559633027525,0.06422018348623854,0.039755351681957186,0.07033639143730887,0.04281345565749235,0.03363914373088685,0.06422018348623854,0.07951070336391437,0.01529051987767584,0.0581039755351682,0.11314984709480122,0.0581039755351682,0.021406727828746176,0.0581039755351682,0.05504587155963303,0.045871559633027525,0.039755351681957186,0.009174311926605505,0.03669724770642202,0.04892966360856269
P36873,0.04953560371517028,0.05572755417956656,0.04024767801857585,0.07120743034055728,0.04024767801857585,0.04024767801857585,0.06501547987616099,0.06811145510835913,0.018575851393188854,0.06501547987616099,0.12074303405572756,0.07120743034055728,0.021671826625386997,0.05572755417956656,0.05263157894736842,0.043343653250773995,0.030959752321981424,0.009287925696594427,0.03715170278637771,0.043343653250773995
O14974,0.07281553398058252,0.070873786407767,0.038834951456310676,0.06504854368932039,0.006796116504854369,0.043689320388349516,0.11747572815533981,0.04660194174757282,0.011650485436893204,0.03495145631067961,0.07378640776699029,0.08446601941747572,0.01262135922330097,0.010679611650485437,0.031067961165048542,0.11650485436893204,0.08737864077669903,0.008737864077669903,0.02330097087378641,0.04271844660194175
O60237,0.0814663951120163,0.08859470468431772,0.04378818737270876,0.051934826883910386,0.008146639511201629,0.04480651731160896,0.12525458248472504,0.04786150712830957,0.015274949083503055,0.028513238289205704,0.0835030549898167,0.06619144602851323,0.014256619144602852,0.014256619144602852,0.04276985743380855,0.109979633401222,0.06415478615071284,0.01120162932790224,0.016293279022403257,0.04175152749490835
O00743,0.05245901639344262,0.05573770491803279,0.04262295081967213,0.07540983606557378,0.03934426229508197,0.03278688524590164,0.05573770491803279,0.05573770491803279,0.022950819672131147,0.05573770491803279,0.09836065573770492,0.04918032786885246,0.01639344262295082,0.04918032786885246,0.05245901639344262,0.03278688524590164,0.06557377049180328,0.019672131147540985,0.05245901639344262,0.07540983606557378
Q5H9R7,0.052691867124856816,0.035509736540664374,0.046964490263459335,0.07216494845360824,0.019473081328751432,0.045819014891179836,0.10423825887743414,0.041237113402061855,0.021764032073310423,0.058419243986254296,0.09965635738831616,0.05154639175257732,0.026345933562428408,0.04009163802978236,0.049255441008018326,0.10423825887743414,0.06643757159221077,0.011454753722794959,0.006872852233676976,0.045819014891179836
Q9HCU5,0.08633093525179857,0.05515587529976019,0.02158273381294964,0.0407673860911271,0.023980815347721823,0.06235011990407674,0.05275779376498801,0.09352517985611511,0.03357314148681055,0.02877697841726619,0.13908872901678657,0.04316546762589928,0.004796163069544364,0.03836930455635491,0.05515587529976019,0.05755395683453238,0.05515587529976019,0.011990407673860911,0.02158273381294964,0.07434052757793765
P78527,0.06540697674418605,0.052083333333333336,0.037063953488372096,0.05062984496124031,0.021075581395348836,0.045542635658914726,0.07170542635658915,0.04530038759689922,0.02180232558139535,0.048207364341085274,0.12839147286821706,0.06686046511627906,0.028585271317829456,0.04748062015503876,0.04530038759689922,0.07921511627906977,0.04433139534883721,0.01187015503875969,0.028585271317829456,0.060562015503875966
P25786,0.08745247148288973,0.07224334600760456,0.030418250950570342,0.06463878326996197,0.019011406844106463,0.057034220532319393,0.06844106463878327,0.060836501901140684,0.034220532319391636,0.053231939163498096,0.09125475285171103,0.045627376425855515,0.030418250950570342,0.034220532319391636,0.053231939163498096,0.060836501901140684,0.045627376425855515,0.0038022813688212928,0.030418250950570342,0.057034220532319393
P25787,0.09829059829059829,0.04700854700854701,0.029914529914529916,0.029914529914529916,0.008547008547008548,0.04700854700854701,0.07692307692307693,0.08547008547008547,0.017094017094017096,0.05128205128205128,0.08547008547008547,0.05982905982905983,0.021367521367521368,0.03418803418803419,0.042735042735042736,0.05982905982905983,0.05555555555555555,0.008547008547008548,0.05982905982905983,0.0811965811965812
P25788,0.09411764705882353,0.050980392156862744,0.03529411764705882,0.06666666666666667,0.01568627450980392,0.01568627450980392,0.09019607843137255,0.07450980392156863,0.0196078431372549,0.054901960784313725,0.07058823529411765,0.07058823529411765,0.03529411764705882,0.03529411764705882,0.0196078431372549,0.08235294117647059,0.027450980392156862,0.00784313725490196,0.050980392156862744,0.08235294117647059
P28066,0.08713692946058091,0.029045643153526972,0.029045643153526972,0.04149377593360996,0.012448132780082987,0.04979253112033195,0.1037344398340249,0.07053941908713693,0.02074688796680498,0.07468879668049792,0.07883817427385892,0.05394190871369295,0.03734439834024896,0.04564315352697095,0.03319502074688797,0.07883817427385892,0.06639004149377593,0.004149377593360996,0.016597510373443983,0.06639004149377593
G3V5Z7,0.07936507936507936,0.04365079365079365,0.01984126984126984,0.051587301587301584,0.027777777777777776,0.04365079365079365,0.07142857142857142,0.06746031746031746,0.011904761904761904,0.06746031746031746,0.06349206349206349,0.07539682539682539,0.023809523809523808,0.047619047619047616,0.031746031746031744,0.06349206349206349,0.07539682539682539,0.011904761904761904,0.03968253968253968,0.08333333333333333
O14818,0.08870967741935484,0.07258064516129033,0.03225806451612903,0.06048387096774194,0.012096774193548387,0.04032258064516129,0.08870967741935484,0.06048387096774194,0.012096774193548387,0.06854838709677419,0.06854838709677419,0.08870967741935484,0.012096774193548387,0.028225806451612902,0.024193548387096774,0.05241935483870968,0.056451612903225805,0.004032258064516129,0.036290322580645164,0.09274193548387097
P20618,0.08713692946058091,0.06224066390041494,0.029045643153526972,0.06224066390041494,0.016597510373443983,0.02074688796680498,0.04564315352697095,0.08713692946058091,0.02074688796680498,0.06224066390041494,0.08713692946058091,0.05394190871369295,0.03734439834024896,0.04564315352697095,0.03734439834024896,0.08298755186721991,0.058091286307053944,0.0,0.04564315352697095,0.058091286307053944
P49721,0.0945273631840796,0.05970149253731343,0.04477611940298507,0.06467661691542288,0.014925373134328358,0.03482587064676617,0.05472636815920398,0.05472636815920398,0.024875621890547265,0.05970149253731343,0.12437810945273632,0.05472636815920398,0.029850746268656716,0.03980099502487562,0.03980099502487562,0.04975124378109453,0.03980099502487562,0.0,0.06467661691542288,0.04975124378109453
P49720,0.07804878048780488,0.04878048780487805,0.02926829268292683,0.06829268292682927,0.024390243902439025,0.03902439024390244,0.04390243902439024,0.07317073170731707,0.00975609756097561,0.06829268292682927,0.08292682926829269,0.05853658536585366,0.07317073170731707,0.04390243902439024,0.04390243902439024,0.03902439024390244,0.06341463414634146,0.004878048780487805,0.03902439024390244,0.06829268292682927
P28070,0.08333333333333333,0.07196969696969698,0.030303030303030304,0.045454545454545456,0.003787878787878788,0.03409090909090909,0.056818181818181816,0.10227272727272728,0.011363636363636364,0.045454545454545456,0.09090909090909091,0.01893939393939394,0.04924242424242424,0.03409090909090909,0.04924242424242424,0.08333333333333333,0.05303030303030303,0.015151515151515152,0.056818181818181816,0.06439393939393939
P28074,0.11026615969581749,0.06844106463878327,0.026615969581749048,0.053231939163498096,0.011406844106463879,0.022813688212927757,0.049429657794676805,0.12167300380228137,0.015209125475285171,0.04182509505703422,0.09505703422053231,0.030418250950570342,0.030418250950570342,0.022813688212927757,0.034220532319391636,0.07984790874524715,0.03802281368821293,0.015209125475285171,0.06463878326996197,0.06844106463878327
P28072,0.13389121338912133,0.05439330543933055,0.012552301255230125,0.0502092050209205,0.016736401673640166,0.03765690376569038,0.058577405857740586,0.1087866108786611,0.012552301255230125,0.05439330543933055,0.06694560669456066,0.016736401673640166,0.03765690376569038,0.03347280334728033,0.0502092050209205,0.06694560669456066,0.07112970711297072,0.012552301255230125,0.03765690376569038,0.06694560669456066
P62191,0.04772727272727273,0.05,0.022727272727272728,0.07727272727272727,0.006818181818181818,0.03409090909090909,0.09090909090909091,0.07727272727272727,0.020454545454545454,0.06363636363636363,0.10227272727272728,0.10227272727272728,0.029545454545454545,0.020454545454545454,0.056818181818181816,0.04772727272727273,0.05909090909090909,0.0,0.025,0.0659090909090909
P35998,0.07621247113163972,0.07159353348729793,0.03002309468822171,0.08083140877598152,0.016166281755196306,0.04157043879907621,0.07621247113163972,0.06466512702078522,0.009237875288683603,0.07159353348729793,0.08545034642032333,0.07390300230946882,0.02771362586605081,0.03695150115473441,0.057736720554272515,0.03464203233256351,0.057736720554272515,0.0023094688221709007,0.023094688221709007,0.06235565819861432
P17980,0.07972665148063782,0.05239179954441914,0.04100227790432802,0.07061503416856492,0.011389521640091117,0.05011389521640091,0.09339407744874716,0.05694760820045558,0.009111617312072893,0.06605922551252848,0.10250569476082004,0.08200455580865604,0.03416856492027335,0.022779043280182234,0.04555808656036447,0.03644646924829157,0.05239179954441914,0.002277904328018223,0.022779043280182234,0.0683371298405467
P43686,0.07416267942583732,0.05741626794258373,0.03110047846889952,0.07177033492822966,0.004784688995215311,0.05263157894736842,0.09330143540669857,0.050239234449760764,0.01674641148325359,0.07416267942583732,0.09808612440191387,0.06937799043062201,0.028708133971291867,0.03588516746411483,0.050239234449760764,0.04784688995215311,0.04066985645933014,0.0,0.03110047846889952,0.07177033492822966
P62195,0.06157635467980296,0.0665024630541872,0.03940886699507389,0.054187192118226604,0.007389162561576354,0.03940886699507389,0.09359605911330049,0.07142857142857142,0.019704433497536946,0.0665024630541872,0.11083743842364532,0.0812807881773399,0.04187192118226601,0.022167487684729065,0.04187192118226601,0.04926108374384237,0.03201970443349754,0.0024630541871921183,0.017241379310344827,0.0812807881773399
P62333,0.05912596401028278,0.07712082262210797,0.030848329048843187,0.07712082262210797,0.012853470437017995,0.038560411311053984,0.07712082262210797,0.06426735218508997,0.02056555269922879,0.06683804627249357,0.11311053984575835,0.07712082262210797,0.030848329048843187,0.028277634961439587,0.04884318766066838,0.043701799485861184,0.043701799485861184,0.0,0.028277634961439587,0.061696658097686374
Q99460,0.08394543546694648,0.03252885624344176,0.0472193074501574,0.05666316894018888,0.01888772298006296,0.040923399790136414,0.08289611752360965,0.05981112277019937,0.022035676810073453,0.05981112277019937,0.10388247639034627,0.07345225603357818,0.030430220356768102,0.033578174186778595,0.04407135362014691,0.05876180482686254,0.04931794333683106,0.005246589716684155,0.030430220356768102,0.06610703043022036
O00231,0.11137440758293839,0.04976303317535545,0.023696682464454975,0.05924170616113744,0.011848341232227487,0.04976303317535545,0.08293838862559241,0.030805687203791468,0.016587677725118485,0.05924170616113744,0.14454976303317535,0.08293838862559241,0.018957345971563982,0.026066350710900472,0.023696682464454975,0.07345971563981042,0.045023696682464455,0.004739336492890996,0.035545023696682464,0.04976303317535545
O00232,0.05701754385964912,0.05701754385964912,0.039473684210526314,0.05263157894736842,0.015350877192982455,0.05043859649122807,0.09649122807017543,0.03070175438596491,0.013157894736842105,0.06798245614035088,0.11842105263157894,0.09429824561403509,0.039473684210526314,0.019736842105263157,0.017543859649122806,0.05921052631578947,0.05921052631578947,0.010964912280701754,0.03508771929824561,0.06578947368421052
Q9UNM6,0.05319148936170213,0.0425531914893617,0.0398936170212766,0.05585106382978723,0.013297872340425532,0.06382978723404255,0.07712765957446809,0.05319148936170213,0.02925531914893617,0.04521276595744681,0.1356382978723404,0.061170212765957445,0.02925531914893617,0.0425531914893617,0.031914893617021274,0.047872340425531915,0.05851063829787234,0.015957446808510637,0.02127659574468085,0.08244680851063829
O00487,0.06129032258064516,0.035483870967741936,0.04516129032258064,0.05161290322580645,0.00967741935483871,0.04838709677419355,0.06774193548387097,0.07419354838709677,0.03870967741935484,0.03870967741935484,0.1064516129032258,0.06451612903225806,0.05806451612903226,0.02258064516129032,0.04516129032258064,0.05161290322580645,0.041935483870967745,0.00967741935483871,0.025806451612903226,0.1032258064516129
Q13200,0.08700440528634361,0.046255506607929514,0.040748898678414094,0.05947136563876652,0.014317180616740088,0.03303964757709251,0.08480176211453745,0.07268722466960352,0.023127753303964757,0.03634361233480176,0.1299559471365639,0.05616740088105727,0.03634361233480176,0.028634361233480177,0.039647577092511016,0.06277533039647577,0.04185022026431718,0.005506607929515419,0.028634361233480177,0.07268722466960352
O43242,0.09550561797752809,0.07677902621722846,0.031835205992509365,0.05805243445692884,0.003745318352059925,0.056179775280898875,0.07865168539325842,0.04307116104868914,0.024344569288389514,0.04119850187265917,0.10861423220973783,0.06554307116104868,0.026217228464419477,0.04119850187265917,0.04868913857677903,0.05805243445692884,0.04868913857677903,0.0018726591760299626,0.03932584269662921,0.052434456928838954
Q5VWC4,0.1,0.042105263157894736,0.04736842105263158,0.07368421052631578,0.010526315789473684,0.04473684210526316,0.09473684210526316,0.07368421052631578,0.015789473684210527,0.042105263157894736,0.08947368421052632,0.06315789473684211,0.034210526315789476,0.02631578947368421,0.042105263157894736,0.06842105263157895,0.06315789473684211,0.0,0.007894736842105263,0.060526315789473685
Q15008,0.07455012853470437,0.07455012853470437,0.038560411311053984,0.06940874035989718,0.012853470437017995,0.030848329048843187,0.09511568123393316,0.04113110539845758,0.015424164524421594,0.04884318766066838,0.12853470437017994,0.06683804627249357,0.033419023136246784,0.038560411311053984,0.02313624678663239,0.043701799485861184,0.03598971722365039,0.010282776349614395,0.056555269922879174,0.061696658097686374
P51665,0.040123456790123455,0.033950617283950615,0.05246913580246913,0.08024691358024691,0.0030864197530864196,0.033950617283950615,0.08641975308641975,0.04938271604938271,0.033950617283950615,0.05246913580246913,0.09876543209876543,0.12037037037037036,0.015432098765432098,0.027777777777777776,0.030864197530864196,0.05246913580246913,0.037037037037037035,0.009259259259259259,0.027777777777777776,0.11419753086419752
R4GMR5,0.09059233449477352,0.03832752613240418,0.041811846689895474,0.0313588850174216,0.010452961672473868,0.05574912891986063,0.08013937282229965,0.05574912891986063,0.010452961672473868,0.0627177700348432,0.1254355400696864,0.07317073170731707,0.024390243902439025,0.04529616724738676,0.041811846689895474,0.05574912891986063,0.059233449477351915,0.010452961672473868,0.05226480836236934,0.03484320557491289
P48651,0.046511627906976744,0.052854122621564484,0.02959830866807611,0.03805496828752643,0.02536997885835095,0.02748414376321353,0.042283298097251586,0.05919661733615222,0.03805496828752643,0.07188160676532769,0.09725158562367865,0.042283298097251586,0.02748414376321353,0.08668076109936575,0.03171247357293869,0.06342494714587738,0.06765327695560254,0.042283298097251586,0.042283298097251586,0.06765327695560254
Q00577,0.07453416149068323,0.06521739130434782,0.027950310559006212,0.046583850931677016,0.006211180124223602,0.07763975155279502,0.09006211180124224,0.15217391304347827,0.015527950310559006,0.027950310559006212,0.08074534161490683,0.062111801242236024,0.015527950310559006,0.040372670807453416,0.037267080745341616,0.062111801242236024,0.037267080745341616,0.003105590062111801,0.031055900621118012,0.046583850931677016
P06737,0.06965761511216056,0.05194805194805195,0.0590318772136954,0.06257378984651712,0.008264462809917356,0.03423848878394333,0.06965761511216056,0.05667060212514758,0.02243211334120425,0.06493506493506493,0.09917355371900827,0.07674144037780402,0.02715466351829988,0.047225501770956316,0.03778040141676505,0.04132231404958678,0.047225501770956316,0.014167650531286895,0.04132231404958678,0.06847697756788666
P61026,0.05,0.045,0.05,0.07,0.02,0.02,0.065,0.085,0.015,0.09,0.075,0.105,0.025,0.055,0.015,0.055,0.075,0.015,0.02,0.05
P62820,0.06341463414634146,0.03414634146341464,0.04390243902439024,0.06341463414634146,0.01951219512195122,0.03902439024390244,0.05853658536585366,0.08292682926829269,0.004878048780487805,0.06829268292682927,0.07317073170731707,0.08292682926829269,0.024390243902439025,0.03902439024390244,0.01951219512195122,0.07804878048780488,0.08780487804878048,0.00975609756097561,0.04390243902439024,0.06341463414634146
Q9H0U4,0.07462686567164178,0.03980099502487562,0.04477611940298507,0.06965174129353234,0.014925373134328358,0.029850746268656716,0.05970149253731343,0.0845771144278607,0.004975124378109453,0.06965174129353234,0.07960199004975124,0.07960199004975124,0.01990049751243781,0.03482587064676617,0.029850746268656716,0.06467661691542288,0.0845771144278607,0.009950248756218905,0.04477611940298507,0.05970149253731343
P20340,0.04807692307692308,0.07211538461538461,0.03365384615384615,0.07692307692307693,0.009615384615384616,0.052884615384615384,0.0673076923076923,0.0673076923076923,0.0,0.0625,0.07211538461538461,0.0625,0.03365384615384615,0.04807692307692308,0.02403846153846154,0.07692307692307693,0.07692307692307693,0.009615384615384616,0.028846153846153848,0.07692307692307693
Q5HYI8,0.046610169491525424,0.059322033898305086,0.059322033898305086,0.06779661016949153,0.012711864406779662,0.03389830508474576,0.05508474576271186,0.07627118644067797,0.025423728813559324,0.038135593220338986,0.1059322033898305,0.059322033898305086,0.00423728813559322,0.0423728813559322,0.03389830508474576,0.08050847457627118,0.05508474576271186,0.012711864406779662,0.03389830508474576,0.09745762711864407
P63244,0.0473186119873817,0.04416403785488959,0.04416403785488959,0.06624605678233439,0.025236593059936908,0.03785488958990536,0.028391167192429023,0.08517350157728706,0.025236593059936908,0.05993690851735016,0.08832807570977919,0.05362776025236593,0.015772870662460567,0.025236593059936908,0.031545741324921134,0.0946372239747634,0.09779179810725552,0.04100946372239748,0.01892744479495268,0.0694006309148265
B5MDF5,0.0815450643776824,0.03862660944206009,0.04291845493562232,0.06437768240343347,0.012875536480686695,0.03862660944206009,0.060085836909871244,0.06866952789699571,0.03862660944206009,0.04721030042918455,0.08583690987124463,0.07725321888412018,0.02575107296137339,0.04721030042918455,0.05150214592274678,0.02575107296137339,0.04721030042918455,0.012875536480686695,0.034334763948497854,0.09871244635193133
P43487,0.0945273631840796,0.04975124378109453,0.04477611940298507,0.06965174129353234,0.014925373134328358,0.01990049751243781,0.16417910447761194,0.029850746268656716,0.03482587064676617,0.03482587064676617,0.07960199004975124,0.12437810945273632,0.024875621890547265,0.03980099502487562,0.03980099502487562,0.03482587064676617,0.05472636815920398,0.014925373134328358,0.004975124378109453,0.024875621890547265
P46060,0.11584327086882454,0.034071550255536626,0.04258943781942078,0.049403747870528106,0.013628620102214651,0.03577512776831346,0.12436115843270869,0.06643952299829642,0.01192504258943782,0.034071550255536626,0.1260647359454855,0.06814310051107325,0.020442930153321975,0.039182282793867124,0.04088586030664395,0.06303236797274275,0.04599659284497445,0.0017035775127768314,0.005110732538330494,0.06132879045996593
Q5T160,0.06055363321799308,0.05363321799307959,0.0328719723183391,0.05536332179930796,0.01384083044982699,0.0657439446366782,0.06055363321799308,0.06228373702422145,0.02422145328719723,0.050173010380622836,0.12110726643598616,0.06920415224913495,0.020761245674740483,0.05190311418685121,0.025951557093425604,0.07093425605536333,0.04671280276816609,0.006920415224913495,0.031141868512110725,0.07612456747404844
Q8N0V3,0.09329446064139942,0.0728862973760933,0.026239067055393587,0.061224489795918366,0.026239067055393587,0.04081632653061224,0.07871720116618076,0.06705539358600583,0.023323615160349854,0.008746355685131196,0.11661807580174927,0.0728862973760933,0.02040816326530612,0.026239067055393587,0.043731778425655975,0.08163265306122448,0.052478134110787174,0.01749271137026239,0.026239067055393587,0.043731778425655975
O43251,0.13076923076923078,0.05128205128205128,0.041025641025641026,0.038461538461538464,0.0,0.05128205128205128,0.038461538461538464,0.11025641025641025,0.020512820512820513,0.028205128205128206,0.04871794871794872,0.023076923076923078,0.01282051282051282,0.041025641025641026,0.08717948717948718,0.06666666666666667,0.08205128205128205,0.002564102564102564,0.0641025641025641,0.06153846153846154
Q96PK6,0.19581464872944693,0.061285500747384154,0.025411061285500747,0.028400597907324365,0.004484304932735426,0.07473841554559044,0.02391629297458894,0.09118086696562033,0.01046337817638266,0.008968609865470852,0.05530642750373692,0.028400597907324365,0.01943198804185351,0.02242152466367713,0.06726457399103139,0.13153961136023917,0.04035874439461883,0.0014947683109118087,0.07025411061285501,0.03886397608370702
P52756,0.08098159509202454,0.07730061349693251,0.033128834355828224,0.0736196319018405,0.011042944785276074,0.06503067484662577,0.07975460122699386,0.06625766871165645,0.014723926380368098,0.033128834355828224,0.0638036809815951,0.06503067484662577,0.020858895705521473,0.025766871165644172,0.046625766871165646,0.09815950920245399,0.04539877300613497,0.008588957055214725,0.051533742331288344,0.0392638036809816
Q15434,0.0687960687960688,0.029484029484029485,0.051597051597051594,0.036855036855036855,0.009828009828009828,0.07862407862407862,0.02457002457002457,0.07616707616707617,0.0171990171990172,0.03194103194103194,0.07616707616707617,0.051597051597051594,0.03931203931203931,0.02702702702702703,0.09090909090909091,0.11793611793611794,0.07125307125307126,0.004914004914004914,0.04176904176904177,0.05405405405405406
Q15293,0.054380664652567974,0.06948640483383686,0.04229607250755287,0.1148036253776435,0.0,0.030211480362537766,0.1148036253776435,0.05740181268882175,0.03323262839879154,0.03323262839879154,0.09063444108761329,0.08157099697885196,0.015105740181268883,0.04833836858006042,0.03625377643504532,0.03323262839879154,0.045317220543806644,0.01812688821752266,0.03323262839879154,0.04833836858006042
Q14257,0.06624605678233439,0.04100946372239748,0.03785488958990536,0.11987381703470032,0.0031545741324921135,0.0473186119873817,0.13249211356466878,0.05362776025236593,0.028391167192429023,0.03785488958990536,0.11356466876971609,0.056782334384858045,0.01892744479495268,0.04416403785488959,0.031545741324921134,0.04100946372239748,0.028391167192429023,0.015772870662460567,0.04100946372239748,0.04100946372239748
O94761,0.09685430463576158,0.09271523178807947,0.009933774834437087,0.037251655629139076,0.028973509933774833,0.0695364238410596,0.07367549668874172,0.0802980132450331,0.030629139072847682,0.014900662251655629,0.1076158940397351,0.026490066225165563,0.013245033112582781,0.027317880794701987,0.09271523178807947,0.06788079470198675,0.039735099337748346,0.013245033112582781,0.0173841059602649,0.059602649006622516
Q9P2R6,0.08237547892720307,0.06896551724137931,0.027458492975734355,0.05108556832694764,0.01277139208173691,0.05172413793103448,0.06896551724137931,0.05363984674329502,0.04725415070242656,0.02554278416347382,0.07215836526181353,0.05044699872286079,0.017879948914431672,0.022988505747126436,0.14367816091954022,0.09450830140485313,0.05236270753512133,0.0038314176245210726,0.02234993614303959,0.030012771392081736
P40937,0.06764705882352941,0.058823529411764705,0.03823529411764706,0.058823529411764705,0.014705882352941176,0.041176470588235294,0.06470588235294118,0.041176470588235294,0.023529411764705882,0.08235294117647059,0.12352941176470589,0.061764705882352944,0.026470588235294117,0.041176470588235294,0.03823529411764706,0.058823529411764705,0.08235294117647059,0.0058823529411764705,0.020588235294117647,0.05
P48382,0.1038961038961039,0.06818181818181818,0.024350649350649352,0.03896103896103896,0.011363636363636364,0.037337662337662336,0.0762987012987013,0.10227272727272728,0.017857142857142856,0.03409090909090909,0.08603896103896104,0.07305194805194805,0.012987012987012988,0.00974025974025974,0.10551948051948051,0.08603896103896104,0.04220779220779221,0.006493506493506494,0.016233766233766232,0.04707792207792208
Q2KHR2,0.0589041095890411,0.0273972602739726,0.05547945205479452,0.0410958904109589,0.013013698630136987,0.07671232876712329,0.050684931506849315,0.05273972602739726,0.026027397260273973,0.03904109589041096,0.07397260273972603,0.05273972602739726,0.023287671232876714,0.025342465753424658,0.0863013698630137,0.14178082191780822,0.07397260273972603,0.00410958904109589,0.015068493150684932,0.06232876712328767
O00287,0.125,0.04411764705882353,0.022058823529411766,0.04411764705882353,0.022058823529411766,0.07720588235294118,0.08088235294117647,0.125,0.011029411764705883,0.007352941176470588,0.08088235294117647,0.0625,0.022058823529411766,0.014705882352941176,0.058823529411764705,0.08823529411764706,0.04779411764705882,0.003676470588235294,0.014705882352941176,0.04779411764705882
Q8IXI1,0.0825242718446602,0.05663430420711974,0.016181229773462782,0.05016181229773463,0.02912621359223301,0.04854368932038835,0.07119741100323625,0.06796116504854369,0.030744336569579287,0.03559870550161812,0.11650485436893204,0.03559870550161812,0.009708737864077669,0.040453074433656956,0.06634304207119741,0.061488673139158574,0.061488673139158574,0.008090614886731391,0.02750809061488673,0.08414239482200647
Q96GF1,0.07291666666666667,0.052083333333333336,0.036458333333333336,0.041666666666666664,0.036458333333333336,0.057291666666666664,0.041666666666666664,0.13541666666666666,0.010416666666666666,0.046875,0.0625,0.026041666666666668,0.015625,0.078125,0.09895833333333333,0.08333333333333333,0.036458333333333336,0.015625,0.010416666666666666,0.041666666666666664
Q99942,0.07222222222222222,0.07222222222222222,0.016666666666666666,0.027777777777777776,0.03888888888888889,0.05,0.07777777777777778,0.12777777777777777,0.027777777777777776,0.022222222222222223,0.06666666666666667,0.022222222222222223,0.005555555555555556,0.1,0.09444444444444444,0.05,0.044444444444444446,0.022222222222222223,0.011111111111111112,0.05
Q8TA86,0.03619909502262444,0.09954751131221719,0.01809954751131222,0.06334841628959276,0.01809954751131222,0.058823529411764705,0.11312217194570136,0.05429864253393665,0.04524886877828054,0.027149321266968326,0.05429864253393665,0.167420814479638,0.01809954751131222,0.02262443438914027,0.06334841628959276,0.07239819004524888,0.01809954751131222,0.00904977375565611,0.013574660633484163,0.027149321266968326
Q9H7B2,0.03594771241830065,0.06862745098039216,0.049019607843137254,0.06209150326797386,0.00980392156862745,0.013071895424836602,0.05228758169934641,0.05228758169934641,0.02287581699346405,0.05228758169934641,0.11437908496732026,0.15359477124183007,0.03594771241830065,0.0457516339869281,0.042483660130718956,0.05555555555555555,0.05555555555555555,0.0,0.03594771241830065,0.042483660130718956
P47914,0.16981132075471697,0.09433962264150944,0.0440251572327044,0.018867924528301886,0.006289308176100629,0.0440251572327044,0.025157232704402517,0.03773584905660377,0.031446540880503145,0.031446540880503145,0.05660377358490566,0.20125786163522014,0.025157232704402517,0.012578616352201259,0.06918238993710692,0.050314465408805034,0.031446540880503145,0.006289308176100629,0.012578616352201259,0.031446540880503145
P49207,0.08547008547008547,0.13675213675213677,0.02564102564102564,0.008547008547008548,0.03418803418803419,0.042735042735042736,0.017094017094017096,0.05982905982905983,0.008547008547008548,0.03418803418803419,0.07692307692307693,0.13675213675213677,0.02564102564102564,0.008547008547008548,0.03418803418803419,0.06837606837606838,0.05128205128205128,0.0,0.042735042735042736,0.10256410256410256
P63173,0.05714285714285714,0.07142857142857142,0.02857142857142857,0.05714285714285714,0.014285714285714285,0.014285714285714285,0.07142857142857142,0.014285714285714285,0.0,0.05714285714285714,0.11428571428571428,0.22857142857142856,0.014285714285714285,0.02857142857142857,0.04285714285714286,0.04285714285714286,0.04285714285714286,0.0,0.02857142857142857,0.07142857142857142
P04843,0.06589785831960461,0.047775947281713346,0.032948929159802305,0.054365733113673806,0.0032948929159802307,0.032948929159802305,0.07742998352553541,0.04942339373970346,0.029654036243822075,0.05930807248764415,0.11037891268533773,0.06589785831960461,0.013179571663920923,0.03789126853377265,0.04612850082372323,0.06919275123558484,0.0642504118616145,0.004942339373970346,0.047775947281713346,0.08731466227347612
P04844,0.10301109350237718,0.030110935023771792,0.04120443740095087,0.04120443740095087,0.003169572107765452,0.04754358161648178,0.061806656101426306,0.039619651347068144,0.025356576862123614,0.04754358161648178,0.11727416798732171,0.04595879556259905,0.012678288431061807,0.05229793977812995,0.039619651347068144,0.08557844690966719,0.08240887480190175,0.006339144215530904,0.028526148969889066,0.08874801901743265
P42677,0.03571428571428571,0.05952380952380952,0.011904761904761904,0.023809523809523808,0.07142857142857142,0.047619047619047616,0.047619047619047616,0.05952380952380952,0.047619047619047616,0.011904761904761904,0.08333333333333333,0.11904761904761904,0.023809523809523808,0.03571428571428571,0.07142857142857142,0.07142857142857142,0.07142857142857142,0.0,0.023809523809523808,0.08333333333333333
H0YMV8,0.03,0.06,0.01,0.02,0.09,0.06,0.04,0.06,0.04,0.04,0.1,0.11,0.02,0.05,0.04,0.06,0.06,0.0,0.02,0.09
Q9NTJ5,0.06473594548551959,0.049403747870528106,0.04258943781942078,0.06303236797274275,0.015332197614991482,0.049403747870528106,0.04599659284497445,0.05792163543441227,0.030664395229982964,0.06303236797274275,0.09880749574105621,0.054514480408858604,0.028960817717206135,0.059625212947189095,0.027257240204429302,0.06643952299829642,0.054514480408858604,0.017035775127768313,0.03577512776831346,0.07495741056218058
Q96BY9,0.058997050147492625,0.04129793510324484,0.029498525073746312,0.05014749262536873,0.029498525073746312,0.035398230088495575,0.029498525073746312,0.13274336283185842,0.017699115044247787,0.02064896755162242,0.08849557522123894,0.04129793510324484,0.008849557522123894,0.04424778761061947,0.06784660766961652,0.10029498525073746,0.06784660766961652,0.02064896755162242,0.07964601769911504,0.035398230088495575
Q8WVM8,0.0794392523364486,0.048286604361370715,0.0514018691588785,0.06697819314641744,0.009345794392523364,0.045171339563862926,0.06230529595015576,0.04361370716510903,0.017133956386292833,0.0529595015576324,0.10903426791277258,0.06853582554517133,0.03115264797507788,0.03894080996884735,0.04361370716510903,0.06697819314641744,0.056074766355140186,0.006230529595015576,0.03582554517133956,0.06697819314641744
O43819,0.08270676691729323,0.09398496240601503,0.007518796992481203,0.06015037593984962,0.011278195488721804,0.07518796992481203,0.045112781954887216,0.09398496240601503,0.03383458646616541,0.02631578947368421,0.12781954887218044,0.02631578947368421,0.015037593984962405,0.03383458646616541,0.06015037593984962,0.05263157894736842,0.045112781954887216,0.015037593984962405,0.03383458646616541,0.06015037593984962
Q9BRK5,0.06629834254143646,0.055248618784530384,0.04419889502762431,0.08287292817679558,0.0055248618784530384,0.03314917127071823,0.12430939226519337,0.049723756906077346,0.03867403314917127,0.03314917127071823,0.09392265193370165,0.06077348066298342,0.03591160220994475,0.04143646408839779,0.04143646408839779,0.058011049723756904,0.024861878453038673,0.022099447513812154,0.016574585635359115,0.0718232044198895
O75396,0.09767441860465116,0.06046511627906977,0.03255813953488372,0.046511627906976744,0.013953488372093023,0.06976744186046512,0.06511627906976744,0.03255813953488372,0.013953488372093023,0.05116279069767442,0.11627906976744186,0.06511627906976744,0.03255813953488372,0.05116279069767442,0.023255813953488372,0.06976744186046512,0.04186046511627907,0.009302325581395349,0.046511627906976744,0.06046511627906977
B4DR61,0.07468879668049792,0.03734439834024896,0.024896265560165973,0.024896265560165973,0.016597510373443983,0.03941908713692946,0.043568464730290454,0.08713692946058091,0.008298755186721992,0.0954356846473029,0.11825726141078838,0.03941908713692946,0.035269709543568464,0.06224066390041494,0.03941908713692946,0.07261410788381743,0.056016597510373446,0.01037344398340249,0.03734439834024896,0.07676348547717843
Q9H9S3,0.07983193277310924,0.037815126050420166,0.025210084033613446,0.0273109243697479,0.01680672268907563,0.03991596638655462,0.04201680672268908,0.09453781512605042,0.008403361344537815,0.10084033613445378,0.11134453781512606,0.037815126050420166,0.03571428571428571,0.06722689075630252,0.03991596638655462,0.06302521008403361,0.046218487394957986,0.01050420168067227,0.037815126050420166,0.07773109243697479
Q9UBV2,0.09697732997481108,0.04534005037783375,0.036523929471032744,0.05037783375314862,0.011335012594458438,0.06675062972292191,0.07808564231738035,0.08564231738035265,0.027707808564231738,0.03400503778337532,0.10075566750629723,0.04534005037783375,0.031486146095717885,0.03526448362720403,0.03526448362720403,0.06297229219143577,0.04030226700251889,0.008816120906801008,0.05793450881612091,0.0491183879093199
P50454,0.10287081339712918,0.050239234449760764,0.02631578947368421,0.05741626794258373,0.004784688995215311,0.03110047846889952,0.0645933014354067,0.05741626794258373,0.03349282296650718,0.028708133971291867,0.1291866028708134,0.08133971291866028,0.03349282296650718,0.03827751196172249,0.03588516746411483,0.07894736842105263,0.045454545454545456,0.009569377990430622,0.023923444976076555,0.06698564593301436
Q9BYW2,0.04251170046801872,0.054602184087363496,0.038611544461778474,0.06513260530421217,0.020670826833073322,0.049531981279251174,0.08931357254290172,0.046801872074883,0.023010920436817472,0.033931357254290175,0.07020280811232449,0.0811232449297972,0.015990639625585022,0.02379095163806552,0.0748829953198128,0.12285491419656787,0.060452418096723866,0.006630265210608425,0.028861154446177848,0.051092043681747266
Q9BWJ5,0.05813953488372093,0.046511627906976744,0.05813953488372093,0.05813953488372093,0.023255813953488372,0.046511627906976744,0.08139534883720931,0.046511627906976744,0.05813953488372093,0.03488372093023256,0.08139534883720931,0.05813953488372093,0.046511627906976744,0.03488372093023256,0.046511627906976744,0.05813953488372093,0.05813953488372093,0.023255813953488372,0.05813953488372093,0.023255813953488372
Q6P4A7,0.06528189910979229,0.06231454005934718,0.032640949554896145,0.017804154302670624,0.01483679525222552,0.04747774480712166,0.06231454005934718,0.05341246290801187,0.008902077151335312,0.0712166172106825,0.10385756676557864,0.04154302670623145,0.032640949554896145,0.06824925816023739,0.06231454005934718,0.09198813056379822,0.05637982195845697,0.01483679525222552,0.02373887240356083,0.06824925816023739
P34897,0.10714285714285714,0.08134920634920635,0.03373015873015873,0.057539682539682536,0.015873015873015872,0.041666666666666664,0.05555555555555555,0.07341269841269842,0.023809523809523808,0.041666666666666664,0.1111111111111111,0.04365079365079365,0.021825396825396824,0.041666666666666664,0.047619047619047616,0.05952380952380952,0.047619047619047616,0.007936507936507936,0.031746031746031744,0.05555555555555555
P53985,0.076,0.028,0.032,0.028,0.024,0.024,0.038,0.114,0.012,0.064,0.104,0.058,0.028,0.068,0.056,0.076,0.042,0.012,0.038,0.078
P53007,0.08681672025723473,0.0707395498392283,0.03215434083601286,0.03536977491961415,0.01929260450160772,0.03536977491961415,0.03536977491961415,0.10932475884244373,0.022508038585209004,0.05144694533762058,0.09646302250803858,0.06430868167202572,0.022508038585209004,0.04180064308681672,0.05466237942122187,0.03858520900321544,0.05787781350482315,0.00964630225080386,0.03215434083601286,0.08360128617363344
Q9UBX3,0.09407665505226481,0.06968641114982578,0.020905923344947737,0.0313588850174216,0.027874564459930314,0.04878048780487805,0.0313588850174216,0.0975609756097561,0.024390243902439025,0.024390243902439025,0.13240418118466898,0.041811846689895474,0.024390243902439025,0.04878048780487805,0.03484320557491289,0.0627177700348432,0.059233449477351915,0.003484320557491289,0.03484320557491289,0.08710801393728224
Q02978,0.10509554140127389,0.06369426751592357,0.025477707006369428,0.03184713375796178,0.009554140127388535,0.028662420382165606,0.03184713375796178,0.10828025477707007,0.009554140127388535,0.04777070063694268,0.10828025477707007,0.054140127388535034,0.03503184713375796,0.05732484076433121,0.03821656050955414,0.054140127388535034,0.08598726114649681,0.006369426751592357,0.03821656050955414,0.06050955414012739
O75746,0.09587020648967552,0.05309734513274336,0.03687315634218289,0.04277286135693215,0.01032448377581121,0.045722713864306784,0.05309734513274336,0.08259587020648967,0.019174041297935103,0.05752212389380531,0.10176991150442478,0.05014749262536873,0.014749262536873156,0.061946902654867256,0.05014749262536873,0.05752212389380531,0.051622418879056046,0.0058997050147492625,0.03687315634218289,0.07227138643067847
Q9UJS0,0.09925925925925926,0.05185185185185185,0.028148148148148148,0.04148148148148148,0.01037037037037037,0.04296296296296296,0.057777777777777775,0.08444444444444445,0.014814814814814815,0.04888888888888889,0.09481481481481481,0.057777777777777775,0.017777777777777778,0.07555555555555556,0.05185185185185185,0.05333333333333334,0.054814814814814816,0.0044444444444444444,0.028148148148148148,0.08148148148148149
Q9H1K4,0.11428571428571428,0.05396825396825397,0.02857142857142857,0.03492063492063492,0.02857142857142857,0.0380952380952381,0.031746031746031744,0.10793650793650794,0.01904761904761905,0.06031746031746032,0.11428571428571428,0.050793650793650794,0.044444444444444446,0.047619047619047616,0.031746031746031744,0.050793650793650794,0.06031746031746032,0.006349206349206349,0.022222222222222223,0.05396825396825397
Q9H936,0.1238390092879257,0.05572755417956656,0.02786377708978328,0.03715170278637771,0.02476780185758514,0.06811145510835913,0.030959752321981424,0.09287925696594428,0.006191950464396285,0.05263157894736842,0.12693498452012383,0.04953560371517028,0.018575851393188854,0.03715170278637771,0.04953560371517028,0.05263157894736842,0.04953560371517028,0.0,0.02786377708978328,0.06811145510835913
Q00325,0.09116022099447514,0.049723756906077346,0.022099447513812154,0.027624309392265192,0.022099447513812154,0.03314917127071823,0.04696132596685083,0.08287292817679558,0.013812154696132596,0.03591160220994475,0.10220994475138122,0.06906077348066299,0.03038674033149171,0.06077348066298342,0.06629834254143646,0.06629834254143646,0.04696132596685083,0.013812154696132596,0.04419889502762431,0.07458563535911603
P12235,0.11409395973154363,0.05704697986577181,0.02348993288590604,0.053691275167785234,0.013422818791946308,0.0436241610738255,0.020134228187919462,0.1040268456375839,0.016778523489932886,0.05704697986577181,0.0738255033557047,0.07718120805369127,0.026845637583892617,0.07046979865771812,0.02348993288590604,0.04697986577181208,0.030201342281879196,0.020134228187919462,0.0436241610738255,0.08389261744966443
P05141,0.11409395973154363,0.05704697986577181,0.02348993288590604,0.05704697986577181,0.013422818791946308,0.040268456375838924,0.020134228187919462,0.1040268456375839,0.006711409395973154,0.06711409395973154,0.0738255033557047,0.07718120805369127,0.026845637583892617,0.06040268456375839,0.02348993288590604,0.040268456375838924,0.05704697986577181,0.016778523489932886,0.04697986577181208,0.0738255033557047
P12236,0.10738255033557047,0.06040268456375839,0.020134228187919462,0.053691275167785234,0.013422818791946308,0.0436241610738255,0.02348993288590604,0.1040268456375839,0.010067114093959731,0.06711409395973154,0.06711409395973154,0.0738255033557047,0.026845637583892617,0.06375838926174497,0.02348993288590604,0.04697986577181208,0.050335570469798654,0.016778523489932886,0.040268456375838924,0.087248322147651
P08195,0.0945179584120983,0.043478260869565216,0.03213610586011342,0.06049149338374291,0.003780718336483932,0.04725897920604915,0.062381852551984876,0.08128544423440454,0.015122873345935728,0.02835538752362949,0.15500945179584122,0.052930056710775046,0.017013232514177693,0.03969754253308128,0.045368620037807186,0.09073724007561437,0.03969754253308128,0.024574669187145556,0.017013232514177693,0.04914933837429111
Q8IYB5,0.08565310492505353,0.02569593147751606,0.044967880085653104,0.03854389721627409,0.01284796573875803,0.08137044967880086,0.05139186295503212,0.07708779443254818,0.006423982869379015,0.03854389721627409,0.07494646680942184,0.07922912205567452,0.04068522483940043,0.027837259100642397,0.08993576017130621,0.0835117773019272,0.06638115631691649,0.01284796573875803,0.01284796573875803,0.04925053533190578
Q92922,0.08506787330316742,0.046153846153846156,0.04253393665158371,0.056108597285067875,0.008144796380090498,0.05248868778280543,0.09502262443438914,0.06334841628959276,0.02986425339366516,0.03076923076923077,0.06968325791855204,0.07330316742081448,0.028054298642533938,0.023529411764705882,0.09773755656108597,0.05520361990950226,0.048868778280542986,0.011764705882352941,0.024434389140271493,0.0579185520361991
Q14683,0.0705596107055961,0.062449310624493104,0.0454176804541768,0.0535279805352798,0.008921330089213302,0.0681265206812652,0.13463098134630982,0.042173560421735604,0.015409570154095702,0.06001622060016221,0.08434712084347121,0.12652068126520682,0.024330900243309004,0.030008110300081103,0.021897810218978103,0.0494728304947283,0.031630170316301706,0.0016220600162206002,0.024330900243309004,0.04460665044606651
O95347,0.0885547201336675,0.04177109440267335,0.05847953216374269,0.045112781954887216,0.007518796992481203,0.055973266499582286,0.1111111111111111,0.042606516290726815,0.01670843776106934,0.05012531328320802,0.10275689223057644,0.12197159565580618,0.02422723475355054,0.025898078529657476,0.018379281537176273,0.05513784461152882,0.050960735171261484,0.004177109440267335,0.02172096908939014,0.05680868838763575
Q9NTJ3,0.06832298136645963,0.04580745341614907,0.052795031055900624,0.052795031055900624,0.009316770186335404,0.04891304347826087,0.11568322981366459,0.039596273291925464,0.021739130434782608,0.07453416149068323,0.08850931677018634,0.11490683229813664,0.021739130434782608,0.027950310559006212,0.03183229813664596,0.06133540372670807,0.04503105590062112,0.003105590062111801,0.023291925465838508,0.052795031055900624
Q16637,0.05782312925170068,0.030612244897959183,0.05782312925170068,0.061224489795918366,0.027210884353741496,0.03741496598639456,0.05102040816326531,0.08503401360544217,0.013605442176870748,0.047619047619047616,0.05782312925170068,0.07482993197278912,0.02040816326530612,0.023809523809523808,0.1326530612244898,0.1054421768707483,0.03741496598639456,0.02040816326530612,0.027210884353741496,0.030612244897959183
Q6IEG0,0.05014749262536873,0.10324483775811209,0.0471976401179941,0.07964601769911504,0.02064896755162242,0.038348082595870206,0.12094395280235988,0.02654867256637168,0.035398230088495575,0.04129793510324484,0.058997050147492625,0.08849557522123894,0.017699115044247787,0.02064896755162242,0.035398230088495575,0.09144542772861357,0.02654867256637168,0.0058997050147492625,0.035398230088495575,0.05604719764011799
Q13573,0.08582089552238806,0.09888059701492537,0.03171641791044776,0.06902985074626866,0.0018656716417910447,0.05970149253731343,0.09328358208955224,0.05783582089552239,0.018656716417910446,0.04477611940298507,0.05037313432835821,0.09888059701492537,0.029850746268656716,0.024253731343283583,0.06716417910447761,0.061567164179104475,0.024253731343283583,0.007462686567164179,0.027985074626865673,0.04664179104477612
Q5M775,0.07397003745318352,0.060861423220973786,0.03932584269662921,0.035580524344569285,0.011235955056179775,0.05056179775280899,0.11423220973782772,0.047752808988764044,0.020599250936329586,0.03089887640449438,0.10486891385767791,0.08052434456928839,0.015917602996254682,0.016853932584269662,0.052434456928838954,0.11423220973782772,0.06647940074906367,0.006554307116104869,0.013108614232209739,0.04400749063670412
Q69YQ0,0.08325872873769025,0.06445837063563116,0.04297224709042077,0.05461056401074306,0.006266786034019696,0.05550581915846016,0.10653536257833482,0.04028648164726947,0.021486123545210387,0.04118173679498657,0.09668755595344673,0.07162041181736795,0.02775290957923008,0.012533572068039392,0.03581020590868397,0.11727842435094002,0.06177260519247986,0.0035810205908683975,0.017009847806624886,0.03939122649955237
H3BMF4,0.08726003490401396,0.06806282722513089,0.017452006980802792,0.04537521815008726,0.017452006980802792,0.020942408376963352,0.029668411867364748,0.1082024432809773,0.013961605584642234,0.05410122164048865,0.1343804537521815,0.010471204188481676,0.015706806282722512,0.05235602094240838,0.06980802792321117,0.0924956369982548,0.04712041884816754,0.015706806282722512,0.020942408376963352,0.07853403141361257
O15020,0.11841004184100419,0.08786610878661087,0.026778242677824266,0.05355648535564853,0.0100418410041841,0.07196652719665272,0.10669456066945607,0.05188284518828452,0.027196652719665274,0.02510460251046025,0.11799163179916318,0.0502092050209205,0.02092050209205021,0.023430962343096235,0.03138075313807531,0.05355648535564853,0.03933054393305439,0.01882845188284519,0.015481171548117154,0.049372384937238493
O15269,0.08879492600422834,0.048625792811839326,0.03171247357293869,0.03805496828752643,0.021141649048625793,0.040169133192389,0.09302325581395349,0.06342494714587738,0.021141649048625793,0.07188160676532769,0.11416490486257928,0.06342494714587738,0.016913319238900635,0.040169133192389,0.046511627906976744,0.05708245243128964,0.03805496828752643,0.006342494714587738,0.03171247357293869,0.06765327695560254
P51571,0.10982658959537572,0.046242774566473986,0.028901734104046242,0.04046242774566474,0.017341040462427744,0.04046242774566474,0.05202312138728324,0.05202312138728324,0.023121387283236993,0.057803468208092484,0.09826589595375723,0.028901734104046242,0.017341040462427744,0.03468208092485549,0.03468208092485549,0.10982658959537572,0.06358381502890173,0.017341040462427744,0.046242774566473986,0.08092485549132948
Q08945,0.04372355430183357,0.06064880112834979,0.039492242595204514,0.0691114245416079,0.00846262341325811,0.031029619181946404,0.10437235543018336,0.06629055007052186,0.018335684062059238,0.04090267983074753,0.06770098730606489,0.1071932299012694,0.023977433004231313,0.04936530324400564,0.03526093088857546,0.10155148095909731,0.045133991537376586,0.00846262341325811,0.031029619181946404,0.047954866008462625
P50502,0.10840108401084012,0.06233062330623306,0.037940379403794036,0.06775067750677506,0.008130081300813009,0.04607046070460705,0.12195121951219512,0.06775067750677506,0.016260162601626018,0.04065040650406504,0.06233062330623306,0.08943089430894309,0.04878048780487805,0.024390243902439025,0.06504065040650407,0.04607046070460705,0.016260162601626018,0.008130081300813009,0.016260162601626018,0.04607046070460705
Q9H5V9,0.05855855855855856,0.07207207207207207,0.02252252252252252,0.05855855855855856,0.03153153153153153,0.05405405405405406,0.0990990990990991,0.04954954954954955,0.013513513513513514,0.036036036036036036,0.06306306306306306,0.11711711711711711,0.04054054054054054,0.03153153153153153,0.04504504504504504,0.04504504504504504,0.04954954954954955,0.0,0.036036036036036036,0.07657657657657657
P31948,0.09392265193370165,0.049723756906077346,0.05156537753222836,0.06998158379373849,0.020257826887661142,0.05156537753222836,0.10128913443830571,0.03683241252302026,0.016574585635359115,0.03867403314917127,0.09392265193370165,0.11602209944751381,0.03314917127071823,0.020257826887661142,0.055248618784530384,0.03314917127071823,0.03683241252302026,0.001841620626151013,0.053406998158379376,0.02578268876611418
P46977,0.06382978723404255,0.04822695035460993,0.032624113475177303,0.04397163120567376,0.015602836879432624,0.019858156028368795,0.03829787234042553,0.06382978723404255,0.02269503546099291,0.07092198581560284,0.10212765957446808,0.03971631205673759,0.03829787234042553,0.06524822695035461,0.031205673758865248,0.07943262411347518,0.062411347517730496,0.019858156028368795,0.06524822695035461,0.07659574468085106
Q8TCJ2,0.07869249394673124,0.04600484261501211,0.039951573849878935,0.039951573849878935,0.013317191283292978,0.024213075060532687,0.039951573849878935,0.07021791767554479,0.031476997578692496,0.06295399515738499,0.09443099273607748,0.05205811138014528,0.03026634382566586,0.06537530266343826,0.04116222760290557,0.07263922518159806,0.05690072639225181,0.026634382566585957,0.048426150121065374,0.06537530266343826
P56962,0.08940397350993377,0.04304635761589404,0.029801324503311258,0.046357615894039736,0.013245033112582781,0.059602649006622516,0.09602649006622517,0.06291390728476821,0.019867549668874173,0.06622516556291391,0.12251655629139073,0.08940397350993377,0.019867549668874173,0.023178807947019868,0.03642384105960265,0.059602649006622516,0.04966887417218543,0.006622516556291391,0.009933774834437087,0.056291390728476824
Q9UH99,0.08507670850767085,0.08228730822873083,0.008368200836820083,0.043235704323570434,0.005578800557880056,0.06694560669456066,0.0794979079497908,0.07391910739191074,0.02510460251046025,0.02510460251046025,0.11576011157601115,0.030683403068340307,0.012552301255230125,0.03765690376569038,0.03905160390516039,0.11715481171548117,0.0502092050209205,0.023709902370990237,0.02789400278940028,0.0502092050209205
Q9Y5B9,0.06017191977077364,0.04680038204393505,0.054441260744985676,0.05730659025787966,0.009551098376313277,0.02865329512893983,0.1174785100286533,0.054441260744985676,0.019102196752626553,0.05921680993314231,0.06972301814708691,0.10219675262655205,0.027698185291308502,0.044890162368672396,0.03247373447946514,0.06685768863419293,0.04393505253104107,0.007640878701050621,0.033428844317096466,0.06399235912129896
O15260,0.06691449814126393,0.03345724907063197,0.02973977695167286,0.040892193308550186,0.01486988847583643,0.04460966542750929,0.02973977695167286,0.08178438661710037,0.011152416356877323,0.05204460966542751,0.15985130111524162,0.040892193308550186,0.048327137546468404,0.08178438661710037,0.022304832713754646,0.055762081784386616,0.05204460966542751,0.026022304832713755,0.03345724907063197,0.07434944237918216
O75683,0.1329639889196676,0.14681440443213298,0.01662049861495845,0.030470914127423823,0.00554016620498615,0.06925207756232687,0.11911357340720222,0.05263157894736842,0.008310249307479225,0.013850415512465374,0.0886426592797784,0.13019390581717452,0.008310249307479225,0.008310249307479225,0.04155124653739612,0.04709141274238227,0.0332409972299169,0.008310249307479225,0.008310249307479225,0.030470914127423823
Q92804,0.015202702702702704,0.0945945945945946,0.04391891891891892,0.0929054054054054,0.006756756756756757,0.07094594594594594,0.02533783783783784,0.2956081081081081,0.011824324324324325,0.013513513513513514,0.0033783783783783786,0.02702702702702703,0.011824324324324325,0.02195945945945946,0.030405405405405407,0.10472972972972973,0.02364864864864865,0.0033783783783783786,0.09121621621621621,0.011824324324324325
Q9BW92,0.08495821727019498,0.08495821727019498,0.016713091922005572,0.04735376044568245,0.020891364902506964,0.05988857938718663,0.07103064066852367,0.07242339832869081,0.03064066852367688,0.02924791086350975,0.12674094707520892,0.03064066852367688,0.006963788300835654,0.05153203342618384,0.054317548746518104,0.06545961002785515,0.05153203342618384,0.022284122562674095,0.019498607242339833,0.052924791086350974
Q8TC07,0.041968162083936326,0.049204052098408106,0.03762662807525326,0.06801736613603473,0.023154848046309694,0.053545586107091175,0.07380607814761216,0.05209840810419682,0.023154848046309694,0.053545586107091175,0.11432706222865413,0.06512301013024602,0.030390738060781478,0.04052098408104197,0.03907380607814761,0.08683068017366136,0.041968162083936326,0.02170767004341534,0.03183791606367583,0.05209840810419682
Q9NZ01,0.06168831168831169,0.048701298701298704,0.022727272727272728,0.02922077922077922,0.022727272727272728,0.02922077922077922,0.032467532467532464,0.045454545454545456,0.04220779220779221,0.06168831168831169,0.11688311688311688,0.06493506493506493,0.022727272727272728,0.07467532467532467,0.06818181818181818,0.04220779220779221,0.07467532467532467,0.022727272727272728,0.06493506493506493,0.05194805194805195
Q9Y4R8,0.1039426523297491,0.07526881720430108,0.011947431302270013,0.04420549581839905,0.015531660692951015,0.04898446833930705,0.07765830346475508,0.06093189964157706,0.017921146953405017,0.016726403823178016,0.16487455197132617,0.026284348864994027,0.021505376344086023,0.03225806451612903,0.06690561529271206,0.07407407407407407,0.037037037037037035,0.009557945041816009,0.013142174432497013,0.08124253285543608
Q00059,0.06097560975609756,0.08536585365853659,0.02032520325203252,0.032520325203252036,0.016260162601626018,0.04878048780487805,0.1016260162601626,0.036585365853658534,0.012195121951219513,0.04065040650406504,0.08943089430894309,0.12601626016260162,0.028455284552845527,0.032520325203252036,0.044715447154471545,0.08536585365853659,0.036585365853658534,0.024390243902439025,0.04065040650406504,0.036585365853658534
Q9H5Q4,0.06060606060606061,0.0707070707070707,0.03282828282828283,0.05555555555555555,0.020202020202020204,0.03282828282828283,0.05555555555555555,0.05808080808080808,0.027777777777777776,0.05555555555555555,0.13131313131313133,0.07323232323232323,0.025252525252525252,0.045454545454545456,0.07323232323232323,0.05555555555555555,0.03787878787878788,0.017676767676767676,0.027777777777777776,0.04292929292929293
P02786,0.07894736842105263,0.04342105263157895,0.05526315789473684,0.056578947368421055,0.010526315789473684,0.030263157894736843,0.060526315789473685,0.06973684210526315,0.017105263157894738,0.042105263157894736,0.09342105263157895,0.06578947368421052,0.018421052631578946,0.060526315789473685,0.04078947368421053,0.07368421052631578,0.05789473684210526,0.014473684210526316,0.03684210526315789,0.07368421052631578
Q6YHU6,0.0629800307219662,0.039938556067588324,0.03277009728622632,0.04249871991807476,0.030721966205837174,0.053763440860215055,0.06758832565284179,0.04045058883768561,0.02713773681515617,0.051715309779825906,0.144905273937532,0.048131080389144903,0.02816180235535074,0.0409626216077829,0.04198668714797747,0.09114183307731695,0.057859703020993344,0.015873015873015872,0.01945724526369688,0.061955965181771634
Q96FV9,0.0441400304414003,0.045662100456621,0.0669710806697108,0.0517503805175038,0.0197869101978691,0.0426179604261796,0.1126331811263318,0.0410958904109589,0.0121765601217656,0.0426179604261796,0.1095890410958904,0.0730593607305936,0.0228310502283105,0.0471841704718417,0.0471841704718417,0.0730593607305936,0.0639269406392694,0.015220700152207,0.0258751902587519,0.0426179604261796
Q5SRD1,0.10106382978723404,0.026595744680851064,0.047872340425531915,0.0425531914893617,0.026595744680851064,0.02127659574468085,0.0425531914893617,0.14893617021276595,0.005319148936170213,0.026595744680851064,0.11702127659574468,0.031914893617021274,0.047872340425531915,0.047872340425531915,0.03723404255319149,0.047872340425531915,0.0851063829787234,0.015957446808510637,0.026595744680851064,0.05319148936170213
Q3ZCQ8,0.0764872521246459,0.0764872521246459,0.028328611898016998,0.059490084985835696,0.0113314447592068,0.056657223796033995,0.053824362606232294,0.0679886685552408,0.014164305949008499,0.036827195467422094,0.12181303116147309,0.0453257790368272,0.0113314447592068,0.039660056657223795,0.0764872521246459,0.06515580736543909,0.04815864022662889,0.014164305949008499,0.036827195467422094,0.059490084985835696
P29401,0.11717495987158909,0.04654895666131621,0.03210272873194221,0.056179775280898875,0.019261637239165328,0.04173354735152488,0.056179775280898875,0.07223113964686999,0.027287319422150885,0.0754414125200642,0.0738362760834671,0.06741573033707865,0.02086677367576244,0.038523274478330656,0.0449438202247191,0.06741573033707865,0.051364365971107544,0.006420545746388443,0.027287319422150885,0.05778491171749599
Q99805,0.058823529411764705,0.033182503770739065,0.02564102564102564,0.0392156862745098,0.02865761689291101,0.024132730015082957,0.048265460030165915,0.06485671191553545,0.027149321266968326,0.07692307692307693,0.10105580693815988,0.05429864253393665,0.030165912518853696,0.0889894419306184,0.049773755656108594,0.06485671191553545,0.05580693815987934,0.02262443438914027,0.043740573152337855,0.06184012066365008
Q9HD45,0.06281833616298811,0.03904923599320883,0.028862478777589132,0.04584040747028863,0.022071307300509338,0.022071307300509338,0.04584040747028863,0.06960950764006792,0.01867572156196944,0.07979626485568761,0.0831918505942275,0.050933786078098474,0.042444821731748725,0.07640067911714771,0.03735144312393888,0.059422750424448216,0.04584040747028863,0.022071307300509338,0.07130730050933787,0.07640067911714771
Q92545,0.0647902283590016,0.038767923526287836,0.04673393520977164,0.03983005841741901,0.007434944237918215,0.033988316516197555,0.05523101433882103,0.06266595857673925,0.029208709506107277,0.05363781200212427,0.08815719596388741,0.06372809346787042,0.012745618693574084,0.046202867764206054,0.08125331917153479,0.12692511949017526,0.06532129580456718,0.009559214020180564,0.01858736059479554,0.05523101433882103
Q5SNT2,0.0960960960960961,0.07207207207207207,0.02702702702702703,0.02702702702702703,0.03303303303303303,0.04504504504504504,0.03753753753753754,0.07057057057057058,0.03303303303303303,0.018018018018018018,0.12912912912912913,0.028528528528528527,0.010510510510510511,0.04054054054054054,0.08708708708708708,0.10810810810810811,0.05555555555555555,0.012012012012012012,0.021021021021021023,0.04804804804804805
Q8WUH6,0.06896551724137931,0.008620689655172414,0.034482758620689655,0.04310344827586207,0.0,0.05172413793103448,0.034482758620689655,0.15517241379310345,0.008620689655172414,0.04310344827586207,0.04310344827586207,0.09482758620689655,0.034482758620689655,0.008620689655172414,0.0603448275862069,0.07758620689655173,0.08620689655172414,0.008620689655172414,0.008620689655172414,0.12931034482758622
P57088,0.0931174089068826,0.06477732793522267,0.04048582995951417,0.020242914979757085,0.024291497975708502,0.044534412955465584,0.020242914979757085,0.02834008097165992,0.024291497975708502,0.044534412955465584,0.17813765182186234,0.024291497975708502,0.032388663967611336,0.0728744939271255,0.05668016194331984,0.08097165991902834,0.05263157894736842,0.004048582995951417,0.04048582995951417,0.05263157894736842
Q96JJ7,0.046255506607929514,0.04185022026431718,0.03524229074889868,0.07268722466960352,0.013215859030837005,0.037444933920704845,0.08590308370044053,0.06387665198237885,0.015418502202643172,0.05947136563876652,0.08590308370044053,0.06387665198237885,0.028634361233480177,0.05066079295154185,0.03524229074889868,0.06828193832599119,0.04405286343612335,0.013215859030837005,0.048458149779735685,0.09030837004405286
Q92973,0.060133630289532294,0.0400890868596882,0.0467706013363029,0.07238307349665925,0.028953229398663696,0.05679287305122494,0.06904231625835189,0.0378619153674833,0.022271714922048998,0.07349665924276169,0.12806236080178174,0.05011135857461024,0.030066815144766147,0.03897550111358575,0.0556792873051225,0.052338530066815145,0.04120267260579064,0.014476614699331848,0.024498886414253896,0.05679287305122494
Q8NDV7,0.04943934760448522,0.035168195718654434,0.08511722731906218,0.039755351681957186,0.007135575942915392,0.07492354740061162,0.04892966360856269,0.10091743119266056,0.01529051987767584,0.027522935779816515,0.05759429153924567,0.04994903160040775,0.021916411824668705,0.01529051987767584,0.07900101936799185,0.15137614678899083,0.060652395514780834,0.03109072375127421,0.009174311926605505,0.039755351681957186
Q9UPQ9,0.05946535733769776,0.031642116748499725,0.07637752318603383,0.046917621385706494,0.008183306055646482,0.06764866339334424,0.0425531914893617,0.11783960720130933,0.014729950900163666,0.018548827059465357,0.05455537370430987,0.05237315875613748,0.020185488270594652,0.015821058374249863,0.09765411893071467,0.1347517730496454,0.06273867975995635,0.03382433169667212,0.009274413529732678,0.03491543917075832
Q9HCJ0,0.07799586776859505,0.028925619834710745,0.07334710743801653,0.03770661157024793,0.007231404958677686,0.0625,0.03770661157024793,0.1131198347107438,0.02066115702479339,0.0253099173553719,0.06353305785123967,0.04338842975206612,0.018078512396694214,0.00981404958677686,0.09297520661157024,0.14256198347107438,0.06921487603305786,0.030991735537190084,0.007231404958677686,0.03770661157024793
Q96GM8,0.09019607843137255,0.058823529411764705,0.0392156862745098,0.054901960784313725,0.029411764705882353,0.049019607843137254,0.06470588235294118,0.06666666666666667,0.03137254901960784,0.03333333333333333,0.08431372549019608,0.056862745098039215,0.01764705882352941,0.0392156862745098,0.06470588235294118,0.0803921568627451,0.043137254901960784,0.00784313725490196,0.03333333333333333,0.054901960784313725
Q9NS69,0.1056338028169014,0.04225352112676056,0.007042253521126761,0.04929577464788732,0.0,0.07042253521126761,0.11971830985915492,0.08450704225352113,0.0,0.028169014084507043,0.13380281690140844,0.035211267605633804,0.04225352112676056,0.04225352112676056,0.07042253521126761,0.056338028169014086,0.04929577464788732,0.014084507042253521,0.007042253521126761,0.04225352112676056
O95985,0.06612529002320186,0.058004640371229696,0.03248259860788863,0.052204176334106726,0.03944315545243619,0.0382830626450116,0.06148491879350348,0.06960556844547564,0.03480278422273782,0.03480278422273782,0.08932714617169374,0.06844547563805105,0.029002320185614848,0.03944315545243619,0.060324825986078884,0.06264501160092807,0.0568445475638051,0.010440835266821345,0.031322505800464036,0.06496519721577726
Q8NFQ8,0.08297872340425531,0.029787234042553193,0.03404255319148936,0.06595744680851064,0.00851063829787234,0.059574468085106386,0.09361702127659574,0.06382978723404255,0.036170212765957444,0.027659574468085105,0.08723404255319149,0.059574468085106386,0.006382978723404255,0.03404255319148936,0.06170212765957447,0.11063829787234042,0.05319148936170213,0.010638297872340425,0.014893617021276596,0.059574468085106386
P19474,0.05894736842105263,0.06315789473684211,0.029473684210526315,0.042105263157894736,0.037894736842105266,0.06736842105263158,0.0968421052631579,0.06315789473684211,0.031578947368421054,0.042105263157894736,0.10736842105263159,0.056842105263157895,0.016842105263157894,0.035789473684210524,0.04421052631578947,0.06526315789473684,0.04,0.021052631578947368,0.018947368421052633,0.061052631578947365
Q14669,0.0745041122399613,0.06337687469762941,0.03918722786647315,0.05128205128205128,0.01644895984518626,0.055152394775036286,0.061925495887760036,0.05999032414126754,0.022254475084663765,0.03725205611998065,0.10062893081761007,0.062409288824383166,0.021286889211417512,0.03483309143686502,0.05611998064828253,0.11223996129656506,0.053217223028543786,0.0077406869859700045,0.018867924528301886,0.05128205128205128
P33981,0.047841306884480746,0.03500583430571762,0.06417736289381563,0.05367561260210035,0.019836639439906652,0.0676779463243874,0.06651108518086347,0.038506417736289385,0.019836639439906652,0.060676779463243874,0.08984830805134189,0.09334889148191365,0.023337222870478413,0.029171528588098017,0.052508751458576426,0.10268378063010501,0.045507584597432905,0.009334889148191364,0.030338389731621937,0.050175029171528586
P68363,0.07982261640798226,0.04656319290465632,0.03547671840354767,0.0598669623059867,0.026607538802660754,0.03547671840354767,0.082039911308204,0.07982261640798226,0.028824833702882482,0.0598669623059867,0.07095343680709534,0.04212860310421286,0.022172949002217297,0.04434589800443459,0.04434589800443459,0.050997782705099776,0.06430155210643015,0.008869179600886918,0.04212860310421286,0.07538802660753881
F5H5D3,0.0789980732177264,0.046242774566473986,0.04046242774566474,0.06165703275529865,0.030828516377649325,0.03275529865125241,0.07514450867052024,0.07707129094412331,0.025048169556840076,0.055876685934489405,0.07707129094412331,0.04238921001926782,0.019267822736030827,0.04816955684007707,0.046242774566473986,0.05394990366088632,0.06936416184971098,0.011560693641618497,0.04046242774566474,0.0674373795761079
P68366,0.08035714285714286,0.046875,0.03571428571428571,0.06473214285714286,0.029017857142857144,0.03571428571428571,0.078125,0.07589285714285714,0.029017857142857144,0.060267857142857144,0.06919642857142858,0.04241071428571429,0.024553571428571428,0.044642857142857144,0.049107142857142856,0.05133928571428571,0.060267857142857144,0.008928571428571428,0.04241071428571429,0.07142857142857142
Q9NY65,0.08240534521158129,0.0467706013363029,0.0378619153674833,0.062360801781737196,0.026726057906458798,0.0334075723830735,0.0801781737193764,0.06904231625835189,0.028953229398663696,0.05790645879732739,0.07349665924276169,0.042316258351893093,0.022271714922048998,0.051224944320712694,0.0400890868596882,0.05790645879732739,0.066815144766147,0.008908685968819599,0.0378619153674833,0.07349665924276169
P07437,0.06756756756756757,0.04954954954954955,0.0472972972972973,0.05855855855855856,0.018018018018018018,0.0472972972972973,0.08108108108108109,0.07882882882882883,0.02252252252252252,0.04054054054054054,0.07207207207207207,0.033783783783783786,0.038288288288288286,0.0518018018018018,0.04504504504504504,0.05855855855855856,0.06981981981981981,0.009009009009009009,0.036036036036036036,0.07432432432432433
Q13885,0.06292134831460675,0.04943820224719101,0.051685393258426963,0.058426966292134834,0.015730337078651686,0.04943820224719101,0.08089887640449438,0.07865168539325842,0.02247191011235955,0.04269662921348315,0.07191011235955057,0.033707865168539325,0.04269662921348315,0.051685393258426963,0.0449438202247191,0.06741573033707865,0.0651685393258427,0.008988764044943821,0.035955056179775284,0.0651685393258427
Q9BVA1,0.060674157303370786,0.04943820224719101,0.051685393258426963,0.058426966292134834,0.017977528089887642,0.04943820224719101,0.08089887640449438,0.07865168539325842,0.02247191011235955,0.04269662921348315,0.07191011235955057,0.033707865168539325,0.04269662921348315,0.051685393258426963,0.0449438202247191,0.0651685393258427,0.06741573033707865,0.008988764044943821,0.035955056179775284,0.0651685393258427
Q13509,0.06666666666666667,0.04888888888888889,0.04666666666666667,0.057777777777777775,0.017777777777777778,0.04666666666666667,0.08222222222222222,0.07555555555555556,0.024444444444444446,0.042222222222222223,0.07333333333333333,0.035555555555555556,0.042222222222222223,0.04888888888888889,0.044444444444444446,0.07111111111111111,0.06,0.008888888888888889,0.03777777777777778,0.06888888888888889
P04350,0.07207207207207207,0.04954954954954955,0.0472972972972973,0.05405405405405406,0.018018018018018018,0.0472972972972973,0.08333333333333333,0.07882882882882883,0.02252252252252252,0.036036036036036036,0.07432432432432433,0.03153153153153153,0.04054054054054054,0.05405405405405406,0.04504504504504504,0.05855855855855856,0.06981981981981981,0.009009009009009009,0.033783783783783786,0.07432432432432433
P68371,0.06741573033707865,0.04943820224719101,0.04943820224719101,0.05393258426966292,0.017977528089887642,0.04719101123595506,0.0853932584269663,0.07865168539325842,0.02247191011235955,0.035955056179775284,0.07415730337078652,0.033707865168539325,0.04044943820224719,0.051685393258426963,0.0449438202247191,0.058426966292134834,0.0696629213483146,0.008988764044943821,0.035955056179775284,0.07415730337078652
Q9BUF5,0.06726457399103139,0.04932735426008968,0.04708520179372197,0.05829596412556054,0.017937219730941704,0.04932735426008968,0.07847533632286996,0.07847533632286996,0.02242152466367713,0.042600896860986545,0.07399103139013453,0.03139013452914798,0.042600896860986545,0.05605381165919283,0.04708520179372197,0.06502242152466367,0.06502242152466367,0.008968609865470852,0.03139013452914798,0.06726457399103139
Q3ZCM7,0.07882882882882883,0.0518018018018018,0.04954954954954955,0.05630630630630631,0.02027027027027027,0.0472972972972973,0.08333333333333333,0.07432432432432433,0.02252252252252252,0.04279279279279279,0.07657657657657657,0.03153153153153153,0.04279279279279279,0.0518018018018018,0.04504504504504504,0.05855855855855856,0.06306306306306306,0.009009009009009009,0.036036036036036036,0.05855855855855856
P23258,0.05321507760532151,0.06430155210643015,0.04878048780487805,0.06208425720620843,0.013303769401330377,0.057649667405764965,0.0598669623059867,0.0598669623059867,0.028824833702882482,0.07095343680709534,0.0975609756097561,0.03547671840354767,0.024390243902439025,0.037694013303769404,0.04656319290465632,0.07538802660753881,0.06208425720620843,0.008869179600886918,0.037694013303769404,0.05543237250554324
Q9BSJ2,0.082039911308204,0.05321507760532151,0.02771618625277162,0.050997782705099776,0.012195121951219513,0.04988913525498891,0.07427937915742794,0.041019955654102,0.03215077605321508,0.045454545454545456,0.1319290465631929,0.06208425720620843,0.028824833702882482,0.041019955654102,0.036585365853658534,0.07095343680709534,0.05543237250554324,0.008869179600886918,0.03436807095343681,0.06097560975609756
P62987,0.0390625,0.078125,0.046875,0.046875,0.0390625,0.0625,0.0546875,0.0546875,0.0234375,0.078125,0.1015625,0.1328125,0.015625,0.015625,0.046875,0.03125,0.0625,0.0,0.0234375,0.046875
Q8NBM4,0.06976744186046512,0.061046511627906974,0.03488372093023256,0.029069767441860465,0.020348837209302327,0.06976744186046512,0.03488372093023256,0.061046511627906974,0.011627906976744186,0.061046511627906974,0.14825581395348839,0.02616279069767442,0.03197674418604651,0.0755813953488372,0.046511627906976744,0.09593023255813954,0.03197674418604651,0.01744186046511628,0.029069767441860465,0.0436046511627907
P60604,0.07272727272727272,0.03636363636363636,0.03636363636363636,0.05454545454545454,0.01818181818181818,0.030303030303030304,0.09090909090909091,0.06060606060606061,0.012121212121212121,0.05454545454545454,0.08484848484848485,0.048484848484848485,0.05454545454545454,0.05454545454545454,0.09090909090909091,0.07272727272727272,0.024242424242424242,0.01818181818181818,0.030303030303030304,0.05454545454545454
Q9NRR5,0.09151414309484193,0.04326123128119801,0.056572379367720464,0.026622296173044926,0.0016638935108153079,0.09983361064891846,0.05324459234608985,0.08153078202995008,0.008319467554076539,0.04326123128119801,0.09151414309484193,0.018302828618968387,0.05823627287853577,0.026622296173044926,0.09317803660565724,0.11813643926788686,0.05324459234608985,0.0016638935108153079,0.004991680532445923,0.028286189683860232
O94888,0.06339468302658487,0.05725971370143149,0.034764826175869123,0.05725971370143149,0.014314928425357873,0.06339468302658487,0.10429447852760736,0.065439672801636,0.028629856850715747,0.04703476482617587,0.08793456032719836,0.053169734151329244,0.018404907975460124,0.04294478527607362,0.05725971370143149,0.07975460122699386,0.05112474437627812,0.0081799591002045,0.014314928425357873,0.05112474437627812
Q5LJA5,0.07042253521126761,0.03943661971830986,0.04225352112676056,0.04788732394366197,0.022535211267605635,0.0676056338028169,0.10140845070422536,0.05352112676056338,0.01971830985915493,0.059154929577464786,0.09014084507042254,0.07605633802816901,0.028169014084507043,0.05070422535211268,0.04507042253521127,0.061971830985915494,0.03380281690140845,0.016901408450704224,0.016901408450704224,0.056338028169014086
Q92890,0.048859934853420196,0.05537459283387622,0.05537459283387622,0.05537459283387622,0.016286644951140065,0.035830618892508145,0.0781758957654723,0.08143322475570032,0.016286644951140065,0.05211726384364821,0.0781758957654723,0.07166123778501629,0.03257328990228013,0.05863192182410423,0.06514657980456026,0.06840390879478828,0.035830618892508145,0.003257328990228013,0.029315960912052116,0.06188925081433225
Q9NYU2,0.06495176848874598,0.04501607717041801,0.047588424437299034,0.06495176848874598,0.008360128617363344,0.04565916398713826,0.0707395498392283,0.049517684887459806,0.019935691318327974,0.05594855305466238,0.09967845659163987,0.06559485530546624,0.02122186495176849,0.05209003215434083,0.04630225080385852,0.07138263665594856,0.04823151125401929,0.01414790996784566,0.03922829581993569,0.06945337620578779
P11172,0.08541666666666667,0.052083333333333336,0.025,0.04791666666666667,0.016666666666666666,0.03958333333333333,0.06666666666666667,0.08333333333333333,0.020833333333333332,0.06666666666666667,0.11875,0.06041666666666667,0.020833333333333332,0.03333333333333333,0.035416666666666666,0.06666666666666667,0.05,0.004166666666666667,0.01875,0.0875
Q92900,0.070859167404783,0.045172719220549155,0.03808680248007086,0.05137289636846767,0.02037201062887511,0.07174490699734277,0.0566873339238264,0.0841452612931798,0.01948627103631532,0.049601417183348095,0.09477413640389726,0.054030115146147036,0.02037201062887511,0.03277236492471213,0.06111603188662533,0.070859167404783,0.050487156775907885,0.00974313551815766,0.03365810451727192,0.06465899025686449
Q9HAU5,0.050314465408805034,0.0589622641509434,0.049528301886792456,0.0699685534591195,0.01729559748427673,0.04874213836477988,0.12028301886792453,0.036949685534591194,0.026729559748427674,0.041666666666666664,0.09984276729559749,0.09905660377358491,0.025157232704402517,0.036163522012578615,0.04245283018867924,0.060534591194968554,0.04009433962264151,0.007075471698113208,0.0220125786163522,0.04716981132075472
Q6UW78,0.11827956989247312,0.08602150537634409,0.021505376344086023,0.021505376344086023,0.0,0.06451612903225806,0.08602150537634409,0.11827956989247312,0.0,0.021505376344086023,0.11827956989247312,0.043010752688172046,0.06451612903225806,0.0,0.043010752688172046,0.043010752688172046,0.053763440860215055,0.021505376344086023,0.010752688172043012,0.06451612903225806
P22695,0.1280353200883002,0.037527593818984545,0.05077262693156733,0.033112582781456956,0.006622516556291391,0.04856512141280353,0.04856512141280353,0.0772626931567329,0.026490066225165563,0.039735099337748346,0.09492273730684327,0.052980132450331126,0.017660044150110375,0.04415011037527594,0.039735099337748346,0.08609271523178808,0.05739514348785872,0.002207505518763797,0.03090507726269316,0.0772626931567329
Q14694,0.05639097744360902,0.040100250626566414,0.040100250626566414,0.05137844611528822,0.013784461152882205,0.047619047619047616,0.07393483709273183,0.07644110275689223,0.017543859649122806,0.046365914786967416,0.08270676691729323,0.05513784461152882,0.011278195488721804,0.03132832080200501,0.07894736842105263,0.09398496240601503,0.06892230576441102,0.005012531328320802,0.03508771929824561,0.07393483709273183
P55072,0.08064516129032258,0.07196029776674938,0.03970223325062035,0.07692307692307693,0.01488833746898263,0.03225806451612903,0.08436724565756824,0.07816377171215881,0.01240694789081886,0.07320099255583126,0.08560794044665013,0.05831265508684864,0.02481389578163772,0.038461538461538464,0.05334987593052109,0.04962779156327544,0.03970223325062035,0.0037220843672456576,0.016129032258064516,0.06575682382133995
P45880,0.07142857142857142,0.023809523809523808,0.05102040816326531,0.05782312925170068,0.030612244897959183,0.027210884353741496,0.04081632653061224,0.11564625850340136,0.013605442176870748,0.04421768707482993,0.0782312925170068,0.0782312925170068,0.01020408163265306,0.05102040816326531,0.023809523809523808,0.0782312925170068,0.1054421768707483,0.013605442176870748,0.034013605442176874,0.05102040816326531
Q9Y277,0.07773851590106007,0.014134275618374558,0.06713780918727916,0.04946996466431095,0.02120141342756184,0.02120141342756184,0.038869257950530034,0.11307420494699646,0.014134275618374558,0.038869257950530034,0.09187279151943463,0.09540636042402827,0.014134275618374558,0.053003533568904596,0.014134275618374558,0.07773851590106007,0.09187279151943463,0.0176678445229682,0.04240282685512368,0.045936395759717315
P08670,0.07081545064377683,0.09227467811158799,0.04935622317596566,0.06223175965665236,0.002145922746781116,0.07081545064377683,0.11802575107296137,0.030042918454935622,0.012875536480686695,0.032188841201716736,0.11802575107296137,0.04721030042918455,0.02145922746781116,0.02145922746781116,0.019313304721030045,0.09227467811158799,0.0536480686695279,0.002145922746781116,0.027896995708154508,0.055793991416309016
Q9UN37,0.07780320366132723,0.05263157894736842,0.041189931350114416,0.059496567505720827,0.011441647597254004,0.029748283752860413,0.08237986270022883,0.059496567505720827,0.02288329519450801,0.04576659038901602,0.09382151029748284,0.09153318077803203,0.032036613272311214,0.032036613272311214,0.05034324942791762,0.07551487414187644,0.05263157894736842,0.011441647597254004,0.020594965675057208,0.057208237986270026
Q86Y07,0.047244094488188976,0.03937007874015748,0.051181102362204724,0.04133858267716536,0.015748031496062992,0.05511811023622047,0.06692913385826772,0.06299212598425197,0.023622047244094488,0.051181102362204724,0.10236220472440945,0.09055118110236221,0.015748031496062992,0.04133858267716536,0.05708661417322835,0.07283464566929133,0.045275590551181105,0.015748031496062992,0.051181102362204724,0.0531496062992126
Q9NQH7,0.0650887573964497,0.055226824457593686,0.03550295857988166,0.05325443786982249,0.021696252465483234,0.055226824457593686,0.0611439842209073,0.0611439842209073,0.02564102564102564,0.05325443786982249,0.10453648915187377,0.05128205128205128,0.03550295857988166,0.029585798816568046,0.07692307692307693,0.0631163708086785,0.045364891518737675,0.009861932938856016,0.03747534516765286,0.05917159763313609
O14980,0.05415499533146592,0.036414565826330535,0.056022408963585436,0.04481792717086835,0.018674136321195144,0.06162464985994398,0.07376283846872082,0.03454715219421102,0.029878618113912233,0.07096171802054155,0.1157796451914099,0.05788982259570495,0.036414565826330535,0.05228758169934641,0.03734827264239029,0.051353874883286646,0.05695611577964519,0.012138188608776844,0.02707749766573296,0.0718954248366013
Q9HAV4,0.0664451827242525,0.04817275747508306,0.03903654485049834,0.04983388704318937,0.030730897009966777,0.05232558139534884,0.07142857142857142,0.04235880398671096,0.018272425249169437,0.03986710963455149,0.13704318936877077,0.053156146179401995,0.03820598006644518,0.049003322259136214,0.04568106312292359,0.06478405315614617,0.054817275747508304,0.01079734219269103,0.020764119601328904,0.06727574750830564
O43592,0.07380457380457381,0.04261954261954262,0.034303534303534305,0.05197505197505198,0.02286902286902287,0.07172557172557173,0.07484407484407485,0.030145530145530147,0.01975051975051975,0.05301455301455302,0.1288981288981289,0.05405405405405406,0.029106029106029108,0.057172557172557176,0.036382536382536385,0.06444906444906445,0.04158004158004158,0.008316008316008316,0.028066528066528068,0.07692307692307693
Q9BSR8,0.05737704918032787,0.028688524590163935,0.020491803278688523,0.05737704918032787,0.004098360655737705,0.020491803278688523,0.045081967213114756,0.08196721311475409,0.0,0.07377049180327869,0.14344262295081966,0.036885245901639344,0.01639344262295082,0.06967213114754098,0.06967213114754098,0.06967213114754098,0.040983606557377046,0.020491803278688523,0.04918032786885246,0.0942622950819672
Q9BYJ9,0.06082289803220036,0.028622540250447227,0.059033989266547404,0.046511627906976744,0.005366726296958855,0.07155635062611806,0.03577817531305903,0.08586762075134168,0.028622540250447227,0.03041144901610018,0.046511627906976744,0.06440071556350627,0.01967799642218247,0.03398926654740608,0.09660107334525939,0.11806797853309481,0.046511627906976744,0.017889087656529516,0.03577817531305903,0.06797853309481217
Q9Y5A9,0.07944732297063903,0.031088082901554404,0.06735751295336788,0.044905008635578586,0.0051813471502590676,0.0690846286701209,0.03626943005181347,0.09671848013816926,0.022452504317789293,0.039723661485319514,0.0535405872193437,0.06044905008635579,0.017271157167530225,0.03281519861830743,0.08635578583765112,0.11398963730569948,0.039723661485319514,0.017271157167530225,0.03281519861830743,0.0535405872193437
P31946,0.08536585365853659,0.04065040650406504,0.056910569105691054,0.056910569105691054,0.008130081300813009,0.06097560975609756,0.12195121951219512,0.04065040650406504,0.008130081300813009,0.04065040650406504,0.0975609756097561,0.08130081300813008,0.032520325203252036,0.024390243902439025,0.02032520325203252,0.07723577235772358,0.04878048780487805,0.008130081300813009,0.044715447154471545,0.044715447154471545
P62258,0.09803921568627451,0.054901960784313725,0.043137254901960784,0.08627450980392157,0.011764705882352941,0.03529411764705882,0.11372549019607843,0.0392156862745098,0.011764705882352941,0.050980392156862744,0.10588235294117647,0.07058823529411765,0.0392156862745098,0.0196078431372549,0.0196078431372549,0.054901960784313725,0.0392156862745098,0.00784313725490196,0.047058823529411764,0.050980392156862744
P61981,0.0931174089068826,0.05263157894736842,0.05668016194331984,0.06882591093117409,0.012145748987854251,0.048582995951417005,0.11336032388663968,0.032388663967611336,0.016194331983805668,0.04048582995951417,0.09716599190283401,0.06882591093117409,0.02834008097165992,0.012145748987854251,0.016194331983805668,0.0728744939271255,0.044534412955465584,0.008097165991902834,0.05668016194331984,0.06072874493927125
Q04917,0.0975609756097561,0.04878048780487805,0.056910569105691054,0.06910569105691057,0.012195121951219513,0.052845528455284556,0.11382113821138211,0.032520325203252036,0.0040650406504065045,0.036585365853658534,0.10975609756097561,0.08130081300813008,0.028455284552845527,0.028455284552845527,0.016260162601626018,0.06910569105691057,0.032520325203252036,0.008130081300813009,0.04878048780487805,0.052845528455284556
P27348,0.09795918367346938,0.044897959183673466,0.04897959183673469,0.07346938775510205,0.02040816326530612,0.04081632653061224,0.10612244897959183,0.036734693877551024,0.004081632653061225,0.04897959183673469,0.11020408163265306,0.07755102040816327,0.024489795918367346,0.024489795918367346,0.0163265306122449,0.0653061224489796,0.0653061224489796,0.00816326530612245,0.044897959183673466,0.04081632653061224
P63104,0.10204081632653061,0.044897959183673466,0.04081632653061224,0.061224489795918366,0.012244897959183673,0.05714285714285714,0.12244897959183673,0.044897959183673466,0.004081632653061225,0.04081632653061224,0.09795918367346938,0.08163265306122448,0.02857142857142857,0.024489795918367346,0.0163265306122449,0.07755102040816327,0.04081632653061224,0.00816326530612245,0.044897959183673466,0.04897959183673469
Q8N5P1,0.054982817869415807,0.03436426116838488,0.048109965635738834,0.058419243986254296,0.041237113402061855,0.06872852233676977,0.10652920962199312,0.05154639175257732,0.030927835051546393,0.037800687285223365,0.054982817869415807,0.15120274914089346,0.013745704467353952,0.03436426116838488,0.044673539518900345,0.061855670103092786,0.044673539518900345,0.003436426116838488,0.037800687285223365,0.020618556701030927
Q9NUD5,0.11662531017369727,0.0967741935483871,0.01240694789081886,0.04714640198511166,0.034739454094292806,0.02729528535980149,0.08933002481389578,0.1315136476426799,0.017369727047146403,0.02729528535980149,0.062034739454094295,0.062034739454094295,0.01240694789081886,0.04218362282878412,0.06699751861042183,0.03970223325062035,0.02977667493796526,0.01240694789081886,0.01488833746898263,0.05707196029776675
Q8TBF4,0.06451612903225806,0.055299539170506916,0.041474654377880185,0.06451612903225806,0.018433179723502304,0.027649769585253458,0.10599078341013825,0.05069124423963134,0.004608294930875576,0.055299539170506916,0.055299539170506916,0.1336405529953917,0.013824884792626729,0.041474654377880185,0.05069124423963134,0.10599078341013825,0.03225806451612903,0.004608294930875576,0.03225806451612903,0.041474654377880185
Q9UDW3,0.058823529411764705,0.1,0.029411764705882353,0.058823529411764705,0.029411764705882353,0.058823529411764705,0.07647058823529412,0.052941176470588235,0.029411764705882353,0.01764705882352941,0.11176470588235295,0.058823529411764705,0.01764705882352941,0.041176470588235294,0.08823529411764706,0.058823529411764705,0.01764705882352941,0.03529411764705882,0.023529411764705882,0.03529411764705882
Q5BKZ1,0.03264604810996564,0.06872852233676977,0.037800687285223365,0.05670103092783505,0.010309278350515464,0.041237113402061855,0.13402061855670103,0.11168384879725086,0.027491408934707903,0.037800687285223365,0.027491408934707903,0.06701030927835051,0.029209621993127148,0.041237113402061855,0.044673539518900345,0.09106529209621993,0.037800687285223365,0.001718213058419244,0.0429553264604811,0.058419243986254296
Q96PM9,0.09585492227979274,0.05699481865284974,0.02849740932642487,0.015544041450777202,0.015544041450777202,0.03626943005181347,0.054404145077720206,0.10362694300518134,0.031088082901554404,0.038860103626943004,0.10621761658031088,0.06217616580310881,0.012953367875647668,0.018134715025906734,0.14507772020725387,0.07772020725388601,0.046632124352331605,0.0,0.012953367875647668,0.04145077720207254
Q96F45,0.12848297213622292,0.020123839009287926,0.01238390092879257,0.034055727554179564,0.020123839009287926,0.017027863777089782,0.01393188854489164,0.16718266253869968,0.034055727554179564,0.01393188854489164,0.08513931888544891,0.04489164086687306,0.01238390092879257,0.01393188854489164,0.12074303405572756,0.14241486068111456,0.04953560371517028,0.0030959752321981426,0.030959752321981424,0.03560371517027864
Q8NDQ6,0.019696969696969695,0.06515151515151515,0.022727272727272728,0.025757575757575757,0.06060606060606061,0.05,0.07727272727272727,0.06818181818181818,0.06666666666666667,0.045454545454545456,0.06515151515151515,0.13636363636363635,0.007575757575757576,0.04696969696969697,0.02878787878787879,0.06666666666666667,0.06212121212121212,0.0030303030303030303,0.03939393939393939,0.04242424242424243
O00488,0.08955223880597014,0.13432835820895522,0.014925373134328358,0.05970149253731343,0.014925373134328358,0.03731343283582089,0.07462686567164178,0.05970149253731343,0.04477611940298507,0.014925373134328358,0.07462686567164178,0.05223880597014925,0.029850746268656716,0.022388059701492536,0.08955223880597014,0.07462686567164178,0.05223880597014925,0.0,0.022388059701492536,0.03731343283582089
Q9ULD9,0.082010582010582,0.03902116402116402,0.04431216931216931,0.0496031746031746,0.011904761904761904,0.04497354497354497,0.0667989417989418,0.082010582010582,0.027777777777777776,0.02513227513227513,0.06481481481481481,0.09259259259259259,0.021164021164021163,0.012566137566137565,0.07804232804232804,0.12301587301587301,0.061507936507936505,0.003968253968253968,0.027116402116402115,0.041666666666666664
Q96CK0,0.0959349593495935,0.06666666666666667,0.022764227642276424,0.04065040650406504,0.030894308943089432,0.02926829268292683,0.0991869918699187,0.08617886178861789,0.04227642276422764,0.024390243902439025,0.06666666666666667,0.06341463414634146,0.01951219512195122,0.01951219512195122,0.07154471544715447,0.07479674796747968,0.04390243902439024,0.00975609756097561,0.024390243902439025,0.06829268292682927
Q9BRT8,0.05063291139240506,0.035443037974683546,0.04050632911392405,0.06582278481012659,0.015189873417721518,0.04810126582278481,0.10126582278481013,0.06835443037974684,0.020253164556962026,0.06835443037974684,0.12658227848101267,0.06835443037974684,0.012658227848101266,0.020253164556962026,0.030379746835443037,0.05569620253164557,0.07088607594936709,0.012658227848101266,0.017721518987341773,0.07088607594936709
Q15942,0.08916083916083917,0.04020979020979021,0.02097902097902098,0.03671328671328671,0.03671328671328671,0.08041958041958042,0.05944055944055944,0.06468531468531469,0.026223776223776224,0.02097902097902098,0.055944055944055944,0.045454545454545456,0.013986013986013986,0.03671328671328671,0.18181818181818182,0.07167832167832168,0.04195804195804196,0.0017482517482517483,0.017482517482517484,0.057692307692307696
P49841,0.08095238095238096,0.06428571428571428,0.04047619047619048,0.05238095238095238,0.02142857142857143,0.04285714285714286,0.04523809523809524,0.05238095238095238,0.016666666666666666,0.047619047619047616,0.0880952380952381,0.05476190476190476,0.011904761904761904,0.04285714285714286,0.07380952380952381,0.0761904761904762,0.07142857142857142,0.004761904761904762,0.04285714285714286,0.06904761904761905
P38647,0.10751104565537556,0.050073637702503684,0.039764359351988215,0.061855670103092786,0.007363770250368188,0.05154639175257732,0.07658321060382917,0.08394698085419734,0.010309278350515464,0.055964653902798235,0.06921944035346098,0.0780559646539028,0.026509572901325478,0.029455081001472753,0.033873343151693665,0.05891016200294551,0.06332842415316642,0.0029455081001472753,0.016200294550810016,0.07658321060382917
Q99KR7,0.06310679611650485,0.04854368932038835,0.043689320388349516,0.04854368932038835,0.02912621359223301,0.019417475728155338,0.02912621359223301,0.1407766990291262,0.024271844660194174,0.03398058252427184,0.09223300970873786,0.06796116504854369,0.019417475728155338,0.05339805825242718,0.04854368932038835,0.0825242718446602,0.06310679611650485,0.0048543689320388345,0.014563106796116505,0.07281553398058252
Q60932,0.06756756756756757,0.02364864864864865,0.07094594594594594,0.0472972972972973,0.010135135135135136,0.030405405405405407,0.05067567567567568,0.10810810810810811,0.010135135135135136,0.033783783783783786,0.10810810810810811,0.08445945945945946,0.010135135135135136,0.05405405405405406,0.02027027027027027,0.06756756756756757,0.09797297297297297,0.016891891891891893,0.037162162162162164,0.05067567567567568
Q04206,0.0852994555353902,0.06533575317604355,0.02722323049001815,0.05989110707803993,0.016333938294010888,0.05807622504537205,0.05807622504537205,0.05807622504537205,0.016333938294010888,0.047186932849364795,0.0780399274047187,0.032667876588021776,0.018148820326678767,0.041742286751361164,0.132486388384755,0.07622504537205081,0.050816696914700546,0.0018148820326678765,0.021778584392014518,0.0544464609800363
Q38DU9,0.07881773399014778,0.07060755336617405,0.031198686371100164,0.054187192118226604,0.027914614121510674,0.031198686371100164,0.054187192118226604,0.060755336617405585,0.019704433497536946,0.052545155993431854,0.10180623973727422,0.04597701149425287,0.022988505747126436,0.034482758620689655,0.041050903119868636,0.07881773399014778,0.05747126436781609,0.003284072249589491,0.027914614121510674,0.10509031198686371
Q4GYY5,0.08869179600886919,0.04656319290465632,0.03547671840354767,0.06430155210643015,0.024390243902439025,0.028824833702882482,0.07760532150776053,0.07760532150776053,0.028824833702882482,0.04656319290465632,0.082039911308204,0.04212860310421286,0.024390243902439025,0.037694013303769404,0.04212860310421286,0.05543237250554324,0.0598669623059867,0.0066518847006651885,0.04434589800443459,0.08647450110864745
