Protein Identifier,seq_len,num_motifs,motif_density,avg_hydro,std_hydro,max_hydro,min_hydro,hydrophobic_fraction
P09798,840,10,0.011904761904761904,-0.48333333333333334,3.018661534574133,4.5,-4.5,0.35714285714285715
P38717,1229,8,0.006509357200976403,-0.31749389747762413,3.1391117670592257,4.5,-4.5,0.37021969080553296
P07342,687,3,0.004366812227074236,-0.25691411935953423,3.006006761320066,4.5,-4.5,0.37700145560407566
P15790,372,0,0.0,-0.5486559139784947,3.214704675459631,4.5,-4.5,0.3467741935483871
P22035,811,11,0.013563501849568433,-0.9124537607891492,2.8241088676685133,4.5,-4.5,0.2466091245376079
P33418,1100,14,0.012727272727272728,0.024181818181818165,3.2430873006549517,4.5,-4.5,0.42727272727272725
P14922,966,9,0.009316770186335404,-0.8383022774327121,2.84630136954401,4.5,-4.5,0.3105590062111801
P05453,685,6,0.008759124087591242,-0.7972262773722628,2.9404465448474184,4.5,-4.5,0.291970802919708
P12385,437,2,0.004576659038901602,-0.340045766590389,3.1416480389520745,4.5,-4.5,0.3707093821510298
P19262,463,1,0.0021598272138228943,-0.37948164146868263,3.0099816218930315,4.5,-4.5,0.35853131749460043
P31688,896,7,0.0078125,-0.5164062500000001,3.0852596028703636,4.5,-4.5,0.3359375
P38427,1098,16,0.014571948998178506,-0.3965391621129326,3.062292980076394,4.5,-4.5,0.3469945355191257
P53886,1748,16,0.009153318077803204,-0.18621281464530892,3.0841031215816606,4.5,-4.5,0.37013729977116705
P14724,124,0,0.0,-1.2330645161290323,2.8756688359235985,4.5,-4.5,0.24193548387096775
P16522,626,7,0.011182108626198083,-0.4047923322683706,3.0957627495663402,4.5,-4.5,0.3769968051118211
P38042,758,7,0.009234828496042216,-0.43113456464379957,2.9969873228885415,4.5,-4.5,0.3496042216358839
P00937,484,3,0.006198347107438017,-0.13822314049586776,3.1128110624544654,4.5,-4.5,0.38636363636363635
Q04199,468,2,0.004273504273504274,-0.19658119658119658,3.038131781545954,4.5,-4.5,0.37393162393162394
Q12495,606,2,0.0033003300330033004,-1.1658415841584155,3.0034421728735694,4.5,-4.5,0.2623762376237624
P46677,1066,12,0.01125703564727955,-0.7733583489681052,3.0384563600121997,4.5,-4.5,0.30206378986866794
P13393,240,0,0.0,-0.24708333333333335,3.145087411565677,4.5,-4.5,0.4
P38995,1004,4,0.00398406374501992,0.21344621513944223,3.079615616714005,4.5,-4.5,0.4292828685258964
P46678,594,7,0.011784511784511785,-1.0606060606060606,2.9956079471048747,4.5,-4.5,0.27441077441077444
P02309,103,0,0.0,-0.503883495145631,3.174318131201897,4.5,-4.5,0.32038834951456313
P11978,1358,23,0.016936671575846832,-0.883578792341679,2.981423067992909,4.5,-4.5,0.27172312223858613
P11938,827,9,0.010882708585247884,-0.7857315598548972,2.936591405681999,4.5,-4.5,0.3083434099153567
P06701,978,9,0.009202453987730062,-0.5062372188139058,3.1828290513163133,4.5,-4.5,0.34049079754601225
Q07468,1049,3,0.002859866539561487,-0.4395614871306006,3.1747947094833204,4.5,-4.5,0.3517635843660629
P14747,604,5,0.008278145695364239,-0.45215231788079474,3.050238076145881,4.5,-4.5,0.3576158940397351
P07278,416,1,0.002403846153846154,-0.6884615384615385,3.020516629661087,4.5,-4.5,0.32211538461538464
P25302,1093,30,0.027447392497712716,-0.8394327538883806,3.020220123747551,4.5,-4.5,0.28636779505946935
P24869,491,4,0.008146639511201629,-0.5680244399185336,3.1282133731177924,4.5,-4.5,0.34012219959266804
P29295,494,4,0.008097165991902834,-0.77834008097166,3.0188537918105176,4.5,-4.5,0.305668016194332
P38930,258,1,0.003875968992248062,-0.45465116279069767,3.0954451525210533,4.5,-4.5,0.3449612403100775
P53378,473,3,0.006342494714587738,-0.3412262156448203,2.999713195872992,4.5,-4.5,0.35095137420718814
P38863,823,10,0.012150668286755772,-0.43961117861482374,3.192664868384896,4.5,-4.5,0.36330498177399756
P53540,846,8,0.009456264775413711,-0.24278959810874706,3.163090742543685,4.5,-4.5,0.3723404255319149
P32380,944,10,0.01059322033898305,-1.2195974576271187,3.1689916201856856,4.5,-4.5,0.2722457627118644
P07149,2051,15,0.007313505607020965,-0.18044856167723064,3.0744687131319033,4.5,-4.5,0.3773768893222818
P33304,620,9,0.014516129032258065,-0.950967741935484,2.952945336481822,4.5,-4.5,0.2661290322580645
Q04921,423,5,0.01182033096926714,-0.6633569739952719,3.1688130214274475,4.5,-4.5,0.3144208037825059
P32524,280,1,0.0035714285714285713,-1.0067857142857142,3.080965240184395,4.5,-4.5,0.2857142857142857
Q07350,266,4,0.015037593984962405,-0.6819548872180451,3.1044434462149235,4.5,-4.5,0.31203007518796994
P19736,530,1,0.0018867924528301887,-0.8445283018867925,3.1168771054869064,4.5,-4.5,0.3150943396226415
P43639,278,3,0.01079136690647482,-0.6816546762589928,2.95809852816539,4.5,-4.5,0.3237410071942446
P16649,713,14,0.019635343618513323,-0.6279102384291725,2.9072995587074737,4.5,-4.5,0.30014025245441794
P14306,219,0,0.0,-0.5584474885844749,2.8115481623405207,4.5,-4.5,0.3242009132420091
P36517,319,0,0.0,-0.6191222570532915,3.128398267260026,4.5,-4.5,0.3322884012539185
P47093,109,0,0.0,-0.24495412844036699,3.3422644150207725,4.5,-4.5,0.4036697247706422
Q12186,476,10,0.02100840336134454,-0.8289915966386555,2.925955965296428,4.5,-4.5,0.27310924369747897
P40567,111,0,0.0,-0.4288288288288289,3.2085018644133076,4.5,-4.5,0.38738738738738737
P40070,187,7,0.0374331550802139,-1.1593582887700535,2.962575049700023,4.5,-4.5,0.23529411764705882
P42073,533,5,0.009380863039399626,-0.7069418386491556,3.069435450899138,4.5,-4.5,0.30956848030018763
P32578,815,12,0.014723926380368098,-0.7666257668711656,2.9128975351243676,4.5,-4.5,0.2871165644171779
P22543,875,10,0.011428571428571429,-0.30457142857142855,3.1986357295903898,4.5,-4.5,0.368
P15646,327,0,0.0,-0.4122324159021406,2.9717070899655735,4.5,-4.5,0.327217125382263
P26309,610,6,0.009836065573770493,-0.5260655737704918,2.933256333328466,4.5,-4.5,0.30655737704918035
P18851,423,4,0.009456264775413711,-0.3588652482269504,2.9282936459442417,4.5,-4.5,0.34515366430260047
P20433,221,3,0.013574660633484163,-0.9000000000000001,3.1630931650902605,4.5,-4.5,0.3212669683257919
P20676,1076,26,0.024163568773234202,-0.7956319702602231,2.6051866821670817,4.5,-4.5,0.2537174721189591
P13902,151,0,0.0,-0.8364238410596027,3.2449345842590334,4.5,-4.5,0.2913907284768212
Q01649,594,3,0.005050505050505051,-0.7782828282828284,3.2269044303847063,4.5,-4.5,0.33164983164983164
P07270,312,6,0.019230769230769232,-0.7596153846153846,2.890474604941997,4.5,-4.5,0.2916666666666667
P06787,147,3,0.02040816326530612,-0.29455782312925166,3.112161405519229,4.5,-4.5,0.3945578231292517
P39520,1085,11,0.010138248847926268,-1.262672811059908,2.858196758205355,4.5,-4.5,0.22672811059907835
P32605,298,1,0.003355704697986577,-0.6724832214765102,3.226231809086274,4.5,-4.5,0.34563758389261745
P53863,590,6,0.010169491525423728,-1.0954237288135593,3.0129544158482244,4.5,-4.5,0.2796610169491525
O13329,566,1,0.0017667844522968198,-0.7574204946996467,3.0353639543803803,4.5,-4.5,0.303886925795053
P39723,622,7,0.011254019292604502,-0.7906752411575562,3.203436136561313,4.5,-4.5,0.31189710610932475
P25607,182,1,0.005494505494505495,-0.12857142857142861,3.108064155442823,4.5,-4.5,0.3791208791208791
Q00916,300,2,0.006666666666666667,-0.8796666666666666,2.969009917276951,4.5,-4.5,0.27666666666666667
P42937,148,0,0.0,-0.5831081081081081,2.9744494951374527,4.5,-4.5,0.31756756756756754
Q03677,179,1,0.00558659217877095,-0.6324022346368714,3.1524682774679804,4.5,-4.5,0.3407821229050279
Q01722,534,14,0.026217228464419477,-0.753370786516854,2.823685578864111,4.5,-4.5,0.27153558052434457
P32361,1115,7,0.006278026905829596,-0.3644843049327354,3.126632822351783,4.5,-4.5,0.35336322869955156
P28742,1111,15,0.013501350135013501,-0.6254725472547256,3.143428435395702,4.5,-4.5,0.32223222322232226
P35191,511,2,0.003913894324853229,-0.5614481409001958,2.9315379800248618,4.5,-4.5,0.32093933463796476
P12689,985,9,0.009137055837563452,-0.4576649746192893,3.1502066050110833,4.5,-4.5,0.350253807106599
P22579,1536,9,0.005859375,-0.7434895833333334,3.00140536698641,4.5,-4.5,0.3033854166666667
P21560,335,0,0.0,-0.5617910447761194,3.0467359218076706,4.5,-4.5,0.34328358208955223
Q02554,436,2,0.0045871559633027525,-1.0087155963302752,3.0568718198158518,4.5,-4.5,0.28440366972477066
Q99181,213,4,0.018779342723004695,-0.3737089201877934,3.2378576134015242,4.5,-4.5,0.38028169014084506
P27705,504,7,0.013888888888888888,-0.8386904761904761,2.8225619960694095,4.5,-4.5,0.26587301587301587
P53236,928,12,0.01293103448275862,-0.7005387931034484,3.031360819268888,4.5,-4.5,0.30711206896551724
P25644,796,4,0.005025125628140704,-0.49949748743718597,3.0095951661417915,4.5,-4.5,0.3341708542713568
P39081,626,8,0.012779552715654952,-0.7052715654952075,3.0754808460205703,4.5,-4.5,0.30990415335463256
P53147,276,3,0.010869565217391304,-0.7184782608695652,3.011316675325368,4.5,-4.5,0.286231884057971
P38768,344,0,0.0,-0.4924418604651163,3.2636120793929124,4.5,-4.5,0.375
P27351,700,3,0.004285714285714286,-0.12671428571428572,3.268619289734503,4.5,-4.5,0.40714285714285714
P39682,629,10,0.01589825119236884,-0.351510333863275,3.2031014047628417,4.5,-4.5,0.35771065182829886
P32909,740,11,0.014864864864864866,-0.7525675675675675,2.830830534614337,4.5,-4.5,0.27297297297297296
P36084,527,5,0.009487666034155597,-0.8087286527514232,3.0023835718190512,4.5,-4.5,0.29601518026565465
P39935,952,14,0.014705882352941176,-1.1266806722689076,2.8192879917423728,4.5,-4.5,0.24579831932773108
P38267,160,0,0.0,0.29624999999999996,3.211014004563044,4.5,-4.5,0.49375
P53971,965,6,0.0062176165803108805,-0.5351295336787565,2.9943572335792505,4.5,-4.5,0.35025906735751294
P53742,486,0,0.0,-0.7004115226337448,3.1216487932939883,4.5,-4.5,0.3168724279835391
P11075,2009,21,0.010452961672473868,-0.4226978596316575,3.11876136674773,4.5,-4.5,0.3583872573419612
Q03264,515,2,0.003883495145631068,-0.7384466019417476,3.036361759175863,4.5,-4.5,0.31844660194174756
Q12411,609,9,0.014778325123152709,-0.8779967159277505,2.999114580886022,4.5,-4.5,0.2824302134646962
P32522,965,3,0.0031088082901554403,-0.2643523316062176,3.1479302716282365,4.5,-4.5,0.3854922279792746
Q02260,146,1,0.00684931506849315,-0.4883561643835617,3.1820883612653432,4.5,-4.5,0.3424657534246575
Q02775,382,5,0.013089005235602094,-1.4212041884816757,2.888340093821031,4.5,-4.5,0.22251308900523561
P38227,689,4,0.005805515239477504,-0.0634252539912917,3.018385442073944,4.5,-4.5,0.386066763425254
P34230,853,13,0.015240328253223915,-0.35345838218053927,3.163234409862485,4.5,-4.5,0.3669402110199297
P32468,407,1,0.002457002457002457,-0.6685503685503686,3.1525183742593574,4.5,-4.5,0.3366093366093366
P43321,101,1,0.009900990099009901,-0.2693069306930693,3.1660870866808155,4.5,-4.5,0.37623762376237624
Q00416,2231,22,0.009861048857014791,-0.44092335275661143,3.115104948893958,4.5,-4.5,0.35589421783953384
P31244,790,2,0.002531645569620253,-0.599367088607595,3.160934344230689,4.5,-4.5,0.34050632911392403
P38699,743,9,0.012113055181695828,-0.3796769851951548,3.0244857904672244,4.5,-4.5,0.351278600269179
P40018,196,1,0.00510204081632653,-1.035204081632653,3.1214915749090593,4.5,-4.5,0.2857142857142857
Q12433,566,10,0.0176678445229682,-0.9348056537102474,2.9008663043281415,4.5,-4.5,0.2597173144876325
Q12080,455,3,0.006593406593406593,-1.212307692307692,3.0674365848422585,4.5,-4.5,0.25054945054945055
P32828,619,5,0.008077544426494346,-0.9035541195476574,3.0781191886932002,4.5,-4.5,0.3037156704361874
P32606,800,10,0.0125,-0.800875,3.0734690065746557,4.5,-4.5,0.29875
P38111,2368,18,0.007601351351351352,-0.22217060810810815,3.1787264019510144,4.5,-4.5,0.38386824324324326
P12954,1174,5,0.004258943781942078,-0.5766609880749574,3.1504279624743714,4.5,-4.5,0.33986371379897784
Q00578,843,3,0.0035587188612099642,-0.48149466192170814,3.0802187757809927,4.5,-4.5,0.35231316725978645
Q03441,430,1,0.002325581395348837,-0.5593023255813953,3.1826191461639697,4.5,-4.5,0.3372093023255814
Q04005,294,3,0.01020408163265306,-0.791156462585034,3.055104464407826,4.5,-4.5,0.30612244897959184
P40020,876,15,0.017123287671232876,-0.9539954337899544,2.9401907216082437,4.5,-4.5,0.2534246575342466
Q06199,204,4,0.0196078431372549,-0.21323529411764713,3.1814368630013905,4.5,-4.5,0.37745098039215685
P32769,611,6,0.009819967266775777,-0.4597381342062194,3.088548501532706,4.5,-4.5,0.3486088379705401
P32499,720,13,0.018055555555555554,-0.9040277777777779,2.7436690558661194,4.5,-4.5,0.2722222222222222
P36048,1008,5,0.00496031746031746,-0.22628968253968257,3.154027615890246,4.5,-4.5,0.36706349206349204
P34077,839,7,0.00834326579261025,-0.36495828367103694,3.2012121090721983,4.5,-4.5,0.367103694874851
P12904,322,0,0.0,-0.006211180124223646,3.262399936658181,4.5,-4.5,0.40372670807453415
P53952,270,3,0.011111111111111112,-1.1796296296296296,3.007520181246265,4.5,-4.5,0.25925925925925924
P48837,541,11,0.02033271719038817,-0.7070240295748613,2.7330094550683173,4.5,-4.5,0.2643253234750462
P38892,291,1,0.003436426116838488,-0.397938144329897,3.0684733003236815,4.5,-4.5,0.35051546391752575
Q08491,747,8,0.0107095046854083,-0.4040160642570281,3.1776385597392403,4.5,-4.5,0.3453815261044177
P18900,473,2,0.004228329809725159,-0.2536997885835095,3.146640218155837,4.5,-4.5,0.38266384778012685
P22147,1528,12,0.007853403141361256,-0.6017670157068062,3.0744668406237987,4.5,-4.5,0.32657068062827227
Q04477,213,2,0.009389671361502348,-0.747887323943662,3.316463095148581,4.5,-4.5,0.3286384976525822
Q03497,939,21,0.022364217252396165,-0.744408945686901,2.8553367530535705,4.5,-4.5,0.2779552715654952
Q04149,632,6,0.00949367088607595,-0.5746835443037975,3.118552827081631,4.5,-4.5,0.3338607594936709
Q02336,434,3,0.0069124423963133645,-0.7398617511520736,3.0647018151706535,4.5,-4.5,0.3271889400921659
P32629,500,0,0.0,-0.7465999999999999,3.032999907682161,4.5,-4.5,0.306
Q12157,165,1,0.006060606060606061,-0.510909090909091,3.137206210933122,4.5,-4.5,0.3575757575757576
Q03048,143,0,0.0,-0.3797202797202797,2.9871650718552214,4.5,-4.5,0.34965034965034963
P35197,352,5,0.014204545454545454,-0.9235795454545456,2.787550595633732,4.5,-4.5,0.28125
P48360,493,1,0.002028397565922921,-0.46186612576064906,3.118349502054913,4.5,-4.5,0.33468559837728196
Q08484,637,8,0.012558869701726845,-0.6819466248037677,2.9470903049613066,4.5,-4.5,0.29513343799058084
P53091,1017,8,0.007866273352999017,-0.4976401179941003,3.0455529319066863,4.5,-4.5,0.3392330383480826
P46985,422,0,0.0,-0.21469194312796208,3.1165089039986484,4.5,-4.5,0.3791469194312796
P35189,244,4,0.01639344262295082,-0.4180327868852459,3.113456157524409,4.5,-4.5,0.3360655737704918
Q12018,815,4,0.0049079754601227,-0.40932515337423314,3.141155492297479,4.5,-4.5,0.36809815950920244
P25630,102,0,0.0,-0.042156862745098105,3.1321369099151624,4.5,-4.5,0.4411764705882353
P43592,221,0,0.0,-0.751131221719457,3.212033523147227,4.5,-4.5,0.334841628959276
P32917,917,11,0.011995637949836423,-0.42290076335877863,3.069802100045773,4.5,-4.5,0.33478735005452565
P06784,515,5,0.009708737864077669,-0.45184466019417485,3.158279532742076,4.5,-4.5,0.32815533980582523
P25344,346,5,0.014450867052023121,-0.6632947976878613,3.057334516637055,4.5,-4.5,0.31213872832369943
P24719,497,2,0.004024144869215292,-0.2975855130784709,3.224134685782182,4.5,-4.5,0.3762575452716298
Q01852,431,1,0.002320185614849188,-0.6445475638051045,3.068213158807076,4.5,-4.5,0.3248259860788863
P06782,633,9,0.014218009478672985,-0.5688783570300159,3.0483665383847116,4.5,-4.5,0.32701421800947866
P21182,396,2,0.005050505050505051,-0.46060606060606063,3.0220341728348226,4.5,-4.5,0.34595959595959597
P15891,592,2,0.0033783783783783786,-1.0420608108108107,2.8264743479368937,4.5,-4.5,0.2702702702702703
P17555,526,5,0.009505703422053232,-0.5340304182509505,2.9280798856187693,4.5,-4.5,0.32129277566539927
P32599,642,6,0.009345794392523364,-0.28084112149532714,3.184809727390278,4.5,-4.5,0.38006230529595014
P13517,287,3,0.010452961672473868,-0.5174216027874564,3.0454128937356306,4.5,-4.5,0.33797909407665505
Q12446,633,5,0.007898894154818325,-0.7265402843601896,2.6860220130699384,4.5,-4.5,0.28278041074249605
P07274,126,0,0.0,-0.1468253968253968,3.036933669405849,4.5,-4.5,0.373015873015873
P40450,1375,15,0.01090909090909091,-0.4569454545454546,3.1636056725784027,4.5,-4.5,0.3512727272727273
Q00246,291,3,0.010309278350515464,-0.3378006872852234,2.983450453136862,4.5,-4.5,0.3333333333333333
P06100,191,0,0.0,-0.405759162303665,2.998135253718355,4.5,-4.5,0.3507853403141361
P50875,604,9,0.014900662251655629,-0.9420529801324503,2.8684259287022535,4.5,-4.5,0.2847682119205298
P33200,976,5,0.005122950819672131,-0.30829918032786885,3.087056992947206,4.5,-4.5,0.3637295081967213
P03069,281,1,0.0035587188612099642,-0.6014234875444839,3.0247728249774983,4.5,-4.5,0.3274021352313167
P04387,435,3,0.006896551724137931,-0.10344827586206896,3.0352052431448966,4.5,-4.5,0.3793103448275862
P04386,881,14,0.015891032917139614,-0.33007945516458576,3.008197822069914,4.5,-4.5,0.3496027241770715
P47822,140,0,0.0,-0.5064285714285715,3.3021034576309023,4.5,-4.5,0.36428571428571427
P32494,702,3,0.004273504273504274,-1.0075498575498576,2.998282981042452,4.5,-4.5,0.27350427350427353
Q05027,157,0,0.0,-0.47961783439490446,2.9727153911238475,4.5,-4.5,0.34394904458598724
P53040,516,4,0.007751937984496124,-0.2124031007751938,3.1501693753390017,4.5,-4.5,0.374031007751938
P38129,798,6,0.007518796992481203,-0.6510025062656641,2.9684249382507226,4.5,-4.5,0.3057644110275689
P38811,3744,30,0.008012820512820512,-0.16359508547008547,3.201482362742329,4.5,-4.5,0.40357905982905984
P35177,1332,13,0.00975975975975976,-0.9054054054054054,3.0578237517731,4.5,-4.5,0.29429429429429427
P07248,1323,19,0.01436130007558579,-0.49765684051398346,3.051649459957558,4.5,-4.5,0.3416477702191988
Q12060,488,8,0.01639344262295082,-0.5625,3.062090973019773,4.5,-4.5,0.32581967213114754
Q03330,439,2,0.004555808656036446,-0.6526195899772209,3.1269402131710278,4.5,-4.5,0.3348519362186788
P13574,688,1,0.0014534883720930232,-0.8188953488372093,2.8117419806575996,4.5,-4.5,0.2805232558139535
P23642,535,3,0.005607476635514018,-0.46074766355140184,3.058133234548742,4.5,-4.5,0.34205607476635513
Q12440,853,9,0.010550996483001172,-0.3335287221570926,3.2043385518939687,4.5,-4.5,0.37280187573270807
P25454,400,3,0.0075,-0.21850000000000003,3.011720065012683,4.5,-4.5,0.3925
P32349,654,4,0.0061162079510703364,-0.3565749235474006,3.1583409127006954,4.5,-4.5,0.3669724770642202
P25441,422,1,0.002369668246445498,-0.9440758293838862,3.0345718053200303,4.5,-4.5,0.2938388625592417
P07703,335,4,0.011940298507462687,-0.3674626865671642,3.1528500933749255,4.5,-4.5,0.373134328358209
P20434,215,3,0.013953488372093023,-0.5023255813953489,3.1609601405705554,4.5,-4.5,0.3581395348837209
P04051,1460,11,0.007534246575342466,-0.2810958904109589,3.1361981004157893,4.5,-4.5,0.3780821917808219
P28000,142,0,0.0,-0.8119718309859155,3.0424573647148967,4.5,-4.5,0.3028169014084507
P16370,318,3,0.009433962264150943,-0.4264150943396226,3.0283244184980465,4.5,-4.5,0.3584905660377358
P04050,1733,9,0.0051933064050779,-0.39838430467397573,2.9713068574088144,4.5,-4.5,0.3335256780150029
P22276,1149,13,0.011314186248912098,-0.26118363794604005,3.143555274722033,4.5,-4.5,0.3785900783289817
P39107,395,0,0.0,-0.42379746835443044,3.0951723551925214,4.5,-4.5,0.36455696202531646
P22138,1203,7,0.005818786367414797,-0.3906068162926018,3.072136848971153,4.5,-4.5,0.34497090606816294
P22139,70,0,0.0,-0.27285714285714285,3.3118799766283553,4.5,-4.5,0.4
P29056,596,4,0.006711409395973154,-0.6281879194630872,3.1095022268708,4.5,-4.5,0.3523489932885906
P32523,503,7,0.013916500994035786,-0.3866799204771372,3.0377154606079704,4.5,-4.5,0.34791252485089463
Q08920,208,2,0.009615384615384616,-0.7033653846153847,2.948212988919312,4.5,-4.5,0.30288461538461536
Q08683,685,2,0.00291970802919708,-0.16496350364963502,3.211775579166575,4.5,-4.5,0.39416058394160586
Q04601,652,0,0.0,-0.2484662576687117,3.2256992551141956,4.5,-4.5,0.3773006134969325
Q12107,265,3,0.011320754716981131,-0.8743396226415096,3.074377071086515,4.5,-4.5,0.3018867924528302
P53068,250,1,0.004,-0.3652,3.1520198222726963,4.5,-4.5,0.38
P32830,109,0,0.0,-0.41192660550458715,3.0712255800283685,4.5,-4.5,0.3761467889908257
P39010,764,5,0.006544502617801047,-0.008376963350785338,3.0724681799064046,4.5,-4.5,0.4031413612565445
P06783,470,5,0.010638297872340425,0.0827659574468084,3.0720186738459336,4.5,-4.5,0.4021276595744681
P08524,352,2,0.005681818181818182,-0.32017045454545456,3.1478648922779637,4.5,-4.5,0.38920454545454547
P21264,571,4,0.0070052539404553416,-0.0038528896672504927,3.1212652705339803,4.5,-4.5,0.415061295971979
P10862,487,6,0.012320328542094456,-0.7558521560574949,2.9683895278112993,4.5,-4.5,0.2997946611909651
P38275,133,1,0.007518796992481203,-0.3180451127819549,3.0027014049499074,4.5,-4.5,0.3533834586466165
P38972,1358,14,0.010309278350515464,-0.22039764359351993,3.0199343819096636,4.5,-4.5,0.3748159057437408
Q12343,284,1,0.0035211267605633804,-0.7320422535211267,3.092197367826789,4.5,-4.5,0.3274647887323944
P38633,127,0,0.0,-0.2811023622047245,3.0145769811614946,4.5,-4.5,0.36220472440944884
P04161,214,0,0.0,-0.10654205607476634,3.163600546285132,4.5,-4.5,0.411214953271028
P25649,128,0,0.0,-0.5101562499999999,3.3026703174228484,4.5,-4.5,0.375
P46680,615,1,0.0016260162601626016,-0.2648780487804879,2.9981732557186818,4.5,-4.5,0.3382113821138211
Q08269,859,9,0.010477299185098952,-0.5720605355064028,2.93692906479013,4.5,-4.5,0.320139697322468
P40356,397,9,0.022670025188916875,-0.6753148614609572,2.831523735391678,4.5,-4.5,0.3249370277078086
P48232,102,0,0.0,-0.365686274509804,3.186598626048957,4.5,-4.5,0.37254901960784315
P38316,186,3,0.016129032258064516,-0.6188172043010753,3.050210762843861,4.5,-4.5,0.3172043010752688
Q06628,738,11,0.014905149051490514,-0.8495934959349594,2.9290214238583356,4.5,-4.5,0.26422764227642276
Q12380,294,2,0.006802721088435374,-0.019727891156462573,3.116079419136319,4.5,-4.5,0.3843537414965986
P38862,630,6,0.009523809523809525,-0.1373015873015873,3.1655369946662537,4.5,-4.5,0.4015873015873016
P40344,310,1,0.0032258064516129032,-0.6219354838709678,3.06094589992853,4.5,-4.5,0.3161290322580645
Q00776,475,3,0.00631578947368421,-0.3618947368421052,3.1301657244631436,4.5,-4.5,0.3494736842105263
P36000,726,4,0.005509641873278237,-0.0858126721763085,3.22320355298446,4.5,-4.5,0.41597796143250687
P25655,2108,10,0.004743833017077799,-0.0892789373814042,3.214334127365377,4.5,-4.5,0.4117647058823529
P38696,384,1,0.0026041666666666665,-0.17109375000000004,3.0458172910366117,4.5,-4.5,0.3671875
Q12233,115,1,0.008695652173913044,-0.1434782608695652,3.0943463293641114,4.5,-4.5,0.3652173913043478
P39011,633,7,0.011058451816745656,0.01484992101105846,3.2201774039672597,4.5,-4.5,0.4186413902053712
P40448,117,2,0.017094017094017096,-0.2957264957264957,3.179861663453253,4.5,-4.5,0.38461538461538464
Q12110,428,6,0.014018691588785047,-0.43177570093457945,3.16354374024114,4.5,-4.5,0.34579439252336447
Q06150,570,7,0.012280701754385965,-0.15596491228070175,3.2136727415835176,4.5,-4.5,0.4
P34730,273,3,0.01098901098901099,-0.7923076923076924,2.960233288347839,4.5,-4.5,0.304029304029304
P40087,428,1,0.002336448598130841,-0.2523364485981308,3.072187439350548,4.5,-4.5,0.37616822429906543
P26448,306,1,0.0032679738562091504,-0.021568627450980375,3.111940763765547,4.5,-4.5,0.40522875816993464
P07260,213,1,0.004694835680751174,-0.5887323943661972,3.036888200522326,4.5,-4.5,0.30985915492957744
P00812,333,1,0.003003003003003003,-0.03333333333333332,3.0004704335858436,4.5,-4.5,0.39039039039039036
P07991,424,0,0.0,0.010377358490566018,3.0362411358386967,4.5,-4.5,0.41509433962264153
P29703,316,2,0.006329113924050633,-0.32816455696202534,3.120278374997649,4.5,-4.5,0.37341772151898733
P06243,507,2,0.0039447731755424065,-0.4550295857988166,3.07468337542018,4.5,-4.5,0.34714003944773175
P52286,194,1,0.005154639175257732,-0.9474226804123711,3.1339870453980363,4.5,-4.5,0.30412371134020616
Q05930,598,0,0.0,-0.3877926421404682,3.177797370965582,4.5,-4.5,0.36454849498327757
P31111,875,16,0.018285714285714287,-1.0369142857142857,3.069201416575687,4.5,-4.5,0.2754285714285714
P07250,355,1,0.0028169014084507044,-0.6411267605633804,3.06887121942198,4.5,-4.5,0.3211267605633803
P43625,151,1,0.006622516556291391,-0.1642384105960265,2.978918074872616,4.5,-4.5,0.37748344370860926
P53740,393,8,0.020356234096692113,-0.18091603053435112,3.0702988517000516,4.5,-4.5,0.37659033078880405
P38147,527,2,0.003795066413662239,-0.2648956356736244,3.1563437430075165,4.5,-4.5,0.3757115749525617
P38150,797,8,0.010037641154328732,-0.33638644918444166,3.0819637193833977,4.5,-4.5,0.36260978670012545
Q04031,235,1,0.00425531914893617,-1.4102127659574466,3.067978396940296,4.5,-4.5,0.2553191489361702
P47074,515,2,0.003883495145631068,-0.7440776699029126,3.1109232659747366,4.5,-4.5,0.3145631067961165
P25296,175,1,0.005714285714285714,-0.38971428571428574,3.202607407110905,4.5,-4.5,0.3657142857142857
P33313,385,4,0.01038961038961039,-0.7153246753246753,3.1061395359294237,4.5,-4.5,0.34025974025974026
P33308,149,2,0.013422818791946308,-1.0147651006711411,3.0923238115631677,4.5,-4.5,0.2684563758389262
P35203,478,4,0.008368200836820083,-0.3698744769874477,3.256203025494539,4.5,-4.5,0.36610878661087864
P32582,507,5,0.009861932938856016,-0.33175542406311637,3.1361349903751266,4.5,-4.5,0.35700197238658776
P32459,195,1,0.005128205128205128,-0.2153846153846154,3.07710640479493,4.5,-4.5,0.36923076923076925
P21705,255,2,0.00784313725490196,-0.7541176470588236,3.020591538268809,4.5,-4.5,0.2980392156862745
P53267,343,3,0.008746355685131196,-0.8620991253644315,2.9975924686738127,4.5,-4.5,0.282798833819242
P53550,970,19,0.01958762886597938,-0.7899999999999999,2.969177226448744,4.5,-4.5,0.29175257731958765
P39998,551,4,0.007259528130671506,-0.5357531760435571,3.1178211662538255,4.5,-4.5,0.33756805807622503
Q12517,231,5,0.021645021645021644,-0.5593073593073593,3.111741128947298,4.5,-4.5,0.3246753246753247
P19735,899,3,0.0033370411568409346,-0.5409343715239154,3.162652892825617,4.5,-4.5,0.3581757508342603
Q03063,452,6,0.01327433628318584,-0.981858407079646,2.637665919345234,4.5,-4.5,0.24557522123893805
P40013,344,3,0.00872093023255814,-0.6162790697674418,2.9974838465773517,4.5,-4.5,0.3023255813953488
Q12248,94,2,0.02127659574468085,-0.45744680851063824,3.04499901693385,4.5,-4.5,0.3191489361702128
Q03466,884,10,0.011312217194570135,-0.37409502262443445,2.988200168055073,4.5,-4.5,0.35407239819004527
Q04739,417,3,0.007194244604316547,-0.8163069544364507,2.8516935574474207,4.5,-4.5,0.2853717026378897
P40958,196,1,0.00510204081632653,-0.3545918367346938,3.1147819618935517,4.5,-4.5,0.336734693877551
P38236,366,7,0.01912568306010929,-0.8672131147540983,2.877976747086031,4.5,-4.5,0.3087431693989071
Q02794,444,1,0.0022522522522522522,-0.6421171171171172,2.996823547303206,4.5,-4.5,0.3108108108108108
Q03761,539,13,0.02411873840445269,-1.1074211502782934,2.927088733122884,4.5,-4.5,0.2653061224489796
P38122,312,2,0.00641025641025641,-0.03685897435897436,3.00921987174783,4.5,-4.5,0.391025641025641
P17214,699,6,0.008583690987124463,-0.2738197424892704,3.2282796592537166,4.5,-4.5,0.39198855507868385
P35210,1082,23,0.021256931608133085,-0.5291127541589649,3.028291269233538,4.5,-4.5,0.3299445471349353
P23202,354,7,0.01977401129943503,-0.5511299435028248,3.050360980778863,4.5,-4.5,0.3446327683615819
P32829,692,4,0.005780346820809248,-0.5979768786127166,3.0786973560046507,4.5,-4.5,0.32803468208092484
Q04177,643,4,0.006220839813374806,-0.4242612752721618,3.0973328023479163,4.5,-4.5,0.3405909797822706
P51601,243,0,0.0,-0.3308641975308642,3.1825517872733875,4.5,-4.5,0.37448559670781895
P38196,639,8,0.012519561815336464,0.19092331768388107,2.9854124617696924,4.5,-4.5,0.4194053208137715
P26449,341,6,0.017595307917888565,-0.23284457478005866,3.1835409474534475,4.5,-4.5,0.3812316715542522
P47069,682,5,0.007331378299120235,-0.8195014662756598,3.0106727627893997,4.5,-4.5,0.2844574780058651
P12383,1068,12,0.011235955056179775,-0.4167602996254682,3.074129393310144,4.5,-4.5,0.351123595505618
Q06549,142,2,0.014084507042253521,0.09647887323943662,3.005474159863964,4.5,-4.5,0.44366197183098594
P29366,551,8,0.014519056261343012,-0.565880217785844,3.00811321202511,4.5,-4.5,0.3121597096188748
P47124,396,1,0.0025252525252525255,-0.3883838383838384,3.190542592488976,4.5,-4.5,0.36363636363636365
Q99210,232,2,0.008620689655172414,-0.30301724137931035,3.171687715589285,4.5,-4.5,0.35344827586206895
P53038,688,3,0.00436046511627907,-0.15595930232558136,3.2221155224796276,4.5,-4.5,0.3953488372093023
P50108,393,0,0.0,-0.6142493638676845,2.9867647843024,4.5,-4.5,0.31297709923664124
Q12030,206,1,0.0048543689320388345,-0.7543689320388349,3.0549586207621147,4.5,-4.5,0.3300970873786408
P32797,924,10,0.010822510822510822,-0.38593073593073596,3.099517679900591,4.5,-4.5,0.3593073593073593
P41697,788,9,0.011421319796954314,-0.6965736040609138,3.079575080437969,4.5,-4.5,0.3210659898477157
Q03697,442,4,0.00904977375565611,0.3830316742081448,3.082714447611485,4.5,-4.5,0.4502262443438914
P52553,114,1,0.008771929824561403,-0.8999999999999999,3.210427090787635,4.5,-4.5,0.3157894736842105
Q08273,121,1,0.008264462809917356,-0.5958677685950413,3.0580984934658324,4.5,-4.5,0.38016528925619836
Q03231,154,5,0.032467532467532464,-0.7116883116883117,2.758904075001193,4.5,-4.5,0.2727272727272727
Q06159,398,2,0.005025125628140704,-0.7871859296482414,3.0193033275112686,4.5,-4.5,0.3015075376884422
Q12753,694,11,0.01585014409221902,-0.8642651296829972,2.8439565772493323,4.5,-4.5,0.2680115273775216
P16861,987,9,0.00911854103343465,-0.23252279635258355,3.060925755798351,4.5,-4.5,0.375886524822695
P47042,667,7,0.010494752623688156,-0.36356821589205407,3.0797653456354714,4.5,-4.5,0.3493253373313343
P32337,1089,9,0.008264462809917356,0.02745638200183655,3.123069328916897,4.5,-4.5,0.4315886134067952
P39938,119,1,0.008403361344537815,-0.8672268907563027,3.167696966973168,4.5,-4.5,0.35294117647058826
P53230,385,3,0.007792207792207792,-0.46831168831168835,3.05421718352659,4.5,-4.5,0.33506493506493507
P47135,1091,24,0.021998166819431713,-0.5353803849679195,2.9219379951055227,4.5,-4.5,0.3125572868927589
P38302,140,2,0.014285714285714285,-0.9914285714285715,3.1401429838756822,4.5,-4.5,0.2785714285714286
Q04226,346,3,0.008670520231213872,-0.8705202312138728,3.091214151700206,4.5,-4.5,0.2861271676300578
P38987,245,4,0.0163265306122449,-0.17836734693877548,3.125389998154859,4.5,-4.5,0.3673469387755102
P33296,250,2,0.008,-0.6352,2.9418159289799215,4.5,-4.5,0.308
P38829,231,0,0.0,-0.3658008658008658,3.2525979139424535,4.5,-4.5,0.36363636363636365
P38299,523,8,0.015296367112810707,-0.6273422562141491,3.1064661501671167,4.5,-4.5,0.33078393881453155
P38757,446,5,0.011210762331838564,-0.47488789237668155,3.1174248975582692,4.5,-4.5,0.3295964125560538
Q06697,393,4,0.010178117048346057,-0.5659033078880408,3.088220707088275,4.5,-4.5,0.31806615776081426
Q03935,383,7,0.018276762402088774,-1.070496083550914,2.931550087544302,4.5,-4.5,0.26109660574412535
P38840,513,7,0.01364522417153996,-0.33157894736842103,3.0131771750449325,4.5,-4.5,0.36062378167641324
P07271,859,4,0.004656577415599534,-0.6111757857974389,3.140080879640298,4.5,-4.5,0.34342258440046564
P38308,924,19,0.020562770562770564,-0.6886363636363636,2.9691360925641086,4.5,-4.5,0.2922077922077922
P13856,272,4,0.014705882352941176,-0.5058823529411764,3.1261295536428384,4.5,-4.5,0.33088235294117646
P15807,274,1,0.0036496350364963502,-0.42226277372262777,3.2454652231832,4.5,-4.5,0.3759124087591241
Q02629,959,33,0.03441084462982273,-0.7038581856100105,2.6168053429779206,4.5,-4.5,0.24713242961418144
P19880,650,13,0.02,-1.0306153846153845,2.8783383972344327,4.5,-4.5,0.2630769230769231
Q06410,417,1,0.002398081534772182,-0.5558752997601918,3.30412434135081,4.5,-4.5,0.35251798561151076
P38151,413,3,0.007263922518159807,-0.3346246973365617,3.1392905179355752,4.5,-4.5,0.3559322033898305
P30624,700,1,0.0014285714285714286,-0.24442857142857147,3.083214526484742,4.5,-4.5,0.36714285714285716
P38332,387,2,0.00516795865633075,-0.2020671834625323,3.0659412464612776,4.5,-4.5,0.3798449612403101
P40061,1430,21,0.014685314685314685,-0.367902097902098,3.1823218759081726,4.5,-4.5,0.36643356643356645
P23301,157,0,0.0,-0.3828025477707006,2.980941123222815,4.5,-4.5,0.36942675159235666
P37292,490,4,0.00816326530612245,-0.2695918367346939,2.9695656654746694,4.5,-4.5,0.36122448979591837
Q12311,748,7,0.009358288770053475,-0.4601604278074866,3.106107658645647,4.5,-4.5,0.35427807486631013
P43556,714,1,0.0014005602240896359,-0.43557422969187676,3.1330389965229686,4.5,-4.5,0.3585434173669468
P53050,456,5,0.010964912280701754,-0.5807017543859649,2.8476329718958695,4.5,-4.5,0.2916666666666667
P38346,545,7,0.012844036697247707,-0.48954128440366973,2.998388063983805,4.5,-4.5,0.3137614678899083
Q06411,708,7,0.009887005649717515,-0.49053672316384184,3.148469854356661,4.5,-4.5,0.3389830508474576
P38922,454,4,0.00881057268722467,-1.1742290748898676,2.955249372728752,4.5,-4.5,0.2444933920704846
P33419,253,6,0.023715415019762844,-1.142687747035573,2.936938641901215,4.5,-4.5,0.24110671936758893
P27344,201,0,0.0,-0.7582089552238804,3.168587232642503,4.5,-4.5,0.3283582089552239
P53871,357,2,0.0056022408963585435,-0.3565826330532213,3.038905998240315,4.5,-4.5,0.3585434173669468
P48362,394,3,0.007614213197969543,-0.26319796954314717,3.273697815499164,4.5,-4.5,0.4035532994923858
P41833,600,4,0.006666666666666667,-0.5386666666666667,3.106708583408206,4.5,-4.5,0.33
P25583,335,5,0.014925373134328358,-0.5540298507462686,3.104667675008593,4.5,-4.5,0.3283582089552239
P25585,152,1,0.006578947368421052,1.1460526315789472,2.758596171848134,4.5,-4.5,0.5592105263157895
P25602,247,6,0.024291497975708502,-0.5238866396761135,3.067122950523368,4.5,-4.5,0.3481781376518219
Q08645,548,4,0.0072992700729927005,-0.2857664233576643,3.113060836260588,4.5,-4.5,0.36496350364963503
P25348,183,0,0.0,-0.9202185792349727,3.106467070023623,4.5,-4.5,0.2896174863387978
P42944,551,5,0.009074410163339383,-0.7774954627949184,2.9050056754019162,4.5,-4.5,0.294010889292196
P40363,299,3,0.010033444816053512,-0.4531772575250836,2.939981845099766,4.5,-4.5,0.3377926421404682
P25623,870,14,0.016091954022988506,-0.618735632183908,2.926769944737714,4.5,-4.5,0.3
P25300,642,7,0.010903426791277258,-0.22429906542056074,3.219276281012275,4.5,-4.5,0.3878504672897196
Q04431,385,4,0.01038961038961039,-0.6093506493506494,3.2347329072028708,4.5,-4.5,0.34025974025974026
P27895,1000,21,0.021,-0.6988,3.097153299402534,4.5,-4.5,0.318
P46675,888,13,0.01463963963963964,-0.5613738738738738,3.125034256366092,4.5,-4.5,0.3367117117117117
P35729,1037,13,0.01253616200578592,-0.11793635486981678,3.152838702516854,4.5,-4.5,0.39151398264223725
P38827,1080,10,0.009259259259259259,-0.8614814814814815,3.016979362189819,4.5,-4.5,0.29444444444444445
P43609,557,6,0.010771992818671455,-0.6669658886894075,3.1090971437228716,4.5,-4.5,0.31956912028725315
P25632,483,3,0.006211180124223602,-0.7443064182194618,2.9942566979450214,4.5,-4.5,0.2898550724637681
P32573,292,1,0.003424657534246575,0.07636986301369865,3.03835467825476,4.5,-4.5,0.4349315068493151
Q07988,224,3,0.013392857142857142,0.05267857142857145,2.6700207269603657,4.5,-4.5,0.41517857142857145
P25365,1065,7,0.006572769953051643,-0.175774647887324,2.900674194889384,4.5,-4.5,0.339906103286385
Q03254,732,3,0.004098360655737705,-0.6816939890710383,3.0776948961146924,4.5,-4.5,0.3128415300546448
P25651,190,0,0.0,-0.6363157894736843,3.0882113892166667,4.5,-4.5,0.3157894736842105
Q12306,101,0,0.0,-0.8485148514851487,3.097607312372022,4.5,-4.5,0.31683168316831684
P25366,362,7,0.019337016574585635,-0.5104972375690608,3.1946692954750318,4.5,-4.5,0.3453038674033149
P25611,832,9,0.010817307692307692,-0.15649038461538467,3.1562637950808727,4.5,-4.5,0.4074519230769231
Q06200,448,7,0.015625,-0.11383928571428571,2.9446812662638386,4.5,-4.5,0.36607142857142855
P39996,337,5,0.01483679525222552,-0.3172106824925817,2.9802316929633927,4.5,-4.5,0.3590504451038576
Q12352,117,0,0.0,1.028205128205128,2.579996891068363,4.5,-3.9,0.5213675213675214
P10849,440,4,0.00909090909090909,-0.6045454545454545,3.2455322119558407,4.5,-4.5,0.35
P00927,576,4,0.006944444444444444,-0.1666666666666667,3.1360803561133443,4.5,-4.5,0.3871527777777778
Q12066,484,1,0.002066115702479339,-0.5097107438016528,3.0856520666888922,4.5,-4.5,0.3409090909090909
P25087,383,2,0.005221932114882507,-0.5501305483028721,2.942831043765126,4.5,-4.5,0.3472584856396867
Q12402,180,1,0.005555555555555556,0.29111111111111104,3.015115418628999,4.5,-4.5,0.43333333333333335
Q12154,354,4,0.011299435028248588,-0.30338983050847457,3.0681045199287644,4.5,-4.5,0.3728813559322034
P06242,306,0,0.0,-0.19803921568627456,3.112865367446487,4.5,-4.5,0.3954248366013072
Q07528,640,6,0.009375,-0.80640625,3.0117332360222306,4.5,-4.5,0.2875
Q07530,308,2,0.006493506493506494,-0.07629870129870132,3.1248464796157815,4.5,-4.5,0.39935064935064934
P25573,417,2,0.004796163069544364,-0.4426858513189449,3.0115844248224866,4.5,-4.5,0.3261390887290168
P25579,583,4,0.00686106346483705,-0.8747855917667239,2.8573636772162443,4.5,-4.5,0.2830188679245283
P52891,726,3,0.004132231404958678,-0.21955922865013774,3.2247412732729144,4.5,-4.5,0.3856749311294766
P40316,373,4,0.010723860589812333,-1.071313672922252,2.960528110404293,4.5,-4.5,0.26005361930294907
P47027,764,10,0.013089005235602094,-0.4477748691099477,3.1163910143869433,4.5,-4.5,0.3298429319371728
Q08110,124,1,0.008064516129032258,0.020161290322580638,2.7014625620181065,4.5,-4.5,0.4032258064516129
P53112,341,2,0.005865102639296188,-0.7340175953079179,3.0838361093369606,4.5,-4.5,0.3284457478005865
P53842,139,2,0.014388489208633094,0.7093525179856115,2.7711746486436084,4.5,-4.5,0.48201438848920863
Q07541,149,0,0.0,-0.6154362416107383,3.121901950663894,4.5,-4.5,0.33557046979865773
P53919,492,3,0.006097560975609756,-1.04369918699187,2.794736075311897,4.5,-4.5,0.25203252032520324
P25694,835,3,0.003592814371257485,-0.3664670658682635,3.1370990600215984,4.5,-4.5,0.38323353293413176
Q12202,724,5,0.006906077348066298,-0.3941988950276243,3.0851308960113246,4.5,-4.5,0.35082872928176795
P25298,677,5,0.007385524372230428,-0.6394387001477104,3.0674006592859646,4.5,-4.5,0.3249630723781389
P07272,904,7,0.007743362831858407,-0.3834070796460177,3.0356420910711166,4.5,-4.5,0.3506637168141593
P36068,246,1,0.0040650406504065045,-0.09878048780487803,3.2187141010051694,4.5,-4.5,0.4105691056910569
P40503,102,4,0.0392156862745098,-0.45686274509803915,2.9904262206516803,4.5,-4.5,0.3137254901960784
P38068,203,2,0.009852216748768473,-0.4369458128078818,3.063782480159729,4.5,-4.5,0.3399014778325123
Q03759,105,0,0.0,-0.49714285714285705,3.3327082407086097,4.5,-4.5,0.37142857142857144
P38140,529,10,0.01890359168241966,-0.4555765595463138,3.054144678111708,4.5,-4.5,0.34215500945179583
P38348,480,3,0.00625,-0.13333333333333336,3.2673851250741093,4.5,-4.5,0.4083333333333333
P50946,238,1,0.004201680672268907,-0.4932773109243697,3.1557931547716644,4.5,-4.5,0.33613445378151263
Q12156,149,0,0.0,-0.49865771812080545,3.113770811745465,4.5,-4.5,0.33557046979865773
P38127,377,1,0.002652519893899204,-0.2665782493368701,2.996186296519734,4.5,-4.5,0.35278514588859416
P26343,269,2,0.007434944237918215,-0.6382899628252787,3.040431155459509,4.5,-4.5,0.3048327137546468
Q01532,483,2,0.004140786749482402,-0.3838509316770187,3.0950819323977234,4.5,-4.5,0.35610766045548653
P53918,673,7,0.010401188707280832,0.21485884101040123,2.9376005339161804,4.5,-4.5,0.43684992570579495
P35181,156,1,0.00641025641025641,-0.08012820512820513,3.22862636250955,4.5,-4.5,0.4166666666666667
Q05043,376,7,0.018617021276595744,-0.8848404255319149,3.0124403368443047,4.5,-4.5,0.2898936170212766
P36224,373,2,0.005361930294906166,-0.903485254691689,3.2777851138327447,4.5,-4.5,0.3163538873994638
P36108,232,2,0.008620689655172414,-0.7525862068965516,3.149629458416814,4.5,-4.5,0.34913793103448276
P53916,434,1,0.002304147465437788,-0.202073732718894,3.1548690091047473,4.5,-4.5,0.3847926267281106
P38339,666,6,0.009009009009009009,-0.46561561561561565,3.0453140780928702,4.5,-4.5,0.34384384384384387
P25558,1636,23,0.014058679706601468,-0.6513447432762837,3.0606628556361613,4.5,-4.5,0.3111246943765281
P40015,477,1,0.0020964360587002098,-0.20524109014675054,3.056126574259043,4.5,-4.5,0.3836477987421384
P32902,394,5,0.012690355329949238,-0.5548223350253807,3.029422486704838,4.5,-4.5,0.31725888324873097
Q06146,321,5,0.01557632398753894,-1.1629283489096574,2.8672220251113387,4.5,-4.5,0.2398753894080997
O13576,127,2,0.015748031496062992,-0.18425196850393694,3.227305382358487,4.5,-4.5,0.4094488188976378
P40040,218,4,0.01834862385321101,-1.2169724770642203,2.9516650578819723,4.5,-4.5,0.26146788990825687
P40076,114,2,0.017543859649122806,-0.9087719298245615,2.810399278728688,4.5,-4.5,0.2982456140350877
P38783,130,0,0.0,-0.8876923076923078,3.1158654899528777,4.5,-4.5,0.3153846153846154
Q03818,150,0,0.0,-0.9240000000000002,3.2311748121490838,4.5,-4.5,0.31333333333333335
Q04951,389,1,0.002570694087403599,-0.16015424164524414,2.733262874335324,4.5,-4.5,0.3341902313624679
Q12334,223,4,0.017937219730941704,-1.1865470852017939,3.0832250028479224,4.5,-4.5,0.2556053811659193
P38313,324,4,0.012345679012345678,-0.7435185185185186,3.226279241399328,4.5,-4.5,0.32098765432098764
P38342,320,0,0.0,-0.05031250000000004,3.097801624110839,4.5,-4.5,0.415625
P25349,247,0,0.0,-0.22834008097165995,2.8216783843287043,4.5,-4.5,0.3643724696356275
Q12429,685,7,0.010218978102189781,-0.35182481751824823,3.1590052529695485,4.5,-4.5,0.3635036496350365
Q07967,263,4,0.015209125475285171,-0.9243346007604564,3.0117793198228004,4.5,-4.5,0.27756653992395436
P22213,666,14,0.021021021021021023,-0.33108108108108114,3.1184827829089796,4.5,-4.5,0.35285285285285284
P32583,406,1,0.0024630541871921183,-1.3613300492610838,1.94963864390466,4.5,-4.5,0.09359605911330049
P36150,593,2,0.003372681281618887,-0.17032040472175383,3.173891605635306,4.5,-4.5,0.3760539629005059
P38330,731,8,0.01094391244870041,-0.5530779753761971,3.009656273022675,4.5,-4.5,0.3392612859097127
P35736,922,6,0.006507592190889371,-0.8650759219088937,3.0349617608982142,4.5,-4.5,0.30585683297180044
P36093,366,3,0.00819672131147541,-0.4789617486338798,2.9482735549505894,4.5,-4.5,0.32786885245901637
P25554,259,3,0.011583011583011582,-0.6953667953667955,3.060152695205063,4.5,-4.5,0.3127413127413127
P38238,310,2,0.0064516129032258064,-0.38870967741935486,3.02923948928683,4.5,-4.5,0.3580645161290323
P07246,375,2,0.005333333333333333,-0.04400000000000001,3.0317273404227274,4.5,-4.5,0.3893333333333333
Q05777,254,1,0.003937007874015748,-0.23622047244094488,2.4354879312373785,4.5,-3.9,0.27165354330708663
P38903,757,5,0.0066050198150594455,-0.5693527080581241,2.995176435464201,4.5,-4.5,0.3143989431968296
Q07865,126,3,0.023809523809523808,0.5396825396825397,3.114637214602052,4.5,-4.5,0.48412698412698413
P47153,279,1,0.0035842293906810036,0.48960573476702507,2.99571968042651,4.5,-4.5,0.48028673835125446
P38146,199,1,0.005025125628140704,-0.11306532663316585,3.0987970028834035,4.5,-4.5,0.38190954773869346
P53833,195,0,0.0,-0.24153846153846154,3.216108126181385,4.5,-4.5,0.38461538461538464
Q99385,411,4,0.009732360097323601,0.705352798053528,2.97167824484112,4.5,-4.5,0.5109489051094891
P40582,234,0,0.0,-0.2525641025641026,3.097892488422167,4.5,-4.5,0.3888888888888889
P53928,181,1,0.0055248618784530384,0.6834254143646408,2.914841311074477,4.5,-4.5,0.4861878453038674
P40462,946,6,0.006342494714587738,-0.27167019027484146,3.1118033426689125,4.5,-4.5,0.3689217758985201
P25587,256,4,0.015625,0.10312499999999991,3.09552190419887,4.5,-4.5,0.4140625
Q12028,832,9,0.010817307692307692,-0.1394230769230769,3.237956034683667,4.5,-4.5,0.3942307692307692
P38180,368,15,0.04076086956521739,-0.9649456521739129,2.518862428126817,4.5,-4.5,0.21739130434782608
P48568,277,3,0.010830324909747292,-0.9361010830324911,2.93799889483092,4.5,-4.5,0.2779783393501805
Q07732,790,10,0.012658227848101266,-0.8277215189873417,3.166446496645603,4.5,-4.5,0.30886075949367087
P13090,542,4,0.007380073800738007,0.5651291512915129,2.9163778970960705,4.5,-4.5,0.46863468634686345
P48606,106,0,0.0,-0.989622641509434,3.1077180017426427,4.5,-4.5,0.3018867924528302
P53934,400,2,0.005,-0.28425000000000006,3.031225319487154,4.5,-4.5,0.3625
Q05359,219,0,0.0,-0.13059360730593605,3.159045158635285,4.5,-4.5,0.4155251141552511
P40971,790,5,0.006329113924050633,-0.5439240506329114,3.055119346618033,4.5,-4.5,0.3278481012658228
Q99393,312,6,0.019230769230769232,0.29166666666666663,3.114512315887026,4.5,-4.5,0.44871794871794873
P11412,505,4,0.007920792079207921,-0.4594059405940594,3.1039922622205594,4.5,-4.5,0.3504950495049505
Q12250,445,1,0.0022471910112359553,-0.44898876404494387,3.282966610235124,4.5,-4.5,0.36179775280898874
Q12136,610,3,0.004918032786885246,-1.299344262295082,2.9274785597078328,4.5,-4.5,0.2540983606557377
P00830,511,0,0.0,-0.018003913894324826,3.072443765595064,4.5,-4.5,0.4070450097847358
Q12483,233,1,0.004291845493562232,-0.23605150214592277,3.2091454395653605,4.5,-4.5,0.39914163090128757
P47142,202,1,0.0049504950495049506,-0.5331683168316832,3.06161784407437,4.5,-4.5,0.3118811881188119
P32895,427,0,0.0,-0.2571428571428572,3.1769978738001186,4.5,-4.5,0.38173302107728335
Q06523,435,3,0.006896551724137931,-0.9004597701149426,3.0034998389985503,4.5,-4.5,0.30344827586206896
Q08966,492,8,0.016260162601626018,-0.6504065040650406,3.074875210204746,4.5,-4.5,0.3231707317073171
P41930,458,3,0.006550218340611353,0.5264192139737991,2.968124077665361,4.5,-4.5,0.4781659388646288
Q02803,292,3,0.010273972602739725,-0.2928082191780822,3.2235833127405007,4.5,-4.5,0.3698630136986301
Q08903,112,1,0.008928571428571428,-0.6142857142857142,3.0207277133775805,4.5,-4.5,0.3392857142857143
P39683,429,3,0.006993006993006993,-0.4787878787878789,3.0232960947751892,4.5,-4.5,0.3333333333333333
P54867,378,3,0.007936507936507936,-0.4714285714285715,2.5150191330498766,4.5,-4.5,0.26455026455026454
Q08231,455,6,0.013186813186813187,-0.12857142857142861,3.1859059716637237,4.5,-4.5,0.3956043956043956
P53831,123,3,0.024390243902439025,-0.2886178861788617,3.1682675436226604,4.5,-4.5,0.34959349593495936
P54839,491,2,0.004073319755600814,-0.38004073319755605,3.0391218312975075,4.5,-4.5,0.34826883910386963
Q06689,675,18,0.02666666666666667,0.33244444444444443,2.874516247009397,4.5,-4.5,0.43703703703703706
P53983,676,6,0.008875739644970414,-0.08343195266272188,3.158606734895085,4.5,-4.5,0.3994082840236686
P32352,222,0,0.0,0.07927927927927929,2.892989884453908,4.5,-4.5,0.4099099099099099
Q04338,217,4,0.018433179723502304,-0.4672811059907834,3.2005023337377096,4.5,-4.5,0.3686635944700461
Q03236,431,6,0.013921113689095127,0.013225058004640394,3.0988788546578285,4.5,-4.5,0.3990719257540603
P46671,204,3,0.014705882352941176,-0.9416666666666667,3.128549618020833,4.5,-4.5,0.29901960784313725
Q04660,807,4,0.004956629491945477,-0.7545229244114002,3.0393986620990736,4.5,-4.5,0.298636926889715
P25297,587,1,0.0017035775127768314,0.16422487223168644,3.004139314226149,4.5,-4.5,0.42589437819420783
Q03433,280,3,0.010714285714285714,-0.7171428571428571,3.041509091063252,4.5,-4.5,0.29285714285714287
Q04228,584,3,0.005136986301369863,-0.3876712328767124,3.1251167739488213,4.5,-4.5,0.3613013698630137
P32794,780,1,0.001282051282051282,-0.17435897435897435,3.072234461932573,4.5,-4.5,0.38461538461538464
Q06708,880,9,0.010227272727272727,-0.1625,3.195135240415569,4.5,-4.5,0.3965909090909091
Q06169,523,4,0.0076481835564053535,-0.4011472275334608,3.0496965061250405,4.5,-4.5,0.33460803059273425
P39742,193,2,0.010362694300518135,-0.09999999999999995,3.184564456437029,4.5,-4.5,0.44041450777202074
O13550,116,0,0.0,0.05603448275862061,3.2449506875033065,4.5,-4.5,0.43103448275862066
P80667,386,5,0.012953367875647668,-0.5297927461139896,2.8086134094016386,4.5,-4.5,0.30569948186528495
Q12133,184,3,0.016304347826086956,-0.2673913043478261,3.139340442210481,4.5,-4.5,0.3641304347826087
P54964,269,0,0.0,-0.4434944237918216,3.105386323829795,4.5,-4.5,0.35687732342007433
Q07980,695,2,0.0028776978417266188,-0.44762589928057556,3.1044441531997995,4.5,-4.5,0.3366906474820144
Q07915,199,0,0.0,-1.1477386934673366,3.179121969118669,4.5,-4.5,0.32663316582914576
Q07879,167,0,0.0,-0.1916167664670659,3.154341427486253,4.5,-4.5,0.3652694610778443
Q07829,113,0,0.0,0.34778761061946895,3.0698677537781998,4.5,-4.5,0.48672566371681414
P36133,167,0,0.0,0.355688622754491,3.143601138600932,4.5,-4.5,0.48502994011976047
P36053,145,0,0.0,-1.1558620689655175,2.895344083228343,4.5,-4.5,0.23448275862068965
P14063,131,0,0.0,-0.8824427480916032,3.031173428491423,4.5,-4.5,0.2900763358778626
P28707,216,0,0.0,-0.7634259259259258,2.8902943147704723,4.5,-4.5,0.3101851851851852
P36074,111,0,0.0,0.11261261261261259,3.223201841522227,4.5,-4.5,0.42342342342342343
P36082,127,0,0.0,0.05590551181102359,2.9889469228488177,4.5,-4.5,0.4330708661417323
P26783,225,0,0.0,-0.33199999999999996,3.249307344992502,4.5,-4.5,0.39555555555555555
P47106,120,0,0.0,0.3449999999999999,2.8244424228509244,4.5,-4.5,0.4083333333333333
P46965,94,0,0.0,0.20425531914893613,3.225823823315131,4.5,-4.5,0.4574468085106383
P40577,368,6,0.016304347826086956,-1.1421195652173914,2.99275263487149,4.5,-4.5,0.26358695652173914
P40563,679,9,0.013254786450662739,-1.0969072164948452,2.835173434252233,4.5,-4.5,0.24742268041237114
P40493,336,5,0.01488095238095238,-0.9386904761904761,3.0881865073526584,4.5,-4.5,0.2857142857142857
P38894,1075,6,0.005581395348837209,-0.1526511627906977,2.4910817570230543,4.5,-4.5,0.2669767441860465
P89114,91,0,0.0,-1.057142857142857,3.1306054906093794,4.5,-4.5,0.2967032967032967
P29055,345,3,0.008695652173913044,-0.31217391304347825,3.1513552960017552,4.5,-4.5,0.37971014492753624
P38784,181,0,0.0,-0.9441988950276243,3.0248568833683125,4.5,-4.5,0.27071823204419887
P38777,243,0,0.0,-0.3547325102880658,3.1190256851692566,4.5,-4.5,0.35802469135802467
P23968,213,0,0.0,0.9187793427230048,2.832213158264324,4.5,-4.5,0.5164319248826291
P17076,256,2,0.0078125,-0.4746093749999999,3.0818806155758383,4.5,-4.5,0.37890625
P38740,315,2,0.006349206349206349,0.09333333333333332,3.0624795431775462,4.5,-4.5,0.4126984126984127
P40326,108,0,0.0,-0.17870370370370367,3.131620422044163,4.5,-4.5,0.3888888888888889
P53324,424,3,0.007075471698113208,-0.17051886792452836,3.08197035031326,4.5,-4.5,0.3938679245283019
P32318,326,3,0.009202453987730062,0.025153374233128793,2.963858858364306,4.5,-4.5,0.41411042944785276
P35180,183,0,0.0,-0.33114754098360655,3.056867623361576,4.5,-4.5,0.39344262295081966
P53227,271,6,0.02214022140221402,-0.7081180811808119,3.1895251414784704,4.5,-4.5,0.3173431734317343
P53080,175,3,0.017142857142857144,-1.2731428571428571,2.6307019936875857,4.5,-4.5,0.21142857142857144
P53085,113,1,0.008849557522123894,0.5398230088495576,2.88108078979863,4.5,-4.5,0.4424778761061947
P53089,101,1,0.009900990099009901,0.7425742574257425,2.937680992010955,4.5,-4.5,0.5247524752475248
P45818,564,3,0.005319148936170213,-0.42216312056737587,3.2565953158791263,4.5,-4.5,0.3723404255319149
P27697,501,0,0.0,-0.36926147704590817,3.0900285921157473,4.5,-4.5,0.37325349301397204
P53179,542,7,0.012915129151291513,-0.5343173431734318,3.071864254037647,4.5,-4.5,0.31365313653136534
P39940,809,7,0.00865265760197775,-0.6779975278121138,2.9401631169895373,4.5,-4.5,0.29295426452410384
P39969,1040,11,0.010576923076923078,-0.8718269230769231,2.8220124653622216,4.5,-4.5,0.2644230769230769
P40024,610,2,0.003278688524590164,-0.3675409836065574,3.134607803918365,4.5,-4.5,0.3704918032786885
P52871,88,0,0.0,0.030681818181818175,3.0608732397257845,4.5,-4.5,0.3977272727272727
P39977,110,3,0.02727272727272727,-0.5863636363636365,3.030525825143139,4.5,-4.5,0.33636363636363636
P87282,123,0,0.0,0.16747967479674794,3.022288368321958,4.5,-4.5,0.42276422764227645
P39968,578,7,0.012110726643598616,-0.11782006920415224,3.17208478630385,4.5,-4.5,0.41522491349480967
Q03375,135,0,0.0,-1.4362962962962964,2.8970382681323557,4.5,-4.5,0.23703703703703705
Q04087,347,3,0.008645533141210375,-1.021613832853026,3.0675431580773957,4.5,-4.5,0.2680115273775216
Q04083,370,2,0.005405405405405406,0.7272972972972972,2.9440247764900502,4.5,-4.5,0.4972972972972973
Q06651,286,3,0.01048951048951049,-0.7045454545454546,3.031642040993148,4.5,-4.5,0.3531468531468531
P07170,222,0,0.0,-0.42522522522522527,3.059793565093127,4.5,-4.5,0.36936936936936937
Q03976,319,0,0.0,-0.8836990595611285,3.0237281246011216,4.5,-4.5,0.29780564263322884
Q12426,110,0,0.0,-0.11909090909090911,3.0382559427332185,4.5,-4.5,0.4
P0C2H8,113,0,0.0,-0.515929203539823,3.302280423432853,4.5,-4.5,0.3805309734513274
P37263,153,2,0.013071895424836602,-1.1718954248366014,2.9381301580538164,4.5,-4.5,0.26143790849673204
P25637,258,1,0.003875968992248062,-0.2852713178294574,3.0397394006824094,4.5,-4.5,0.3798449612403101
P38358,474,3,0.006329113924050633,0.6535864978902955,2.931366418235897,4.5,-4.5,0.4704641350210971
P38347,419,4,0.00954653937947494,-0.29021479713603826,3.212583359121397,4.5,-4.5,0.36754176610978523
P38326,303,1,0.0033003300330033004,-1.1168316831683167,2.968861589344634,4.5,-4.5,0.2607260726072607
P36531,177,1,0.005649717514124294,-0.9316384180790961,3.0093665689135767,4.5,-4.5,0.2711864406779661
P38079,344,0,0.0,0.14534883720930233,3.031516888581435,4.5,-4.5,0.43023255813953487
P38176,459,2,0.004357298474945534,0.5729847494553377,3.046854519634915,4.5,-4.5,0.4793028322440087
P38191,138,1,0.007246376811594203,-0.5565217391304349,3.0537208598866927,4.5,-4.5,0.3115942028985507
P39707,275,2,0.007272727272727273,-0.2818181818181818,3.194728095363639,4.5,-4.5,0.37454545454545457
P25619,332,1,0.0030120481927710845,0.35542168674698793,2.953474694996982,4.5,-4.5,0.4578313253012048
Q12124,431,16,0.037122969837587005,-1.2628770301624128,2.804183993818759,4.5,-4.5,0.23201856148491878
P13587,1091,9,0.008249312557286892,-0.054903758020165,3.0656939866070156,4.5,-4.5,0.3987167736021998
P39710,102,0,0.0,0.6441176470588236,3.321633590817832,4.5,-4.5,0.5098039215686274
P39731,289,0,0.0,-0.5290657439446367,3.311266208303423,4.5,-4.5,0.35986159169550175
P24814,1151,23,0.01998262380538662,-0.39695916594265857,3.2417373892217682,4.5,-4.5,0.37098175499565594
P47129,309,5,0.016181229773462782,-1.1546925566343043,2.928746982253861,4.5,-4.5,0.24919093851132687
Q06644,662,6,0.00906344410876133,0.06933534743202413,3.090582984424558,4.5,-4.5,0.4033232628398791
P53288,203,1,0.0049261083743842365,-0.5246305418719212,2.7656200787799716,4.5,-4.5,0.3054187192118227
P47035,1189,19,0.0159798149705635,-0.9253153910849453,2.84152910284732,4.5,-4.5,0.2523128679562658
P46991,170,0,0.0,0.9735294117647059,2.5654387107367644,4.5,-4.5,0.5117647058823529
P47083,593,7,0.011804384485666104,-0.9475548060708264,3.0487713375360666,4.5,-4.5,0.2917369308600337
Q12444,126,0,0.0,-1.2396825396825393,3.485049232534198,4.5,-4.5,0.3253968253968254
P46961,280,3,0.010714285714285714,0.39392857142857146,3.0717838457316553,4.5,-4.5,0.4357142857142857
P39517,506,4,0.007905138339920948,-0.38418972332015805,3.1104419058038286,4.5,-4.5,0.36561264822134387
P53297,722,9,0.012465373961218837,-0.8455678670360111,2.742284774701612,4.5,-4.5,0.27008310249307477
Q12055,197,2,0.01015228426395939,-0.7477157360406091,3.1224026542772565,4.5,-4.5,0.3096446700507614
P32831,672,14,0.020833333333333332,-0.7007440476190476,2.8560424739593437,4.5,-4.5,0.3020833333333333
P11076,181,2,0.011049723756906077,-0.22154696132596682,3.0899820011015677,4.5,-4.5,0.3756906077348066
Q12063,375,1,0.0026666666666666666,-0.3469333333333333,3.185799312923246,4.5,-4.5,0.3626666666666667
P40045,126,2,0.015873015873015872,-0.577777777777778,3.1620740854771023,4.5,-4.5,0.31746031746031744
Q07622,623,6,0.009630818619582664,-0.5425361155698234,2.875222873052271,4.5,-4.5,0.3258426966292135
Q06417,326,2,0.006134969325153374,0.22269938650306748,3.202976005217589,4.5,-4.5,0.4601226993865031
Q12310,699,8,0.011444921316165951,-0.46866952789699573,3.047371310904688,4.5,-4.5,0.32761087267525035
P38169,460,3,0.006521739130434782,-0.2823913043478261,3.1152386221552697,4.5,-4.5,0.3826086956521739
P53039,248,6,0.024193548387096774,0.485483870967742,2.8914555311208803,4.5,-4.5,0.4475806451612903
P12688,680,4,0.0058823529411764705,-0.39279411764705885,3.031970503498186,4.5,-4.5,0.3397058823529412
Q07660,1125,6,0.005333333333333333,-0.16462222222222223,3.105329034553264,4.5,-4.5,0.38755555555555554
Q12509,438,3,0.00684931506849315,-0.3461187214611872,3.030871750142835,4.5,-4.5,0.3493150684931507
P22209,435,0,0.0,-0.6659770114942528,3.109102860500546,4.5,-4.5,0.31264367816091954
Q06541,321,2,0.006230529595015576,0.32741433021806854,3.1855098106212316,4.5,-4.5,0.4517133956386293
P32796,670,4,0.005970149253731343,-0.5444776119402984,3.016010651423296,4.5,-4.5,0.3328358208955224
P39523,943,18,0.019088016967126194,-1.0695652173913042,2.8240139227685463,4.5,-4.5,0.25026511134676566
P27515,501,2,0.003992015968063872,-0.06387225548902195,3.2191282364087046,4.5,-4.5,0.4111776447105788
P25301,460,4,0.008695652173913044,-0.3552173913043479,3.1133923474664673,4.5,-4.5,0.35
P28006,793,23,0.029003783102143757,-0.6689785624211854,2.8625592991287445,4.5,-4.5,0.28877679697351827
Q12185,396,6,0.015151515151515152,-0.06414141414141415,3.1415393865708223,4.5,-4.5,0.4090909090909091
P38061,130,2,0.015384615384615385,-0.6784615384615384,3.1462305802190222,4.5,-4.5,0.3384615384615385
Q12457,570,5,0.008771929824561403,-0.9964912280701754,3.0286679900218023,4.5,-4.5,0.2807017543859649
Q12021,506,7,0.01383399209486166,-0.683201581027668,3.064009880580984,4.5,-4.5,0.308300395256917
P22336,621,5,0.008051529790660225,-0.5589371980676329,3.076701419389805,4.5,-4.5,0.3446054750402576
P34215,104,0,0.0,-0.09903846153846156,3.0805998164789177,4.5,-4.5,0.4230769230769231
P38125,572,4,0.006993006993006993,0.2608391608391608,2.973626143727929,4.5,-4.5,0.4353146853146853
Q07418,342,4,0.011695906432748537,-1.1169590643274854,2.9934732303430427,4.5,-4.5,0.27485380116959063
Q12300,763,11,0.014416775884665793,0.06998689384010487,2.9941101422181955,4.5,-4.5,0.3944954128440367
P40041,505,4,0.007920792079207921,-0.5592079207920791,3.0540412062449662,4.5,-4.5,0.3227722772277228
P43623,340,1,0.0029411764705882353,-0.06705882352941174,2.973832474228346,4.5,-4.5,0.38235294117647056
P53128,600,1,0.0016666666666666668,-0.3383333333333334,3.08657262275741,4.5,-4.5,0.3566666666666667
P53079,417,7,0.016786570743405275,-0.41175059952038373,3.214226627153269,4.5,-4.5,0.3501199040767386
P53265,400,5,0.0125,-0.5445,3.091070971362515,4.5,-4.5,0.3325
P53301,507,3,0.005917159763313609,-0.3035502958579881,2.530755050021628,4.5,-4.5,0.28007889546351084
Q04934,453,3,0.006622516556291391,-0.8741721854304636,2.882415214963994,4.5,-4.5,0.2671081677704194
P38074,348,1,0.0028735632183908046,-0.37787356321839083,3.0878700515530295,4.5,-4.5,0.3505747126436782
P46983,293,2,0.006825938566552901,-0.6802047781569966,3.010791278366608,4.5,-4.5,0.30716723549488056
P25293,417,4,0.009592326139088728,-0.849400479616307,3.071405348636884,4.5,-4.5,0.30455635491606714
P50087,233,1,0.004291845493562232,-0.5128755364806867,3.0893291168527437,4.5,-4.5,0.34763948497854075
P50945,234,4,0.017094017094017096,-0.4051282051282052,3.148635470397262,4.5,-4.5,0.358974358974359
P36147,197,1,0.005076142131979695,-0.13248730964467006,2.9670372523690283,4.5,-4.5,0.38578680203045684
Q04935,205,3,0.014634146341463415,-0.8268292682926829,2.8721220497067423,4.5,-4.5,0.2975609756097561
P38921,284,2,0.007042253521126761,0.03626760563380282,2.8661185190091047,4.5,-4.5,0.3873239436619718
P32331,307,0,0.0,-0.038762214983713364,2.968756267754985,4.5,-4.5,0.40390879478827363
P43617,309,1,0.003236245954692557,0.06084142394822006,3.0150518740699304,4.5,-4.5,0.42394822006472493
P32332,324,1,0.0030864197530864196,0.13703703703703704,3.070164850379341,4.5,-4.5,0.41975308641975306
Q12289,327,1,0.0030581039755351682,0.031804281345565726,2.9233057172376395,4.5,-4.5,0.39143730886850153
P36163,345,3,0.008695652173913044,-0.22492753623188408,3.0276051774779074,4.5,-4.5,0.37681159420289856
P53320,366,6,0.01639344262295082,-0.031147540983606604,2.9662698135279193,4.5,-4.5,0.40437158469945356
Q12171,622,9,0.014469453376205787,-0.24983922829581995,3.2349018542000314,4.5,-4.5,0.3729903536977492
P28627,190,2,0.010526315789473684,-0.07736842105263161,3.0406999576885223,4.5,-4.5,0.37894736842105264
Q12039,706,7,0.009915014164305949,-0.2702549575070821,3.1285162323402607,4.5,-4.5,0.3696883852691218
P38323,520,1,0.0019230769230769232,-0.33942307692307694,3.2256787678430734,4.5,-4.5,0.375
O74700,87,0,0.0,-0.8482758620689658,3.0891676544764186,4.5,-4.5,0.3448275862068966
P87108,93,2,0.021505376344086023,-0.4903225806451614,2.9357296364093655,4.5,-4.5,0.3655913978494624
P10355,254,0,0.0,-0.14251968503937015,3.1618672765961175,4.5,-4.5,0.43700787401574803
Q12016,184,1,0.005434782608695652,0.5858695652173913,2.943917145046683,4.5,-4.5,0.4673913043478261
Q12142,997,12,0.012036108324974924,-0.5455366098294884,3.088937883749482,4.5,-4.5,0.3299899699097292
P39006,500,4,0.008,-0.29440000000000005,3.050529239328809,4.5,-4.5,0.366
P32454,952,4,0.004201680672268907,-0.31974789915966384,3.029343319078993,4.5,-4.5,0.36134453781512604
Q06630,226,4,0.017699115044247787,-0.7951327433628318,3.101487400816493,4.5,-4.5,0.30973451327433627
Q12208,290,3,0.010344827586206896,-0.46655172413793106,3.07675688623261,4.5,-4.5,0.3448275862068966
P48567,403,1,0.0024813895781637717,-0.6129032258064517,3.0915047703306535,4.5,-4.5,0.32754342431761785
P36146,502,6,0.01195219123505976,-0.7117529880478087,3.1454389471202253,4.5,-4.5,0.3247011952191235
P05066,565,7,0.012389380530973451,-0.5350442477876106,3.030414009477681,4.5,-4.5,0.3327433628318584
P34111,1160,12,0.010344827586206896,-0.511551724137931,3.1809840711826456,4.5,-4.5,0.3353448275862069
P40051,511,4,0.007827788649706457,-0.3998043052837573,3.105676256570742,4.5,-4.5,0.3522504892367906
P26793,382,1,0.002617801047120419,-0.5031413612565445,3.1515874128531944,4.5,-4.5,0.3586387434554974
P42945,1769,14,0.00791407574901074,0.06144714527981911,3.212224978631702,4.5,-4.5,0.42227247032221593
P38114,1094,11,0.010054844606946984,-0.5989945155393053,3.1115913641020674,4.5,-4.5,0.34186471663619744
P27692,1063,12,0.011288805268109126,-0.8317027281279397,2.8840922925407293,4.5,-4.5,0.27281279397930386
P17106,351,5,0.014245014245014245,-1.2754985754985757,2.8267894706780754,4.5,-4.5,0.245014245014245
Q04408,483,3,0.006211180124223602,-0.4635610766045548,3.121274980687991,4.5,-4.5,0.36024844720496896
Q04675,128,1,0.0078125,-0.3140625000000001,3.1454514375672296,4.5,-4.5,0.3515625
P16658,377,2,0.005305039787798408,-0.5673740053050398,3.1167336079085186,4.5,-4.5,0.33687002652519893
Q02825,467,2,0.004282655246252677,-0.758458244111349,2.972001427288097,4.5,-4.5,0.30620985010706636
P31378,399,1,0.002506265664160401,-0.3493734335839599,3.1673765237976923,4.5,-4.5,0.3533834586466165
P36060,302,4,0.013245033112582781,-0.4652317880794702,3.0246695040162557,4.5,-4.5,0.34105960264900664
P32333,1867,14,0.007498660953401178,-0.22233529726834492,3.1704681939553745,4.5,-4.5,0.3920728441349759
Q02486,183,0,0.0,-0.9732240437158469,3.0119242055121123,4.5,-4.5,0.2896174863387978
P38077,311,3,0.00964630225080386,-0.3096463022508038,3.098475437319071,4.5,-4.5,0.3858520900321543
P21306,62,2,0.03225806451612903,-0.3725806451612904,2.715794267164005,4.5,-4.5,0.3548387096774194
P81449,96,1,0.010416666666666666,-0.3729166666666666,3.1982247408610225,4.5,-4.5,0.40625
Q06405,101,1,0.009900990099009901,-0.2930693069306931,2.96728890582668,4.5,-4.5,0.38613861386138615
Q12349,124,2,0.016129032258064516,-0.6943548387096775,3.0633973976656987,4.5,-4.5,0.3225806451612903
Q12165,160,1,0.00625,0.036250000000000004,3.047570497543904,4.5,-4.5,0.43125
P30902,174,1,0.005747126436781609,-0.6402298850574712,3.1350433009572605,4.5,-4.5,0.3333333333333333
P09457,212,1,0.0047169811320754715,-0.09386792452830191,3.1533016751104204,4.5,-4.5,0.41037735849056606
P05626,244,1,0.004098360655737705,-0.12704918032786888,3.1605285116561013,4.5,-4.5,0.4098360655737705
P01097,85,0,0.0,-1.1105882352941177,3.0173624450117815,4.5,-4.5,0.2823529411764706
P32463,125,1,0.008,-0.25439999999999996,3.2049837191474158,4.5,-4.5,0.392
P32445,135,1,0.007407407407407408,-0.6814814814814815,2.982869242243738,4.5,-4.5,0.32592592592592595
P25605,309,1,0.003236245954692557,-0.184789644012945,3.097842714938041,4.5,-4.5,0.3883495145631068
P28239,310,1,0.0032258064516129032,-0.53,3.13495948422654,4.5,-4.5,0.3225806451612903
P32453,318,1,0.0031446540880503146,-0.6371069182389937,3.0971899103493388,4.5,-4.5,0.33962264150943394
P14908,341,1,0.002932551319648094,-0.3052785923753666,3.0741904012708865,4.5,-4.5,0.36070381231671556
Q03702,353,4,0.0113314447592068,-0.4966005665722379,3.163359601425625,4.5,-4.5,0.35127478753541075
P32611,393,7,0.017811704834605598,-0.5768447837150127,3.0904429911843256,4.5,-4.5,0.30788804071246817
P06168,395,4,0.010126582278481013,-0.44632911392405067,2.9876124743258314,4.5,-4.5,0.34430379746835443
P30775,413,4,0.009685230024213076,-0.5852300242130751,3.078032728834525,4.5,-4.5,0.3268765133171913
P21954,428,1,0.002336448598130841,-0.3710280373831776,3.083912412110475,4.5,-4.5,0.3574766355140187
Q00539,523,17,0.032504780114722756,-0.4523900573613766,2.8295235741464793,4.5,-4.5,0.3193116634799235
P22136,580,3,0.005172413793103448,-0.33034482758620687,3.222776146118512,4.5,-4.5,0.3793103448275862
P39522,585,2,0.003418803418803419,-0.21333333333333335,2.931933232294433,4.5,-4.5,0.3658119658119658
P03874,630,4,0.006349206349206349,-0.45492063492063495,3.1654132221113023,4.5,-4.5,0.3619047619047619
Q01217,863,6,0.006952491309385863,-0.16581691772885282,3.0992208490947366,4.5,-4.5,0.37775202780996525
Q02773,1202,14,0.011647254575707155,-0.34009983361064894,3.175023050477723,4.5,-4.5,0.370216306156406
P13433,1351,6,0.0044411547002220575,-0.4223538119911177,3.126925747409646,4.5,-4.5,0.35381199111769057
P49334,152,1,0.006578947368421052,-0.33092105263157895,3.129259908143567,4.5,-4.5,0.3881578947368421
P53507,60,0,0.0,0.21166666666666664,2.9697975052555727,4.5,-4.5,0.4
P33448,61,0,0.0,0.38852459016393437,2.638187303698379,4.5,-4.5,0.5245901639344263
P28737,362,2,0.0055248618784530384,-0.18259668508287294,3.121552400621086,4.5,-4.5,0.3812154696132597
Q92328,271,2,0.007380073800738007,-0.28191881918819195,3.1861562877687972,4.5,-4.5,0.3726937269372694
Q07807,879,12,0.013651877133105802,-0.7466439135381114,2.941006537464208,4.5,-4.5,0.2992036405005688
P23644,387,2,0.00516795865633075,-0.1958656330749354,2.9276342562783824,4.5,-4.5,0.3669250645994832
P04840,283,2,0.007067137809187279,-0.09222614840989403,2.8968137104823506,4.5,-4.5,0.38515901060070673
Q04458,532,4,0.007518796992481203,-0.14379699248120295,3.112251297572077,4.5,-4.5,0.38345864661654133
P38756,429,3,0.006993006993006993,-0.30466200466200466,3.1732310844200713,4.5,-4.5,0.3776223776223776
P47031,731,5,0.006839945280437756,-0.28166894664842684,3.056014760433116,4.5,-4.5,0.38850889192886456
P39722,662,2,0.0030211480362537764,-0.15528700906344411,3.144970687875419,4.5,-4.5,0.38821752265861026
P14693,329,0,0.0,-0.13100303951367784,3.1402397489430367,4.5,-4.5,0.3981762917933131
P40008,231,2,0.008658008658008658,-0.12467532467532468,3.083351012456173,4.5,-4.5,0.39826839826839827
P39102,459,4,0.008714596949891068,-0.6479302832244008,3.0108393627595254,4.5,-4.5,0.3159041394335512
P38325,134,2,0.014925373134328358,-0.2246268656716418,2.979042132120638,4.5,-4.5,0.39552238805970147
P38825,639,7,0.010954616588419406,-0.46979655712050084,3.0550727648737914,4.5,-4.5,0.37089201877934275
P36130,643,5,0.007776049766718507,-0.4553654743390357,3.1085466365276537,4.5,-4.5,0.3390357698289269
P16547,393,4,0.010178117048346057,-1.1702290076335877,2.888408737802534,4.5,-4.5,0.2748091603053435
P38297,855,3,0.0035087719298245615,-0.46842105263157907,3.181912950026303,4.5,-4.5,0.3497076023391813
P40515,155,0,0.0,-0.36322580645161295,3.1430623931248904,4.5,-4.5,0.36774193548387096
P47025,714,8,0.011204481792717087,-0.5792717086834734,3.022560646033012,4.5,-4.5,0.3179271708683473
P54861,757,10,0.013210039630118891,-0.36261558784676357,3.1985862178128195,4.5,-4.5,0.35667107001321
P53083,459,2,0.004357298474945534,-0.4660130718954248,3.067543851499906,4.5,-4.5,0.3224400871459695
P18409,493,11,0.02231237322515213,-0.47383367139959437,2.9290087400885856,4.5,-4.5,0.31237322515212984
P52923,378,2,0.005291005291005291,-0.03333333333333334,3.1066322635876977,4.5,-4.5,0.3862433862433862
P39103,70,0,0.0,-0.5900000000000002,2.7295290017562683,4.2,-4.5,0.2857142857142857
P20107,442,4,0.00904977375565611,0.06764705882352938,3.0968628678129844,4.5,-4.5,0.4095022624434389
P21592,462,2,0.004329004329004329,-0.07359307359307361,2.9740063768675737,4.5,-4.5,0.3939393939393939
P81450,59,0,0.0,-0.17457627118644062,2.957758726613899,4.5,-4.5,0.4067796610169492
P50088,95,0,0.0,-0.12421052631578947,2.931165235855733,4.5,-4.5,0.4
P38958,111,0,0.0,-0.6009009009009011,3.2280721241676145,4.5,-4.5,0.3783783783783784
Q05867,314,1,0.0031847133757961785,-0.5436305732484076,3.259514373751993,4.5,-4.5,0.3503184713375796
Q08023,583,4,0.00686106346483705,-0.5771869639794168,3.0493894973227635,4.5,-4.5,0.3241852487135506
P61829,76,0,0.0,1.4460526315789473,2.6257049574439444,4.5,-4.5,0.618421052631579
Q06485,197,0,0.0,0.36395939086294427,2.7579457076363343,4.5,-4.5,0.43147208121827413
P40098,244,4,0.01639344262295082,-0.3598360655737704,3.080921190644377,4.5,-4.5,0.35655737704918034
Q06011,112,1,0.008928571428571428,-0.48660714285714285,3.006347319057817,4.5,-4.5,0.3125
Q03218,510,1,0.00196078431372549,-0.11568627450980397,3.1995325975449584,4.5,-4.5,0.38823529411764707
P40341,825,6,0.007272727272727273,-0.5707878787878787,3.138493363282489,4.5,-4.5,0.3503030303030303
Q06681,1438,27,0.018776077885952713,-0.7013212795549375,2.994163015339375,4.5,-4.5,0.2899860917941586
P40097,107,0,0.0,1.0869158878504674,3.1700727935316615,4.5,-4.5,0.5794392523364486
P48813,663,1,0.0015082956259426848,0.11070889894419304,3.0236508569945317,4.5,-4.5,0.4238310708898944
Q03673,198,1,0.005050505050505051,-0.3954545454545455,3.174174440582467,4.5,-4.5,0.3434343434343434
Q03798,255,1,0.00392156862745098,-0.27764705882352947,3.196629713071464,4.5,-4.5,0.37254901960784315
P53171,287,2,0.006968641114982578,-0.2547038327526133,3.1779571538752447,4.5,-4.5,0.3797909407665505
Q12374,616,1,0.0016233766233766235,-0.12597402597402596,3.245122317643544,4.5,-4.5,0.38961038961038963
P40364,252,0,0.0,-0.6384920634920637,2.9627024255965067,4.5,-4.5,0.32142857142857145
P53721,224,0,0.0,-0.3933035714285715,3.0454297985414778,4.5,-4.5,0.35714285714285715
Q03713,159,0,0.0,-0.6660377358490567,3.1718857393087307,4.5,-4.5,0.3584905660377358
Q12029,327,4,0.012232415902140673,0.040366972477064195,3.0441135636284957,4.5,-4.5,0.40978593272171254
P38793,499,4,0.008016032064128256,-0.27695390781563123,3.1673512858879724,4.5,-4.5,0.38877755511022044
P20967,1014,8,0.007889546351084813,-0.48540433925049314,3.0012692883912866,4.5,-4.5,0.33136094674556216
P38910,106,0,0.0,0.017924528301886795,3.255990043614283,4.5,-4.5,0.4339622641509434
Q12425,185,6,0.032432432432432434,-0.4308108108108109,3.1255134742504254,4.5,-4.5,0.33513513513513515
P38523,228,0,0.0,-0.8096491228070176,3.0733994350574596,4.5,-4.5,0.32894736842105265
P00447,233,2,0.008583690987124463,-0.3459227467811159,2.9583508242232113,4.5,-4.5,0.3605150214592275
Q07821,250,2,0.008,-0.5296,3.0237863416584183,4.5,-4.5,0.336
P40513,266,1,0.0037593984962406013,-0.4590225563909775,3.050097586177448,4.5,-4.5,0.3609022556390977
Q12320,285,2,0.007017543859649123,-0.45684210526315794,3.041790307255723,4.5,-4.5,0.34035087719298246
P00431,361,0,0.0,-0.6105263157894738,2.8303068948638015,4.5,-4.5,0.3185595567867036
P32473,366,1,0.00273224043715847,-0.0685792349726776,3.031469129853028,4.5,-4.5,0.4098360655737705
P16451,410,2,0.004878048780487805,-0.41048780487804876,3.07104689484532,4.5,-4.5,0.36585365853658536
P16387,420,0,0.0,-0.29690476190476195,2.919885017383258,4.5,-4.5,0.37142857142857144
P18544,423,0,0.0,-0.24231678486997632,3.098246483986365,4.5,-4.5,0.3829787234042553
P10507,462,6,0.012987012987012988,-0.3344155844155844,3.0673404558853976,4.5,-4.5,0.3484848484848485
P07236,462,3,0.006493506493506494,-0.5428571428571429,3.1023561178169627,4.5,-4.5,0.3484848484848485
P11914,482,3,0.006224066390041493,-0.29792531120331955,2.988094608377127,4.5,-4.5,0.35892116182572614
P25345,492,6,0.012195121951219513,-0.38800813008130075,3.033531859837531,4.5,-4.5,0.3394308943089431
P09624,499,3,0.006012024048096192,-0.1811623246492986,3.1492922912258488,4.5,-4.5,0.3927855711422846
P48525,536,2,0.0037313432835820895,-0.41809701492537316,3.1209972750049144,4.5,-4.5,0.3619402985074627
P32048,576,5,0.008680555555555556,-0.37152777777777785,3.1607106970331067,4.5,-4.5,0.3628472222222222
P38714,643,1,0.0015552099533437014,-0.28724727838258163,3.16045142839324,4.5,-4.5,0.37791601866251945
P15179,658,5,0.007598784194528876,-0.4454407294832827,3.139645335077456,4.5,-4.5,0.3617021276595745
P08468,800,2,0.0025,-0.33825000000000005,3.198435076330298,4.5,-4.5,0.3725
P48526,1002,5,0.00499001996007984,-0.43363273453093815,3.126647522089998,4.5,-4.5,0.344311377245509
P32787,269,3,0.011152416356877323,-0.516728624535316,2.980578223629301,4.5,-4.5,0.31970260223048325
P47065,347,4,0.011527377521613832,-0.593371757925072,3.0969701448245144,4.5,-4.5,0.3227665706051873
Q07540,174,2,0.011494252873563218,-0.360344827586207,3.102276119637523,4.5,-4.5,0.3620689655172414
P38891,393,4,0.010178117048346057,-0.30381679389312977,2.9653830920247146,4.5,-4.5,0.3511450381679389
P32580,737,4,0.005427408412483039,-0.31451831750339215,3.1414363475404348,4.5,-4.5,0.3677069199457259
P39112,969,5,0.005159958720330237,-0.31444788441692473,3.1558417549472417,4.5,-4.5,0.36016511867905054
P36013,669,2,0.0029895366218236174,-0.31898355754858004,3.075922433574669,4.5,-4.5,0.3692077727952167
P38705,446,4,0.008968609865470852,-0.4233183856502242,3.1413192684227766,4.5,-4.5,0.3654708520179372
P12695,482,1,0.002074688796680498,-0.25829875518672196,2.9986275577749586,4.5,-4.5,0.3755186721991701
P42940,261,3,0.011494252873563218,-0.1950191570881225,3.3094104329058536,4.5,-4.5,0.4061302681992337
P35999,772,7,0.009067357512953367,-0.38134715025906735,3.088737564052719,4.5,-4.5,0.3639896373056995
P47158,497,3,0.006036217303822937,-0.4329979879275654,3.1081960948078304,4.5,-4.5,0.33601609657947684
P40530,394,2,0.005076142131979695,-0.25329949238578675,3.127510447729894,4.5,-4.5,0.3730964467005076
P07266,363,6,0.01652892561983471,-0.15234159779614329,3.1619490056237374,4.5,-4.5,0.39669421487603307
P08425,469,5,0.010660980810234541,-0.5300639658848615,3.169640801480082,4.5,-4.5,0.3368869936034115
P15424,664,4,0.006024096385542169,-0.6004518072289158,3.214235529147496,4.5,-4.5,0.3433734939759036
P40047,520,2,0.0038461538461538464,-0.1348076923076923,3.0559336923841327,4.5,-4.5,0.3923076923076923
P38345,138,0,0.0,-0.8971014492753623,2.8695791245454245,4.5,-4.5,0.26811594202898553
P04803,379,2,0.005277044854881266,-0.37968337730870716,3.132337743832667,4.5,-4.5,0.3641160949868074
Q01802,451,4,0.008869179600886918,-0.3514412416851441,3.080611913756287,4.5,-4.5,0.35920177383592017
P48527,492,6,0.012195121951219513,-0.2313008130081301,3.151505630453455,4.5,-4.5,0.3699186991869919
Q06892,414,4,0.00966183574879227,-0.2990338164251207,3.0916591911806846,4.5,-4.5,0.34299516908212563
Q02784,150,0,0.0,-0.25933333333333336,3.096214821717353,4.5,-4.5,0.3933333333333333
P08417,488,5,0.010245901639344262,-0.20635245901639346,3.0528709638100135,4.5,-4.5,0.39139344262295084
P28241,369,3,0.008130081300813009,-0.0444444444444445,3.046839008446384,4.5,-4.5,0.3821138211382114
P19882,572,3,0.005244755244755245,-0.1194055944055944,3.1117121964499117,4.5,-4.5,0.3951048951048951
P53193,184,0,0.0,-0.8173913043478259,3.065112548314895,4.5,-4.5,0.32065217391304346
Q12031,575,6,0.010434782608695653,-0.404695652173913,2.9925813553255267,4.5,-4.5,0.35304347826086957
P40185,145,1,0.006896551724137931,-0.08413793103448275,3.090445249967065,4.5,-4.5,0.4206896551724138
Q05931,657,6,0.0091324200913242,-0.3103500761035008,3.193803365633132,4.5,-4.5,0.3698630136986301
P46681,530,1,0.0018867924528301887,-0.2950943396226415,3.0948183246837204,4.5,-4.5,0.3584905660377358
Q03020,165,1,0.006060606060606061,-0.035151515151515156,3.054153774791548,4.5,-4.5,0.41818181818181815
Q12184,172,0,0.0,-0.3343023255813954,2.9831772669879446,4.5,-4.5,0.3546511627906977
P26364,225,0,0.0,-0.37288888888888894,3.092474465696953,4.5,-4.5,0.3377777777777778
P36775,1133,5,0.00441306266548985,-0.5827007943512799,3.0872228978736844,4.5,-4.5,0.33362753751103263
Q08230,162,0,0.0,-0.7796296296296297,3.02132623337911,4.5,-4.5,0.30864197530864196
Q12480,344,2,0.005813953488372093,0.06046511627906978,3.085403711467369,4.5,-4.5,0.41569767441860467
P00045,113,0,0.0,-0.9017699115044249,2.7558781039898035,4.5,-4.5,0.2743362831858407
Q12287,69,0,0.0,-1.3115942028985506,2.8204499708782755,4.5,-4.5,0.2753623188405797
Q01519,83,1,0.012048192771084338,-0.8602409638554216,2.8939046769522005,4.5,-4.5,0.3132530120481928
P38162,196,2,0.01020408163265306,-0.9780612244897958,3.058941112696588,4.5,-4.5,0.29591836734693877
P50861,169,0,0.0,0.008284023668639003,3.1259255693142607,4.5,-4.5,0.4260355029585799
P25646,442,5,0.011312217194570135,-0.4158371040723982,3.030825470443398,4.5,-4.5,0.3506787330316742
Q04341,121,0,0.0,-0.524793388429752,3.301972388062404,4.5,-4.5,0.371900826446281
Q03667,156,2,0.01282051282051282,-0.7397435897435897,2.6356208699566817,4.5,-4.5,0.3076923076923077
P40215,560,4,0.007142857142857143,-0.2392857142857143,3.0671868550972943,4.5,-4.5,0.37857142857142856
Q12511,572,10,0.017482517482517484,-0.4984265734265735,3.0300212858757747,4.5,-4.5,0.31993006993006995
P32898,989,7,0.007077856420626896,-0.431041456016178,3.063902661972598,4.5,-4.5,0.339737108190091
Q02772,108,0,0.0,-0.7194444444444443,3.131957686594326,4.5,-4.5,0.37037037037037035
P00175,591,0,0.0,-0.3399323181049069,3.116029621899673,4.5,-4.5,0.36717428087986465
P19516,300,1,0.0033333333333333335,-0.211,3.131343534863803,4.5,-4.5,0.41333333333333333
P07143,309,1,0.003236245954692557,-0.396116504854369,2.836730500884193,4.5,-4.5,0.35275080906148865
P46972,177,1,0.005649717514124294,-0.16610169491525428,3.0888505625179974,4.5,-4.5,0.3559322033898305
P16622,393,2,0.005089058524173028,-0.38956743002544536,3.0171972006720518,4.5,-4.5,0.3486005089058524
P21801,266,3,0.011278195488721804,-0.32030075187969925,3.0161908806216657,4.5,-4.5,0.38345864661654133
P35200,230,4,0.017391304347826087,-0.5013043478260869,3.1175865865704044,4.5,-4.5,0.3521739130434783
P80235,687,0,0.0,-0.38558951965065497,3.007904999100954,4.5,-4.5,0.3551673944687045
P39515,158,1,0.006329113924050633,0.14240506329113922,2.8208153571195873,4.5,-4.5,0.43037974683544306
P37298,181,0,0.0,-0.037016574585635426,2.8519858245390513,4.5,-4.5,0.3867403314917127
P33421,198,1,0.005050505050505051,0.25101010101010096,2.9325022910079124,4.5,-4.5,0.4292929292929293
P00410,251,1,0.00398406374501992,0.35338645418326686,3.075792011832977,4.5,-4.5,0.450199203187251
P00854,259,2,0.007722007722007722,1.097297297297297,2.869213571310425,4.5,-4.5,0.5482625482625483
P38152,299,1,0.0033444816053511705,0.052508361204013365,2.947378869963505,4.5,-4.5,0.4013377926421405
Q03028,310,2,0.0064516129032258064,0.11967741935483872,3.068239995524352,4.5,-4.5,0.4258064516129032
P40464,311,0,0.0,0.09421221864951765,3.062746588008669,4.5,-4.5,0.40514469453376206
P23641,311,1,0.003215434083601286,0.2945337620578778,2.8060916208405313,4.5,-4.5,0.42443729903536975
P10566,314,4,0.012738853503184714,0.0006369426751591825,2.8146227997961035,4.5,-4.5,0.3980891719745223
P18239,318,0,0.0,0.0858490566037736,2.937882222291911,4.5,-4.5,0.4276729559748428
P33303,322,2,0.006211180124223602,-0.08695652173913046,3.0638876460187654,4.5,-4.5,0.3944099378881988
Q00873,224,0,0.0,-0.9540178571428571,2.9069623811455507,4.5,-4.5,0.27232142857142855
P07255,59,0,0.0,-0.24576271186440685,3.1075807819871226,4.5,-4.5,0.3898305084745763
P04039,78,0,0.0,0.07307692307692304,3.058769363604236,4.5,-4.5,0.44871794871794873
P08525,94,0,0.0,-0.5297872340425532,2.7681636046239553,4.5,-4.5,0.2978723404255319
P00128,127,0,0.0,-0.3039370078740157,3.2137598255788236,4.5,-4.5,0.4015748031496063
P00427,148,1,0.006756756756756757,-0.5763513513513513,3.178950223768984,4.5,-4.5,0.3783783783783784
P00424,153,0,0.0,-0.515686274509804,2.902019077315952,4.5,-4.5,0.3333333333333333
P04037,155,0,0.0,-0.3974193548387098,2.991686295161585,4.5,-4.5,0.32903225806451614
P18496,279,1,0.0035842293906810036,-0.432258064516129,3.0381031135208008,4.5,-4.5,0.36200716845878134
P08466,329,1,0.00303951367781155,-0.49635258358662615,3.0469455646370034,4.5,-4.5,0.3465045592705167
P38341,106,0,0.0,-0.6283018867924528,3.021456437416232,4.5,-4.5,0.2830188679245283
P37267,147,0,0.0,-0.8959183673469389,3.0987791660372834,4.5,-4.5,0.2857142857142857
P40452,197,3,0.015228426395939087,-0.16649746192893397,3.176642932571986,4.5,-4.5,0.38071065989847713
P38969,423,4,0.009456264775413711,-0.2368794326241135,3.1457219555131246,4.5,-4.5,0.3640661938534279
Q04472,501,2,0.003992015968063872,-0.5387225548902195,3.1634731609404048,4.5,-4.5,0.3712574850299401
P43634,648,5,0.007716049382716049,-0.35277777777777775,3.0420801342518704,4.5,-4.5,0.35185185185185186
O13518,139,2,0.014388489208633094,0.39352517985611507,2.761091657560883,4.5,-4.5,0.43884892086330934
Q03012,353,1,0.0028328611898017,-0.7436260623229461,3.1274115493456907,4.5,-4.5,0.32011331444759206
P53100,379,1,0.002638522427440633,-0.3300791556728232,3.1240564159081052,4.5,-4.5,0.37730870712401055
Q03195,608,4,0.006578947368421052,-0.1973684210526316,3.227466363484494,4.5,-4.5,0.3963815789473684
P38616,354,15,0.0423728813559322,0.12062146892655366,2.9181389972029628,4.5,-4.5,0.3870056497175141
P25555,427,4,0.00936768149882904,-0.9611241217798594,2.989135150360896,4.5,-4.5,0.28337236533957844
P15565,570,5,0.008771929824561403,-0.5359649122807018,3.0357613338274527,4.5,-4.5,0.3385964912280702
Q03913,190,3,0.015789473684210527,0.07263157894736841,3.155794740348823,4.5,-4.5,0.45263157894736844
P13663,365,1,0.0027397260273972603,-0.043561643835616476,3.141109379918343,4.5,-4.5,0.410958904109589
Q08749,192,2,0.010416666666666666,-0.02760416666666667,3.05223935714681,4.5,-4.5,0.390625
P49686,430,14,0.03255813953488372,-0.4074418604651164,2.3815258866838662,4.5,-4.5,0.2930232558139535
Q03455,724,8,0.011049723756906077,0.33784530386740336,3.0464368822817525,4.5,-4.5,0.44337016574585636
P47072,561,10,0.017825311942959002,-0.3684491978609626,3.00389276578083,4.5,-4.5,0.34759358288770054
P37304,830,17,0.020481927710843374,-0.6204819277108434,2.996261085192218,4.5,-4.5,0.30843373493975906
Q12420,587,9,0.015332197614991482,-1.094548551959114,2.9871395430556973,4.5,-4.5,0.25894378194207834
P50943,142,2,0.014084507042253521,0.5654929577464789,3.032292066989569,4.5,-4.5,0.49295774647887325
P52917,437,2,0.004576659038901602,-0.5368421052631579,2.9985949578201914,4.5,-4.5,0.3340961098398169
P32581,645,5,0.007751937984496124,-0.4818604651162791,3.1077891060715235,4.5,-4.5,0.34418604651162793
P32495,156,0,0.0,-0.5724358974358974,3.1918480644297094,4.5,-4.5,0.3525641025641026
Q03262,622,2,0.003215434083601286,-0.36286173633440516,3.0576855111445362,4.5,-4.5,0.3633440514469453
P0C0T4,108,0,0.0,-0.5370370370370371,3.1420267283381316,4.5,-4.5,0.37037037037037035
P14020,267,0,0.0,-0.029588014981273444,3.0955787335225193,4.5,-4.5,0.41198501872659177
Q02866,612,11,0.017973856209150325,-0.5901960784313727,3.0320890511066505,4.5,-4.5,0.31209150326797386
Q02895,342,3,0.008771929824561403,-0.362280701754386,3.181545571777983,4.5,-4.5,0.3684210526315789
P53907,740,10,0.013513513513513514,-0.7841891891891891,2.946125493536708,4.5,-4.5,0.28378378378378377
P40509,296,2,0.006756756756756757,-0.33682432432432435,3.1127400671907726,4.5,-4.5,0.3716216216216216
P40026,464,5,0.010775862068965518,-0.41831896551724135,3.176955781277422,4.5,-4.5,0.3577586206896552
Q12072,812,5,0.006157635467980296,-0.7213054187192118,3.0640658088728516,4.5,-4.5,0.3091133004926108
P21374,235,2,0.00851063829787234,-1.0965957446808512,3.059465449482579,4.5,-4.5,0.28085106382978725
Q04418,439,3,0.00683371298405467,-0.8056947608200455,3.0952442627006365,4.5,-4.5,0.3052391799544419
P39543,234,5,0.021367521367521368,-0.10085470085470086,3.092215086516674,4.5,-4.5,0.4017094017094017
P32893,560,6,0.010714285714285714,-0.3946428571428572,3.0867122848739625,4.5,-4.5,0.3410714285714286
P87274,156,0,0.0,0.7621794871794872,2.773370229400109,4.5,-4.5,0.4935897435897436
P17121,654,10,0.01529051987767584,-0.8640672782874617,2.933234007833181,4.5,-4.5,0.27217125382262997
Q06338,283,1,0.0035335689045936395,-0.6929328621908128,3.135596305304432,4.5,-4.5,0.3215547703180212
P38149,878,8,0.009111617312072893,-0.22312072892938498,3.081756268125478,4.5,-4.5,0.35079726651480636
P32462,438,1,0.00228310502283105,0.2134703196347032,3.1014985791281102,4.5,-4.5,0.4246575342465753
Q12134,243,3,0.012345679012345678,-0.41358024691358025,3.24014503637247,4.5,-4.5,0.37037037037037035
Q99332,602,8,0.013289036544850499,-0.6184385382059802,3.012037128175023,4.5,-4.5,0.3073089700996678
Q06178,401,1,0.0024937655860349127,-0.5576059850374065,3.1102915411079026,4.5,-4.5,0.3316708229426434
O13569,170,2,0.011764705882352941,0.4529411764705881,2.7501909339190216,4.5,-4.5,0.4411764705882353
P38954,527,6,0.011385199240986717,0.1466793168880455,3.030312290569532,4.5,-4.5,0.4269449715370019
Q05933,178,2,0.011235955056179775,-0.22752808988764048,3.0729109212780368,4.5,-4.5,0.39325842696629215
Q05635,350,5,0.014285714285714285,-0.49457142857142855,3.0282100727819325,4.5,-4.5,0.32285714285714284
Q06675,368,2,0.005434782608695652,-0.4418478260869566,3.310661115294249,4.5,-4.5,0.375
Q04053,625,12,0.0192,-0.4096,3.0645749852140995,4.5,-4.5,0.3328
Q03305,412,3,0.007281553398058253,-0.4606796116504855,3.0740943135836964,4.5,-4.5,0.34951456310679613
P39997,493,5,0.010141987829614604,-0.3466531440162272,3.110887436793046,4.5,-4.5,0.36511156186612576
P32569,687,7,0.010189228529839884,-0.5653566229985444,3.2263867261365387,4.5,-4.5,0.33624454148471616
Q12297,353,2,0.0056657223796034,-0.6594900849858357,3.086060548929341,4.5,-4.5,0.3286118980169972
Q04867,317,2,0.006309148264984227,-0.2479495268138801,3.0325214998899392,4.5,-4.5,0.3627760252365931
P39706,426,2,0.004694835680751174,-0.28849765258215965,3.1083084324158294,4.5,-4.5,0.3568075117370892
P40054,469,5,0.010660980810234541,-0.05074626865671642,3.084714443145157,4.5,-4.5,0.39232409381663114
P40460,691,12,0.017366136034732273,-0.8102749638205499,3.1869617357747093,4.5,-4.5,0.2995658465991317
P40091,420,7,0.016666666666666666,-0.9145238095238096,2.960679380191352,4.5,-4.5,0.2833333333333333
P32464,399,2,0.005012531328320802,-0.1882205513784461,3.163194760714906,4.5,-4.5,0.39598997493734334
Q08278,222,2,0.009009009009009009,-0.7603603603603603,3.0247709846829807,4.5,-4.5,0.2882882882882883
P53093,235,0,0.0,0.5212765957446809,3.010205066190021,4.5,-4.5,0.4723404255319149
P39952,402,3,0.007462686567164179,-0.11990049751243784,3.029449482860497,4.5,-4.5,0.39303482587064675
P25042,368,8,0.021739130434782608,-0.9021739130434783,2.887425070018553,4.5,-4.5,0.25
P21190,360,4,0.011111111111111112,-1.051388888888889,2.741299015651134,4.5,-4.5,0.24166666666666667
P32264,428,5,0.011682242990654205,-0.22266355140186916,3.1585998034854055,4.5,-4.5,0.38317757009345793
Q06648,383,8,0.020887728459530026,-0.9336814621409922,2.809372373130627,4.5,-4.5,0.25326370757180156
Q01329,785,5,0.006369426751592357,-0.3625477707006369,3.083016742571974,4.5,-4.5,0.354140127388535
P32776,642,7,0.010903426791277258,-0.6515576323987539,3.137945694440544,4.5,-4.5,0.3317757009345794
P53220,239,2,0.008368200836820083,-0.5259414225941422,3.07579235168939,4.5,-4.5,0.3138075313807531
P14742,717,1,0.001394700139470014,-0.17350069735006973,3.1676530460945167,4.5,-4.5,0.3905160390516039
Q08601,432,4,0.009259259259259259,-0.7083333333333334,2.8536161269519065,4.5,-4.5,0.2916666666666667
Q12091,152,1,0.006578947368421052,-0.5519736842105264,2.943010685343212,4.5,-4.5,0.3092105263157895
Q12147,103,1,0.009708737864077669,0.612621359223301,2.965683326738585,4.5,-4.5,0.46601941747572817
Q07355,123,2,0.016260162601626018,0.056910569105690964,2.94993678589603,4.5,-4.5,0.42276422764227645
Q07362,185,1,0.005405405405405406,-0.9237837837837838,2.6210740024317363,4.5,-4.5,0.25405405405405407
Q07521,108,1,0.009259259259259259,0.17037037037037037,2.6616362017062354,4.5,-4.5,0.3888888888888889
P87271,102,2,0.0196078431372549,-0.015686274509804025,2.766315064997337,4.5,-4.5,0.3627450980392157
P43578,164,0,0.0,0.09512195121951225,2.9224698224578263,4.5,-4.5,0.42073170731707316
P43622,192,1,0.005208333333333333,0.1692708333333333,2.749610481804524,4.5,-4.5,0.3645833333333333
P38843,316,2,0.006329113924050633,0.8984177215189872,2.9385635477632452,4.5,-4.5,0.5316455696202531
P17123,173,1,0.005780346820809248,-1.113872832369942,2.968297526105086,4.5,-4.5,0.2774566473988439
P40461,129,0,0.0,0.05193798449612402,2.964730683748834,4.5,-4.5,0.3875968992248062
P38986,381,3,0.007874015748031496,-0.06719160104986882,3.057197477651269,4.5,-4.5,0.3805774278215223
P32609,515,6,0.011650485436893204,-0.5275728155339807,3.2264105716316904,4.5,-4.5,0.3592233009708738
P28795,441,2,0.0045351473922902496,-0.34988662131519277,3.108492680466674,4.5,-4.5,0.35827664399092973
Q06683,689,3,0.0043541364296081275,-0.3130624092888244,3.177767113744573,4.5,-4.5,0.37590711175616837
Q05515,481,2,0.004158004158004158,-0.6353430353430354,2.997947727828564,4.5,-4.5,0.3097713097713098
Q06325,596,15,0.025167785234899327,-0.021812080536912765,2.834937958127345,4.5,-4.5,0.3523489932885906
Q12118,346,2,0.005780346820809248,-0.5994219653179191,2.9113689271608565,4.5,-4.5,0.3554913294797688
P50273,684,5,0.007309941520467836,-0.2366959064327486,3.147153390459807,4.5,-4.5,0.3845029239766082
P42223,864,10,0.011574074074074073,-0.6168981481481481,3.044669995010147,4.5,-4.5,0.3125
P53158,218,3,0.013761467889908258,-0.7422018348623852,3.0010332648123703,4.5,-4.5,0.2981651376146789
Q06333,122,1,0.00819672131147541,-0.6704918032786885,3.1319006046606583,4.5,-4.5,0.3360655737704918
P25045,558,1,0.0017921146953405018,-0.13279569892473117,3.039421350886584,4.5,-4.5,0.3835125448028674
Q06349,442,1,0.0022624434389140274,-0.40859728506787335,3.095642584305621,4.5,-4.5,0.3506787330316742
P40335,379,6,0.0158311345646438,-0.4258575197889183,3.0397049729714407,4.5,-4.5,0.32189973614775724
Q06385,345,3,0.008695652173913044,-0.33072463768115934,3.228484778910047,4.5,-4.5,0.37971014492753624
Q06389,190,0,0.0,-0.37894736842105264,3.056034401047837,4.5,-4.5,0.3631578947368421
Q08906,153,1,0.006535947712418301,0.09673202614379083,2.468876019056254,4.5,-4.5,0.3333333333333333
P32324,842,2,0.0023752969121140144,-0.1783847980997625,3.1319187738269427,4.5,-4.5,0.39667458432304037
Q02872,168,1,0.005952380952380952,-0.9107142857142857,3.07019147290069,4.5,-4.5,0.2916666666666667
P47134,954,13,0.013626834381551363,-0.9029350104821803,3.0536625742491026,4.5,-4.5,0.2809224318658281
P47147,688,6,0.00872093023255814,-0.5468023255813953,3.1211704360956296,4.5,-4.5,0.32994186046511625
Q04062,393,2,0.005089058524173028,-0.3030534351145039,3.214319240973946,4.5,-4.5,0.37659033078880405
Q02875,849,12,0.014134275618374558,-0.8283863368669022,2.90507169717076,4.5,-4.5,0.2779740871613663
Q04069,103,1,0.009708737864077669,0.1233009708737864,3.0522378829119057,4.5,-4.5,0.42718446601941745
P53924,522,8,0.01532567049808429,-0.5666666666666667,2.909503519153972,4.5,-4.5,0.31417624521072796
Q03338,469,3,0.006396588486140725,-1.1752665245202558,3.0441292695922315,4.5,-4.5,0.26865671641791045
P20053,465,3,0.0064516129032258064,-0.46430107526881714,3.127012864978457,4.5,-4.5,0.33978494623655914
Q03370,554,6,0.010830324909747292,-0.3299638989169675,3.0609991641902234,4.5,-4.5,0.34296028880866425
P39904,641,14,0.0218408736349454,-0.509204368174727,3.143687356243154,4.5,-4.5,0.3494539781591264
P53313,767,4,0.005215123859191656,-0.6735332464146025,3.1232677545522893,4.5,-4.5,0.3428943937418514
P40463,436,11,0.02522935779816514,-1.0073394495412844,2.671398164038647,4.5,-4.5,0.2408256880733945
P33420,868,7,0.008064516129032258,-0.48444700460829493,3.274475374760113,4.5,-4.5,0.358294930875576
Q12230,341,1,0.002932551319648094,-0.6563049853372435,3.0198944186752326,4.5,-4.5,0.3313782991202346
Q04399,608,4,0.006578947368421052,-0.3019736842105263,3.0523442327327617,4.5,-4.5,0.3519736842105263
P38439,464,5,0.010775862068965518,-1.476508620689655,2.8655707230656864,4.5,-4.5,0.22198275862068967
P53885,366,2,0.00546448087431694,-0.9032786885245903,2.8896253399693212,4.5,-4.5,0.2677595628415301
P40003,282,6,0.02127659574468085,-0.41241134751773056,3.11349531084461,4.5,-4.5,0.3546099290780142
P53263,149,1,0.006711409395973154,-0.006711409395973154,3.0596675792051253,4.5,-4.5,0.42953020134228187
P39995,279,1,0.0035842293906810036,-0.53584229390681,3.2299125996924567,4.5,-4.5,0.34050179211469533
P39994,560,5,0.008928571428571428,-0.05928571428571429,3.1001819400197292,4.5,-4.5,0.39285714285714285
P32628,398,4,0.010050251256281407,-0.4525125628140703,2.8880939478923167,4.5,-4.5,0.3542713567839196
P47003,119,0,0.0,-0.11596638655462184,3.12463734213725,4.5,-4.5,0.3865546218487395
P39931,234,0,0.0,-0.7205128205128206,3.1726674172427725,4.5,-4.5,0.32905982905982906
Q12125,312,2,0.00641025641025641,-0.2278846153846154,3.130263466755119,4.5,-4.5,0.391025641025641
Q00772,484,2,0.004132231404958678,-0.5150826446280992,3.1026115022132137,4.5,-4.5,0.359504132231405
P32613,152,1,0.006578947368421052,0.06578947368421048,3.2915982612666155,4.5,-4.5,0.4276315789473684
P53237,242,2,0.008264462809917356,-0.2801652892561984,3.129230883634617,4.5,-4.5,0.3760330578512397
P04817,590,1,0.001694915254237288,0.33186440677966095,2.971714379696648,4.5,-4.5,0.4440677966101695
P39981,480,5,0.010416666666666666,0.3875,3.0631291870678035,4.5,-4.5,0.4583333333333333
P50277,480,2,0.004166666666666667,-0.13416666666666668,3.079238158845283,4.5,-4.5,0.3854166666666667
Q05948,407,4,0.009828009828009828,-0.4216216216216216,3.0786295691274663,4.5,-4.5,0.3464373464373464
P39937,518,8,0.015444015444015444,-0.3737451737451738,3.2087425622533936,4.5,-4.5,0.35135135135135137
P35193,415,6,0.014457831325301205,-0.6510843373493977,3.027734057510285,4.5,-4.5,0.30843373493975906
P36521,249,3,0.012048192771084338,-0.5441767068273091,3.0827242790789593,4.5,-4.5,0.3333333333333333
P38962,199,4,0.020100502512562814,0.17939698492462308,3.020553983964061,4.5,-4.5,0.4271356783919598
P38231,175,2,0.011428571428571429,-0.4182857142857143,3.290125039494731,4.5,-4.5,0.37142857142857144
P38304,223,1,0.004484304932735426,-0.5762331838565022,2.9841765326321243,4.5,-4.5,0.30493273542600896
P32571,926,6,0.0064794816414686825,-0.42526997840172787,3.075049154553728,4.5,-4.5,0.34017278617710583
P28263,218,4,0.01834862385321101,-0.7706422018348624,3.0045318294506895,4.5,-4.5,0.28440366972477066
Q01163,450,8,0.017777777777777778,-0.3593333333333333,3.099550433351406,4.5,-4.5,0.35333333333333333
P53254,1237,13,0.010509296685529508,-0.30743734842360554,3.0907156947175793,4.5,-4.5,0.36135812449474536
P30822,1084,1,0.0009225092250922509,-0.09354243542435423,3.2107284980283888,4.5,-4.5,0.41420664206642066
P53311,146,1,0.00684931506849315,0.028767123287671205,2.946740918652138,4.5,-4.5,0.410958904109589
P38752,130,0,0.0,0.18307692307692305,3.143127752892955,4.5,-4.5,0.43846153846153846
P38782,295,7,0.023728813559322035,-0.4789830508474577,2.8911493784525013,4.5,-4.5,0.31186440677966104
P47010,130,2,0.015384615384615385,0.7915384615384616,3.1535336618170127,4.5,-4.5,0.5384615384615384
P35735,353,3,0.0084985835694051,0.21756373937677054,2.913342902777967,4.5,-4.5,0.42492917847025496
P35725,167,0,0.0,-1.0431137724550898,3.1129337884842596,4.5,-4.5,0.2934131736526946
P34078,463,1,0.0021598272138228943,-1.1185745140388768,3.0132752568601044,4.5,-4.5,0.27645788336933047
P32901,601,6,0.009983361064891847,0.1389351081530782,2.9636030928520256,4.5,-4.5,0.4259567387687188
O13555,125,0,0.0,-0.7408,3.3403735359986317,4.5,-4.5,0.376
P11746,286,1,0.0034965034965034965,-1.416083916083916,2.800727936087165,4.5,-4.5,0.23076923076923078
P38993,636,13,0.020440251572327043,-0.28317610062893084,3.009557622341881,4.5,-4.5,0.360062893081761
P35202,319,3,0.009404388714733543,-0.23260188087774294,3.205559893895401,4.5,-4.5,0.36363636363636365
P39013,349,3,0.008595988538681949,-0.7369627507163323,3.173147172984656,4.5,-4.5,0.3151862464183381
P53895,289,2,0.006920415224913495,-0.14913494809688585,3.09005676465314,4.5,-4.5,0.3875432525951557
P53869,86,0,0.0,-0.8837209302325583,3.011213942995774,4.5,-4.5,0.3023255813953488
P53829,373,5,0.013404825737265416,-0.139142091152815,3.0822976899571524,4.5,-4.5,0.38873994638069703
P39008,433,4,0.009237875288683603,-0.5498845265588914,3.0048930436466375,4.5,-4.5,0.3302540415704388
P25040,408,3,0.007352941176470588,-0.6264705882352942,3.044922693586696,4.5,-4.5,0.33088235294117646
Q08241,117,3,0.02564102564102564,0.5196581196581197,3.1494739573306774,4.5,-4.5,0.4444444444444444
Q08486,104,0,0.0,0.3461538461538462,3.0540931890007204,4.5,-4.5,0.49038461538461536
P02992,437,1,0.002288329519450801,-0.20000000000000004,3.0927537661643174,4.5,-4.5,0.3890160183066362
Q01926,470,6,0.01276595744680851,-0.25744680851063834,3.172330151102845,4.5,-4.5,0.37872340425531914
Q08911,376,1,0.0026595744680851063,-0.38723404255319155,3.142027534941485,4.5,-4.5,0.36436170212765956
Q02889,113,0,0.0,-0.20442477876106202,2.810328276750392,4.5,-4.5,0.35398230088495575
P32481,527,2,0.003795066413662239,-0.22694497153700188,3.2009241376097592,4.5,-4.5,0.38519924098671726
P08456,276,4,0.014492753623188406,0.16485507246376807,3.021558465213962,4.5,-4.5,0.44565217391304346
P42939,101,1,0.009900990099009901,-0.9405940594059408,2.9777783670933378,4.5,-4.5,0.27722772277227725
Q04396,274,0,0.0,0.2740875912408759,3.140148551682602,4.5,-4.5,0.44525547445255476
P10869,527,6,0.011385199240986717,-0.10265654648956357,3.1444105045205397,4.5,-4.5,0.3984819734345351
P40574,245,2,0.00816326530612245,-1.0416326530612245,3.1106370152376233,4.5,-4.5,0.3020408163265306
P38429,201,5,0.024875621890547265,-1.427860696517413,2.7665773348577782,4.5,-4.5,0.21393034825870647
P40038,420,2,0.004761904761904762,-0.7109523809523809,2.979768934413259,4.5,-4.5,0.3
P40093,338,1,0.0029585798816568047,-0.35295857988165685,3.0975376942847914,4.5,-4.5,0.3668639053254438
Q08915,147,1,0.006802721088435374,0.25646258503401365,3.181495562987257,4.5,-4.5,0.46258503401360546
P39525,442,4,0.00904977375565611,-0.10475113122171952,2.9964534174354704,4.5,-4.5,0.38235294117647056
Q07478,446,2,0.004484304932735426,-0.4065022421524663,3.185100945770532,4.5,-4.5,0.37668161434977576
Q06493,454,4,0.00881057268722467,-0.4790748898678414,3.202804116746845,4.5,-4.5,0.3656387665198238
P32791,686,6,0.008746355685131196,0.05437317784256553,3.068722557480682,4.5,-4.5,0.41836734693877553
P38241,364,2,0.005494505494505495,-0.4115384615384616,3.154976680249208,4.5,-4.5,0.3543956043956044
P25568,528,3,0.005681818181818182,0.49886363636363634,3.0059219701276123,4.5,-4.5,0.4583333333333333
P49018,411,3,0.0072992700729927005,-0.24866180048661798,3.1159767106463088,4.5,-4.5,0.3819951338199513
P87287,132,0,0.0,0.8999999999999999,3.296531694390517,4.5,-4.5,0.5303030303030303
Q04659,317,3,0.00946372239747634,-0.7675078864353312,3.112402852793418,4.5,-4.5,0.3186119873817035
Q08974,193,0,0.0,0.35803108808290157,3.10952910469086,4.5,-4.5,0.47668393782383417
P23337,708,8,0.011299435028248588,-0.3485875706214689,3.1173626645683017,4.5,-4.5,0.3700564971751412
P40481,377,5,0.013262599469496022,-0.23209549071618038,3.171508458241259,4.5,-4.5,0.3687002652519894
P49704,494,4,0.008097165991902834,-0.4838056680161944,3.154647764955627,4.5,-4.5,0.3582995951417004
P31376,625,2,0.0032,-1.1073600000000001,3.0271269927771445,4.5,-4.5,0.2832
P08431,366,4,0.01092896174863388,-0.5401639344262296,3.048837272845978,4.5,-4.5,0.34153005464480873
P38244,976,14,0.014344262295081968,-0.17581967213114758,3.055968586269948,4.5,-4.5,0.36885245901639346
P38292,413,2,0.004842615012106538,-0.10411622276029059,3.1734075919051934,4.5,-4.5,0.38498789346246975
P32449,370,3,0.008108108108108109,-0.26513513513513515,3.056725081681658,4.5,-4.5,0.3783783783783784
P43124,402,4,0.009950248756218905,-0.8412935323383086,3.0599216844281805,4.5,-4.5,0.3009950248756219
P32771,386,0,0.0,-0.04896373056994816,3.009107327002525,4.5,-4.5,0.40414507772020725
P41910,395,12,0.030379746835443037,-0.8574683544303798,2.881668586762757,4.5,-4.5,0.26329113924050634
Q05580,639,8,0.012519561815336464,-0.8419405320813772,2.9306742091892826,4.5,-4.5,0.28794992175273865
Q06640,478,6,0.012552301255230125,-0.3018828451882845,3.048316740205625,4.5,-4.5,0.35355648535564854
P02557,457,3,0.006564551422319475,-0.37330415754923413,2.9746538002496,4.5,-4.5,0.35667396061269147
P53137,624,3,0.004807692307692308,-0.6810897435897436,3.1617599111153005,4.5,-4.5,0.3269230769230769
P12686,339,3,0.008849557522123894,-0.41002949852507375,3.1348200983911862,4.5,-4.5,0.35693215339233036
P42942,411,2,0.004866180048661801,-0.22189781021897814,3.104013146695965,4.5,-4.5,0.36739659367396593
P47146,123,3,0.024390243902439025,-0.14959349593495938,2.9117751963542857,4.5,-4.5,0.34959349593495936
Q08561,116,1,0.008620689655172414,-1.3258620689655174,2.7891452370554,4.5,-4.5,0.21551724137931033
Q08651,330,1,0.0030303030303030303,0.020909090909090943,3.0696390703205756,4.5,-4.5,0.403030303030303
Q08728,135,2,0.014814814814814815,0.18962962962962962,2.9922436540241857,4.5,-4.5,0.4074074074074074
P21242,288,2,0.006944444444444444,-0.4635416666666667,3.0378327364051825,4.5,-4.5,0.34375
P32842,164,1,0.006097560975609756,1.0689024390243904,2.7083783763547973,4.5,-4.5,0.5487804878048781
Q12262,181,3,0.016574585635359115,-0.5287292817679557,3.2712295217807945,4.5,-4.5,0.3425414364640884
P08593,268,1,0.0037313432835820895,-0.5294776119402985,3.060531808524674,4.5,-4.5,0.332089552238806
P40055,554,5,0.009025270758122744,-0.7227436823104693,2.9943006721985483,4.5,-4.5,0.30685920577617326
Q12211,544,1,0.001838235294117647,-0.7795955882352942,3.0492295046036206,4.5,-4.5,0.32536764705882354
P40056,285,2,0.007017543859649123,-0.05543859649122816,2.976117846996665,4.5,-4.5,0.3929824561403509
P24482,689,8,0.011611030478955007,-0.4079825834542816,3.091935785629172,4.5,-4.5,0.3454281567489115
P38750,627,8,0.012759170653907496,-0.19633173843700155,3.111085689508016,4.5,-4.5,0.37799043062200954
P40073,367,5,0.013623978201634877,-0.4138964577656675,2.9266971499051033,4.5,-4.5,0.329700272479564
P38682,493,10,0.02028397565922921,-0.9929006085192698,2.83925866396713,4.5,-4.5,0.2657200811359026
P40077,573,8,0.013961605584642234,-0.28778359511343804,3.0617195333932767,4.5,-4.5,0.34904013961605584
P46669,326,6,0.018404907975460124,-0.653680981595092,3.085295912477831,4.5,-4.5,0.3006134969325153
P40079,357,8,0.022408963585434174,-1.1030812324929973,2.9742153406505296,4.5,-4.5,0.27170868347338933
P40080,203,3,0.014778325123152709,-0.8793103448275862,2.9763212518689044,4.5,-4.5,0.2857142857142857
P38990,1142,12,0.010507880910683012,-0.7158493870402802,2.9910085814961627,4.5,-4.5,0.29422066549912435
Q07376,486,3,0.006172839506172839,0.5397119341563785,2.8909691796483243,4.5,-4.5,0.44650205761316875
P39944,805,4,0.004968944099378882,-0.37664596273291934,3.0880456631200834,4.5,-4.5,0.3552795031055901
Q12013,749,3,0.004005340453938585,0.03631508678237648,3.1047472651236983,4.5,-4.5,0.4152202937249666
P36096,758,9,0.011873350923482849,-0.15197889182058053,3.091786726231988,4.5,-4.5,0.3759894459102902
P42947,387,6,0.015503875968992248,-0.8674418604651163,2.9743649648780854,4.5,-4.5,0.28165374677002586
P46993,209,2,0.009569377990430622,-0.2976076555023924,3.150642680567133,4.5,-4.5,0.3827751196172249
Q02864,156,2,0.01282051282051282,-0.9006410256410257,3.1299114592800037,4.5,-4.5,0.30128205128205127
P32566,505,1,0.0019801980198019802,-0.9196039603960396,2.937924073721888,4.5,-4.5,0.2811881188118812
P32343,579,6,0.010362694300518135,-0.5758203799654578,3.002837312657125,4.5,-4.5,0.3177892918825561
P14741,305,1,0.003278688524590164,0.027540983606557354,3.1476395817890164,4.5,-4.5,0.419672131147541
P47128,113,1,0.008849557522123894,-1.336283185840708,2.6514334726009605,4.5,-4.5,0.21238938053097345
P38726,115,0,0.0,0.28695652173913044,3.0390078970133723,4.5,-4.5,0.46956521739130436
P21375,501,1,0.001996007984031936,-0.21756487025948104,3.1165597970112393,4.5,-4.5,0.36127744510978044
P43574,510,20,0.0392156862745098,-0.6086274509803922,2.9056004202890144,4.5,-4.5,0.307843137254902
P53294,404,1,0.0024752475247524753,-0.426980198019802,3.1712101868392186,4.5,-4.5,0.349009900990099
P43573,796,5,0.00628140703517588,-1.050753768844221,3.076268694388339,4.5,-4.5,0.27889447236180903
P36046,403,7,0.017369727047146403,-1.3635235732009925,2.7052443308586405,4.5,-4.5,0.228287841191067
P40508,320,8,0.025,-1.0203125,2.8275530326315277,4.5,-4.5,0.2625
P43567,385,2,0.005194805194805195,0.0535064935064935,3.014388769312153,4.5,-4.5,0.4103896103896104
Q04081,328,2,0.006097560975609756,-0.20243902439024392,3.13596274592715,4.5,-4.5,0.3902439024390244
O94086,168,3,0.017857142857142856,0.10892857142857146,2.829202107719866,4.5,-4.5,0.4226190476190476
P43551,465,3,0.0064516129032258064,-0.14064516129032262,3.106455922908163,4.5,-4.5,0.3978494623655914
P40368,713,9,0.012622720897615708,-0.34516129032258064,3.2048013170396876,4.5,-4.5,0.364656381486676
P43594,170,3,0.01764705882352941,-0.7241176470588236,3.0350027789957803,4.5,-4.5,0.3058823529411765
Q12513,150,0,0.0,-0.7713333333333332,3.145755588443295,4.5,-4.5,0.32
P53271,262,4,0.015267175572519083,-0.42938931297709926,3.214556409445027,4.5,-4.5,0.3511450381679389
P87270,130,2,0.015384615384615385,0.22076923076923075,3.076178852303771,4.5,-4.5,0.46153846153846156
P35727,113,0,0.0,-0.9194690265486726,3.2145096491438436,4.5,-4.5,0.3185840707964602
Q12365,385,3,0.007792207792207792,-1.1644155844155843,2.9689311092017103,4.5,-4.5,0.2545454545454545
P53856,143,0,0.0,0.2615384615384615,3.0577409065056367,4.5,-4.5,0.4195804195804196
P33755,580,5,0.008620689655172414,-0.5003448275862069,3.034593630419663,4.5,-4.5,0.33275862068965517
Q04429,423,2,0.004728132387706856,-0.7531914893617022,2.9348775720392513,4.5,-4.5,0.28841607565011823
Q06340,456,5,0.010964912280701754,-0.918859649122807,3.0622123234085135,4.5,-4.5,0.2850877192982456
P53108,310,8,0.025806451612903226,-0.1738709677419355,3.060517748123099,4.5,-4.5,0.3709677419354839
P38624,215,2,0.009302325581395349,-0.17674418604651168,2.990919374038873,4.5,-4.5,0.3627906976744186
P53069,104,0,0.0,0.3269230769230769,3.111555101220127,4.5,-4.5,0.4807692307692308
Q06568,189,0,0.0,-0.747089947089947,3.16877198141747,4.5,-4.5,0.31216931216931215
P39979,161,0,0.0,-0.48322981366459616,3.0408448487863775,4.5,-4.5,0.34782608695652173
P16523,270,3,0.011111111111111112,-0.10925925925925926,3.2922731378587224,4.5,-4.5,0.4074074074074074
P54070,446,2,0.004484304932735426,-0.4923766816143498,3.0666198218321035,4.5,-4.5,0.35201793721973096
P40035,300,1,0.0033333333333333335,0.030333333333333344,2.916764169798824,4.5,-4.5,0.39666666666666667
Q04430,367,3,0.008174386920980926,-0.25340599455040874,2.9514108954634772,4.5,-4.5,0.3460490463215259
P40956,396,3,0.007575757575757576,-0.8626262626262626,2.8391592815439117,4.5,-4.5,0.30303030303030304
O13567,102,0,0.0,1.0931372549019607,3.0024911161783177,4.5,-4.5,0.5882352941176471
P40522,640,11,0.0171875,-0.4292187500000001,3.0384215704290343,4.5,-4.5,0.3375
P43570,497,5,0.01006036217303823,-0.21247484909456743,3.2142422796774395,4.5,-4.5,0.39235412474849096
Q08004,166,0,0.0,-0.6891566265060242,2.964489108474396,4.5,-4.5,0.3253012048192771
P40532,138,0,0.0,0.522463768115942,3.13081963884956,4.5,-4.5,0.5
P17898,393,2,0.005089058524173028,0.5407124681933843,2.903839960343861,4.5,-4.5,0.4707379134860051
P06197,220,2,0.00909090909090909,0.10045454545454544,2.897843990519233,4.5,-4.5,0.42272727272727273
P32476,496,2,0.004032258064516129,-0.008266129032258025,3.1755797377976234,4.5,-4.5,0.41935483870967744
Q03778,218,1,0.0045871559633027525,-0.06330275229357799,3.1231059742970095,4.5,-4.5,0.38990825688073394
Q12372,583,1,0.0017152658662092624,0.4289879931389365,2.9407995619084057,4.5,-4.5,0.45454545454545453
P53860,351,2,0.005698005698005698,-0.5205128205128204,3.159263639768313,4.5,-4.5,0.3418803418803419
P40471,297,1,0.003367003367003367,-0.1612794612794613,3.0646044415520994,4.5,-4.5,0.4074074074074074
P38604,731,3,0.004103967168262654,-0.2082079343365253,2.9744398482631444,4.5,-4.5,0.3679890560875513
P38356,321,5,0.01557632398753894,-0.5470404984423677,2.991503903176669,4.5,-4.5,0.3146417445482866
Q03941,241,2,0.008298755186721992,-0.19460580912863068,3.197744918290995,4.5,-4.5,0.3941908713692946
P40075,244,3,0.012295081967213115,-0.2950819672131147,3.113925687938408,4.5,-4.5,0.3729508196721312
P41834,346,5,0.014450867052023121,-0.6193641618497111,3.2484412714370787,4.5,-4.5,0.3554913294797688
P40350,334,2,0.005988023952095809,0.017365269461077835,3.241792622223139,4.5,-4.5,0.4281437125748503
P32906,549,3,0.00546448087431694,-0.32149362477231336,2.960863845058693,4.5,-4.5,0.3442622950819672
P33767,430,2,0.004651162790697674,-0.33186046511627904,3.07163069774358,4.5,-4.5,0.34186046511627904
P41543,476,6,0.012605042016806723,-0.15861344537815125,2.9751119902916603,4.5,-4.5,0.36764705882352944
P53541,631,8,0.012678288431061807,-0.2667194928684628,3.115810382755031,4.5,-4.5,0.3692551505546751
P06105,1222,10,0.008183306055646482,-0.46227495908346977,3.1329476187781973,4.5,-4.5,0.3445171849427169
Q12452,347,2,0.005763688760806916,-0.11902017291066283,3.1527100399711423,4.5,-4.5,0.3861671469740634
Q12144,273,2,0.007326007326007326,0.43003663003663006,3.1608141597544757,4.5,-4.5,0.4835164835164835
Q12164,279,0,0.0,0.3383512544802867,3.129739211585251,4.5,-4.5,0.4767025089605735
P14906,663,3,0.004524886877828055,-0.3641025641025641,3.1155198624970013,4.5,-4.5,0.3559577677224736
Q04746,504,4,0.007936507936507936,-0.21924603174603174,3.1596549293873397,4.5,-4.5,0.39285714285714285
P12683,1054,7,0.006641366223908918,0.10683111954459204,3.0619025871919616,4.5,-4.5,0.42599620493358636
Q08548,619,1,0.0016155088852988692,-0.22843295638126015,3.036317486227211,4.5,-4.5,0.3780290791599354
Q08650,418,5,0.011961722488038277,-0.1098086124401914,3.080417305620771,4.5,-4.5,0.3803827751196172
P46964,130,0,0.0,0.6838461538461539,3.0812535872010036,4.5,-4.5,0.5461538461538461
Q02774,210,2,0.009523809523809525,0.07380952380952374,3.0788726696795656,4.5,-4.5,0.42857142857142855
P18414,219,0,0.0,0.410958904109589,3.055015861096819,4.5,-4.5,0.45662100456621
P21825,274,1,0.0036496350364963502,-0.2744525547445256,3.1402619537643504,4.5,-4.5,0.38686131386861317
P16151,362,1,0.0027624309392265192,0.3314917127071823,3.2172879842638005,4.5,-4.5,0.46408839779005523
P07286,448,2,0.004464285714285714,0.5881696428571429,3.0447068014729406,4.5,-4.5,0.4955357142857143
P32915,480,0,0.0,0.4383333333333333,3.012534462688998,4.5,-4.5,0.45625
P38353,490,2,0.004081632653061225,0.62,3.0856428563161185,4.5,-4.5,0.4857142857142857
P40351,577,2,0.0034662045060658577,0.48717504332755635,3.0947557518271593,4.5,-4.5,0.48180242634315423
P39012,614,2,0.003257328990228013,0.25798045602605857,3.039596422231327,4.5,-4.5,0.44136807817589574
P53629,642,6,0.009345794392523364,0.09158878504672895,3.0308524086656052,4.5,-4.5,0.4221183800623053
P39007,718,3,0.004178272980501393,0.32367688022284125,2.9936742716764013,4.5,-4.5,0.44986072423398327
P38374,65,0,0.0,-0.2861538461538462,3.1840891426967075,4.5,-4.5,0.36923076923076925
Q03944,604,11,0.018211920529801324,-0.7230132450331127,3.0755471477613074,4.5,-4.5,0.3029801324503311
Q04697,403,4,0.009925558312655087,-0.32704714640198523,3.1139066867612817,4.5,-4.5,0.3746898263027295
P16661,449,4,0.008908685968819599,0.03518930957683738,3.183778486977323,4.5,-4.5,0.41202672605790647
P53878,407,4,0.009828009828009828,-0.37862407862407865,3.1498309417931023,4.5,-4.5,0.35872235872235875
P32363,452,3,0.00663716814159292,0.006415929203539804,3.1673637854100045,4.5,-4.5,0.40486725663716816
Q05787,833,5,0.006002400960384154,-0.4525810324129652,3.010110404419594,4.5,-4.5,0.3565426170468187
P53906,100,0,0.0,0.2949999999999999,3.2459628771752764,4.5,-4.5,0.47
Q12431,108,1,0.009259259259259259,0.6333333333333333,3.0875796585915234,4.5,-4.5,0.5
P05375,206,2,0.009708737864077669,0.22087378640776692,2.9824407176934074,4.5,-4.5,0.441747572815534
P36039,253,1,0.003952569169960474,-0.0019762845849802513,3.0365422736518477,4.5,-4.5,0.4189723320158103
P38992,349,3,0.008595988538681949,-0.10659025787965624,3.0489205391232974,4.5,-4.5,0.42406876790830944
P32353,365,2,0.005479452054794521,-0.048219178082191845,3.078512068305189,4.5,-4.5,0.40273972602739727
P41733,394,0,0.0,0.8738578680203046,2.975850659443647,4.5,-4.5,0.5177664974619289
P38179,458,0,0.0,0.4290393013100436,3.046504109083888,4.5,-4.5,0.4847161572052402
P40533,473,5,0.010570824524312896,-0.4674418604651163,2.9852698996019926,4.5,-4.5,0.32558139534883723
P21147,510,0,0.0,-0.29254901960784313,3.0271100844342205,4.5,-4.5,0.3627450980392157
P53253,936,9,0.009615384615384616,-0.4247863247863248,3.0772679353276824,4.5,-4.5,0.344017094017094
Q07830,1017,10,0.00983284169124877,0.28112094395280235,3.1042929519755775,4.5,-4.5,0.4385447394296952
P36057,244,1,0.004098360655737705,-0.11352459016393444,3.165843171589559,4.5,-4.5,0.38524590163934425
P20048,519,2,0.0038535645472061657,0.6410404624277455,3.140093097226436,4.5,-4.5,0.48554913294797686
Q03691,256,4,0.015625,-0.45429687500000004,2.791809500461168,4.5,-4.5,0.296875
P40030,148,0,0.0,0.33108108108108114,2.8722778264549507,4.5,-4.5,0.42567567567567566
P53045,309,1,0.003236245954692557,-0.1019417475728156,2.9105315048319955,4.5,-4.5,0.40129449838187703
P33775,817,3,0.0036719706242350062,-0.0024479804161567057,2.983273465168655,4.5,-4.5,0.40024479804161567
P18410,259,2,0.007722007722007722,-0.32084942084942086,3.1799974582487915,4.5,-4.5,0.37065637065637064
Q03530,315,0,0.0,0.4498412698412698,2.969221741901826,4.5,-4.5,0.4507936507936508
P47154,453,4,0.008830022075055188,0.21545253863134664,3.0865269537569877,4.5,-4.5,0.4392935982339956
P25580,416,6,0.014423076923076924,-0.4622596153846154,3.1060956957346617,4.5,-4.5,0.3317307692307692
P40548,159,2,0.012578616352201259,-0.6371069182389936,3.266208801035953,4.5,-4.5,0.33962264150943394
P32341,215,0,0.0,-0.21627906976744185,3.32983205334975,4.5,-4.5,0.4
P38307,211,0,0.0,0.41090047393364937,3.1120503663960126,4.5,-4.5,0.4597156398104265
P53008,833,5,0.006002400960384154,-0.443217286914766,3.050606413977799,4.5,-4.5,0.34213685474189676
P33891,701,8,0.011412268188302425,-0.34593437945791733,3.208476850309968,4.5,-4.5,0.3680456490727532
P33754,206,3,0.014563106796116505,-0.4048543689320388,3.2657795762922386,4.5,-4.5,0.3786407766990291
P35206,410,4,0.00975609756097561,0.3834146341463414,3.0074327515187758,4.5,-4.5,0.44878048780487806
Q99325,256,1,0.00390625,-0.011328125000000022,3.011836771155433,4.5,-4.5,0.39453125
Q08001,693,7,0.010101010101010102,-0.43304473304473307,2.985668818025242,4.5,-4.5,0.3318903318903319
P43560,674,7,0.010385756676557863,-0.6132047477744808,3.008951155962582,4.5,-4.5,0.31750741839762614
P39986,1215,6,0.0049382716049382715,0.010123456790123466,3.079963855471938,4.5,-4.5,0.41646090534979424
P40085,556,1,0.0017985611510791368,-0.08183453237410072,3.2011819222342193,4.5,-4.5,0.40467625899280574
P38878,278,2,0.007194244604316547,-0.50431654676259,3.098917669113207,4.5,-4.5,0.3489208633093525
P40345,661,9,0.01361573373676248,-0.522390317700454,3.017319803186599,4.5,-4.5,0.3328290468986384
Q12205,849,1,0.001177856301531213,-0.4134275618374558,3.1019327775079066,4.5,-4.5,0.3415783274440518
P38755,437,2,0.004576659038901602,-0.5741418764302059,3.0675603210239415,4.5,-4.5,0.3295194508009153
Q03714,838,3,0.003579952267303103,-0.36181384248210025,3.1481210145713825,4.5,-4.5,0.35441527446300713
P40857,217,1,0.004608294930875576,0.7935483870967741,3.0091802455092043,4.5,-4.5,0.5161290322580645
P29704,444,3,0.006756756756756757,-0.10720720720720722,3.231996892328352,4.5,-4.5,0.4144144144144144
P43614,200,1,0.005,0.56,3.1003225638633154,4.5,-4.5,0.485
P38211,433,3,0.006928406466512702,0.42632794457274825,3.0227313793586617,4.5,-4.5,0.45727482678983833
P48559,417,6,0.014388489208633094,-0.5342925659472422,3.105522124378554,4.5,-4.5,0.3381294964028777
Q07904,523,5,0.009560229445506692,0.28967495219885275,3.0228967672851876,4.5,-4.5,0.44550669216061184
P40544,346,3,0.008670520231213872,0.4361271676300578,2.948820872610218,4.5,-4.5,0.4595375722543353
P39719,783,11,0.0140485312899106,0.22413793103448276,3.046643316120568,4.5,-4.5,0.44572158365261816
P53121,802,10,0.012468827930174564,0.10286783042394015,3.032102429360229,4.5,-4.5,0.4251870324189526
P38837,291,1,0.003436426116838488,0.2848797250859107,2.995525569769384,4.5,-4.5,0.45017182130584193
Q04629,336,3,0.008928571428571428,0.17738095238095244,3.093930355607811,4.5,-4.5,0.42857142857142855
Q12745,709,8,0.011283497884344146,-0.26882933709449935,3.1921848167961113,4.5,-4.5,0.38081805359661497
Q03579,150,0,0.0,-0.36133333333333334,3.0307707857169857,4.5,-4.5,0.34
P38242,237,0,0.0,0.310126582278481,3.1596985490210594,4.5,-4.5,0.4472573839662447
P39734,528,4,0.007575757575757576,-0.6875000000000001,2.932213166369441,4.5,-4.5,0.30492424242424243
P43636,503,4,0.007952286282306162,-0.005367793240556637,3.1636401973245527,4.5,-4.5,0.41749502982107356
P25574,760,9,0.011842105263157895,-0.225,3.1534911731202557,4.5,-4.5,0.3671052631578947
Q08215,383,2,0.005221932114882507,-0.05091383812010445,3.2436148081897334,4.5,-4.5,0.4177545691906005
P35179,80,0,0.0,0.008749999999999947,3.3556740660409794,4.5,-4.5,0.4375
Q12160,140,1,0.007142857142857143,-0.04785714285714278,2.928419072691974,4.5,-4.5,0.39285714285714285
P38428,203,1,0.0049261083743842365,-0.5837438423645321,3.0775977090128586,4.5,-4.5,0.3448275862068966
P40540,141,0,0.0,0.020567375886524814,3.1198180918623373,4.5,-4.5,0.41134751773049644
Q12155,161,2,0.012422360248447204,0.41490683229813663,3.1897002561744,4.5,-4.5,0.45962732919254656
P53956,172,2,0.011627906976744186,-0.07906976744186052,3.1229687828072055,4.5,-4.5,0.36627906976744184
P25338,174,0,0.0,0.5235632183908046,3.195321104153245,4.5,-4.5,0.5
Q04969,178,1,0.0056179775280898875,-0.34157303370786524,3.179333157018585,4.5,-4.5,0.37640449438202245
P53073,190,2,0.010526315789473684,-0.2673684210526316,2.91908212341025,4.5,-4.5,0.35789473684210527
Q07451,203,1,0.0049261083743842365,0.21921182266009853,3.250551354438277,4.5,-4.5,0.4630541871921182
Q12346,211,2,0.009478672985781991,-0.1578199052132702,3.0384694615854984,4.5,-4.5,0.38388625592417064
P53224,222,4,0.018018018018018018,-0.1166666666666667,2.9575436707789393,4.5,-4.5,0.36036036036036034
Q04947,295,0,0.0,-0.16474576271186442,3.0213216077401124,4.5,-4.5,0.3864406779661017
Q06107,315,2,0.006349206349206349,0.3276190476190476,3.1443220251323534,4.5,-4.5,0.45396825396825397
Q12443,393,9,0.022900763358778626,-0.6213740458015267,3.0530677259895582,4.5,-4.5,0.31297709923664124
P53730,551,5,0.009074410163339383,0.3978221415607985,3.0402733503077353,4.5,-4.5,0.4573502722323049
P53735,605,12,0.019834710743801654,-0.08066115702479339,3.007858504985214,4.5,-4.5,0.3752066115702479
P53394,754,17,0.022546419098143235,0.1473474801061008,3.060274188700549,4.5,-4.5,0.41114058355437666
P43571,1029,14,0.013605442176870748,0.09125364431486878,3.1225381024049463,4.5,-4.5,0.4198250728862974
P25371,1049,11,0.010486177311725452,-0.0008579599618685058,3.110030089426202,4.5,-4.5,0.4013346043851287
P35723,206,0,0.0,-0.1689320388349516,3.17678255521971,4.5,-4.5,0.3883495145631068
P25358,347,1,0.002881844380403458,0.3585014409221902,3.0566139469359084,4.5,-4.5,0.44668587896253603
P15367,167,1,0.005988023952095809,0.09041916167664674,3.136270975647149,4.5,-4.5,0.4311377245508982
P53896,198,2,0.010101010101010102,0.24797979797979794,3.148668302695595,4.5,-4.5,0.4292929292929293
P25625,357,0,0.0,0.19719887955182067,3.0833960318613736,4.5,-4.5,0.45098039215686275
Q03880,122,0,0.0,-0.12377049180327868,3.1423874519456794,4.5,-4.5,0.4016393442622951
Q04958,1679,31,0.01846337105419893,-0.3230494341870161,2.985374113659662,4.5,-4.5,0.33889219773674806
P38272,425,7,0.01647058823529412,-0.908,2.9558527385112923,4.5,-4.5,0.26823529411764707
P32916,621,7,0.011272141706924315,-0.4829307568438004,3.0730030804415818,4.5,-4.5,0.33816425120772947
P53146,245,0,0.0,-0.5244897959183673,3.115093644364674,4.5,-4.5,0.34285714285714286
P47026,490,4,0.00816326530612245,0.45183673469387753,3.010309953171063,4.5,-4.5,0.4530612244897959
Q08955,156,0,0.0,0.19230769230769232,3.2064346055524693,4.5,-4.5,0.4423076923076923
P41912,237,2,0.008438818565400843,-0.30548523206751055,3.0127877030173886,4.5,-4.5,0.35864978902953587
P48415,2195,30,0.01366742596810934,-0.7611845102505695,2.892320593347688,4.5,-4.5,0.28382687927107064
P53199,349,4,0.011461318051575931,-0.16189111747851004,3.1031655673340834,4.5,-4.5,0.39255014326647564
Q12232,587,6,0.010221465076660987,-0.5063032367972743,3.1491127108215746,4.5,-4.5,0.35093696763202725
P38842,239,1,0.0041841004184100415,0.2828451882845188,2.997320745909186,4.5,-4.5,0.4351464435146444
P38206,574,2,0.003484320557491289,0.40644599303135887,3.1384393661099703,4.5,-4.5,0.4686411149825784
Q03103,563,9,0.015985790408525755,-0.45381882770870335,3.0938199125051202,4.5,-4.5,0.3605683836589698
P40318,1319,6,0.004548900682335102,0.010841546626231982,3.138027050945617,4.5,-4.5,0.41925701288855194
P38875,610,4,0.006557377049180328,-0.16868852459016398,2.9732832078580422,4.5,-4.5,0.37540983606557377
P32339,317,0,0.0,-0.13186119873817037,3.1739814690058057,4.5,-4.5,0.4037854889589905
P32368,623,4,0.006420545746388443,-0.33515248796147673,3.113781348543721,4.5,-4.5,0.36757624398073835
P53223,239,2,0.008368200836820083,0.2598326359832636,3.0626747364072053,4.5,-4.5,0.45188284518828453
P53847,754,8,0.010610079575596816,-0.47413793103448276,3.1867442807587345,4.5,-4.5,0.35809018567639256
Q12284,196,0,0.0,-0.38979591836734706,3.068669518115614,4.5,-4.5,0.37244897959183676
Q12520,339,2,0.0058997050147492625,0.3811209439528023,3.003281967830013,4.5,-4.5,0.46017699115044247
P53954,548,5,0.009124087591240875,-0.17937956204379565,3.122585779578067,4.5,-4.5,0.3777372262773723
P53337,310,6,0.01935483870967742,0.3316129032258065,2.9887046463408375,4.5,-4.5,0.432258064516129
Q08227,384,3,0.0078125,-0.2708333333333333,3.0789072962479542,4.5,-4.5,0.3515625
Q99190,310,2,0.0064516129032258064,0.03935483870967736,3.0805005201646454,4.5,-4.5,0.4129032258064516
Q08109,551,2,0.003629764065335753,-0.08511796733212343,3.1487208151767963,4.5,-4.5,0.39019963702359345
Q3E790,80,0,0.0,0.26749999999999996,2.9894721524041667,4.5,-4.5,0.4375
P40557,701,4,0.005706134094151213,-0.5092724679029957,3.132160208770851,4.5,-4.5,0.34522111269614836
Q06551,359,1,0.002785515320334262,0.019777158774373246,3.080231506589367,4.5,-4.5,0.4011142061281337
P47013,409,3,0.007334963325183374,0.20048899755501218,3.0431533245910254,4.5,-4.5,0.4278728606356968
P40367,830,6,0.007228915662650603,0.3171084337349398,3.0611906220271066,4.5,-4.5,0.4530120481927711
P28496,418,2,0.004784688995215311,0.06363636363636367,3.0718926699841855,4.5,-4.5,0.4138755980861244
P28791,383,1,0.0026109660574412533,-0.3,3.202699579308097,4.5,-4.5,0.381201044386423
P16603,691,2,0.002894356005788712,-0.2532561505065123,3.0417167475461917,4.5,-4.5,0.3704775687409551
Q12006,378,2,0.005291005291005291,-0.27301587301587305,3.029774976323399,4.5,-4.5,0.35714285714285715
Q99287,776,5,0.006443298969072165,-0.404381443298969,3.2160328668862763,4.5,-4.5,0.36597938144329895
P38286,347,2,0.005763688760806916,0.02766570605187318,3.13635115789892,4.5,-4.5,0.41210374639769454
P41800,426,5,0.011737089201877934,-0.3955399061032864,3.06280944621218,4.5,-4.5,0.34976525821596244
P38819,212,1,0.0047169811320754715,-0.300943396226415,3.159785497944825,4.5,-4.5,0.38207547169811323
P39704,215,2,0.009302325581395349,0.14790697674418601,3.1506046360567086,4.5,-4.5,0.42790697674418604
P27825,502,5,0.0099601593625498,-0.3448207171314741,3.0620350802039296,4.5,-4.5,0.350597609561753
Q92316,86,0,0.0,0.6720930232558141,2.813408557653315,4.5,-3.9,0.47674418604651164
P40526,253,2,0.007905138339920948,0.2810276679841897,3.072322532273831,4.5,-4.5,0.4308300395256917
Q02795,286,0,0.0,0.3657342657342657,3.104184067768549,4.5,-4.5,0.46503496503496505
Q03723,332,1,0.0030120481927710845,0.3933734939759035,3.0623369991963374,4.5,-4.5,0.4608433734939759
P48439,350,1,0.002857142857142857,0.4034285714285714,3.0282837599228123,4.5,-4.5,0.4714285714285714
P53868,555,4,0.007207207207207207,0.33549549549549545,3.055165685702958,4.5,-4.5,0.45045045045045046
P30777,616,1,0.0016233766233766235,0.20405844155844152,3.072976013736549,4.5,-4.5,0.4366883116883117
P31382,759,3,0.003952569169960474,-0.05243741765480899,2.9551217214145242,4.5,-4.5,0.38998682476943347
P46971,762,2,0.0026246719160104987,0.013517060367454065,3.024786227946458,4.5,-4.5,0.4041994750656168
P35176,225,1,0.0044444444444444444,-0.2826666666666666,3.097355431116466,4.5,-4.5,0.37333333333333335
Q08199,421,6,0.014251781472684086,-0.45463182897862237,3.207526580511474,4.5,-4.5,0.35629453681710216
P36016,881,7,0.007945516458569807,-0.45346197502837676,3.162864823923255,4.5,-4.5,0.3518728717366629
P22023,1365,12,0.008791208791208791,-0.2655677655677656,3.180787296853628,4.5,-4.5,0.3663003663003663
P38888,796,5,0.00628140703517588,-0.2047738693467337,3.036909021711279,4.5,-4.5,0.3793969849246231
Q12404,318,2,0.006289308176100629,-0.4380503144654088,3.1172827181117637,4.5,-4.5,0.3553459119496855
P17967,522,5,0.009578544061302681,-0.24827586206896557,3.0698707175955624,4.5,-4.5,0.40229885057471265
P25303,377,0,0.0,-0.5275862068965517,3.0083407939849582,4.5,-4.5,0.33156498673740054
P16474,682,0,0.0,-0.3183284457478006,3.140656882191078,4.5,-4.5,0.3724340175953079
P38138,954,11,0.011530398322851153,-0.33584905660377357,3.055368503143991,4.5,-4.5,0.3553459119496855
Q12025,205,1,0.004878048780487805,-0.32975609756097574,3.0682866338301693,4.5,-4.5,0.37073170731707317
P47133,292,1,0.003424657534246575,-0.2195205479452055,3.194429404788987,4.5,-4.5,0.4041095890410959
P38349,436,4,0.009174311926605505,-0.8653669724770644,3.059556783157962,4.5,-4.5,0.29128440366972475
P38694,644,3,0.004658385093167702,-0.112888198757764,3.042117149531825,4.5,-4.5,0.3944099378881988
Q08960,810,4,0.0049382716049382715,-0.45160493827160497,3.0023864815621213,4.5,-4.5,0.337037037037037
Q04924,702,7,0.009971509971509971,-0.5575498575498576,3.11770401534307,4.5,-4.5,0.34045584045584043
P53178,202,2,0.009900990099009901,-0.025247524752475246,3.137241360586253,4.5,-4.5,0.400990099009901
P21957,404,2,0.0049504950495049506,-0.9797029702970297,3.0645907954336287,4.5,-4.5,0.2896039603960396
P40004,342,3,0.008771929824561403,0.37719298245614036,3.0968490424942474,4.5,-4.5,0.4502923976608187
Q99316,277,1,0.0036101083032490976,-0.47725631768953064,3.162178746001855,4.5,-4.5,0.35018050541516244
Q04491,297,2,0.006734006734006734,-0.3427609427609428,2.9874411288604823,4.5,-4.5,0.3333333333333333
P38968,1273,20,0.015710919088766692,-0.5062843676355067,2.8614881571885786,4.5,-4.5,0.32050274941084056
Q08444,459,4,0.008714596949891068,-0.8620915032679739,3.022674079118859,4.5,-4.5,0.3006535947712418
P32567,862,14,0.016241299303944315,-0.6895591647331786,2.955643866255362,4.5,-4.5,0.2865429234338747
Q04311,632,2,0.0031645569620253164,-0.8575949367088608,3.0823773149750986,4.5,-4.5,0.31329113924050633
P40970,561,3,0.0053475935828877,-0.16737967914438504,3.0800702147610215,4.5,-4.5,0.38146167557932265
Q05040,523,5,0.009560229445506692,-0.4548757170172084,3.2072679971568085,4.5,-4.5,0.3403441682600382
Q04201,117,0,0.0,-0.3504273504273504,3.0903385130214973,4.5,-4.5,0.37606837606837606
Q06677,668,9,0.01347305389221557,-0.7101796407185629,2.975964287551701,4.5,-4.5,0.3008982035928144
P38688,640,8,0.0125,-0.5014062499999999,3.2205562248563426,4.5,-4.5,0.3546875
Q12746,312,3,0.009615384615384616,-0.20256410256410257,3.1018180921292102,4.5,-4.5,0.358974358974359
P41821,548,16,0.029197080291970802,-0.1602189781021898,2.896055955611699,4.5,-4.5,0.3594890510948905
P36018,234,1,0.004273504273504274,-0.629059829059829,3.094385868375725,4.5,-4.5,0.3162393162393162
P22214,214,0,0.0,-0.3093457943925233,3.1259699865900425,4.5,-4.5,0.37383177570093457
Q03630,159,0,0.0,-0.32515723270440255,3.0244073914764686,4.5,-4.5,0.34591194968553457
P38334,175,3,0.017142857142857144,-0.41371428571428576,3.0181991657413256,4.5,-4.5,0.34285714285714286
P36149,193,4,0.02072538860103627,-0.16528497409326423,3.17737908851897,4.5,-4.5,0.39378238341968913
Q03784,219,4,0.0182648401826484,-0.48219178082191794,3.008011029885725,4.5,-4.5,0.3333333333333333
Q99394,268,1,0.0037313432835820895,-0.38619402985074625,3.2012817616661455,4.5,-4.5,0.3582089552238806
Q03337,283,4,0.014134275618374558,-0.3466431095406361,2.9595412636088994,4.5,-4.5,0.3498233215547703
P43555,445,0,0.0,-0.4096629213483146,3.109199271693129,4.5,-4.5,0.350561797752809
P40107,337,5,0.01483679525222552,0.655192878338279,2.9120100293215274,4.5,-4.5,0.49851632047477745
P22804,142,3,0.02112676056338028,-0.28169014084507055,2.898411894403745,4.5,-4.5,0.352112676056338
P25385,244,1,0.004098360655737705,-0.515983606557377,3.0918637702042675,4.5,-4.5,0.3401639344262295
P36125,273,2,0.007326007326007326,0.2641025641025641,3.093422186615568,4.5,-4.5,0.4432234432234432
P11655,471,7,0.014861995753715499,-0.15711252653927812,3.0693172588249644,4.5,-4.5,0.37154989384288745
P25641,520,3,0.0057692307692307696,-0.3057692307692308,2.9096929167564207,4.5,-4.5,0.34807692307692306
P54837,211,2,0.009478672985781991,-0.25592417061611383,3.301486161680296,4.5,-4.5,0.3886255924170616
P36051,919,8,0.008705114254624592,0.2351468988030468,3.078585298089939,4.5,-4.5,0.42872687704026113
Q12382,290,3,0.010344827586206896,0.2062068965517241,3.025186701326626,4.5,-4.5,0.4206896551724138
P53173,138,0,0.0,0.6876811594202897,3.112840468510819,4.5,-4.5,0.5434782608695652
P39727,415,0,0.0,-0.3997590361445783,3.0307778539127126,4.5,-4.5,0.3542168674698795
Q04651,352,0,0.0,-0.1713068181818182,3.115622383678867,4.5,-4.5,0.38636363636363635
P53192,235,1,0.00425531914893617,-0.12936170212765966,3.1142960710420162,4.5,-4.5,0.4085106382978723
Q02896,317,0,0.0,0.4018927444794953,3.0198705052737673,4.5,-4.5,0.43217665615141954
P41806,77,0,0.0,0.6935064935064935,3.1746699455132092,4.5,-4.5,0.5584415584415584
P38221,457,3,0.006564551422319475,0.38752735229759305,3.0583669023202704,4.5,-4.5,0.4617067833698031
P31755,480,4,0.008333333333333333,-0.5191666666666667,3.0370296846681555,4.5,-4.5,0.3229166666666667
Q06096,861,12,0.013937282229965157,-0.26910569105691057,3.2217247116644314,4.5,-4.5,0.38443670150987225
P53845,314,3,0.009554140127388535,0.03789808917197449,3.030008625378641,4.5,-4.5,0.40764331210191085
P32803,203,0,0.0,-0.2197044334975369,3.1082293299904458,4.5,-4.5,0.37438423645320196
P17695,143,2,0.013986013986013986,0.024475524475524525,3.187480246108361,4.5,-4.5,0.4195804195804196
Q02969,394,6,0.015228426395939087,-0.267766497461929,3.159475569522666,4.5,-4.5,0.3680203045685279
Q04018,355,0,0.0,-0.3515492957746479,2.6848383107018154,4.5,-4.5,0.3154929577464789
P40023,145,0,0.0,-1.0475862068965516,2.7729750675631744,4.5,-4.5,0.2689655172413793
P48235,211,3,0.014218009478672985,-0.7909952606635071,2.9447945003457607,4.5,-4.5,0.27014218009478674
Q08471,629,7,0.011128775834658187,-0.7491255961844197,2.781180228671415,4.5,-4.5,0.27503974562798095
Q04433,528,3,0.005681818181818182,-0.06458333333333335,2.4820750224958914,4.5,-4.5,0.32386363636363635
P38886,268,1,0.0037313432835820895,-0.507089552238806,3.0935878133882957,4.5,-4.5,0.35447761194029853
P04801,734,3,0.004087193460490463,-0.5475476839237058,3.082810429491896,4.5,-4.5,0.3474114441416894
P40034,492,3,0.006097560975609756,-0.5386178861788617,3.1242450340603596,4.5,-4.5,0.3394308943089431
P40025,321,2,0.006230529595015576,-0.52398753894081,3.2072956630547345,4.5,-4.5,0.34890965732087226
P43598,195,2,0.010256410256410256,-1.018974358974359,2.725905913751351,4.5,-4.5,0.2512820512820513
P39958,451,2,0.004434589800443459,-0.3911308203991131,3.076945429806641,4.5,-4.5,0.3436807095343681
P35691,167,0,0.0,-0.32574850299401203,3.0921566621011944,4.5,-4.5,0.38323353293413176
P47172,347,1,0.002881844380403458,-0.2933717579250721,3.1188904565950772,4.5,-4.5,0.3573487031700288
P38081,501,2,0.003992015968063872,-0.6159680638722556,3.0086277319268673,4.5,-4.5,0.313373253493014
Q12307,118,2,0.01694915254237288,-0.20000000000000004,2.9418373135951987,4.5,-4.5,0.3813559322033898
P25299,296,4,0.013513513513513514,-0.5226351351351352,3.067505338546091,4.5,-4.5,0.34459459459459457
Q08237,289,4,0.01384083044982699,-0.7173010380622837,3.106346609024313,4.5,-4.5,0.31833910034602075
Q01684,191,1,0.005235602094240838,-0.44659685863874343,3.0118572725391886,4.5,-4.5,0.3507853403141361
P25359,394,2,0.005076142131979695,-0.23375634517766497,3.1711104880521517,4.5,-4.5,0.37817258883248733
P31381,517,5,0.009671179883945842,0.26266924564796906,3.058972127476002,4.5,-4.5,0.437137330754352
P40553,215,2,0.009302325581395349,-0.5767441860465117,3.156863118431445,4.5,-4.5,0.34418604651162793
P37261,193,0,0.0,-0.17150259067357518,3.0240257834734905,4.5,-4.5,0.38860103626943004
P40896,331,0,0.0,-0.09456193353474324,3.0209591179603543,4.5,-4.5,0.40181268882175225
P53287,111,1,0.009009009009009009,-0.473873873873874,3.3608158520364375,4.5,-4.5,0.3783783783783784
P50091,288,5,0.017361111111111112,-0.890625,2.9643042369795647,4.5,-4.5,0.2743055555555556
P38820,440,4,0.00909090909090909,-0.28795454545454546,3.124502200020651,4.5,-4.5,0.3659090909090909
Q12140,328,0,0.0,-0.536280487804878,2.2492127770507935,4.5,-4.5,0.18902439024390244
P38822,633,8,0.01263823064770932,-0.8178515007898893,2.970749523255488,4.5,-4.5,0.2859399684044234
P47150,247,1,0.004048582995951417,-0.4327935222672065,3.069033246924391,4.5,-4.5,0.3724696356275304
Q02770,301,1,0.0033222591362126247,-0.8063122923588041,3.144820139496447,4.5,-4.5,0.3222591362126246
Q02457,562,11,0.019572953736654804,-0.4784697508896797,3.014410668719505,4.5,-4.5,0.3291814946619217
P53286,410,5,0.012195121951219513,-0.9709756097560976,3.0624892671812316,4.5,-4.5,0.29024390243902437
P46949,817,16,0.019583843329253364,-1.2494492044063648,2.739440001235585,4.5,-4.5,0.2141982864137087
P19955,123,0,0.0,-0.18536585365853653,3.035847691768234,4.5,-4.5,0.3902439024390244
Q08417,382,3,0.007853403141361256,0.4701570680628272,3.008748061369644,4.5,-4.5,0.4712041884816754
P32496,274,4,0.014598540145985401,-0.4332116788321168,3.1661575953663017,4.5,-4.5,0.36496350364963503
P53195,279,7,0.025089605734767026,-0.4982078853046595,3.0781395395407367,4.5,-4.5,0.32974910394265233
P53188,120,1,0.008333333333333333,-1.6174999999999997,3.0022120317081757,4.5,-4.5,0.26666666666666666
P05373,342,0,0.0,-0.08596491228070177,3.0753275067255283,4.5,-4.5,0.41228070175438597
P27999,122,0,0.0,-0.6631147540983607,3.055771234776994,4.5,-4.5,0.3360655737704918
Q08842,122,0,0.0,-0.02868852459016395,3.4551572170867053,4.5,-4.5,0.45081967213114754
P38880,579,4,0.0069084628670120895,-0.2127806563039724,3.167343466392467,4.5,-4.5,0.37823834196891193
Q12172,810,11,0.013580246913580247,-0.35827160493827165,3.0655532560594883,4.5,-4.5,0.3530864197530864
Q07684,458,6,0.013100436681222707,-0.3934497816593887,2.9489989232322285,4.5,-4.5,0.34279475982532753
P50113,272,1,0.003676470588235294,0.07316176470588234,3.0736989601067943,4.5,-4.5,0.41911764705882354
P22855,1083,7,0.006463527239150508,-0.5000923361034164,3.025336224496781,4.5,-4.5,0.32871652816251157
Q12292,412,4,0.009708737864077669,-0.37548543689320385,3.0968596695515136,4.5,-4.5,0.3470873786407767
P46963,296,1,0.0033783783783783786,-0.6668918918918918,3.0499532232459425,4.5,-4.5,0.3141891891891892
P06843,333,0,0.0,-1.4798798798798798,2.8420243996619483,4.5,-4.5,0.22522522522522523
P53754,272,3,0.011029411764705883,-0.48161764705882354,3.2168833612191445,4.5,-4.5,0.35661764705882354
P20134,766,8,0.010443864229765013,-0.7481723237597911,2.783397355237885,4.5,-4.5,0.283289817232376
Q08786,185,2,0.010810810810810811,0.7908108108108107,2.839560661086717,4.5,-4.5,0.5351351351351351
Q02608,121,0,0.0,-0.3297520661157025,3.2463748282208034,4.5,-4.5,0.371900826446281
Q12498,284,1,0.0035211267605633804,-0.372887323943662,3.148899445790302,4.5,-4.5,0.352112676056338
P40188,164,0,0.0,-0.948170731707317,3.0779204367158557,4.5,-4.5,0.29878048780487804
P06774,265,0,0.0,-1.0513207547169812,2.808761250986089,4.5,-4.5,0.2830188679245283
P46655,708,4,0.005649717514124294,-0.4581920903954802,3.1790856282943736,4.5,-4.5,0.3686440677966102
P53053,380,3,0.007894736842105263,-0.10526315789473692,3.0284916663007655,4.5,-4.5,0.39210526315789473
Q05899,129,0,0.0,0.1317829457364341,3.2134403910273326,4.5,-4.5,0.4263565891472868
P53207,620,5,0.008064516129032258,-0.928709677419355,3.065660210887049,4.5,-4.5,0.2967741935483871
Q12098,748,11,0.014705882352941176,-0.7675133689839571,3.0363309406868138,4.5,-4.5,0.2967914438502674
P53222,116,2,0.017241379310344827,-0.9327586206896552,2.877252516756968,4.5,-4.5,0.2672413793103448
P53226,547,9,0.016453382084095063,-0.572760511882998,2.935642448311331,4.5,-4.5,0.3053016453382084
Q12058,100,0,0.0,0.18600000000000005,3.079253805713326,4.5,-4.5,0.43
P53044,361,4,0.0110803324099723,-0.40969529085872586,3.0150205993710166,4.5,-4.5,0.34349030470914127
P53233,369,0,0.0,-0.42845528455284554,3.016005730727932,4.5,-4.5,0.34959349593495936
Q12274,175,0,0.0,-0.11257142857142867,3.0276745841908275,4.5,-4.5,0.35428571428571426
P39534,108,0,0.0,-0.325,3.0070018598572874,4.5,-4.5,0.3425925925925926
P53244,586,4,0.006825938566552901,-0.3515358361774744,3.05692399817644,4.5,-4.5,0.3395904436860068
P47038,131,1,0.007633587786259542,0.5152671755725191,2.7103272465846344,4.5,-4.5,0.4580152671755725
P40260,492,3,0.006097560975609756,0.21727642276422765,2.883173482483238,4.5,-4.5,0.42073170731707316
P53317,196,2,0.01020408163265306,-1.1964285714285712,2.943678370158461,4.5,-4.5,0.27040816326530615
P32618,956,26,0.027196652719665274,-0.6839958158995816,2.900419305998722,4.5,-4.5,0.2918410041841004
P45819,413,4,0.009685230024213076,-0.9753026634382567,2.8602088035526823,4.5,-4.5,0.2687651331719128
P14904,514,3,0.005836575875486381,-0.3352140077821012,3.0631081549606862,4.5,-4.5,0.3540856031128405
P38615,370,4,0.010810810810810811,-0.3737837837837838,3.1581108374087594,4.5,-4.5,0.3621621621621622
P53043,513,4,0.007797270955165692,-0.44795321637426905,3.0702497345507824,4.5,-4.5,0.38011695906432746
P53122,345,5,0.014492753623188406,-0.5982608695652174,3.1131320528245956,4.5,-4.5,0.33043478260869563
P35192,417,2,0.004796163069544364,-0.521822541966427,2.923858450249221,4.5,-4.5,0.33093525179856115
Q06631,534,3,0.0056179775280898875,-1.0335205992509362,3.0822950923123056,4.5,-4.5,0.2902621722846442
P48236,432,3,0.006944444444444444,-0.12731481481481483,3.10205192140845,4.5,-4.5,0.39351851851851855
P27476,414,2,0.004830917874396135,-1.288647342995169,2.52831149977297,4.5,-4.5,0.18840579710144928
Q02804,198,0,0.0,-0.3414141414141414,3.21926053686937,4.5,-4.5,0.3686868686868687
P53292,345,2,0.005797101449275362,-0.72,3.013078737481128,4.5,-4.5,0.2927536231884058
P40917,295,3,0.010169491525423728,-0.7433898305084746,2.9040851473308127,4.5,-4.5,0.2983050847457627
Q12034,447,11,0.024608501118568233,-1.1404921700223714,2.8017879764805933,4.5,-4.5,0.2348993288590604
P38828,187,4,0.0213903743315508,-0.441711229946524,3.2843288999472886,4.5,-4.5,0.33689839572192515
P32379,260,0,0.0,-0.2988461538461539,3.045646106674344,4.5,-4.5,0.38076923076923075
P53303,486,2,0.00411522633744856,-0.5722222222222223,3.1041903843654355,4.5,-4.5,0.34156378600823045
P40106,250,0,0.0,-0.282,3.077316363326982,4.5,-4.5,0.388
P53116,101,0,0.0,1.115841584158416,2.7386754286730093,4.5,-4.5,0.5742574257425742
Q06673,1274,23,0.01805337519623234,-0.3547880690737834,3.0197538798909886,4.5,-4.5,0.34222919937205654
Q08550,464,5,0.010775862068965518,-1.0644396551724138,3.0466641078421612,4.5,-4.5,0.28448275862068967
P34758,872,18,0.020642201834862386,-0.8912844036697248,2.84783310539413,4.5,-4.5,0.26146788990825687
Q02786,101,1,0.009900990099009901,0.37029702970297024,3.0180822891121717,4.5,-4.5,0.48514851485148514
Q12395,269,0,0.0,-0.5330855018587359,3.1105143307194973,4.5,-4.5,0.34572490706319703
P38262,535,4,0.007476635514018692,-0.2899065420560747,3.0685396372353257,4.5,-4.5,0.34392523364485983
Q08912,624,8,0.01282051282051282,-0.3953525641025641,3.019768341650898,4.5,-4.5,0.35096153846153844
P53310,102,0,0.0,0.5715686274509804,3.129066059090638,4.5,-4.5,0.49019607843137253
P39970,489,7,0.014314928425357873,-0.7437627811860941,2.91826750452744,4.5,-4.5,0.3067484662576687
P53316,781,11,0.014084507042253521,-0.8160051216389244,2.924699429927033,4.5,-4.5,0.27784891165172854
Q05080,669,7,0.01046337817638266,-0.8100149476831091,2.9739433691155437,4.5,-4.5,0.2929745889387145
Q12225,109,2,0.01834862385321101,-0.02752293577981657,3.210700902633442,4.5,-4.5,0.4036697247706422
P00924,437,1,0.002288329519450801,-0.17963386727688785,3.0345262435341374,4.5,-4.5,0.39816933638443935
P40325,198,1,0.005050505050505051,-1.041919191919192,2.6028171128150714,4.5,-4.5,0.2222222222222222
P53327,1967,5,0.002541942043721403,-0.23263853584138283,3.1645504524080166,4.5,-4.5,0.3863751906456533
P53331,553,6,0.0108499095840868,-0.4549728752260398,3.1989286250664724,4.5,-4.5,0.34900542495479203
Q03177,834,10,0.011990407673860911,-0.6994004796163069,2.9552557944853266,4.5,-4.5,0.29856115107913667
P53336,341,1,0.002932551319648094,-0.39618768328445747,3.0879032945615124,4.5,-4.5,0.3519061583577713
P32527,433,3,0.006928406466512702,-0.8732101616628176,3.0100559860196876,4.5,-4.5,0.3348729792147806
P38753,452,4,0.008849557522123894,-0.7349557522123894,3.016249392253933,4.5,-4.5,0.31194690265486724
P38751,150,0,0.0,-0.12533333333333332,3.12453061363712,4.5,-4.5,0.38
P47028,122,0,0.0,0.2540983606557377,3.1701773116099505,4.5,-4.5,0.4426229508196721
P38795,714,6,0.008403361344537815,-0.19859943977591038,3.0973510412293805,4.5,-4.5,0.3865546218487395
P13434,144,2,0.013888888888888888,-0.7027777777777777,3.0117350214629064,4.5,-4.5,0.3263888888888889
P38700,605,6,0.009917355371900827,-0.5462809917355372,3.1973139895058673,4.5,-4.5,0.3371900826446281
P23180,465,2,0.004301075268817204,-0.4976344086021505,3.037764952947098,4.5,-4.5,0.33763440860215055
Q99188,309,9,0.02912621359223301,-0.7902912621359224,2.9829021259773,4.5,-4.5,0.2912621359223301
P32179,357,1,0.0028011204481792717,-0.22997198879551828,3.103458493530099,4.5,-4.5,0.37254901960784315
P38734,546,0,0.0,0.6824175824175824,2.9491201918896093,4.5,-4.5,0.489010989010989
P38758,523,2,0.0038240917782026767,-0.3795411089866157,2.9903129420078893,4.5,-4.5,0.33078393881453155
P53141,149,0,0.0,-0.39932885906040266,3.1540428225931,4.5,-4.5,0.3624161073825503
Q06139,101,1,0.009900990099009901,-0.5475247524752475,3.044507928486152,4.5,-4.5,0.33663366336633666
P49687,1317,18,0.01366742596810934,-0.4626423690205011,2.9619943932323234,4.5,-4.5,0.32725892179195143
P38772,366,4,0.01092896174863388,-0.8587431693989072,3.0159444332991985,4.5,-4.5,0.30601092896174864
Q01574,713,6,0.008415147265077139,-0.2719495091164095,3.010966163423689,4.5,-4.5,0.35624123422159887
P34162,210,1,0.004761904761904762,-0.0076190476190476425,3.0359652183871004,4.5,-4.5,0.4
P00560,416,0,0.0,-0.10600961538461541,3.1194161559102205,4.5,-4.5,0.40625
Q06704,911,9,0.009879253567508232,-1.102085620197585,3.1223893221997594,4.5,-4.5,0.27991218441273324
Q08490,590,13,0.022033898305084745,-1.0671186440677964,2.9083637725327987,4.5,-4.5,0.2423728813559322
P38775,560,5,0.008928571428571428,-0.07553571428571434,3.0772827877638003,4.5,-4.5,0.38035714285714284
P36165,910,8,0.008791208791208791,-0.48384615384615387,3.0569920823770507,4.5,-4.5,0.33076923076923076
P38781,883,14,0.015855039637599093,-0.3362400906002265,3.1500058992737716,4.5,-4.5,0.3725934314835787
P38787,379,5,0.013192612137203167,-0.19788918205804748,3.1396596253284006,4.5,-4.5,0.39313984168865435
Q07811,101,1,0.009900990099009901,0.5514851485148514,2.892962230586707,4.5,-4.5,0.46534653465346537
P38810,929,11,0.011840688912809472,-0.22852529601722282,3.053003969809452,4.5,-4.5,0.36598493003229277
Q12328,207,0,0.0,-0.07777777777777775,2.7323414405448547,4.5,-4.5,0.391304347826087
P11433,854,18,0.02107728337236534,-0.47763466042154573,3.0633863382145115,4.5,-4.5,0.3372365339578454
Q12135,159,2,0.012578616352201259,0.8723270440251572,2.8475502425081536,4.5,-4.5,0.5408805031446541
P40052,210,5,0.023809523809523808,-1.0976190476190477,2.6992669282813395,4.5,-4.5,0.21904761904761905
P22517,447,3,0.006711409395973154,-0.4228187919463087,3.183580374471593,4.5,-4.5,0.35570469798657717
Q07623,225,1,0.0044444444444444444,-1.2271111111111113,3.0370340957528663,4.5,-4.5,0.26666666666666666
Q02793,397,5,0.012594458438287154,-0.2664987405541562,2.9691972103038218,4.5,-4.5,0.3602015113350126
P06104,172,0,0.0,-0.822093023255814,2.9494146507475594,4.5,-4.5,0.31976744186046513
Q12379,170,1,0.0058823529411764705,-0.9952941176470588,2.790231105012121,4.5,-4.5,0.27647058823529413
P53070,669,5,0.007473841554559043,-0.2053811659192825,3.1093764912164596,4.5,-4.5,0.3796711509715994
P36131,295,2,0.006779661016949152,-0.665084745762712,3.1971864606251224,4.5,-4.5,0.33220338983050846
P53834,153,1,0.006535947712418301,-0.4934640522875816,3.135745279492275,4.5,-4.5,0.3202614379084967
P53048,616,4,0.006493506493506494,0.1248376623376623,2.9535830056135346,4.5,-4.5,0.42207792207792205
P53285,467,2,0.004282655246252677,-0.530406852248394,2.959443283016591,4.5,-4.5,0.3169164882226981
P53246,860,17,0.019767441860465116,-0.27244186046511626,3.1608868478995644,4.5,-4.5,0.36046511627906974
P05743,127,0,0.0,-0.5582677165354333,3.269820023096985,4.5,-4.5,0.3543307086614173
P38773,246,0,0.0,-0.23292682926829267,3.0894412975862497,4.5,-4.5,0.3780487804878049
P36077,127,0,0.0,-0.19921259842519684,3.018955757904997,4.5,-4.5,0.4015748031496063
Q07442,638,8,0.012539184952978056,-0.8387147335423197,3.0191223750434917,4.5,-4.5,0.29310344827586204
Q08144,397,6,0.015113350125944584,-0.7163727959697732,3.1930432791357126,4.5,-4.5,0.3350125944584383
P40554,99,1,0.010101010101010102,-0.09999999999999995,3.2858435259104586,4.5,-4.5,0.37373737373737376
P06775,603,6,0.009950248756218905,0.29850746268656714,2.962375636904174,4.5,-4.5,0.439469320066335
P40218,412,3,0.007281553398058253,-0.08276699029126222,3.082595853843585,4.5,-4.5,0.41019417475728154
P53247,123,2,0.016260162601626018,0.9219512195121949,2.857781747780202,4.5,-4.5,0.5528455284552846
P53937,143,0,0.0,-0.31468531468531463,3.098543714831438,4.5,-4.5,0.3706293706293706
P53249,370,7,0.01891891891891892,-0.5816216216216217,2.904998035551751,4.5,-4.5,0.31351351351351353
P22204,572,8,0.013986013986013986,-0.5944055944055944,3.0275547201900292,4.5,-4.5,0.3321678321678322
P48361,1146,20,0.017452006980802792,-0.6821116928446772,2.8485021460727227,4.5,-4.5,0.2905759162303665
P42938,290,0,0.0,-0.4144827586206897,3.088822547907431,4.5,-4.5,0.33448275862068966
P05318,106,1,0.009433962264150943,-0.02452830188679241,2.9117786602316005,4.5,-3.9,0.44339622641509435
Q02724,621,8,0.01288244766505636,-0.9272141706924317,3.0458202612156415,4.5,-4.5,0.2834138486312399
P17423,357,1,0.0028011204481792717,-0.05546218487394957,3.017401375504251,4.5,-4.5,0.38935574229691877
Q04048,859,6,0.006984866123399301,-0.3660069848661234,3.128755699654977,4.5,-4.5,0.3620488940628638
P04397,699,9,0.012875536480686695,-0.3383404864091559,3.034176447849899,4.5,-4.5,0.3490701001430615
P38692,1080,21,0.019444444444444445,-0.6103703703703705,2.8679008731790825,4.5,-4.5,0.29074074074074074
Q02732,369,2,0.005420054200542005,-0.46476964769647694,3.2432051150802246,4.5,-4.5,0.35772357723577236
P40164,858,9,0.01048951048951049,-0.4315850815850817,3.1746948983022887,4.5,-4.5,0.3484848484848485
P39563,99,0,0.0,-0.29696969696969694,2.846420915708841,4.5,-4.5,0.36363636363636365
P38252,199,5,0.02512562814070352,0.04924623115577884,3.005503650913042,4.5,-4.5,0.38190954773869346
P38264,188,0,0.0,-0.16648936170212764,3.0375127028704902,4.5,-4.5,0.39361702127659576
P38265,245,1,0.004081632653061225,-0.16571428571428576,3.11840618631652,4.5,-4.5,0.3795918367346939
P53979,125,1,0.008,0.4096,3.197734798259543,4.5,-4.5,0.504
P23900,669,6,0.008968609865470852,-0.46965620328849034,2.8483320640290026,4.5,-4.5,0.32884902840059793
P38291,140,1,0.007142857142857143,-0.537142857142857,3.1688065093781836,4.5,-4.5,0.3357142857142857
Q07648,150,0,0.0,-0.18000000000000008,3.2156906982274687,4.5,-4.5,0.3933333333333333
Q12421,196,2,0.01020408163265306,-0.6724489795918368,3.1326874624183048,4.5,-4.5,0.3112244897959184
Q05503,100,0,0.0,0.38000000000000006,3.20374780530553,4.5,-4.5,0.45
P40068,799,18,0.02252816020025031,-0.8911138923654568,2.7570882385659683,4.5,-4.5,0.26032540675844806
P32645,267,3,0.011235955056179775,-0.8584269662921348,3.120002244384722,4.5,-4.5,0.299625468164794
P43577,159,0,0.0,-0.24088050314465412,3.2045214487158997,4.5,-4.5,0.3710691823899371
P46986,105,1,0.009523809523809525,-0.0666666666666667,3.079290786209017,4.5,-4.5,0.4
P0C0W1,130,0,0.0,-0.17384615384615384,3.254359297599118,4.5,-4.5,0.3923076923076923
Q06148,342,2,0.005847953216374269,-0.4374269005847954,3.169279132746856,4.5,-4.5,0.3538011695906433
P32588,453,1,0.002207505518763797,-0.8450331125827815,2.914741903349586,4.5,-4.5,0.304635761589404
P53135,668,11,0.016467065868263474,-0.7461077844311378,3.1179795105009074,4.5,-4.5,0.30538922155688625
P50896,841,15,0.0178359096313912,-0.7916765755053508,2.9769909825827088,4.5,-4.5,0.29607609988109396
P32505,525,5,0.009523809523809525,-0.8028571428571428,2.9414235990614555,4.5,-4.5,0.3219047619047619
P28007,205,1,0.004878048780487805,-0.6834146341463416,2.7714076811966146,4.5,-4.5,0.2634146341463415
P36102,679,16,0.023564064801178203,-0.33622974963181157,3.032166470107369,4.5,-4.5,0.34167893961708395
P34217,668,18,0.02694610778443114,-0.7956586826347305,2.871660364453275,4.5,-4.5,0.28293413173652693
P38126,564,6,0.010638297872340425,-0.2136524822695036,3.1952993166842845,4.5,-4.5,0.375886524822695
P38913,306,2,0.006535947712418301,-0.3529411764705883,3.0363604551392207,4.5,-4.5,0.35294117647058826
P32626,227,2,0.00881057268722467,-0.2955947136563877,3.05946613257276,4.5,-4.5,0.36123348017621143
P39961,794,7,0.008816120906801008,-0.19483627204030227,3.0914134818497545,4.5,-4.5,0.3879093198992443
P43604,169,4,0.023668639053254437,-0.39349112426035493,2.9453029904481003,4.5,-4.5,0.33727810650887574
P40542,124,0,0.0,-0.09354838709677424,3.1053217052054336,4.5,-4.5,0.3790322580645161
P40537,1034,18,0.017408123791102514,-0.7169245647969051,3.0395449464906745,4.5,-4.5,0.29497098646034814
Q06158,115,0,0.0,0.5643478260869564,3.1215991248730703,4.5,-4.5,0.48695652173913045
Q06168,426,3,0.007042253521126761,-0.6762910798122065,3.12338992885405,4.5,-4.5,0.33098591549295775
P53728,308,2,0.006493506493506494,-0.42954545454545456,3.110028362694632,4.5,-4.5,0.34415584415584416
P39711,94,1,0.010638297872340425,-0.2351063829787235,3.17546134851563,4.5,-4.5,0.40425531914893614
P43563,287,0,0.0,-0.49198606271777007,3.009445969792766,4.5,-4.5,0.34843205574912894
P47059,104,2,0.019230769230769232,0.17115384615384613,3.069755473753415,4.5,-4.5,0.4423076923076923
P37296,890,2,0.0022471910112359553,-0.05471910112359552,3.1060081646461635,4.5,-4.5,0.40898876404494383
P53877,555,4,0.007207207207207207,-0.29027027027027025,3.126684759391589,4.5,-4.5,0.3567567567567568
P33334,2413,19,0.007874015748031496,-0.46763365105677585,3.0979494165837136,4.5,-4.5,0.3464566929133858
Q12243,111,0,0.0,0.31171171171171164,2.860471161931407,4.5,-4.5,0.42342342342342343
P38041,980,12,0.012244897959183673,-0.893061224489796,2.8084117118382657,4.5,-4.5,0.2571428571428571
P40361,888,3,0.0033783783783783786,-0.5037162162162162,3.06740671210793,4.5,-4.5,0.32882882882882886
P08536,511,4,0.007827788649706457,-0.2876712328767123,3.1529914130578107,4.5,-4.5,0.3639921722113503
P38318,560,7,0.0125,0.3244642857142857,3.0098276051977138,4.5,-4.5,0.42678571428571427
P14120,105,0,0.0,0.020952380952380938,3.0714567735877614,4.5,-4.5,0.3904761904761905
P38301,280,1,0.0035714285714285713,0.5446428571428571,2.936477459891184,4.5,-4.5,0.5107142857142857
Q01590,340,10,0.029411764705882353,-0.6820588235294118,3.1365213771758307,4.5,-4.5,0.3352941176470588
P38817,585,11,0.018803418803418803,-0.41863247863247866,3.049950792928801,4.5,-4.5,0.358974358974359
P32319,1579,9,0.005699810006333122,-0.4777074097530082,2.9768236384703086,4.5,-4.5,0.3299556681443952
Q06815,381,4,0.010498687664041995,-0.4973753280839895,3.0371874401809436,4.5,-4.5,0.32545931758530183
P13134,814,5,0.006142506142506142,-0.4708845208845208,2.921091639695673,4.5,-4.5,0.3144963144963145
Q12071,889,10,0.01124859392575928,-0.4546681664791902,3.157768132803639,4.5,-4.5,0.34870641169853767
Q05919,439,4,0.009111617312072893,-0.252619589977221,3.221020964456129,4.5,-4.5,0.3712984054669704
P47061,822,9,0.010948905109489052,-0.4102189781021898,3.136763825980602,4.5,-4.5,0.3588807785888078
P22219,1454,15,0.01031636863823934,-0.11808803301237965,3.1939715271189586,4.5,-4.5,0.3885832187070151
Q03322,224,3,0.013392857142857142,-0.7058035714285713,3.2809395807976087,4.5,-4.5,0.34375
P38745,532,4,0.007518796992481203,0.12161654135338347,3.064200704624719,4.5,-4.5,0.4266917293233083
Q08754,746,8,0.010723860589812333,-0.16487935656836458,3.1533121952097556,4.5,-4.5,0.39946380697050937
P40955,746,6,0.00804289544235925,-0.2339142091152815,3.146088249579351,4.5,-4.5,0.37667560321715815
Q12114,671,7,0.010432190760059613,-0.8514157973174368,2.9765992845917495,4.5,-4.5,0.28763040238450077
P36116,164,1,0.006097560975609756,-1.0451219512195122,3.1767314249246046,4.5,-4.5,0.2865853658536585
P39524,1355,9,0.006642066420664207,-0.2117343173431734,3.1039414800702265,4.5,-4.5,0.381549815498155
Q07878,3144,35,0.0111323155216285,-0.3826017811704835,3.1375028926230812,4.5,-4.5,0.3568702290076336
P39702,1274,11,0.008634222919937205,-0.09034536891679752,3.162112746816194,4.5,-4.5,0.38854003139717425
P36107,401,3,0.007481296758104738,0.38428927680798,2.832405559410107,4.5,-4.5,0.44389027431421446
Q08280,497,3,0.006036217303822937,0.5396378269617707,2.9251869309677176,4.5,-4.5,0.47283702213279677
P46982,586,4,0.006825938566552901,-0.370136518771331,3.0453924771241554,4.5,-4.5,0.3532423208191126
Q04183,1289,12,0.009309542280837859,-0.1849495733126455,3.1500671759707304,4.5,-4.5,0.3716058960434445
P26725,428,5,0.011682242990654205,-0.5404205607476635,3.0075958061895602,4.5,-4.5,0.3294392523364486
P24280,304,0,0.0,-0.4694078947368421,3.001197948002692,4.5,-4.5,0.34868421052631576
P41544,203,1,0.0049261083743842365,0.3379310344827586,3.1364517706366013,4.5,-4.5,0.43842364532019706
Q12067,313,2,0.006389776357827476,0.6182108626198083,3.086250140539138,4.5,-4.5,0.4728434504792332
P13586,950,4,0.004210526315789474,0.01852631578947366,3.1407699251921795,4.5,-4.5,0.41789473684210526
Q12096,491,4,0.008146639511201629,-0.259877800407332,3.246981864351845,4.5,-4.5,0.38085539714867617
P40549,630,2,0.0031746031746031746,-0.35285714285714287,3.0810042315501502,4.5,-4.5,0.3603174603174603
P39106,762,4,0.005249343832020997,-0.5688976377952756,3.0663598658331543,4.5,-4.5,0.33858267716535434
P37020,779,9,0.011553273427471117,0.21219512195121953,3.0793348535619365,4.5,-4.5,0.4313222079589217
P38555,223,1,0.004484304932735426,-0.5340807174887892,2.9487559028598156,4.5,-4.5,0.3273542600896861
P32621,518,3,0.005791505791505791,-0.21409266409266414,2.9993909045609866,4.5,-4.5,0.36486486486486486
P43682,97,1,0.010309278350515464,-0.19381443298969075,3.082501810034157,4.5,-4.5,0.38144329896907214
P38069,597,3,0.005025125628140704,-0.41708542713567837,3.0171718841709785,4.5,-4.5,0.34673366834170855
P38736,223,2,0.008968609865470852,-0.5134529147982063,3.1511259581039908,4.5,-4.5,0.336322869955157
P36029,618,4,0.006472491909385114,0.4511326860841424,3.070183418806253,4.5,-4.5,0.46440129449838186
Q12270,262,1,0.003816793893129771,0.40152671755725183,2.9210472014507,4.5,-4.5,0.4351145038167939
P53633,176,1,0.005681818181818182,0.43920454545454546,3.0489374906346507,4.5,-4.5,0.4602272727272727
Q12239,342,2,0.005847953216374269,0.3701754385964912,3.2118820835966098,4.5,-4.5,0.4619883040935672
P40071,706,0,0.0,0.10339943342776203,3.066083271997225,4.5,-4.5,0.40509915014164305
Q06346,221,0,0.0,0.31764705882352934,3.052542280324727,4.5,-4.5,0.43891402714932126
Q03921,1698,10,0.005889281507656066,-0.06702002355712605,3.196690455957962,4.5,-4.5,0.39399293286219084
Q03860,143,1,0.006993006993006993,0.8615384615384615,2.968716213250168,4.5,-4.5,0.5244755244755245
Q04767,167,1,0.005988023952095809,0.8281437125748502,3.0960064333967594,4.5,-4.5,0.5329341317365269
P36164,337,3,0.008902077151335312,0.2504451038575667,3.1434178006651203,4.5,-4.5,0.4421364985163205
P34237,679,9,0.013254786450662739,-0.8727540500736377,3.0772446098252604,4.5,-4.5,0.3019145802650957
P35844,434,2,0.004608294930875576,-0.5315668202764977,2.9992078580000037,4.5,-4.5,0.3248847926267281
P47818,322,4,0.012422360248447204,0.0754658385093167,3.0028641504363547,4.5,-4.5,0.38198757763975155
P40395,1056,9,0.008522727272727272,-0.24043560606060607,3.2365460744543,4.5,-4.5,0.3806818181818182
P40094,801,4,0.004993757802746567,-0.38501872659176034,3.207886704594161,4.5,-4.5,0.36329588014981273
Q03554,138,0,0.0,1.193478260869565,2.92515840080794,4.5,-4.5,0.5797101449275363
P38166,215,2,0.009302325581395349,0.28930232558139524,2.9257997478318973,4.5,-4.5,0.46511627906976744
P53037,1138,13,0.011423550087873463,-0.5515817223198595,3.0635395051411494,4.5,-4.5,0.327768014059754
P53951,403,7,0.017369727047146403,-0.31464019851116626,3.1624987854248037,4.5,-4.5,0.36724565756823824
Q04632,607,12,0.019769357495881382,-0.7233937397034597,3.2038917358711134,4.5,-4.5,0.3228995057660626
P53959,839,11,0.013110846245530394,-0.40631704410011915,3.2484811743347803,4.5,-4.5,0.36591179976162097
Q03660,1102,7,0.006352087114337568,-0.20154264972776778,3.2510486061376516,4.5,-4.5,0.3929219600725953
P47064,194,0,0.0,-0.06649484536082473,3.190443378435724,4.5,-4.5,0.4072164948453608
P53314,239,0,0.0,-0.14267782426778244,3.1119856609475858,4.5,-4.5,0.3891213389121339
P47166,707,8,0.011315417256011316,-0.9694483734087694,3.092528772336764,4.5,-4.5,0.2913719943422914
P39526,2014,20,0.009930486593843098,-0.02869910625620655,3.16835623427015,4.5,-4.5,0.4041708043694141
P16664,663,10,0.015082956259426848,-0.4648567119155354,3.1095316805071915,4.5,-4.5,0.33182503770739064
P46682,809,7,0.00865265760197775,-0.2776266996291718,3.1145507711205918,4.5,-4.5,0.37082818294190356
Q08951,932,9,0.009656652360515022,-0.3702789699570815,3.247624871217427,4.5,-4.5,0.3776824034334764
P38153,483,3,0.006211180124223602,-0.3217391304347827,3.1464534371501682,4.5,-4.5,0.35196687370600416
P40009,630,2,0.0031746031746031746,-0.44317460317460317,3.0269125269330477,4.5,-4.5,0.3492063492063492
P40527,1151,10,0.008688097306689836,-0.12467419635099916,3.1151962468947163,4.5,-4.5,0.38922675933970463
P31109,117,0,0.0,-0.21965811965811963,3.2556653925234844,4.5,-4.5,0.4188034188034188
P32913,551,4,0.007259528130671506,-0.8074410163339383,3.027040714009389,4.5,-4.5,0.30490018148820325
P38182,117,1,0.008547008547008548,-0.47777777777777775,3.1611182461277685,4.5,-4.5,0.36752136752136755
P20606,190,1,0.005263157894736842,-0.003684210526315842,3.120819242183416,4.5,-4.5,0.4263157894736842
P15303,768,6,0.0078125,-0.21145833333333333,2.987560835910106,4.5,-4.5,0.37890625
P46989,271,0,0.0,-0.34944649446494463,2.976796748490482,4.5,-4.5,0.34317343173431736
Q12191,341,8,0.02346041055718475,-1.2917888563049855,2.8778642541120245,4.5,-4.5,0.2404692082111437
Q04410,372,1,0.002688172043010753,-0.4010752688172043,3.02157989805931,4.5,-4.5,0.3387096774193548
P53622,1201,5,0.004163197335553705,-0.2945878434637802,3.1219289417315506,4.5,-4.5,0.3755203996669442
P32074,935,15,0.016042780748663103,-0.15443850267379683,3.16351849744098,4.5,-4.5,0.39786096256684494
P35845,1188,13,0.010942760942760943,-0.7598484848484848,3.009378546527907,4.5,-4.5,0.3055555555555556
Q92331,675,8,0.011851851851851851,-0.7475555555555556,3.0498338671612832,4.5,-4.5,0.3125925925925926
P25386,1790,21,0.011731843575418994,-0.8085474860335194,3.183706706497392,4.5,-4.5,0.31843575418994413
P40482,926,13,0.014038876889848811,-0.2447084233261339,3.0447187344650546,4.5,-4.5,0.38444924406047515
P22803,104,0,0.0,0.14326923076923076,2.9644614384104386,4.5,-4.5,0.46153846153846156
P40529,298,7,0.02348993288590604,-0.5845637583892618,2.854237984843378,4.5,-4.5,0.29194630872483224
P38814,852,13,0.015258215962441314,-0.6450704225352113,3.016120478614795,4.5,-4.5,0.30985915492957744
P47160,408,7,0.01715686274509804,-0.8240196078431372,2.841018099687643,4.5,-4.5,0.29411764705882354
P22211,790,16,0.020253164556962026,-0.5732911392405063,2.86149169805239,4.5,-4.5,0.2911392405063291
P41810,973,4,0.0041109969167523125,-0.11099691675231244,3.2306491402519777,4.5,-4.5,0.41521068859198357
P53600,189,0,0.0,-0.3761904761904762,3.192553221097328,4.5,-4.5,0.36507936507936506
P43621,546,2,0.003663003663003663,-0.41098901098901097,3.027557819078703,4.5,-4.5,0.3516483516483517
P41811,889,6,0.006749156355455568,-0.3822272215973003,3.011798917968065,4.5,-4.5,0.34533183352080987
P38873,1557,16,0.010276172125883108,-0.4055876685934489,3.077191600882881,4.5,-4.5,0.3500321130378934
P41318,303,2,0.006600660066006601,-0.4501650165016501,2.995550876763372,4.5,-4.5,0.3333333333333333
Q08921,799,12,0.015018773466833541,-1.0138923654568208,2.8807278567508097,4.5,-4.5,0.25782227784730916
Q12246,624,9,0.014423076923076924,-0.39871794871794874,3.0678646039451256,4.5,-4.5,0.34455128205128205
P32600,2474,15,0.006063055780113177,-0.19106709781729994,3.1733589755807414,4.5,-4.5,0.3936944219886823
P17065,759,11,0.014492753623188406,-0.7980237154150197,2.99433523926919,4.5,-4.5,0.2938076416337286
P53264,445,2,0.0044943820224719105,-0.5337078651685393,3.083830385614862,4.5,-4.5,0.3325842696629214
P40465,213,3,0.014084507042253521,-0.43802816901408453,3.2234775289255855,4.5,-4.5,0.3568075117370892
P47050,842,8,0.009501187648456057,-0.4769596199524941,3.134978703066137,4.5,-4.5,0.35985748218527314
P40366,167,2,0.011976047904191617,-0.6377245508982036,3.059619497427413,4.5,-4.5,0.32934131736526945
P32478,413,0,0.0,-0.07530266343825662,2.6153245934717337,4.5,-4.5,0.36561743341404357
P39005,276,0,0.0,-0.22246376811594198,2.652385257279771,4.5,-4.5,0.31521739130434784
P34240,503,4,0.007952286282306162,-0.17673956262425455,2.922667241228074,4.5,-4.5,0.35984095427435386
P36127,104,1,0.009615384615384616,0.4519230769230769,3.078116955881118,4.5,-4.5,0.4807692307692308
Q12442,317,1,0.0031545741324921135,0.43501577287066245,3.0623084244057694,4.5,-4.5,0.4637223974763407
Q08448,450,2,0.0044444444444444444,-0.059999999999999984,3.104061855053794,4.5,-4.5,0.4022222222222222
Q12017,286,1,0.0034965034965034965,-0.8524475524475524,3.148788915101271,4.5,-4.5,0.3181818181818182
P33300,382,6,0.015706806282722512,-0.23848167539267018,3.089123089862865,4.5,-4.5,0.36910994764397903
P18562,216,1,0.004629629629629629,-0.13611111111111113,3.220160978646108,4.5,-4.5,0.39351851851851855
P28625,365,4,0.010958904109589041,-0.37068493150684934,3.077009902783502,4.5,-4.5,0.3452054794520548
P53870,558,4,0.007168458781362007,-0.32401433691756276,3.1693362284280777,4.5,-4.5,0.3709677419354839
P40090,624,4,0.00641025641025641,-0.17772435897435898,3.1624652548485948,4.5,-4.5,0.40064102564102566
P04819,755,7,0.009271523178807948,-0.41509933774834434,3.0667643426221014,4.5,-4.5,0.352317880794702
P38884,321,3,0.009345794392523364,-0.46105919003115264,3.039574511068045,4.5,-4.5,0.35202492211838005
P38698,397,3,0.007556675062972292,-0.327455919395466,3.2280300745833497,4.5,-4.5,0.37279596977329976
P40555,220,1,0.004545454545454545,-0.34454545454545454,3.2598127766549685,4.5,-4.5,0.37727272727272726
Q12460,504,5,0.00992063492063492,-0.6430555555555555,3.1533855875202206,4.5,-4.5,0.3531746031746032
P40308,642,3,0.004672897196261682,-0.11121495327102805,3.184673981450112,4.5,-4.5,0.3925233644859813
P31377,255,3,0.011764705882352941,-0.507450980392157,3.271874106558152,4.5,-4.5,0.34901960784313724
P38256,230,2,0.008695652173913044,-0.13391304347826088,3.0280539584107906,4.5,-4.5,0.3869565217391304
P38293,148,2,0.013513513513513514,-0.6905405405405405,3.020769050053623,4.5,-4.5,0.2972972972972973
P32844,805,5,0.006211180124223602,-0.3217391304347826,3.2366898137728013,4.5,-4.5,0.3813664596273292
P25584,144,0,0.0,0.2722222222222222,3.3471473020661033,4.5,-4.5,0.4583333333333333
P40516,229,2,0.008733624454148471,-0.17598253275109174,3.096284506698276,4.5,-4.5,0.3799126637554585
P40497,633,5,0.007898894154818325,-0.6440758293838863,3.007394857672152,4.5,-4.5,0.31911532385466035
P53736,256,3,0.01171875,-0.20976562499999996,3.0143961783528654,4.5,-4.5,0.37890625
P32461,534,4,0.00749063670411985,-0.18838951310861426,3.077734469745086,4.5,-4.5,0.3801498127340824
P40486,507,0,0.0,-0.5254437869822485,3.174951823749773,4.5,-4.5,0.34122287968441817
P40483,696,5,0.007183908045977011,-0.30186781609195407,2.9941532037981573,4.5,-4.5,0.3505747126436782
P22148,382,6,0.015706806282722512,-0.874869109947644,2.9223362343572696,4.5,-4.5,0.27225130890052357
P38804,111,1,0.009009009009009009,-0.47747747747747754,2.9753850438897222,4.5,-4.5,0.32432432432432434
P40451,204,5,0.024509803921568627,-0.4877450980392157,2.9870630886891734,4.5,-4.5,0.3382352941176471
P00724,532,14,0.02631578947368421,-0.43759398496240604,2.824219940309539,4.5,-4.5,0.325187969924812
P40442,995,5,0.005025125628140704,-0.18763819095477388,2.481079751522676,4.5,-4.5,0.28241206030150756
P40572,265,0,0.0,-0.6067924528301887,2.9069777949479416,4.5,-4.5,0.3132075471698113
P53894,756,8,0.010582010582010581,-0.8726190476190476,2.878147739507275,4.5,-4.5,0.2777777777777778
P40573,187,1,0.0053475935828877,-0.9705882352941176,3.2265842896232244,4.5,-4.5,0.31016042780748665
P34167,436,3,0.006880733944954129,-1.0990825688073396,2.8571412354054098,4.5,-4.5,0.25688073394495414
P38998,373,0,0.0,-0.21045576407506705,3.086713385493151,4.5,-4.5,0.3914209115281501
P47077,666,5,0.0075075075075075074,-0.5241741741741742,3.185095921589084,4.5,-4.5,0.35585585585585583
P47054,1683,20,0.011883541295306001,0.012715389185977416,3.172910430585423,4.5,-4.5,0.41235888294711825
Q03790,475,11,0.023157894736842106,-0.772842105263158,2.918701825039739,4.5,-4.5,0.2863157894736842
P38741,713,10,0.014025245441795231,-0.9576437587657783,2.7806334959628507,4.5,-4.5,0.2594670406732118
P38168,104,0,0.0,0.5692307692307692,2.9849003630799458,4.5,-4.5,0.5384615384615384
P11986,533,5,0.009380863039399626,-0.2739212007504691,3.1235015183090367,4.5,-4.5,0.3714821763602251
P34087,171,1,0.005847953216374269,-0.00935672514619887,3.129939398587302,4.5,-4.5,0.391812865497076
Q04067,274,0,0.0,-0.6832116788321168,3.040902894708426,4.5,-4.5,0.3248175182481752
Q04398,127,1,0.007874015748031496,0.8377952755905512,3.0327069879273445,4.5,-4.5,0.5433070866141733
P40360,574,6,0.010452961672473868,-0.38153310104529614,3.1462394595308854,4.5,-4.5,0.3606271777003484
P40359,213,3,0.014084507042253521,-0.503755868544601,3.270652685939463,4.5,-4.5,0.3568075117370892
P47036,138,0,0.0,-0.1202898550724638,2.8727646488318945,4.5,-4.5,0.391304347826087
P39677,819,5,0.006105006105006105,-0.285958485958486,3.1309531374564097,4.5,-4.5,0.3553113553113553
Q08904,546,3,0.005494505494505495,-0.197985347985348,3.104736952718034,4.5,-4.5,0.38461538461538464
P46984,123,0,0.0,-1.005691056910569,2.909650352335629,4.5,-4.5,0.2682926829268293
P39516,138,1,0.007246376811594203,-0.38043478260869573,3.0289152096412284,4.5,-4.5,0.3695652173913043
P35995,705,5,0.0070921985815602835,-0.4004255319148936,3.1336494194741724,4.5,-4.5,0.36028368794326243
P06700,562,2,0.0035587188612099642,-0.299644128113879,3.108689442721988,4.5,-4.5,0.3665480427046263
P54786,942,17,0.018046709129511677,-0.8405520169851379,2.9832317848457173,4.5,-4.5,0.2760084925690021
P38764,993,2,0.002014098690835851,-0.2833836858006042,3.0758645008859515,4.5,-4.5,0.3726082578046324
P33299,467,3,0.006423982869379015,-0.573661670235546,3.0927580113543245,4.5,-4.5,0.33832976445396146
P19812,1950,13,0.006666666666666667,-0.37297435897435893,3.1446793280500978,4.5,-4.5,0.36564102564102563
P27636,974,14,0.014373716632443531,-0.10554414784394255,3.120083000133558,4.5,-4.5,0.39014373716632444
P38274,827,7,0.008464328899637243,-0.3681983071342201,3.118039259152689,4.5,-4.5,0.3518742442563482
P25389,1037,14,0.013500482160077145,-0.6296046287367407,3.097449901123331,4.5,-4.5,0.3085824493731919
P25342,322,1,0.003105590062111801,-0.3804347826086957,3.204609810034065,4.5,-4.5,0.35714285714285715
P32458,415,4,0.00963855421686747,-0.5814457831325301,3.19250897764779,4.5,-4.5,0.3204819277108434
P52919,319,4,0.012539184952978056,-1.164576802507837,3.005006125035271,4.5,-4.5,0.2476489028213166
P53755,489,6,0.012269938650306749,-0.5907975460122699,2.9455482992378963,4.5,-4.5,0.3047034764826176
P47086,261,4,0.01532567049808429,-0.17049808429118773,3.2966154914202828,4.5,-4.5,0.39846743295019155
P21651,314,1,0.0031847133757961785,-0.8608280254777069,3.0111196177817927,4.5,-4.5,0.30254777070063693
P47101,745,9,0.012080536912751677,-0.30281879194630873,3.1079987908527515,4.5,-4.5,0.3516778523489933
P46973,164,2,0.012195121951219513,-0.4317073170731707,3.1372419940085674,4.5,-4.5,0.3719512195121951
P39725,102,1,0.00980392156862745,0.35882352941176465,3.0557677043544684,4.5,-4.5,0.49019607843137253
P32529,125,0,0.0,-0.3216,2.953603466953545,4.5,-4.5,0.368
P38258,127,1,0.007874015748031496,0.3228346456692913,3.0381871142445926,4.5,-4.5,0.47244094488188976
P38300,278,3,0.01079136690647482,-0.20179856115107916,3.194863852898756,4.5,-4.5,0.39928057553956836
Q12175,901,7,0.00776914539400666,-0.19456159822419533,3.196867110939551,4.5,-4.5,0.38401775804661487
O13532,107,2,0.018691588785046728,0.1383177570093458,3.156587677887209,4.5,-4.5,0.4205607476635514
O13587,100,0,0.0,-0.7240000000000001,3.1102128544522483,4.5,-4.5,0.32
Q00684,551,5,0.009074410163339383,-0.4970961887477315,3.0265058209750126,4.5,-4.5,0.3393829401088929
P21691,654,2,0.0030581039755351682,-0.4244648318042814,3.2543944796522952,4.5,-4.5,0.3761467889908257
P32639,2163,17,0.00785945446139621,-0.3237170596393896,3.153705620012412,4.5,-4.5,0.3684697179842811
P24384,1145,10,0.008733624454148471,-0.4715283842794761,3.1651116449782406,4.5,-4.5,0.3475982532751092
P33203,583,7,0.012006861063464836,-0.9312178387650085,3.073148199286217,4.5,-4.5,0.2915951972555746
Q03654,590,2,0.003389830508474576,-0.9322033898305084,3.057113997307081,4.5,-4.5,0.3050847457627119
Q12309,687,0,0.0,-0.602037845705968,3.2038044040502776,4.5,-4.5,0.34643377001455605
P53104,897,3,0.0033444816053511705,-0.4723522853957637,3.0876555628470244,4.5,-4.5,0.3556298773690078
P53867,494,5,0.010121457489878543,-0.2975708502024291,3.056140392591816,4.5,-4.5,0.3582995951417004
P38261,753,17,0.02257636122177955,-0.6268260292164675,3.1343146680774843,4.5,-4.5,0.3333333333333333
P53549,437,2,0.004576659038901602,-0.6000000000000001,3.1632254777901876,4.5,-4.5,0.34324942791762014
Q02516,242,1,0.004132231404958678,-0.9074380165289258,2.997923945282008,4.5,-4.5,0.30578512396694213
P24583,1151,7,0.006081668114682885,-0.6792354474370114,3.043403618320854,4.5,-4.5,0.32406602953953084
P51862,1356,12,0.008849557522123894,-0.556047197640118,3.0021551272047686,4.5,-4.5,0.32374631268436577
Q00245,231,2,0.008658008658008658,-0.2658008658008658,3.0452715649131386,4.5,-4.5,0.36796536796536794
P38232,338,5,0.014792899408284023,-0.7588757396449705,3.0652366399864754,4.5,-4.5,0.3165680473372781
P32263,286,1,0.0034965034965034965,0.10944055944055939,2.9534171926092134,4.5,-4.5,0.4160839160839161
P53231,118,1,0.00847457627118644,-0.24237288135593218,3.0479614409807185,4.5,-4.5,0.3644067796610169
P36121,282,2,0.0070921985815602835,-0.8592198581560284,3.1045042936206735,4.5,-4.5,0.3191489361702128
P53616,420,1,0.002380952380952381,-0.21642857142857144,2.5817936930493475,4.5,-4.5,0.3
P17536,199,1,0.005025125628140704,-1.4753768844221105,3.056954627014682,4.5,-4.5,0.25125628140703515
Q12216,726,19,0.026170798898071626,-0.6209366391184573,2.9800950682520364,4.5,-4.5,0.31129476584022037
P21339,1137,9,0.0079155672823219,-0.8768689533861038,2.916782129159347,4.5,-4.5,0.2884784520668426
P41698,603,10,0.01658374792703151,-0.6588723051409618,2.91219772292202,4.5,-4.5,0.28192371475953565
Q06604,576,5,0.008680555555555556,-0.995138888888889,2.917281598535582,4.5,-4.5,0.2569444444444444
Q12405,387,2,0.00516795865633075,-0.30723514211886305,3.1240584076441764,4.5,-4.5,0.3798449612403101
P22224,910,6,0.006593406593406593,-0.23714285714285716,3.1930426722899217,4.5,-4.5,0.3868131868131868
P38785,314,5,0.01592356687898089,-0.8853503184713376,2.880857429127394,4.5,-4.5,0.267515923566879
P50111,915,13,0.014207650273224045,-1.1721311475409837,2.887576430850361,4.5,-4.5,0.23934426229508196
P41901,512,2,0.00390625,-0.6833984375,3.2039431536580913,4.5,-4.5,0.33203125
P08964,1928,19,0.009854771784232365,-0.7824688796680498,3.1761337251291697,4.5,-4.5,0.31431535269709543
Q06835,107,1,0.009345794392523364,-0.4663551401869159,3.2442600332888047,4.5,-4.5,0.3925233644859813
P21951,2222,19,0.008550855085508551,-0.3758325832583259,3.1352581199515788,4.5,-4.5,0.36363636363636365
P15938,1071,4,0.003734827264239029,-0.42054154995331466,3.1531745724155433,4.5,-4.5,0.3557422969187675
P07834,779,5,0.006418485237483954,-0.28228498074454433,3.022588373973189,4.5,-4.5,0.3465982028241335
P53305,110,0,0.0,-0.7654545454545457,3.0886724527960485,4.5,-4.5,0.33636363636363636
P36528,281,2,0.0071174377224199285,-0.591103202846975,3.079115599562668,4.5,-4.5,0.3309608540925267
P09938,399,2,0.005012531328320802,-0.4080200501253132,3.1336776603211742,4.5,-4.5,0.39348370927318294
Q06624,347,1,0.002881844380403458,-0.161671469740634,3.247983293842854,4.5,-4.5,0.40057636887608067
P20840,650,12,0.018461538461538463,-0.07123076923076925,2.72037667510179,4.5,-4.5,0.3384615384615385
P47082,602,2,0.0033222591362126247,0.3458471760797342,3.0254498081159604,4.5,-4.5,0.446843853820598
P41832,1953,23,0.011776753712237584,-0.7258576548899129,3.007786804028588,4.5,-4.5,0.31336405529953915
P38354,144,1,0.006944444444444444,-0.9000000000000001,3.0952921240705753,4.5,-4.5,0.2986111111111111
Q12415,435,2,0.004597701149425287,-0.5758620689655172,2.9769522916050017,4.5,-4.5,0.31264367816091954
P32837,571,2,0.0035026269702276708,0.47355516637478107,2.910428944804102,4.5,-4.5,0.46409807355516636
P40484,314,5,0.01592356687898089,-0.49522292993630573,2.990921951886536,4.5,-4.5,0.34394904458598724
P40454,393,3,0.007633587786259542,-0.3768447837150128,2.966161700826489,4.5,-4.5,0.34096692111959287
P47015,356,3,0.008426966292134831,-0.8137640449438204,3.2520531786718188,4.5,-4.5,0.3342696629213483
Q03653,782,6,0.0076726342710997444,-0.3910485933503837,3.163352599334354,4.5,-4.5,0.3631713554987212
P14680,807,11,0.013630731102850062,-0.6832713754646841,2.9317524529813723,4.5,-4.5,0.29244114002478316
P47085,338,1,0.0029585798816568047,-0.35710059171597636,3.011579211130083,4.5,-4.5,0.34023668639053256
P53277,215,1,0.004651162790697674,-1.3497674418604653,2.9269219393314825,4.5,-4.5,0.2372093023255814
P53968,678,13,0.019174041297935103,-1.0942477876106196,2.849594383590528,4.5,-4.5,0.24336283185840707
P53032,299,5,0.016722408026755852,-0.38561872909699,3.0344224492400356,4.5,-4.5,0.33444816053511706
P36421,394,0,0.0,-0.31243654822335026,3.110376061008979,4.5,-4.5,0.38578680203045684
P32873,1128,18,0.015957446808510637,-0.5308510638297872,2.9783566770198147,4.5,-4.5,0.3049645390070922
P38834,111,1,0.009009009009009009,0.5693693693693694,3.0091090774750664,4.5,-4.5,0.4864864864864865
P24867,279,3,0.010752688172043012,-0.37096774193548393,3.1366688027541074,4.5,-4.5,0.36200716845878134
P04147,577,3,0.005199306759098787,-0.6779896013864817,2.9623081274291745,4.5,-4.5,0.3344887348353553
Q02821,542,3,0.005535055350553505,-0.35738007380073805,3.1338955986234738,4.5,-4.5,0.37822878228782286
P25604,385,0,0.0,-0.311948051948052,3.0692547591430364,4.5,-4.5,0.36103896103896105
P17157,305,3,0.009836065573770493,-0.38098360655737706,3.0669094311289413,4.5,-4.5,0.35081967213114756
P46948,246,3,0.012195121951219513,-0.2833333333333334,3.204824657295753,4.5,-4.5,0.3699186991869919
P39743,482,1,0.002074688796680498,-0.47987551867219913,2.8351142858004934,4.5,-4.5,0.34439834024896265
P32793,468,9,0.019230769230769232,-0.7324786324786325,2.811304380162258,4.5,-4.5,0.28205128205128205
P32790,1244,12,0.00964630225080386,-0.6544212218649518,2.81604065212222,4.5,-4.5,0.30385852090032156
P39926,295,1,0.003389830508474576,-0.7037288135593222,3.2478132921544614,4.5,-4.5,0.36271186440677966
P14164,731,16,0.02188782489740082,-1.1439124487004104,2.924878055941747,4.5,-4.5,0.24897400820793433
Q03290,321,2,0.006230529595015576,-0.8105919003115264,3.236033487738681,4.5,-4.5,0.3302180685358255
P48581,401,3,0.007481296758104738,-0.36907730673316713,3.197441526552038,4.5,-4.5,0.36159600997506236
P18494,730,17,0.023287671232876714,-0.8094520547945206,2.7722214970169996,4.5,-4.5,0.26575342465753427
P34218,831,10,0.012033694344163659,-0.8533092659446451,3.0839377362250584,4.5,-4.5,0.29121540312876054
P36006,1272,10,0.007861635220125786,-0.5651729559748427,3.038467624424757,4.5,-4.5,0.3341194968553459
Q02100,647,22,0.03400309119010819,-0.8137557959814529,2.812850719582904,4.5,-4.5,0.24574961360123648
P53150,421,3,0.007125890736342043,-0.7662707838479811,3.159317195665564,4.5,-4.5,0.31116389548693585
P28519,371,1,0.0026954177897574125,-1.1070080862533693,2.996566669234828,4.5,-4.5,0.2803234501347709
P38794,229,4,0.017467248908296942,-0.6764192139737991,3.026168736478446,4.5,-4.5,0.314410480349345
P38283,698,9,0.012893982808022923,-1.0106017191977077,2.970475912223045,4.5,-4.5,0.2593123209169054
P32479,840,5,0.005952380952380952,-0.3810714285714286,3.1118492885899793,4.5,-4.5,0.3416666666666667
P32591,825,11,0.013333333333333334,-0.9473939393939395,2.962623100006233,4.5,-4.5,0.2739393939393939
P32480,875,9,0.010285714285714285,-0.28171428571428575,3.0761436764831624,4.5,-4.5,0.35428571428571426
P22082,1703,20,0.011743981209630064,-0.7885496183206108,3.069493285493091,4.5,-4.5,0.31591309453904876
P32897,222,1,0.0045045045045045045,-0.09819819819819828,2.863815321376661,4.5,-4.5,0.36486486486486486
P38251,354,3,0.00847457627118644,-0.057062146892655374,3.249792407378203,4.5,-4.5,0.4180790960451977
P32641,659,8,0.012139605462822459,-0.6168437025796661,3.103730936828554,4.5,-4.5,0.3216995447647951
P40541,1150,13,0.011304347826086957,-0.4311304347826087,3.217199096491392,4.5,-4.5,0.36434782608695654
P32602,292,0,0.0,-0.5130136986301371,3.0528173311461977,4.5,-4.5,0.3732876712328767
Q06632,1357,11,0.008106116433308769,-0.26514369933677223,3.149696888830682,4.5,-4.5,0.3640383198231393
P42841,465,5,0.010752688172043012,-0.543010752688172,2.9851027197060085,4.5,-4.5,0.32688172043010755
P45976,327,3,0.009174311926605505,-0.8428134556574924,2.782899183276997,4.5,-4.5,0.27217125382262997
P46673,744,5,0.006720430107526882,-0.13803763440860217,3.1398825261709304,4.5,-4.5,0.4018817204301075
Q02630,1113,41,0.036837376460017966,-0.7268643306379156,2.6434252393380424,4.5,-4.5,0.26504941599281223
Q02892,647,3,0.00463678516228748,-0.6329211746522412,3.1885975315015607,4.5,-4.5,0.3554868624420402
P02994,458,2,0.004366812227074236,-0.29978165938864626,3.0996724640906472,4.5,-4.5,0.36899563318777295
Q02199,472,10,0.0211864406779661,-0.4067796610169492,2.7645755126257727,4.5,-4.5,0.3156779661016949
P36161,1157,14,0.012100259291270527,-0.2751080380293864,3.1926589184115945,4.5,-4.5,0.3681936041486603
P52918,1224,7,0.005718954248366013,-0.18022875816993467,3.2001533786704823,4.5,-4.5,0.397875816993464
P31539,908,2,0.0022026431718061676,-0.4683920704845814,3.2211961230295842,4.5,-4.5,0.3733480176211454
P32367,649,3,0.004622496147919877,-0.546070878274268,3.1039198043991307,4.5,-4.5,0.3359013867488444
Q99383,534,7,0.013108614232209739,-1.3149812734082398,2.599524643167637,4.5,-4.5,0.21348314606741572
P32767,1081,7,0.0064754856614246065,-0.01165587419056432,3.1561245594801752,4.5,-4.5,0.4070305272895467
P39705,539,13,0.02411873840445269,-0.8326530612244898,2.8301010248731133,4.5,-4.5,0.274582560296846
Q06142,861,4,0.004645760743321719,-0.01614401858304299,3.0671246940198427,4.5,-4.5,0.4343786295005807
P47017,172,2,0.011627906976744186,-0.8325581395348837,3.146091774872774,4.5,-4.5,0.3372093023255814
Q04175,944,3,0.0031779661016949155,0.01101694915254238,3.2198282378208716,4.5,-4.5,0.4290254237288136
P29340,183,0,0.0,-0.26994535519125684,3.157699151508923,4.5,-4.5,0.366120218579235
P32800,271,1,0.0036900369003690036,0.011439114391143881,2.9265261819306203,4.5,-4.5,0.4132841328413284
P27796,417,3,0.007194244604316547,-0.090167865707434,3.1207396621582175,4.5,-4.5,0.4148681055155875
P13711,748,3,0.004010695187165776,-0.24518716577540112,3.083267910472543,4.5,-4.5,0.37032085561497324
P40155,199,2,0.010050251256281407,-0.4256281407035176,3.196118324488742,4.5,-4.5,0.35175879396984927
P41909,870,3,0.0034482758620689655,-0.10574712643678162,3.231260965986473,4.5,-4.5,0.40344827586206894
Q04370,399,2,0.005012531328320802,-0.2140350877192983,3.0729564203997626,4.5,-4.5,0.3659147869674185
Q05568,337,3,0.008902077151335312,-0.22492581602373887,3.127778585791695,4.5,-4.5,0.39465875370919884
Q03824,705,8,0.011347517730496455,-0.35503546099290784,3.1805580990507867,4.5,-4.5,0.3645390070921986
Q03694,420,8,0.01904761904761905,-0.7552380952380954,3.00543098731299,4.5,-4.5,0.28809523809523807
Q12462,236,1,0.00423728813559322,0.06101694915254233,3.177930621270866,4.5,-4.5,0.4491525423728814
Q06497,328,0,0.0,0.12865853658536583,3.0326227328008173,4.5,-4.5,0.42073170731707316
P39718,180,1,0.005555555555555556,-0.29833333333333334,3.1033042426133832,4.5,-4.5,0.3611111111111111
P38137,543,4,0.007366482504604052,-0.1712707182320442,3.042314176606258,4.5,-4.5,0.3830570902394107
P53248,589,7,0.011884550084889643,0.1541595925297113,3.198137804138305,4.5,-4.5,0.42784380305602715
Q12524,340,0,0.0,-0.3911764705882353,3.134876641447543,4.5,-4.5,0.3588235294117647
Q05871,280,2,0.007142857142857143,-0.22000000000000003,3.1070013104047995,4.5,-4.5,0.3892857142857143
P41903,349,0,0.0,-0.4292263610315187,2.9490622525458927,4.5,-4.5,0.332378223495702
P39108,375,5,0.013333333333333334,-0.27653333333333335,3.0068160317666406,4.5,-4.5,0.36
P35056,612,6,0.00980392156862745,-0.7156862745098039,3.0074606066030403,4.5,-4.5,0.3235294117647059
P38855,283,5,0.0176678445229682,-0.7590106007067138,3.026131492947468,4.5,-4.5,0.303886925795053
P23542,418,3,0.007177033492822967,-0.16244019138755983,2.999346145254747,4.5,-4.5,0.38995215311004783
P24004,1043,6,0.005752636625119847,-0.30939597315436246,3.1670505103719844,4.5,-4.5,0.36625119846596355
P36168,1195,16,0.013389121338912133,-0.5104602510460251,3.1024729300821985,4.5,-4.5,0.3372384937238494
P33760,1030,12,0.011650485436893204,-0.09766990291262138,3.1007381532337437,4.5,-4.5,0.3970873786407767
P53184,216,0,0.0,-0.5138888888888888,3.125535756543524,4.5,-4.5,0.3287037037037037
Q99189,972,5,0.0051440329218107,0.0816872427983539,3.2074043120101727,4.5,-4.5,0.43209876543209874
P40069,1113,8,0.0071877807726864335,0.0003593890386343076,3.1227478650111364,4.5,-4.5,0.4330637915543576
Q06245,871,13,0.014925373134328358,-0.24328358208955225,3.265552421334147,4.5,-4.5,0.3823191733639495
P27614,576,5,0.008680555555555556,-0.2673611111111111,3.075972742734111,4.5,-4.5,0.359375
P52490,153,1,0.006535947712418301,-0.5294117647058824,3.1151093383582786,4.5,-4.5,0.3464052287581699
P32849,1169,8,0.006843455945252352,-0.5384088964927289,3.1227531447755696,4.5,-4.5,0.339606501283148
P32457,520,5,0.009615384615384616,-0.8763461538461539,3.135810243011767,4.5,-4.5,0.2980769230769231
P57743,89,0,0.0,-0.17415730337078647,3.2438196409319833,4.5,-4.5,0.39325842696629215
P49960,444,5,0.01126126126126126,-0.48040540540540544,3.1910133973885353,4.5,-4.5,0.36936936936936937
P02829,709,4,0.005641748942172073,-0.5753173483779972,3.174434648331187,4.5,-4.5,0.3469675599435825
Q01454,927,4,0.004314994606256742,-0.40226537216828484,3.048476593164297,4.5,-4.5,0.3516720604099245
P40987,1014,9,0.008875739644970414,-0.04625246548323475,3.2264104845419412,4.5,-4.5,0.4171597633136095
P34110,944,9,0.009533898305084746,-0.2330508474576271,3.218654052965117,4.5,-4.5,0.3834745762711864
P47821,323,2,0.006191950464396285,-0.1396284829721362,3.1358768631731038,4.5,-4.5,0.39009287925696595
P32855,1065,11,0.010328638497652582,-0.3668544600938968,3.2038503775502583,4.5,-4.5,0.3671361502347418
P13382,1468,10,0.006811989100817439,-0.5566757493188011,3.135711568687474,4.5,-4.5,0.3399182561307902
P38759,282,5,0.01773049645390071,-0.5163120567375887,3.022999874800878,4.5,-4.5,0.32269503546099293
Q12158,566,7,0.012367491166077738,-0.646113074204947,3.0265802602970697,4.5,-4.5,0.3127208480565371
Q04002,1493,18,0.012056262558606833,-0.1298727394507703,3.2425717753917147,4.5,-4.5,0.39986604152712657
P38181,1502,11,0.007323568575233023,-0.18854860186418113,3.11149056336886,4.5,-4.5,0.3774966711051931
P21827,482,1,0.002074688796680498,-0.43568464730290457,2.9975599427027717,4.5,-4.5,0.35269709543568467
Q12499,511,1,0.0019569471624266144,-0.6428571428571429,3.131573767828115,4.5,-4.5,0.3561643835616438
P47103,393,4,0.010178117048346057,-0.623409669211196,3.0968442572721733,4.5,-4.5,0.33078880407124683
P25582,841,4,0.0047562425683709865,-0.889179548156956,3.1322289104643084,4.5,-4.5,0.31747919143876335
P38228,572,4,0.006993006993006993,-0.3062937062937063,3.1423225739080096,4.5,-4.5,0.36538461538461536
P10363,409,1,0.0024449877750611247,-0.6048899755501224,3.1127351866835458,4.5,-4.5,0.35207823960880197
Q04636,552,6,0.010869565217391304,-0.7432971014492755,3.065048170672416,4.5,-4.5,0.3134057971014493
P40202,249,4,0.01606425702811245,-0.3469879518072289,3.0479437014294994,4.5,-4.5,0.3534136546184739
P38132,845,6,0.007100591715976331,-0.334792899408284,3.143603835640321,4.5,-4.5,0.3763313609467456
P29496,775,5,0.0064516129032258064,-0.3123870967741935,3.1291184131803758,4.5,-4.5,0.3574193548387097
P00549,500,3,0.006,-0.148,3.1172898485703895,4.5,-4.5,0.392
P21965,375,2,0.005333333333333333,-0.3413333333333333,3.140806407419739,4.5,-4.5,0.368
P32562,705,4,0.005673758865248227,-0.48808510638297875,3.1296114717945596,4.5,-4.5,0.3446808510638298
P22216,821,11,0.013398294762484775,-0.4967113276492084,3.1180588922083756,4.5,-4.5,0.3373934226552984
P07261,785,10,0.012738853503184714,-0.5721019108280255,2.990507068148482,4.5,-4.5,0.30318471337579617
Q06639,885,11,0.012429378531073447,-0.3405649717514124,3.1834305692572435,4.5,-4.5,0.36610169491525424
P49956,741,9,0.012145748987854251,-0.507557354925776,3.1643505299508172,4.5,-4.5,0.34547908232118757
P40339,323,3,0.009287925696594427,-0.18266253869969043,3.2221672754739705,4.5,-4.5,0.3993808049535604
P25559,380,1,0.002631578947368421,-0.3418421052631579,3.176958455457174,4.5,-4.5,0.3684210526315789
P40348,353,3,0.0084985835694051,-0.3362606232294618,3.1400167192598416,4.5,-4.5,0.36827195467422097
P38877,133,0,0.0,-0.3992481203007519,3.178014139485088,4.5,-4.5,0.3684210526315789
P32381,391,2,0.005115089514066497,-0.250383631713555,3.0952803947933254,4.5,-4.5,0.3734015345268542
P33204,171,2,0.011695906432748537,-0.17777777777777784,3.2462443937676,4.5,-4.5,0.4152046783625731
P40518,154,1,0.006493506493506494,-0.32077922077922083,3.0686448492774128,4.5,-4.5,0.35064935064935066
P07276,1031,12,0.011639185257032008,-0.8069835111542192,3.0646872867531703,4.5,-4.5,0.30746847720659554
P40512,444,4,0.009009009009009009,-0.12117117117117121,3.2231150616182105,4.5,-4.5,0.39864864864864863
P38249,964,2,0.002074688796680498,-0.6698132780082988,3.139712101661149,4.5,-4.5,0.3495850622406639
P19524,1574,8,0.005082592121982211,-0.4038754764930115,3.187438253092382,4.5,-4.5,0.3653113087674714
Q06032,482,11,0.022821576763485476,-0.6132780082987552,3.025779629565707,4.5,-4.5,0.3029045643153527
P34252,453,5,0.011037527593818985,-1.0589403973509934,3.046481809542537,4.5,-4.5,0.26048565121412803
P35207,1287,9,0.006993006993006993,-0.40326340326340326,3.173058974950363,4.5,-4.5,0.3667443667443667
P20449,482,0,0.0,-0.37344398340248963,3.1759469731597725,4.5,-4.5,0.37344398340248963
Q12241,283,2,0.007067137809187279,-0.8010600706713781,3.1742168461681253,4.5,-4.5,0.303886925795053
P53168,247,4,0.016194331983805668,-0.7919028340080972,3.018072289862202,4.5,-4.5,0.2874493927125506
P31384,837,8,0.009557945041816009,-0.5599761051373954,2.9862746957654145,4.5,-4.5,0.33691756272401435
P10964,1664,10,0.006009615384615385,-0.46015624999999993,3.07483078405722,4.5,-4.5,0.34915865384615385
P47045,478,2,0.0041841004184100415,-0.5370292887029288,3.125664642822902,4.5,-4.5,0.3263598326359833
P40357,651,13,0.019969278033794162,-1.2685099846390169,2.7869138062136694,4.5,-4.5,0.2488479262672811
Q04359,397,4,0.010075566750629723,-1.0717884130982367,3.127880649215178,4.5,-4.5,0.2947103274559194
P52488,636,6,0.009433962264150943,-0.3433962264150944,3.1675095528716137,4.5,-4.5,0.3663522012578616
Q07688,167,4,0.023952095808383235,-0.3491017964071857,3.275967074174375,4.5,-4.5,0.3772455089820359
P39928,1220,16,0.013114754098360656,-0.325655737704918,3.0359035945796817,4.5,-4.5,0.3475409836065574
Q12038,1033,13,0.012584704743465635,-0.22633107454017426,3.0361238782433126,4.5,-4.5,0.36302032913843174
P38929,1173,10,0.008525149190110827,-0.15490196078431373,3.1405420758254867,4.5,-4.5,0.39641943734015345
Q12255,253,6,0.023715415019762844,-0.2138339920948617,3.173233896791367,4.5,-4.5,0.37549407114624506
Q04839,188,2,0.010638297872340425,-1.4420212765957447,2.8438605315576857,4.5,-4.5,0.2074468085106383
P38806,282,2,0.0070921985815602835,-0.8868794326241135,3.060038389123626,4.5,-4.5,0.2978723404255319
Q08649,445,2,0.0044943820224719105,-0.7258426966292135,3.1156700035082774,4.5,-4.5,0.30786516853932583
P43572,832,13,0.015625,-1.021514423076923,3.0407538151279283,4.5,-4.5,0.27884615384615385
P80428,489,4,0.0081799591002045,-0.49120654396728014,3.0047039427396935,4.5,-4.5,0.31901840490797545
Q12432,401,3,0.007481296758104738,-0.5850374064837905,3.003352334971259,4.5,-4.5,0.3117206982543641
P04786,769,5,0.006501950585175552,-0.9576072821846554,3.1213593612234964,4.5,-4.5,0.30039011703511054
Q02208,771,10,0.01297016861219196,-0.899870298313878,3.0042706280433156,4.5,-4.5,0.2788586251621271
P36015,200,0,0.0,-0.3994999999999999,3.0799593747320757,4.5,-4.5,0.36
P34244,1518,29,0.019104084321475624,-0.7388669301712779,2.989726243534335,4.5,-4.5,0.2951251646903821
P23293,657,11,0.0167427701674277,-0.7753424657534246,2.950515407325705,4.5,-4.5,0.2922374429223744
P32259,974,14,0.014373716632443531,-0.25564681724845995,3.0876956484336984,4.5,-4.5,0.3675564681724846
Q9URQ3,322,1,0.003105590062111801,-0.5074534161490684,3.218677109432766,4.5,-4.5,0.34782608695652173
P46957,487,6,0.012320328542094456,-0.33552361396303904,3.144492738438308,4.5,-4.5,0.3531827515400411
P40564,432,2,0.004629629629629629,-0.7659722222222222,3.030283032735994,4.5,-4.5,0.3287037037037037
Q03690,1277,12,0.009397024275646046,-0.4782302270947534,3.1051873642662997,4.5,-4.5,0.3445575567736883
P40032,644,5,0.007763975155279503,-0.6212732919254659,3.086184038436519,4.5,-4.5,0.3245341614906832
P53185,909,21,0.0231023102310231,-0.3374037403740375,3.0769393649689594,4.5,-4.5,0.34213421342134215
Q00618,327,3,0.009174311926605505,-0.5746177370030581,3.28962753495085,4.5,-4.5,0.345565749235474
P32912,316,3,0.00949367088607595,-0.929113924050633,3.151909282682771,4.5,-4.5,0.3069620253164557
P53632,584,2,0.003424657534246575,-0.6799657534246576,3.1048061504229025,4.5,-4.5,0.3116438356164384
P38989,1170,7,0.005982905982905983,-0.6217094017094017,3.2020624471663,4.5,-4.5,0.3367521367521368
Q07921,160,2,0.0125,-0.11499999999999999,3.3132725514210266,4.5,-4.5,0.41875
P41814,478,5,0.010460251046025104,-0.450418410041841,3.101657984322462,4.5,-4.5,0.34309623430962344
P37838,685,2,0.00291970802919708,-0.9575182481751825,3.0958540161130115,4.5,-4.5,0.310948905109489
P33338,968,3,0.0030991735537190084,-0.45640495867768593,3.086018907186507,4.5,-4.5,0.36673553719008267
Q03280,3268,26,0.00795593635250918,-0.2966952264381885,3.170707437039741,4.5,-4.5,0.3769889840881273
P46954,829,14,0.016887816646562123,-0.40108564535585034,3.142200603972983,4.5,-4.5,0.353437876960193
P43569,289,1,0.0034602076124567475,-0.2550173010380623,3.2708396141828167,4.5,-4.5,0.3806228373702422
P38931,1420,20,0.014084507042253521,-0.4579577464788733,3.0592091490993143,4.5,-4.5,0.33943661971830985
P39073,555,4,0.007207207207207207,-0.5052252252252252,3.0462781446970966,4.5,-4.5,0.34774774774774775
P25046,220,3,0.013636363636363636,-1.000909090909091,2.7988145365345938,4.5,-4.5,0.2545454545454545
P43601,500,4,0.008,-0.25260000000000005,2.9687393351387383,4.5,-4.5,0.348
P14736,754,2,0.002652519893899204,-0.7210875331564988,3.1268696705547274,4.5,-4.5,0.32625994694960214
P47171,1648,13,0.007888349514563107,-0.39241504854368936,3.165529908946326,4.5,-4.5,0.3604368932038835
P43565,1770,28,0.015819209039548022,-0.5915254237288136,2.9476767526399836,4.5,-4.5,0.30621468926553674
Q12224,676,26,0.038461538461538464,-1.0356508875739647,2.6741892576653625,4.5,-4.5,0.22928994082840237
Q12514,560,6,0.010714285714285714,-1.0469642857142858,2.9876157596478032,4.5,-4.5,0.2732142857142857
P39685,1337,7,0.005235602094240838,-0.32438294689603586,3.092706830466727,4.5,-4.5,0.34405385190725507
P50623,157,0,0.0,-0.7917197452229299,2.8805732308028156,4.5,-4.5,0.28662420382165604
P40969,608,7,0.011513157894736841,-0.24391447368421054,3.15983153582442,4.5,-4.5,0.38651315789473684
P32585,307,8,0.026058631921824105,-0.3019543973941369,3.0642834911086987,4.5,-4.5,0.34527687296416937
Q05775,265,2,0.007547169811320755,-0.9158490566037736,2.991102172048154,4.5,-4.5,0.32075471698113206
P38431,405,0,0.0,-0.5350617283950617,3.139978030691718,4.5,-4.5,0.3530864197530864
P32911,108,0,0.0,-0.5416666666666667,3.2380871410963192,4.5,-4.5,0.35185185185185186
P38082,220,1,0.004545454545454545,-0.8672727272727273,2.9199504694089677,4.5,-4.5,0.2818181818181818
Q03125,231,6,0.025974025974025976,-1.0255411255411255,2.866887619109452,4.5,-4.5,0.2554112554112554
P17442,1178,8,0.006791171477079796,-0.33981324278438024,3.1966560890841795,4.5,-4.5,0.3701188455008489
P38956,169,6,0.03550295857988166,-0.3816568047337278,3.1841072951193707,4.5,-4.5,0.38461538461538464
P53243,804,6,0.007462686567164179,-0.12126865671641791,3.1311638327823195,4.5,-4.5,0.38681592039800994
Q08723,338,3,0.008875739644970414,-0.5393491124260356,3.2678488739132194,4.5,-4.5,0.34911242603550297
P23638,258,2,0.007751937984496124,-0.4356589147286822,3.015818719738888,4.5,-4.5,0.34108527131782945
P30656,287,0,0.0,-0.23101045296167247,2.9704432540155135,4.5,-4.5,0.36585365853658536
Q03465,531,8,0.015065913370998116,-0.9112994350282485,2.897057473129828,4.5,-4.5,0.2693032015065913
P34909,587,11,0.018739352640545145,-0.7335604770017036,2.894331197547287,4.5,-4.5,0.28620102214650767
P50090,882,4,0.0045351473922902496,-0.7273242630385488,3.0288917705059246,4.5,-4.5,0.29705215419501135
P06102,836,10,0.011961722488038277,-0.8197368421052631,2.9838850157483034,4.5,-4.5,0.30023923444976075
P32504,956,9,0.009414225941422594,-0.7235355648535565,3.0618349247592898,4.5,-4.5,0.3117154811715481
P39113,1433,31,0.021632937892533146,-0.5684577808792742,3.013004413842392,4.5,-4.5,0.32937892533147245
P20052,293,3,0.010238907849829351,-0.42354948805460757,3.104718147134809,4.5,-4.5,0.33447098976109213
P38217,918,8,0.008714596949891068,-0.030718954248366032,3.152920582206558,4.5,-4.5,0.41938997821350765
Q03373,323,3,0.009287925696594427,-0.9764705882352941,2.8672816310786993,4.5,-4.5,0.25696594427244585
P42846,591,1,0.001692047377326565,-1.381218274111675,2.9546262794997253,4.5,-4.5,0.25888324873096447
P38165,486,5,0.0102880658436214,-0.8244855967078191,2.848159690796522,4.5,-4.5,0.2736625514403292
P47068,1157,11,0.00950734658599827,-0.8293863439930856,2.9050102554952564,4.5,-4.5,0.28694900605012963
P53901,409,4,0.009779951100244499,-0.8608801955990221,2.885769012748224,4.5,-4.5,0.27383863080684595
P39955,897,13,0.014492753623188406,-0.73835005574136,2.957367226439865,4.5,-4.5,0.2887402452619844
P40095,573,10,0.017452006980802792,-0.9106457242582896,2.74797881017219,4.5,-4.5,0.2547993019197208
Q12151,913,12,0.013143483023001095,-0.5285870755750274,2.9464820907655405,4.5,-4.5,0.3307776560788609
P17629,752,11,0.014627659574468085,-0.722872340425532,3.0904465429395254,4.5,-4.5,0.3204787234042553
P53552,1597,13,0.008140262993112084,-0.49092047589229815,3.117853968176776,4.5,-4.5,0.3431433938634941
O13539,261,1,0.0038314176245210726,-0.6808429118773945,3.135768321745165,4.5,-4.5,0.3218390804597701
P31374,1356,17,0.012536873156342183,-0.4715339233038348,3.070857068279955,4.5,-4.5,0.3355457227138643
P11710,512,8,0.015625,-0.6037109375,2.90848803249951,4.5,-4.5,0.287109375
P40494,810,8,0.009876543209876543,-0.6481481481481481,3.0187770850401057,4.5,-4.5,0.3012345679012346
P36037,715,7,0.009790209790209791,-0.24097902097902107,3.0948387702020757,4.5,-4.5,0.35664335664335667
P13186,1147,15,0.013077593722755012,-0.6108979947689626,3.021883823709595,4.5,-4.5,0.3121185701830863
P50942,1183,6,0.00507185122569738,-0.5023668639053254,3.0368229512399254,4.5,-4.5,0.3245984784446323
P37370,817,6,0.0073439412484700125,-0.49265605875153,2.5685166473809993,4.5,-4.5,0.2778457772337821
P53933,587,4,0.0068143100511073255,-0.5904599659284497,2.938120067814574,4.5,-4.5,0.303236797274276
Q06625,1536,11,0.007161458333333333,-0.40488281249999997,3.0388343025836004,4.5,-4.5,0.34375
P47115,236,4,0.01694915254237288,-1.1067796610169491,3.000627866883618,4.5,-4.5,0.2796610169491525
P53939,407,7,0.0171990171990172,-0.7636363636363637,2.863453447611533,4.5,-4.5,0.2702702702702703
Q04835,414,5,0.012077294685990338,0.2816425120772947,3.0953293796978607,4.5,-4.5,0.4227053140096618
P53733,91,0,0.0,-0.44065934065934065,3.0577222730875717,4.5,-4.5,0.3516483516483517
P53947,316,4,0.012658227848101266,-0.5392405063291138,2.8778911812327905,4.5,-4.5,0.30063291139240506
P38185,102,2,0.0196078431372549,0.08039215686274506,3.063319973162729,4.5,-4.5,0.4215686274509804
P33400,625,9,0.0144,-0.6187199999999999,2.837444195327901,4.5,-4.5,0.2912
P15274,810,4,0.0049382716049382715,-0.6504938271604938,3.0579999924240675,4.5,-4.5,0.31851851851851853
P40036,548,8,0.014598540145985401,-0.8693430656934307,2.98343509564012,4.5,-4.5,0.2864963503649635
P27637,709,12,0.01692524682651622,-1.0442877291960508,2.8229787919763334,4.5,-4.5,0.24823695345557123
P53281,241,1,0.004149377593360996,-0.6514522821576764,2.7394323485206473,4.5,-4.5,0.2987551867219917
Q03973,246,3,0.012195121951219513,-0.9288617886178863,2.9660032244148145,4.5,-4.5,0.2845528455284553
P48524,976,17,0.017418032786885244,-0.5479508196721312,3.0416972285827826,4.5,-4.5,0.3155737704918033
P40453,1071,12,0.011204481792717087,-0.5568627450980392,3.0676997192569178,4.5,-4.5,0.3183940242763772
Q12168,779,6,0.007702182284980745,-0.38382541720154045,2.9530376867349566,4.5,-4.5,0.337612323491656
P43588,306,0,0.0,-0.3830065359477125,3.1009652903545093,4.5,-4.5,0.3660130718954248
P12753,1312,9,0.006859756097560976,-0.781173780487805,3.2295705219712585,4.5,-4.5,0.3239329268292683
P40963,338,1,0.0029585798816568047,-0.33047337278106503,3.05537460503645,4.5,-4.5,0.3431952662721893
Q99314,248,1,0.004032258064516129,-0.40927419354838707,3.1951378569347986,4.5,-4.5,0.3790322580645161
P32447,279,1,0.0035842293906810036,-1.0781362007168458,3.0272339899972858,4.5,-4.5,0.2616487455197133
P32521,1480,20,0.013513513513513514,-0.7713513513513512,2.7774678942481503,4.5,-4.5,0.27702702702702703
P33339,1025,4,0.003902439024390244,-0.5759024390243902,3.1757026939305812,4.5,-4.5,0.3619512195121951
P53280,1122,13,0.011586452762923352,-0.303921568627451,3.128456412235958,4.5,-4.5,0.3778966131907308
Q99260,215,1,0.004651162790697674,-0.553953488372093,3.0900245649169453,4.5,-4.5,0.3302325581395349
P38080,1108,17,0.015342960288808664,-0.8296931407942237,2.911990197347432,4.5,-4.5,0.286101083032491
P40469,1032,8,0.007751937984496124,-0.0010658914728682047,3.2233175449617613,4.5,-4.5,0.42054263565891475
P09232,635,5,0.007874015748031496,-0.6603149606299212,2.9845850519453894,4.5,-4.5,0.3165354330708661
Q12377,434,2,0.004608294930875576,-0.37949308755760364,3.1402939075807996,4.5,-4.5,0.3778801843317972
Q06103,429,1,0.002331002331002331,-0.3981351981351981,3.1252406930741947,4.5,-4.5,0.36596736596736595
P38328,384,2,0.005208333333333333,-0.22057291666666667,2.989333238940276,4.5,-4.5,0.3567708333333333
P38011,319,0,0.0,-0.13103448275862067,2.9491844463338435,4.5,-4.5,0.38557993730407525
P40523,627,10,0.01594896331738437,-0.6468899521531101,2.890897951426325,4.5,-4.5,0.29984051036682613
P40340,1379,7,0.005076142131979695,-0.8013778100072516,3.110636665647644,4.5,-4.5,0.3154459753444525
Q12449,350,4,0.011428571428571429,-0.5,3.02803094907754,4.5,-4.5,0.32285714285714284
P38708,688,7,0.010174418604651164,-0.39375000000000004,3.0644537254092152,4.5,-4.5,0.3633720930232558
P40159,199,1,0.005025125628140704,-1.18391959798995,2.3216790652408714,4.5,-4.5,0.1708542713567839
Q12466,1186,2,0.0016863406408094434,-0.3564080944350758,3.137602587760329,4.5,-4.5,0.35413153456998314
P31373,394,0,0.0,-0.1444162436548223,3.04192061112814,4.5,-4.5,0.38578680203045684
Q08235,291,2,0.006872852233676976,-0.6360824742268041,3.1620663640715234,4.5,-4.5,0.33676975945017185
P53914,1056,6,0.005681818181818182,-0.40388257575757575,3.144218793205219,4.5,-4.5,0.36742424242424243
P21304,576,4,0.006944444444444444,-0.5861111111111111,2.9857267194453474,4.5,-4.5,0.3263888888888889
Q08096,367,3,0.008174386920980926,-0.025613079019073604,3.1218397588152964,4.5,-4.5,0.3869209809264305
Q12522,245,0,0.0,-0.0073469387755101855,3.0950828517545896,4.5,-4.5,0.3836734693877551
P33202,1483,15,0.010114632501685773,-0.24389750505731628,3.149797141293695,4.5,-4.5,0.37693863789615645
P09547,1314,41,0.03120243531202435,-0.6670471841704717,3.0803376960934927,4.5,-4.5,0.3188736681887367
P07283,254,2,0.007874015748031496,-0.3858267716535433,3.1160171532143077,4.5,-4.5,0.35826771653543305
P53731,342,0,0.0,-0.28713450292397663,3.1966097683559576,4.5,-4.5,0.38011695906432746
P32497,812,6,0.007389162561576354,-0.5231527093596059,3.140029322967167,4.5,-4.5,0.3460591133004926
P35182,281,4,0.014234875444839857,-0.2302491103202847,3.1492375412104052,4.5,-4.5,0.3879003558718861
P48234,707,7,0.009900990099009901,-0.9674681753889675,3.0432692370656396,4.5,-4.5,0.2814710042432815
P40988,552,2,0.0036231884057971015,-0.020471014492753663,3.123739942348068,4.5,-4.5,0.3967391304347826
P47113,574,5,0.008710801393728223,-0.9898954703832753,2.963283267638313,4.5,-4.5,0.27526132404181186
Q12734,1121,19,0.01694915254237288,-0.6865298840321142,2.910966468660737,4.5,-4.5,0.28991971454058874
Q07457,700,10,0.014285714285714285,-0.805,3.179036803813381,4.5,-4.5,0.32571428571428573
Q02796,332,8,0.024096385542168676,-1.3379518072289156,2.480187643035383,4.5,-4.5,0.1716867469879518
Q06538,782,3,0.0038363171355498722,0.08682864450127874,3.0717869569266534,4.5,-4.5,0.40664961636828645
P53974,638,10,0.01567398119122257,-0.5404388714733543,3.0117004531168194,4.5,-4.5,0.322884012539185
P07244,802,2,0.0024937655860349127,0.005610972568578562,3.0558812008151697,4.5,-4.5,0.4014962593516209
Q08446,395,4,0.010126582278481013,-0.7539240506329115,2.936510207161443,4.5,-4.5,0.29620253164556964
P04821,1589,30,0.018879798615481436,-0.5262429200755192,3.0111451953006863,4.5,-4.5,0.32158590308370044
Q04225,511,2,0.003913894324853229,-0.6632093933463797,3.0269527463700463,4.5,-4.5,0.30332681017612523
P38257,691,7,0.010130246020260492,-0.7342981186685962,3.091109780287343,4.5,-4.5,0.3140376266280753
P14359,133,0,0.0,-0.3676691729323309,3.1062282539667656,4.5,-4.5,0.39849624060150374
Q04003,481,2,0.004158004158004158,-0.8478170478170478,3.1344442181932495,4.5,-4.5,0.30145530145530147
P08566,1588,12,0.007556675062972292,-0.12159949622166248,3.0701505490371144,4.5,-4.5,0.38476070528967254
Q12527,1178,12,0.010186757215619695,-0.4845500848896434,3.1642955603896565,4.5,-4.5,0.3438030560271647
P18759,758,5,0.006596306068601583,-0.24195250659630607,3.15123754018698,4.5,-4.5,0.3839050131926121
Q04373,656,1,0.001524390243902439,-0.5934451219512196,3.1907597664556797,4.5,-4.5,0.33689024390243905
P12962,161,1,0.006211180124223602,-0.8838509316770187,3.023528862973207,4.5,-4.5,0.2981366459627329
P38788,538,5,0.00929368029739777,-0.200185873605948,3.1171757011865893,4.5,-4.5,0.3940520446096654
P32908,1225,9,0.007346938775510204,-0.7397551020408164,3.2082437088112608,4.5,-4.5,0.32571428571428573
P47037,1230,12,0.00975609756097561,-0.6731707317073171,3.254112424308305,4.5,-4.5,0.33658536585365856
Q00764,495,2,0.00404040404040404,-0.2236363636363636,3.0967736402390966,4.5,-4.5,0.36363636363636365
Q08496,732,5,0.006830601092896175,-0.34193989071038255,3.2497966404126193,4.5,-4.5,0.37841530054644806
P53861,379,2,0.005277044854881266,-0.8923482849604222,3.080043779469202,4.5,-4.5,0.287598944591029
Q12754,1228,6,0.004885993485342019,-0.21628664495114008,3.14997987004335,4.5,-4.5,0.38925081433224756
Q02908,557,0,0.0,-0.5265709156193895,3.071881729765579,4.5,-4.5,0.3267504488330341
P46947,266,3,0.011278195488721804,-1.1958646616541355,2.884939797607373,4.5,-4.5,0.24436090225563908
P02293,131,0,0.0,-0.7000000000000002,2.8443596255377614,4.5,-4.5,0.31297709923664124
P38203,95,1,0.010526315789473684,-0.2936842105263158,3.336900879442537,4.5,-4.5,0.3894736842105263
P47019,175,3,0.017142857142857144,-0.7605714285714287,3.0284158450602923,4.5,-4.5,0.3028571428571429
P53323,261,1,0.0038314176245210726,-0.4191570881226054,3.094887772437367,4.5,-4.5,0.3448275862068966
Q03835,250,1,0.004,-0.47,3.083092603215155,4.5,-4.5,0.348
P50094,524,2,0.003816793893129771,-0.0979007633587786,2.99307970618169,4.5,-4.5,0.38549618320610685
P47122,385,3,0.007792207792207792,-0.4667532467532467,3.037161371882155,4.5,-4.5,0.35324675324675325
P36132,386,0,0.0,-0.13963730569948188,3.1357472393804096,4.5,-4.5,0.40414507772020725
P40413,562,0,0.0,-0.25338078291814947,3.1944342657960445,4.5,-4.5,0.3914590747330961
Q05785,613,3,0.004893964110929853,-1.3725938009787928,2.804907019205624,4.5,-4.5,0.2398042414355628
P20424,541,2,0.0036968576709796672,-0.3432532347504621,2.985283644278442,4.5,-4.5,0.3844731977818854
P33322,483,1,0.002070393374741201,-0.7378881987577638,3.119721760554438,4.5,-4.5,0.3167701863354037
P25294,352,0,0.0,-0.6701704545454545,2.7021439245767547,4.5,-4.5,0.26704545454545453
P40468,2376,26,0.010942760942760943,-0.16123737373737376,3.1288491420576223,4.5,-4.5,0.3930976430976431
P32366,345,2,0.005797101449275362,-0.3089855072463768,3.066245471198455,4.5,-4.5,0.3681159420289855
P15705,589,5,0.008488964346349746,-0.8728353140916808,2.932779835533256,4.5,-4.5,0.32597623089983024
Q07657,551,6,0.010889292196007259,-0.7362976406533576,3.060560559543508,4.5,-4.5,0.30490018148820325
P05694,767,3,0.003911342894393742,-0.2810951760104302,3.1162977147995448,4.5,-4.5,0.379400260756193
P10127,382,7,0.01832460732984293,-0.09319371727748692,3.0279424284335676,4.5,-4.5,0.418848167539267
Q12398,434,6,0.013824884792626729,-0.8550691244239632,2.912136470034776,4.5,-4.5,0.27419354838709675
P07806,1104,6,0.005434782608695652,-0.4801630434782609,3.1045337888128377,4.5,-4.5,0.34601449275362317
P17255,1071,6,0.0056022408963585435,-0.29393090569561164,3.028015862935281,4.5,-4.5,0.3604108309990663
P39077,534,3,0.0056179775280898875,-0.14382022471910108,3.2363902901230786,4.5,-4.5,0.41198501872659177
P36041,632,8,0.012658227848101266,-1.0166139240506329,2.7239722117597003,4.5,-4.5,0.2468354430379747
P53883,403,8,0.019851116625310174,-1.0483870967741935,3.0165656986752465,4.5,-4.5,0.2853598014888337
P38352,637,5,0.007849293563579277,-0.46828885400313974,2.8940689185944333,4.5,-4.5,0.3139717425431711
Q06479,807,17,0.021065675340768277,-0.4707558859975217,3.084178323996939,4.5,-4.5,0.33209417596034696
P39076,527,3,0.0056925996204933585,-0.15332068311195443,3.1473285225491074,4.5,-4.5,0.4060721062618596
Q05979,453,0,0.0,-0.22119205298013248,3.031663862547707,4.5,-4.5,0.37527593818984545
Q06218,594,3,0.005050505050505051,-0.5080808080808081,3.244145520023141,4.5,-4.5,0.3552188552188552
Q08902,515,1,0.001941747572815534,0.5071844660194175,2.7495678098074925,4.5,-4.5,0.46601941747572817
P53197,566,5,0.0088339222614841,-0.5012367491166079,2.9428445693745973,4.5,-4.5,0.3127208480565371
P54072,576,7,0.012152777777777778,0.23593749999999997,3.004726049905821,4.5,-4.5,0.4322916666666667
P09880,827,6,0.007255139056831923,-0.5164449818621524,3.1859570093763865,4.5,-4.5,0.3482466747279323
Q04599,285,1,0.0035087719298245615,-0.23087719298245613,3.0646303006488855,4.5,-4.5,0.3824561403508772
P40010,520,5,0.009615384615384616,-0.5763461538461538,3.107224539957802,4.5,-4.5,0.34615384615384615
P53261,605,1,0.001652892561983471,-0.8160330578512397,3.1385142769590475,4.5,-4.5,0.32066115702479336
P09436,1072,4,0.0037313432835820895,-0.3403917910447761,3.128030028856045,4.5,-4.5,0.36007462686567165
P51534,789,8,0.010139416983523447,-0.02927756653992396,3.2442312433331835,4.5,-4.5,0.4220532319391635
Q08968,688,4,0.005813953488372093,-0.34738372093023256,3.0415139500867325,4.5,-4.5,0.3793604651162791
P07256,457,4,0.0087527352297593,-0.23150984682713344,3.0577541629826674,4.5,-4.5,0.37636761487964987
P41735,233,1,0.004291845493562232,-0.307725321888412,3.0432547620712818,4.5,-4.5,0.3776824034334764
Q07896,663,7,0.010558069381598794,-0.5711915535444947,3.1662244095409124,4.5,-4.5,0.3514328808446455
Q05949,395,2,0.005063291139240506,-0.4002531645569619,3.143049383891159,4.5,-4.5,0.3670886075949367
P30283,435,2,0.004597701149425287,-0.5829885057471265,3.131961346094664,4.5,-4.5,0.3563218390804598
P20486,150,0,0.0,-0.9879999999999999,2.9289570384922574,4.5,-4.5,0.2866666666666667
P36010,153,0,0.0,-0.3673202614379085,3.1042629357959988,4.5,-4.5,0.35294117647058826
P39676,399,1,0.002506265664160401,-0.19122807017543858,3.1099320634399823,4.5,-4.5,0.40100250626566414
P33892,2672,12,0.004491017964071856,0.04408682634730536,3.2097942933519645,4.5,-4.5,0.43300898203592814
P46956,311,3,0.00964630225080386,0.0006430868167202321,3.184276014159155,4.5,-4.5,0.40514469453376206
Q01560,414,0,0.0,-1.0954106280193237,2.6198154599026657,4.5,-4.5,0.21497584541062803
Q03957,528,11,0.020833333333333332,-0.8632575757575759,2.9589640376454347,4.5,-4.5,0.2727272727272727
Q08965,1183,5,0.00422654268808115,-0.8385460693153001,3.0570128209337835,4.5,-4.5,0.31022823330515636
Q12389,995,5,0.005025125628140704,-0.7509547738693467,3.0901930454675655,4.5,-4.5,0.32864321608040203
P24279,971,8,0.008238928939237899,-0.47322348094747685,3.0860110619477847,4.5,-4.5,0.3470648815653965
Q08962,181,1,0.0055248618784530384,-0.15303867403314922,3.123083570360325,4.5,-4.5,0.39779005524861877
P53011,349,2,0.0057306590257879654,-0.45673352435530096,2.970444997784786,4.5,-4.5,0.335243553008596
P38789,453,3,0.006622516556291391,-0.8958057395143488,3.1520910158841207,4.5,-4.5,0.3068432671081678
P38164,1038,12,0.011560693641618497,-0.559344894026975,3.0311746253510057,4.5,-4.5,0.32755298651252407
P38779,376,2,0.005319148936170213,-0.5933510638297872,3.180807378462557,4.5,-4.5,0.3324468085106383
P32601,143,2,0.013986013986013986,-0.24615384615384617,3.193716935553814,4.5,-4.5,0.3776223776223776
Q03862,593,4,0.006745362563237774,-0.23086003372681282,3.051460066134819,4.5,-4.5,0.35581787521079256
P39009,513,5,0.009746588693957114,-0.5417153996101364,3.1594060470402887,4.5,-4.5,0.3333333333333333
P38075,228,0,0.0,-0.8666666666666665,3.043231392770113,4.5,-4.5,0.29385964912280704
P22203,233,3,0.012875536480686695,-0.529184549356223,3.2815922709706524,4.5,-4.5,0.37339055793991416
P36049,427,3,0.00702576112412178,-1.488758782201405,2.945987642550038,4.5,-4.5,0.2505854800936768
Q12159,226,2,0.008849557522123894,-0.9513274336283186,3.0809610914079264,4.5,-4.5,0.3053097345132743
P43583,2143,19,0.008866075594960336,-0.1958936070928605,3.1735199785846886,4.5,-4.5,0.3901073261782548
P38201,376,6,0.015957446808510637,-0.8430851063829787,2.8981569809749654,4.5,-4.5,0.27393617021276595
P46672,376,0,0.0,-0.6061170212765957,3.1100112586386586,4.5,-4.5,0.35106382978723405
P38333,483,3,0.006211180124223602,-0.6331262939958593,3.0975145246514404,4.5,-4.5,0.34368530020703936
P43586,204,1,0.004901960784313725,-1.272549019607843,3.1342246394817224,4.5,-4.5,0.27941176470588236
Q08208,459,1,0.002178649237472767,-0.9485838779956428,3.0775052070807876,4.5,-4.5,0.3028322440087146
P06738,902,6,0.0066518847006651885,-0.39268292682926836,3.121698558927931,4.5,-4.5,0.360310421286031
Q05016,267,2,0.00749063670411985,-0.12172284644194759,3.1788474623837346,4.5,-4.5,0.4157303370786517
P32801,640,8,0.0125,-0.48656249999999995,3.088882392321493,4.5,-4.5,0.3234375
P40078,261,3,0.011494252873563218,-0.7858237547892721,3.121521848542785,4.5,-4.5,0.3103448275862069
P38194,122,0,0.0,-0.748360655737705,2.9966712025440736,4.5,-4.5,0.30327868852459017
P47120,325,2,0.006153846153846154,-0.3513846153846154,3.1275804739929196,4.5,-4.5,0.40307692307692305
P12612,559,2,0.0035778175313059034,-0.035062611806797865,3.1881917567257463,4.5,-4.5,0.4203935599284436
Q00362,526,4,0.0076045627376425855,-0.6695817490494298,3.019679844783234,4.5,-4.5,0.311787072243346
P31383,635,2,0.0031496062992125984,0.08551181102362207,3.2335219356188407,4.5,-4.5,0.4456692913385827
P08678,2026,37,0.01826258637709773,-0.5241362290227048,3.0316648847694756,4.5,-4.5,0.3272458045409674
P30606,609,6,0.009852216748768473,0.22249589490968802,2.986307506363192,4.5,-4.5,0.42528735632183906
Q12024,460,0,0.0,-0.47152173913043477,3.0694415774458874,4.5,-4.5,0.3173913043478261
P39984,401,2,0.004987531172069825,-0.515211970074813,3.0018935034310434,4.5,-4.5,0.3192019950124688
P36139,283,4,0.014134275618374558,-0.3512367491166078,2.9933536902568982,4.5,-4.5,0.3286219081272085
P22515,1024,6,0.005859375,-0.32021484375,3.1123135537678657,4.5,-4.5,0.3681640625
P32485,435,1,0.0022988505747126436,-0.24183908045977012,3.065911399524958,4.5,-4.5,0.39080459770114945
P09032,578,5,0.00865051903114187,-0.5525951557093426,3.091925276536591,4.5,-4.5,0.3373702422145329
Q03532,505,3,0.005940594059405941,-0.3546534653465347,3.128663892335011,4.5,-4.5,0.3683168316831683
Q07963,1872,16,0.008547008547008548,-0.33573717948717946,3.1128506721321787,4.5,-4.5,0.3680555555555556
P39744,710,8,0.011267605633802818,-0.576056338028169,3.1366917527477267,4.5,-4.5,0.3436619718309859
P23776,448,2,0.004464285714285714,-0.45156250000000003,2.9638216258780354,4.5,-4.5,0.33035714285714285
Q06205,392,1,0.002551020408163265,-1.049234693877551,2.961952511370272,4.5,-4.5,0.2602040816326531
P40991,618,2,0.003236245954692557,-0.7378640776699029,3.08186415988306,4.5,-4.5,0.3365695792880259
P53191,635,8,0.012598425196850394,-0.9592125984251969,2.904824552225376,4.5,-4.5,0.25826771653543307
P53927,220,0,0.0,-1.0804545454545453,3.026493586603491,4.5,-4.5,0.2727272727272727
P22696,170,1,0.0058823529411764705,-0.9488235294117646,2.952431465266116,4.5,-4.5,0.2647058823529412
P40050,688,5,0.007267441860465116,-0.38139534883720927,3.231387189626259,4.5,-4.5,0.373546511627907
P36160,344,1,0.0029069767441860465,-0.6694767441860465,3.1189077852214515,4.5,-4.5,0.3430232558139535
P21268,830,8,0.00963855421686747,-0.46469879518072293,3.0691107135335245,4.5,-4.5,0.336144578313253
P53599,1579,20,0.01266624445851805,-0.4604813172894237,3.0864772816690125,4.5,-4.5,0.34388853704876504
P39521,936,12,0.01282051282051282,-0.9021367521367522,2.9384344715667927,4.5,-4.5,0.27884615384615385
P41813,862,12,0.013921113689095127,-0.7767981438515082,2.8423536787127928,4.5,-4.5,0.27958236658932717
P33441,392,3,0.007653061224489796,-1.050765306122449,3.0983701156398684,4.5,-4.5,0.2653061224489796
P53851,422,4,0.009478672985781991,-0.3274881516587679,3.011329766193017,4.5,-4.5,0.33649289099526064
Q05791,360,4,0.011111111111111112,-0.5316666666666667,3.1518420539953036,4.5,-4.5,0.35
P32502,381,4,0.010498687664041995,-0.21076115485564306,3.158966690114381,4.5,-4.5,0.38320209973753283
P15703,313,2,0.006389776357827476,-0.20958466453674124,2.8005768723446587,4.5,-4.5,0.35782747603833864
P40850,830,8,0.00963855421686747,-0.2413253012048193,3.054953027889768,4.5,-4.5,0.3674698795180723
P33333,303,3,0.009900990099009901,-0.0019801980198019616,3.1175743786168986,4.5,-4.5,0.40924092409240925
P23561,717,2,0.002789400278940028,-0.4446304044630405,3.1506329370216144,4.5,-4.5,0.3528591352859135
P00931,707,4,0.005657708628005658,-0.16223479490806225,3.018941070900068,4.5,-4.5,0.38330975954738333
P32610,256,2,0.0078125,-0.61796875,3.1904504382647034,4.5,-4.5,0.35546875
P33329,710,7,0.009859154929577466,-0.7225352112676057,2.8742223532782063,4.5,-4.5,0.28732394366197184
P08539,472,5,0.01059322033898305,-0.5182203389830509,3.1959399909927915,4.5,-4.5,0.3622881355932203
P10823,449,8,0.017817371937639197,-0.5436525612472161,3.0350016088464544,4.5,-4.5,0.3273942093541203
P39954,449,1,0.0022271714922048997,0.003786191536748328,3.096403389390923,4.5,-4.5,0.4298440979955457
P53944,314,2,0.006369426751592357,-0.19235668789808918,3.1528278965692382,4.5,-4.5,0.3821656050955414
Q12092,213,5,0.023474178403755867,-0.8605633802816902,3.0412104802117983,4.5,-4.5,0.29107981220657275
Q06822,443,3,0.006772009029345372,-0.19796839729119642,3.165833463075923,4.5,-4.5,0.37020316027088035
P40856,1058,11,0.010396975425330813,-0.7515122873345935,3.0744607132097483,4.5,-4.5,0.31096408317580343
Q07381,788,2,0.0025380710659898475,-0.630964467005076,3.134943969051558,4.5,-4.5,0.3362944162436548
P53136,463,1,0.0021598272138228943,-0.3710583153347733,3.156477854141156,4.5,-4.5,0.36285097192224625
P36123,1033,9,0.008712487899322363,-0.7417231364956438,3.0382510975348738,4.5,-4.5,0.30300096805421106
P07284,462,4,0.008658008658008658,-0.6528138528138528,3.1190419712089605,4.5,-4.5,0.33116883116883117
Q12032,185,1,0.005405405405405406,-0.5243243243243243,3.1943028174248487,4.5,-4.5,0.3675675675675676
P32528,1835,11,0.005994550408719346,-0.1768392370572207,3.0543100085135806,4.5,-4.5,0.37220708446866485
P46943,645,4,0.006201550387596899,-0.31968992248062017,3.2262393058932703,4.5,-4.5,0.37829457364341085
P32836,220,0,0.0,-0.38363636363636366,3.0955254297050145,4.5,-4.5,0.37272727272727274
P38130,404,0,0.0,-0.4272277227722773,3.0339989683949375,4.5,-4.5,0.3415841584158416
Q12447,191,0,0.0,-0.2570680628272251,3.275298602042297,4.5,-4.5,0.3769633507853403
P41819,318,3,0.009433962264150943,-0.2974842767295598,3.187030511692221,4.5,-4.5,0.3867924528301887
Q07395,620,8,0.012903225806451613,-0.1279032258064516,3.23783262687666,4.5,-4.5,0.3951612903225806
Q04233,774,13,0.016795865633074936,-0.8790697674418603,2.858524793061716,4.5,-4.5,0.25064599483204136
P38691,1029,16,0.015549076773566569,-0.9768707482993197,2.8629514974555232,4.5,-4.5,0.26044703595724006
P08004,1131,12,0.010610079575596816,-0.36304155614500455,3.035034909648054,4.5,-4.5,0.34924845269672855
P42935,788,0,0.0,-0.29035532994923857,3.07188550965047,4.5,-4.5,0.3616751269035533
P40693,322,1,0.003105590062111801,-0.5357142857142857,3.3127081140363286,4.5,-4.5,0.36024844720496896
P40160,425,1,0.002352941176470588,-0.7861176470588235,3.0517914099244363,4.5,-4.5,0.31058823529411766
Q12019,4910,27,0.0054989816700610995,-0.39260692464358454,3.1570720932388037,4.5,-4.5,0.3631364562118126
P50101,1230,8,0.0065040650406504065,-0.526178861788618,3.122105428948849,4.5,-4.5,0.33658536585365856
P09064,285,2,0.007017543859649123,-0.6789473684210526,3.0607152496328665,4.5,-4.5,0.3298245614035088
Q07844,837,3,0.0035842293906810036,-0.41075268817204297,3.1452384268946734,4.5,-4.5,0.36200716845878134
P32657,1468,12,0.008174386920980926,-0.8449591280653952,3.0364624182431528,4.5,-4.5,0.29904632152588556
Q06580,163,2,0.012269938650306749,-0.5920245398773007,3.0457449267637293,4.5,-4.5,0.3312883435582822
Q04693,1361,12,0.00881704628949302,-0.20756796473181485,3.147931461045657,4.5,-4.5,0.3783982365907421
Q06679,776,9,0.011597938144329897,-0.40283505154639176,3.163486463011654,4.5,-4.5,0.3440721649484536
P25367,405,9,0.022222222222222223,-1.137283950617284,2.386405433844109,4.5,-4.5,0.20987654320987653
P40565,148,0,0.0,-0.7655405405405407,3.1541631184969168,4.5,-4.5,0.30405405405405406
P25374,497,3,0.006036217303822937,-0.24728370221327964,3.0048447912183165,4.5,-4.5,0.3782696177062374
Q02931,896,14,0.015625,-0.328125,3.118437976446931,4.5,-4.5,0.34598214285714285
P39985,1022,6,0.005870841487279843,-0.2925636007827789,3.197164760875776,4.5,-4.5,0.3835616438356164
P12754,651,5,0.007680491551459293,-0.33579109062980034,3.0581301244464045,4.5,-4.5,0.3655913978494624
P53962,389,0,0.0,-0.4748071979434447,3.0865880825119834,4.5,-4.5,0.3341902313624679
P46970,1048,4,0.003816793893129771,-0.09713740458015273,3.163971712324109,4.5,-4.5,0.40553435114503816
P15625,503,4,0.007952286282306162,-0.474155069582505,3.093417630387657,4.5,-4.5,0.3518886679920477
Q03162,620,9,0.014516129032258065,-0.6433870967741935,3.0835471005197617,4.5,-4.5,0.3209677419354839
P15442,1659,21,0.012658227848101266,-0.48499095840867995,3.122947429576579,4.5,-4.5,0.3411693791440627
P40007,231,1,0.004329004329004329,-1.2424242424242424,3.0898831163706206,4.5,-4.5,0.2683982683982684
P24276,1250,14,0.0112,-0.70192,3.004742304025422,4.5,-4.5,0.3056
Q02574,474,4,0.008438818565400843,-0.4164556962025317,3.0903728440995146,4.5,-4.5,0.33755274261603374
P22134,296,0,0.0,-0.41013513513513516,3.164440086779899,4.5,-4.5,0.38513513513513514
Q02647,92,1,0.010869565217391304,-0.2793478260869564,3.126831221494481,4.5,-4.5,0.358695652173913
P15873,258,1,0.003875968992248062,0.0003875968992248255,3.2069268302737877,4.5,-4.5,0.42248062015503873
P40048,928,13,0.014008620689655173,-0.4943965517241379,3.043391452377085,4.5,-4.5,0.3254310344827586
P25635,923,9,0.009750812567713976,-0.3592632719393282,3.0831011633325094,4.5,-4.5,0.3607800650054171
P53133,265,1,0.0037735849056603774,-0.31169811320754715,3.297474010854459,4.5,-4.5,0.38113207547169814
P21243,252,2,0.007936507936507936,-0.2511904761904762,3.0360856448861746,4.5,-4.5,0.3888888888888889
P34221,468,5,0.010683760683760684,-0.40363247863247864,3.0298810393794824,4.5,-4.5,0.3547008547008547
P20457,528,3,0.005681818181818182,-0.6547348484848485,3.129257149625539,4.5,-4.5,0.3352272727272727
Q04377,747,2,0.002677376171352075,-0.2548862115127175,3.2590333044357886,4.5,-4.5,0.3855421686746988
P42838,414,6,0.014492753623188406,-0.4973429951690821,3.0147652255932136,4.5,-4.5,0.3333333333333333
P38013,176,0,0.0,-0.04829545454545459,2.9646204423588642,4.5,-4.5,0.38636363636363635
P10962,306,3,0.00980392156862745,-1.184967320261438,2.9733955687197695,4.5,-4.5,0.27450980392156865
Q08387,944,8,0.00847457627118644,-0.35773305084745766,3.1995966954420854,4.5,-4.5,0.3580508474576271
P53117,311,1,0.003215434083601286,-0.054983922829582,3.111936243922215,4.5,-4.5,0.3954983922829582
Q12277,265,4,0.01509433962264151,0.07660377358490564,3.150582421985117,4.5,-4.5,0.4075471698113208
P20484,414,1,0.0024154589371980675,-0.5243961352657004,3.1385185276481735,4.5,-4.5,0.34299516908212563
P40347,161,0,0.0,-0.6521739130434783,3.1059767461128884,4.5,-4.5,0.32298136645962733
P39730,1002,4,0.003992015968063872,-0.7409181636726546,3.1227039237971352,4.5,-4.5,0.3323353293413174
P53119,910,8,0.008791208791208791,-0.35274725274725277,3.1482959165042073,4.5,-4.5,0.37142857142857144
Q07527,1436,6,0.004178272980501393,-0.10884401114206128,3.1733414373770814,4.5,-4.5,0.39623955431754876
P22133,377,2,0.005305039787798408,0.03872679045092842,3.129628493329264,4.5,-4.5,0.40318302387267907
P06839,778,1,0.0012853470437017994,-0.32017994858611826,3.1722675983735176,4.5,-4.5,0.37789203084832906
P23748,554,9,0.016245487364620937,-0.8826714801444043,2.9215845702460803,4.5,-4.5,0.27617328519855594
P38920,769,9,0.011703511053315995,-0.3213263979193758,3.2443589629880005,4.5,-4.5,0.37581274382314694
Q99312,450,2,0.0044444444444444444,-0.39599999999999996,3.1539227074302953,4.5,-4.5,0.35555555555555557
P07257,368,2,0.005434782608695652,-0.14836956521739134,3.1144905987189153,4.5,-4.5,0.39945652173913043
Q12044,265,3,0.011320754716981131,-0.5856603773584905,2.8888108864179136,4.5,-4.5,0.2981132075471698
P53152,137,1,0.0072992700729927005,-0.7401459854014599,2.881211724359401,4.5,-4.5,0.2846715328467153
P38590,489,6,0.012269938650306749,-0.4484662576687116,2.932185596370196,4.5,-4.5,0.3149284253578732
P25336,1018,8,0.007858546168958742,-0.33978388998035364,3.2022061943686944,4.5,-4.5,0.3703339882121807
P13712,422,3,0.0071090047393364926,-0.5016587677725118,2.9445382159791227,4.5,-4.5,0.31990521327014215
P35178,278,4,0.014388489208633094,-0.7953237410071943,3.1619613715755044,4.5,-4.5,0.32014388489208634
P53319,492,3,0.006097560975609756,-0.11524390243902438,3.0428563785547946,4.5,-4.5,0.40040650406504064
P53855,1592,16,0.010050251256281407,-0.2721733668341709,3.143304409878245,4.5,-4.5,0.36746231155778897
P36120,742,6,0.008086253369272238,-0.492722371967655,3.086773082101919,4.5,-4.5,0.3436657681940701
P40354,457,4,0.0087527352297593,-0.38533916849015315,3.0485035150813986,4.5,-4.5,0.350109409190372
P38713,996,13,0.013052208835341365,-0.7333333333333333,2.9931604318540295,4.5,-4.5,0.2901606425702811
P40960,533,5,0.009380863039399626,-0.4076923076923077,3.0952358421384716,4.5,-4.5,0.36585365853658536
Q12236,1081,10,0.009250693802035153,-0.744495837187789,2.9407767905051534,4.5,-4.5,0.2904717853839038
P23595,377,2,0.005305039787798408,-0.5745358090185676,3.0169088224343423,4.5,-4.5,0.32625994694960214
P38796,400,2,0.005,-0.27325000000000005,3.069512899060696,4.5,-4.5,0.3675
P53130,126,0,0.0,-0.43412698412698414,3.108466745468666,4.5,-4.5,0.35714285714285715
Q05911,482,3,0.006224066390041493,-0.18858921161825729,3.1651785527971295,4.5,-4.5,0.4107883817427386
P08018,668,9,0.01347305389221557,-0.5350299401197606,2.9434643677363463,4.5,-4.5,0.31137724550898205
Q12163,236,1,0.00423728813559322,-0.8415254237288136,2.955871097370264,4.5,-4.5,0.2796610169491525
P39079,546,3,0.005494505494505495,-0.16758241758241757,3.1595648749869496,4.5,-4.5,0.4010989010989011
Q03407,766,8,0.010443864229765013,-0.5411227154046997,3.0355497337361013,4.5,-4.5,0.34203655352480417
P22141,198,0,0.0,-0.36060606060606065,3.159123973375402,4.5,-4.5,0.35858585858585856
P40303,254,0,0.0,-0.5279527559055119,3.1250521478691926,4.5,-4.5,0.3228346456692913
Q05778,276,1,0.0036231884057971015,-0.10289855072463767,2.986162338428233,4.5,-4.5,0.36594202898550726
Q05946,817,1,0.0012239902080783353,-0.19412484700122398,3.1266047139100914,4.5,-4.5,0.37576499388004897
P38009,592,5,0.008445945945945946,-0.2032094594594595,3.0954041515660182,4.5,-4.5,0.3902027027027027
P40825,983,5,0.00508646998982706,-0.47578840284842316,3.076323750334913,4.5,-4.5,0.34689725330620547
P38115,344,3,0.00872093023255814,-0.2895348837209303,3.1220531806387624,4.5,-4.5,0.36627906976744184
P38707,554,1,0.0018050541516245488,-0.3797833935018051,3.053776017903418,4.5,-4.5,0.36101083032490977
P14065,312,3,0.009615384615384616,-0.39358974358974363,3.132535621734136,4.5,-4.5,0.34935897435897434
P15180,591,1,0.001692047377326565,-0.6016920473773266,3.0996147099556812,4.5,-4.5,0.3536379018612521
Q07551,312,1,0.003205128205128205,-0.3794871794871795,3.087614172055288,4.5,-4.5,0.3557692307692308
Q12263,1142,12,0.010507880910683012,-0.7961471103327497,3.1019573289824445,4.5,-4.5,0.2968476357267951
P53879,331,6,0.01812688821752266,-0.8308157099697885,2.891923162241536,4.5,-4.5,0.2719033232628399
P40485,686,15,0.021865889212827987,-0.6959183673469388,3.0385253662754526,4.5,-4.5,0.30903790087463556
P25451,205,0,0.0,-0.012682926829268342,3.054901718422493,4.5,-4.5,0.40487804878048783
Q06170,240,1,0.004166666666666667,-0.5870833333333333,3.012716076851953,4.5,-4.5,0.3375
P40422,70,0,0.0,-0.32571428571428573,3.0441365519534065,4.5,-4.5,0.4142857142857143
P38797,343,3,0.008746355685131196,-0.4005830903790087,3.0166785566634395,4.5,-4.5,0.34110787172011664
P38885,310,1,0.0032258064516129032,-0.19548387096774192,3.0691039342807005,4.5,-4.5,0.3967741935483871
P34227,261,1,0.0038314176245210726,-0.28812260536398465,3.149039371905476,4.5,-4.5,0.37547892720306514
P36040,267,2,0.00749063670411985,-0.1367041198501873,3.1627397095725995,4.5,-4.5,0.3970037453183521
Q04013,314,3,0.009554140127388535,-0.10668789808917202,2.9674647414526043,4.5,-4.5,0.37261146496815284
Q12417,451,2,0.004434589800443459,-0.42217294900221725,3.0289725415477213,4.5,-4.5,0.3348115299334812
P40562,993,7,0.007049345417925478,-0.5813695871097684,3.1927607782405225,4.5,-4.5,0.3474320241691843
P38861,518,2,0.003861003861003861,-0.3637065637065637,3.171183500556854,4.5,-4.5,0.3764478764478765
P40217,347,0,0.0,-0.40432276657060523,2.9662965177588747,4.5,-4.5,0.3285302593659942
P29952,429,1,0.002331002331002331,-0.48951048951048953,3.069977486080555,4.5,-4.5,0.3613053613053613
P16120,514,3,0.005836575875486381,-0.28035019455252924,3.0855290262007258,4.5,-4.5,0.3754863813229572
P22470,610,22,0.036065573770491806,-1.026393442622951,2.7127280641673126,4.5,-4.5,0.2360655737704918
P40208,455,10,0.02197802197802198,-0.5745054945054945,3.042867453222683,4.5,-4.5,0.3208791208791209
P06777,1100,14,0.012727272727272728,-0.5122727272727273,3.204701704765816,4.5,-4.5,0.3472727272727273
P06838,210,3,0.014285714285714285,-0.6485714285714285,3.0581542608235437,4.5,-4.5,0.3142857142857143
P40352,1085,14,0.012903225806451613,-0.736036866359447,3.1299623764357842,4.5,-4.5,0.31152073732718893
P37366,393,1,0.002544529262086514,-0.6086513994910941,3.090208860601789,4.5,-4.5,0.3384223918575064
P53598,329,1,0.00303951367781155,-0.044984802431610973,2.9980308760097247,4.5,-4.5,0.3951367781155015
P26755,122,2,0.01639344262295082,-0.20901639344262293,3.2029444470484965,4.5,-4.5,0.38524590163934425
Q12749,1114,9,0.00807899461400359,-0.7491023339317774,3.1937922426152214,4.5,-4.5,0.3303411131059246
P28272,314,3,0.009554140127388535,-0.18821656050955415,3.0560925893835393,4.5,-4.5,0.3821656050955414
Q12265,496,7,0.014112903225806451,-0.15625000000000003,2.992767028334664,4.5,-4.5,0.3649193548387097
P35718,212,1,0.0047169811320754715,-0.24952830188679254,3.1554011442722265,4.5,-4.5,0.37264150943396224
P20435,155,0,0.0,-0.8754838709677418,3.0301781473336784,4.5,-4.5,0.3032258064516129
P11745,407,2,0.004914004914004914,-0.27665847665847676,3.2143597707695473,4.5,-4.5,0.39803439803439805
P32316,526,3,0.005703422053231939,-0.3596958174904943,3.094741508192572,4.5,-4.5,0.3688212927756654
P26637,1090,3,0.0027522935779816515,-0.4352293577981652,3.0414698270512055,4.5,-4.5,0.3669724770642202
P05317,312,2,0.00641025641025641,0.01987179487179487,3.0794171916084547,4.5,-4.5,0.42628205128205127
P53064,558,2,0.0035842293906810036,-1.3519713261648745,2.925267757723204,4.5,-4.5,0.25268817204301075
P25343,265,0,0.0,-0.5516981132075471,3.169704310862186,4.5,-4.5,0.3584905660377358
P53169,641,9,0.014040561622464899,-0.11809672386895476,3.1478418127358285,4.5,-4.5,0.3962558502340094
P40495,371,0,0.0,-0.1153638814016173,3.122521626768795,4.5,-4.5,0.39622641509433965
P38737,1868,13,0.006959314775160599,-0.07869379014989293,3.162830503660683,4.5,-4.5,0.4009635974304068
P31116,359,1,0.002785515320334262,0.050417827298050145,3.0623681540948375,4.5,-4.5,0.403899721448468
P16639,503,4,0.007952286282306162,-0.3707753479125248,3.0391221127050865,4.5,-4.5,0.35984095427435386
Q06337,982,6,0.006109979633401222,-0.870773930753564,3.042551455653296,4.5,-4.5,0.29938900203665986
Q03648,457,1,0.002188183807439825,-0.22385120350109414,3.1707739572076767,4.5,-4.5,0.37199124726477023
P25333,603,7,0.011608623548922056,-0.5930348258706468,2.8961261786911026,4.5,-4.5,0.31840796019900497
P36047,338,5,0.014792899408284023,-0.4804733727810651,3.3016900478948528,4.5,-4.5,0.34023668639053256
P53278,816,4,0.004901960784313725,-1.2580882352941178,2.877858046080627,4.5,-4.5,0.23897058823529413
P13259,424,9,0.02122641509433962,-1.1514150943396226,2.9865418061316604,4.5,-4.5,0.2617924528301887
Q06543,272,0,0.0,-0.03566176470588239,3.1686214766152605,4.5,-4.5,0.4264705882352941
Q12199,356,1,0.0028089887640449437,-0.596629213483146,3.1545739732022455,4.5,-4.5,0.3342696629213483
P22768,420,4,0.009523809523809525,-0.28309523809523807,3.0870659425718214,4.5,-4.5,0.3761904761904762
P06779,565,3,0.005309734513274336,-0.39185840707964603,3.179876590434591,4.5,-4.5,0.36283185840707965
P53163,194,1,0.005154639175257732,-0.12886597938144329,3.040193250873541,4.5,-4.5,0.3865979381443299
Q06506,573,3,0.005235602094240838,-0.6797556719022687,3.07730111286768,4.5,-4.5,0.31413612565445026
Q08236,1176,19,0.016156462585034014,-0.8455782312925171,2.9333580230682568,4.5,-4.5,0.2729591836734694
P50105,388,7,0.01804123711340206,-0.816237113402062,2.938408866278946,4.5,-4.5,0.29381443298969073
P18963,3092,36,0.01164294954721863,-0.12273609314359639,3.11921348620554,4.5,-4.5,0.3897153945666235
Q06490,572,4,0.006993006993006993,-0.036888111888111905,3.09726691522129,4.5,-4.5,0.4090909090909091
P34216,1381,17,0.012309920347574221,-0.6849384503982621,2.9066911645825626,4.5,-4.5,0.31354091238233167
Q12223,238,4,0.01680672268907563,-0.5743697478991598,2.971993682954556,4.5,-4.5,0.3067226890756303
P06778,471,3,0.006369426751592357,-0.8114649681528663,2.9502664923971365,4.5,-4.5,0.29936305732484075
P33401,570,3,0.005263157894736842,-0.2675438596491228,3.0241569976312315,4.5,-4.5,0.35964912280701755
P01120,322,8,0.024844720496894408,-0.7198757763975155,2.913745958816383,4.5,-4.5,0.2950310559006211
P38959,992,8,0.008064516129032258,-0.38417338709677423,3.170984494362169,4.5,-4.5,0.35181451612903225
P40327,437,2,0.004576659038901602,-0.494050343249428,3.1459117820208053,4.5,-4.5,0.34324942791762014
P26754,273,2,0.007326007326007326,-0.4472527472527472,2.9767108477172184,4.5,-4.5,0.326007326007326
Q03897,1148,9,0.0078397212543554,-0.5882404181184668,2.994220804802714,4.5,-4.5,0.3127177700348432
P38629,340,3,0.008823529411764706,-0.356764705882353,3.1959139543267128,4.5,-4.5,0.3764705882352941
Q12050,791,8,0.010113780025284451,-0.5739570164348926,3.1923350668337167,4.5,-4.5,0.336283185840708
P38630,861,7,0.008130081300813009,-0.5241579558652729,3.048705960042567,4.5,-4.5,0.3333333333333333
P32863,898,3,0.0033407572383073497,-0.5761692650334076,3.1247146902758205,4.5,-4.5,0.3418708240534521
P38953,406,0,0.0,-0.35591133004926107,3.2132272854867816,4.5,-4.5,0.35960591133004927
P38174,421,1,0.0023752969121140144,-0.7211401425178148,3.040425122142124,4.5,-4.5,0.3182897862232779
P32945,549,4,0.007285974499089253,-0.5092896174863387,2.9499537284354846,4.5,-4.5,0.31876138433515483
Q04049,632,2,0.0031645569620253164,-0.4034810126582279,3.1102912939439906,4.5,-4.5,0.3560126582278481
Q06440,651,1,0.0015360983102918587,-0.7262672811059907,2.987876380983413,4.5,-4.5,0.2995391705069124
P21538,810,12,0.014814814814814815,-1.1950617283950618,2.9347303590177107,4.5,-4.5,0.26666666666666666
P37302,537,8,0.0148975791433892,-0.41582867783985106,3.014321945316321,4.5,-4.5,0.35567970204841715
P33331,125,3,0.024,-0.3872000000000001,3.082673540938125,4.5,-4.5,0.36
P39990,126,0,0.0,0.2341269841269842,3.166996541675747,4.5,-4.5,0.48412698412698413
P32432,683,20,0.029282576866764276,-0.8797950219619326,2.7845792602067307,4.5,-4.5,0.2635431918008785
P32864,603,1,0.001658374792703151,-0.2718076285240465,3.0177091268493994,4.5,-4.5,0.3648424543946932
P25357,1226,17,0.013866231647634585,-0.9979608482871125,2.8766264145082494,4.5,-4.5,0.2561174551386623
Q06078,939,5,0.005324813631522897,-0.29989350372736956,3.0716661779886385,4.5,-4.5,0.35676251331203407
Q03899,556,3,0.00539568345323741,-0.27266187050359714,3.1589499611249727,4.5,-4.5,0.37949640287769787
P41808,388,1,0.002577319587628866,-0.10257731958762886,3.1611435286886507,4.5,-4.5,0.39948453608247425
Q06315,1026,23,0.022417153996101363,-0.7226120857699804,2.8487327300505645,4.5,-4.5,0.28362573099415206
P17883,1432,5,0.0034916201117318434,-0.2942039106145251,3.1838236705452725,4.5,-4.5,0.38687150837988826
Q04964,104,0,0.0,-0.7884615384615384,2.787068617614202,4.5,-4.5,0.3269230769230769
P12945,854,6,0.00702576112412178,-0.5778688524590163,3.1115204310170275,4.5,-4.5,0.35362997658079626
Q04279,960,18,0.01875,-1.2165625,2.73460590096521,4.5,-4.5,0.21770833333333334
Q08732,759,11,0.014492753623188406,-0.9620553359683796,2.910027005401925,4.5,-4.5,0.27931488801054016
P08458,490,1,0.0020408163265306124,-0.39102040816326533,3.1279779247211272,4.5,-4.5,0.3510204081632653
P33750,489,8,0.016359918200409,-0.9337423312883435,3.0104090895710622,4.5,-4.5,0.2822085889570552
P08153,709,10,0.014104372355430184,-0.9087447108603668,2.9233715544083076,4.5,-4.5,0.2651622002820874
P39518,744,5,0.006720430107526882,-0.17231182795698927,3.0970480273009144,4.5,-4.5,0.3870967741935484
Q03782,492,5,0.01016260162601626,-0.5550813008130082,3.0793758265588593,4.5,-4.5,0.3252032520325203
P38088,690,4,0.005797101449275362,-0.43753623188405805,3.152251969714875,4.5,-4.5,0.36666666666666664
P20459,304,2,0.006578947368421052,-0.4213815789473685,3.2290982832392325,4.5,-4.5,0.3684210526315789
P32944,819,11,0.013431013431013432,-0.7013431013431013,2.9874480030497863,4.5,-4.5,0.2967032967032967
P50104,949,15,0.015806111696522657,-0.5051633298208641,3.0687769021411,4.5,-4.5,0.34773445732349845
P18412,486,6,0.012345679012345678,-0.8049382716049384,2.9424759835698033,4.5,-4.5,0.2777777777777778
P28274,579,4,0.0069084628670120895,-0.23937823834196895,3.120543710697339,4.5,-4.5,0.37132987910189985
P32471,206,1,0.0048543689320388345,-0.41650485436893203,3.0370558395107805,4.5,-4.5,0.4029126213592233
P53242,292,2,0.00684931506849315,-0.5845890410958906,2.9453356732931226,4.5,-4.5,0.3150684931506849
Q12083,715,8,0.011188811188811189,-0.273986013986014,3.1761691619400465,4.5,-4.5,0.3734265734265734
P05986,398,2,0.005025125628140704,-0.5042713567839197,3.046904161865225,4.5,-4.5,0.3316582914572864
Q12338,110,1,0.00909090909090909,-0.6727272727272727,2.932169816826908,4.5,-4.5,0.2909090909090909
Q12272,230,0,0.0,-0.3169565217391304,3.269120257650245,4.5,-4.5,0.3652173913043478
P47047,1073,4,0.003727865796831314,-0.4114631873252563,3.188675354310506,4.5,-4.5,0.36905871388630007
P48510,373,4,0.010723860589812333,-0.4721179624664879,2.733659729050964,4.5,-4.5,0.36193029490616624
P54860,961,4,0.004162330905306972,-0.24755463059313212,3.1646421916592495,4.5,-4.5,0.39438085327783556
P40561,250,3,0.012,-1.2524000000000002,2.7841433583779414,4.5,-4.5,0.22
P21734,215,3,0.013953488372093023,-0.4613953488372094,3.1047821939076945,4.5,-4.5,0.3488372093023256
P34160,861,8,0.009291521486643438,-0.2763066202090592,3.1969854876052373,4.5,-4.5,0.3821138211382114
P39715,212,3,0.014150943396226415,-0.8051886792452829,3.145620114984702,4.5,-4.5,0.33490566037735847
P40534,656,19,0.028963414634146343,-0.07835365853658535,3.1130460687476424,4.5,-4.5,0.38414634146341464
P43132,505,3,0.005940594059405941,-0.7976237623762377,3.0413119721446855,4.5,-4.5,0.297029702970297
Q12505,502,6,0.01195219123505976,-0.4641434262948207,3.1015208265617416,4.5,-4.5,0.34462151394422313
Q01389,1478,24,0.016238159675236806,-0.723680649526387,2.846360254147647,4.5,-4.5,0.2746955345060893
O13534,161,2,0.012422360248447204,0.3198757763975155,2.9984430716846555,4.5,-4.5,0.43478260869565216
Q12059,462,4,0.008658008658008658,-0.21666666666666673,3.149425037427953,4.5,-4.5,0.38311688311688313
Q02205,184,3,0.016304347826086956,-0.8902173913043477,2.953482093136871,4.5,-4.5,0.28804347826086957
P46676,1062,28,0.026365348399246705,-0.8137476459510358,2.9671743494330176,4.5,-4.5,0.2871939736346516
P23624,291,5,0.01718213058419244,-0.9182130584192442,2.9264133489011304,4.5,-4.5,0.2646048109965636
P41338,398,2,0.005025125628140704,0.011306532663316564,3.0447331246777747,4.5,-4.5,0.42462311557788945
P32939,208,2,0.009615384615384616,-0.33413461538461536,3.093267848389256,4.5,-4.5,0.3798076923076923
P31412,392,5,0.012755102040816327,-0.21020408163265303,3.1512384930346578,4.5,-4.5,0.3903061224489796
P33301,854,9,0.01053864168618267,-0.6634660421545667,3.0359825197270296,4.5,-4.5,0.3091334894613583
P25569,745,10,0.013422818791946308,-0.3358389261744966,3.027931072214503,4.5,-4.5,0.3476510067114094
Q03864,110,2,0.01818181818181818,0.2554545454545454,3.2052680036475283,4.5,-4.5,0.4636363636363636
P50086,228,0,0.0,-0.22807017543859648,3.131616049708953,4.5,-4.5,0.39473684210526316
P38882,575,5,0.008695652173913044,-0.5041739130434783,3.1991928282557383,4.5,-4.5,0.3373913043478261
P28495,268,3,0.011194029850746268,-0.5317164179104478,3.1704444403635184,4.5,-4.5,0.3208955223880597
P28320,278,2,0.007194244604316547,-1.0992805755395685,3.072282595357692,4.5,-4.5,0.29136690647482016
Q04437,629,5,0.00794912559618442,-0.4232114467408586,3.1495781918804324,4.5,-4.5,0.3465818759936407
Q03010,460,6,0.013043478260869565,-0.21217391304347824,3.0734670360894008,4.5,-4.5,0.358695652173913
Q08923,506,6,0.011857707509881422,-1.1938735177865611,2.807630416057678,4.5,-4.5,0.24110671936758893
P03962,267,0,0.0,-0.24007490636704124,3.0578450702724926,4.5,-4.5,0.38202247191011235
P12611,486,8,0.01646090534979424,-0.6325102880658435,3.025429377222483,4.5,-4.5,0.3148148148148148
Q12040,230,1,0.004347826086956522,-0.5695652173913045,3.1665417678416663,4.5,-4.5,0.33043478260869563
P38083,404,11,0.027227722772277228,-0.3764851485148515,3.153862400590527,4.5,-4.5,0.34405940594059403
P38197,257,4,0.01556420233463035,-0.45369649805447476,3.2047138118805205,4.5,-4.5,0.3657587548638132
P38319,544,6,0.011029411764705883,-0.43106617647058826,3.0134700603198636,4.5,-4.5,0.35294117647058826
P38263,362,6,0.016574585635359115,-0.6560773480662985,2.8991862212349333,4.5,-4.5,0.30386740331491713
P40547,921,11,0.011943539630836048,-0.18892508143322473,3.1751387388071493,4.5,-4.5,0.3919652551574376
P53076,958,10,0.010438413361169102,-0.7035490605427975,3.040610299756195,4.5,-4.5,0.3058455114822547
Q12100,620,7,0.01129032258064516,-0.7146774193548386,2.9584750963869424,4.5,-4.5,0.2887096774193548
Q05022,1729,18,0.010410641989589358,-0.4061885482938114,3.1880346517464973,4.5,-4.5,0.3528050896471949
P35194,2493,23,0.009225832330525471,-0.16899318090653834,3.2052111833070374,4.5,-4.5,0.39310068190934616
Q04922,465,6,0.012903225806451613,-0.7326881720430107,3.099026256983474,4.5,-4.5,0.3053763440860215
Q05583,330,0,0.0,-0.2733333333333333,3.0551027028976496,4.5,-4.5,0.3606060606060606
Q06668,471,1,0.0021231422505307855,-0.8116772823779193,3.205484212074298,4.5,-4.5,0.33121019108280253
Q05498,189,1,0.005291005291005291,-0.37142857142857144,3.2733699560600513,4.5,-4.5,0.3915343915343915
Q06344,628,2,0.0031847133757961785,-1.2998407643312102,2.939726249245646,4.5,-4.5,0.25
P25652,171,2,0.011695906432748537,1.1385964912280702,3.2564154073178266,4.5,-4.5,0.6081871345029239
P87263,166,2,0.012048192771084338,0.17228915662650598,3.2713548003298967,4.5,-4.5,0.463855421686747
P43597,1233,10,0.008110300081103,-1.1397404703974048,2.986000414063999,4.5,-4.5,0.25547445255474455
O13563,156,2,0.01282051282051282,-0.6314102564102564,3.0614184010947394,4.5,-4.5,0.3141025641025641
P00815,799,5,0.006257822277847309,-0.18823529411764703,3.135538433234194,4.5,-4.5,0.39424280350438046
P50079,448,6,0.013392857142857142,-0.5404017857142857,3.1214403753939735,4.5,-4.5,0.32589285714285715
P53196,417,1,0.002398081534772182,-0.3354916067146283,3.090642923274403,4.5,-4.5,0.35251798561151076
P40016,523,1,0.0019120458891013384,-0.34340344168260045,3.1769198564234027,4.5,-4.5,0.37093690248565964
Q12464,471,4,0.008492569002123142,-0.26878980891719745,3.123954163914716,4.5,-4.5,0.3673036093418259
P53156,320,3,0.009375,-0.5353125,3.155991805652187,4.5,-4.5,0.328125
P53082,120,0,0.0,-0.5191666666666666,3.1901226683136947,4.5,-4.5,0.35
Q06511,250,2,0.008,-1.2631999999999999,3.0158391469042245,4.5,-4.5,0.272
P32843,850,8,0.009411764705882352,-0.3947058823529412,3.143607178062392,4.5,-4.5,0.3564705882352941
Q99271,985,6,0.006091370558375634,-0.32365482233502535,3.0624728475149103,4.5,-4.5,0.35736040609137054
P38883,763,3,0.003931847968545216,-0.14338138925294883,3.22587305707484,4.5,-4.5,0.3892529488859764
P40507,360,4,0.011111111111111112,-1.2216666666666667,2.7422066337572413,4.5,-4.5,0.2388888888888889
P40362,594,5,0.008417508417508417,-0.588047138047138,2.9959189791722567,4.5,-4.5,0.30808080808080807
P34247,250,4,0.016,-1.3075999999999999,3.0368111959751465,4.5,-4.5,0.264
Q04500,899,3,0.0033370411568409346,-1.279421579532814,2.9635736813265026,4.5,-4.5,0.25917686318131256
P28273,1286,7,0.005443234836702955,-0.20132192846034214,3.0618517345075698,4.5,-4.5,0.36158631415241055
P00445,154,0,0.0,-0.3227272727272728,2.9060287251838828,4.5,-4.5,0.33766233766233766
P36009,735,7,0.009523809523809525,-0.2565986394557823,3.1598470419793476,4.5,-4.5,0.37551020408163266
P32807,602,4,0.006644518272425249,-0.5908637873754153,3.134191400070628,4.5,-4.5,0.33056478405315615
P48237,864,5,0.005787037037037037,-0.49386574074074074,3.1576218577893815,4.5,-4.5,0.36689814814814814
Q99216,274,3,0.010948905109489052,-0.4981751824817518,3.110946700085193,4.5,-4.5,0.33211678832116787
P54885,456,4,0.008771929824561403,-0.2089912280701754,3.1324956196203364,4.5,-4.5,0.39035087719298245
P40517,327,4,0.012232415902140673,-1.0477064220183487,2.9688988165522106,4.5,-4.5,0.2599388379204893
P47005,663,11,0.016591251885369532,-0.34449472096530925,3.2189946731048513,4.5,-4.5,0.37858220211161386
Q12508,421,4,0.009501187648456057,-0.5064133016627078,3.143002136891916,4.5,-4.5,0.3491686460807601
Q12206,467,1,0.0021413276231263384,-0.5805139186295504,2.917485011735877,4.5,-4.5,0.30406852248394006
Q12523,523,6,0.011472275334608031,-0.4627151051625239,2.8486899288627994,4.5,-4.5,0.31166347992351817
P38748,585,4,0.006837606837606838,-0.717094017094017,3.135326441878691,4.5,-4.5,0.3299145299145299
P46951,817,10,0.012239902080783354,-0.33451652386780906,3.1395387155475865,4.5,-4.5,0.3769889840881273
P38123,315,2,0.006349206349206349,0.07238095238095238,3.0008092634867123,4.5,-4.5,0.3904761904761905
P47108,1174,15,0.012776831345826235,-0.06448040885860311,3.1924699565353927,4.5,-4.5,0.41396933560477
P43550,591,4,0.00676818950930626,-0.08257191201353639,2.9377842205283473,4.5,-4.5,0.39086294416243655
P40028,759,9,0.011857707509881422,-0.5797101449275363,3.0905413812617066,4.5,-4.5,0.3201581027667984
P43587,155,0,0.0,-1.6199999999999999,2.7242613677839356,4.5,-4.5,0.2
P19658,623,6,0.009630818619582664,-0.42134831460674155,3.169200208845943,4.5,-4.5,0.3595505617977528
P32597,1359,13,0.009565857247976454,-0.7267108167770419,3.165024600089111,4.5,-4.5,0.33038999264164826
Q99247,1116,11,0.00985663082437276,-0.5611111111111111,3.026160167673578,4.5,-4.5,0.31272401433691754
P89105,1077,6,0.005571030640668524,-0.6993500464252553,3.12803086745268,4.5,-4.5,0.33890436397400187
Q01159,459,4,0.008714596949891068,-0.5562091503267974,3.0725326831709605,4.5,-4.5,0.33769063180827885
P53326,701,4,0.005706134094151213,-0.455206847360913,3.092684639764824,4.5,-4.5,0.33808844507845937
Q12329,375,3,0.008,-1.1266666666666667,2.821967792555794,4.5,-4.5,0.23466666666666666
P38712,501,1,0.001996007984031936,-0.38323353293413176,3.1575967900250563,4.5,-4.5,0.37325349301397204
P32386,1661,14,0.008428657435279952,0.016977724262492475,3.168039258632361,4.5,-4.5,0.4148103552077062
Q06001,478,5,0.010460251046025104,-0.6841004184100419,3.100964610073565,4.5,-4.5,0.29916317991631797
Q06152,274,3,0.010948905109489052,-1.104014598540146,2.9914144689986255,4.5,-4.5,0.2737226277372263
Q12267,1418,16,0.011283497884344146,-0.740691114245416,3.1688965882845106,4.5,-4.5,0.3244005641748942
Q12347,344,4,0.011627906976744186,-0.5241279069767443,3.0982411262945724,4.5,-4.5,0.34011627906976744
Q06287,252,0,0.0,-0.17896825396825405,3.198845607592591,4.5,-4.5,0.3968253968253968
P40019,153,2,0.013071895424836602,-1.784967320261438,2.6327691438759127,4.5,-4.5,0.17647058823529413
Q04549,284,1,0.0035211267605633804,-0.1123239436619719,3.327386820012077,4.5,-4.5,0.4084507042253521
Q12220,943,5,0.005302226935312832,-0.30922587486744435,3.105263505209409,4.5,-4.5,0.36267232237539765
Q06164,1454,9,0.006189821182943604,-0.34951856946354887,3.178207113449743,4.5,-4.5,0.37551581843191195
Q06436,670,4,0.005970149253731343,-0.743134328358209,3.043241451839584,4.5,-4.5,0.29850746268656714
Q03533,586,6,0.010238907849829351,-0.5361774744027303,2.982747043841835,4.5,-4.5,0.3310580204778157
P53846,162,1,0.006172839506172839,-0.5425925925925926,3.2189026110158085,4.5,-4.5,0.35185185185185186
P42843,763,11,0.014416775884665793,-0.4153342070773264,3.1718971153434308,4.5,-4.5,0.35255570117955437
Q12161,406,2,0.0049261083743842365,-1.2219211822660099,2.954730240109462,4.5,-4.5,0.26108374384236455
P32350,737,16,0.021709633649932156,-0.5552238805970149,3.0737480795481686,4.5,-4.5,0.3242876526458616
P39960,2167,29,0.01338255652976465,-0.4749884633133365,3.061661674318169,4.5,-4.5,0.33133364097831103
Q12152,901,9,0.009988901220865706,-0.6677025527192009,2.9924526120166908,4.5,-4.5,0.28634850166481685
P40959,511,6,0.011741682974559686,-0.5796477495107633,3.1491583495216404,4.5,-4.5,0.33659491193737767
P40480,1083,12,0.0110803324099723,-1.0329639889196673,3.0264230622628525,4.5,-4.5,0.2788550323176362
P23292,546,6,0.01098901098901099,-0.9673992673992675,2.885970772915763,4.5,-4.5,0.27472527472527475
Q04893,1140,20,0.017543859649122806,-0.1868421052631579,2.3941856894192917,4.5,-4.5,0.26228070175438595
P41913,522,11,0.0210727969348659,-0.7509578544061303,2.8133931603762923,4.5,-4.5,0.2777777777777778
P15315,225,1,0.0044444444444444444,-0.6671111111111112,2.922264435690029,4.5,-4.5,0.3111111111111111
P32805,299,0,0.0,-0.8428093645484951,2.8303846129640418,4.5,-4.5,0.26755852842809363
P47011,380,4,0.010526315789473684,-0.38447368421052636,3.14468574061101,4.5,-4.5,0.3684210526315789
P05085,880,10,0.011363636363636364,-0.51125,3.0441073152224627,4.5,-4.5,0.33636363636363636
P38224,298,6,0.020134228187919462,0.42348993288590603,3.0622268789154643,4.5,-4.5,0.4563758389261745
Q00582,310,4,0.012903225806451613,-0.2341935483870968,3.204239907044081,4.5,-4.5,0.3967741935483871
P38872,237,2,0.008438818565400843,-0.6810126582278482,2.9396636887942296,4.5,-4.5,0.3037974683544304
P39533,789,5,0.0063371356147021544,-0.38910012674271227,2.9822683120881583,4.5,-4.5,0.3472750316856781
Q06406,86,0,0.0,-0.15232558139534877,2.9912946075036606,4.5,-4.5,0.36046511627906974
P48240,250,5,0.02,-0.358,3.010733465453227,4.5,-4.5,0.348
P0C0X0,67,0,0.0,-0.39850746268656706,3.3601036114672196,4.5,-4.5,0.3582089552238806
Q06217,110,0,0.0,-0.3354545454545455,3.3992669360436136,4.5,-4.5,0.4
P53905,115,1,0.008695652173913044,-0.6208695652173913,3.1765580402358093,4.5,-4.5,0.33043478260869563
Q02197,733,4,0.005457025920873124,-0.2066848567530696,3.1554100976439905,4.5,-4.5,0.3819918144611187
Q06667,281,7,0.02491103202846975,-0.2850533807829181,3.201543902578851,4.5,-4.5,0.3665480427046263
P53769,259,3,0.011583011583011582,-1.0610038610038608,2.9566077680669087,4.5,-4.5,0.28185328185328185
P38853,1164,17,0.014604810996563574,-0.7396907216494846,3.0176551353709637,4.5,-4.5,0.2963917525773196
P34234,306,2,0.006535947712418301,-0.5147058823529412,3.0064765730141727,4.5,-4.5,0.33986928104575165
P25502,979,9,0.009193054136874362,-0.4342185903983657,3.0834567440723943,4.5,-4.5,0.34831460674157305
P23059,88,0,0.0,0.4045454545454545,3.2832186636574225,4.5,-4.5,0.48863636363636365
P32570,121,2,0.01652892561983471,-0.33471074380165294,3.2329836983840177,4.5,-4.5,0.3884297520661157
P38277,524,6,0.011450381679389313,-0.867175572519084,3.0990380863708893,4.5,-4.5,0.28435114503816794
P39014,640,7,0.0109375,-0.55953125,3.0095789415254486,4.5,-4.5,0.3140625
Q02659,185,1,0.005405405405405406,-0.3151351351351352,2.8464844335402826,4.5,-4.5,0.34594594594594597
P35719,219,1,0.0045662100456621,-0.6123287671232878,3.2464358484954228,4.5,-4.5,0.3470319634703196
P53081,288,1,0.003472222222222222,-0.1840277777777778,3.1064485616045636,4.5,-4.5,0.3888888888888889
P35190,452,8,0.017699115044247787,-0.4891592920353983,2.8610973514146743,4.5,-4.5,0.3163716814159292
P19541,446,5,0.011210762331838564,-0.5800448430493274,3.006112009727758,4.5,-4.5,0.33408071748878926
Q08831,523,13,0.0248565965583174,-0.7380497131931166,2.790571674234352,4.5,-4.5,0.26577437858508607
P32500,655,4,0.0061068702290076335,0.005343511450381723,3.099970770044398,4.5,-4.5,0.40916030534351144
P40060,125,1,0.008,-0.6544000000000001,3.136252642884498,4.5,-4.5,0.304
P39946,494,7,0.01417004048582996,-0.36214574898785423,3.1123633981392773,4.5,-4.5,0.3441295546558704
P25693,308,9,0.02922077922077922,-0.4698051948051948,3.1013869898405515,4.5,-4.5,0.33116883116883117
Q06324,491,2,0.004073319755600814,-0.8124236252545824,2.980880764839021,4.5,-4.5,0.2892057026476578
P15380,627,6,0.009569377990430622,0.29617224880382775,2.96097176098885,4.5,-4.5,0.42902711323763953
O13543,109,0,0.0,-0.2211009174311926,3.0923721898338616,4.5,-4.5,0.3944954128440367
Q05024,226,3,0.01327433628318584,-0.8809734513274334,3.253961632999025,4.5,-4.5,0.30973451327433627
Q12251,326,3,0.009202453987730062,0.030674846625766916,3.0295746991063726,4.5,-4.5,0.3895705521472393
P32385,249,0,0.0,-0.8132530120481928,3.248210050840074,4.5,-4.5,0.3253012048192771
P40992,514,5,0.009727626459143969,-0.4295719844357977,3.1217108778888423,4.5,-4.5,0.3540856031128405
P40302,234,3,0.01282051282051282,-0.21880341880341875,3.0574116650462626,4.5,-4.5,0.3717948717948718
P21372,849,1,0.001177856301531213,-0.6408716136631332,3.1460880704835605,4.5,-4.5,0.32744405182567726
Q99401,129,2,0.015503875968992248,0.655813953488372,2.562305979850756,4.5,-4.5,0.5038759689922481
P38729,150,1,0.006666666666666667,0.014000000000000033,3.175490093408155,4.5,-4.5,0.4533333333333333
Q03954,165,1,0.006060606060606061,-0.7406060606060607,3.1837256043195103,4.5,-4.5,0.3393939393939394
Q03981,162,0,0.0,-0.584567901234568,3.270907507772387,4.5,-4.5,0.345679012345679
P53437,365,2,0.005479452054794521,-0.8317808219178083,3.173145599095141,4.5,-4.5,0.31232876712328766
P38838,269,1,0.0037174721189591076,-0.5955390334572491,3.1417766898559942,4.5,-4.5,0.3308550185873606
P38266,947,7,0.007391763463569166,-1.1557550158394931,2.6552484606364875,4.5,-4.5,0.21436114044350582
P46946,345,3,0.008695652173913044,-0.9046376811594203,3.1084236089203117,4.5,-4.5,0.2985507246376812
Q07589,356,1,0.0028089887640449437,-0.09634831460674159,3.1968230599189793,4.5,-4.5,0.3960674157303371
Q12330,94,1,0.010638297872340425,0.09680851063829782,3.2665113190335613,4.5,-4.5,0.425531914893617
P11353,328,1,0.003048780487804878,-0.6713414634146342,2.928607120098314,4.5,-4.5,0.3048780487804878
P33307,960,7,0.007291666666666667,0.05177083333333331,3.2203320528814996,4.5,-4.5,0.421875
P00127,147,0,0.0,-1.3789115646258507,2.9684332726574807,4.5,-4.5,0.272108843537415
P35817,686,6,0.008746355685131196,-0.9412536443148689,2.9625511329845335,4.5,-4.5,0.2857142857142857
P43545,298,0,0.0,-0.011744966442953055,3.0933186782200437,4.5,-4.5,0.43288590604026844
Q00723,242,5,0.02066115702479339,-0.40206611570247935,3.1659271793140826,4.5,-4.5,0.35537190082644626
P33757,523,5,0.009560229445506692,-0.34015296367112813,3.0566158031075323,4.5,-4.5,0.3422562141491396
P23179,398,4,0.010050251256281407,-0.24045226130653266,3.1921380803628976,4.5,-4.5,0.39195979899497485
Q12020,392,3,0.007653061224489796,-0.7255102040816326,3.1608433782996546,4.5,-4.5,0.3163265306122449
P06106,444,0,0.0,-0.2504504504504505,2.969533705436768,4.5,-4.5,0.36036036036036034
P35497,357,2,0.0056022408963585435,-0.0249299719887955,3.0333386230981514,4.5,-4.5,0.4005602240896359
P41835,540,5,0.009259259259259259,0.01351851851851848,3.0255490211342955,4.5,-4.5,0.40185185185185185
P38749,330,4,0.012121212121212121,-0.9575757575757575,2.958247874449508,4.5,-4.5,0.29393939393939394
P53215,237,1,0.004219409282700422,-0.30717299578059065,3.123531084914458,4.5,-4.5,0.379746835443038
P38871,571,8,0.014010507880910683,-0.9113835376532399,3.0229930329753087,4.5,-4.5,0.28546409807355516
P37297,1900,16,0.008421052631578947,-0.07089473684210527,3.0977003761659416,4.5,-4.5,0.3994736842105263
Q08229,501,7,0.013972055888223553,-0.9087824351297407,2.92206191291783,4.5,-4.5,0.25748502994011974
P33327,1092,13,0.011904761904761904,-0.30375457875457873,3.1648271029841526,4.5,-4.5,0.36721611721611724
Q12181,623,3,0.004815409309791332,-0.4789727126805779,3.145578195985019,4.5,-4.5,0.3418940609951846
P40151,587,7,0.01192504258943782,-0.5168654173764907,3.1316766583220788,4.5,-4.5,0.34582623509369675
P36145,328,3,0.009146341463414634,-0.7573170731707317,3.106868099432205,4.5,-4.5,0.31097560975609756
Q99395,206,2,0.009708737864077669,-0.8145631067961165,2.8025268683741964,4.5,-4.5,0.2815533980582524
Q99344,299,4,0.013377926421404682,0.13779264214046824,3.1158044335355046,4.5,-4.5,0.431438127090301
P39001,836,22,0.02631578947368421,-1.055023923444976,2.69145131237624,4.5,-4.5,0.23684210526315788
Q08743,309,3,0.009708737864077669,-0.044983818770226565,3.013456726065204,4.5,-4.5,0.40129449838187703
P22149,690,10,0.014492753623188406,-0.8894202898550725,2.929552760078076,4.5,-4.5,0.27246376811594203
P39551,298,0,0.0,-0.32919463087248324,3.0500830700049635,4.5,-4.5,0.3724832214765101
Q03323,175,4,0.022857142857142857,-0.9319999999999999,2.987307244229922,4.5,-4.5,0.2742857142857143
Q06696,566,9,0.015901060070671377,-0.3998233215547704,3.1190144039707404,4.5,-4.5,0.3480565371024735
Q03768,265,0,0.0,-0.8913207547169811,3.1232602932481566,4.5,-4.5,0.3132075471698113
P38067,497,3,0.006036217303822937,-0.052917505030181076,3.0010790378770302,4.5,-4.5,0.3963782696177062
P38278,337,2,0.005934718100890208,-0.47032640949554905,3.2171200347188145,4.5,-4.5,0.35014836795252224
P38324,304,0,0.0,-0.53125,3.2145501470697755,4.5,-4.5,0.3717105263157895
P47976,325,7,0.021538461538461538,-0.8123076923076923,2.853236094861018,4.5,-4.5,0.2676923076923077
P43619,295,1,0.003389830508474576,-0.1369491525423729,3.0325506712478396,4.5,-4.5,0.3898305084745763
P38767,581,3,0.0051635111876075735,0.13562822719449225,3.0208832802573102,4.5,-4.5,0.42857142857142855
Q07438,124,0,0.0,0.5774193548387097,2.9435505965524187,4.5,-4.5,0.532258064516129
Q04004,230,0,0.0,-0.7382608695652174,3.1826863853668086,4.5,-4.5,0.3217391304347826
Q03435,203,1,0.0049261083743842365,-1.1955665024630544,3.0782456217213054,4.5,-4.5,0.2660098522167488
P38771,230,2,0.008695652173913044,-0.6043478260869565,3.266932913548381,4.5,-4.5,0.34782608695652173
P53835,661,14,0.02118003025718608,0.12950075642965203,3.1037858721512737,4.5,-4.5,0.4175491679273828
P25586,316,1,0.0031645569620253164,-0.7626582278481012,3.212110867477016,4.5,-4.5,0.3449367088607595
P14682,295,2,0.006779661016949152,-0.9637288135593223,3.007539620774049,4.5,-4.5,0.28135593220338984
P52920,328,2,0.006097560975609756,-0.12591463414634146,3.014755241050984,4.5,-4.5,0.38109756097560976
P34253,313,5,0.01597444089456869,-0.32460063897763575,3.1601758024659965,4.5,-4.5,0.3450479233226837
P32564,187,0,0.0,0.16203208556149729,2.9214680470223624,4.5,-4.5,0.41711229946524064
P38816,342,0,0.0,-0.11228070175438598,2.9994972390866437,4.5,-4.5,0.39473684210526316
Q12174,109,1,0.009174311926605505,0.010091743119266057,3.199941081858073,4.5,-4.5,0.42201834862385323
P38305,123,1,0.008130081300813009,-1.3317073170731708,2.9834861769405334,4.5,-4.5,0.22764227642276422
Q08492,214,1,0.004672897196261682,-1.2635514018691587,3.0011802202879405,4.5,-4.5,0.24766355140186916
Q12516,437,7,0.016018306636155607,-0.4235697940503433,3.0773057367657732,4.5,-4.5,0.34096109839816935
P36087,169,0,0.0,-0.5727810650887575,3.0549162946719375,4.5,-4.5,0.3431952662721893
Q08887,554,9,0.016245487364620937,-0.7806859205776173,2.810746313058538,4.5,-4.5,0.26353790613718414
Q12468,440,4,0.00909090909090909,-0.7063636363636364,3.057458162137814,4.5,-4.5,0.3090909090909091
Q03406,294,5,0.017006802721088437,-0.43299319727891156,3.1779266151662933,4.5,-4.5,0.35034013605442177
Q99288,334,2,0.005988023952095809,-0.7428143712574851,3.121481374528766,4.5,-4.5,0.31137724550898205
P40892,196,0,0.0,-0.09489795918367348,3.1987042162502397,4.5,-4.5,0.37755102040816324
Q05518,499,11,0.022044088176352707,-1.1314629258517035,2.735301777822655,4.5,-4.5,0.22044088176352705
Q12298,539,2,0.0037105751391465678,-0.29684601113172543,3.1266478811303413,4.5,-4.5,0.37105751391465674
P89886,181,1,0.0055248618784530384,-0.18453038674033154,3.212146048676324,4.5,-4.5,0.39226519337016574
Q04179,340,4,0.011764705882352941,-0.15852941176470584,3.0290093821859054,4.5,-4.5,0.38823529411764707
P53189,542,0,0.0,-0.20553505535055355,2.6542117873053677,4.5,-4.5,0.2933579335793358
P53087,161,2,0.012422360248447204,-0.16708074534161493,2.9810118836769246,4.5,-4.5,0.37267080745341613
P53074,147,2,0.013605442176870748,-0.1972789115646259,3.1068926134200368,4.5,-4.5,0.3945578231292517
P53210,297,3,0.010101010101010102,-0.9501683501683501,2.951255220929838,4.5,-4.5,0.2828282828282828
P53238,335,3,0.008955223880597015,-0.664179104477612,3.0442067070723486,4.5,-4.5,0.33432835820895523
P53717,134,2,0.014925373134328358,0.6402985074626866,2.975550103486073,4.5,-4.5,0.47761194029850745
P38957,223,0,0.0,-0.0852017937219731,3.2666964469886217,4.5,-4.5,0.42152466367713004
P38744,120,1,0.008333333333333333,-0.5283333333333332,3.0281507925171467,4.5,-4.5,0.31666666666666665
P38763,256,2,0.0078125,-0.18242187500000004,3.125369289703456,4.5,-4.5,0.375
P47095,244,0,0.0,-0.15614754098360656,3.0618894698817334,4.5,-4.5,0.4016393442622951
P47168,421,9,0.021377672209026127,0.013776722090261267,3.221903988143782,4.5,-4.5,0.4085510688836104
Q12358,412,2,0.0048543689320388345,-0.6179611650485437,3.0421740626759113,4.5,-4.5,0.3155339805825243
Q12525,324,2,0.006172839506172839,-0.2935185185185185,3.093210600259591,4.5,-4.5,0.3549382716049383
Q12253,270,1,0.003703703703703704,0.5596296296296296,3.1181368861234375,4.5,-4.5,0.4962962962962963
P38815,214,3,0.014018691588785047,-0.6065420560747664,3.0764031379068113,4.5,-4.5,0.32242990654205606
P40552,269,1,0.0037174721189591076,0.060966542750929366,2.380169114527474,4.5,-4.5,0.39776951672862454
P38331,238,1,0.004201680672268907,-0.48067226890756304,3.1642641506804403,4.5,-4.5,0.3487394957983193
P16521,1044,5,0.004789272030651341,-0.28496168582375475,3.129441502457902,4.5,-4.5,0.38601532567049807
P38065,1025,10,0.00975609756097561,-0.08858536585365856,3.143128230279663,4.5,-4.5,0.38634146341463416
Q12531,247,2,0.008097165991902834,-0.5643724696356277,2.8636960332022166,4.5,-4.5,0.3117408906882591
P32783,436,5,0.011467889908256881,-0.6777522935779816,3.0547504730178856,4.5,-4.5,0.3165137614678899
P04046,510,6,0.011764705882352941,-0.31019607843137254,3.0973951676042804,4.5,-4.5,0.3764705882352941
P38270,344,2,0.005813953488372093,-0.28226744186046515,3.287114479736514,4.5,-4.5,0.39825581395348836
Q02948,557,7,0.012567324955116697,-0.6420107719928188,3.1338818335066603,4.5,-4.5,0.3213644524236984
P09440,975,4,0.0041025641025641026,-0.15856410256410255,3.1196919620691004,4.5,-4.5,0.39076923076923076
P32608,588,1,0.0017006802721088435,-0.21139455782312927,3.127928194492699,4.5,-4.5,0.37244897959183676
P06103,763,6,0.007863695937090432,-0.49488859764089127,3.0861993714484326,4.5,-4.5,0.3473132372214941
P47117,449,5,0.011135857461024499,-0.25679287305122495,2.9957957852534816,4.5,-4.5,0.36080178173719374
P35172,780,5,0.00641025641025641,-0.543974358974359,2.9942855145981455,4.5,-4.5,0.3282051282051282
P39104,1066,9,0.008442776735459663,-0.5269230769230769,3.0728761496122527,4.5,-4.5,0.34615384615384615
P25382,515,3,0.005825242718446602,-0.42543689320388356,2.9339051733834007,4.5,-4.5,0.31650485436893205
P38803,334,3,0.008982035928143712,-0.38952095808383225,3.2120624650683363,4.5,-4.5,0.3592814371257485
Q07508,261,3,0.011494252873563218,-0.6371647509578544,3.1704874118652198,4.5,-4.5,0.3486590038314176
Q03735,1134,26,0.02292768959435626,-0.6098765432098766,2.9612293943908887,4.5,-4.5,0.30952380952380953
P33399,275,2,0.007272727272727273,-1.0247272727272727,3.093366424255417,4.5,-4.5,0.3018181818181818
P34223,423,7,0.016548463356973995,-0.9609929078014185,2.825402493546843,4.5,-4.5,0.26713947990543735
P53145,640,4,0.00625,-0.7159375,3.0813900671764602,4.5,-4.5,0.33125
P33201,236,1,0.00423728813559322,-0.5614406779661016,3.1150258522266263,4.5,-4.5,0.326271186440678
P28004,379,4,0.010554089709762533,-0.8261213720316621,3.0286457340914454,4.5,-4.5,0.316622691292876
Q06091,175,1,0.005714285714285714,-0.8971428571428571,3.2257256737746594,4.5,-4.5,0.2914285714285714
P25337,157,2,0.012738853503184714,-0.8522292993630574,3.0649567694140836,4.5,-4.5,0.3184713375796178
P52868,283,4,0.014134275618374558,-0.5851590106007066,3.172150048276284,4.5,-4.5,0.31802120141342755
P39927,425,9,0.021176470588235293,-0.4385882352941176,3.0501406536290117,4.5,-4.5,0.3341176470588235
Q12102,859,6,0.006984866123399301,-0.3640279394644936,3.160270405777985,4.5,-4.5,0.3480791618160652
Q06224,779,4,0.005134788189987163,-0.2403080872913993,3.173282707229027,4.5,-4.5,0.3851091142490372
P22137,1653,12,0.007259528130671506,-0.16678765880217786,3.196849500470099,4.5,-4.5,0.40229885057471265
P38144,1129,9,0.007971656333038087,-0.7420726306465899,3.1390891851540323,4.5,-4.5,0.3259521700620018
Q03213,719,18,0.025034770514603615,-0.8018080667593881,2.9238712619548917,4.5,-4.5,0.282336578581363
P38634,284,3,0.01056338028169014,-1.0496478873239437,2.9459030782493842,4.5,-4.5,0.2605633802816901
Q02606,381,11,0.028871391076115485,-0.6118110236220473,2.919298108210754,4.5,-4.5,0.30708661417322836
P07347,238,1,0.004201680672268907,-0.5521008403361345,3.161768698174425,4.5,-4.5,0.35714285714285715
Q06554,1556,13,0.008354755784061696,-0.48676092544987143,3.2104832376039445,4.5,-4.5,0.352827763496144
Q07930,204,1,0.004901960784313725,-0.6573529411764707,3.142902812865648,4.5,-4.5,0.3235294117647059
Q04305,513,1,0.001949317738791423,-0.4253411306042885,3.045141391168382,4.5,-4.5,0.34502923976608185
P06786,1428,4,0.0028011204481792717,-0.6966386554621848,3.1023466163040894,4.5,-4.5,0.3123249299719888
P53063,387,1,0.002583979328165375,-0.4625322997416021,3.1607683617363715,4.5,-4.5,0.35142118863049093
Q12123,353,0,0.0,-0.4538243626062323,3.1674501309030485,4.5,-4.5,0.3314447592067989
P36076,571,7,0.012259194395796848,-0.9481611208406306,3.058995396480078,4.5,-4.5,0.28896672504378285
P36142,418,1,0.0023923444976076554,0.09880382775119613,3.0336349735760906,4.5,-4.5,0.41148325358851673
P38902,120,0,0.0,-0.3641666666666666,3.155439637444449,4.5,-4.5,0.4083333333333333
P47079,568,3,0.00528169014084507,-0.0894366197183099,3.151647406158167,4.5,-4.5,0.40669014084507044
P32558,1035,7,0.00676328502415459,-0.6481159420289855,3.122114331603012,4.5,-4.5,0.32657004830917874
P49955,971,6,0.006179196704428424,-0.10885684860968073,3.1934736213792116,4.5,-4.5,0.4098867147270855
P38112,773,3,0.0038809831824062097,-0.5829236739974127,3.177262890103514,4.5,-4.5,0.32729624838292365
P53859,292,1,0.003424657534246575,-0.4842465753424657,2.982648183372612,4.5,-4.5,0.3287671232876712
Q08685,445,1,0.0022471910112359553,-0.1402247191011236,3.1403177315550894,4.5,-4.5,0.3752808988764045
P46962,323,2,0.006191950464396285,-0.2492260061919505,3.246206314775031,4.5,-4.5,0.3931888544891641
P47170,1584,12,0.007575757575757576,-0.49880050505050516,3.124179460047966,4.5,-4.5,0.33585858585858586
Q08963,238,5,0.02100840336134454,-0.42983193277310927,3.2576723873830704,4.5,-4.5,0.3697478991596639
Q08162,1001,8,0.007992007992007992,-0.36403596403596405,3.1808187133218198,4.5,-4.5,0.3756243756243756
P38801,184,0,0.0,-0.8826086956521738,3.126416503159605,4.5,-4.5,0.30434782608695654
P38859,1522,12,0.00788436268068331,-0.4541392904073588,3.1798787283455505,4.5,-4.5,0.3469119579500657
Q04603,196,1,0.00510204081632653,-0.8826530612244898,3.1282134664818484,4.5,-4.5,0.30612244897959184
Q04217,1267,8,0.006314127861089187,-0.7015785319652723,3.104946386381181,4.5,-4.5,0.3212312549329124
P32899,183,0,0.0,-0.703825136612022,3.2922888233262206,4.5,-4.5,0.3442622950819672
Q99207,810,1,0.0012345679012345679,-0.9275308641975308,3.158327433147698,4.5,-4.5,0.31851851851851853
P38792,359,8,0.022284122562674095,-0.3908077994428969,3.0340682424014784,4.5,-4.5,0.33147632311977715
P53930,226,3,0.01327433628318584,-0.6482300884955752,3.1327447690112336,4.5,-4.5,0.3185840707964602
P40961,287,1,0.003484320557491289,-0.1498257839721254,3.1898671732360886,4.5,-4.5,0.3902439024390244
P35728,441,5,0.011337868480725623,-0.7900226757369614,2.9210845451853547,4.5,-4.5,0.2925170068027211
P53923,493,8,0.016227180527383367,-0.37951318458417854,3.175688289472871,4.5,-4.5,0.359026369168357
P33332,1336,22,0.016467065868263474,-0.6946107784431138,3.131752727772066,4.5,-4.5,0.32110778443113774
P25575,107,1,0.009345794392523364,-0.4046728971962616,2.9980798583308266,4.5,-4.5,0.34579439252336447
P38310,465,3,0.0064516129032258064,0.1404301075268817,3.021471518579674,4.5,-4.5,0.40860215053763443
P38285,549,3,0.00546448087431694,-0.37194899817850635,3.17214883946102,4.5,-4.5,0.3679417122040073
Q03018,1630,23,0.01411042944785276,-0.09337423312883436,3.183626481169864,4.5,-4.5,0.40245398773006136
P20448,770,6,0.007792207792207792,-0.584935064935065,3.133245536689717,4.5,-4.5,0.34805194805194806
Q06629,674,7,0.010385756676557863,-0.7051928783382789,3.09711070124005,4.5,-4.5,0.314540059347181
Q06005,328,0,0.0,-0.3487804878048781,3.176734936102384,4.5,-4.5,0.3719512195121951
Q12341,374,3,0.008021390374331552,-0.5045454545454546,3.191098193583044,4.5,-4.5,0.35294117647058826
P53973,706,8,0.0113314447592068,-0.3440509915014164,3.119712527198199,4.5,-4.5,0.35694050991501414
P43590,535,2,0.003738317757009346,-0.4235514018691589,3.1468908412882732,4.5,-4.5,0.3644859813084112
P47167,239,2,0.008368200836820083,-0.43514644351464443,3.2229984024823324,4.5,-4.5,0.36401673640167365
Q12493,238,1,0.004201680672268907,-0.5256302521008405,3.2133477238510824,4.5,-4.5,0.3487394957983193
Q12748,733,3,0.004092769440654843,-0.015688949522510265,3.1311900934311248,4.5,-4.5,0.39972714870395637
P53843,298,1,0.003355704697986577,-0.6624161073825503,3.319082037524997,4.5,-4.5,0.3523489932885906
Q02206,625,5,0.008,-0.5977600000000001,3.1277229708527576,4.5,-4.5,0.3344
Q07979,502,7,0.013944223107569721,-0.6800796812749004,3.135334162792858,4.5,-4.5,0.3107569721115538
Q08119,714,11,0.015406162464985995,-0.6406162464985994,3.0893016191673213,4.5,-4.5,0.32633053221288516
Q02354,440,1,0.0022727272727272726,-0.6277272727272727,3.2012219709726497,4.5,-4.5,0.3409090909090909
Q06512,552,3,0.005434782608695652,-0.17300724637681159,3.1363656526613517,4.5,-4.5,0.4003623188405797
Q12004,338,1,0.0029585798816568047,-0.08372781065088752,3.119314000102972,4.5,-4.5,0.39644970414201186
P39993,1459,13,0.008910212474297465,-0.23235092529129545,3.1954595354102535,4.5,-4.5,0.3776559287183002
P30771,971,5,0.005149330587023687,-0.3876416065911431,3.10564279948962,4.5,-4.5,0.35942327497425336
Q06819,143,0,0.0,-0.2440559440559441,3.2593195561187667,4.5,-4.5,0.4125874125874126
P40089,93,0,0.0,-0.056989247311828015,3.3124528107642974,4.5,-4.5,0.40860215053763443
Q08285,240,3,0.0125,-0.06916666666666661,3.068055731603033,4.5,-4.5,0.4
P32190,709,4,0.005641748942172073,-0.3011283497884344,3.028230850458296,4.5,-4.5,0.3638928067700987
P43596,787,5,0.0063532401524777635,-0.8294790343074968,3.0225909445875234,4.5,-4.5,0.30241423125794153
Q12149,733,5,0.0068212824010914054,-0.5870395634379264,3.1681538807446366,4.5,-4.5,0.3383356070941337
P33297,434,2,0.004608294930875576,-0.430184331797235,3.1744278432373294,4.5,-4.5,0.3778801843317972
P07866,1435,25,0.017421602787456445,-0.6031358885017422,3.0848958654544694,4.5,-4.5,0.31498257839721255
P53256,223,1,0.004484304932735426,0.18654708520179372,3.2709069800283572,4.5,-4.5,0.452914798206278
Q02884,456,1,0.0021929824561403508,-0.5043859649122807,3.073047528787829,4.5,-4.5,0.32456140350877194
P53290,341,2,0.005865102639296188,-0.024633431085044004,3.2244361525685177,4.5,-4.5,0.41935483870967744
P25616,317,2,0.006309148264984227,-0.4148264984227129,3.12030104279338,4.5,-4.5,0.33753943217665616
Q12487,163,1,0.006134969325153374,-0.5785276073619632,3.1171156702949876,4.5,-4.5,0.3374233128834356
P30619,724,5,0.006906077348066298,-0.42748618784530384,3.2151323458281524,4.5,-4.5,0.3660220994475138
Q06090,140,1,0.007142857142857143,-0.5428571428571428,3.2290675977780965,4.5,-4.5,0.35
P31334,269,1,0.0037174721189591076,-0.4237918215613383,3.032664631486749,4.5,-4.5,0.3382899628252788
P33759,307,3,0.009771986970684038,-0.5540716612377851,3.077120788441071,4.5,-4.5,0.3322475570032573
Q03834,1242,9,0.007246376811594203,-0.5402576489533011,3.0235691333236265,4.5,-4.5,0.3389694041867955
P14907,823,31,0.03766707168894289,-0.9658566221142164,2.548487405738364,4.5,-4.5,0.25394896719319565
P22353,238,1,0.004201680672268907,-0.41890756302521004,3.1595958389333574,4.5,-4.5,0.37815126050420167
P32387,263,2,0.0076045627376425855,-0.6939163498098859,3.1113005521939683,4.5,-4.5,0.3269961977186312
P36523,253,3,0.011857707509881422,-0.2624505928853755,3.121703498055569,4.5,-4.5,0.38735177865612647
P53900,129,1,0.007751937984496124,-0.765891472868217,3.334840654330016,4.5,-4.5,0.35658914728682173
P48363,199,4,0.020100502512562814,-0.6462311557788945,3.2001214434923666,4.5,-4.5,0.34673366834170855
P29468,568,5,0.008802816901408451,-0.32940140845070426,3.1713225893358468,4.5,-4.5,0.3785211267605634
P27801,918,7,0.007625272331154684,-0.2543572984749455,3.280509148472118,4.5,-4.5,0.38453159041394336
Q03308,798,5,0.006265664160401002,-0.25889724310776946,3.2047450388255716,4.5,-4.5,0.38596491228070173
P20795,691,7,0.010130246020260492,-0.3030390738060782,3.1737535283439766,4.5,-4.5,0.361794500723589
P38121,705,5,0.0070921985815602835,-0.4378723404255319,3.043942667401349,4.5,-4.5,0.3304964539007092
P38208,133,0,0.0,-0.46766917293233085,3.0896516306574315,4.5,-4.5,0.3383458646616541
P30657,266,1,0.0037593984962406013,-0.21954887218045113,3.0392410668864533,4.5,-4.5,0.37593984962406013
P34241,1764,16,0.009070294784580499,-0.17386621315192743,3.1786031059975213,4.5,-4.5,0.3820861678004535
Q12680,2145,8,0.0037296037296037296,-0.2885780885780886,3.0977674616137953,4.5,-4.5,0.37156177156177156
P29469,868,4,0.004608294930875576,-0.6373271889400922,3.1618460233597516,4.5,-4.5,0.3352534562211982
P25648,1427,19,0.013314646110721794,-0.16692361597757532,3.2250724577698326,4.5,-4.5,0.3945339873861247
P14540,359,4,0.011142061281337047,-0.3573816155988858,2.98668257600323,4.5,-4.5,0.362116991643454
Q12321,566,11,0.019434628975265017,-0.5588339222614841,3.053443526279453,4.5,-4.5,0.31625441696113077
P19263,1082,10,0.009242144177449169,-0.2514787430683919,3.181694789257459,4.5,-4.5,0.3752310536044362
P10662,321,2,0.006230529595015576,-0.5554517133956387,3.0060753434353296,4.5,-4.5,0.3395638629283489
Q02950,344,1,0.0029069767441860465,-0.5813953488372093,3.120618290999061,4.5,-4.5,0.3313953488372093
P21771,286,0,0.0,-0.6055944055944058,3.2657638398804654,4.5,-4.5,0.3811188811188811
P38120,278,0,0.0,-0.5525179856115109,3.0965827285897367,4.5,-4.5,0.34172661870503596
P27929,486,2,0.00411522633744856,-0.7090534979423869,3.085816539133095,4.5,-4.5,0.32510288065843623
P36520,322,0,0.0,-0.5198757763975156,3.0838956543516103,4.5,-4.5,0.3385093167701863
P38064,232,4,0.017241379310344827,-0.6193965517241379,3.109830572165358,4.5,-4.5,0.33189655172413796
P42847,217,5,0.02304147465437788,-0.4654377880184331,3.0622051506028325,4.5,-4.5,0.33640552995391704
P25626,169,0,0.0,-0.36213017751479293,3.270703408716165,4.5,-4.5,0.3609467455621302
P25642,146,0,0.0,-0.33356164383561643,3.1717778903835723,4.5,-4.5,0.363013698630137
P12687,371,2,0.005390835579514825,-0.7884097035040432,3.145261340418071,4.5,-4.5,0.31536388140161725
P36525,258,2,0.007751937984496124,-0.7325581395348837,3.141462227815311,4.5,-4.5,0.31007751937984496
P36527,147,1,0.006802721088435374,-0.753061224489796,3.114270557465279,4.5,-4.5,0.3333333333333333
Q06678,367,6,0.01634877384196185,-0.5457765667574931,3.1668372525928787,4.5,-4.5,0.33787465940054495
P36533,70,0,0.0,-0.37000000000000005,3.287741300215523,4.5,-4.5,0.38571428571428573
P19956,98,0,0.0,-0.5357142857142857,3.2102593829973385,4.5,-4.5,0.37755102040816324
P22354,195,1,0.005128205128205128,-0.7779487179487179,2.9431669489986194,4.5,-4.5,0.29743589743589743
P36519,292,3,0.010273972602739725,-0.5181506849315068,3.058299846302973,4.5,-4.5,0.3356164383561644
Q06321,1198,8,0.00667779632721202,-0.4679465776293823,3.0618702410082785,4.5,-4.5,0.34307178631051755
P36516,390,3,0.007692307692307693,-0.2551282051282051,3.023728698143023,4.5,-4.5,0.36923076923076925
P53875,158,0,0.0,-0.001265822784810122,3.015781011040662,4.5,-4.5,0.4050632911392405
P51998,286,0,0.0,-0.38286713286713286,3.1211135547280504,4.5,-4.5,0.36363636363636365
P32388,137,0,0.0,-0.5014598540145987,3.267088379882758,4.5,-4.5,0.35766423357664234
Q02204,264,0,0.0,-0.796969696969697,3.0328114617823,4.5,-4.5,0.3106060606060606
P23369,157,1,0.006369426751592357,-0.8509554140127388,3.047785409517981,4.5,-4.5,0.3057324840764331
P38219,394,2,0.005076142131979695,-0.28857868020304567,3.2060296159941757,4.5,-4.5,0.3883248730964467
O14464,93,0,0.0,-0.17311827956989254,3.1370878827121507,4.5,-4.5,0.41935483870967744
Q03201,203,0,0.0,-0.48078817733990153,3.1146049365523365,4.5,-4.5,0.3448275862068966
P28817,500,6,0.012,-0.31760000000000005,3.011891472148357,4.5,-4.5,0.368
Q08622,556,5,0.008992805755395683,-0.49280575539568344,3.108925195102618,4.5,-4.5,0.3273381294964029
Q06623,655,9,0.013740458015267175,-0.6183206106870229,3.1344430218962556,4.5,-4.5,0.3251908396946565
P36126,1683,13,0.007724301841948901,-0.7298871063576946,3.090395552250601,4.5,-4.5,0.3143196672608437
Q05900,231,2,0.008658008658008658,-1.1346320346320347,2.9668463468056228,4.5,-4.5,0.2510822510822511
P38205,684,5,0.007309941520467836,-0.5804093567251462,3.123645316988662,4.5,-4.5,0.3508771929824561
P53125,1264,18,0.014240506329113924,-0.7673259493670886,3.109339310966083,4.5,-4.5,0.31170886075949367
P11633,99,1,0.010101010101010102,-1.3909090909090909,2.784846836152115,4.5,-4.5,0.26262626262626265
P38344,393,1,0.002544529262086514,-0.9806615776081424,3.0246119461693737,4.5,-4.5,0.2951653944020356
P38805,295,4,0.013559322033898305,-0.828135593220339,3.2665725958544622,4.5,-4.5,0.3152542372881356
P25808,606,3,0.0049504950495049506,-0.35627062706270624,3.1927183994593293,4.5,-4.5,0.37458745874587457
Q12176,1025,8,0.007804878048780488,-0.8070243902439025,3.0675149908219375,4.5,-4.5,0.30634146341463414
Q12276,1246,14,0.011235955056179775,-0.5850722311396469,3.0353749485442085,4.5,-4.5,0.31540930979133225
P32892,752,4,0.005319148936170213,-0.7412234042553191,3.1636612901195944,4.5,-4.5,0.32978723404255317
P40477,1460,23,0.015753424657534248,-0.5945205479452056,2.877610329506393,4.5,-4.5,0.3041095890410959
Q03799,155,2,0.012903225806451613,-0.2206451612903226,3.199893078338582,4.5,-4.5,0.3870967741935484
P23724,241,1,0.004149377593360996,-0.4369294605809129,3.0416618408955802,4.5,-4.5,0.34854771784232363
P02400,110,0,0.0,-0.13181818181818175,2.851568366488927,4.5,-4.5,0.42727272727272725
P53114,1132,17,0.015017667844522967,-0.191696113074205,3.168459561436502,4.5,-4.5,0.3825088339222615
P36056,628,4,0.006369426751592357,-0.7455414012738854,3.147594753516146,4.5,-4.5,0.3184713375796178
P40496,264,1,0.003787878787878788,-0.7393939393939395,3.004056791814715,4.5,-4.5,0.30303030303030304
P47141,266,5,0.018796992481203006,-0.2409774436090226,3.1130234233101546,4.5,-4.5,0.36466165413533835
P13099,656,3,0.004573170731707317,-0.4794207317073171,3.051237298980882,4.5,-4.5,0.3567073170731707
Q12510,522,2,0.0038314176245210726,-0.6461685823754789,3.0637409010464203,4.5,-4.5,0.3160919540229885
P32357,355,4,0.011267605633802818,-0.6366197183098592,3.0396089183499573,4.5,-4.5,0.3267605633802817
P54784,914,11,0.012035010940919038,-0.6212253829321662,3.1401870750086767,4.5,-4.5,0.3402625820568928
P41812,875,4,0.004571428571428572,-0.5852571428571427,3.0864570196063887,4.5,-4.5,0.33485714285714285
P32377,396,5,0.012626262626262626,-0.28434343434343434,2.9580326049849184,4.5,-4.5,0.37373737373737376
Q03096,181,1,0.0055248618784530384,-0.08563535911602208,3.090157831737414,4.5,-4.5,0.3867403314917127
P23639,250,0,0.0,-0.188,2.957271715618976,4.5,-4.5,0.352
P40066,365,3,0.00821917808219178,-0.48301369863013704,2.886033769313964,4.5,-4.5,0.3287671232876712
Q06266,489,3,0.006134969325153374,-0.7582822085889572,2.9762828538093933,4.5,-4.5,0.29243353783231085
Q12046,339,5,0.014749262536873156,-0.6634218289085547,3.0575051191492375,4.5,-4.5,0.3303834808259587
P40968,455,2,0.004395604395604396,-0.8441758241758242,2.9245313575671488,4.5,-4.5,0.26373626373626374
P53333,577,7,0.012131715771230503,-0.4480069324090121,3.2329489272153893,4.5,-4.5,0.3587521663778163
P23201,1466,14,0.009549795361527967,-0.833356070941337,3.0005909931897254,4.5,-4.5,0.286493860845839
P53251,210,2,0.009523809523809525,-1.039047619047619,3.160801442615019,4.5,-4.5,0.3047619047619048
P53538,206,2,0.009708737864077669,-0.5839805825242719,3.058092190285171,4.5,-4.5,0.33980582524271846
P32904,214,3,0.014018691588785047,-0.28177570093457943,3.239763840788778,4.5,-4.5,0.3598130841121495
Q06213,157,2,0.012738853503184714,-0.7178343949044587,3.1725836521516326,4.5,-4.5,0.3057324840764331
P20436,146,1,0.00684931506849315,-0.386986301369863,3.0343527146778144,4.5,-4.5,0.363013698630137
P41895,735,11,0.014965986394557823,-1.0365986394557822,2.9360544343780144,4.5,-4.5,0.2707482993197279
P41896,400,5,0.0125,-1.09125,3.0649467266985244,4.5,-4.5,0.28
P32910,317,1,0.0031545741324921135,-0.3255520504731862,3.1017970920052362,4.5,-4.5,0.3659305993690852
P17890,251,0,0.0,-0.9278884462151394,2.9034014815134603,4.5,-4.5,0.26693227091633465
Q06102,208,0,0.0,-0.7668269230769231,3.0551352621519685,4.5,-4.5,0.3269230769230769
P53941,290,2,0.006896551724137931,-0.6055172413793104,3.2139733559040833,4.5,-4.5,0.35517241379310344
P53276,713,8,0.011220196353436185,-0.22861150070126232,3.134962397886946,4.5,-4.5,0.364656381486676
P53743,316,1,0.0031645569620253164,-1.1680379746835443,3.0434444923975135,4.5,-4.5,0.2689873417721519
Q04869,349,2,0.0057306590257879654,-0.17736389684813755,3.1348083551395947,4.5,-4.5,0.3954154727793696
Q06665,692,1,0.001445086705202312,-0.6482658959537573,3.210227496097151,4.5,-4.5,0.3352601156069364
P48743,811,12,0.014796547472256474,-0.40591861898890264,2.9984894657128924,4.5,-4.5,0.33292231812577067
P43535,752,1,0.0013297872340425532,-0.45957446808510644,3.1545751694600104,4.5,-4.5,0.35771276595744683
P08518,1224,8,0.006535947712418301,-0.3907679738562091,3.093716708159762,4.5,-4.5,0.36356209150326796
Q02792,1006,11,0.010934393638170975,-0.6735586481113321,3.0706972450269445,4.5,-4.5,0.3290258449304175
P32832,435,4,0.009195402298850575,-0.8786206896551724,3.0514255844609703,4.5,-4.5,0.28735632183908044
P36148,743,4,0.005383580080753701,-0.1524899057873486,3.1460186323499837,4.5,-4.5,0.3876177658142665
Q04740,348,5,0.014367816091954023,-0.8727011494252873,2.8330919408256223,4.5,-4.5,0.27586206896551724
Q99278,115,1,0.008695652173913044,-0.6982608695652175,3.196818598128204,4.5,-4.5,0.33043478260869563
P35996,138,1,0.007246376811594203,-0.10579710144927534,3.23503842944587,4.5,-4.5,0.41304347826086957
Q07532,353,3,0.0084985835694051,-1.0779036827195467,3.0583872737008706,4.5,-4.5,0.26345609065155806
P38089,393,6,0.015267175572519083,-0.39262086513994915,3.059082584834367,4.5,-4.5,0.34096692111959287
P38996,802,10,0.012468827930174564,-1.218703241895262,2.783850705827026,4.5,-4.5,0.23940149625935161
Q04307,110,0,0.0,-0.49727272727272726,2.889714018278974,4.5,-4.5,0.32727272727272727
P11747,167,1,0.005988023952095809,-1.1431137724550897,3.014545159719781,4.5,-4.5,0.2874251497005988
Q05636,305,1,0.003278688524590164,-0.12426229508196728,3.2028780392765475,4.5,-4.5,0.4098360655737705
P18480,905,10,0.011049723756906077,-0.9079558011049724,2.97449985920509,4.5,-4.5,0.2729281767955801
P25567,434,8,0.018433179723502304,-1.0223502304147467,2.777897127103023,4.5,-4.5,0.2626728110599078
P09119,513,5,0.009746588693957114,-0.2284600389863548,3.1408595946082167,4.5,-4.5,0.38011695906432746
Q00402,2748,15,0.0054585152838427945,-0.7056040756914119,3.060350852846147,4.5,-4.5,0.32096069868995636
Q12451,1283,15,0.011691348402182385,-0.7470771628994544,3.036067489106699,4.5,-4.5,0.30319563522992987
P12709,554,6,0.010830324909747292,-0.22563176895306858,2.9866417483518095,4.5,-4.5,0.37364620938628157
P53096,452,3,0.00663716814159292,-0.38915929203539823,3.052083605908906,4.5,-4.5,0.34513274336283184
P50947,330,2,0.006060606060606061,-0.821818181818182,2.942387666345711,4.5,-4.5,0.30303030303030304
P38255,430,7,0.01627906976744186,-0.6262790697674417,3.1912791947531405,4.5,-4.5,0.3209302325581395
Q04779,684,15,0.021929824561403508,-0.9296783625730995,3.010975908229951,4.5,-4.5,0.26900584795321636
P54999,86,1,0.011627906976744186,-0.2279069767441861,3.125352116452127,4.5,-4.5,0.37209302325581395
P18888,332,0,0.0,-0.788855421686747,2.9773991870181176,4.5,-4.5,0.3132530120481928
Q03776,544,4,0.007352941176470588,-0.31470588235294117,3.1426625422834187,4.5,-4.5,0.36213235294117646
P32501,712,5,0.007022471910112359,-0.39873595505617976,3.1485213361890327,4.5,-4.5,0.35252808988764045
P38282,291,5,0.01718213058419244,-1.5384879725085912,2.7963211809022503,4.5,-4.5,0.21305841924398625
P23615,1451,12,0.008270158511371467,-0.7849758787043418,3.1374060400817845,4.5,-4.5,0.315644383184011
P38915,602,5,0.008305647840531562,-0.7250830564784053,2.9638719529079713,4.5,-4.5,0.2956810631229236
P19659,1081,12,0.011100832562442183,-0.8697502312673451,2.9733227740600525,4.5,-4.5,0.3172987974098057
P32342,167,1,0.005988023952095809,-0.9353293413173656,3.0052663923750735,4.5,-4.5,0.2694610778443114
P38687,599,6,0.01001669449081803,-0.5090150250417362,3.1888294487994346,4.5,-4.5,0.35058430717863104
P32589,693,4,0.005772005772005772,-0.5070707070707071,3.0868466829070016,4.5,-4.5,0.3564213564213564
P36036,203,1,0.0049261083743842365,-1.2719211822660101,2.979494742384376,4.5,-4.5,0.2512315270935961
P38250,946,15,0.015856236786469344,-0.21131078224101477,3.0224650368839785,4.5,-4.5,0.3668076109936575
P53617,575,8,0.01391304347826087,-0.663304347826087,2.9198438676957075,4.5,-4.5,0.2991304347826087
Q05021,590,1,0.001694915254237288,-1.108813559322034,3.107943395829556,4.5,-4.5,0.2830508474576271
P29478,273,4,0.014652014652014652,-0.7402930402930403,3.1093718530791383,4.5,-4.5,0.326007326007326
P24783,546,2,0.003663003663003663,-0.726007326007326,2.971904674091637,4.5,-4.5,0.2875457875457875
Q07458,294,3,0.01020408163265306,-0.7901360544217687,2.953264879904434,4.5,-4.5,0.272108843537415
Q00816,1014,33,0.03254437869822485,-1.1081854043392503,2.8003208574163865,4.5,-4.5,0.23767258382642997
Q02455,1875,16,0.008533333333333334,-1.1125866666666666,3.155230405082259,4.5,-4.5,0.28053333333333336
Q12348,645,3,0.004651162790697674,-0.3663565891472868,3.2725070251159627,4.5,-4.5,0.3875968992248062
P47130,423,4,0.009456264775413711,-0.3633569739952719,3.234441585712676,4.5,-4.5,0.3806146572104019
P53165,657,11,0.0167427701674277,-1.1856925418569255,2.796661825580044,4.5,-4.5,0.2343987823439878
P38199,381,1,0.0026246719160104987,-0.3973753280839895,3.146700715759587,4.5,-4.5,0.3543307086614173
Q03246,237,0,0.0,-0.6987341772151898,3.3195683849969986,4.5,-4.5,0.350210970464135
P00942,248,2,0.008064516129032258,-0.10524193548387097,3.113681558010233,4.5,-4.5,0.39919354838709675
P49957,279,1,0.0035842293906810036,-0.8910394265232976,3.0328592318650975,4.5,-4.5,0.2867383512544803
P16140,517,5,0.009671179883945842,-0.3783365570599614,3.106814550739518,4.5,-4.5,0.35589941972920697
P00958,751,6,0.007989347536617843,-0.46711051930758984,3.0743164461314962,4.5,-4.5,0.34753661784287615
P29547,415,2,0.004819277108433735,-0.46554216867469883,3.0083246960953973,4.5,-4.5,0.3614457831325301
P10080,294,2,0.006802721088435374,-0.8649659863945579,3.037256834789532,4.5,-4.5,0.29931972789115646
P53966,522,2,0.0038314176245210726,-0.45268199233716483,3.120259237808882,4.5,-4.5,0.36015325670498083
P38288,455,2,0.004395604395604396,-0.2527472527472528,2.7142011821156418,4.5,-4.5,0.33186813186813185
P32288,370,1,0.002702702702702703,-0.5737837837837838,2.9125523786974123,4.5,-4.5,0.327027027027027
P46944,698,4,0.0057306590257879654,-0.3507163323782235,3.0938252215008157,4.5,-4.5,0.37249283667621774
P23255,1407,11,0.007818052594171997,-0.4186211798152097,3.179162357336632,4.5,-4.5,0.35252309879175553
P38237,781,5,0.006402048655569782,-0.523303457106274,3.0750567855599455,4.5,-4.5,0.3418693982074264
P52892,507,1,0.0019723865877712033,-0.30059171597633144,3.076772375311135,4.5,-4.5,0.36489151873767256
P47139,656,4,0.006097560975609756,-0.5794207317073171,3.0707044605367737,4.5,-4.5,0.3201219512195122
P36152,348,3,0.008620689655172414,-0.5795977011494252,3.0099285627898484,4.5,-4.5,0.3160919540229885
P43593,499,4,0.008016032064128256,-0.6551102204408817,3.088044847445617,4.5,-4.5,0.32665330661322645
P39111,118,0,0.0,-0.4745762711864408,3.209339824417085,4.5,-4.5,0.3644067796610169
P39735,261,3,0.011494252873563218,-0.2551724137931034,3.2897993494353903,4.5,-4.5,0.39080459770114945
P48836,114,0,0.0,-0.7622807017543859,3.2691377250073415,4.5,-4.5,0.35964912280701755
P41807,478,1,0.0020920502092050207,-0.12635983263598327,3.299343115206326,4.5,-4.5,0.40585774058577406
P12868,1029,9,0.008746355685131196,-0.2087463556851312,3.2122671337817432,4.5,-4.5,0.3848396501457726
P38932,577,4,0.006932409012131715,-0.45615251299826687,3.2423274741883645,4.5,-4.5,0.35701906412478335
P38110,2787,27,0.00968783638320775,-0.16498026551847866,3.163924864844611,4.5,-4.5,0.39146035163257986
P28003,413,7,0.01694915254237288,-0.8353510895883777,2.8963464812915762,4.5,-4.5,0.2784503631961259
P39015,273,5,0.018315018315018316,-1.2663003663003665,2.8503646469184947,4.5,-4.5,0.26373626373626374
P38193,441,6,0.013605442176870748,-1.0356009070294785,2.9702115432574594,4.5,-4.5,0.2743764172335601
P38321,900,9,0.01,-0.6676666666666667,2.9410370619902086,4.5,-4.5,0.3011111111111111
Q05942,220,2,0.00909090909090909,-0.9072727272727272,3.1125467237357283,4.5,-4.5,0.3
P25368,297,1,0.003367003367003367,-0.6387205387205387,3.126569485365265,4.5,-4.5,0.3468013468013468
P36144,274,2,0.0072992700729927005,-0.46021897810218976,3.294762702520047,4.5,-4.5,0.35036496350364965
P53260,183,1,0.00546448087431694,-0.6497267759562841,3.0842252318110424,4.5,-4.5,0.3224043715846995
P40084,226,1,0.004424778761061947,-0.6168141592920353,3.128512967887777,4.5,-4.5,0.3407079646017699
Q10740,671,6,0.00894187779433681,-0.36855439642324883,3.067338272855796,4.5,-4.5,0.3561847988077496
P53917,953,9,0.00944386149003148,-0.559601259181532,3.0901520197595485,4.5,-4.5,0.3378803777544596
P53127,1403,13,0.009265858873841768,-0.6568068424803991,3.049812456364831,4.5,-4.5,0.32430506058446185
Q08553,188,3,0.015957446808510637,-0.31117021276595747,3.151229532543178,4.5,-4.5,0.35106382978723405
Q08647,676,4,0.005917159763313609,-0.612130177514793,3.141311990948039,4.5,-4.5,0.34023668639053256
P38999,446,1,0.002242152466367713,-0.14215246636771306,3.0136191364576845,4.5,-4.5,0.3834080717488789
P36100,482,7,0.014522821576763486,-0.9477178423236515,3.0335477257172787,4.5,-4.5,0.3049792531120332
P51979,1187,8,0.006739679865206402,-0.41853411962931764,3.1103371755677465,4.5,-4.5,0.34793597304128054
P53738,135,0,0.0,-0.08148148148148146,3.095999454138749,4.5,-4.5,0.4074074074074074
P40059,670,18,0.026865671641791045,-0.8217910447761194,2.684983629496849,4.5,-4.5,0.24925373134328357
P53049,1477,9,0.006093432633716994,-0.0795531482735274,3.1366575391640206,4.5,-4.5,0.4116452268111036
Q04372,366,3,0.00819672131147541,-0.7901639344262295,3.123787017118286,4.5,-4.5,0.3114754098360656
Q07471,609,5,0.008210180623973728,-0.11806239737274221,3.0586390916528057,4.5,-4.5,0.38587848932676516
P42842,904,8,0.008849557522123894,-0.21404867256637164,3.0679422173434774,4.5,-4.5,0.38827433628318586
Q12463,433,4,0.009237875288683603,-0.5459584295612009,3.0783215138095557,4.5,-4.5,0.3371824480369515
P38337,142,2,0.014084507042253521,-1.0746478873239436,3.020456933525831,4.5,-4.5,0.2746478873239437
P36124,751,9,0.011984021304926764,-0.8400798934753663,3.0229621884973037,4.5,-4.5,0.29427430093209056
P11972,698,13,0.01862464183381089,-0.3987106017191977,3.0428950642169745,4.5,-4.5,0.3495702005730659
P38351,445,4,0.008988764044943821,-1.0759550561797753,3.093825935525198,4.5,-4.5,0.2786516853932584
P38889,622,14,0.022508038585209004,-0.6411575562700965,2.9834447726596895,4.5,-4.5,0.31189710610932475
Q04868,273,2,0.007326007326007326,-0.0750915750915751,3.1059146121061647,4.5,-4.5,0.3882783882783883
Q06409,1932,21,0.010869565217391304,-0.2272256728778468,3.114840249070424,4.5,-4.5,0.37732919254658387
P36104,329,3,0.00911854103343465,-0.21185410334346513,3.0000120410077304,4.5,-4.5,0.3677811550151976
P38874,309,1,0.003236245954692557,-0.344336569579288,3.0706052811896525,4.5,-4.5,0.34951456310679613
Q06706,1349,10,0.007412898443291327,-0.32157153446997777,3.153667810426861,4.5,-4.5,0.3765752409191994
P36162,133,2,0.015037593984962405,-0.9172932330827067,3.1011885007238553,4.5,-4.5,0.2932330827067669
Q04195,904,14,0.015486725663716814,-0.7808628318584071,2.939067587189831,4.5,-4.5,0.27323008849557523
P53750,290,1,0.0034482758620689655,-0.0013793103448276058,3.0576977186900414,4.5,-4.5,0.4103448275862069
P33306,851,19,0.022326674500587545,-0.8925969447708577,2.716637896001787,4.5,-4.5,0.245593419506463
P10863,254,0,0.0,0.022834645669291314,2.4661707694311295,4.5,-4.5,0.3937007874015748
Q03898,291,2,0.006872852233676976,-0.8680412371134021,3.126899578535345,4.5,-4.5,0.2920962199312715
O14467,151,0,0.0,-0.8913907284768213,3.050479072077952,4.5,-4.5,0.2913907284768212
P32905,252,0,0.0,-0.2555555555555556,3.0879323630318734,4.5,-4.5,0.39285714285714285
Q06676,274,0,0.0,0.6259124087591241,3.035920008645998,4.5,-4.5,0.49635036496350365
P40103,239,4,0.016736401673640166,-0.47238493723849373,2.7736942275101097,4.5,-4.5,0.3305439330543933
P21524,888,5,0.00563063063063063,-0.33231981981981984,2.993600987220617,4.5,-4.5,0.36599099099099097
P06773,312,4,0.01282051282051282,-0.2894230769230769,3.1912214807115213,4.5,-4.5,0.391025641025641
P0C0W9,174,2,0.011494252873563218,-0.6224137931034484,3.1525419284102254,4.5,-4.5,0.3275862068965517
Q03956,351,5,0.014245014245014245,-0.20427350427350432,3.234167479741699,4.5,-4.5,0.4017094017094017
P47104,1357,20,0.014738393515106854,-0.29941046425939577,3.1468456944830985,4.5,-4.5,0.3662490788504053
P41921,483,2,0.004140786749482402,-0.3028985507246377,3.105853667211384,4.5,-4.5,0.36231884057971014
P15992,214,0,0.0,-0.6878504672897195,3.0596319575984507,4.5,-4.5,0.308411214953271
P40473,351,3,0.008547008547008548,-0.927065527065527,2.8464066803617856,4.5,-4.5,0.26495726495726496
Q04461,462,6,0.012987012987012988,-0.9361471861471862,2.9448121313861004,4.5,-4.5,0.2727272727272727
P38198,1513,18,0.011896893588896233,-0.4446794448116326,3.129063351080718,4.5,-4.5,0.3555849306014541
P53890,448,4,0.008928571428571428,-0.9814732142857144,2.982731635298606,4.5,-4.5,0.27232142857142855
Q08465,219,2,0.0091324200913242,-0.7753424657534246,3.112947515509277,4.5,-4.5,0.3242009132420091
P43605,281,4,0.014234875444839857,-0.6032028469750891,3.071894819891443,4.5,-4.5,0.298932384341637
Q04264,1277,15,0.011746280344557557,-0.32184808144087707,3.2126000514331268,4.5,-4.5,0.3727486296006265
Q08214,380,2,0.005263157894736842,-0.38421052631578945,3.2217865520946014,4.5,-4.5,0.3684210526315789
P07560,215,3,0.013953488372093023,-0.2255813953488372,3.11177008052852,4.5,-4.5,0.3627906976744186
P53159,387,2,0.00516795865633075,-0.5255813953488372,3.1784467726840493,4.5,-4.5,0.34108527131782945
P38637,319,3,0.009404388714733543,-0.48526645768025073,3.079602604513702,4.5,-4.5,0.3448275862068966
Q99257,599,5,0.008347245409015025,-0.3716193656093489,3.0325329856751124,4.5,-4.5,0.3555926544240401
P04456,142,1,0.007042253521126761,-0.3535211267605634,3.1401009666154964,4.5,-4.5,0.39436619718309857
P26798,304,3,0.009868421052631578,-0.7365131578947369,2.966537446397652,4.5,-4.5,0.2993421052631579
P32607,177,3,0.01694915254237288,-0.7011299435028249,2.8918546958629756,4.5,-4.5,0.2824858757062147
P33122,291,2,0.006872852233676976,-0.7549828178694158,2.9864069338044374,4.5,-4.5,0.3024054982817869
P89102,971,10,0.010298661174047374,-0.4084449021627189,3.1841217081511712,4.5,-4.5,0.349124613800206
Q04411,772,6,0.007772020725388601,-0.4347150259067358,3.0959420283884675,4.5,-4.5,0.3601036269430052
P12887,359,2,0.005571030640668524,-0.5225626740947076,2.9622260894209838,4.5,-4.5,0.3286908077994429
P38766,723,7,0.009681881051175657,-0.3872752420470263,3.1608389847397587,4.5,-4.5,0.359612724757953
P57744,87,2,0.022988505747126436,-0.5057471264367817,3.1167090041443926,4.5,-4.5,0.3448275862068966
P53299,105,2,0.01904761904761905,-0.2761904761904762,2.929700904920202,4.5,-4.5,0.3904761904761905
P35187,1447,23,0.015894955079474776,-0.7557014512785073,3.019607710900728,4.5,-4.5,0.304077401520387
P32833,620,7,0.01129032258064516,-0.7066129032258065,3.0454256779362563,4.5,-4.5,0.31129032258064515
Q02776,476,0,0.0,-0.7466386554621848,3.0089099557033885,4.5,-4.5,0.3088235294117647
P53259,346,2,0.005780346820809248,0.20491329479768783,2.8847324073207155,4.5,-4.5,0.42485549132947975
P32565,945,6,0.006349206349206349,-0.18920634920634918,3.0756201086379473,4.5,-4.5,0.39470899470899473
Q02555,471,1,0.0021231422505307855,-0.7276008492569002,3.191769267876727,4.5,-4.5,0.32908704883227174
P00729,532,4,0.007518796992481203,-0.28439849624060154,2.9869894906310925,4.5,-4.5,0.35902255639097747
Q08886,897,10,0.011148272017837236,-0.46688963210702344,2.9920084234305104,4.5,-4.5,0.31995540691192864
P39717,880,4,0.004545454545454545,-0.47181818181818186,3.002457533366529,4.5,-4.5,0.3261363636363636
P36094,363,5,0.013774104683195593,-1.1661157024793387,2.991472371726047,4.5,-4.5,0.25895316804407714
P38072,301,3,0.009966777408637873,-0.583388704318937,3.0490001321284956,4.5,-4.5,0.3289036544850498
Q6Q547,58,0,0.0,-0.7948275862068965,2.91674253907317,4.5,-4.5,0.27586206896551724
Q00381,147,0,0.0,0.13333333333333333,3.3105137265667466,4.5,-4.5,0.46258503401360546
P38991,367,3,0.008174386920980926,-0.6643051771117167,3.154963391152104,4.5,-4.5,0.32697547683923706
Q99186,491,1,0.002036659877800407,-0.2663951120162933,3.101906489294352,4.5,-4.5,0.3564154786150713
Q12368,194,1,0.005154639175257732,-0.797938144329897,3.08843801249088,4.5,-4.5,0.31958762886597936
P37303,387,0,0.0,-0.16434108527131783,3.0324037705831466,4.5,-4.5,0.3953488372093023
P07390,489,6,0.012269938650306749,-0.5666666666666668,3.140502176334819,4.5,-4.5,0.3333333333333333
P00420,269,0,0.0,0.6903345724907063,2.8363511757450746,4.5,-4.5,0.49070631970260226
Q12390,233,1,0.004291845493562232,-0.2716738197424893,3.084109241961643,4.5,-4.5,0.38197424892703863
P40005,111,0,0.0,-0.8144144144144144,3.2410332810944094,4.5,-4.5,0.3153153153153153
Q12033,661,6,0.009077155824508321,-0.44614220877458394,3.153343364771081,4.5,-4.5,0.3585476550680787
P06101,506,1,0.001976284584980237,-0.751383399209486,3.165096215691724,4.5,-4.5,0.3359683794466403
P38760,659,10,0.015174506828528073,-0.6341426403641882,3.132366108296791,4.5,-4.5,0.3292867981790592
Q06208,395,3,0.007594936708860759,-0.2815189873417722,3.206905163962935,4.5,-4.5,0.379746835443038
P41817,306,3,0.00980392156862745,-0.8588235294117648,2.893694506502493,4.5,-4.5,0.27450980392156865
Q12009,286,3,0.01048951048951049,-0.6905594405594405,3.115337936124592,4.5,-4.5,0.3356643356643357
P43602,733,7,0.009549795361527967,-0.34583901773533426,2.946688619206222,4.5,-4.5,0.32060027285129605
Q02805,837,13,0.015531660692951015,-0.5053763440860215,2.9974433164658945,4.5,-4.5,0.3154121863799283
Q08204,1093,7,0.006404391582799634,-0.6361390667886551,3.2287340003583926,4.5,-4.5,0.34400731930466605
P41546,238,1,0.004201680672268907,-0.7693277310924369,2.9266136771499935,4.5,-4.5,0.31932773109243695
Q04493,163,0,0.0,-0.6294478527607361,3.1108149468883126,4.5,-4.5,0.3496932515337423
Q07913,336,1,0.002976190476190476,-0.18869047619047621,3.1621162593314533,4.5,-4.5,0.3958333333333333
P25043,261,0,0.0,-0.17969348659003834,2.997880717263184,4.5,-4.5,0.37547892720306514
P32364,656,9,0.013719512195121951,-0.6341463414634146,3.0579253094371635,4.5,-4.5,0.30640243902439024
P53298,406,3,0.007389162561576354,-1.009113300492611,3.0695534409852643,4.5,-4.5,0.28078817733990147
P38273,704,14,0.019886363636363636,-0.4573863636363637,3.077050681444439,4.5,-4.5,0.3338068181818182
P53129,644,8,0.012422360248447204,-0.3420807453416149,3.0941312941647903,4.5,-4.5,0.36180124223602483
Q08245,113,0,0.0,-1.2592920353982302,2.9950885213960725,4.5,-4.5,0.2920353982300885
P33323,182,3,0.016483516483516484,-0.5021978021978022,3.010785667313544,4.5,-4.5,0.32967032967032966
P38798,1089,3,0.0027548209366391185,-0.6560146923783288,3.20256197713877,4.5,-4.5,0.3333333333333333
P53551,258,0,0.0,-0.7527131782945736,2.890564106834132,4.5,-4.5,0.29844961240310075
Q04749,426,4,0.009389671361502348,-0.5446009389671361,3.045705273889478,4.5,-4.5,0.30985915492957744
P53202,744,1,0.0013440860215053765,-0.20228494623655913,3.1718956789868633,4.5,-4.5,0.375
P20437,546,10,0.018315018315018316,-0.48919413919413923,3.0177758607060525,4.5,-4.5,0.32234432234432236
Q03071,99,0,0.0,-0.32626262626262625,3.109925000186503,4.5,-4.5,0.37373737373737376
Q02979,1223,12,0.009811937857726901,-0.32910874897792314,3.1497386267162355,4.5,-4.5,0.3695829926410466
P32334,1306,9,0.006891271056661562,-0.17166921898928023,2.4664163513072705,4.5,-4.5,0.28637059724349156
P26188,188,1,0.005319148936170213,-0.3340425531914894,3.131397390177507,4.5,-4.5,0.3723404255319149
P03871,373,2,0.005361930294906166,-0.46219839142091146,3.164835695483669,4.5,-4.5,0.3512064343163539
P43564,1073,9,0.008387698042870456,-0.5427772600186395,3.053387424788663,4.5,-4.5,0.33457595526561046
P53335,271,3,0.01107011070110701,-1.4435424354243542,2.907165215699422,4.5,-4.5,0.23247232472324722
P53958,396,10,0.025252525252525252,-0.8507575757575757,2.8891777222814548,4.5,-4.5,0.2676767676767677
P06633,220,2,0.00909090909090909,-0.08499999999999998,3.114409691622592,4.5,-4.5,0.41818181818181815
P40550,1411,11,0.007795889440113395,0.01658398299078664,3.0470294272992824,4.5,-4.5,0.40822111977321046
P38890,526,8,0.015209125475285171,-0.6420152091254753,3.1289040902290903,4.5,-4.5,0.3288973384030418
P47023,414,4,0.00966183574879227,-0.596135265700483,3.2657103807413685,4.5,-4.5,0.34541062801932365
P47057,423,3,0.0070921985815602835,-0.7624113475177305,3.125375567190952,4.5,-4.5,0.3073286052009456
Q99219,290,5,0.017241379310344827,-0.7744827586206897,3.0230329440376953,4.5,-4.5,0.32413793103448274
Q04674,123,1,0.008130081300813009,-0.29349593495934967,3.1057444766188538,4.5,-4.5,0.36585365853658536
Q6B0Y7,121,2,0.01652892561983471,0.4140495867768595,2.9466974309567764,4.5,-4.5,0.4462809917355372
Q08817,791,14,0.017699115044247787,-0.3438685208596713,3.037982846459266,4.5,-4.5,0.347661188369153
Q12344,894,6,0.006711409395973154,-0.7595078299776287,3.0618044904327975,4.5,-4.5,0.3053691275167785
P39992,682,4,0.005865102639296188,-0.5639296187683285,2.997372424239593,4.5,-4.5,0.32111436950146627
P53897,168,5,0.02976190476190476,-0.8488095238095239,2.694681448070618,4.5,-4.5,0.2261904761904762
Q12424,762,7,0.009186351706036745,0.25879265091863524,3.1424588081955562,4.5,-4.5,0.4225721784776903
P25613,283,1,0.0035335689045936395,0.35123674911660774,2.841245351759832,4.5,-4.5,0.44876325088339225
P25639,631,5,0.00792393026941363,0.21410459587955624,2.9146725572253547,4.5,-4.5,0.43106180665610144
P32266,881,6,0.00681044267877412,-0.39318955732122585,3.156432118710485,4.5,-4.5,0.36095346197502837
P53744,561,6,0.0106951871657754,0.5989304812834224,2.941691026128741,4.5,-4.5,0.4741532976827095
P38988,300,1,0.0033333333333333335,-0.126,3.0492497437894457,4.5,-4.5,0.39
P29465,1165,11,0.00944206008583691,-0.26703862660944205,3.040261210155436,4.5,-4.5,0.3622317596566524
P31379,325,2,0.006153846153846154,0.440923076923077,2.999910625887646,4.5,-4.5,0.4676923076923077
Q12445,299,5,0.016722408026755852,-0.47257525083612045,3.0231852773070234,4.5,-4.5,0.33444816053511706
P05374,869,6,0.006904487917146145,-0.03728423475258921,3.106956445678647,4.5,-4.5,0.38550057537399307
P40169,301,1,0.0033222591362126247,0.030897009966777446,2.93806649746834,4.5,-4.5,0.4019933554817276
Q03655,524,7,0.013358778625954198,-0.3379770992366412,2.8500482973426045,4.5,-4.5,0.32251908396946566
P38355,427,4,0.00936768149882904,0.4400468384074941,3.0954999441333135,4.5,-4.5,0.4637002341920375
P25340,473,2,0.004228329809725159,0.12494714587737839,2.941517932228328,4.5,-4.5,0.4164904862579281
P25354,239,3,0.012552301255230125,-0.10167364016736403,3.1066262900518886,4.5,-4.5,0.401673640167364
Q08929,609,6,0.009852216748768473,0.21313628899835793,3.12301560237692,4.5,-4.5,0.4482758620689655
P25621,512,2,0.00390625,0.17812499999999998,3.0436713927221186,4.5,-4.5,0.439453125
P25360,923,4,0.004333694474539545,0.0892741061755146,3.0687930182735497,4.5,-4.5,0.4160346695557963
P25346,518,5,0.009652509652509652,0.2675675675675675,3.0015167128438507,4.5,-4.5,0.4305019305019305
P38254,753,8,0.010624169986719787,-0.41752988047808764,3.11589946716498,4.5,-4.5,0.35325365205843295
P49573,406,3,0.007389162561576354,-0.22536945812807882,2.733863852317463,4.5,-4.5,0.37438423645320196
P38909,366,1,0.00273224043715847,-0.44590163934426225,3.110325151443532,4.5,-4.5,0.33060109289617484
Q04602,768,6,0.0078125,0.18554687499999992,3.0411564006165595,4.5,-4.5,0.4231770833333333
P10614,530,3,0.005660377358490566,-0.22037735849056603,3.0557276638656425,4.5,-4.5,0.3754716981132076
Q12359,275,0,0.0,0.36545454545454537,2.793369954459906,4.5,-4.5,0.43272727272727274
P39542,402,4,0.009950248756218905,0.45199004975124374,3.03405357802542,4.5,-4.5,0.4577114427860697
Q06686,241,2,0.008298755186721992,0.06099585062240659,3.0149787617150374,4.5,-4.5,0.4066390041493776
P42836,336,2,0.005952380952380952,-0.01726190476190471,3.107469821785991,4.5,-4.5,0.4166666666666667
Q04121,633,9,0.014218009478672985,0.38483412322274874,3.0385398109281834,4.5,-4.5,0.4470774091627172
P40088,404,1,0.0024752475247524753,0.1967821782178218,3.116955315320094,4.5,-4.5,0.4405940594059406
P53306,609,3,0.0049261083743842365,0.19277504105090315,3.1283880051825133,4.5,-4.5,0.43842364532019706
P87284,55,0,0.0,1.3163636363636364,2.9077803866281755,4.5,-4.5,0.6
Q08234,1294,11,0.008500772797527048,0.04520865533230293,3.064538321913826,4.5,-4.5,0.41190108191653785
P43562,540,4,0.007407407407407408,0.4698148148148148,3.0310058168869856,4.5,-4.5,0.45185185185185184
P53322,534,1,0.0018726591760299626,0.20205992509363294,3.015859370349906,4.5,-4.5,0.4344569288389513
Q08271,471,2,0.004246284501061571,-0.3779193205944799,3.0627306831734638,4.5,-4.5,0.3524416135881104
Q12412,539,1,0.0018552875695732839,0.34100185528756954,2.9099228416468246,4.5,-4.5,0.45269016697588127
P17064,533,2,0.00375234521575985,0.48686679174484054,2.8571256720842633,4.5,-4.5,0.46904315196998125
P14772,1559,11,0.007055805003207184,0.03688261706221939,3.1618262325389734,4.5,-4.5,0.40987812700449006
P53181,101,0,0.0,0.6871287128712872,2.9655000869349535,4.5,-4.5,0.49504950495049505
Q04562,672,1,0.001488095238095238,0.2967261904761904,3.0185963304126515,4.5,-4.5,0.4330357142857143
P53214,551,3,0.0054446460980036296,-0.2943738656987296,2.5038962592895757,4.5,-4.5,0.2540834845735027
Q07798,868,6,0.0069124423963133645,0.19331797235023035,3.215451112584194,4.5,-4.5,0.4400921658986175
P50080,613,5,0.008156606851549755,0.5597063621533442,2.991192821900632,4.5,-4.5,0.47797716150081565
P38724,620,4,0.0064516129032258064,0.39274193548387104,2.9965779780549675,4.5,-4.5,0.45645161290322583
P38776,514,0,0.0,0.4085603112840467,2.917124515173123,4.5,-4.5,0.4591439688715953
Q05521,289,0,0.0,0.16193771626297576,3.081073665198025,4.5,-4.5,0.4290657439446367
P53388,608,4,0.006578947368421052,0.2904605263157894,3.0012400592386257,4.5,-4.5,0.44243421052631576
P40501,490,6,0.012244897959183673,0.5408163265306123,2.9661091374465047,4.5,-4.5,0.4673469387755102
P38090,596,0,0.0,0.23154362416107377,3.039506919750476,4.5,-4.5,0.436241610738255
P38799,552,8,0.014492753623188406,0.2673913043478261,3.1428470210313364,4.5,-4.5,0.4420289855072464
P38695,592,4,0.006756756756756757,0.13277027027027025,2.9276421010001505,4.5,-4.5,0.40540540540540543
P36032,473,3,0.006342494714587738,0.5488372093023256,2.946328155398173,4.5,-4.5,0.4693446088794926
P47159,448,2,0.004464285714285714,0.6145089285714285,2.9911684335949,4.5,-4.5,0.5044642857142857
P22215,453,3,0.006622516556291391,0.2993377483443708,3.057863529124092,4.5,-4.5,0.4326710816777042
P42946,383,3,0.007832898172323759,0.6785900783289817,2.8076380522578788,4.5,-4.5,0.48825065274151436
Q06135,555,1,0.0018018018018018018,-0.3172972972972973,3.00687918366,4.5,-4.5,0.3621621621621622
P38881,321,1,0.003115264797507788,-0.7560747663551403,3.0711453078938082,4.5,-4.5,0.29595015576323985
P40475,563,8,0.014209591474245116,0.26607460035523983,3.013015586021856,4.5,-4.5,0.4404973357015986
P12685,1235,15,0.012145748987854251,-0.6940890688259109,3.0001655622604604,4.5,-4.5,0.30121457489878545
P47075,721,4,0.005547850208044383,-0.4359223300970874,3.1627468379930557,4.5,-4.5,0.3522884882108183
P47040,408,3,0.007352941176470588,0.47450980392156855,2.979198677447982,4.5,-4.5,0.46568627450980393
P36062,692,4,0.005780346820809248,0.06820809248554911,2.9555621556853584,4.5,-4.5,0.3988439306358382
P40445,542,2,0.0036900369003690036,0.0854243542435424,3.098551873522921,4.5,-4.5,0.4132841328413284
P36034,407,1,0.002457002457002457,-0.13636363636363635,3.113402042869666,4.5,-4.5,0.40786240786240785
Q07824,586,1,0.0017064846416382253,0.4686006825938567,2.902088883014132,4.5,-4.5,0.4761092150170648
P53932,642,8,0.012461059190031152,0.1655763239875389,3.018656742787926,4.5,-4.5,0.4252336448598131
P32378,372,0,0.0,0.3088709677419355,2.8718511160596476,4.5,-4.5,0.4381720430107527
Q12675,1612,12,0.007444168734491315,-0.32146401985111667,3.1165448738849695,4.5,-4.5,0.36538461538461536
P38778,549,9,0.01639344262295082,0.3626593806921675,2.9853572575182254,4.5,-4.5,0.44990892531876137
Q12177,298,2,0.006711409395973154,-0.07583892617449665,3.118135973175254,4.5,-4.5,0.40268456375838924
P48560,102,1,0.00980392156862745,0.38529411764705884,2.387524645548743,4.5,-3.9,0.4019607843137255
Q04301,562,4,0.0071174377224199285,0.5245551601423487,2.991667294452044,4.5,-4.5,0.46441281138790036
Q06451,622,0,0.0,0.2315112540192926,2.903086942081085,4.5,-4.5,0.42765273311897106
P50944,713,7,0.009817671809256662,0.15371669004207578,3.093338236546752,4.5,-4.5,0.42075736325385693
P32584,239,0,0.0,0.33305439330543923,3.107171398819814,4.5,-4.5,0.45188284518828453
P53584,459,3,0.006535947712418301,0.41917211328976034,2.992725852663512,4.5,-4.5,0.4596949891067538
P42839,908,9,0.009911894273127754,0.04295154185022023,3.012116663578726,4.5,-4.5,0.4063876651982379
P42834,146,0,0.0,-0.273972602739726,3.2414915980257155,4.5,-4.5,0.3972602739726027
P27514,894,7,0.007829977628635347,0.15827740492170023,3.0486058256346436,4.5,-4.5,0.42393736017897093
P53389,586,3,0.005119453924914676,0.20443686006825937,2.8846210036589817,4.5,-4.5,0.41467576791808874
P53746,719,12,0.016689847009735744,0.04381084840055632,3.0344636006905223,4.5,-4.5,0.4172461752433936
Q08193,484,6,0.012396694214876033,-0.33739669421487606,2.773283520893924,4.5,-4.5,0.3285123966942149
P38131,464,0,0.0,-0.625,3.003119785868666,4.5,-4.5,0.32112068965517243
P40528,902,8,0.008869179600886918,-0.1901330376940133,3.009195475577964,4.5,-4.5,0.37915742793791574
P53062,197,1,0.005076142131979695,-0.06040609137055841,3.2296777098034837,4.5,-4.5,0.4263959390862944
P43549,646,4,0.006191950464396285,-0.41114551083591333,2.86441273173264,4.5,-4.5,0.3235294117647059
Q12482,902,7,0.007760532150776054,-0.44922394678492245,3.1576490835382947,4.5,-4.5,0.360310421286031
Q12042,273,1,0.003663003663003663,0.3062271062271062,3.1767812712124295,4.5,-4.5,0.4468864468864469
P53134,725,3,0.004137931034482759,0.3863448275862069,3.0518857514190514,4.5,-4.5,0.4482758620689655
Q06593,877,6,0.0068415051311288486,0.11721778791334088,2.9690747383747875,4.5,-4.5,0.40820980615735464
P33335,543,1,0.001841620626151013,0.6565377532228361,2.8911480737101605,4.5,-4.5,0.4843462246777164
Q06598,404,3,0.007425742574257425,0.6086633663366336,3.07495459123593,4.5,-4.5,0.49257425742574257
P39016,859,18,0.020954598370197905,-0.3653084982537835,3.013482739728276,4.5,-4.5,0.3538998835855646
P25339,888,11,0.012387387387387387,-0.5521396396396396,2.934333099233543,4.5,-4.5,0.32207207207207206
O94742,89,0,0.0,-1.2393258426966292,2.972065372635635,4.5,-4.5,0.2696629213483146
Q06163,884,12,0.013574660633484163,-0.1335972850678733,3.2344882452810686,4.5,-4.5,0.4004524886877828
P53270,476,6,0.012605042016806723,-0.14180672268907563,3.09777571538224,4.5,-4.5,0.38235294117647056
P25384,1770,19,0.010734463276836158,-0.6976836158192091,2.998824675872902,4.5,-4.5,0.29548022598870055
P40206,208,1,0.004807692307692308,-0.8673076923076922,3.133379298521385,4.5,-4.5,0.3125
Q12187,109,0,0.0,-0.04678899082568814,3.0377613923045446,4.5,-4.5,0.3944954128440367
Q12331,272,2,0.007352941176470588,-0.34632352941176475,3.153928644615905,4.5,-4.5,0.35294117647058826
P39000,512,3,0.005859375,-0.4119140625,2.9376320861988057,4.5,-4.5,0.34375
P40858,161,2,0.012422360248447204,-0.37888198757763975,3.1161253600208374,4.5,-4.5,0.3416149068322981
P25600,308,2,0.006493506493506494,-0.22305194805194806,2.978290677710583,4.5,-4.5,0.3538961038961039
Q12345,250,2,0.008,-0.6855999999999999,3.095963927438432,4.5,-4.5,0.344
P47181,346,3,0.008670520231213872,-0.39971098265895955,2.994344366028218,4.5,-4.5,0.3439306358381503
Q05934,901,12,0.013318534961154272,-0.2642619311875694,3.137165639719537,4.5,-4.5,0.3662597114317425
O13547,238,1,0.004201680672268907,-0.10714285714285718,2.402780127464095,4.5,-4.5,0.33613445378151263
P32344,111,3,0.02702702702702703,-0.7423423423423424,2.969895486059574,4.5,-4.5,0.32432432432432434
O13512,126,0,0.0,0.9682539682539684,3.012662451488921,4.5,-3.5,0.5238095238095238
P43554,623,8,0.012841091492776886,-0.5526484751203853,3.1042334087831636,4.5,-4.5,0.33226324237560195
P53628,566,9,0.015901060070671377,-0.626148409893993,3.050514931777787,4.5,-4.5,0.3303886925795053
Q05123,467,3,0.006423982869379015,-0.3633832976445396,3.1615340157493645,4.5,-4.5,0.3533190578158458
P25377,361,0,0.0,-0.05595567867036016,3.0839454238907997,4.5,-4.5,0.39058171745152354
P47076,161,0,0.0,-0.675776397515528,3.147843122309741,4.5,-4.5,0.34782608695652173
Q12386,881,8,0.009080590238365494,-0.5879682179341658,3.148087804576551,4.5,-4.5,0.33825198637911463
P30665,933,8,0.00857449088960343,-0.5185423365487674,3.1455900189960233,4.5,-4.5,0.3354769560557342
Q06682,500,7,0.014,-0.7212000000000001,3.0558976684437584,4.5,-4.5,0.316
P14284,1504,12,0.007978723404255319,-0.4222739361702128,3.1254301643442646,4.5,-4.5,0.3517287234042553
P25588,1096,10,0.009124087591240875,-1.0767335766423358,3.0278447301736744,4.5,-4.5,0.2636861313868613
P12866,1290,14,0.010852713178294573,0.07837209302325579,3.0997007334161437,4.5,-4.5,0.41472868217054265
P40416,690,7,0.010144927536231883,0.00478260869565218,3.1810840867908183,4.5,-4.5,0.41884057971014493
Q6WNK7,96,2,0.020833333333333332,-0.49583333333333335,3.180962795374312,4.5,-4.5,0.34375
Q12692,134,0,0.0,-0.3485074626865671,3.0837981784105435,4.5,-4.5,0.3656716417910448
P53201,476,5,0.01050420168067227,-0.8590336134453781,3.0116270329216994,4.5,-4.5,0.3004201680672269
Q05471,1514,8,0.005284015852047556,-0.7531043593130778,3.1124489469704573,4.5,-4.5,0.32100396301188905
P06704,161,1,0.006211180124223602,-0.6086956521739131,3.210278355306986,4.5,-4.5,0.36024844720496896
Q03388,795,6,0.007547169811320755,-1.1238993710691825,2.9566226508142326,4.5,-4.5,0.2540880503144654
Q06707,132,0,0.0,-0.19318181818181818,3.284218305172946,4.5,-4.5,0.4015151515151515
P36095,224,1,0.004464285714285714,-0.8825892857142856,3.248627524909479,4.5,-4.5,0.33482142857142855
P53853,264,0,0.0,-0.8068181818181817,3.0307688089002687,4.5,-4.5,0.30303030303030304
P39110,191,0,0.0,-0.1879581151832461,3.3669025830102757,4.5,-4.5,0.39790575916230364
P38852,340,5,0.014705882352941176,-1.0876470588235294,3.090530183740161,4.5,-4.5,0.2676470588235294
P25491,409,1,0.0024449877750611247,-0.5381418092909536,3.043332118872026,4.5,-4.5,0.33985330073349634
P53849,153,2,0.013071895424836602,-0.8084967320261438,2.809483187243,4.5,-4.5,0.3137254901960784
Q01919,800,8,0.01,-0.8169999999999998,2.9763502818048817,4.5,-4.5,0.27875
P25044,335,3,0.008955223880597015,-0.5334328358208955,3.077053034937378,4.5,-4.5,0.33134328358208953
P40072,274,5,0.01824817518248175,-0.8854014598540145,3.0060289819444255,4.5,-4.5,0.30656934306569344
P04173,364,1,0.0027472527472527475,-0.03516483516483518,3.0857924561965406,4.5,-4.5,0.40934065934065933
P17709,500,3,0.006,-0.21999999999999997,3.0621430404212013,4.5,-4.5,0.376
Q03306,898,12,0.013363028953229399,-0.6197104677060133,2.9864693243531653,4.5,-4.5,0.30178173719376394
P05150,338,3,0.008875739644970414,-0.149112426035503,3.1541016471220673,4.5,-4.5,0.41420118343195267
P04385,528,5,0.00946969696969697,-0.08901515151515155,3.0227346538605104,4.5,-4.5,0.4053030303030303
Q04748,898,12,0.013363028953229399,-0.42026726057906455,3.2109173345038355,4.5,-4.5,0.36414253897550114
Q04638,464,1,0.0021551724137931034,-0.22974137931034483,3.166020280395241,4.5,-4.5,0.41163793103448276
P25379,360,3,0.008333333333333333,-0.04916666666666671,3.1164259042477918,4.5,-4.5,0.4
P53949,197,2,0.01015228426395939,-0.2279187817258883,3.1340251981504825,4.5,-4.5,0.3604060913705584
P41940,361,5,0.013850415512465374,0.003047091412742401,3.173237573616798,4.5,-4.5,0.39335180055401664
P19358,384,0,0.0,-0.30520833333333336,3.032037948849567,4.5,-4.5,0.3645833333333333
P53739,893,19,0.02127659574468085,-0.8690929451287795,2.852936438427668,4.5,-4.5,0.2687569988801792
P32861,499,4,0.008016032064128256,-0.2985971943887776,3.179263037717726,4.5,-4.5,0.36472945891783565
P53090,500,3,0.006,-0.36640000000000006,2.986320652575674,4.5,-4.5,0.344
P07251,545,3,0.005504587155963303,-0.08385321100917431,3.100410718058952,4.5,-4.5,0.4018348623853211
P00358,332,2,0.006024096385542169,-0.09337349397590365,3.0441358902541746,4.5,-4.5,0.39457831325301207
P39692,1035,12,0.011594202898550725,-0.10946859903381648,3.103840103663621,4.5,-4.5,0.3903381642512077
P41695,1021,7,0.0068560235063663075,-0.6820763956904994,3.061895285683498,4.5,-4.5,0.3095004897159647
P34760,196,3,0.015306122448979591,-0.024999999999999994,3.1032960588012592,4.5,-4.5,0.413265306122449
P42943,550,0,0.0,-0.08763636363636365,3.1344119144724387,4.5,-4.5,0.41818181818181815
P07259,2214,7,0.0031616982836495033,-0.13098464317976516,3.099932573025916,4.5,-4.5,0.3925022583559169
P36075,443,3,0.006772009029345372,-0.6338600451467268,3.16727485719896,4.5,-4.5,0.32505643340857787
P28708,518,7,0.013513513513513514,-0.4276061776061776,3.0737697201938157,4.5,-4.5,0.3416988416988417
P38247,162,1,0.006172839506172839,-0.24135802469135803,3.0650085102842075,4.5,-4.5,0.36419753086419754
P36118,322,4,0.012422360248447204,-0.886335403726708,3.161599895610876,4.5,-4.5,0.2981366459627329
Q07887,179,0,0.0,-0.1128491620111732,3.240560375472166,4.5,-4.5,0.4245810055865922
Q06137,509,1,0.0019646365422396855,-0.33968565815324164,3.1723939228567746,4.5,-4.5,0.36738703339882123
P35734,292,3,0.010273972602739725,-0.9017123287671234,2.9061396650645857,4.5,-4.5,0.2705479452054795
Q02196,202,3,0.01485148514851485,-0.43217821782178223,3.188221548372342,4.5,-4.5,0.36633663366336633
P53729,429,6,0.013986013986013986,-0.34125874125874134,3.19237864283882,4.5,-4.5,0.3613053613053613
Q12285,212,1,0.0047169811320754715,-0.5542452830188679,3.053428462204167,4.5,-4.5,0.33490566037735847
P53935,1240,16,0.012903225806451613,-1.0805645161290323,2.876038606906784,4.5,-4.5,0.25564516129032255
P53892,351,5,0.014245014245014245,-0.8652421652421654,2.995854664244616,4.5,-4.5,0.2962962962962963
Q08931,133,0,0.0,-0.7684210526315789,2.9917271502447664,4.5,-4.5,0.3157894736842105
Q07834,825,7,0.008484848484848486,-0.29793939393939395,3.155898085109789,4.5,-4.5,0.36848484848484847
Q04368,295,4,0.013559322033898305,-0.38644067796610165,3.347777285745793,4.5,-4.5,0.3728813559322034
Q12052,315,0,0.0,-0.5669841269841269,3.033828653918238,4.5,-4.5,0.33650793650793653
P39923,615,6,0.00975609756097561,-0.35203252032520327,3.0325054599779517,4.5,-4.5,0.3333333333333333
P53887,122,0,0.0,0.19754098360655734,3.183138545903823,4.5,-4.5,0.4426229508196721
P41920,201,0,0.0,-0.9890547263681593,3.0113846341700476,4.5,-4.5,0.31840796019900497
P32854,288,3,0.010416666666666666,-0.43506944444444445,3.2672489907259425,4.5,-4.5,0.375
Q12084,232,1,0.004310344827586207,-0.44741379310344825,3.268593001290557,4.5,-4.5,0.3620689655172414
P39929,240,0,0.0,-0.8112499999999999,3.1055995294789702,4.5,-4.5,0.325
Q12318,242,4,0.01652892561983471,-0.14256198347107438,3.291945850986536,4.5,-4.5,0.3925619834710744
Q12138,136,1,0.007352941176470588,-0.8882352941176471,2.8794162711014426,4.5,-4.5,0.27205882352941174
P50106,137,3,0.021897810218978103,-0.3832116788321167,2.914388402068568,4.5,-4.5,0.34306569343065696
Q04110,302,4,0.013245033112582781,-0.9069536423841059,2.994219263489394,4.5,-4.5,0.27483443708609273
P40092,148,3,0.02027027027027027,0.28040540540540543,2.565089397941179,4.5,-4.5,0.41216216216216217
Q92317,146,1,0.00684931506849315,-0.5205479452054794,3.183754090804589,4.5,-4.5,0.363013698630137
P53269,259,3,0.011583011583011582,0.17606177606177595,2.6610239726572,4.5,-4.5,0.3590733590733591
P38742,1146,17,0.014834205933682374,-0.7594240837696334,2.967347494268423,4.5,-4.5,0.2879581151832461
P36129,213,3,0.014084507042253521,0.6892018779342723,2.749942521225384,4.5,-4.5,0.5117370892018779
P32914,102,0,0.0,-0.1607843137254902,2.908006421182095,4.5,-4.5,0.38235294117647056
P42941,309,1,0.003236245954692557,-0.17216828478964402,3.1977746344070166,4.5,-4.5,0.4045307443365696
P38821,490,5,0.01020408163265306,-0.2389795918367347,3.0725464709113903,4.5,-4.5,0.3693877551020408
P38204,145,0,0.0,-0.3117241379310345,3.2552239914090317,4.5,-4.5,0.3724137931034483
P25591,423,6,0.014184397163120567,-0.8080378250591017,2.98581859769358,4.5,-4.5,0.29550827423167847
O13530,119,0,0.0,0.6697478991596638,2.858087584789437,4.5,-4.5,0.48739495798319327
Q05874,261,2,0.007662835249042145,-0.3517241379310345,3.0930472792689154,4.5,-4.5,0.36398467432950193
Q04231,177,2,0.011299435028248588,-0.027118644067796654,3.2615633755287132,4.5,-4.5,0.4180790960451977
Q07986,203,1,0.0049261083743842365,0.19162561576354675,3.1467050274512833,4.5,-4.5,0.45320197044334976
Q12035,217,1,0.004608294930875576,-1.2792626728110597,3.052849905237108,4.5,-4.5,0.271889400921659
P49166,88,1,0.011363636363636364,-1.1522727272727273,2.5478590510076593,4.2,-4.5,0.23863636363636365
O13553,144,2,0.013888888888888888,-0.41180555555555565,2.7564947681132654,4.5,-4.5,0.3263888888888889
P42884,376,0,0.0,-0.2757978723404255,3.02186612796044,4.5,-4.5,0.3617021276595745
P46995,733,3,0.004092769440654843,-0.7583901773533424,3.134388957078475,4.5,-4.5,0.32878581173260574
Q06525,465,1,0.002150537634408602,-0.9008602150537633,3.0845852114501113,4.5,-4.5,0.2860215053763441
P06844,337,2,0.005934718100890208,-0.8204747774480712,3.1171340047656746,4.5,-4.5,0.314540059347181
P38276,179,1,0.00558659217877095,-0.37877094972067044,3.0671983555038045,4.5,-4.5,0.3743016759776536
P43607,289,4,0.01384083044982699,-0.5121107266435985,2.9902306981030775,4.5,-4.5,0.3391003460207612
P40539,132,2,0.015151515151515152,0.4530303030303029,3.0435087255859954,4.5,-4.5,0.48484848484848486
O13565,187,2,0.0106951871657754,0.19572192513368977,2.984789047034093,4.5,-4.5,0.40106951871657753
Q08977,551,6,0.010889292196007259,-0.7065335753176043,3.1399355187550984,4.5,-4.5,0.3139745916515426
P32325,704,8,0.011363636363636364,-0.8730113636363637,3.0120230704866113,4.5,-4.5,0.29829545454545453
Q06160,661,6,0.009077155824508321,-0.39636913767019666,3.1575980659414093,4.5,-4.5,0.3494704992435703
P20050,605,7,0.011570247933884297,-0.43008264462809925,3.148719402783834,4.5,-4.5,0.3537190082644628
P38229,639,11,0.017214397496087636,-0.9998435054773083,2.9214789232750142,4.5,-4.5,0.26291079812206575
P09959,803,9,0.0112079701120797,-0.7393524283935243,3.077459219372788,4.5,-4.5,0.3125778331257783
P32389,672,14,0.020833333333333332,-1.0002976190476192,2.9017184821271242,4.5,-4.5,0.25744047619047616
P48582,844,4,0.004739336492890996,-0.5958530805687203,3.081310325881871,4.5,-4.5,0.33886255924170616
P11927,433,7,0.016166281755196306,-1.0547344110854504,3.037119394019141,4.5,-4.5,0.2678983833718245
P54790,616,8,0.012987012987012988,-0.3387987012987013,3.209771685208645,4.5,-4.5,0.38311688311688313
P38826,435,8,0.01839080459770115,-0.6866666666666666,3.123600437553848,4.5,-4.5,0.32413793103448274
P53830,285,4,0.014035087719298246,-0.8021052631578948,3.102030312407522,4.5,-4.5,0.312280701754386
Q08949,612,11,0.017973856209150325,-0.6408496732026144,3.0843635687870323,4.5,-4.5,0.3235294117647059
P13365,580,8,0.013793103448275862,-0.2610344827586207,2.90518542921468,4.5,-4.5,0.3620689655172414
P32774,122,1,0.00819672131147541,-0.28442622950819674,3.107263317861093,4.5,-4.5,0.36065573770491804
Q12315,538,4,0.007434944237918215,-0.6325278810408923,3.1845878743598908,4.5,-4.5,0.35315985130111527
P29461,750,18,0.024,-0.4848,3.124515262671422,4.5,-4.5,0.3413333333333333
P10961,833,21,0.025210084033613446,-1.0225690276110444,2.8673338633878593,4.5,-4.5,0.2533013205282113
P04807,486,2,0.00411522633744856,-0.32839506172839505,3.0412351793215024,4.5,-4.5,0.360082304526749
P32634,1753,22,0.012549914432401598,-0.6347404449515117,2.9097074094708035,4.5,-4.5,0.291500285225328
P39078,528,1,0.001893939393939394,-0.09337121212121212,3.2448405430899605,4.5,-4.5,0.4109848484848485
P39729,369,1,0.0027100271002710027,-0.13170731707317077,3.1974918288617276,4.5,-4.5,0.3875338753387534
P22943,109,0,0.0,-1.2091743119266054,2.716667591826011,4.5,-4.5,0.25688073394495414
P32806,458,1,0.002183406113537118,-0.3650655021834061,3.2774874043489164,4.5,-4.5,0.36899563318777295
P32490,508,5,0.00984251968503937,-0.5047244094488188,2.946968501570164,4.5,-4.5,0.31496062992125984
P25846,959,3,0.0031282586027111575,-0.3554744525547446,3.1543023499722977,4.5,-4.5,0.3691345151199166
P25615,582,3,0.005154639175257732,-0.5701030927835051,3.1648791646489323,4.5,-4.5,0.3470790378006873
P32327,1180,5,0.00423728813559322,-0.2138983050847458,3.1183155040628074,4.5,-4.5,0.3898305084745763
P30620,661,4,0.006051437216338881,-0.5473524962178519,3.106429783741094,4.5,-4.5,0.32829046898638425
P15019,335,3,0.008955223880597015,-0.2540298507462686,3.1165289052115943,4.5,-4.5,0.382089552238806
P38623,610,2,0.003278688524590164,-0.5801639344262296,3.041701956602197,4.5,-4.5,0.3180327868852459
P14291,827,8,0.009673518742442563,-0.7548972188633616,3.182488297056119,4.5,-4.5,0.3143893591293833
P43612,1002,13,0.012974051896207584,-0.6888223552894212,3.142010558492744,4.5,-4.5,0.3153692614770459
P53965,281,3,0.010676156583629894,-0.606049822064057,3.258965031933957,4.5,-4.5,0.3416370106761566
P25347,104,3,0.028846153846153848,0.34423076923076923,3.0134578567549055,4.5,-4.5,0.46153846153846156
Q03774,444,3,0.006756756756756757,-0.4355855855855855,3.146805096402886,4.5,-4.5,0.3490990990990991
P53235,642,5,0.00778816199376947,-0.47383177570093454,2.9395944508662266,4.5,-4.5,0.32398753894080995
P36113,551,6,0.010889292196007259,-0.4604355716878403,3.0526824642763244,4.5,-4.5,0.35390199637023595
Q06834,288,0,0.0,-0.5520833333333334,3.1373416018006215,4.5,-4.5,0.3576388888888889
P40328,754,9,0.011936339522546418,-0.7147214854111407,3.0860743503526327,4.5,-4.5,0.3156498673740053
P34246,357,2,0.0056022408963585435,-0.17647058823529416,3.087755865146789,4.5,-4.5,0.38935574229691877
Q01477,912,17,0.01864035087719298,-0.7945175438596491,2.8949048911215685,4.5,-4.5,0.2817982456140351
P40479,209,1,0.004784688995215311,-0.3416267942583732,3.1192931407673194,4.5,-4.5,0.36363636363636365
Q12245,148,1,0.006756756756756757,-0.09459459459459456,3.1085710583539257,4.5,-4.5,0.38513513513513514
Q07794,436,1,0.0022935779816513763,-0.28807339449541286,3.137870918771218,4.5,-4.5,0.37155963302752293
Q02939,513,3,0.005847953216374269,-0.24191033138401558,3.170566674396526,4.5,-4.5,0.3840155945419103
Q3E7C1,72,0,0.0,-0.35694444444444445,3.350200093066121,4.5,-4.5,0.4166666666666667
Q12214,470,3,0.006382978723404255,-0.4940425531914893,3.100467816159408,4.5,-4.5,0.3425531914893617
Q02959,697,5,0.007173601147776184,-0.6157819225251077,2.9984612023977224,4.5,-4.5,0.3242467718794835
Q04272,221,1,0.004524886877828055,-0.8986425339366516,3.1714147411610023,4.5,-4.5,0.31221719457013575
Q3E840,82,0,0.0,-0.22073170731707323,2.9409114981947617,4.5,-4.5,0.4146341463414634
Q06505,410,4,0.00975609756097561,-0.9697560975609755,3.017544218606135,4.5,-4.5,0.2926829268292683
P40487,425,0,0.0,-0.25458823529411767,3.2080683405296484,4.5,-4.5,0.38823529411764707
Q03067,99,1,0.010101010101010102,-0.6101010101010101,3.1232751182924043,4.5,-4.5,0.32323232323232326
Q99176,213,1,0.004694835680751174,-0.8816901408450704,3.2055985294725104,4.5,-4.5,0.30985915492957744
Q05541,303,4,0.013201320132013201,-0.3201320132013201,3.208727370112305,4.5,-4.5,0.35973597359735976
P38632,267,1,0.003745318352059925,-0.6052434456928839,3.038130128641943,4.5,-4.5,0.32209737827715357
P14242,873,15,0.01718213058419244,-0.5441008018327608,3.1446807975676037,4.5,-4.5,0.3344788087056128
P38207,520,4,0.007692307692307693,-0.49096153846153856,3.150234276767477,4.5,-4.5,0.3423076923076923
Q05567,589,1,0.001697792869269949,-0.10679117147707982,3.022657179813694,4.5,-4.5,0.3837011884550085
Q08032,650,5,0.007692307692307693,-0.44400000000000006,3.1471260638141687,4.5,-4.5,0.34307692307692306
P26321,297,0,0.0,-0.634006734006734,2.9775854747116686,4.5,-4.5,0.3333333333333333
P05750,240,0,0.0,-0.18541666666666662,3.183655497441406,4.5,-4.5,0.4166666666666667
Q04511,668,5,0.0074850299401197605,-0.5820359281437126,3.1250687252653058,4.5,-4.5,0.3278443113772455
P40161,455,3,0.006593406593406593,-0.7413186813186815,3.0649895429580534,4.5,-4.5,0.3076923076923077
Q3E835,90,1,0.011111111111111112,-0.6166666666666666,3.2497606749489174,4.5,-4.5,0.36666666666666664
Q08686,304,1,0.003289473684210526,-0.3641447368421053,2.9735009368010146,4.5,-4.5,0.34539473684210525
P25847,964,3,0.0031120331950207467,-0.24056016597510377,3.2098629282516544,4.5,-4.5,0.38589211618257263
P46674,1301,20,0.015372790161414296,-0.6538816295157571,3.078163514318994,4.5,-4.5,0.31975403535741737
Q99299,758,16,0.021108179419525065,-0.8372031662269129,2.9472922304557816,4.5,-4.5,0.2770448548812665
Q03281,663,3,0.004524886877828055,-0.8487179487179488,3.0894596290910523,4.5,-4.5,0.29411764705882354
P54791,529,3,0.005671077504725898,-0.2896030245746692,3.18371708444555,4.5,-4.5,0.3667296786389414
P50874,479,4,0.008350730688935281,-0.18267223382045936,3.1519441525169882,4.5,-4.5,0.3862212943632568
P47112,604,6,0.009933774834437087,-0.3145695364238411,3.0826774582154797,4.5,-4.5,0.3675496688741722
P48365,746,10,0.013404825737265416,-0.4839142091152815,3.1200267602373266,4.5,-4.5,0.3485254691689008
P47110,350,0,0.0,-1.0474285714285716,2.98625072419499,4.5,-4.5,0.26857142857142857
Q12051,335,4,0.011940298507462687,-0.20507462686567168,3.2396799976183055,4.5,-4.5,0.3850746268656716
Q12488,208,1,0.004807692307692308,-0.4543269230769231,3.2550080539966166,4.5,-4.5,0.36538461538461536
P25638,111,0,0.0,-0.4891891891891892,3.0408732550694446,4.5,-4.5,0.35135135135135137
Q06407,1009,16,0.015857284440039643,-0.7633300297324083,3.0293711239202965,4.5,-4.5,0.29534192269573833
P69771,204,0,0.0,-0.7514705882352942,3.184590316575912,4.5,-4.5,0.36764705882352944
Q12339,254,4,0.015748031496062992,-0.888976377952756,3.1046632020023033,4.5,-4.5,0.3031496062992126
P03872,296,2,0.006756756756756757,-0.5152027027027027,3.1447626923734715,4.5,-4.5,0.3581081081081081
P50102,471,6,0.012738853503184714,-0.3057324840764331,3.0879721880495805,4.5,-4.5,0.37154989384288745
P08640,1367,3,0.0021945866861741038,-0.3677395757132407,2.1294031906317854,4.5,-4.5,0.2099487929773226
Q03707,834,8,0.009592326139088728,-0.8116306954436451,3.1048691516303935,4.5,-4.5,0.2997601918465228
Q03034,503,1,0.0019880715705765406,-0.12326043737574553,3.0649749229148395,4.5,-4.5,0.38767395626242546
P53157,130,1,0.007692307692307693,-0.32,2.934893524474099,4.5,-4.5,0.36153846153846153
P32191,649,4,0.0061633281972265025,-0.20955315870570107,3.0268497433635324,4.5,-4.5,0.38366718027734975
Q05050,843,9,0.010676156583629894,-0.8887307236061684,2.9717816691832035,4.5,-4.5,0.3001186239620403
P38839,148,0,0.0,-0.9412162162162161,2.8988797709155723,4.5,-4.5,0.2702702702702703
P53088,359,2,0.005571030640668524,-0.20640668523676878,3.1264863939659917,4.5,-4.5,0.4011142061281337
P41911,440,2,0.004545454545454545,-0.18772727272727274,3.14931945291819,4.5,-4.5,0.39090909090909093
Q02767,242,2,0.008264462809917356,-0.41528925619834706,3.194114829562335,4.5,-4.5,0.359504132231405
P53904,254,0,0.0,-0.544488188976378,3.1248856882806337,4.5,-4.5,0.35039370078740156
P43638,1398,18,0.012875536480686695,-0.6198855507868383,3.0204059431297257,4.5,-4.5,0.32546494992846925
P38335,694,8,0.011527377521613832,-0.7887608069164267,3.002254756495848,4.5,-4.5,0.2723342939481268
P07263,546,4,0.007326007326007326,-0.2761904761904762,3.0740764348156318,4.5,-4.5,0.3791208791208791
P06208,619,3,0.004846526655896607,-0.3849757673667205,3.0447046843530927,4.5,-4.5,0.3602584814216478
P40343,622,3,0.00482315112540193,-0.8570739549839229,3.0288760011831983,4.5,-4.5,0.29260450160771706
P17891,233,3,0.012875536480686695,-1.2128755364806867,2.9881607397906875,4.5,-4.5,0.27896995708154504
P35688,1017,7,0.00688298918387414,-0.3609636184857423,3.103960779837086,4.5,-4.5,0.36283185840707965
Q07533,885,9,0.010169491525423728,-0.5360451977401129,3.0055241339891223,4.5,-4.5,0.3254237288135593
P38636,73,0,0.0,-0.15342465753424653,3.2142270291640016,4.5,-4.5,0.3835616438356164
Q12434,202,1,0.0049504950495049506,-0.6445544554455447,3.1438286315981645,4.5,-4.5,0.3217821782178218
Q12109,432,1,0.0023148148148148147,-0.4520833333333333,3.088201159326083,4.5,-4.5,0.3587962962962963
P54787,451,3,0.0066518847006651885,-0.6175166297117517,3.187458662355413,4.5,-4.5,0.35033259423503327
P04802,557,0,0.0,-0.5315978456014363,3.146039623152288,4.5,-4.5,0.362657091561939
P20485,582,4,0.006872852233676976,-0.5202749140893471,3.0792010266013703,4.5,-4.5,0.32646048109965636
P15624,595,3,0.005042016806722689,-0.3267226890756303,3.1569172041760964,4.5,-4.5,0.37815126050420167
P25375,712,10,0.014044943820224719,-0.48174157303370785,3.052743893865011,4.5,-4.5,0.33848314606741575
Q04432,237,1,0.004219409282700422,-0.26160337552742624,2.982622377665721,4.5,-4.5,0.37130801687763715
P38818,585,4,0.006837606837606838,-0.34188034188034194,3.127475137841816,4.5,-4.5,0.36923076923076925
P53058,206,6,0.02912621359223301,0.1713592233009709,2.8248043315839277,4.5,-4.5,0.41262135922330095
P38200,338,3,0.008875739644970414,-0.9979289940828403,2.8646739182112952,4.5,-4.5,0.2455621301775148
P46670,268,3,0.011194029850746268,-0.44104477611940296,3.123125412351973,4.5,-4.5,0.3582089552238806
Q12369,946,8,0.008456659619450317,-0.6436575052854122,3.2055790004870155,4.5,-4.5,0.34355179704016914
P50275,885,8,0.00903954802259887,-0.6795480225988701,3.140193203457147,4.5,-4.5,0.3152542372881356
P11709,440,6,0.013636363636363636,-1.0365909090909091,3.007490983272071,4.5,-4.5,0.28863636363636364
P53865,581,11,0.0189328743545611,-0.8500860585197935,3.144498377202482,4.5,-4.5,0.31497418244406195
Q05955,493,3,0.006085192697768763,-0.21622718052738335,3.2309639675091324,4.5,-4.5,0.40973630831643004
Q05166,528,18,0.03409090909090909,-0.9291666666666667,2.857980199495278,4.5,-4.5,0.2556818181818182
P40457,1679,14,0.008338296605122097,-0.9556879094699225,3.171444507213935,4.5,-4.5,0.30613460393091124
P17119,729,8,0.010973936899862825,-0.7775034293552812,3.146725398820963,4.5,-4.5,0.3058984910836763
P08638,886,6,0.006772009029345372,-0.42855530474040626,3.043055883358679,4.5,-4.5,0.34650112866817157
P39678,833,9,0.010804321728691477,-0.6939975990396158,3.0313824729771777,4.5,-4.5,0.304921968787515
P07249,177,2,0.011299435028248588,-0.8581920903954803,2.840775160255362,4.5,-4.5,0.24858757062146894
P32354,571,4,0.0070052539404553416,-0.8306479859894921,3.0835969796941614,4.5,-4.5,0.30297723292469353
Q04673,461,1,0.0021691973969631237,-0.40520607375271156,3.1597411634509704,4.5,-4.5,0.368763557483731
Q07084,712,9,0.012640449438202247,-0.5554775280898876,2.9635469367169174,4.5,-4.5,0.3160112359550562
Q12129,218,3,0.013761467889908258,-0.4119266055045871,3.1514151407119724,4.5,-4.5,0.37155963302752293
P52593,1655,15,0.00906344410876133,0.020966767371601205,3.213369207474946,4.5,-4.5,0.4066465256797583
P38856,637,5,0.007849293563579277,-0.6087912087912086,2.9846574630059095,4.5,-4.5,0.3202511773940345
P07273,309,1,0.003236245954692557,-0.7990291262135921,3.071947248705296,4.5,-4.5,0.32362459546925565
P14064,554,8,0.01444043321299639,-0.9850180505415164,2.9054926354316963,4.5,-4.5,0.26895306859205775
P48412,387,9,0.023255813953488372,-1.2537467700258398,3.016698602419275,4.5,-4.5,0.26098191214470284
Q12288,251,1,0.00398406374501992,-0.4605577689243028,3.1223902389726486,4.5,-4.5,0.3545816733067729
Q05863,155,0,0.0,-1.173548387096774,3.0661750348655703,4.5,-4.5,0.3032258064516129
Q12026,108,3,0.027777777777777776,-0.9898148148148148,3.049800837905917,4.5,-4.5,0.2962962962962963
Q01476,1272,10,0.007861635220125786,-0.5393867924528303,3.1194884379562207,4.5,-4.5,0.3309748427672956
P32773,286,4,0.013986013986013986,-0.9468531468531467,3.066781283360881,4.5,-4.5,0.2762237762237762
P53858,892,8,0.008968609865470852,-0.9230941704035874,2.9278246604352884,4.5,-4.5,0.2679372197309417
Q08562,1619,13,0.008029647930821495,-0.6611488573193329,3.115991773616559,4.5,-4.5,0.32859789993823346
P42845,420,8,0.01904761904761905,-0.9038095238095238,2.7257038867060626,4.5,-4.5,0.2619047619047619
P46679,850,9,0.010588235294117647,-0.5770588235294117,3.049521205824791,4.5,-4.5,0.3235294117647059
P41805,221,0,0.0,-0.6099547511312218,3.147302299217287,4.5,-4.5,0.36199095022624433
P15436,1097,8,0.007292616226071103,-0.32661804922515947,3.1382026849831117,4.5,-4.5,0.3664539653600729
P31380,1131,11,0.009725906277630416,-0.7668435013262599,3.074142269122294,4.5,-4.5,0.3147656940760389
P38314,527,6,0.011385199240986717,-0.28102466793168884,2.934351363655637,4.5,-4.5,0.34535104364326374
P53893,1110,1,0.0009009009009009009,-0.3009009009009009,3.161112117437184,4.5,-4.5,0.372972972972973
P53837,131,1,0.007633587786259542,0.22900763358778622,2.7320961544001876,4.5,-4.5,0.4198473282442748
Q12461,358,2,0.00558659217877095,-0.3865921787709498,3.043766247227283,4.5,-4.5,0.35195530726256985
P34228,1148,15,0.013066202090592335,-0.5218641114982578,2.9282924247909943,4.5,-4.5,0.31794425087108014
P24784,617,6,0.009724473257698542,-0.560615883306321,2.9535334347773,4.5,-4.5,0.31766612641815234
Q05543,409,4,0.009779951100244499,-0.9506112469437653,3.058581397359646,4.5,-4.5,0.28361858190709044
Q04119,674,4,0.005934718100890208,-0.6237388724035609,3.1156873531460465,4.5,-4.5,0.3293768545994065
P40212,199,0,0.0,-0.7216080402010051,3.2115972993514745,4.5,-4.5,0.3869346733668342
P26786,190,1,0.005263157894736842,-0.3494736842105263,3.2900127558290717,4.5,-4.5,0.38421052631578945
P40559,946,4,0.004228329809725159,-0.35845665961945034,3.1204158506683983,4.5,-4.5,0.346723044397463
Q08873,200,0,0.0,-0.5375,3.04365631272652,4.5,-4.5,0.33
P05759,152,0,0.0,-0.6743421052631579,3.1652824084225486,4.5,-4.5,0.3157894736842105
P32526,644,8,0.012422360248447204,-0.5717391304347826,3.15635650971482,4.5,-4.5,0.32298136645962733
Q06616,221,1,0.004524886877828055,-0.8850678733031674,3.0832350084878644,4.5,-4.5,0.3031674208144796
Q08457,257,2,0.007782101167315175,-0.47821011673151753,3.150343058740996,4.5,-4.5,0.33852140077821014
Q08702,217,1,0.004608294930875576,-0.6299539170506911,3.163585508527589,4.5,-4.5,0.33640552995391704
Q04751,285,1,0.0035087719298245615,-0.31964912280701757,3.059119220167953,4.5,-4.5,0.37543859649122807
P24309,405,1,0.0024691358024691358,-0.645925925925926,3.1360688522997835,4.5,-4.5,0.3234567901234568
P54730,416,8,0.019230769230769232,-0.5158653846153846,3.09478286506157,4.5,-4.5,0.33653846153846156
P47116,818,10,0.012224938875305624,-0.8003667481662592,2.8891352607626968,4.5,-4.5,0.28117359413202936
P38170,754,10,0.013262599469496022,-0.8936339522546418,3.0645421125149754,4.5,-4.5,0.2957559681697613
P32862,1170,15,0.01282051282051282,-0.5317094017094018,2.9172451559935815,4.5,-4.5,0.3034188034188034
Q12530,201,2,0.009950248756218905,-0.42985074626865666,3.336710400399064,4.5,-4.5,0.38308457711442784
P38879,174,3,0.017241379310344827,-0.47126436781609193,3.152517988171018,4.5,-4.5,0.39080459770114945
Q02642,157,1,0.006369426751592357,-0.5573248407643312,3.087909519433975,4.5,-4.5,0.3821656050955414
Q04847,553,2,0.003616636528028933,-0.23110307414104886,3.157105430046352,4.5,-4.5,0.379746835443038
Q03220,320,3,0.009375,-0.7796875,3.022580627930999,4.5,-4.5,0.309375
P50278,321,2,0.006230529595015576,-0.37694704049844235,3.0840204209273403,4.5,-4.5,0.3582554517133956
Q07938,337,2,0.005934718100890208,-0.24510385756676556,3.0098130413880773,4.5,-4.5,0.37091988130563797
Q02890,363,3,0.008264462809917356,-0.6914600550964187,3.095043369732582,4.5,-4.5,0.32231404958677684
P21269,546,2,0.003663003663003663,-0.34578754578754584,3.19423568258337,4.5,-4.5,0.3791208791208791
P49775,206,4,0.019417475728155338,-0.5300970873786408,3.0883066322260992,4.5,-4.5,0.32038834951456313
P43582,211,1,0.004739336492890996,-1.0109004739336493,2.3420986749846184,4.2,-4.5,0.21800947867298578
P36023,863,6,0.006952491309385863,-0.3511008111239861,3.1861149464791425,4.5,-4.5,0.3765932792584009
P53727,317,2,0.006309148264984227,0.024605678233438476,3.1575397101487885,4.5,-4.5,0.4037854889589905
P34219,525,7,0.013333333333333334,-0.9403809523809523,2.880417933898291,4.5,-4.5,0.259047619047619
P40570,242,1,0.004132231404958678,0.2508264462809917,3.3056830821027887,4.5,-4.5,0.45867768595041325
P53604,210,3,0.014285714285714285,-1.1128571428571428,2.569338701017096,4.5,-4.5,0.21904761904761905
Q04792,585,5,0.008547008547008548,-0.4054700854700855,3.0295136547221335,4.5,-4.5,0.3504273504273504
Q12275,1648,26,0.015776699029126214,-0.2008495145631068,3.139879992245507,4.5,-4.5,0.3756067961165049
P36157,363,7,0.01928374655647383,-0.6002754820936639,2.8696329578082573,4.5,-4.5,0.2975206611570248
Q07549,140,0,0.0,-0.022142857142857103,2.8897124883465697,4.5,-4.5,0.38571428571428573
Q04322,720,5,0.006944444444444444,-0.5669444444444445,3.124991839495518,4.5,-4.5,0.34305555555555556
P39945,430,1,0.002325581395348837,-0.2723255813953489,3.1062654891920607,4.5,-4.5,0.36046511627906974
Q03770,852,9,0.01056338028169014,-0.04342723004694836,3.006716501873565,4.5,-4.5,0.38380281690140844
Q12515,295,1,0.003389830508474576,-0.9583050847457627,2.913357404190296,4.5,-4.5,0.2677966101694915
Q12436,422,1,0.002369668246445498,0.2156398104265403,2.9664940839119036,4.5,-4.5,0.4312796208530806
Q03656,742,9,0.012129380053908356,-0.7164420485175202,2.9758460272967775,4.5,-4.5,0.29649595687331537
P32525,599,3,0.005008347245409015,-0.3140233722871453,3.1222616593163215,4.5,-4.5,0.3589315525876461
P43123,477,3,0.006289308176100629,-0.4570230607966457,3.0752508284283286,4.5,-4.5,0.34591194968553457
P47152,169,0,0.0,-0.2473372781065089,2.968614226319246,4.5,-4.5,0.35502958579881655
P35209,758,12,0.0158311345646438,-0.8039577836411611,2.995587812304239,4.5,-4.5,0.2836411609498681
P48562,842,9,0.010688836104513063,-0.7302850356294538,2.8877901971564164,4.5,-4.5,0.2862232779097387
P40583,537,12,0.0223463687150838,-0.021042830540037277,2.815087118733852,4.5,-4.5,0.3612662942271881
P87283,123,0,0.0,0.12845528455284547,2.8892151668785164,4.5,-4.5,0.42276422764227645
P40505,327,5,0.01529051987767584,-1.2565749235474006,2.876427109656933,4.5,-4.5,0.23853211009174313
Q05670,677,7,0.0103397341211226,-0.5158050221565731,3.1679061031973355,4.5,-4.5,0.345642540620384
Q05031,458,10,0.021834061135371178,-0.1844978165938865,2.823606018672787,4.5,-4.5,0.36026200873362446
P36080,434,2,0.004608294930875576,-1.4585253456221199,3.0162132759231888,4.5,-4.5,0.2557603686635945
P47049,396,10,0.025252525252525252,-0.6873737373737375,2.926160681689891,4.5,-4.5,0.2828282828282828
Q12744,133,0,0.0,0.20526315789473684,2.797187518464697,4.5,-4.5,0.42857142857142855
P38867,453,4,0.008830022075055188,-0.8335540838852098,2.8702593040073046,4.5,-4.5,0.271523178807947
Q03088,825,17,0.020606060606060607,-0.6424242424242425,2.9549168375756474,4.5,-4.5,0.30666666666666664
Q12280,1495,17,0.01137123745819398,-0.4205351170568562,3.179861334759515,4.5,-4.5,0.3551839464882943
O13564,114,0,0.0,0.12543859649122807,2.9630712907893026,4.5,-4.5,0.4298245614035088
Q03831,136,0,0.0,-0.4514705882352942,2.9398375628925097,4.5,-4.5,0.33088235294117646
P06785,304,1,0.003289473684210526,-0.5128289473684212,3.0807872194933603,4.5,-4.5,0.34539473684210525
P38791,387,0,0.0,-0.23772609819121446,3.0771514391140005,4.5,-4.5,0.3875968992248062
P53106,192,1,0.005208333333333333,0.23124999999999996,2.9652611078115867,4.5,-4.5,0.4322916666666667
Q03900,495,4,0.00808080808080808,-0.4387878787878788,3.073850371524246,4.5,-4.5,0.3434343434343434
P32579,426,1,0.002347417840375587,-0.1406103286384977,3.105563477072729,4.5,-4.5,0.38497652582159625
Q12194,479,14,0.029227557411273485,-0.48997912317327763,3.0934680660988474,4.5,-4.5,0.31106471816283926
P36083,450,1,0.0022222222222222222,-0.6764444444444444,3.1127802189293776,4.5,-4.5,0.32666666666666666
Q02754,198,0,0.0,-0.4257575757575759,3.09743999572051,4.5,-4.5,0.3838383838383838
P46974,1380,16,0.011594202898550725,-0.3744202898550725,2.986084518377313,4.5,-4.5,0.35579710144927534
P53177,273,2,0.007326007326007326,-0.4542124542124543,3.124989468511283,4.5,-4.5,0.34065934065934067
P38716,378,3,0.007936507936507936,-0.22566137566137565,3.0666585078635795,4.5,-4.5,0.37566137566137564
P53749,607,6,0.009884678747940691,-0.23064250411861614,3.174239923659602,4.5,-4.5,0.3805601317957166
P32572,300,3,0.01,-0.6186666666666667,3.097437363728639,4.5,-4.5,0.34
P39083,1007,20,0.019860973187686197,-0.6726911618669315,2.995209516315172,4.5,-4.5,0.3038728897715988
P33314,1104,19,0.017210144927536232,-0.42690217391304347,3.1881305863087843,4.5,-4.5,0.348731884057971
Q02891,456,3,0.006578947368421052,-0.399780701754386,2.976917772729453,4.5,-4.5,0.34210526315789475
Q03557,464,1,0.0021551724137931034,-0.13254310344827588,3.0690117607785843,4.5,-4.5,0.36637931034482757
P14737,1309,15,0.01145912910618793,-0.7446906035141329,3.06212421959113,4.5,-4.5,0.29717341482047366
P48566,633,10,0.01579778830963665,-0.7034755134281202,3.093669925510833,4.5,-4.5,0.3175355450236967
P46151,657,4,0.0060882800608828,-0.3369863013698631,3.0369042238194686,4.5,-4.5,0.3546423135464231
P40063,208,1,0.004807692307692308,-1.231730769230769,2.863338033964129,4.5,-4.5,0.25961538461538464
Q06216,648,10,0.015432098765432098,-0.6685185185185185,2.9187764268446426,4.5,-4.5,0.30092592592592593
P33895,451,5,0.011086474501108648,-0.5359201773835921,3.319323954466128,4.5,-4.5,0.35698447893569846
P32489,222,2,0.009009009009009009,-1.027027027027027,3.1921905254262146,4.5,-4.5,0.30180180180180183
P21192,770,13,0.016883116883116882,-0.9090909090909091,2.9520005023308364,4.5,-4.5,0.2662337662337662
Q05672,457,7,0.015317286652078774,-1.111816192560175,2.718868422330049,4.5,-4.5,0.2210065645514223
P25370,566,4,0.007067137809187279,-0.4886925795053004,3.085108319598387,4.5,-4.5,0.35159010600706714
Q12115,100,2,0.02,-0.06800000000000005,2.932435165523698,4.5,-4.5,0.37
O14455,100,1,0.01,-0.5619999999999998,3.1946448941940324,4.5,-4.5,0.37
P52491,188,2,0.010638297872340425,-0.38776595744680853,3.2091639576260684,4.5,-4.5,0.3617021276595745
P36022,4092,35,0.00855327468230694,-0.1976539589442815,3.2116835783024,4.5,-4.5,0.3919843597262952
Q08581,821,9,0.010962241169305725,-1.1654080389768575,3.1430990060969797,4.5,-4.5,0.2679658952496955
P40957,749,9,0.012016021361815754,-0.9770360480640854,3.1675644659944298,4.5,-4.5,0.3030707610146863
P40014,221,1,0.004524886877828055,-0.5687782805429865,3.1625170184549134,4.5,-4.5,0.3891402714932127
Q06179,2628,29,0.011035007610350075,-0.3266362252663622,3.178831205437045,4.5,-4.5,0.3732876712328767
P28743,706,10,0.014164305949008499,-0.6398016997167139,2.991558371555207,4.5,-4.5,0.29603399433427763
P47149,201,0,0.0,-0.7547263681592039,3.2352059074244526,4.5,-4.5,0.34328358208955223
P53148,917,8,0.008724100327153763,-0.7422028353326063,3.0804899747418224,4.5,-4.5,0.30970556161395857
P39703,215,4,0.018604651162790697,-0.018139534883721005,3.1170045667117825,4.5,-4.5,0.35348837209302325
P53724,139,0,0.0,-0.7971223021582735,3.216704208263397,4.5,-4.5,0.3237410071942446
P23250,407,9,0.022113022113022112,-0.9267813267813269,2.921107663904748,4.5,-4.5,0.2678132678132678
Q06098,443,6,0.013544018058690745,-0.16455981941309256,2.9816343743210196,4.5,-4.5,0.36794582392776526
Q12333,620,2,0.0032258064516129032,0.10241935483870968,3.084520763468865,4.5,-4.5,0.4096774193548387
Q08293,103,0,0.0,0.32135922330097083,3.0953033788113484,4.5,-4.5,0.44660194174757284
Q12362,591,3,0.005076142131979695,-0.6111675126903553,3.032655405106036,4.5,-4.5,0.32148900169204736
Q03233,198,1,0.005050505050505051,-0.4747474747474748,3.054846900041906,4.5,-4.5,0.3484848484848485
Q06188,304,0,0.0,-0.9388157894736843,3.1587607776273607,4.5,-4.5,0.3026315789473684
Q05779,260,1,0.0038461538461538464,-0.34153846153846157,3.010233433713038,4.5,-4.5,0.3576923076923077
P36038,271,1,0.0036900369003690036,-0.47896678966789674,3.075441414152772,4.5,-4.5,0.3247232472324723
P53340,73,0,0.0,0.039726027397260236,3.1968623198477446,4.5,-4.5,0.4383561643835616
P43579,692,7,0.010115606936416185,-0.6871387283236994,3.1224748259286126,4.5,-4.5,0.3208092485549133
Q03904,111,0,0.0,0.32342342342342345,3.205455792665159,4.5,-4.5,0.4594594594594595
Q12047,102,1,0.00980392156862745,0.7254901960784315,3.2320298446286895,4.5,-4.5,0.5392156862745098
Q07505,273,0,0.0,-0.2175824175824176,3.0950128881809005,4.5,-4.5,0.38095238095238093
P38311,105,0,0.0,-0.3257142857142858,3.1305264602567,4.5,-4.5,0.4095238095238095
Q06821,456,5,0.010964912280701754,-0.3631578947368422,3.0824279322516843,4.5,-4.5,0.33771929824561403
Q06813,372,4,0.010752688172043012,-0.8916666666666666,2.9941089860042975,4.5,-4.5,0.271505376344086
P47033,881,8,0.009080590238365494,-0.1854710556186152,2.412282708454232,4.5,-4.5,0.2939841089670829
P43595,202,3,0.01485148514851485,0.7866336633663366,2.911511729147899,4.5,-4.5,0.49504950495049505
P38183,143,1,0.006993006993006993,0.19650349650349644,2.9582978612712005,4.5,-4.5,0.4125874125874126
P49167,78,0,0.0,-0.46538461538461545,3.2643304148322994,4.5,-4.5,0.3717948717948718
Q12045,647,11,0.017001545595054096,-0.7554868624420402,3.1971969034806844,4.5,-4.5,0.3276661514683153
P20095,876,4,0.0045662100456621,-0.4808219178082191,3.1281674008788976,4.5,-4.5,0.3458904109589041
Q08964,1102,12,0.010889292196007259,-0.5218693284936479,3.185747375777244,4.5,-4.5,0.3502722323049002
Q08961,583,1,0.0017152658662092624,-0.3240137221269297,3.1240020864001177,4.5,-4.5,0.36363636363636365
Q08952,273,2,0.007326007326007326,-0.6501831501831502,2.9098559880547206,4.5,-4.5,0.2893772893772894
Q08498,113,0,0.0,1.3238938053097347,2.8510291368495633,4.5,-4.5,0.6283185840707964
P49089,572,2,0.0034965034965034965,-0.3678321678321679,2.9943151591860975,4.5,-4.5,0.36538461538461536
O13566,144,0,0.0,1.171527777777778,3.1410734009792747,4.5,-3.9,0.6111111111111112
P35195,104,0,0.0,-0.20192307692307693,3.151342228358686,4.5,-4.5,0.36538461538461536
P53312,427,2,0.00468384074941452,-0.32505854800936773,3.1040133700188814,4.5,-4.5,0.3840749414519906
Q12261,157,0,0.0,0.17707006369426748,2.843763376511466,4.5,-4.5,0.42038216560509556
Q08270,108,1,0.009259259259259259,-0.7694444444444444,3.152525687425329,4.5,-4.5,0.32407407407407407
P53061,704,7,0.009943181818181818,-0.5377840909090909,3.202736521493852,4.5,-4.5,0.34801136363636365
P29539,1916,21,0.010960334029227558,-0.43585594989561594,3.1856514408238144,4.5,-4.5,0.3475991649269311
P35201,549,3,0.00546448087431694,-0.9761384335154827,3.009649754652746,4.5,-4.5,0.2677595628415301
P36012,229,0,0.0,-0.8860262008733626,3.1193684865324953,4.5,-4.5,0.314410480349345
P40568,576,11,0.019097222222222224,-0.9098958333333333,2.9453275124875287,4.5,-4.5,0.2847222222222222
P38210,180,0,0.0,-0.4361111111111111,3.018843853178985,4.5,-4.5,0.35555555555555557
P34232,184,2,0.010869565217391304,-0.4141304347826087,3.086227524148674,4.5,-4.5,0.3695652173913043
Q00453,211,6,0.02843601895734597,-0.761611374407583,2.8817443474467406,4.5,-4.5,0.3033175355450237
P33411,251,2,0.00796812749003984,-0.4302788844621514,3.149293148086094,4.5,-4.5,0.350597609561753
Q12192,310,5,0.016129032258064516,-1.0129032258064516,3.0091196800225926,4.5,-4.5,0.24193548387096775
P22936,367,2,0.005449591280653951,-0.6405994550408721,2.996066935057652,4.5,-4.5,0.3215258855585831
P53397,376,3,0.007978723404255319,-0.31994680851063834,3.1323723246366146,4.5,-4.5,0.3723404255319149
Q08932,381,5,0.013123359580052493,-1.136745406824147,2.8720508389992836,4.5,-4.5,0.24146981627296588
P34161,385,3,0.007792207792207792,-0.8067532467532468,2.9167774610509203,4.5,-4.5,0.2779220779220779
P31115,442,4,0.00904977375565611,-0.44886877828054295,3.161270305123698,4.5,-4.5,0.3665158371040724
O13297,549,7,0.012750455373406194,-0.8409836065573771,3.034719514186756,4.5,-4.5,0.2859744990892532
P07269,559,10,0.017889087656529516,-0.9717352415026834,2.9458844330172957,4.5,-4.5,0.27549194991055453
P34072,584,9,0.015410958904109588,-1.0303082191780824,2.8560778572928904,4.5,-4.5,0.2568493150684932
P40317,901,16,0.017758046614872364,-0.5576026637069922,3.0317338295181964,4.5,-4.5,0.32075471698113206
P21657,970,24,0.024742268041237112,-0.6336082474226804,2.9735404235782017,4.5,-4.5,0.31443298969072164
P39720,1047,15,0.014326647564469915,-0.27631327602674316,3.098243728592478,4.5,-4.5,0.3734479465138491
P38934,470,1,0.002127659574468085,-1.0561702127659574,3.2517874320045133,4.5,-4.5,0.3
P09201,348,3,0.008620689655172414,-0.09885057471264369,3.0664852864729095,4.5,-4.5,0.39080459770114945
Q12254,260,3,0.011538461538461539,-0.07653846153846156,2.5039713722676815,4.5,-3.9,0.3076923076923077
P36090,516,4,0.007751937984496124,-0.262015503875969,3.144502864257802,4.5,-4.5,0.3701550387596899
P32841,428,12,0.028037383177570093,-0.6887850467289719,3.0680011789712407,4.5,-4.5,0.3060747663551402
P43580,148,3,0.02027027027027027,-0.7824324324324325,3.1086565321089776,4.5,-4.5,0.2905405405405405
P38139,375,3,0.008,-0.24506666666666668,3.2104281638989454,4.5,-4.5,0.39466666666666667
Q02831,240,2,0.008333333333333333,-0.9508333333333333,3.018236124884128,4.5,-4.5,0.2791666666666667
P40323,161,0,0.0,0.31677018633540366,3.1700115802998843,4.5,-4.5,0.45962732919254656
P33317,147,1,0.006802721088435374,-0.005442176870748304,2.9889770805667086,4.5,-4.5,0.3877551020408163
P53300,117,0,0.0,0.21025641025641026,3.1506988674034204,4.5,-4.5,0.4358974358974359
P19657,947,5,0.005279831045406547,0.14477296726504754,3.0230933803406947,4.5,-4.5,0.43083421330517424
Q12089,606,4,0.006600660066006601,-0.5343234323432342,3.1366212489058807,4.5,-4.5,0.35148514851485146
Q08909,290,2,0.006896551724137931,-0.5989655172413793,3.0599468609625213,4.5,-4.5,0.31724137931034485
P24720,663,6,0.00904977375565611,-0.3383107088989442,3.1789766863313513,4.5,-4.5,0.38009049773755654
Q08207,100,0,0.0,0.723,3.0755440169179824,4.5,-4.5,0.5
Q08774,242,2,0.008264462809917356,-0.3859504132231405,3.1090857465434003,4.5,-4.5,0.35537190082644626
P53720,384,2,0.005208333333333333,-0.29713541666666665,3.1314877857810113,4.5,-4.5,0.3802083333333333
P36151,352,0,0.0,-0.28437500000000004,3.095278691419695,4.5,-4.5,0.36079545454545453
Q08750,479,1,0.0020876826722338203,-0.3016701461377872,3.251663670501722,4.5,-4.5,0.37995824634655534
Q08746,203,0,0.0,-0.8522167487684728,3.06031849212088,4.5,-4.5,0.3054187192118227
Q04162,555,0,0.0,0.4936936936936937,2.973834218686459,4.5,-4.5,0.4648648648648649
Q12305,139,3,0.02158273381294964,-0.5187050359712232,2.925392880097352,4.5,-4.5,0.31654676258992803
Q08741,106,1,0.009433962264150943,0.300943396226415,2.9997639933274645,4.5,-4.5,0.4339622641509434
P07884,428,2,0.004672897196261682,-0.7558411214953271,3.1236867884485013,4.5,-4.5,0.308411214953271
Q08729,430,1,0.002325581395348837,-0.5548837209302325,3.09877122840878,4.5,-4.5,0.3209302325581395
P00912,224,2,0.008928571428571428,-0.08437500000000002,3.1039112081286135,4.5,-4.5,0.38392857142857145
Q08641,628,5,0.007961783439490446,-1.0735668789808919,2.9570495522470366,4.5,-4.5,0.27229299363057324
Q12283,360,6,0.016666666666666666,-0.3205555555555556,3.1021891414186538,4.5,-4.5,0.35555555555555557
P17558,318,8,0.025157232704402517,-0.7220125786163523,3.1184508288842427,4.5,-4.5,0.31761006289308175
P32786,894,8,0.008948545861297539,-0.48501118568232665,3.1496669242406634,4.5,-4.5,0.3344519015659955
Q04066,261,2,0.007662835249042145,-0.2091954022988506,3.1324270705991766,4.5,-4.5,0.3831417624521073
Q02521,185,3,0.016216216216216217,-0.9389189189189189,3.044321061116187,4.5,-4.5,0.2810810810810811
Q08533,101,1,0.009900990099009901,0.8594059405940594,2.6968326936957903,4.5,-4.5,0.48514851485148514
Q03083,165,2,0.012121212121212121,-0.5406060606060606,3.032188867742285,4.5,-4.5,0.30303030303030304
Q12324,675,4,0.005925925925925926,-0.0986666666666667,3.1682659821001984,4.5,-4.5,0.40444444444444444
P42840,284,2,0.007042253521126761,0.010915492957746459,3.069715866314147,4.5,-4.5,0.3873239436619718
P43548,558,4,0.007168458781362007,0.4729390681003584,2.9746965689446188,4.5,-4.5,0.46236559139784944
P50264,508,6,0.011811023622047244,-0.3161417322834646,3.14314891689373,4.5,-4.5,0.3799212598425197
P40455,235,2,0.00851063829787234,-0.8574468085106383,3.0428671166720136,4.5,-4.5,0.2723404255319149
Q12023,107,1,0.009345794392523364,0.8626168224299066,2.909973933290002,4.5,-3.9,0.5327102803738317
Q08438,674,10,0.01483679525222552,-0.8698813056379822,2.8932487132072566,4.5,-4.5,0.271513353115727
Q08419,115,2,0.017391304347826087,0.16782608695652168,2.952597907697027,4.5,-4.5,0.43478260869565216
Q07800,427,4,0.00936768149882904,-0.8292740046838408,2.985430693959301,4.5,-4.5,0.2693208430913349
Q03219,274,1,0.0036496350364963502,-0.32554744525547447,3.141818925424842,4.5,-4.5,0.3686131386861314
Q12094,313,1,0.003194888178913738,-0.8993610223642172,3.0021716698879075,4.5,-4.5,0.3003194888178914
Q12512,249,4,0.01606425702811245,-0.13734939759036147,2.8253177314319564,4.5,-4.5,0.37751004016064255
Q08287,484,6,0.012396694214876033,-1.0898760330578512,3.066070112545605,4.5,-4.5,0.2871900826446281
Q12215,556,5,0.008992805755395683,-0.23669064748201443,2.569008539402709,4.5,-4.5,0.2823741007194245
P33734,552,3,0.005434782608695652,-0.3396739130434783,3.0721991902677455,4.5,-4.5,0.35688405797101447
Q08240,163,2,0.012269938650306749,0.7233128834355829,3.1347756654433985,4.5,-4.5,0.5337423312883436
P33311,773,8,0.01034928848641656,-0.08822768434670115,3.097485286408667,4.5,-4.5,0.38809831824062097
Q99345,113,1,0.008849557522123894,-0.904424778761062,2.8861092216047592,4.5,-4.5,0.3274336283185841
Q08226,957,10,0.01044932079414838,-0.371055381400209,3.069587944747294,4.5,-4.5,0.3510971786833856
P32656,232,1,0.004310344827586207,-0.46767241379310354,3.0550463786080067,4.5,-4.5,0.3275862068965517
Q06709,432,5,0.011574074074074073,-0.8541666666666666,3.033086261305227,4.5,-4.5,0.2962962962962963
Q08213,363,2,0.005509641873278237,-0.2732782369146005,3.1524230039546492,4.5,-4.5,0.3608815426997245
P47084,519,4,0.007707129094412331,-0.2932562620423893,3.2229686278854186,4.5,-4.5,0.3872832369942196
P53741,515,9,0.017475728155339806,-0.8877669902912623,2.9440322827083274,4.5,-4.5,0.2757281553398058
P38306,217,3,0.013824884792626729,-0.9857142857142857,2.922190418166881,4.5,-4.5,0.2672811059907834
P53725,186,0,0.0,-1.4607526881720432,2.8389604096665497,4.5,-4.5,0.20430107526881722
Q12179,454,2,0.004405286343612335,-0.5436123348017622,3.120394924376869,4.5,-4.5,0.34140969162995594
P32375,460,3,0.006521739130434782,-0.08478260869565213,3.0031553979182246,4.5,-4.5,0.3782608695652174
P53864,136,1,0.007352941176470588,0.0014705882352941124,3.0270103988948076,4.5,-4.5,0.3897058823529412
Q06672,205,0,0.0,-0.6975609756097563,3.1922228515701803,4.5,-4.5,0.33658536585365856
P36103,277,3,0.010830324909747292,-1.5238267148014442,2.962413607436441,4.5,-4.5,0.22743682310469315
P39975,231,2,0.008658008658008658,-0.3225108225108226,3.1534513104901096,4.5,-4.5,0.3593073593073593
Q08474,114,0,0.0,0.5236842105263159,2.842543419766788,4.5,-4.5,0.4649122807017544
P38701,121,1,0.008264462809917356,-0.6454545454545455,3.309015983167731,4.5,-4.5,0.3140495867768595
Q03029,223,3,0.013452914798206279,-0.20852017937219744,3.089961913401912,4.5,-4.5,0.36771300448430494
Q05510,147,1,0.006802721088435374,-0.3693877551020408,2.9991747673351967,4.5,-4.5,0.3741496598639456
Q07804,573,3,0.005235602094240838,-0.28534031413612565,3.1210753669434057,4.5,-4.5,0.37521815008726006
Q04347,519,6,0.011560693641618497,-1.2788053949903662,2.917149762142592,4.5,-4.5,0.24470134874759153
Q12196,484,1,0.002066115702479339,-0.7938016528925621,3.1114163967100703,4.5,-4.5,0.3202479338842975
P28777,376,1,0.0026595744680851063,-0.3779255319148936,2.9811226920562666,4.5,-4.5,0.3484042553191489
P38960,494,4,0.008097165991902834,-0.3522267206477733,3.1290504278737172,4.5,-4.5,0.35020242914979755
O13519,122,1,0.00819672131147541,0.6311475409836065,2.946269716188038,4.5,-4.5,0.48360655737704916
Q06127,126,0,0.0,0.9571428571428571,3.1692327590726337,4.5,-4.5,0.5555555555555556
P36166,706,13,0.018413597733711047,-0.9270538243626062,2.8874970468215584,4.5,-4.5,0.273371104815864
P40519,144,1,0.006944444444444444,0.4208333333333333,3.0212643370689105,4.5,-4.5,0.4305555555555556
P38790,280,4,0.014285714285714285,-0.4432142857142857,3.12823952495812,4.5,-4.5,0.3535714285714286
P53047,317,2,0.006309148264984227,0.6466876971608833,3.0092753679260347,4.5,-4.5,0.501577287066246
P53857,426,7,0.01643192488262911,-0.4894366197183099,3.0048327524832534,4.5,-4.5,0.323943661971831
P53862,258,3,0.011627906976744186,0.5910852713178295,2.814214677053397,4.5,-4.5,0.47674418604651164
P53882,636,6,0.009433962264150943,-0.37641509433962267,2.5054111961230943,4.5,-4.5,0.2468553459119497
Q03687,405,4,0.009876543209876543,0.1733333333333333,3.084630157713651,4.5,-4.5,0.4271604938271605
Q99258,208,1,0.004807692307692308,-0.22932692307692312,3.0208976520052,4.5,-4.5,0.3942307692307692
P25659,250,0,0.0,-0.518,2.7472815654752245,4.5,-4.5,0.284
P53950,1165,18,0.015450643776824034,-0.8954506437768239,2.876222768657869,4.5,-4.5,0.26781115879828327
Q04598,105,1,0.009523809523809525,-0.5114285714285715,2.934988092316699,4.5,-4.5,0.3238095238095238
P41948,499,4,0.008016032064128256,0.3851703406813627,2.7791776081058366,4.5,-4.5,0.43286573146292584
Q03703,340,2,0.0058823529411764705,-1.0479411764705884,2.8042344865155844,4.5,-4.5,0.24705882352941178
P36058,169,4,0.023668639053254437,-0.10532544378698228,3.117677415649483,4.5,-4.5,0.34911242603550297
P47138,172,1,0.005813953488372093,-0.6017441860465116,3.138053644975699,4.5,-4.5,0.3430232558139535
P47092,110,1,0.00909090909090909,0.2627272727272727,2.9416402069998324,4.5,-4.5,0.43636363636363634
P38911,411,1,0.0024330900243309003,-1.1367396593673964,2.990900730615768,4.5,-4.5,0.25790754257907544
P53009,804,6,0.007462686567164179,-0.25000000000000006,3.0721485990956516,4.5,-4.5,0.35696517412935325
P40546,346,2,0.005780346820809248,-1.126878612716763,2.9945326041065297,4.5,-4.5,0.24566473988439305
P28626,145,0,0.0,0.5751724137931034,3.182138318901036,4.5,-4.5,0.496551724137931
Q03652,475,6,0.01263157894736842,-0.7966315789473684,2.8932715449274684,4.5,-4.5,0.28210526315789475
P18899,430,18,0.04186046511627907,-1.9597674418604651,1.7659663516667121,4.5,-4.5,0.04186046511627907
Q03792,727,9,0.012379642365887207,-0.28817056396148555,3.122240903985035,4.5,-4.5,0.3562585969738652
P40214,342,4,0.011695906432748537,-0.8687134502923978,3.0486864364943638,4.5,-4.5,0.29239766081871343
Q03175,343,4,0.011661807580174927,-0.23148688046647237,3.1637616195132097,4.5,-4.5,0.3935860058309038
Q03151,367,3,0.008174386920980926,-0.5133514986376022,3.1571572499595058,4.5,-4.5,0.335149863760218
Q04304,227,4,0.01762114537444934,-0.12599118942731277,3.179280840176804,4.5,-4.5,0.4052863436123348
Q12506,109,3,0.027522935779816515,0.20825688073394502,3.1311143029357758,4.5,-4.5,0.46788990825688076
Q08742,149,0,0.0,-0.47114093959731546,3.0322715099966513,4.5,-4.5,0.3422818791946309
Q12453,761,12,0.01576872536136662,-0.22733245729303547,3.087968148527184,4.5,-4.5,0.3587385019710907
Q08503,116,3,0.02586206896551724,-0.2672413793103448,3.1968404623527946,4.5,-4.5,0.4051724137931034
Q03695,313,5,0.01597444089456869,-0.9418530351437701,2.7968385422538202,4.5,-4.5,0.26517571884984026
Q06053,668,2,0.0029940119760479044,-0.7157185628742515,3.0707390894577293,4.5,-4.5,0.3203592814371258
Q12418,502,6,0.01195219123505976,-0.6436254980079682,2.994535062779926,4.5,-4.5,0.30677290836653387
Q04712,507,5,0.009861932938856016,-0.7571992110453648,3.079467288801777,4.5,-4.5,0.2958579881656805
P10834,293,1,0.0034129692832764505,-0.6296928327645052,3.1153542862500374,4.5,-4.5,0.3242320819112628
P53250,332,4,0.012048192771084338,-0.44066265060240967,3.101457612144703,4.5,-4.5,0.34036144578313254
P25563,115,0,0.0,0.4739130434782608,3.0622267248160604,4.5,-4.5,0.5130434782608696
Q03446,210,1,0.004761904761904762,-0.7442857142857143,2.999363537928182,4.5,-4.5,0.30952380952380953
P07267,405,2,0.0049382716049382715,-0.18518518518518517,2.9111158231985232,4.5,-4.5,0.362962962962963
P24813,409,5,0.012224938875305624,-0.6613691931540342,3.0626824114137214,4.5,-4.5,0.3276283618581907
P38315,674,6,0.008902077151335312,-0.21216617210682492,3.204216490745879,4.5,-4.5,0.3857566765578635
P38220,110,1,0.00909090909090909,0.5490909090909091,3.2257696884068814,4.5,-4.5,0.4909090909090909
P38124,548,3,0.005474452554744526,0.4102189781021898,2.957362078440429,4.5,-4.5,0.4653284671532847
P38173,110,3,0.02727272727272727,0.33181818181818185,2.982065538520751,4.5,-4.5,0.44545454545454544
Q04364,514,8,0.01556420233463035,-0.5959143968871595,3.0782977698701086,4.5,-4.5,0.33852140077821014
Q12099,399,0,0.0,-0.2506265664160401,3.237885593436936,4.5,-4.5,0.39097744360902253
P53101,465,4,0.008602150537634409,-0.20129032258064514,3.132122584359484,4.5,-4.5,0.3763440860215054
Q03124,581,9,0.01549053356282272,-0.09173838209982793,3.1156869058702763,4.5,-4.5,0.40619621342512907
P53330,157,0,0.0,-1.1305732484076434,2.8182901809426455,4.5,-4.5,0.24203821656050956
P04650,51,1,0.0196078431372549,-1.4274509803921565,3.060826393048353,4.5,-4.5,0.29411764705882354
Q01846,1127,9,0.007985803016858917,-0.3183673469387755,3.212465985363081,4.5,-4.5,0.37533274179236914
P54005,336,4,0.011904761904761904,-0.5092261904761904,3.1196770851330964,4.5,-4.5,0.35119047619047616
Q04178,221,0,0.0,-0.4176470588235295,3.173120405248083,4.5,-4.5,0.3665158371040724
P53615,221,1,0.004524886877828055,-0.33529411764705885,3.0657683083910023,4.5,-4.5,0.3574660633484163
P53718,249,3,0.012048192771084338,-0.723293172690763,2.8396538759034184,4.5,-4.5,0.27710843373493976
P53975,284,1,0.0035211267605633804,0.11302816901408447,2.9568503630770766,4.5,-4.5,0.40492957746478875
P53284,112,0,0.0,-0.16964285714285712,3.280974356740972,4.5,-4.5,0.4107142857142857
Q05902,660,6,0.00909090909090909,-0.19212121212121216,3.0386198597347267,4.5,-4.5,0.37424242424242427
P53060,241,2,0.008298755186721992,-0.5875518672199171,3.1470084955996196,4.5,-4.5,0.34024896265560167
Q07897,291,0,0.0,-0.6907216494845361,3.2079181184188217,4.5,-4.5,0.33676975945017185
P53942,307,2,0.006514657980456026,-0.46742671009771986,3.017761896426075,4.5,-4.5,0.33876221498371334
Q08108,686,14,0.02040816326530612,-0.1763848396501458,2.915285301362731,4.5,-4.5,0.36443148688046645
Q12127,133,3,0.022556390977443608,0.436842105263158,2.480767334728151,4.5,-3.9,0.45112781954887216
P32900,734,13,0.017711171662125342,-0.9212534059945505,2.803376819076657,4.5,-4.5,0.2615803814713896
Q12507,346,4,0.011560693641618497,-0.6580924855491329,3.016037260123323,4.5,-4.5,0.30057803468208094
Q08428,113,0,0.0,-1.6539823008849561,3.2202631508540867,4.5,-4.5,0.25663716814159293
Q08206,761,18,0.023653088042049936,-0.7806833114323259,2.912501046381759,4.5,-4.5,0.26938239159001315
Q05789,226,2,0.008849557522123894,-0.8088495575221238,3.212532359869355,4.5,-4.5,0.3230088495575221
P32335,436,3,0.006880733944954129,-0.5314220183486238,2.959497043165615,4.5,-4.5,0.3348623853211009
Q02203,525,5,0.009523809523809525,-0.4535238095238095,2.9735487796017743,4.5,-4.5,0.3314285714285714
P20049,452,2,0.004424778761061947,-0.145353982300885,3.0723791778928637,4.5,-4.5,0.3805309734513274
P33315,681,3,0.004405286343612335,-0.3511013215859031,2.946916971816386,4.5,-4.5,0.3436123348017621
P38070,525,2,0.0038095238095238095,-0.567047619047619,3.0308697239318474,4.5,-4.5,0.32
Q06204,433,4,0.009237875288683603,0.09722863741339491,3.157942687782422,4.5,-4.5,0.42725173210161665
P18634,518,7,0.013513513513513514,-0.506949806949807,3.099643453370274,4.5,-4.5,0.3359073359073359
P36112,540,6,0.011111111111111112,-0.5900000000000001,3.164989614399905,4.5,-4.5,0.3351851851851852
O13545,129,0,0.0,0.06124031007751937,2.9625651486643334,4.5,-4.5,0.43410852713178294
Q02873,248,0,0.0,-0.8887096774193547,3.0409095009769946,4.5,-4.5,0.29435483870967744
Q02783,413,1,0.002421307506053269,-0.12203389830508478,3.240605528686808,4.5,-4.5,0.4019370460048426
P43558,301,1,0.0033222591362126247,-0.3325581395348837,3.1438601926726357,4.5,-4.5,0.3687707641196013
P25627,275,1,0.0036363636363636364,-0.5432727272727272,3.0454467082667134,4.5,-4.5,0.34545454545454546
O94084,285,1,0.0035087719298245615,0.44631578947368417,2.662770376077442,4.5,-4.5,0.4280701754385965
O13554,104,1,0.009615384615384616,1.1903846153846154,3.290765612074106,4.5,-4.5,0.6153846153846154
Q06489,411,6,0.014598540145985401,-0.04136253041362536,3.11622269512359,4.5,-4.5,0.3844282238442822
P40162,140,1,0.007142857142857143,-0.11285714285714292,3.200978485605007,4.5,-4.5,0.4142857142857143
P40211,102,1,0.00980392156862745,-0.196078431372549,3.1783249247334444,4.5,-4.5,0.4117647058823529
Q03629,201,1,0.004975124378109453,-0.3159203980099503,3.0542434836379884,4.5,-4.5,0.3582089552238806
P47105,127,2,0.015748031496062992,-0.2307086614173228,2.9954167564869985,4.5,-4.5,0.3779527559055118
P42951,607,5,0.008237232289950576,-0.671169686985173,2.9484548963794444,4.5,-4.5,0.3031301482701812
P40365,116,0,0.0,0.33706896551724125,3.0079930923324305,4.5,-4.5,0.43103448275862066
P40476,318,4,0.012578616352201259,-0.43522012578616365,2.8683731581135232,4.5,-4.5,0.2893081761006289
P53077,123,1,0.008130081300813009,-0.5284552845528455,3.056447811367026,4.5,-4.5,0.3333333333333333
P43615,237,1,0.004219409282700422,-0.4295358649789029,3.2519602974421233,4.5,-4.5,0.37130801687763715
Q07535,126,1,0.007936507936507936,0.43968253968253956,3.110787155145104,4.5,-4.5,0.5158730158730159
Q12057,282,3,0.010638297872340425,-0.7886524822695035,2.91256977997147,4.5,-4.5,0.28368794326241137
Q12400,293,1,0.0034129692832764505,-0.9808873720136518,3.1290409882400496,4.5,-4.5,0.3037542662116041
Q03559,197,1,0.005076142131979695,-0.8720812182741118,2.8876214428945675,4.5,-4.5,0.3096446700507614
Q07951,179,2,0.0111731843575419,-0.3368715083798882,3.1008889048544903,4.5,-4.5,0.36312849162011174
P15700,204,0,0.0,-0.3558823529411764,3.1921494857071377,4.5,-4.5,0.37745098039215685
P38865,189,2,0.010582010582010581,-0.013756613756613764,2.887818085555337,4.5,-4.5,0.3915343915343915
P45820,110,3,0.02727272727272727,0.4209090909090909,3.054924354205412,4.5,-3.9,0.44545454545454544
P38269,119,1,0.008403361344537815,0.5016806722689076,2.985313721483365,4.5,-4.5,0.46218487394957986
O13577,133,1,0.007518796992481203,-0.8864661654135337,2.9169399445022286,4.5,-4.5,0.2932330827067669
Q05637,104,0,0.0,0.12499999999999993,3.234987516323553,4.5,-4.5,0.4423076923076923
P38172,270,1,0.003703703703703704,-0.11555555555555556,3.151574954107553,4.5,-4.5,0.40370370370370373
P46988,109,0,0.0,-0.763302752293578,3.1706411399930268,4.5,-4.5,0.3302752293577982
Q02983,363,0,0.0,-0.7118457300275481,3.0261391377271423,4.5,-4.5,0.3333333333333333
Q08216,224,4,0.017857142857142856,0.07991071428571425,2.905828193824966,4.5,-4.5,0.41517857142857145
P47184,120,1,0.008333333333333333,0.3066666666666667,3.0883850508351807,4.5,-4.5,0.4083333333333333
Q05905,244,3,0.012295081967213115,-0.4364754098360656,3.0210364691204874,4.5,-4.5,0.319672131147541
P53912,376,1,0.0026595744680851063,-0.11382978723404255,3.138796390264627,4.5,-4.5,0.39893617021276595
P38833,243,6,0.024691358024691357,-0.7135802469135801,3.1760712752735962,4.5,-4.5,0.3168724279835391
Q07843,230,2,0.008695652173913044,-0.5173913043478262,3.16868539109683,4.5,-4.5,0.3391304347826087
P33330,395,3,0.007594936708860759,-0.2055696202531646,3.1070144189532503,4.5,-4.5,0.38734177215189874
P53258,950,5,0.005263157894736842,-0.34663157894736846,3.1240635179627714,4.5,-4.5,0.37684210526315787
Q08058,207,2,0.00966183574879227,-0.06908212560386472,3.165745194384327,4.5,-4.5,0.42028985507246375
P48238,217,4,0.018433179723502304,-0.831336405529954,3.037012017233732,4.5,-4.5,0.2995391705069124
P24000,155,0,0.0,-1.0148387096774194,3.0915241788119627,4.5,-4.5,0.3161290322580645
O13531,108,1,0.009259259259259259,0.43333333333333324,3.1696477196475112,4.5,-4.5,0.48148148148148145
Q12327,114,0,0.0,-0.1447368421052632,2.910962103728665,4.5,-4.5,0.35964912280701755
P40309,873,9,0.010309278350515464,0.333906071019473,3.100381748711104,4.5,-4.5,0.44788087056128295
P40895,119,4,0.03361344537815126,-0.4336134453781513,3.1617800887422773,4.5,-4.5,0.36134453781512604
P38260,290,0,0.0,-0.2424137931034482,3.2412366256196146,4.5,-4.5,0.40344827586206894
P36137,443,0,0.0,-0.3559819413092551,3.1182603704345904,4.5,-4.5,0.35665914221218964
P38340,232,2,0.008620689655172414,-0.3349137931034482,3.096220720683372,4.5,-4.5,0.36637931034482757
P38361,574,2,0.003484320557491289,0.37334494773519167,2.9556425036248983,4.5,-4.5,0.4442508710801394
Q04502,122,0,0.0,-0.06721311475409834,3.0138054649913304,4.5,-4.5,0.4180327868852459
P47136,1447,19,0.013130615065653075,-0.8877677954388389,2.9935260127362033,4.5,-4.5,0.2819626814098134
P14180,963,4,0.004153686396677051,-0.26074766355140194,3.0311597877821868,4.5,-4.5,0.37487019730010385
O13582,124,1,0.008064516129032258,-0.16774193548387092,3.1336248305379497,4.5,-4.5,0.4032258064516129
P39708,457,1,0.002188183807439825,-0.19321663019693658,2.9942209003175586,4.5,-4.5,0.3741794310722101
Q05809,96,0,0.0,-1.1708333333333332,2.8205686729609845,4.5,-4.5,0.25
Q02725,835,8,0.009580838323353293,-0.5724550898203593,3.1607712367169705,4.5,-4.5,0.33532934131736525
Q06263,330,2,0.006060606060606061,-0.6069696969696969,3.096720635777697,4.5,-4.5,0.34545454545454546
Q12291,365,4,0.010958904109589041,-0.2863013698630137,3.1147248638795295,4.5,-4.5,0.3726027397260274
Q6B0W2,109,0,0.0,0.273394495412844,3.213207897283081,4.5,-4.5,0.48623853211009177
Q12455,300,1,0.0033333333333333335,-0.2223333333333333,3.129451691413192,4.5,-4.5,0.38333333333333336
P43633,760,13,0.017105263157894738,-0.5914473684210526,3.0471113171016357,4.5,-4.5,0.3105263157894737
P05738,191,0,0.0,-0.2586387434554973,3.353831321699882,4.5,-4.5,0.3769633507853403
P53274,230,1,0.004347826086956522,-1.0243478260869563,2.889654449158022,4.5,-4.5,0.24782608695652175
P47156,728,6,0.008241758241758242,-0.4707417582417583,3.1047700803751175,4.5,-4.5,0.34065934065934067
Q07927,99,0,0.0,-0.8424242424242425,3.0250499923773164,4.5,-4.5,0.32323232323232326
P36167,246,2,0.008130081300813009,-0.7333333333333335,2.8749879226799466,4.5,-4.5,0.2926829268292683
Q07987,124,0,0.0,0.32016129032258056,2.8420227870959316,4.5,-4.5,0.4435483870967742
P40057,128,0,0.0,-0.15859375000000003,2.768644956916819,4.5,-4.5,0.359375
P39983,233,1,0.004291845493562232,-0.38412017167381973,3.2593156319988776,4.5,-4.5,0.38197424892703863
P87280,109,1,0.009174311926605505,0.446788990825688,3.0918231552540387,4.5,-4.5,0.48623853211009177
P38073,919,9,0.009793253536452665,-0.38857453754080523,3.0754795679799627,4.5,-4.5,0.352557127312296
P38362,165,0,0.0,0.17575757575757575,2.9979619646070375,4.5,-4.5,0.43636363636363634
P53332,305,1,0.003278688524590164,-0.12983606557377053,3.171460072193712,4.5,-4.5,0.3737704918032787
P38240,142,2,0.014084507042253521,0.7577464788732394,3.1629751537201463,4.5,-4.5,0.5070422535211268
P39965,576,3,0.005208333333333333,-0.5079861111111111,3.1082337070408457,4.5,-4.5,0.3454861111111111
P36003,928,15,0.016163793103448277,-0.6351293103448276,2.9186518913000192,4.5,-4.5,0.2995689655172414
P24871,460,1,0.002173913043478261,-0.4982608695652174,3.1826085174625756,4.5,-4.5,0.3521739130434783
Q08182,245,2,0.00816326530612245,-1.166122448979592,2.9149920826906386,4.5,-4.5,0.24489795918367346
Q05776,175,1,0.005714285714285714,-0.4805714285714286,3.000108515044217,4.5,-4.5,0.32571428571428573
P40576,216,1,0.004629629629629629,-0.39629629629629626,3.3666783807806637,4.5,-4.5,0.39814814814814814
P00899,507,3,0.005917159763313609,-0.33668639053254434,3.090463039911234,4.5,-4.5,0.358974358974359
P19097,1887,8,0.0042395336512983575,-0.29358770535241124,3.0255432979230674,4.5,-4.5,0.37254901960784315
P38167,1117,14,0.012533572068039392,-0.6513876454789616,2.9295961982235594,4.5,-4.5,0.2909579230080573
Q04052,950,10,0.010526315789473684,-0.5436842105263158,3.077903781756456,4.5,-4.5,0.33473684210526317
P18852,110,1,0.00909090909090909,-0.8200000000000001,3.042510924758156,4.5,-4.5,0.3
P43611,510,6,0.011764705882352941,-0.48333333333333334,3.1326329004351736,4.5,-4.5,0.35294117647058826
Q05790,422,0,0.0,-0.43862559241706167,2.9383396361150855,4.5,-4.5,0.3222748815165877
Q04213,475,2,0.004210526315789474,-0.9772631578947368,3.1033273966418564,4.5,-4.5,0.29473684210526313
P40467,964,20,0.02074688796680498,-0.6246887966804979,3.0470604170758033,4.5,-4.5,0.32053941908713696
P46958,469,4,0.008528784648187633,-0.45437100213219617,3.0376119630476808,4.5,-4.5,0.3390191897654584
Q12471,397,7,0.017632241813602016,-0.38463476070528974,3.0613526060287546,4.5,-4.5,0.34760705289672544
P38927,245,0,0.0,-0.32040816326530613,3.2905293657513734,4.5,-4.5,0.3673469387755102
P53339,147,0,0.0,0.46190476190476193,2.784977517547068,4.5,-4.5,0.47619047619047616
P53873,357,3,0.008403361344537815,-0.35798319327731093,3.071140513838457,4.5,-4.5,0.3445378151260504
Q02046,320,2,0.00625,-0.296875,3.1927050027171315,4.5,-4.5,0.38125
P38769,630,9,0.014285714285714285,-0.3098412698412698,3.1043949859470183,4.5,-4.5,0.37142857142857144
Q06891,181,0,0.0,-0.16022099447513813,3.2813836112530512,4.5,-4.5,0.4088397790055249
P53190,111,1,0.009009009009009009,1.2351351351351354,3.0361678266901824,4.5,-4.5,0.5765765765765766
P53012,380,1,0.002631578947368421,0.18894736842105267,2.988290119672984,4.5,-4.5,0.4394736842105263
P38195,257,4,0.01556420233463035,-0.8914396887159532,2.794172066675806,4.5,-4.5,0.26848249027237353
P18898,376,2,0.005319148936170213,-0.23031914893617023,3.0089469254660535,4.5,-4.5,0.3803191489361702
P25620,114,1,0.008771929824561403,-0.1833333333333334,3.021847833277741,4.5,-4.5,0.39473684210526316
Q00947,519,4,0.007707129094412331,-0.7104046242774567,2.922045570824446,4.5,-4.5,0.2928709055876686
P33199,130,2,0.015384615384615385,-0.7653846153846153,2.9654604400163183,4.5,-4.5,0.3
P40560,513,0,0.0,-0.13021442495126703,3.250269647357379,4.5,-4.5,0.42105263157894735
P38296,124,0,0.0,0.02822580645161288,3.1309732714334695,4.5,-4.5,0.41935483870967744
Q03730,393,3,0.007633587786259542,0.4381679389312977,3.0161766915073023,4.5,-4.5,0.4631043256997455
P38343,150,2,0.013333333333333334,0.7019999999999998,2.6644691779039213,4.5,-4.5,0.49333333333333335
P40556,373,3,0.00804289544235925,0.008847184986595143,2.9963788710004393,4.5,-4.5,0.39946380697050937
P36526,146,1,0.00684931506849315,-0.704109589041096,2.920050588610587,4.5,-4.5,0.273972602739726
P40167,298,6,0.020134228187919462,-1.0248322147651006,3.035271535463634,4.5,-4.5,0.28859060402684567
P47161,811,5,0.006165228113440197,-0.4974106041923551,2.9959167777858906,4.5,-4.5,0.32922318125770655
P36081,392,0,0.0,-0.6364795918367347,3.0509819186535427,4.5,-4.5,0.3086734693877551
P38738,679,12,0.017673048600883652,-0.47039764359351993,2.937501917433957,4.5,-4.5,0.3225331369661267
Q02651,245,0,0.0,-0.7416326530612244,2.9859776691339186,4.5,-4.5,0.30612244897959184
P33893,541,4,0.0073937153419593345,-0.40240295748613675,3.1420606387509924,4.5,-4.5,0.3585951940850277
P52290,468,11,0.023504273504273504,-0.36004273504273504,2.9394468631736785,4.5,-4.5,0.34615384615384615
Q12473,712,6,0.008426966292134831,0.1532303370786517,3.116941873627746,4.5,-4.5,0.425561797752809
Q12229,455,4,0.008791208791208791,-0.7043956043956044,3.142012796747609,4.5,-4.5,0.31868131868131866
P53124,433,5,0.011547344110854504,-0.4438799076212471,3.067789253639567,4.5,-4.5,0.3441108545034642
P25566,168,2,0.011904761904761904,-0.6482142857142857,2.965294757979496,4.5,-4.5,0.3273809523809524
P25332,333,2,0.006006006006006006,-0.24354354354354352,3.1202422610469656,4.5,-4.5,0.3663663663663664
P43637,560,5,0.008928571428571428,-0.3028571428571428,3.013012087054198,4.5,-4.5,0.3517857142857143
Q07990,161,3,0.018633540372670808,0.15217391304347833,2.751805436854291,4.5,-4.5,0.36024844720496896
O13574,117,0,0.0,-0.6367521367521368,3.0869617816111545,4.5,-4.5,0.3247863247863248
Q06567,569,6,0.01054481546572935,-0.2848857644991213,3.108090813005427,4.5,-4.5,0.37434094903339193
Q03718,556,6,0.01079136690647482,-0.04442446043165473,3.188697642355844,4.5,-4.5,0.4154676258992806
P36136,271,1,0.0036900369003690036,-0.559040590405904,3.0972165521716666,4.5,-4.5,0.3247232472324723
P34249,101,0,0.0,0.09108910891089117,3.125560512422064,4.5,-4.5,0.45544554455445546
Q03823,816,7,0.00857843137254902,-0.6806372549019609,3.088751347717041,4.5,-4.5,0.3014705882352941
Q12325,893,6,0.006718924972004479,-0.06170212765957446,3.0234970469300984,4.5,-4.5,0.3829787234042553
P53240,122,1,0.00819672131147541,-0.15081967213114766,3.00022528939978,4.5,-4.5,0.38524590163934425
P32770,719,14,0.019471488178025034,-0.7083449235048678,2.9266959660018736,4.5,-4.5,0.29624478442280944
Q02256,364,2,0.005494505494505495,-0.42005494505494506,3.0748374382569095,4.5,-4.5,0.35714285714285715
Q99373,253,3,0.011857707509881422,-0.874308300395257,2.9597183686876214,4.5,-4.5,0.28063241106719367
P38225,669,5,0.007473841554559043,-0.17339312406576982,3.092709590677665,4.5,-4.5,0.38565022421524664
P35127,236,2,0.00847457627118644,-0.3317796610169492,3.027173300083573,4.5,-4.5,0.3516949152542373
O13568,135,0,0.0,0.6955555555555554,3.233181363362572,4.5,-4.5,0.48148148148148145
Q12219,294,4,0.013605442176870748,-0.7653061224489796,3.1086045398539537,4.5,-4.5,0.3333333333333333
P39875,702,3,0.004273504273504274,-0.5881766381766382,3.14632962714416,4.5,-4.5,0.33760683760683763
P20051,364,0,0.0,-0.15961538461538463,3.100051553166622,4.5,-4.5,0.40384615384615385
O13579,124,2,0.016129032258064516,-0.14112903225806459,3.091012259730183,4.5,-4.5,0.3709677419354839
P32469,300,1,0.0033333333333333335,-0.28,3.090943760946377,4.5,-4.5,0.37333333333333335
Q12354,227,0,0.0,-0.05198237885462559,2.9968901707811613,4.5,-4.5,0.3920704845814978
Q12247,151,0,0.0,-1.6496688741721854,3.0223203702051524,4.5,-4.5,0.2251655629139073
P47132,116,0,0.0,0.46896551724137925,3.005896899633241,4.5,-4.5,0.49137931034482757
P53162,154,2,0.012987012987012988,0.762987012987013,2.926212731139567,4.5,-4.5,0.512987012987013
Q02771,107,1,0.009345794392523364,-0.897196261682243,3.0663521493033747,4.5,-4.5,0.308411214953271
P40001,126,2,0.015873015873015872,0.35079365079365077,2.996605117005121,4.5,-4.5,0.4444444444444444
Q04344,158,0,0.0,-0.19367088607594937,3.0839864786579048,4.5,-4.5,0.4050632911392405
Q12408,173,1,0.005780346820809248,0.022543352601156055,3.168397126650445,4.5,-4.5,0.4046242774566474
P38294,104,0,0.0,-0.03846153846153843,2.9365504256468786,4.5,-4.5,0.41346153846153844
P38246,354,4,0.011299435028248588,-0.6276836158192091,3.0492792056340705,4.5,-4.5,0.3220338983050847
P27654,210,0,0.0,0.26095238095238094,2.5423459446924865,4.5,-4.5,0.41904761904761906
P34224,193,2,0.010362694300518135,-0.310880829015544,3.1258135937870604,4.5,-4.5,0.37823834196891193
P38190,124,0,0.0,0.5838709677419353,2.4332835606596452,4.5,-4.5,0.4032258064516129
P39550,113,2,0.017699115044247787,0.24513274336283183,3.2661847828125934,4.5,-4.5,0.4690265486725664
P87281,107,0,0.0,0.8121495327102805,2.882130257077473,4.5,-4.5,0.4766355140186916
Q08687,178,3,0.016853932584269662,-0.9707865168539327,3.2053923052926674,4.5,-4.5,0.3146067415730337
P53239,316,3,0.00949367088607595,0.19936708860759503,3.079916504610561,4.5,-4.5,0.4272151898734177
P25617,290,2,0.006896551724137931,-1.0813793103448275,3.1033238289224903,4.5,-4.5,0.2620689655172414
Q07716,390,0,0.0,-0.2064102564102564,3.077917200515332,4.5,-4.5,0.3769230769230769
Q07729,489,4,0.0081799591002045,-0.3421267893660532,3.0960467530734888,4.5,-4.5,0.3558282208588957
Q05610,365,4,0.010958904109589041,-0.7553424657534248,3.052186318210828,4.5,-4.5,0.3013698630136986
P43618,361,4,0.0110803324099723,-0.824376731301939,3.12928508857099,4.5,-4.5,0.296398891966759
P40187,538,7,0.013011152416356878,-0.8195167286245353,3.085644020776595,4.5,-4.5,0.30111524163568776
P40459,309,1,0.003236245954692557,-0.09773462783171522,3.2145947588394708,4.5,-4.5,0.40129449838187703
Q03787,373,2,0.005361930294906166,-0.19651474530831098,3.149979985965144,4.5,-4.5,0.3780160857908847
Q12121,372,7,0.01881720430107527,-0.31317204301075274,2.8756417969898043,4.5,-4.5,0.2956989247311828
P17261,260,1,0.0038461538461538464,0.3361538461538462,2.981326598013654,4.5,-4.5,0.43846153846153846
P53838,576,5,0.008680555555555556,0.2874999999999999,3.0507085925513544,4.5,-4.5,0.4461805555555556
P38836,430,2,0.004651162790697674,-0.39139534883720933,3.0076484528269454,4.5,-4.5,0.3488372093023256
P33894,931,4,0.004296455424274973,-0.49881847475832436,3.0306257574219098,4.5,-4.5,0.31901181525241673
Q04991,504,3,0.005952380952380952,0.48353174603174603,3.0085702035397333,4.5,-4.5,0.4603174603174603
P47114,497,8,0.01609657947686117,-0.32615694164989945,3.112847383427619,4.5,-4.5,0.35412474849094566
P40152,326,2,0.006134969325153374,-0.2855828220858896,3.115409080694383,4.5,-4.5,0.37116564417177916
Q07895,862,13,0.015081206496519721,-0.14814385150812068,3.174169242970362,4.5,-4.5,0.37470997679814383
Q12003,364,2,0.005494505494505495,-0.09285714285714289,3.102613852198751,4.5,-4.5,0.38186813186813184
Q12301,547,8,0.014625228519195612,-0.022486288848263248,3.0622348539914936,4.5,-4.5,0.3875685557586837
P53747,219,1,0.0045662100456621,0.3378995433789954,3.100401678049303,4.5,-4.5,0.4474885844748858
P53273,1036,4,0.003861003861003861,0.0945945945945946,3.134650308671476,4.5,-4.5,0.41795366795366795
Q04329,127,2,0.015748031496062992,-0.6826771653543308,2.801014846688311,4.2,-4.5,0.3228346456692913
P34756,2278,33,0.014486391571553995,-0.6680421422300264,2.977006812976794,4.5,-4.5,0.2971905179982441
P38329,1120,7,0.00625,0.10642857142857141,3.0321158504602437,4.5,-4.5,0.40714285714285714
P38142,488,1,0.0020491803278688526,0.36659836065573764,2.898418715748398,4.5,-4.5,0.4385245901639344
P18962,818,8,0.009779951100244499,-0.4350855745721271,3.047581718761663,4.5,-4.5,0.32273838630806845
P32493,518,6,0.011583011583011582,-0.17490347490347488,3.250088726194201,4.5,-4.5,0.4034749034749035
Q12218,487,5,0.01026694045174538,0.17967145790554415,2.4944409435809187,4.5,-4.5,0.35728952772073924
Q12116,473,4,0.008456659619450317,0.37695560253699784,2.874668402999612,4.5,-4.5,0.4376321353065539
P47127,394,6,0.015228426395939087,-0.3175126903553299,3.17076955960107,4.5,-4.5,0.350253807106599
Q12128,409,4,0.009779951100244499,-0.5687041564792177,3.0774991487043697,4.5,-4.5,0.33251833740831294
P87272,115,0,0.0,0.5321739130434783,3.2333196785451475,4.5,-4.5,0.5304347826086957
P53970,246,1,0.0040650406504065045,-0.11544715447154474,3.191643879525317,4.5,-4.5,0.4024390243902439
P53211,109,0,0.0,-0.14862385321100927,2.7043496964209237,4.5,-4.5,0.3302752293577982
O13517,100,0,0.0,0.5409999999999999,3.085290748049526,4.5,-4.5,0.52
P40154,320,2,0.00625,-1.3631249999999997,2.873513134540192,4.5,-4.5,0.215625
Q08045,131,0,0.0,-0.5564885496183206,2.98911764755715,4.5,-4.5,0.3511450381679389
Q08259,102,1,0.00980392156862745,-0.48921568627450984,3.082649320930354,4.5,-4.5,0.3627450980392157
Q03205,200,1,0.005,-0.22050000000000003,3.108798763188122,4.5,-4.5,0.37
P43568,368,3,0.008152173913043478,-0.2994565217391304,3.170996230829631,4.5,-4.5,0.37771739130434784
P38876,190,1,0.005263157894736842,-0.3463157894736842,2.993354412213681,4.5,-4.5,0.3368421052631579
P25603,130,2,0.015384615384615385,-0.8138461538461538,3.2138583053863146,4.5,-4.5,0.3153846153846154
Q08521,101,4,0.039603960396039604,-0.3663366336633664,3.208968781268061,4.5,-4.5,0.37623762376237624
Q02685,241,5,0.02074688796680498,-0.433609958506224,3.1688694263457164,4.5,-4.5,0.35684647302904565
P40993,198,2,0.010101010101010102,-0.8545454545454545,2.919207472608945,4.5,-4.5,0.2828282828282828
Q04773,145,3,0.020689655172413793,-0.8220689655172414,3.1209297678630024,4.5,-4.5,0.33793103448275863
Q12385,394,5,0.012690355329949238,-0.39923857868020307,3.0344928123756367,4.5,-4.5,0.350253807106599
Q06350,511,5,0.009784735812133072,-0.47886497064579264,3.0490419854003004,4.5,-4.5,0.3287671232876712
Q06408,635,7,0.011023622047244094,-0.21590551181102366,3.092681061563299,4.5,-4.5,0.3732283464566929
Q04033,374,3,0.008021390374331552,-0.3133689839572193,3.017246839342,4.5,-4.5,0.3502673796791444
P53745,580,4,0.006896551724137931,-0.3522413793103448,3.1408232739661988,4.5,-4.5,0.3586206896551724
P87269,146,0,0.0,0.5952054794520548,3.165835001883083,4.5,-3.9,0.5342465753424658
Q04100,135,0,0.0,0.3918518518518518,2.9045826334171356,4.5,-4.5,0.45925925925925926
P33442,255,3,0.011764705882352941,-0.49411764705882355,3.232082541456301,4.5,-4.5,0.3568627450980392
Q08646,371,2,0.005390835579514825,-0.6741239892183288,3.0555378518587357,4.5,-4.5,0.30997304582210244
P47020,107,0,0.0,0.2280373831775701,2.9775733201899786,4.5,-4.5,0.42990654205607476
P38188,114,0,0.0,0.10964912280701754,3.24350820731508,4.5,-4.5,0.4298245614035088
P43610,853,9,0.010550996483001172,-0.47092614302461905,3.1681331976738014,4.5,-4.5,0.35990621336459555
P49435,187,0,0.0,0.1502673796791443,3.112530726288657,4.5,-4.5,0.45989304812834225
Q04533,649,7,0.01078582434514638,-0.37596302003081666,3.112028709032675,4.5,-4.5,0.362095531587057
P54000,292,6,0.02054794520547945,-1.4493150684931506,2.860997684383354,4.5,-4.5,0.2363013698630137
Q04299,284,0,0.0,-0.07147887323943666,3.068593164646796,4.5,-4.5,0.39436619718309857
Q04471,368,3,0.008152173913043478,-1.0065217391304346,2.9481775633736147,4.5,-4.5,0.2717391304347826
P36159,838,4,0.00477326968973747,-0.4071599045346062,3.1919156981462624,4.5,-4.5,0.3627684964200477
P38226,397,4,0.010075566750629723,-0.007808564231738057,3.1616347019447493,4.5,-4.5,0.3929471032745592
Q04406,187,2,0.0106951871657754,-0.5716577540106952,2.926697858245008,4.5,-4.5,0.3048128342245989
P38141,450,4,0.008888888888888889,-0.37333333333333335,3.080981084726819,4.5,-4.5,0.3622222222222222
P53183,348,6,0.017241379310344827,-0.1795977011494253,3.0530581727133415,4.5,-4.5,0.3936781609195402
P36153,106,1,0.009433962264150943,0.6698113207547172,3.019064262483314,4.5,-4.5,0.5188679245283019
P53737,142,2,0.014084507042253521,0.07816901408450705,2.9394863064967875,4.5,-4.5,0.4014084507042254
Q12143,216,1,0.004629629629629629,-0.8643518518518518,3.155914134501828,4.5,-4.5,0.32407407407407407
P40065,302,1,0.0033112582781456954,-1.0387417218543047,3.135767131473385,4.5,-4.5,0.28807947019867547
Q08756,102,0,0.0,-0.7068627450980391,3.1883138270240066,4.5,-4.5,0.35294117647058826
Q99318,101,1,0.009900990099009901,-0.046534653465346666,3.0854999227923527,4.5,-4.5,0.4158415841584158
Q08958,114,0,0.0,-0.2166666666666667,2.886596875295862,4.5,-4.5,0.37719298245614036
Q12207,173,2,0.011560693641618497,0.5786127167630057,2.934005200191639,4.5,-4.5,0.49710982658959535
P47012,105,1,0.009523809523809525,-0.4066666666666666,3.1402840838026305,4.5,-4.5,0.38095238095238093
P32644,1121,17,0.015165031222123104,-0.7322033898305085,3.084681651312483,4.5,-4.5,0.3050847457627119
P10356,443,3,0.006772009029345372,-0.27539503386004516,2.971232199062004,4.5,-4.5,0.3611738148984199
P39956,796,10,0.01256281407035176,-0.6858040201005025,2.9603980755317316,4.5,-4.5,0.30025125628140703
P40101,306,2,0.006535947712418301,-0.32614379084967327,3.1425973030901604,4.5,-4.5,0.3758169934640523
P46959,383,5,0.013054830287206266,-0.5963446475195824,3.092176129853005,4.5,-4.5,0.3237597911227154
Q08872,117,1,0.008547008547008548,0.1504273504273504,3.205487387281563,4.5,-4.5,0.46153846153846156
P38727,235,2,0.00851063829787234,0.1612765957446809,3.1637962767759875,4.5,-4.5,0.43829787234042555
Q07655,649,14,0.02157164869029276,-0.5685670261941448,2.864919526653023,4.5,-4.5,0.29738058551617874
Q05611,235,6,0.02553191489361702,-0.043404255319148946,3.1769229570254782,4.5,-4.5,0.40425531914893614
Q04412,482,5,0.01037344398340249,-0.4238589211618258,3.0441276105901576,4.5,-4.5,0.34232365145228216
P39932,569,5,0.008787346221441126,0.09525483304042172,2.971788023450781,4.5,-4.5,0.4165202108963093
P38824,151,1,0.006622516556291391,-1.4225165562913908,2.4212954823068986,4.5,-4.5,0.17880794701986755
P43591,353,0,0.0,-0.31331444759206795,3.225696851210641,4.5,-4.5,0.37960339943342775
P53126,111,2,0.018018018018018018,0.1018018018018018,2.9387740896344283,4.5,-4.5,0.36936936936936937
P87266,191,4,0.020942408376963352,0.8068062827225131,2.7465934653756636,4.5,-4.5,0.5078534031413613
P53909,347,0,0.0,-0.33602305475504324,3.119641093584741,4.5,-4.5,0.3688760806916426
P32781,87,0,0.0,0.19540229885057472,2.7548455970240857,4.5,-4.5,0.3793103448275862
P32859,130,0,0.0,-0.23076923076923067,2.9535857256990625,4.5,-4.5,0.3384615384615385
P53143,142,5,0.035211267605633804,0.07042253521126751,2.9414662610891815,4.5,-4.5,0.3732394366197183
P33890,251,0,0.0,0.2820717131474103,2.5229538454777583,4.5,-4.5,0.42231075697211157
P40525,121,0,0.0,-0.7983471074380165,3.141615720304105,4.5,-4.5,0.32231404958677684
Q08789,138,2,0.014492753623188406,-0.028985507246376798,3.265857698528265,4.5,-4.5,0.4420289855072464
P53209,190,1,0.005263157894736842,0.2094736842105263,3.3432752200014724,4.5,-4.5,0.4631578947368421
P53217,278,3,0.01079136690647482,0.03273381294964029,3.1549391004749374,4.5,-4.5,0.4172661870503597
P41902,69,0,0.0,-0.6043478260869565,2.6463228402198373,4.5,-3.9,0.3333333333333333
Q12108,567,2,0.003527336860670194,-0.35520282186948865,3.075138445335665,4.5,-4.5,0.3544973544973545
P53229,120,2,0.016666666666666666,0.3091666666666667,3.0585943349119638,4.5,-4.5,0.44166666666666665
P53241,593,6,0.01011804384485666,-0.04553119730185504,2.990228791483682,4.5,-4.5,0.3996627318718381
Q02721,264,0,0.0,-0.035227272727272774,3.081237444724335,4.5,-4.5,0.39015151515151514
Q12049,470,3,0.006382978723404255,-0.5844680851063829,3.0585341423703722,4.5,-4.5,0.3276595744680851
Q06820,579,9,0.015544041450777202,-0.6012089810017271,3.0378524916728367,4.5,-4.5,0.31088082901554404
P53296,535,2,0.003738317757009346,-0.3702803738317757,3.0783165255819434,4.5,-4.5,0.3532710280373832
P47058,250,4,0.016,-0.29679999999999995,3.103235369739137,4.5,-4.5,0.388
P50089,785,7,0.008917197452229299,-0.8443312101910829,2.941219746517791,4.5,-4.5,0.27770700636942675
P53732,153,0,0.0,-0.6222222222222222,3.0151951176791374,4.5,-4.5,0.3137254901960784
P38770,471,4,0.008492569002123142,-0.6309978768577496,2.9756718561946998,4.5,-4.5,0.31422505307855625
P47073,94,1,0.010638297872340425,0.043617021276595676,3.1986885115235637,4.5,-4.5,0.4148936170212766
P43537,175,0,0.0,0.3594285714285714,2.629418124503858,4.5,-4.5,0.3485714285714286
P38786,293,3,0.010238907849829351,-0.1566552901023891,3.185204448613715,4.5,-4.5,0.37542662116040953
P40096,142,0,0.0,-0.497887323943662,3.079063061942185,4.5,-4.5,0.34507042253521125
P53293,376,3,0.007978723404255319,0.13164893617021275,3.2755596312738353,4.5,-4.5,0.44148936170212766
P38086,958,5,0.005219206680584551,-0.4209812108559499,3.092307831051943,4.5,-4.5,0.3465553235908142
Q03508,461,2,0.004338394793926247,-0.5067245119305857,3.12151902576739,4.5,-4.5,0.3557483731019523
P33751,242,0,0.0,0.13677685950413224,3.058143636902513,4.5,-4.5,0.4214876033057851
P43599,363,5,0.013774104683195593,-0.20550964187327825,3.0595598184975703,4.5,-4.5,0.39118457300275483
P53726,119,1,0.008403361344537815,0.7731092436974789,2.8399224003776324,4.5,-4.5,0.48739495798319327
Q07629,317,2,0.006309148264984227,-0.17665615141955837,2.811180503246144,4.5,-4.5,0.3722397476340694
Q12012,251,1,0.00398406374501992,-0.5139442231075697,3.0119954043148933,4.5,-4.5,0.3346613545816733
P40353,525,1,0.0019047619047619048,-0.36857142857142855,3.117694944780115,4.5,-4.5,0.36
Q03208,357,4,0.011204481792717087,-0.7599439775910363,2.9525269046889155,4.5,-4.5,0.2801120448179272
Q06162,153,0,0.0,-0.3352941176470589,3.234464540106635,4.5,-4.5,0.3790849673202614
P53175,101,0,0.0,-0.7366336633663367,3.0631544852408172,4.5,-4.5,0.31683168316831684
P38284,255,3,0.011764705882352941,-0.9631372549019609,2.787052339994169,4.5,-4.5,0.23921568627450981
P48569,320,1,0.003125,-0.4128125000000001,3.1313822171436927,4.5,-4.5,0.33125
Q12454,224,2,0.008928571428571428,-0.28214285714285714,3.22852006912373,4.5,-4.5,0.375
Q05530,114,1,0.008771929824561403,-0.41842105263157886,3.318728508093722,4.5,-4.5,0.39473684210526316
P47188,116,1,0.008620689655172414,-0.04568965517241384,2.943824402131119,4.5,-4.5,0.35344827586206895
P32789,676,9,0.013313609467455622,-0.545414201183432,3.0145347566169445,4.5,-4.5,0.3136094674556213
P47119,197,1,0.005076142131979695,-0.33857868020304577,3.0661628014552162,4.5,-4.5,0.38578680203045684
P36064,111,0,0.0,-0.972072072072072,3.0459298250797113,4.5,-4.5,0.32432432432432434
Q7LIF2,110,1,0.00909090909090909,-0.11818181818181821,3.230822631472216,4.5,-4.5,0.4090909090909091
P32351,346,1,0.002890173410404624,-0.6031791907514451,3.0999657386183217,4.5,-4.5,0.3265895953757225
Q03788,91,2,0.02197802197802198,-0.21428571428571416,2.9686113018083877,4.5,-4.5,0.3956043956043956
P53219,342,3,0.008771929824561403,-0.2318713450292398,3.1960696817104104,4.5,-4.5,0.391812865497076
P22135,325,2,0.006153846153846154,-0.2516923076923077,3.1990919717612027,4.5,-4.5,0.38153846153846155
P34238,112,0,0.0,0.5187499999999999,3.059164546606522,4.5,-4.5,0.5
Q12130,139,0,0.0,0.3906474820143884,3.1189347952507815,4.5,-4.5,0.5179856115107914
Q03102,365,0,0.0,-0.027123287671232853,3.083878308746361,4.5,-4.5,0.4
P38849,526,13,0.024714828897338403,-0.14144486692015212,3.0132585667224316,4.5,-4.5,0.3593155893536122
P38860,518,2,0.003861003861003861,-0.4376447876447877,3.0936963954689696,4.5,-4.5,0.34942084942084944
Q12497,93,0,0.0,-1.338709677419355,2.903206690498596,4.5,-4.5,0.25806451612903225
P38868,163,5,0.03067484662576687,0.18282208588957052,3.0057734852147773,4.5,-4.5,0.4049079754601227
Q05015,223,0,0.0,-0.252017937219731,2.8455272052664404,4.5,-4.5,0.34977578475336324
Q08816,343,6,0.01749271137026239,-0.6107871720116618,3.1256439977656423,4.5,-4.5,0.3206997084548105
P38350,133,1,0.007518796992481203,0.6127819548872181,2.8437086220097196,4.5,-4.5,0.518796992481203
P25562,171,0,0.0,0.2099415204678362,2.8041042386786312,4.5,-4.5,0.4093567251461988
P40492,516,3,0.005813953488372093,-0.5,3.1609720318355414,4.5,-4.5,0.3430232558139535
Q06390,306,4,0.013071895424836602,-0.8169934640522876,3.0601975853521597,4.5,-4.5,0.28431372549019607
P40569,121,1,0.008264462809917356,-0.3619834710743801,3.0082326762465597,4.5,-4.5,0.36363636363636365
P40897,799,5,0.006257822277847309,0.1713391739674593,2.992960800243558,4.5,-4.5,0.4192740926157697
P47096,177,1,0.005649717514124294,-0.528813559322034,3.0993739579698296,4.5,-4.5,0.327683615819209
P39557,106,1,0.009433962264150943,0.5867924528301887,3.136157830539823,4.5,-4.5,0.5283018867924528
P07253,162,1,0.006172839506172839,-0.6796296296296296,3.2160311958918006,4.5,-4.5,0.3333333333333333
Q12378,196,1,0.00510204081632653,-0.14693877551020415,3.0682277036017913,4.5,-4.5,0.3826530612244898
P36027,376,4,0.010638297872340425,-0.211968085106383,2.622801076777105,4.5,-4.5,0.2872340425531915
P40965,878,8,0.009111617312072893,-0.20478359908883828,3.186374734850366,4.5,-4.5,0.3929384965831435
P32450,94,1,0.010638297872340425,-1.1872340425531915,3.1016891088893495,4.5,-4.5,0.2765957446808511
P34226,696,12,0.017241379310344827,-0.6846264367816092,2.8903191325590205,4.5,-4.5,0.3132183908045977
Q12244,843,13,0.01542111506524318,-0.15622775800711747,3.1603704912678308,4.5,-4.5,0.3973902728351127
P38268,175,4,0.022857142857142857,0.2045714285714286,3.0383419753516345,4.5,-4.5,0.4342857142857143
P40491,155,0,0.0,-0.9180645161290323,3.2691415656839995,4.5,-4.5,0.3096774193548387
P35184,431,1,0.002320185614849188,-0.12273781902552205,3.0033303901537756,4.5,-4.5,0.3805104408352668
Q07555,291,7,0.024054982817869417,-0.9518900343642613,2.9469341401523605,4.5,-4.5,0.26804123711340205
P40524,105,0,0.0,0.8447619047619046,2.9929752978911885,4.5,-4.5,0.5523809523809524
P39532,115,0,0.0,0.49826086956521726,3.0356714781496725,4.5,-4.5,0.4782608695652174
P50078,622,11,0.017684887459807074,-0.6985530546623794,2.878830789858719,4.5,-4.5,0.27813504823151125
P53840,1238,7,0.005654281098546042,-0.41276252019386106,3.1350458371118526,4.5,-4.5,0.35864297253634897
P38907,458,1,0.002183406113537118,-0.31157205240174674,3.1924202903613166,4.5,-4.5,0.3646288209606987
Q02932,1032,8,0.007751937984496124,-0.08062015503875967,3.2373654835873036,4.5,-4.5,0.40891472868217055
P54199,764,8,0.010471204188481676,-0.724083769633508,3.0542470770457215,4.5,-4.5,0.3036649214659686
P53067,1004,3,0.00298804780876494,-0.014442231075697183,3.2357718876357997,4.5,-4.5,0.42330677290836655
P32559,526,2,0.0038022813688212928,-0.1496197718631179,3.1886547111334282,4.5,-4.5,0.38022813688212925
Q00711,640,3,0.0046875,-0.3690625,2.9592776350139487,4.5,-4.5,0.35625
P31385,405,3,0.007407407407407408,-0.9982716049382716,3.022299341386754,4.5,-4.5,0.2938271604938272
P20133,325,0,0.0,-0.054769230769230806,3.0639868987931935,4.5,-4.5,0.39692307692307693
P25369,354,1,0.002824858757062147,-0.6827683615819209,3.0009437719848786,4.5,-4.5,0.307909604519774
P53212,290,6,0.020689655172413793,-0.42379310344827587,3.0646852949681174,4.5,-4.5,0.3586206896551724
P39732,760,11,0.014473684210526316,-0.45592105263157895,3.087780107742019,4.5,-4.5,0.3394736842105263
P34250,1132,17,0.015017667844522967,-1.0904593639575972,2.8464994559884165,4.5,-4.5,0.2393992932862191
P36119,530,6,0.011320754716981131,-1.1016981132075472,3.0402173680040416,4.5,-4.5,0.2811320754716981
Q12342,491,9,0.018329938900203666,-0.20610997963340125,3.142657582424283,4.5,-4.5,0.3869653767820774
Q08673,210,4,0.01904761904761905,-0.043333333333333356,2.483944316018249,4.5,-3.9,0.29523809523809524
Q06010,1027,9,0.008763388510223954,-0.3878286270691334,3.0831289917208218,4.5,-4.5,0.35832521908471276
P14126,387,1,0.002583979328165375,-0.5529715762273901,3.0683952335495515,4.5,-4.5,0.3385012919896641
P53960,456,3,0.006578947368421052,-0.3837719298245615,3.107948183753435,4.5,-4.5,0.3399122807017544
Q12427,513,8,0.015594541910331383,-0.8058479532163743,2.8839484710894747,4.5,-4.5,0.2787524366471735
P53961,229,2,0.008733624454148471,0.059825327510916966,3.3898837384020313,4.5,-4.5,0.4279475982532751
Q03705,181,2,0.011049723756906077,-0.18232044198895028,3.2481047813759942,4.5,-4.5,0.40331491712707185
P23394,588,5,0.008503401360544218,-0.48452380952380947,3.167299211797356,4.5,-4.5,0.3435374149659864
P34239,828,13,0.01570048309178744,-0.4402173913043479,3.02278200733234,4.5,-4.5,0.322463768115942
P53086,805,12,0.014906832298136646,-0.4616149068322981,3.1386399516531345,4.5,-4.5,0.3527950310559006
P38970,855,12,0.014035087719298246,-0.7642105263157896,2.986422460666509,4.5,-4.5,0.3017543859649123
P25270,412,4,0.009708737864077669,-0.3645631067961165,3.084538100682373,4.5,-4.5,0.3616504854368932
P53115,1489,18,0.01208865010073875,-0.8873740765614506,3.073767628870533,4.5,-4.5,0.3082605775688381
P41818,229,0,0.0,-1.441484716157205,2.867903921819599,4.5,-4.5,0.2314410480349345
P22146,559,10,0.017889087656529516,-0.2506261180679786,2.7388209210012744,4.5,-4.5,0.34525939177101966
P34163,548,3,0.005474452554744526,-0.1746350364963504,3.167051354629418,4.5,-4.5,0.3905109489051095
Q06211,1407,18,0.01279317697228145,-0.2601990049751244,3.153318796832204,4.5,-4.5,0.3617626154939588
Q12373,385,2,0.005194805194805195,-0.7737662337662337,3.0720292540210523,4.5,-4.5,0.32987012987012987
P47143,340,3,0.008823529411764706,0.005588235294117674,2.980731938513317,4.5,-4.5,0.42058823529411765
P40156,214,4,0.018691588785046728,-1.0228971962616822,3.128866059965989,4.5,-4.5,0.2897196261682243
Q03942,479,3,0.006263048016701462,-0.25929018789144054,3.1725914404710336,4.5,-4.5,0.3569937369519833
P38148,807,14,0.01734820322180917,-0.2234200743494424,3.1235697813840666,4.5,-4.5,0.37794299876084264
Q08972,1196,8,0.006688963210702341,-0.5152173913043478,3.079151362514701,4.5,-4.5,0.3394648829431438
P53289,263,3,0.011406844106463879,-0.7745247148288974,2.940189148094981,4.5,-4.5,0.2965779467680608
Q12532,1038,13,0.012524084778420038,-0.8706165703275529,3.1151494156594515,4.5,-4.5,0.2996146435452794
Q01080,415,2,0.004819277108433735,-0.4293975903614458,3.165050618905669,4.5,-4.5,0.3542168674698795
P38732,585,4,0.006837606837606838,-0.20512820512820512,3.1530326238643944,4.5,-4.5,0.38461538461538464
P04076,463,3,0.0064794816414686825,-0.2937365010799136,3.0522561268749455,4.5,-4.5,0.3693304535637149
P36007,326,1,0.003067484662576687,-0.061656441717791395,3.0551930574292725,4.5,-4.5,0.40797546012269936
P25572,119,2,0.01680672268907563,-0.7521008403361344,2.5854749003653974,4.5,-4.5,0.23529411764705882
P38271,328,4,0.012195121951219513,-0.7106707317073171,3.0362508233533836,4.5,-4.5,0.3170731707317073
Q02961,396,1,0.0025252525252525255,-0.2224747474747475,3.122834593094382,4.5,-4.5,0.37373737373737376
Q03516,953,10,0.01049317943336831,0.01825813221406085,3.0703849437029573,4.5,-4.5,0.41133263378803775
Q03640,1545,12,0.007766990291262136,-0.49501618122977353,3.036491292375166,4.5,-4.5,0.32427184466019415
P47002,699,3,0.004291845493562232,-0.31673819742489273,3.0038063985478933,4.5,-4.5,0.34763948497854075
Q03795,547,2,0.003656307129798903,0.21736745886654477,2.9225420958307313,4.5,-4.5,0.41316270566727603
P33749,630,14,0.022222222222222223,-0.8465079365079364,2.8061913740361315,4.5,-4.5,0.28095238095238095
P39967,754,6,0.007957559681697613,-0.903580901856764,2.9690624790879863,4.5,-4.5,0.28116710875331563
Q06132,899,7,0.00778642936596218,-0.6845383759733035,3.1275294694425186,4.5,-4.5,0.3281423804226919
Q07825,749,7,0.009345794392523364,-0.45287049399198936,3.0552776305572626,4.5,-4.5,0.3444592790387183
P35732,738,5,0.006775067750677507,-1.5392953929539295,2.540357301972715,4.5,-4.5,0.1991869918699187
P39721,246,0,0.0,-0.08130081300813005,3.0708529996214233,4.5,-4.5,0.4146341463414634
Q03722,664,3,0.004518072289156626,-0.6337349397590362,3.0555411686569576,4.5,-4.5,0.3057228915662651
P18408,261,2,0.007662835249042145,-0.5957854406130269,3.068256312121943,4.5,-4.5,0.32567049808429116
P38850,1070,8,0.007476635514018692,-0.5536448598130841,3.1229929308018076,4.5,-4.5,0.3299065420560748
Q05812,728,11,0.01510989010989011,-1.0289835164835164,2.683250460299099,4.5,-4.5,0.23901098901098902
P47123,218,2,0.009174311926605505,-0.25229357798165136,3.1189740823956855,4.5,-4.5,0.37155963302752293
Q08956,461,4,0.008676789587852495,-0.3880694143167029,3.107092293467869,4.5,-4.5,0.3383947939262473
P53687,447,2,0.0044742729306487695,-0.5038031319910515,3.128451931382366,4.5,-4.5,0.33109619686800895
P34243,683,2,0.0029282576866764276,-0.4203513909224012,3.2746747998693295,4.5,-4.5,0.35431918008784774
Q12494,1050,9,0.008571428571428572,-0.8662857142857143,2.981777436408041,4.5,-4.5,0.2866666666666667
Q03503,176,1,0.005681818181818182,-0.22159090909090917,3.15743886659441,4.5,-4.5,0.3977272727272727
P47029,1046,20,0.019120458891013385,-0.7310707456978968,2.9441649523261364,4.5,-4.5,0.2858508604206501
P25381,491,7,0.014256619144602852,-0.32627291242362527,3.055125265157542,4.5,-4.5,0.3625254582484725
P22007,431,2,0.004640371229698376,-0.26009280742459395,3.022127827196557,4.5,-4.5,0.3689095127610209
P47043,880,16,0.01818181818181818,-0.9270454545454545,2.837011134936214,4.5,-4.5,0.2784090909090909
Q06149,701,4,0.005706134094151213,-0.13623395149786022,3.2190853065120737,4.5,-4.5,0.3980028530670471
P25378,209,1,0.004784688995215311,-0.16459330143540674,3.152744676829334,4.5,-4.5,0.3875598086124402
Q05947,369,4,0.01084010840108401,-0.2956639566395664,3.08460336942944,4.5,-4.5,0.3523035230352303
Q01589,338,7,0.020710059171597635,-0.30946745562130173,2.3019092308188496,4.5,-3.9,0.2455621301775148
P49017,307,2,0.006514657980456026,-0.3364820846905538,3.0628973321462505,4.5,-4.5,0.36482084690553745
Q03144,224,1,0.004464285714285714,-0.017857142857142832,3.1152767099556082,4.5,-4.5,0.41964285714285715
P19881,312,2,0.00641025641025641,-0.1791666666666667,3.031741578344574,4.5,-4.5,0.3717948717948718
Q03920,221,1,0.004524886877828055,-0.1036199095022624,3.1873740621540327,4.5,-4.5,0.4072398190045249
P38303,103,0,0.0,-0.45922330097087377,2.6903797289711737,4.5,-4.5,0.32038834951456313
Q12489,107,0,0.0,-1.1429906542056076,2.394195166489098,4.5,-4.5,0.22429906542056074
Q12178,158,0,0.0,-0.4468354430379746,3.0071996074836997,4.5,-4.5,0.33544303797468356
Q12240,137,2,0.014598540145985401,-0.3043795620437956,2.9305306714853874,4.5,-4.5,0.36496350364963503
Q03525,211,2,0.009478672985781991,-1.5748815165876775,2.7338642269787465,4.5,-4.5,0.1848341232227488
P53899,274,2,0.0072992700729927005,-0.7744525547445255,3.048046621026871,4.5,-4.5,0.31386861313868614
P53066,181,2,0.011049723756906077,-0.8132596685082873,3.1110817581755916,4.5,-4.5,0.30386740331491713
Q08726,347,0,0.0,-0.2703170028818444,3.1520563093509244,4.5,-4.5,0.3861671469740634
P36097,1038,5,0.004816955684007707,-0.07196531791907515,3.2402773185202243,4.5,-4.5,0.407514450867052
P38710,295,3,0.010169491525423728,-0.2423728813559323,2.9886340278603734,4.5,-4.5,0.34576271186440677
P38360,1216,12,0.009868421052631578,-0.03141447368421054,3.083682111970241,4.5,-4.5,0.390625
Q03214,1411,8,0.005669737774627924,-0.39362154500354357,3.143041834433872,4.5,-4.5,0.3586109142452162
O13583,123,0,0.0,0.12113821138211381,3.3170231544132873,4.5,-4.5,0.43902439024390244
Q06106,887,11,0.012401352874859075,-0.8373167981961669,3.114647870524301,4.5,-4.5,0.32356257046223225
P07702,1392,9,0.00646551724137931,-0.25675287356321835,3.0718873278524526,4.5,-4.5,0.3670977011494253
P36070,627,5,0.007974481658692184,-0.37049441786283893,3.1357444691756453,4.5,-4.5,0.36363636363636365
P42826,600,2,0.0033333333333333335,-0.40816666666666673,3.0890910160685707,4.5,-4.5,0.36
P38628,557,3,0.005385996409335727,-0.15834829443447046,3.058864059826896,4.5,-4.5,0.39138240574506283
P28005,173,1,0.005780346820809248,-0.24277456647398848,3.2916108713471095,4.5,-4.5,0.3872832369942196
P53010,1115,9,0.008071748878923767,-0.3939910313901345,3.060559130005557,4.5,-4.5,0.33901345291479823
P38175,177,0,0.0,-0.7525423728813558,3.200301324030086,4.5,-4.5,0.3389830508474576
P53874,792,15,0.01893939393939394,-0.8638888888888889,2.930324563638025,4.5,-4.5,0.2777777777777778
P53166,561,3,0.0053475935828877,-0.3212121212121212,3.176214401563843,4.5,-4.5,0.36185383244206776
O75012,95,0,0.0,-0.5484210526315789,3.0351576099852746,4.5,-4.5,0.3368421052631579
P28778,131,0,0.0,-0.21145038167938934,3.3516235378009083,4.5,-4.5,0.3969465648854962
P38336,279,3,0.010752688172043012,-0.6129032258064516,3.244832422393508,4.5,-4.5,0.34408602150537637
P53218,158,2,0.012658227848101266,-0.4341772151898734,3.274755226177918,4.5,-4.5,0.34177215189873417
P32336,851,18,0.021151586368977675,-0.5958871915393654,2.9694123394702765,4.5,-4.5,0.30552291421856637
Q04007,877,21,0.02394526795895097,-0.8183580387685291,2.9228339513876027,4.5,-4.5,0.2759407069555302
P43616,481,2,0.004158004158004158,-0.20187110187110185,3.006226496187377,4.5,-4.5,0.3659043659043659
Q99177,341,1,0.002932551319648094,-0.5252199413489735,3.2134445887001584,4.5,-4.5,0.3489736070381232
P36044,1178,11,0.00933786078098472,-0.9947368421052629,3.069626016002005,4.5,-4.5,0.2835314091680815
P38985,146,1,0.00684931506849315,-0.8294520547945206,2.9549162148430455,4.5,-4.5,0.2876712328767123
Q06339,672,11,0.01636904761904762,-0.3159226190476191,3.073857614931006,4.5,-4.5,0.35714285714285715
Q12308,588,12,0.02040816326530612,-0.24081632653061225,3.0893938621761734,4.5,-4.5,0.36904761904761907
Q04806,366,2,0.00546448087431694,-0.546448087431694,3.0541338028246976,4.5,-4.5,0.32786885245901637
P33336,771,11,0.014267185473411154,-0.6363164721141376,2.764459249121413,4.5,-4.5,0.2853437094682231
Q03750,510,6,0.011764705882352941,-0.7601960784313725,3.034947420286913,4.5,-4.5,0.30980392156862746
P39713,417,1,0.002398081534772182,-0.23525179856115105,3.082250493075654,4.5,-4.5,0.38848920863309355
P47039,444,2,0.0045045045045045045,-0.19144144144144143,3.088035425171064,4.5,-4.5,0.38513513513513514
P47089,198,0,0.0,-0.6121212121212121,3.2100936997329534,4.5,-4.5,0.36363636363636365
Q08822,631,2,0.003169572107765452,-0.3407290015847861,3.0183441437814795,4.5,-4.5,0.34548335974643424
P39531,840,4,0.004761904761904762,-0.31928571428571434,3.26413548159032,4.5,-4.5,0.3773809523809524
P50082,593,4,0.006745362563237774,-0.4065767284991569,3.012465487758996,4.5,-4.5,0.33389544688026984
Q12361,961,14,0.014568158168574402,-0.5841831425598335,3.053273023128409,4.5,-4.5,0.32882414151925077
Q03661,1658,27,0.016284680337756333,-1.1969240048250904,2.882375870506993,4.5,-4.5,0.23642943305186973
Q07509,169,2,0.011834319526627219,0.06686390532544381,3.1818033272707007,4.5,-4.5,0.4378698224852071
P03875,834,7,0.008393285371702638,-0.33381294964028774,3.0991463346188524,4.5,-4.5,0.36930455635491605
P08067,215,0,0.0,-0.08790697674418606,2.980532618345435,4.5,-4.5,0.3953488372093023
P25351,611,3,0.004909983633387889,0.06972176759410802,3.055249527794342,4.5,-4.5,0.4075286415711948
P53915,240,1,0.004166666666666667,-0.4545833333333333,3.1790164610649976,4.5,-4.5,0.35833333333333334
P47144,725,8,0.011034482758620689,0.4307586206896551,3.035101335071009,4.5,-4.5,0.46482758620689657
P50276,574,1,0.0017421602787456446,0.40522648083623686,2.9885100294449725,4.5,-4.5,0.45121951219512196
P42833,540,4,0.007407407407407408,0.4196296296296297,3.0546357987206574,4.5,-4.5,0.4462962962962963
Q12407,687,9,0.013100436681222707,0.08311499272197959,3.0693640755237603,4.5,-4.5,0.4032023289665211
Q03289,374,4,0.0106951871657754,0.07379679144385023,3.0833012416793752,4.5,-4.5,0.40641711229946526
P38928,823,24,0.02916160388821385,-0.41287970838396115,2.901468910903058,4.5,-4.5,0.32077764277035237
P39709,593,5,0.008431703204047217,-0.0627318718381113,3.0694892968736056,4.5,-4.5,0.38954468802698144
Q04949,312,4,0.01282051282051282,-0.4698717948717949,3.1879263389447696,4.5,-4.5,0.34935897435897434
P35724,969,13,0.013415892672858616,-0.7577915376676986,3.000526901422752,4.5,-4.5,0.29411764705882354
P36035,616,3,0.00487012987012987,0.14902597402597395,2.984750042718346,4.5,-4.5,0.43344155844155846
P46996,555,3,0.005405405405405406,0.4210810810810811,3.012856341707683,4.5,-4.5,0.45045045045045046
P15365,543,4,0.007366482504604052,0.27274401473296506,3.0345088927078034,4.5,-4.5,0.4530386740331492
P19807,563,4,0.007104795737122558,0.4241563055062167,2.8866728357793052,4.5,-4.5,0.4564831261101243
P47111,140,0,0.0,0.7857142857142857,2.904788446404892,4.5,-3.9,0.5142857142857142
P15454,187,0,0.0,-0.3925133689839572,3.0177279397371906,4.5,-4.5,0.35294117647058826
P53105,115,0,0.0,-0.36608695652173906,3.1407251158463594,4.5,-4.5,0.3739130434782609
P54074,624,12,0.019230769230769232,-0.022115384615384634,3.107067730855298,4.5,-4.5,0.40544871794871795
P25578,521,3,0.005758157389635317,-0.33013435700575816,3.052640180905492,4.5,-4.5,0.3512476007677543
Q12406,477,8,0.016771488469601678,-0.37400419287211745,3.029407803415614,4.5,-4.5,0.35639412997903563
P33748,704,21,0.029829545454545456,-0.8768465909090909,2.8437163083498223,4.5,-4.5,0.26136363636363635
P36054,211,3,0.014218009478672985,-0.6123222748815166,3.177444174030016,4.5,-4.5,0.3412322274881517
P33309,386,0,0.0,-0.339378238341969,3.1675824990083274,4.5,-4.5,0.3756476683937824
P08459,502,7,0.013944223107569721,-0.17310756972111552,3.2155334368109862,4.5,-4.5,0.3844621513944223
Q02209,353,1,0.0028328611898017,-0.7243626062322945,3.06492100078256,4.5,-4.5,0.31444759206798867
P32788,280,5,0.017857142857142856,-0.8560714285714286,3.13388717921383,4.5,-4.5,0.30357142857142855
Q99382,181,1,0.0055248618784530384,-0.1370165745856353,3.1635196052091983,4.5,-4.5,0.40331491712707185
O13558,102,3,0.029411764705882353,-0.4941176470588236,3.1480720377377995,4.5,-4.5,0.3333333333333333
Q04978,212,4,0.018867924528301886,-0.9995283018867924,2.7855844825774647,4.5,-4.5,0.2641509433962264
Q03649,449,2,0.004454342984409799,-0.5064587973273942,3.0438119597102524,4.5,-4.5,0.33184855233853006
P40342,146,1,0.00684931506849315,-0.4568493150684932,3.3306362783092878,4.5,-4.5,0.3698630136986301
Q12242,671,3,0.004470938897168405,-0.5041728763040239,3.0237086800381787,4.5,-4.5,0.338301043219076
P53921,115,2,0.017391304347826087,-0.7521739130434781,3.0700615438127183,4.5,-4.5,0.30434782608695654
Q12082,118,0,0.0,-0.6220338983050848,2.8861191934587356,4.5,-4.5,0.3135593220338983
Q12264,106,2,0.018867924528301886,0.6179245283018868,2.872964321794481,4.5,-3.9,0.4716981132075472
P47053,257,1,0.0038910505836575876,-0.22918287937743195,2.9951264749249535,4.5,-4.5,0.38132295719844356
Q12336,168,2,0.011904761904761904,0.106547619047619,3.179831155313731,4.5,-4.5,0.43452380952380953
Q07914,168,4,0.023809523809523808,-0.4238095238095238,2.868698852542031,4.5,-4.5,0.3273809523809524
P53910,189,0,0.0,-0.20582010582010585,3.317871758322663,4.5,-4.5,0.4021164021164021
Q06177,86,1,0.011627906976744186,-1.3744186046511628,2.689738728839905,4.5,-4.5,0.1744186046511628
P53272,402,3,0.007462686567164179,-0.18432835820895527,3.102603331795646,4.5,-4.5,0.3781094527363184
Q12041,191,3,0.015706806282722512,-0.9727748691099477,3.1405458802182578,4.5,-4.5,0.3036649214659686
P52492,156,1,0.00641025641025641,-0.28846153846153855,3.0088323303418645,4.5,-4.5,0.358974358974359
Q12416,295,0,0.0,-1.1532203389830509,2.705258182282546,4.5,-4.5,0.21694915254237288
P31386,333,1,0.003003003003003003,-0.324924924924925,2.97974298180346,4.5,-4.5,0.33933933933933935
Q3E829,80,0,0.0,-0.1937500000000001,3.3389498255439536,4.5,-4.5,0.4125
Q12146,194,0,0.0,-0.22061855670103084,3.077954138586746,4.5,-4.5,0.3865979381443299
P36105,138,0,0.0,-0.06014492753623179,3.2069114640750995,4.5,-4.5,0.4492753623188406
P10664,362,1,0.0027624309392265192,-0.3058011049723757,3.024950489380479,4.5,-4.5,0.3701657458563536
P38858,249,1,0.004016064257028112,-0.28714859437751006,3.042667712591208,4.5,-4.5,0.3654618473895582
Q12182,319,5,0.01567398119122257,-0.4376175548589342,3.1917942347225043,4.5,-4.5,0.34169278996865204
Q01448,625,14,0.0224,-0.95568,2.81531307985453,4.5,-4.5,0.2496
Q04089,582,3,0.005154639175257732,-0.6144329896907216,3.073302275698247,4.5,-4.5,0.31443298969072164
P34233,588,13,0.022108843537414966,-0.8215986394557824,2.8282334145315833,4.5,-4.5,0.26360544217687076
P53854,179,1,0.00558659217877095,-1.1050279329608939,2.9159793575649484,4.5,-4.5,0.26256983240223464
Q05854,1341,31,0.023117076808351976,-0.6953765846383296,2.9611090056756573,4.5,-4.5,0.30648769574944074
P38904,1435,13,0.009059233449477353,-1.0846689895470383,2.9848050400932182,4.5,-4.5,0.2689895470383275
P47118,141,1,0.0070921985815602835,-0.6652482269503546,3.088734639941093,4.5,-4.5,0.3049645390070922
P46997,583,5,0.008576329331046312,-1.0375643224699829,2.9499505305437026,4.5,-4.5,0.26758147512864494
Q06214,492,3,0.006097560975609756,-0.6056910569105691,3.1698349784701776,4.5,-4.5,0.32723577235772355
P39943,394,4,0.01015228426395939,-0.6979695431472082,2.8589242126881773,4.5,-4.5,0.2766497461928934
Q06596,294,3,0.01020408163265306,-0.3710884353741497,3.064146545680163,4.5,-4.5,0.3673469387755102
P22108,325,3,0.009230769230769232,-0.5018461538461538,3.0108005029624683,4.5,-4.5,0.3476923076923077
P53836,1060,16,0.01509433962264151,-0.8322641509433962,2.826738330762442,4.5,-4.5,0.27169811320754716
P53102,219,1,0.0045662100456621,-0.7812785388127854,3.291994747196115,4.5,-4.5,0.3242009132420091
P53940,528,12,0.022727272727272728,-0.6367424242424243,2.9996613435651316,4.5,-4.5,0.3143939393939394
P20447,523,1,0.0019120458891013384,-0.5965583173996175,3.1633337344378845,4.5,-4.5,0.3384321223709369
P47174,117,0,0.0,-0.2888888888888888,2.745681232790647,4.5,-4.5,0.3504273504273504
P53866,767,11,0.014341590612777053,-0.926857887874837,2.9921816260588785,4.5,-4.5,0.27640156453715775
P38253,122,0,0.0,-0.328688524590164,3.071670648867521,4.5,-4.5,0.36885245901639346
Q04930,467,5,0.010706638115631691,-0.8179871520342612,2.9123119391078363,4.5,-4.5,0.2676659528907923
Q02749,293,5,0.017064846416382253,-0.6245733788395904,3.1133002537293955,4.5,-4.5,0.32081911262798635
Q03760,334,3,0.008982035928143712,-0.4634730538922156,3.193506871996595,4.5,-4.5,0.3562874251497006
P40498,721,4,0.005547850208044383,-0.7732316227461858,3.158664496472302,4.5,-4.5,0.30513176144244103
P22516,861,6,0.006968641114982578,-0.4816492450638792,3.12468907778618,4.5,-4.5,0.3437862950058072
P53307,113,1,0.008849557522123894,0.18672566371681412,3.0034347424529186,4.5,-4.5,0.4424778761061947
Q08421,412,2,0.0048543689320388345,-0.7283980582524272,3.1585673839922315,4.5,-4.5,0.3300970873786408
P36088,180,4,0.022222222222222223,-0.09777777777777777,3.0504272115294775,4.5,-3.9,0.38333333333333336
Q04383,521,8,0.015355086372360844,-0.6099808061420345,3.0092525582483924,4.5,-4.5,0.30134357005758156
Q07923,191,0,0.0,-0.08848167539267018,3.2473707928750817,4.5,-4.5,0.39790575916230364
P40489,647,10,0.015455950540958269,-0.60370942812983,2.860121563702104,4.5,-4.5,0.30602782071097373
P01149,165,3,0.01818181818181818,-0.37090909090909085,2.8645803158010654,4.5,-4.5,0.38181818181818183
P32604,452,3,0.00663716814159292,-0.5544247787610619,3.1506640508241945,4.5,-4.5,0.33849557522123896
P32874,2273,11,0.004839419269687638,-0.33893532776066876,3.1677255121216836,4.5,-4.5,0.36119665640123183
Q03430,361,5,0.013850415512465374,-0.8933518005540166,3.0240421868261884,4.5,-4.5,0.29362880886426596
Q06143,298,3,0.010067114093959731,-0.012080536912751683,2.962322976370503,4.5,-4.5,0.41946308724832215
Q12122,440,2,0.004545454545454545,-0.23318181818181816,3.1777048412102786,4.5,-4.5,0.3886363636363636
P43635,486,8,0.01646090534979424,-0.1236625514403293,3.0321927989623427,4.5,-4.5,0.38271604938271603
Q04401,133,0,0.0,-0.8187969924812031,3.1613300326491225,4.5,-4.5,0.3082706766917293
P43122,407,2,0.004914004914004914,-0.1520884520884521,3.142955824386265,4.5,-4.5,0.3882063882063882
P47140,327,2,0.0061162079510703364,-0.28990825688073396,3.0920024573852083,4.5,-4.5,0.3669724770642202
Q08818,692,6,0.008670520231213872,-0.4437861271676301,3.1614877416155798,4.5,-4.5,0.3583815028901734
P32785,401,5,0.012468827930174564,-0.23765586034912722,3.1080546138324863,4.5,-4.5,0.39900249376558605
Q06563,197,1,0.005076142131979695,0.03299492385786797,3.090131281191725,4.5,-4.5,0.4213197969543147
P23493,339,5,0.014749262536873156,-0.7828908554572273,2.7545514852408606,4.5,-4.5,0.28023598820059
Q12375,292,4,0.0136986301369863,0.2013698630136986,3.0225519087823027,4.5,-4.5,0.4315068493150685
P38812,185,2,0.010810810810810811,-0.26540540540540536,3.1098262701059447,4.5,-4.5,0.3621621621621622
P35731,278,1,0.0035971223021582736,-0.2392086330935252,2.995789987151922,4.5,-4.5,0.3669064748201439
O13578,112,0,0.0,0.23571428571428568,2.9736298508381833,4.5,-4.5,0.44642857142857145
P38702,357,2,0.0056022408963585435,-0.10896358543417364,3.0785929870943614,4.5,-4.5,0.38935574229691877
Q05892,277,1,0.0036101083032490976,-0.4371841155234657,3.109312322319201,4.5,-4.5,0.35018050541516244
P32875,414,4,0.00966183574879227,-0.5297101449275362,3.0412004070735024,4.5,-4.5,0.3357487922705314
P47094,133,0,0.0,1.1593984962406017,2.8890000766189856,4.5,-4.5,0.5789473684210527
P36066,463,3,0.0064794816414686825,-0.5304535637149028,3.1563507254852583,4.5,-4.5,0.3542116630669546
Q08202,246,5,0.02032520325203252,-0.2914634146341464,3.0115037388299415,4.5,-4.5,0.35772357723577236
Q07872,247,1,0.004048582995951417,-0.759919028340081,3.093661535114733,4.5,-4.5,0.29959514170040485
P25355,563,5,0.008880994671403197,-0.1975133214920071,3.2441877303223174,4.5,-4.5,0.40319715808170514
Q08908,694,5,0.007204610951008645,0.02492795389048988,3.099400041041153,4.5,-4.5,0.414985590778098
Q08930,360,3,0.008333333333333333,-0.4011111111111112,3.220670890925417,4.5,-4.5,0.375
Q08018,140,3,0.02142857142857143,-0.17071428571428576,3.053276844604157,4.5,-4.5,0.35
P30402,227,1,0.004405286343612335,0.06607929515418501,3.1126633570511637,4.5,-4.5,0.42290748898678415
P53980,444,4,0.009009009009009009,-0.17094594594594595,3.202418568952512,4.5,-4.5,0.38288288288288286
O13575,123,1,0.008130081300813009,0.316260162601626,2.715219794775634,4.5,-4.5,0.4146341463414634
P47032,299,0,0.0,-0.17558528428093648,2.5066145089020564,4.5,-4.5,0.33444816053511706
P53245,111,0,0.0,0.3189189189189188,3.125383248960888,4.5,-4.5,0.4774774774774775
O13562,129,0,0.0,0.6279069767441859,2.920045044363891,4.5,-4.5,0.46511627906976744
P53234,283,2,0.007067137809187279,-0.40388692579505303,3.1983353247283244,4.5,-4.5,0.36395759717314485
P40049,302,5,0.016556291390728478,-0.22086092715231795,2.8496767425359204,4.5,-4.5,0.3576158940397351
P32775,704,2,0.002840909090909091,-0.4142045454545455,3.0014858902000934,4.5,-4.5,0.3536931818181818
Q08979,651,5,0.007680491551459293,-1.0814132104454686,2.913411200485221,4.5,-4.5,0.25960061443932414
P38066,345,2,0.005797101449275362,-0.5997101449275364,3.0375380815955966,4.5,-4.5,0.3217391304347826
P38177,466,12,0.02575107296137339,-0.8504291845493562,2.829058637987911,4.5,-4.5,0.2532188841201717
P43534,340,1,0.0029411764705882353,-0.31647058823529417,3.042148894481296,4.5,-4.5,0.3735294117647059
P40586,236,2,0.00847457627118644,-0.48050847457627116,3.106915699722543,4.5,-4.5,0.3516949152542373
P80210,433,1,0.0023094688221709007,-0.27274826789838336,3.128221546690065,4.5,-4.5,0.3533487297921478
P08465,486,1,0.00205761316872428,-0.2639917695473251,2.987305051912725,4.5,-4.5,0.3559670781893004
Q05468,723,3,0.004149377593360996,-0.5832641770401107,3.095463038034382,4.5,-4.5,0.343015214384509
P87288,108,1,0.009259259259259259,-0.038888888888888876,3.138761059344008,4.5,-4.5,0.39814814814814814
Q08811,116,2,0.017241379310344827,0.27758620689655167,2.983520432911907,4.5,-4.5,0.43103448275862066
P06776,526,5,0.009505703422053232,-0.25171102661596956,3.1980309590986917,4.5,-4.5,0.3916349809885932
P40011,234,3,0.01282051282051282,-0.05598290598290597,3.1109515843856452,4.5,-4.5,0.3803418803418803
P47044,245,3,0.012244897959183673,-0.33918367346938777,2.980045087136451,4.5,-4.5,0.3469387755102041
P53308,114,1,0.008771929824561403,1.2210526315789472,2.3561965219101517,4.5,-4.5,0.5350877192982456
P07807,211,1,0.004739336492890996,-0.44218009478672976,3.111433278753473,4.5,-4.5,0.35545023696682465
Q12486,218,0,0.0,-0.21788990825688076,3.2256997173913895,4.5,-4.5,0.4036697247706422
Q08232,322,3,0.009316770186335404,0.15310559006211175,2.935392243362224,4.5,-4.5,0.40993788819875776
Q12326,303,2,0.006600660066006601,-0.665016501650165,3.138491562862124,4.5,-4.5,0.31353135313531355
Q06688,274,3,0.010948905109489052,-0.5138686131386861,3.1343093741381822,4.5,-4.5,0.35036496350364965
Q08118,586,10,0.017064846416382253,-0.502901023890785,3.087994220786346,4.5,-4.5,0.3412969283276451
P40157,782,8,0.010230179028132993,-0.60230179028133,3.077830109025248,4.5,-4.5,0.32225063938618925
Q05788,311,3,0.00964630225080386,-0.08810289389067526,3.0105740661977354,4.5,-4.5,0.3890675241157556
Q12256,659,4,0.006069802731411229,0.07814871016691957,2.943851219434246,4.5,-4.5,0.40515933232169954
Q08300,171,4,0.023391812865497075,-0.37719298245614036,2.865810819439457,4.5,-4.5,0.3216374269005848
Q12189,258,1,0.003875968992248062,-0.2383720930232558,3.1941262202923646,4.5,-4.5,0.38372093023255816
Q12366,352,4,0.011363636363636364,-0.23210227272727274,3.1882451198246575,4.5,-4.5,0.38636363636363635
P40543,189,1,0.005291005291005291,-0.7137566137566139,3.0159928501208464,4.5,-4.5,0.30687830687830686
P53967,105,1,0.009523809523809525,0.19142857142857142,3.1750849793116314,4.5,-4.5,0.4857142857142857
O13549,108,0,0.0,-0.5074074074074074,3.247041493983228,4.5,-4.5,0.37037037037037035
P38912,153,2,0.013071895424836602,-1.1993464052287581,3.0216754373411563,4.5,-4.5,0.2679738562091503
P36025,268,2,0.007462686567164179,-0.7179104477611941,3.1101507077336654,4.5,-4.5,0.29850746268656714
P53826,146,3,0.02054794520547945,0.5739726027397261,3.2287249867935923,4.5,-4.5,0.4794520547945205
P47126,109,0,0.0,0.3009174311926605,3.1697392423891944,4.5,-4.5,0.47706422018348627
P21373,530,2,0.0037735849056603774,-0.48849056603773583,3.0740728905970096,4.5,-4.5,0.3452830188679245
Q04734,239,1,0.0041841004184100415,0.6221757322175732,2.9537384783367147,4.5,-4.5,0.4811715481171548
Q04212,335,2,0.005970149253731343,-0.27701492537313444,3.1363506766529494,4.5,-4.5,0.3761194029850746
P40083,148,2,0.013513513513513514,-0.5128378378378379,3.166852824420685,4.5,-4.5,0.3581081081081081
O13548,118,0,0.0,0.07372881355932201,2.88533486486233,4.5,-4.5,0.4067796610169492
P06115,562,3,0.005338078291814947,-0.6562277580071174,2.960608286915602,4.5,-4.5,0.30782918149466193
P53891,406,4,0.009852216748768473,-0.5507389162561577,2.9737831382786064,4.5,-4.5,0.32019704433497537
Q05881,355,4,0.011267605633802818,-0.48985915492957754,3.186805320250478,4.5,-4.5,0.35492957746478876
Q07978,186,0,0.0,-0.6489247311827957,3.303651275032336,4.5,-4.5,0.3548387096774194
Q06695,132,1,0.007575757575757576,-0.3454545454545455,2.8799822083931628,4.5,-4.5,0.3484848484848485
P40210,489,10,0.02044989775051125,-0.8991820040899795,2.9701169039125768,4.5,-4.5,0.2822085889570552
P53913,173,1,0.005780346820809248,-1.2421965317919075,3.010772532858012,4.5,-4.5,0.24855491329479767
P53379,596,9,0.015100671140939598,-0.15906040268456378,2.7796603873197783,4.5,-4.5,0.33053691275167785
P05739,176,0,0.0,-0.47613636363636364,3.220318812498575,4.5,-4.5,0.3693181818181818
Q07738,123,3,0.024390243902439025,-0.17967479674796746,2.722802219545733,4.5,-4.5,0.34959349593495936
P36169,355,8,0.022535211267605635,-0.9374647887323946,2.939958665183155,4.5,-4.5,0.27605633802816903
Q07649,183,0,0.0,0.12677595628415295,2.844819659514396,4.5,-4.5,0.41530054644808745
P36154,155,2,0.012903225806451613,-0.815483870967742,3.1674787355343734,4.5,-4.5,0.3096774193548387
P41057,56,0,0.0,-0.8482142857142857,3.063261046629216,4.5,-4.5,0.32142857142857145
P37264,122,1,0.00819672131147541,0.8950819672131146,3.1217600242521977,4.5,-4.5,0.5491803278688525
Q06674,414,4,0.00966183574879227,-0.29637681159420287,3.1034827581273428,4.5,-4.5,0.35507246376811596
O94085,183,2,0.01092896174863388,0.37486338797814206,2.913530121385808,4.5,-4.5,0.44808743169398907
P53825,131,0,0.0,0.6465648854961832,3.1045718001978573,4.5,-4.5,0.48854961832061067
P47157,116,0,0.0,-0.23879310344827592,3.069083080855554,4.5,-4.5,0.3793103448275862
P40520,121,3,0.024793388429752067,0.15123966942148764,2.909577110008857,4.5,-4.5,0.39669421487603307
P40536,118,1,0.00847457627118644,-0.5983050847457627,3.145429373046167,4.5,-4.5,0.3728813559322034
P40545,261,1,0.0038314176245210726,-0.38045977011494253,3.140484835075535,4.5,-4.5,0.3563218390804598
Q04093,687,4,0.005822416302765648,-0.5001455604075692,3.1215805129379484,4.5,-4.5,0.3318777292576419
P53872,204,11,0.05392156862745098,-1.0377450980392153,2.396545065036433,4.5,-4.5,0.19607843137254902
O13573,101,1,0.009900990099009901,-0.21287128712871295,3.087299546267497,4.5,-4.5,0.3564356435643564
P34251,309,2,0.006472491909385114,-0.3815533980582524,3.070174327703307,4.5,-4.5,0.34951456310679613
P36092,106,1,0.009433962264150943,0.4113207547169811,3.0550397815622192,4.5,-4.5,0.49056603773584906
Q07410,141,2,0.014184397163120567,0.21985815602836872,3.0450802050286936,4.5,-4.5,0.44680851063829785
P40580,263,0,0.0,-0.06083650190114067,3.1256856987446473,4.5,-4.5,0.40304182509505704
P38841,114,0,0.0,-0.06754385964912278,3.1375623461768063,4.5,-4.5,0.39473684210526316
Q06412,1307,14,0.010711553175210406,-0.3947972456006121,3.091252388962246,4.5,-4.5,0.3519510328997705
Q08222,106,2,0.018867924528301886,0.46509433962264146,2.9513362005130026,4.5,-3.9,0.4528301886792453
P38854,504,6,0.011904761904761904,-1.0640873015873018,2.846607553528762,4.5,-4.5,0.2400793650793651
Q12367,367,2,0.005449591280653951,-0.1926430517711172,3.1415949611361293,4.5,-4.5,0.36239782016348776
Q06247,608,10,0.01644736842105263,-0.20328947368421055,3.2164036340698314,4.5,-4.5,0.3815789473684211
Q12500,764,4,0.005235602094240838,-0.8527486910994765,3.010379998049309,4.5,-4.5,0.28534031413612565
P36004,724,4,0.0055248618784530384,-0.7569060773480663,2.964592028805293,4.5,-4.5,0.2914364640883978
Q07881,127,0,0.0,0.45354330708661417,3.037969568398966,4.5,-4.5,0.4645669291338583
P40851,1208,16,0.013245033112582781,-0.24908940397350995,3.117399233136798,4.5,-4.5,0.3708609271523179
P39973,112,2,0.017857142857142856,-0.6455357142857142,2.9043344575963754,4.5,-4.5,0.30357142857142855
P25577,312,4,0.01282051282051282,-0.4483974358974359,2.948347646062911,4.5,-4.5,0.3301282051282051
