Identifier A,Identifier B,Interaction
A0FGR8,Q8NCK7,1
A1L0T0,Q8NCK7,1
A2A2Q9,Q8NCK7,1
A2A935,P37238,1
A2AEA2,Q8NCK7,1
A5PL33,Q8NCK7,1
A8MTZ0,Q15154,1
A8MTZ0,Q8IWZ6,1
A8MTZ0,Q8NFJ9,1
A8MTZ0,Q96RK4,1
A8MTZ0,Q9BXC9,1
B1ANR0,Q8NCK7,1
B4DLN1,Q8NCK7,1
B4DR61,Q8NCK7,1
B5MDF5,Q8NCK7,1
C9JNU6,Q8NCK7,1
C9JRZ6,Q8NCK7,1
D4ABI7,P15127,1
E7EMK3,Q8NCK7,1
E9PRG8,Q8NCK7,1
F1MWF1,O41515,1
F5H5D3,Q8NCK7,1
F8W1S1,Q8NCK7,1
G3H0F0,O14901,1
G3V325,Q8NCK7,1
G3V5Z7,Q8NCK7,1
H0YMV8,Q8NCK7,1
H3BMF4,Q8NCK7,1
J3KN16,Q8NCK7,1
J3KNF5,Q8NCK7,1
J3KPP4,Q8NCK7,1
J3KPS0,Q8NCK7,1
J3KPX7,Q8NCK7,1
M0QXB4,Q8NCK7,1
O00231,Q8NCK7,1
O00232,Q8NCK7,1
O00264,Q8NCK7,1
O00287,Q8NCK7,1
O00303,Q8NCK7,1
O00311,Q8NCK7,1
O00410,Q8NCK7,1
O00483,Q8NCK7,1
O00487,Q8NCK7,1
O00488,Q8NCK7,1
O00743,Q8NCK7,1
O09044,P63044,1
O09044,P63045,1
O09044,P70452,1
O09044,Q08850,1
O09044,Q60770,1
O14497,Q8NCK7,1
O14524,Q8NCK7,1
O14654,Q8NCK7,1
O14681,Q8NCK7,1
O14818,Q8NCK7,1
O14929,Q8NCK7,1
O14974,Q8NCK7,1
O14980,Q8NCK7,1
O15020,Q8NCK7,1
O15260,Q8NCK7,1
O15269,Q8NCK7,1
O35567,P15127,1
O43164,Q8NCK7,1
O43175,Q8NCK7,1
O43242,Q8NCK7,1
O43251,Q8NCK7,1
O43524,Q9NTG7,1
O43592,Q8NCK7,1
O43617,Q96QF0,1
O43681,Q8NCK7,1
O43795,Q8NCK7,1
O43809,Q8NCK7,1
O43819,Q8NCK7,1
O55013,Q96QF0,1
O60237,Q8NCK7,1
O60884,Q8NCK7,1
O75190,Q8NCK7,1
O75376,P37231,1
O75396,Q8NCK7,1
O75477,Q8NCK7,1
O75600,Q8NCK7,1
O75607,Q8NCK7,1
O75683,Q8NCK7,1
O75746,Q8NCK7,1
O75787,Q8NCK7,1
O75865,Q96QF0,1
O75915,Q8NCK7,1
O75947,Q8NCK7,1
O75953,Q8NCK7,1
O75964,Q8NCK7,1
O75970,Q8NCK7,1
O76024,P05026,1
O76024,P16615,1
O88848,P55258,1
O88848,P62492,1
O88848,Q02248,1
O88848,Q3V3N7,1
O88848,Q811G0,1
O88848,Q8C1Z7,1
O88848,Q8K2G4,1
O88848,Q8VD72,1
O88848,Q9CWF6,1
O88848,Q9CZQ9,1
O88900,P15127,1
O94761,Q8NCK7,1
O94888,Q8NCK7,1
O94905,Q8NCK7,1
O95273,P55042,1
O95347,Q8NCK7,1
O95433,Q8NCK7,1
O95816,Q8NCK7,1
O95817,Q8NCK7,1
O95831,Q8NCK7,1
O95985,Q8NCK7,1
O96019,Q8NCK7,1
P00367,Q8NCK7,1
P00403,Q8NCK7,1
P01024,Q8NCK7,1
P01889,Q8NCK7,1
P02533,Q8NCK7,1
P02538,Q8NCK7,1
P02545,Q8NCK7,1
P02651,Q63503,1
P02768,Q8NCK7,1
P02786,Q8NCK7,1
P04259,Q8NCK7,1
P04350,Q8NCK7,1
P04843,Q8NCK7,1
P04844,Q8NCK7,1
P04908,Q8NCK7,1
P05023,Q8NCK7,1
P05067,Q8NCK7,1
P05141,Q8NCK7,1
P06213,P31939,1
P06213,P54646,1
P06213,P60709,1
P06213,Q12840,1
P06213,Q14449,1
P06213,Q9P035,1
P06493,Q8NCK7,1
P06576,Q8NCK7,1
P06727,P20393,1
P06730,Q8NCK7,1
P06737,Q8NCK7,1
P07195,Q8NCK7,1
P07197,Q8NCK7,1
P07437,Q8NCK7,1
P07900,Q8NCK7,1
P08195,Q8NCK7,1
P08238,Q8NCK7,1
P08243,Q8NCK7,1
P08670,Q8NCK7,1
P0C0S5,Q8NCK7,1
P0DI81,Q96QF0,1
P0DJI6,Q9R1E0,1
P0DJI6,Q9WVH4,1
P0DTC2,P11021,1
P0DTC2,Q9BYF1,1
P10316,Q8NCK7,1
P11021,Q9BYF1,1
P11142,Q8NCK7,1
P11172,Q8NCK7,1
P11177,Q8NCK7,1
P11881,P38647,1
P11881,Q60932,1
P11881,Q99KR7,1
P11940,Q8NCK7,1
P12004,Q8NCK7,1
P12235,Q8NCK7,1
P12236,Q8NCK7,1
P12268,Q8NCK7,1
P13645,Q8NCK7,1
P13804,Q8NCK7,1
P13995,Q8NCK7,1
P14625,Q8NCK7,1
P15127,Q09137,1
P15127,Q66H80,1
P15127,Q9WV78,1
P15208,Q3UJU9,1
P16615,Q8NCK7,1
P17066,Q8NCK7,1
P17980,Q8NCK7,1
P17987,Q8NCK7,1
P17987,Q9NPJ1,1
P18859,Q8NCK7,1
P19474,Q8NCK7,1
P20020,Q8NCK7,1
P20340,Q8NCK7,1
P20618,Q8NCK7,1
P20671,Q8NCK7,1
P20700,Q8NCK7,1
P21796,P38646,1
P21796,Q14643,1
P21796,Q8NCK7,1
P22102,Q8NCK7,1
P22695,Q8NCK7,1
P23258,Q8NCK7,1
P24539,Q8NCK7,1
P25685,Q8NCK7,1
P25705,Q8NCK7,1
P25786,Q8NCK7,1
P25787,Q8NCK7,1
P25788,Q8NCK7,1
P26196,Q8NCK7,1
P26641,Q8NCK7,1
P27348,Q8NCK7,1
P27708,Q8NCK7,1
P27824,Q8NCK7,1
P27986,Q96EB6,1
P27986,Q9Y4H2,1
P28066,Q8NCK7,1
P28070,Q8NCK7,1
P28072,Q8NCK7,1
P28074,Q8NCK7,1
P28288,Q8NCK7,1
P29401,Q8NCK7,1
P30405,Q14643,1
P30837,Q8NCK7,1
P31689,Q8NCK7,1
P31749,Q14643,1
P31946,Q8NCK7,1
P31948,Q8NCK7,1
P33778,Q8NCK7,1
P33981,Q8NCK7,1
P33993,Q8NCK7,1
P34897,Q8NCK7,1
P35232,Q8NCK7,1
P35568,Q96EB6,1
P35606,Q8NCK7,1
P35613,Q8NCK7,1
P35637,Q8NCK7,1
P35908,Q8NCK7,1
P35998,Q8NCK7,1
P36542,Q8NCK7,1
P36873,Q8NCK7,1
P37231,Q00535,1
P37238,Q923E4,1
P37238,Q96EB6,1
P38435,Q8NCK7,1
P38606,Q8NCK7,1
P38646,Q14643,1
P39656,Q8NCK7,1
P40937,Q8NCK7,1
P40939,Q8NCK7,1
P41223,Q8NCK7,1
P42677,Q8NCK7,1
P42704,Q8NCK7,1
P43487,Q8NCK7,1
P43686,Q8NCK7,1
P45880,Q8NCK7,1
P45954,Q8NCK7,1
P46060,Q8NCK7,1
P46379,Q8NCK7,1
P46977,Q8NCK7,1
P47914,Q8NCK7,1
P48047,Q8NCK7,1
P48356,Q8NFJ9,1
P48382,Q8NCK7,1
P48553,Q96QF0,1
P48643,Q8NCK7,1
P48651,Q8NCK7,1
P49207,Q8NCK7,1
P49454,Q8NCK7,1
P49593,Q8NCK7,1
P49720,Q8NCK7,1
P49721,Q8NCK7,1
P49841,Q14449,1
P50402,Q8NCK7,1
P50454,Q8NCK7,1
P50502,Q8NCK7,1
P50993,Q8NCK7,1
P51570,Q8NCK7,1
P51571,Q8NCK7,1
P51617,Q8NCK7,1
P51648,Q8NCK7,1
P51665,Q8NCK7,1
P51970,Q8NCK7,1
P52429,Q8NCK7,1
P52701,Q8NCK7,1
P52756,Q8NCK7,1
P52789,Q8NCK7,1
P53007,Q8NCK7,1
P53396,Q8NCK7,1
P53618,Q8NCK7,1
P53621,Q8NCK7,1
P53985,Q8NCK7,1
P54652,Q8NCK7,1
P54709,Q8NCK7,1
P55060,Q8NCK7,1
P55072,Q8NCK7,1
P55084,Q8NCK7,1
P55209,Q8NCK7,1
P55258,Q02248,1
P55258,Q9CWF6,1
P55786,Q8NCK7,1
P56524,Q8NCK7,1
P56537,Q8NCK7,1
P56589,Q8NCK7,1
P56726,Q8IWZ6,1
P56726,Q8N3I7,1
P56726,Q8NFJ9,1
P56726,Q96RK4,1
P56962,Q8NCK7,1
P57088,Q8NCK7,1
P57740,Q8NCK7,1
P60228,Q8NCK7,1
P60604,Q8NCK7,1
P61006,Q8NCK7,1
P61006,Q96QF0,1
P61026,Q8NCK7,1
P61163,Q8NCK7,1
P61962,Q8NCK7,1
P61981,Q8NCK7,1
P62136,Q8NCK7,1
P62140,Q8NCK7,1
P62191,Q8NCK7,1
P62195,Q8NCK7,1
P62258,Q8NCK7,1
P62333,Q8NCK7,1
P62491,Q96QF0,1
P62492,Q02248,1
P62492,Q9CWF6,1
P62805,Q8NCK7,1
P62820,Q8NCK7,1
P62873,Q8NCK7,1
P62987,Q8NCK7,1
P63044,P70452,1
P63044,Q60770,1
P63045,Q08850,1
P63098,Q60700,1
P63104,Q8NCK7,1
P63167,Q8NCK7,1
P63173,Q8NCK7,1
P63244,Q8NCK7,1
P67870,P68400,1
P68104,Q8NCK7,1
P68363,Q8NCK7,1
P68366,Q8NCK7,1
P68371,Q8NCK7,1
P68400,Q14449,1
P68431,Q8NCK7,1
P70452,Q60770,1
P78318,Q8NCK7,1
P78371,Q8IWZ6,1
P78371,Q9BXC9,1
P78371,Q9NPJ1,1
P78527,Q8NCK7,1
P82912,Q8NCK7,1
P84090,Q8NCK7,1
P84243,Q8NCK7,1
Q00059,Q8NCK7,1
Q00325,Q8NCK7,1
Q00577,Q8NCK7,1
Q02248,Q9CWF6,1
Q02978,Q8NCK7,1
Q04206,Q9UBK2,1
Q04637,Q8NCK7,1
Q04917,Q8NCK7,1
Q07065,Q8NCK7,1
Q08209,Q60700,1
Q08850,Q60770,1
Q08945,Q8NCK7,1
Q09161,Q8NCK7,1
Q09472,Q9R1E0,1
Q12797,Q8NCK7,1
Q13123,Q8NCK7,1
Q13200,Q8NCK7,1
Q13217,Q8NCK7,1
Q13283,Q8NCK7,1
Q13409,Q8NCK7,1
Q13418,Q8NCK7,1
Q13509,Q8NCK7,1
Q13573,Q8NCK7,1
Q13627,Q8NCK7,1
Q13724,Q8NCK7,1
Q13823,Q8NCK7,1
Q13885,Q8NCK7,1
Q14203,Q8NCK7,1
Q14204,Q8NCK7,1
Q14257,Q8NCK7,1
Q14444,Q8NCK7,1
Q14527,Q8NCK7,1
Q14568,Q8NCK7,1
Q14669,Q8NCK7,1
Q14683,Q8NCK7,1
Q14694,Q8NCK7,1
Q14697,Q8NCK7,1
Q14739,Q8NCK7,1
Q14746,Q8NCK7,1
Q14974,Q8NCK7,1
Q15006,Q8NCK7,1
Q15008,Q8NCK7,1
Q15014,Q8NCK7,1
Q15154,Q8NFJ9,1
Q15154,Q96RK4,1
Q15293,Q8NCK7,1
Q15392,Q8NCK7,1
Q15434,Q8NCK7,1
Q15773,Q8NCK7,1
Q15907,Q8NCK7,1
Q15907,Q96QF0,1
Q15942,Q8NCK7,1
Q16531,Q8NCK7,1
Q16637,Q8NCK7,1
Q16891,Q8NCK7,1
Q2KHR2,Q8NCK7,1
Q2TAC2,Q8NCK7,1
Q38DU9,Q57UH8,1
Q3SYG4,Q8IWZ6,1
Q3SYG4,Q8N3I7,1
Q3SYG4,Q8NFJ9,1
Q3SYG4,Q8TAM2,1
Q3SYG4,Q96RK4,1
Q3SYG4,Q9BXC9,1
Q3SYG4,Q9H0F7,1
Q3SYG4,Q9NQ48,1
Q3TLI0,Q96QF0,1
Q3U0M1,Q96QF0,1
Q3UPR7,Q96QF0,1
Q3V3N7,Q811G0,1
Q3V3N7,Q8C1Z7,1
Q3V3N7,Q8K2G4,1
Q3V3N7,Q8VD72,1
Q3V3N7,Q96RK4,1
Q3V3N7,Q9CWF6,1
Q3V3N7,Q9CZQ9,1
Q3ZCM7,Q8NCK7,1
Q3ZCQ8,Q8NCK7,1
Q4GYY5,Q57UH8,1
Q4VC05,Q8NCK7,1
Q52LR7,Q8NCK7,1
Q53EU6,Q8NCK7,1
Q53G59,Q8NCK7,1
Q53GQ0,Q8NCK7,1
Q53R41,Q8NCK7,1
Q58EX7,Q8NCK7,1
Q5BKY9,Q8NCK7,1
Q5BKZ1,Q8NCK7,1
Q5C9Z4,Q8NCK7,1
Q5H9R7,Q8NCK7,1
Q5HYI8,Q8NCK7,1
Q5JPE7,Q8NCK7,1
Q5JWF2,Q8NCK7,1
Q5LJA5,Q8NCK7,1
Q5M775,Q8NCK7,1
Q5NCF2,Q96QF0,1
Q5QPK2,Q8NCK7,1
Q5SNT2,Q8NCK7,1
Q5SRD1,Q8NCK7,1
Q5SRE5,Q8NCK7,1
Q5T160,Q8NCK7,1
Q5T3I0,Q8NCK7,1
Q5TEC6,Q8NCK7,1
Q5VWC4,Q8NCK7,1
Q5W0B1,Q8NCK7,1
Q5XKP0,Q8NCK7,1
Q60700,Q60700,1
Q66K89,Q8NCK7,1
Q68CQ7,Q8NCK7,1
Q69YQ0,Q8NCK7,1
Q6DN90,Q8NCK7,1
Q6IEG0,Q8NCK7,1
Q6NXE6,Q8NCK7,1
Q6P4A7,Q8NCK7,1
Q6PCB8,Q8NCK7,1
Q6PI48,Q8NCK7,1
Q6PJG2,Q8NCK7,1
Q6PJG6,Q8NCK7,1
Q6UW78,Q8NCK7,1
Q6YHU6,Q8NCK7,1
Q6ZNB6,Q8NCK7,1
Q6ZW61,Q8IWZ6,1
Q6ZW61,Q9NPJ1,1
Q71DI3,Q8NCK7,1
Q71RC2,Q8NCK7,1
Q7L5D6,Q8NCK7,1
Q7RTV0,Q8NCK7,1
Q7Z3C6,Q8NCK7,1
Q7Z3U7,Q8NCK7,1
Q7Z3Y7,Q8NCK7,1
Q7Z6Z7,Q8NCK7,1
Q80U30,Q8BH75,1
Q811G0,Q96RK4,1
Q811G0,Q9CWF6,1
Q86SZ2,Q96QF0,1
Q86UL3,Q8NCK7,1
Q86VP6,Q8NCK7,1
Q86X55,Q8NCK7,1
Q86X95,Q8NCK7,1
Q86Y07,Q8NCK7,1
Q86Y56,Q8NCK7,1
Q8C1Z7,Q9BXC9,1
Q8C1Z7,Q9CWF6,1
Q8IUR0,Q96QF0,1
Q8IWZ6,Q8N3I7,1
Q8IWZ6,Q8NFJ9,1
Q8IWZ6,Q8TAM2,1
Q8IWZ6,Q96RK4,1
Q8IWZ6,Q9BXC9,1
Q8IWZ6,Q9H0F7,1
Q8IWZ6,Q9NPJ1,1
Q8IWZ6,Q9NQ48,1
Q8IXI1,Q8NCK7,1
Q8IYB5,Q8NCK7,1
Q8K2G4,Q96RK4,1
Q8K2G4,Q9BXC9,1
Q8K2G4,Q9CWF6,1
Q8N0V3,Q8NCK7,1
Q8N1F7,Q8NCK7,1
Q8N1N4,Q8NCK7,1
Q8N3I7,Q8NFJ9,1
Q8N3I7,Q96RK4,1
Q8N3I7,Q9BXC9,1
Q8N3R9,Q8NCK7,1
Q8N5F7,Q8NCK7,1
Q8N5P1,Q8NCK7,1
Q8N9E0,Q8NCK7,1
Q8N9M5,Q96QF0,1
Q8NBJ5,Q8NCK7,1
Q8NBM4,Q8NCK7,1
Q8NCK7,Q8NCK7,1
Q8NCK7,Q8ND56,1
Q8NCK7,Q8NDQ6,1
Q8NCK7,Q8NDV7,1
Q8NCK7,Q8NF37,1
Q8NCK7,Q8NFD5,1
Q8NCK7,Q8NFQ8,1
Q8NCK7,Q8NI60,1
Q8NCK7,Q8TA86,1
Q8NCK7,Q8TAT6,1
Q8NCK7,Q8TBF4,1
Q8NCK7,Q8TC07,1
Q8NCK7,Q8TCJ2,1
Q8NCK7,Q8TEM1,1
Q8NCK7,Q8TEQ8,1
Q8NCK7,Q8TEX9,1
Q8NCK7,Q8WTW3,1
Q8NCK7,Q8WUH6,1
Q8NCK7,Q8WUM0,1
Q8NCK7,Q8WVM8,1
Q8NCK7,Q8WVX9,1
Q8NCK7,Q92538,1
Q8NCK7,Q92545,1
Q8NCK7,Q92615,1
Q8NCK7,Q92616,1
Q8NCK7,Q92621,1
Q8NCK7,Q92643,1
Q8NCK7,Q92665,1
Q8NCK7,Q92782,1
Q8NCK7,Q92804,1
Q8NCK7,Q92890,1
Q8NCK7,Q92900,1
Q8NCK7,Q92922,1
Q8NCK7,Q92947,1
Q8NCK7,Q92973,1
Q8NCK7,Q93084,1
Q8NCK7,Q969V3,1
Q8NCK7,Q96A33,1
Q8NCK7,Q96BR5,1
Q8NCK7,Q96BY9,1
Q8NCK7,Q96CK0,1
Q8NCK7,Q96CS3,1
Q8NCK7,Q96D53,1
Q8NCK7,Q96F45,1
Q8NCK7,Q96FV9,1
Q8NCK7,Q96GD4,1
Q8NCK7,Q96GF1,1
Q8NCK7,Q96GM8,1
Q8NCK7,Q96HA1,1
Q8NCK7,Q96JJ7,1
Q8NCK7,Q96L91,1
Q8NCK7,Q96P70,1
Q8NCK7,Q96PK6,1
Q8NCK7,Q96PM9,1
Q8NCK7,Q96S52,1
Q8NCK7,Q96T76,1
Q8NCK7,Q99460,1
Q8NCK7,Q99570,1
Q8NCK7,Q99615,1
Q8NCK7,Q99653,1
Q8NCK7,Q99707,1
Q8NCK7,Q99733,1
Q8NCK7,Q99805,1
Q8NCK7,Q99942,1
Q8NCK7,Q9BPW8,1
Q8NCK7,Q9BRK5,1
Q8NCK7,Q9BRT8,1
Q8NCK7,Q9BRX2,1
Q8NCK7,Q9BSD7,1
Q8NCK7,Q9BSJ2,1
Q8NCK7,Q9BSR8,1
Q8NCK7,Q9BTY2,1
Q8NCK7,Q9BUF5,1
Q8NCK7,Q9BUJ2,1
Q8NCK7,Q9BVA1,1
Q8NCK7,Q9BW92,1
Q8NCK7,Q9BWJ5,1
Q8NCK7,Q9BXF3,1
Q8NCK7,Q9BXW9,1
Q8NCK7,Q9BYJ9,1
Q8NCK7,Q9BYW2,1
Q8NCK7,Q9C005,1
Q8NCK7,Q9GZN1,1
Q8NCK7,Q9H078,1
Q8NCK7,Q9H0E9,1
Q8NCK7,Q9H0U4,1
Q8NCK7,Q9H147,1
Q8NCK7,Q9H1K4,1
Q8NCK7,Q9H2F5,1
Q8NCK7,Q9H307,1
Q8NCK7,Q9H583,1
Q8NCK7,Q9H5Q4,1
Q8NCK7,Q9H5V9,1
Q8NCK7,Q9H773,1
Q8NCK7,Q9H7B2,1
Q8NCK7,Q9H936,1
Q8NCK7,Q9H9E1,1
Q8NCK7,Q9H9S3,1
Q8NCK7,Q9HAF1,1
Q8NCK7,Q9HAU5,1
Q8NCK7,Q9HAV4,1
Q8NCK7,Q9HCJ0,1
Q8NCK7,Q9HCU5,1
Q8NCK7,Q9HD20,1
Q8NCK7,Q9HD45,1
Q8NCK7,Q9HDC9,1
Q8NCK7,Q9NP92,1
Q8NCK7,Q9NPF5,1
Q8NCK7,Q9NQ29,1
Q8NCK7,Q9NQH7,1
Q8NCK7,Q9NRG9,1
Q8NCK7,Q9NRR5,1
Q8NCK7,Q9NS69,1
Q8NCK7,Q9NSG2,1
Q8NCK7,Q9NTJ3,1
Q8NCK7,Q9NTJ5,1
Q8NCK7,Q9NUD5,1
Q8NCK7,Q9NUP9,1
Q8NCK7,Q9NV56,1
Q8NCK7,Q9NVI1,1
Q8NCK7,Q9NWB6,1
Q8NCK7,Q9NY65,1
Q8NCK7,Q9NYA4,1
Q8NCK7,Q9NYU2,1
Q8NCK7,Q9NZ01,1
Q8NCK7,Q9P0I2,1
Q8NCK7,Q9P2R6,1
Q8NCK7,Q9UBB4,1
Q8NCK7,Q9UBF2,1
Q8NCK7,Q9UBM7,1
Q8NCK7,Q9UBS4,1
Q8NCK7,Q9UBU8,1
Q8NCK7,Q9UBV2,1
Q8NCK7,Q9UBX3,1
Q8NCK7,Q9UDW3,1
Q8NCK7,Q9UDY4,1
Q8NCK7,Q9UET6,1
Q8NCK7,Q9UH99,1
Q8NCK7,Q9UHI6,1
Q8NCK7,Q9UI12,1
Q8NCK7,Q9UJS0,1
Q8NCK7,Q9UJV9,1
Q8NCK7,Q9UKV0,1
Q8NCK7,Q9UL15,1
Q8NCK7,Q9ULD9,1
Q8NCK7,Q9ULX6,1
Q8NCK7,Q9UN37,1
Q8NCK7,Q9UN81,1
Q8NCK7,Q9UN86,1
Q8NCK7,Q9UNF1,1
Q8NCK7,Q9UNM6,1
Q8NCK7,Q9UNP9,1
Q8NCK7,Q9UPQ9,1
Q8NCK7,Q9UPT5,1
Q8NCK7,Q9UQL6,1
Q8NCK7,Q9Y277,1
Q8NCK7,Q9Y285,1
Q8NCK7,Q9Y2G8,1
Q8NCK7,Q9Y2J4,1
Q8NCK7,Q9Y383,1
Q8NCK7,Q9Y3C1,1
Q8NCK7,Q9Y3C7,1
Q8NCK7,Q9Y3D0,1
Q8NCK7,Q9Y3Y2,1
Q8NCK7,Q9Y448,1
Q8NCK7,Q9Y4L1,1
Q8NCK7,Q9Y4R8,1
Q8NCK7,Q9Y4W6,1
Q8NCK7,Q9Y4Y9,1
Q8NCK7,Q9Y5A9,1
Q8NCK7,Q9Y5B9,1
Q8NCK7,Q9Y5V3,1
Q8NCK7,Q9Y679,1
Q8NCK7,R4GMR5,1
Q8NCK7,U3KQK0,1
Q8NFJ9,Q8TAM2,1
Q8NFJ9,Q96QF0,1
Q8NFJ9,Q96RK4,1
Q8NFJ9,Q9BXC9,1
Q8NFJ9,Q9H0F7,1
Q8TAM1,Q9NPJ1,1
Q8TAM2,Q96RK4,1
Q8TAM2,Q9BXC9,1
Q8TAM2,Q9H0F7,1
Q8VD72,Q96RK4,1
Q8VD72,Q9CWF6,1
Q96EB6,Q9R1E0,1
Q96EB6,Q9Y4H2,1
Q96Q05,Q96QF0,1
Q96QF0,Q96RK4,1
Q96QF0,Q9CQA1,1
Q96QF0,Q9CQP2,1
Q96QF0,Q9D289,1
Q96QF0,Q9ES56,1
Q96QF0,Q9JME7,1
Q96QF0,Q9UL33,1
Q96QF0,Q9Y296,1
Q96QF0,Q9Y5R8,1
Q96RK4,Q9BXC9,1
Q96RK4,Q9CWF6,1
Q96RK4,Q9CZQ9,1
Q96RK4,Q9H0F7,1
Q96RK4,Q9JHQ5,1
Q9BXC9,Q9CZQ9,1
Q9BXC9,Q9H0F7,1
Q9BXC9,Q9NPJ1,1
Q9BXC9,Q9NQ48,1
Q9CWF6,Q9CZQ9,1
Q9CWF6,Q9JHQ5,1
Q9NQ48,Q9NQ48,1
A0FGR8,E7EMK3,0
A0FGR8,O75477,0
A0FGR8,P06576,0
A0FGR8,P36542,0
A0FGR8,P39656,0
A0FGR8,Q14683,0
A0FGR8,Q53R41,0
A0FGR8,Q8N3R9,0
A0FGR8,Q96QF0,0
A0FGR8,Q96RK4,0
A0FGR8,Q9UBU8,0
A1L0T0,O00311,0
A1L0T0,O76024,0
A1L0T0,P12235,0
A1L0T0,P23258,0
A1L0T0,P25787,0
A1L0T0,P31689,0
A1L0T0,P47914,0
A1L0T0,Q15773,0
A1L0T0,Q7Z3Y7,0
A1L0T0,Q8NBJ5,0
A1L0T0,Q8NDQ6,0
A1L0T0,Q96QF0,0
A1L0T0,Q96RK4,0
A1L0T0,Q9BSJ2,0
A1L0T0,Q9NTJ5,0
A1L0T0,Q9NY65,0
A1L0T0,Q9UBV2,0
A2A2Q9,F5H5D3,0
A2A2Q9,O09044,0
A2A2Q9,O43175,0
A2A2Q9,O95816,0
A2A2Q9,P06727,0
A2A2Q9,P07900,0
A2A2Q9,P0DI81,0
A2A2Q9,P11142,0
A2A2Q9,P28288,0
A2A2Q9,P30405,0
A2A2Q9,P46379,0
A2A2Q9,P53396,0
A2A2Q9,P56524,0
A2A2Q9,Q5M775,0
A2A2Q9,Q6IEG0,0
A2A2Q9,Q6ZW61,0
A2A2Q9,Q8WTW3,0
A2A2Q9,Q92665,0
A2A2Q9,Q96BR5,0
A2A2Q9,Q96QF0,0
A2A2Q9,Q96RK4,0
A2A2Q9,Q9UBM7,0
A2A2Q9,Q9Y5B9,0
A2A935,O14524,0
A2A935,O43164,0
A2A935,P02768,0
A2A935,P05023,0
A2A935,P11021,0
A2A935,P29401,0
A2A935,P49593,0
A2A935,P53007,0
A2A935,P53985,0
A2A935,P61981,0
A2A935,P68371,0
A2A935,Q04206,0
A2A935,Q14527,0
A2A935,Q5VWC4,0
A2A935,Q8NCK7,0
A2A935,Q96F45,0
A2A935,Q96QF0,0
A2A935,Q96RK4,0
A2A935,Q9R1E0,0
A2A935,Q9UBX3,0
A2A935,Q9Y296,0
A2AEA2,O14524,0
A2AEA2,O43175,0
A2AEA2,O43681,0
A2AEA2,O43819,0
A2AEA2,P25786,0
A2AEA2,P60709,0
A2AEA2,Q13823,0
A2AEA2,Q14568,0
A2AEA2,Q15154,0
A2AEA2,Q53EU6,0
A2AEA2,Q5QPK2,0
A2AEA2,Q6IEG0,0
A2AEA2,Q8WUH6,0
A2AEA2,Q92665,0
A2AEA2,Q96QF0,0
A2AEA2,Q96RK4,0
A2AEA2,Q99805,0
A2AEA2,Q9BUF5,0
A2AEA2,Q9H1K4,0
A2AEA2,Q9HCJ0,0
A2AEA2,Q9NP92,0
A2AEA2,Q9Y448,0
A5PL33,M0QXB4,0
A5PL33,O95347,0
A5PL33,P15127,0
A5PL33,P28072,0
A5PL33,P37231,0
A5PL33,P54646,0
A5PL33,P62491,0
A5PL33,Q02248,0
A5PL33,Q04206,0
A5PL33,Q38DU9,0
A5PL33,Q5C9Z4,0
A5PL33,Q8N3I7,0
A5PL33,Q96JJ7,0
A5PL33,Q96QF0,0
A5PL33,Q96RK4,0
A5PL33,Q9NQ29,0
A5PL33,Q9NVI1,0
A5PL33,Q9P2R6,0
A5PL33,Q9UDW3,0
A5PL33,Q9ULD9,0
A8MTZ0,C9JRZ6,0
A8MTZ0,O00487,0
A8MTZ0,O41515,0
A8MTZ0,O75970,0
A8MTZ0,P06213,0
A8MTZ0,P06576,0
A8MTZ0,P0DJI6,0
A8MTZ0,P0DTC2,0
A8MTZ0,P15127,0
A8MTZ0,P16615,0
A8MTZ0,P21796,0
A8MTZ0,P38435,0
A8MTZ0,P55258,0
A8MTZ0,P56726,0
A8MTZ0,P57088,0
A8MTZ0,P61006,0
A8MTZ0,P62492,0
A8MTZ0,P63044,0
A8MTZ0,P63045,0
A8MTZ0,P68400,0
A8MTZ0,P70452,0
A8MTZ0,Q00059,0
A8MTZ0,Q02248,0
A8MTZ0,Q08209,0
A8MTZ0,Q08850,0
A8MTZ0,Q13418,0
A8MTZ0,Q13885,0
A8MTZ0,Q14643,0
A8MTZ0,Q15907,0
A8MTZ0,Q3SYG4,0
A8MTZ0,Q3V3N7,0
A8MTZ0,Q53EU6,0
A8MTZ0,Q57UH8,0
A8MTZ0,Q5XKP0,0
A8MTZ0,Q60700,0
A8MTZ0,Q60770,0
A8MTZ0,Q7Z6Z7,0
A8MTZ0,Q811G0,0
A8MTZ0,Q86UL3,0
A8MTZ0,Q8C1Z7,0
A8MTZ0,Q8IUR0,0
A8MTZ0,Q8K2G4,0
A8MTZ0,Q8N3I7,0
A8MTZ0,Q8NCK7,0
A8MTZ0,Q8TAM2,0
A8MTZ0,Q8VD72,0
A8MTZ0,Q92900,0
A8MTZ0,Q96EB6,0
A8MTZ0,Q96QF0,0
A8MTZ0,Q99733,0
A8MTZ0,Q9CWF6,0
A8MTZ0,Q9CZQ9,0
A8MTZ0,Q9H773,0
A8MTZ0,Q9JHQ5,0
A8MTZ0,Q9NPJ1,0
A8MTZ0,Q9NQ48,0
A8MTZ0,Q9UKV0,0
A8MTZ0,Q9UN81,0
A8MTZ0,Q9Y383,0
B1ANR0,H3BMF4,0
B1ANR0,O00488,0
B1ANR0,P04843,0
B1ANR0,P0DI81,0
B1ANR0,P34897,0
B1ANR0,P62195,0
B1ANR0,Q04917,0
B1ANR0,Q15014,0
B1ANR0,Q53R41,0
B1ANR0,Q96QF0,0
B1ANR0,Q96RK4,0
B1ANR0,Q9BXC9,0
B1ANR0,Q9CWF6,0
B1ANR0,Q9JHQ5,0
B1ANR0,Q9JME7,0
B1ANR0,Q9UN86,0
B4DLN1,O00483,0
B4DLN1,O75746,0
B4DLN1,P04908,0
B4DLN1,P08243,0
B4DLN1,P17066,0
B4DLN1,P26196,0
B4DLN1,P40939,0
B4DLN1,P55258,0
B4DLN1,P61006,0
B4DLN1,P68400,0
B4DLN1,Q14203,0
B4DLN1,Q15006,0
B4DLN1,Q15907,0
B4DLN1,Q57UH8,0
B4DLN1,Q5NCF2,0
B4DLN1,Q69YQ0,0
B4DLN1,Q7L5D6,0
B4DLN1,Q8K2G4,0
B4DLN1,Q96QF0,0
B4DLN1,Q96RK4,0
B4DLN1,Q9NP92,0
B4DLN1,Q9Y2G8,0
B4DR61,O75376,0
B4DR61,P00403,0
B4DR61,P31948,0
B4DR61,P42704,0
B4DR61,P53621,0
B4DR61,Q00325,0
B4DR61,Q3UPR7,0
B4DR61,Q60700,0
B4DR61,Q66H80,0
B4DR61,Q92665,0
B4DR61,Q96BY9,0
B4DR61,Q96QF0,0
B4DR61,Q96RK4,0
B4DR61,Q9BRX2,0
B4DR61,Q9HAF1,0
B4DR61,Q9Y296,0
B4DR61,Q9Y3Y2,0
B5MDF5,O75915,0
B5MDF5,P00403,0
B5MDF5,P55209,0
B5MDF5,Q13123,0
B5MDF5,Q3SYG4,0
B5MDF5,Q6PCB8,0
B5MDF5,Q8N1F7,0
B5MDF5,Q8NI60,0
B5MDF5,Q923E4,0
B5MDF5,Q96P70,0
B5MDF5,Q96QF0,0
B5MDF5,Q96RK4,0
B5MDF5,Q9UDW3,0
B5MDF5,Q9WVH4,0
C9JNU6,M0QXB4,0
C9JNU6,O75947,0
C9JNU6,P06493,0
C9JNU6,P31749,0
C9JNU6,P40937,0
C9JNU6,P49207,0
C9JNU6,Q12797,0
C9JNU6,Q14669,0
C9JNU6,Q14683,0
C9JNU6,Q14974,0
C9JNU6,Q7Z6Z7,0
C9JNU6,Q8N9M5,0
C9JNU6,Q96BY9,0
C9JNU6,Q96QF0,0
C9JNU6,Q96RK4,0
C9JNU6,Q9BYJ9,0
C9JNU6,Q9H7B2,0
C9JRZ6,D4ABI7,0
C9JRZ6,J3KPP4,0
C9JRZ6,O35567,0
C9JRZ6,P00367,0
C9JRZ6,P11177,0
C9JRZ6,P24539,0
C9JRZ6,P55209,0
C9JRZ6,P62258,0
C9JRZ6,Q08209,0
C9JRZ6,Q12797,0
C9JRZ6,Q3U0M1,0
C9JRZ6,Q5HYI8,0
C9JRZ6,Q7Z3C6,0
C9JRZ6,Q811G0,0
C9JRZ6,Q8C1Z7,0
C9JRZ6,Q92804,0
C9JRZ6,Q96BR5,0
C9JRZ6,Q96QF0,0
C9JRZ6,Q96RK4,0
C9JRZ6,Q9H0F7,0
C9JRZ6,Q9HD45,0
D4ABI7,O00232,0
D4ABI7,O35567,0
D4ABI7,O60884,0
D4ABI7,O75600,0
D4ABI7,P02533,0
D4ABI7,P06213,0
D4ABI7,P11881,0
D4ABI7,P27986,0
D4ABI7,P51571,0
D4ABI7,P55072,0
D4ABI7,P63044,0
D4ABI7,Q15006,0
D4ABI7,Q15154,0
D4ABI7,Q5C9Z4,0
D4ABI7,Q8NBM4,0
D4ABI7,Q8NCK7,0
D4ABI7,Q8NI60,0
D4ABI7,Q8VD72,0
D4ABI7,Q96QF0,0
D4ABI7,Q96RK4,0
D4ABI7,Q99570,0
D4ABI7,Q9BYJ9,0
D4ABI7,Q9H078,0
D4ABI7,Q9H9E1,0
D4ABI7,Q9WVH4,0
E7EMK3,O43617,0
E7EMK3,Q04917,0
E7EMK3,Q14974,0
E7EMK3,Q3V3N7,0
E7EMK3,Q8C1Z7,0
E7EMK3,Q8N5F7,0
E7EMK3,Q8TEM1,0
E7EMK3,Q92922,0
E7EMK3,Q96BR5,0
E7EMK3,Q96QF0,0
E7EMK3,Q96RK4,0
E7EMK3,Q9BYW2,0
E7EMK3,Q9HDC9,0
E9PRG8,O43617,0
E9PRG8,P38435,0
E9PRG8,P38646,0
E9PRG8,Q04637,0
E9PRG8,Q09161,0
E9PRG8,Q13573,0
E9PRG8,Q14697,0
E9PRG8,Q14974,0
E9PRG8,Q15154,0
E9PRG8,Q8IUR0,0
E9PRG8,Q8WTW3,0
E9PRG8,Q96QF0,0
E9PRG8,Q96RK4,0
E9PRG8,Q9H0E9,0
E9PRG8,Q9H773,0
E9PRG8,Q9HDC9,0
E9PRG8,Q9UQL6,0
E9PRG8,Q9Y285,0
F1MWF1,O75190,0
F1MWF1,P04844,0
F1MWF1,P13645,0
F1MWF1,P35606,0
F1MWF1,P51970,0
F1MWF1,P84243,0
F1MWF1,Q04917,0
F1MWF1,Q57UH8,0
F1MWF1,Q5SRD1,0
F1MWF1,Q6IEG0,0
F1MWF1,Q6PJG6,0
F1MWF1,Q8NCK7,0
F1MWF1,Q8NDV7,0
F1MWF1,Q8TEM1,0
F1MWF1,Q8VD72,0
F1MWF1,Q96QF0,0
F1MWF1,Q96RK4,0
F1MWF1,Q9JME7,0
F1MWF1,Q9NWB6,0
F5H5D3,O00487,0
F5H5D3,O75964,0
F5H5D3,P11021,0
F5H5D3,P14625,0
F5H5D3,P28066,0
F5H5D3,P35637,0
F5H5D3,P62333,0
F5H5D3,Q38DU9,0
F5H5D3,Q8IXI1,0
F5H5D3,Q8NFD5,0
F5H5D3,Q969V3,0
F5H5D3,Q96QF0,0
F5H5D3,Q96RK4,0
F5H5D3,Q9CZQ9,0
F5H5D3,Q9H2F5,0
F5H5D3,Q9R1E0,0
F5H5D3,Q9Y4H2,0
F8W1S1,O75915,0
F8W1S1,P42704,0
F8W1S1,Q13573,0
F8W1S1,Q3SYG4,0
F8W1S1,Q96QF0,0
F8W1S1,Q96RK4,0
F8W1S1,Q99570,0
F8W1S1,Q9BRX2,0
F8W1S1,Q9H1K4,0
F8W1S1,Q9H773,0
G3H0F0,P22695,0
G3H0F0,P27986,0
G3H0F0,P62333,0
G3H0F0,P68371,0
G3H0F0,Q8NCK7,0
G3H0F0,Q8NF37,0
G3H0F0,Q96QF0,0
G3H0F0,Q96RK4,0
G3H0F0,Q9BUF5,0
G3H0F0,Q9HCU5,0
G3H0F0,Q9Y4H2,0
G3V325,O09044,0
G3V325,O75376,0
G3V325,P30837,0
G3V325,P62492,0
G3V325,P63173,0
G3V325,P78371,0
G3V325,Q00535,0
G3V325,Q7RTV0,0
G3V325,Q8N1N4,0
G3V325,Q8NFQ8,0
G3V325,Q96QF0,0
G3V325,Q96RK4,0
G3V325,Q99707,0
G3V325,Q9BUJ2,0
G3V325,Q9Y3Y2,0
G3V5Z7,J3KPP4,0
G3V5Z7,O60884,0
G3V5Z7,O75953,0
G3V5Z7,P04843,0
G3V5Z7,P13995,0
G3V5Z7,P48643,0
G3V5Z7,P50454,0
G3V5Z7,Q14643,0
G3V5Z7,Q3SYG4,0
G3V5Z7,Q8NF37,0
G3V5Z7,Q8WUH6,0
G3V5Z7,Q96F45,0
G3V5Z7,Q96PM9,0
G3V5Z7,Q96QF0,0
G3V5Z7,Q96RK4,0
G3V5Z7,Q9H0E9,0
G3V5Z7,Q9NRR5,0
G3V5Z7,Q9NTJ3,0
G3V5Z7,Q9NY65,0
H0YMV8,O75865,0
H0YMV8,P06493,0
H0YMV8,P20020,0
H0YMV8,P34897,0
H0YMV8,P62491,0
H0YMV8,Q13409,0
H0YMV8,Q52LR7,0
H0YMV8,Q58EX7,0
H0YMV8,Q5T3I0,0
H0YMV8,Q5W0B1,0
H0YMV8,Q96F45,0
H0YMV8,Q96QF0,0
H0YMV8,Q96RK4,0
H0YMV8,Q9HAV4,0
H3BMF4,O14974,0
H3BMF4,P16615,0
H3BMF4,P21796,0
H3BMF4,Q14643,0
H3BMF4,Q811G0,0
H3BMF4,Q8WUH6,0
H3BMF4,Q96QF0,0
H3BMF4,Q96RK4,0
J3KN16,O95817,0
J3KN16,P00403,0
J3KN16,P07437,0
J3KN16,P0DJI6,0
J3KN16,P33993,0
J3KN16,P49454,0
J3KN16,P68431,0
J3KN16,Q5SRE5,0
J3KN16,Q63503,0
J3KN16,Q8IWZ6,0
J3KN16,Q8WVX9,0
J3KN16,Q92900,0
J3KN16,Q96EB6,0
J3KN16,Q96QF0,0
J3KN16,Q96RK4,0
J3KN16,Q99733,0
J3KN16,Q9R1E0,0
J3KN16,Q9UBS4,0
J3KN16,Q9Y5B9,0
J3KNF5,O75865,0
J3KNF5,O75964,0
J3KNF5,O96019,0
J3KNF5,P0DTC2,0
J3KNF5,P13804,0
J3KNF5,P30405,0
J3KNF5,P34897,0
J3KNF5,P54709,0
J3KNF5,P57088,0
J3KNF5,P70452,0
J3KNF5,Q08945,0
J3KNF5,Q13509,0
J3KNF5,Q60700,0
J3KNF5,Q8C1Z7,0
J3KNF5,Q96QF0,0
J3KNF5,Q96RK4,0
J3KNF5,Q9UPT5,0
J3KPP4,O94888,0
J3KPP4,P02651,0
J3KPP4,P21796,0
J3KPP4,P28066,0
J3KPP4,P28288,0
J3KPP4,P35232,0
J3KPP4,P38606,0
J3KPP4,P38647,0
J3KPP4,P50502,0
J3KPP4,P50993,0
J3KPP4,P62805,0
J3KPP4,P63167,0
J3KPP4,P68366,0
J3KPP4,Q13200,0
J3KPP4,Q60932,0
J3KPP4,Q8ND56,0
J3KPP4,Q8TBF4,0
J3KPP4,Q96F45,0
J3KPP4,Q96QF0,0
J3KPP4,Q96RK4,0
J3KPP4,Q9BSJ2,0
J3KPP4,Q9HD20,0
J3KPS0,O00231,0
J3KPS0,O00743,0
J3KPS0,O88848,0
J3KPS0,P01024,0
J3KPS0,P02533,0
J3KPS0,P22695,0
J3KPS0,P25786,0
J3KPS0,P62873,0
J3KPS0,Q00059,0
J3KPS0,Q02248,0
J3KPS0,Q04637,0
J3KPS0,Q13573,0
J3KPS0,Q15008,0
J3KPS0,Q3UPR7,0
J3KPS0,Q3ZCM7,0
J3KPS0,Q6PJG2,0
J3KPS0,Q6ZW61,0
J3KPS0,Q7Z3U7,0
J3KPS0,Q8NFD5,0
J3KPS0,Q92545,0
J3KPS0,Q96QF0,0
J3KPS0,Q96RK4,0
J3KPS0,Q9BSR8,0
J3KPS0,Q9BWJ5,0
J3KPS0,Q9H5Q4,0
J3KPS0,Q9UQL6,0
J3KPX7,O14497,0
J3KPX7,P02651,0
J3KPX7,P27824,0
J3KPX7,P28066,0
J3KPX7,P39656,0
J3KPX7,P54652,0
J3KPX7,P78527,0
J3KPX7,Q86Y07,0
J3KPX7,Q8ND56,0
J3KPX7,Q96QF0,0
J3KPX7,Q96RK4,0
J3KPX7,Q9NP92,0
J3KPX7,Q9NUD5,0
J3KPX7,Q9Y4L1,0
M0QXB4,O75190,0
M0QXB4,P00367,0
M0QXB4,P01889,0
M0QXB4,P25685,0
M0QXB4,P33993,0
M0QXB4,P51617,0
M0QXB4,Q13724,0
M0QXB4,Q14643,0
M0QXB4,Q5JWF2,0
M0QXB4,Q8IYB5,0
M0QXB4,Q96QF0,0
M0QXB4,Q96RK4,0
M0QXB4,Q9BRK5,0
M0QXB4,Q9NRR5,0
O00231,O14497,0
O00231,O43681,0
O00231,O75477,0
O00231,P13804,0
O00231,P23258,0
O00231,P61163,0
O00231,P63173,0
O00231,Q14643,0
O00231,Q6ZNB6,0
O00231,Q96BY9,0
O00231,Q96QF0,0
O00231,Q96RK4,0
O00231,Q9H0E9,0
O00232,O00287,0
O00232,O35567,0
O00232,O76024,0
O00232,P08243,0
O00232,P51648,0
O00232,P56589,0
O00232,P62333,0
O00232,P84090,0
O00232,Q14643,0
O00232,Q57UH8,0
O00232,Q6ZNB6,0
O00232,Q86X95,0
O00232,Q96QF0,0
O00232,Q96RK4,0
O00232,Q99460,0
O00232,Q9BSD7,0
O00232,Q9H7B2,0
O00232,Q9NP92,0
O00232,Q9ULX6,0
O00264,O41515,0
O00264,O43164,0
O00264,O43592,0
O00264,P11177,0
O00264,P15208,0
O00264,P23258,0
O00264,P36542,0
O00264,P56962,0
O00264,P63045,0
O00264,Q14203,0
O00264,Q66H80,0
O00264,Q6P4A7,0
O00264,Q6ZW61,0
O00264,Q7L5D6,0
O00264,Q96QF0,0
O00264,Q96RK4,0
O00264,Q9H936,0
O00264,R4GMR5,0
O00287,O75600,0
O00287,P05141,0
O00287,P07437,0
O00287,P20671,0
O00287,P28288,0
O00287,P48643,0
O00287,P49720,0
O00287,P55786,0
O00287,P56589,0
O00287,P56726,0
O00287,P62873,0
O00287,Q3UJU9,0
O00287,Q5QPK2,0
O00287,Q60700,0
O00287,Q6NXE6,0
O00287,Q96Q05,0
O00287,Q96QF0,0
O00287,Q96RK4,0
O00287,Q9ES56,0
O00287,Q9H078,0
O00287,Q9Y4R8,0
O00287,Q9Y4W6,0
O00303,O00488,0
O00303,P04350,0
O00303,P20671,0
O00303,P48356,0
O00303,P50502,0
O00303,P55084,0
O00303,Q14568,0
O00303,Q96QF0,0
O00303,Q96RK4,0
O00303,Q9BXW9,0
O00303,Q9UJV9,0
O00303,Q9ULD9,0
O00311,O14980,0
O00311,O43592,0
O00311,P06213,0
O00311,P28070,0
O00311,P78371,0
O00311,Q00535,0
O00311,Q14449,0
O00311,Q5HYI8,0
O00311,Q6IEG0,0
O00311,Q86VP6,0
O00311,Q8BH75,0
O00311,Q8WVM8,0
O00311,Q96QF0,0
O00311,Q96RK4,0
O00311,Q96S52,0
O00311,Q99653,0
O00311,Q9C005,0
O00311,Q9P035,0
O00311,Q9UH99,0
O00311,Q9WV78,0
O00410,P37238,0
O00410,P43487,0
O00410,P56726,0
O00410,P78527,0
O00410,Q13418,0
O00410,Q5SRD1,0
O00410,Q8NDV7,0
O00410,Q8NFJ9,0
O00410,Q96CK0,0
O00410,Q96CS3,0
O00410,Q96QF0,0
O00410,Q96RK4,0
O00410,Q96S52,0
O00410,Q9BXF3,0
O00410,Q9H583,0
O00410,Q9NY65,0
O00410,Q9Y4H2,0
O00410,Q9Y4L1,0
O00410,Q9Y4R8,0
O00483,O75953,0
O00483,P06213,0
O00483,P20700,0
O00483,P25705,0
O00483,P46379,0
O00483,P48356,0
O00483,P55209,0
O00483,Q5SNT2,0
O00483,Q96QF0,0
O00483,Q96RK4,0
O00483,Q96S52,0
O00487,O76024,0
O00487,P17987,0
O00487,P20671,0
O00487,P48651,0
O00487,P55072,0
O00487,Q5NCF2,0
O00487,Q5XKP0,0
O00487,Q8TBF4,0
O00487,Q96PK6,0
O00487,Q96QF0,0
O00487,Q96RK4,0
O00487,Q9BPW8,0
O00487,Q9NS69,0
O00487,Q9NV56,0
O00487,Q9R1E0,0
O00487,Q9UBV2,0
O00487,Q9UH99,0
O00487,Q9UPT5,0
O00488,O43592,0
O00488,P06213,0
O00488,P21796,0
O00488,P25685,0
O00488,P53396,0
O00488,Q13283,0
O00488,Q15154,0
O00488,Q5NCF2,0
O00488,Q8BH75,0
O00488,Q8TAM2,0
O00488,Q92621,0
O00488,Q96PK6,0
O00488,Q96QF0,0
O00488,Q96RK4,0
O00488,Q9BYF1,0
O00488,Q9H5Q4,0
O00743,O14654,0
O00743,P00367,0
O00743,P01889,0
O00743,P33993,0
O00743,P84090,0
O00743,Q15006,0
O00743,Q53R41,0
O00743,Q96QF0,0
O00743,Q96RK4,0
O00743,Q9Y4H2,0
O09044,O41515,0
O09044,O76024,0
O09044,P05023,0
O09044,P05026,0
O09044,P06213,0
O09044,P06576,0
O09044,P0DJI6,0
O09044,P11881,0
O09044,P15127,0
O09044,P21796,0
O09044,P31948,0
O09044,P48356,0
O09044,P48651,0
O09044,P52429,0
O09044,P55258,0
O09044,P56726,0
O09044,P61006,0
O09044,P62492,0
O09044,P68400,0
O09044,P82912,0
O09044,P84090,0
O09044,Q02248,0
O09044,Q13509,0
O09044,Q15154,0
O09044,Q15907,0
O09044,Q3SYG4,0
O09044,Q3V3N7,0
O09044,Q57UH8,0
O09044,Q5SNT2,0
O09044,Q60700,0
O09044,Q6P4A7,0
O09044,Q811G0,0
O09044,Q8C1Z7,0
O09044,Q8IWZ6,0
O09044,Q8K2G4,0
O09044,Q8N3I7,0
O09044,Q8NCK7,0
O09044,Q8NFJ9,0
O09044,Q8TAM2,0
O09044,Q8VD72,0
O09044,Q96EB6,0
O09044,Q96PK6,0
O09044,Q96QF0,0
O09044,Q96RK4,0
O09044,Q9BSR8,0
O09044,Q9BXC9,0
O09044,Q9CWF6,0
O09044,Q9CZQ9,0
O09044,Q9H9E1,0
O09044,Q9JHQ5,0
O09044,Q9NPJ1,0
O09044,Q9NQ48,0
O09044,Q9UJV9,0
O14497,O55013,0
O14497,P38646,0
O14497,P48047,0
O14497,Q14204,0
O14497,Q8K2G4,0
O14497,Q8VD72,0
O14497,Q96QF0,0
O14497,Q96RK4,0
O14497,Q9BXC9,0
O14497,Q9R1E0,0
O14524,O75683,0
O14524,P05026,0
O14524,P60604,0
O14524,Q15907,0
O14524,Q6PJG2,0
O14524,Q8WVX9,0
O14524,Q96QF0,0
O14524,Q96RK4,0
O14524,Q9NRG9,0
O14654,O95831,0
O14654,O95985,0
O14654,P04844,0
O14654,P13804,0
O14654,P33778,0
O14654,P62140,0
O14654,Q5W0B1,0
O14654,Q8NBM4,0
O14654,Q96QF0,0
O14654,Q96RK4,0
O14654,Q9HCU5,0
O14681,P13645,0
O14681,P13804,0
O14681,P17980,0
O14681,P48356,0
O14681,P68104,0
O14681,P68400,0
O14681,Q00577,0
O14681,Q15293,0
O14681,Q16531,0
O14681,Q3V3N7,0
O14681,Q96QF0,0
O14681,Q96RK4,0
O14681,Q9NRR5,0
O14681,Q9R1E0,0
O14818,O95347,0
O14818,P28070,0
O14818,P28288,0
O14818,P51570,0
O14818,P56537,0
O14818,P57740,0
O14818,P60709,0
O14818,Q2TAC2,0
O14818,Q96PK6,0
O14818,Q96QF0,0
O14818,Q96RK4,0
O14818,Q99707,0
O14818,Q9NZ01,0
O14901,O88900,0
O14901,P06213,0
O14901,P08243,0
O14901,P19474,0
O14901,P53396,0
O14901,P53621,0
O14901,Q09161,0
O14901,Q14739,0
O14901,Q3SYG4,0
O14901,Q6NXE6,0
O14901,Q8IYB5,0
O14901,Q8NCK7,0
O14901,Q8NDV7,0
O14901,Q8WTW3,0
O14901,Q96QF0,0
O14901,Q96RK4,0
O14901,Q9BWJ5,0
O14901,Q9BYJ9,0
O14901,Q9UJV9,0
O14901,Q9Y383,0
O14929,O75607,0
O14929,O75787,0
O14929,O95433,0
O14929,P02545,0
O14929,P07437,0
O14929,P35232,0
O14929,P39656,0
O14929,Q71DI3,0
O14929,Q7Z6Z7,0
O14929,Q811G0,0
O14929,Q86X55,0
O14929,Q8IXI1,0
O14929,Q8NFD5,0
O14929,Q92538,0
O14929,Q96QF0,0
O14929,Q96RK4,0
O14929,Q9GZN1,0
O14974,O43819,0
O14974,P22695,0
O14974,P28288,0
O14974,P49721,0
O14974,Q13573,0
O14974,Q15006,0
O14974,Q71RC2,0
O14974,Q8N9E0,0
O14974,Q8WUH6,0
O14974,Q96QF0,0
O14974,Q96RK4,0
O14974,Q9R1E0,0
O14974,Q9Y3C1,0
O14980,O43164,0
O14980,O60884,0
O14980,P38646,0
O14980,P38647,0
O14980,P48643,0
O14980,P63167,0
O14980,Q5QPK2,0
O14980,Q6NXE6,0
O14980,Q8TBF4,0
O14980,Q92665,0
O14980,Q96QF0,0
O14980,Q96RK4,0
O14980,Q9BXC9,0
O14980,Q9UL33,0
O15020,P11172,0
O15020,P20700,0
O15020,P36542,0
O15020,P61962,0
O15020,P63044,0
O15020,P68366,0
O15020,Q3SYG4,0
O15020,Q3ZCM7,0
O15020,Q6PI48,0
O15020,Q6PJG6,0
O15020,Q7L5D6,0
O15020,Q86VP6,0
O15020,Q92538,0
O15020,Q92621,0
O15020,Q92782,0
O15020,Q96BY9,0
O15020,Q96QF0,0
O15020,Q96RK4,0
O15020,Q9BXW9,0
O15020,Q9NRG9,0
O15020,Q9UBV2,0
O15020,U3KQK0,0
O15260,P13804,0
O15260,P35568,0
O15260,P38606,0
O15260,P43686,0
O15260,P52429,0
O15260,P57740,0
O15260,P62258,0
O15260,P82912,0
O15260,Q14643,0
O15260,Q15392,0
O15260,Q7Z6Z7,0
O15260,Q8TEX9,0
O15260,Q92947,0
O15260,Q96L91,0
O15260,Q96QF0,0
O15260,Q96RK4,0
O15260,Q9UKV0,0
O15269,O75947,0
O15269,P06727,0
O15269,P37238,0
O15269,P40937,0
O15269,P52789,0
O15269,P53618,0
O15269,P78371,0
O15269,Q14203,0
O15269,Q68CQ7,0
O15269,Q8NDQ6,0
O15269,Q8TEQ8,0
O15269,Q923E4,0
O15269,Q92922,0
O15269,Q96QF0,0
O15269,Q96RK4,0
O15269,Q9BYJ9,0
O35567,O43524,0
O35567,P06493,0
O35567,P06730,0
O35567,P51570,0
O35567,Q07065,0
O35567,Q68CQ7,0
O35567,Q6IEG0,0
O35567,Q8NCK7,0
O35567,Q96CS3,0
O35567,Q96QF0,0
O35567,Q96RK4,0
O41515,P00367,0
O41515,P05026,0
O41515,P11881,0
O41515,P12004,0
O41515,P29401,0
O41515,P35998,0
O41515,P62195,0
O41515,Q13409,0
O41515,Q14203,0
O41515,Q53EU6,0
O41515,Q53GQ0,0
O41515,Q5HYI8,0
O41515,Q71RC2,0
O41515,Q8NCK7,0
O41515,Q8TAM1,0
O41515,Q96QF0,0
O41515,Q96RK4,0
O41515,Q9BRK5,0
O41515,Q9NP92,0
O41515,Q9UN81,0
O41515,Q9Y3Y2,0
O43164,P06493,0
O43164,P20340,0
O43164,P43686,0
O43164,Q08945,0
O43164,Q13509,0
O43164,Q96QF0,0
O43164,Q96RK4,0
O43164,Q99653,0
O43164,Q9H2F5,0
O43164,Q9NWB6,0
O43164,Q9UL15,0
O43164,Q9UL33,0
O43164,Q9Y5B9,0
O43175,O43251,0
O43175,P54652,0
O43175,Q14643,0
O43175,Q15154,0
O43175,Q811G0,0
O43175,Q8N3I7,0
O43175,Q8TEQ8,0
O43175,Q96QF0,0
O43175,Q96RK4,0
O43175,Q9D289,0
O43175,Q9HD20,0
O43175,Q9NP92,0
O43175,Q9NUP9,0
O43175,Q9UHI6,0
O43242,O75190,0
O43242,O75970,0
O43242,O96019,0
O43242,P02768,0
O43242,P38647,0
O43242,P42704,0
O43242,P55209,0
O43242,P62140,0
O43242,Q60700,0
O43242,Q96QF0,0
O43242,Q96RK4,0
O43242,Q9BRT8,0
O43242,Q9H583,0
O43242,Q9Y5A9,0
O43251,O43681,0
O43251,P13645,0
O43251,P33993,0
O43251,P34897,0
O43251,P49721,0
O43251,P60228,0
O43251,P61026,0
O43251,Q02248,0
O43251,Q15008,0
O43251,Q6IEG0,0
O43251,Q8NFJ9,0
O43251,Q92615,0
O43251,Q96BY9,0
O43251,Q96P70,0
O43251,Q96Q05,0
O43251,Q96QF0,0
O43251,Q96RK4,0
O43251,Q9BRT8,0
O43251,Q9H9E1,0
O43251,Q9Y4H2,0
O43524,O75953,0
O43524,P04843,0
O43524,P04908,0
O43524,P08238,0
O43524,P0DTC2,0
O43524,P15127,0
O43524,P27708,0
O43524,P37231,0
O43524,P61006,0
O43524,P61163,0
O43524,P63104,0
O43524,Q13200,0
O43524,Q14739,0
O43524,Q15154,0
O43524,Q6DN90,0
O43524,Q7L5D6,0
O43524,Q80U30,0
O43524,Q86VP6,0
O43524,Q8NCK7,0
O43524,Q96QF0,0
O43524,Q96RK4,0
O43524,Q99942,0
O43524,Q9NYU2,0
O43524,Q9UBS4,0
O43592,O43809,0
O43592,P26641,0
O43592,P45954,0
O43592,P46060,0
O43592,P49207,0
O43592,P55042,0
O43592,Q02248,0
O43592,Q04917,0
O43592,Q14669,0
O43592,Q15434,0
O43592,Q92922,0
O43592,Q96QF0,0
O43592,Q96RK4,0
O43592,Q9BRK5,0
O43592,Q9UBX3,0
O43592,Q9UNP9,0
O43592,Q9UPT5,0
O43617,O96019,0
O43617,P12236,0
O43617,P33981,0
O43617,P41223,0
O43617,P43686,0
O43617,Q15014,0
O43617,Q5LJA5,0
O43617,Q6DN90,0
O43617,Q71RC2,0
O43617,Q8N0V3,0
O43617,Q8NCK7,0
O43617,Q92804,0
O43617,Q96RK4,0
O43617,Q9H078,0
O43681,O75477,0
O43681,P02538,0
O43681,P02786,0
O43681,P37231,0
O43681,P53618,0
O43681,P56524,0
O43681,P70452,0
O43681,Q08209,0
O43681,Q15006,0
O43681,Q66H80,0
O43681,Q7Z3Y7,0
O43681,Q8N9M5,0
O43681,Q8TA86,0
O43681,Q92973,0
O43681,Q96QF0,0
O43681,Q96RK4,0
O43681,Q9BRT8,0
O43795,O95985,0
O43795,O96019,0
O43795,P56726,0
O43795,P60709,0
O43795,Q6NXE6,0
O43795,Q6P4A7,0
O43795,Q8N5F7,0
O43795,Q96P70,0
O43795,Q96QF0,0
O43795,Q96RK4,0
O43795,Q9HCU5,0
O43795,Q9UBF2,0
O43809,O95433,0
O43809,O95985,0
O43809,P02768,0
O43809,P11177,0
O43809,P40937,0
O43809,P60228,0
O43809,P62491,0
O43809,Q14739,0
O43809,Q5NCF2,0
O43809,Q96QF0,0
O43809,Q96RK4,0
O43809,Q9BXW9,0
O43809,Q9GZN1,0
O43809,Q9H936,0
O43809,Q9HDC9,0
O43809,Q9Y5R8,0
O43819,P06213,0
O43819,P08195,0
O43819,P0DI81,0
O43819,P28070,0
O43819,P28074,0
O43819,P35606,0
O43819,P37238,0
O43819,P45880,0
O43819,P47914,0
O43819,P61006,0
O43819,P63044,0
O43819,Q14257,0
O43819,Q53GQ0,0
O43819,Q8NF37,0
O43819,Q96BR5,0
O43819,Q96QF0,0
O43819,Q96RK4,0
O55013,O60237,0
O55013,P06213,0
O55013,P20700,0
O55013,P21796,0
O55013,P30405,0
O55013,P35568,0
O55013,P48382,0
O55013,P52789,0
O55013,P62333,0
O55013,Q13627,0
O55013,Q3UJU9,0
O55013,Q52LR7,0
O55013,Q6PCB8,0
O55013,Q86UL3,0
O55013,Q8NCK7,0
O55013,Q96RK4,0
O55013,Q9BYF1,0
O60237,P31939,0
O60237,P40939,0
O60237,P55258,0
O60237,P62136,0
O60237,P62873,0
O60237,P63173,0
O60237,P84090,0
O60237,Q04637,0
O60237,Q6P4A7,0
O60237,Q96QF0,0
O60237,Q96RK4,0
O60237,Q9NPF5,0
O60237,Q9UBS4,0
O60237,Q9Y5B9,0
O60884,O95817,0
O60884,P63167,0
O60884,P84090,0
O60884,Q04637,0
O60884,Q14204,0
O60884,Q52LR7,0
O60884,Q53GQ0,0
O60884,Q8N1F7,0
O60884,Q8TC07,0
O60884,Q8WUH6,0
O60884,Q96QF0,0
O60884,Q96RK4,0
O60884,Q99805,0
O60884,Q9BWJ5,0
O60884,Q9CQA1,0
O60884,Q9ULD9,0
O60884,Q9Y5V3,0
O75190,O76024,0
O75190,O95831,0
O75190,P06213,0
O75190,P10316,0
O75190,P12236,0
O75190,P15127,0
O75190,P49454,0
O75190,P61981,0
O75190,P63098,0
O75190,Q13123,0
O75190,Q13283,0
O75190,Q14444,0
O75190,Q3ZCQ8,0
O75190,Q6YHU6,0
O75190,Q96P70,0
O75190,Q96QF0,0
O75190,Q96RK4,0
O75190,Q99942,0
O75190,Q9NSG2,0
O75190,Q9NTJ3,0
O75190,Q9UKV0,0
O75376,P28066,0
O75376,P41223,0
O75376,Q04637,0
O75376,Q6PCB8,0
O75376,Q6YHU6,0
O75376,Q8NCK7,0
O75376,Q96QF0,0
O75376,Q96RK4,0
O75376,Q99942,0
O75376,Q9H2F5,0
O75376,Q9UL33,0
O75376,Q9Y3C7,0
O75376,Q9Y5R8,0
O75396,P04843,0
O75396,P25786,0
O75396,P26196,0
O75396,P33778,0
O75396,P37231,0
O75396,P62987,0
O75396,P78318,0
O75396,Q15392,0
O75396,Q15773,0
O75396,Q8TAM2,0
O75396,Q96QF0,0
O75396,Q96RK4,0
O75396,Q9BTY2,0
O75396,Q9NRG9,0
O75396,Q9UBS4,0
O75477,P04844,0
O75477,P15127,0
O75477,P26641,0
O75477,P37231,0
O75477,P53618,0
O75477,P63045,0
O75477,Q14204,0
O75477,Q57UH8,0
O75477,Q7Z6Z7,0
O75477,Q811G0,0
O75477,Q96QF0,0
O75477,Q96RK4,0
O75477,Q9GZN1,0
O75477,Q9HAF1,0
O75477,Q9UBU8,0
O75477,Q9UKV0,0
O75600,P08243,0
O75600,P15127,0
O75600,P27824,0
O75600,P31946,0
O75600,P56589,0
O75600,Q04637,0
O75600,Q4GYY5,0
O75600,Q60932,0
O75600,Q8TA86,0
O75600,Q92615,0
O75600,Q92643,0
O75600,Q92665,0
O75600,Q96QF0,0
O75600,Q96RK4,0
O75600,Q9NPJ1,0
O75600,Q9UBB4,0
O75600,Q9UBS4,0
O75600,Q9UNP9,0
O75607,P05023,0
O75607,P05026,0
O75607,P16615,0
O75607,P31939,0
O75607,P38646,0
O75607,P49720,0
O75607,P61026,0
O75607,P61163,0
O75607,P62987,0
O75607,Q14568,0
O75607,Q14694,0
O75607,Q8TCJ2,0
O75607,Q8WUM0,0
O75607,Q92973,0
O75607,Q96QF0,0
O75607,Q96RK4,0
O75607,Q99805,0
O75607,Q9UDY4,0
O75607,Q9Y4R8,0
O75683,P05026,0
O75683,P07197,0
O75683,P31946,0
O75683,P62805,0
O75683,Q13409,0
O75683,Q14568,0
O75683,Q52LR7,0
O75683,Q53G59,0
O75683,Q8NBJ5,0
O75683,Q96CK0,0
O75683,Q96QF0,0
O75683,Q96RK4,0
O75683,Q9BTY2,0
O75683,Q9HAV4,0
O75683,Q9NZ01,0
O75683,Q9Y296,0
O75746,P05023,0
O75746,P14625,0
O75746,P16615,0
O75746,P28074,0
O75746,P46379,0
O75746,P62805,0
O75746,P70452,0
O75746,Q07065,0
O75746,Q38DU9,0
O75746,Q71DI3,0
O75746,Q96QF0,0
O75746,Q96RK4,0
O75746,Q9H583,0
O75746,Q9NUP9,0
O75746,Q9UN37,0
O75787,O88848,0
O75787,P11172,0
O75787,P49841,0
O75787,P68366,0
O75787,Q5TEC6,0
O75787,Q5VWC4,0
O75787,Q5XKP0,0
O75787,Q86VP6,0
O75787,Q96QF0,0
O75787,Q96RK4,0
O75787,Q9BYF1,0
O75787,Q9D289,0
O75787,Q9UET6,0
O75865,P62820,0
O75865,Q13283,0
O75865,Q14694,0
O75865,Q16637,0
O75865,Q6IEG0,0
O75865,Q811G0,0
O75865,Q8N3I7,0
O75865,Q8NCK7,0
O75865,Q92900,0
O75865,Q96RK4,0
O75865,Q9UBV2,0
O75865,Q9UH99,0
O75865,Q9Y5A9,0
O75915,O95816,0
O75915,P08243,0
O75915,P38606,0
O75915,P39656,0
O75915,P54646,0
O75915,P57088,0
O75915,Q08850,0
O75915,Q09472,0
O75915,Q13123,0
O75915,Q92947,0
O75915,Q96GD4,0
O75915,Q96QF0,0
O75915,Q96RK4,0
O75915,Q9NSG2,0
O75915,Q9Y3C7,0
O75947,P05067,0
O75947,P14625,0
O75947,P21796,0
O75947,P22695,0
O75947,P25786,0
O75947,P49454,0
O75947,P50454,0
O75947,P57088,0
O75947,Q58EX7,0
O75947,Q6P4A7,0
O75947,Q6ZNB6,0
O75947,Q86Y56,0
O75947,Q8WUH6,0
O75947,Q92947,0
O75947,Q969V3,0
O75947,Q96BR5,0
O75947,Q96QF0,0
O75947,Q96RK4,0
O75947,Q9C005,0
O75947,Q9CQA1,0
O75947,Q9NTJ3,0
O75953,P45954,0
O75953,Q5HYI8,0
O75953,Q7Z3U7,0
O75953,Q96QF0,0
O75953,Q96RK4,0
O75953,Q99653,0
O75953,Q9H0E9,0
O75964,P49721,0
O75964,P63098,0
O75964,Q02978,0
O75964,Q53GQ0,0
O75964,Q60770,0
O75964,Q8TC07,0
O75964,Q96QF0,0
O75964,Q96RK4,0
O75964,Q9GZN1,0
O75964,Q9H078,0
O75964,Q9R1E0,0
O75970,P04843,0
O75970,P08195,0
O75970,P55060,0
O75970,Q5TEC6,0
O75970,Q7RTV0,0
O75970,Q8TCJ2,0
O75970,Q96QF0,0
O75970,Q96RK4,0
O75970,Q9H583,0
O75970,Q9NWB6,0
O75970,Q9UNF1,0
O75970,Q9Y285,0
O75970,Q9Y4Y9,0
O76024,O88848,0
O76024,P06727,0
O76024,P11021,0
O76024,P11881,0
O76024,P17987,0
O76024,P27986,0
O76024,P35232,0
O76024,P38646,0
O76024,P55072,0
O76024,P56726,0
O76024,P61026,0
O76024,Q02248,0
O76024,Q04917,0
O76024,Q13123,0
O76024,Q15154,0
O76024,Q3V3N7,0
O76024,Q58EX7,0
O76024,Q6DN90,0
O76024,Q6ZW61,0
O76024,Q8IWZ6,0
O76024,Q8NBM4,0
O76024,Q8NCK7,0
O76024,Q92616,0
O76024,Q96BY9,0
O76024,Q96QF0,0
O76024,Q96RK4,0
O76024,Q9BRT8,0
O76024,Q9BW92,0
O76024,Q9BXC9,0
O76024,Q9BYF1,0
O76024,Q9H0F7,0
O76024,Q9R1E0,0
O76024,Q9UDW3,0
O88848,O94905,0
O88848,O95817,0
O88848,P06213,0
O88848,P0DJI6,0
O88848,P15208,0
O88848,P16615,0
O88848,P21796,0
O88848,P42677,0
O88848,P55072,0
O88848,P56726,0
O88848,P61006,0
O88848,P63044,0
O88848,P63045,0
O88848,P68371,0
O88848,P68400,0
O88848,P70452,0
O88848,Q08850,0
O88848,Q14643,0
O88848,Q15008,0
O88848,Q15907,0
O88848,Q3SYG4,0
O88848,Q57UH8,0
O88848,Q5W0B1,0
O88848,Q60700,0
O88848,Q60770,0
O88848,Q6PCB8,0
O88848,Q8IWZ6,0
O88848,Q8N3I7,0
O88848,Q8NCK7,0
O88848,Q8NFJ9,0
O88848,Q8TAM2,0
O88848,Q96EB6,0
O88848,Q96QF0,0
O88848,Q96RK4,0
O88848,Q9BXC9,0
O88848,Q9JHQ5,0
O88848,Q9NPJ1,0
O88848,Q9NQ48,0
O88848,Q9UBM7,0
O88848,Q9Y4H2,0
O88900,O94905,0
O88900,P28288,0
O88900,P33981,0
O88900,P62492,0
O88900,P70452,0
O88900,Q53GQ0,0
O88900,Q7Z6Z7,0
O88900,Q86SZ2,0
O88900,Q8NCK7,0
O88900,Q92782,0
O88900,Q96QF0,0
O88900,Q96RK4,0
O88900,Q99707,0
O88900,Q9CQA1,0
O88900,Q9HCU5,0
O88900,Q9NSG2,0
O88900,Q9R1E0,0
O94761,O95817,0
O94761,P55072,0
O94761,Q02978,0
O94761,Q14449,0
O94761,Q14669,0
O94761,Q5TEC6,0
O94761,Q60700,0
O94761,Q6PCB8,0
O94761,Q8NFJ9,0
O94761,Q92782,0
O94761,Q96QF0,0
O94761,Q96RK4,0
O94761,Q9UN37,0
O94888,P02538,0
O94888,P04259,0
O94888,P52756,0
O94888,P55258,0
O94888,Q00577,0
O94888,Q13283,0
O94888,Q3SYG4,0
O94888,Q5BKY9,0
O94888,Q60700,0
O94888,Q8WVX9,0
O94888,Q92922,0
O94888,Q96HA1,0
O94888,Q96QF0,0
O94888,Q96RK4,0
O94888,Q9BUJ2,0
O94888,Q9BVA1,0
O94888,Q9NV56,0
O94888,Q9Y277,0
O94905,P06213,0
O94905,P08238,0
O94905,P35637,0
O94905,P37238,0
O94905,P46977,0
O94905,P52756,0
O94905,Q02978,0
O94905,Q04917,0
O94905,Q14694,0
O94905,Q15907,0
O94905,Q4GYY5,0
O94905,Q69YQ0,0
O94905,Q96HA1,0
O94905,Q96QF0,0
O94905,Q96RK4,0
O94905,Q99733,0
O94905,Q9BWJ5,0
O94905,Q9BYF1,0
O94905,Q9CQA1,0
O94905,Q9CQP2,0
O94905,Q9H307,0
O94905,Q9H9S3,0
O94905,Q9ULX6,0
O95273,P06213,0
O95273,P35637,0
O95273,P38647,0
O95273,P63104,0
O95273,P84090,0
O95273,Q00325,0
O95273,Q13885,0
O95273,Q5JPE7,0
O95273,Q6YHU6,0
O95273,Q8NCK7,0
O95273,Q8TEQ8,0
O95273,Q92947,0
O95273,Q96QF0,0
O95273,Q96RK4,0
O95273,Q99653,0
O95273,Q9BSD7,0
O95273,Q9HD20,0
O95273,Q9NY65,0
O95347,P08195,0
O95347,P55209,0
O95347,P61981,0
O95347,Q71RC2,0
O95347,Q7Z6Z7,0
O95347,Q86SZ2,0
O95347,Q8IWZ6,0
O95347,Q8TC07,0
O95347,Q92615,0
O95347,Q96QF0,0
O95347,Q96RK4,0
O95433,P27348,0
O95433,P31939,0
O95433,P47914,0
O95433,P48356,0
O95433,P53007,0
O95433,P53396,0
O95433,Q07065,0
O95433,Q6NXE6,0
O95433,Q6PCB8,0
O95433,Q96QF0,0
O95433,Q96RK4,0
O95433,Q9CQP2,0
O95816,P18859,0
O95816,P20020,0
O95816,Q00325,0
O95816,Q08945,0
O95816,Q09161,0
O95816,Q13409,0
O95816,Q15907,0
O95816,Q7L5D6,0
O95816,Q96QF0,0
O95816,Q96RK4,0
O95816,Q9BW92,0
O95816,Q9NS69,0
O95816,Q9Y2J4,0
O95817,O95831,0
O95817,P08238,0
O95817,P35232,0
O95817,P49841,0
O95817,P68363,0
O95817,Q13217,0
O95817,Q52LR7,0
O95817,Q58EX7,0
O95817,Q96QF0,0
O95817,Q96RK4,0
O95817,Q9H5V9,0
O95817,Q9NP92,0
O95817,Q9NTJ5,0
O95817,Q9UN86,0
O95831,P04259,0
O95831,P04350,0
O95831,P55209,0
O95831,P62873,0
O95831,Q3V3N7,0
O95831,Q52LR7,0
O95831,Q5SRD1,0
O95831,Q8N1N4,0
O95831,Q8NBJ5,0
O95831,Q96QF0,0
O95831,Q96RK4,0
O95831,Q9H773,0
O95831,Q9Y4W6,0
O95985,P04908,0
O95985,P07900,0
O95985,P52756,0
O95985,P63045,0
O95985,Q00325,0
O95985,Q09137,0
O95985,Q13283,0
O95985,Q14739,0
O95985,Q96QF0,0
O95985,Q96RK4,0
O95985,Q9H9S3,0
O95985,Q9UBU8,0
O95985,Q9UDW3,0
O95985,Q9Y3C1,0
O96019,P07197,0
O96019,P27708,0
O96019,P35232,0
O96019,P63167,0
O96019,Q08209,0
O96019,Q5HYI8,0
O96019,Q5QPK2,0
O96019,Q6PCB8,0
O96019,Q8C1Z7,0
O96019,Q8NBM4,0
O96019,Q96FV9,0
O96019,Q96QF0,0
O96019,Q96RK4,0
O96019,Q9D289,0
O96019,Q9NWB6,0
O96019,Q9P2R6,0
P00367,P06737,0
P00367,P41223,0
P00367,Q15392,0
P00367,Q5T160,0
P00367,Q96QF0,0
P00367,Q96RK4,0
P00367,Q9UNM6,0
P00403,P42677,0
P00403,P45880,0
P00403,P52429,0
P00403,Q07065,0
P00403,Q3SYG4,0
P00403,Q5H9R7,0
P00403,Q8K2G4,0
P00403,Q96QF0,0
P00403,Q96RK4,0
P00403,Q9GZN1,0
P00403,Q9NYU2,0
P00403,Q9Y3C7,0
P01024,P02533,0
P01024,P0DI81,0
P01024,P26196,0
P01024,P61981,0
P01024,Q5LJA5,0
P01024,Q8NFJ9,0
P01024,Q96D53,0
P01024,Q96QF0,0
P01024,Q96RK4,0
P01024,Q9H0E9,0
P01024,Q9HD45,0
P01889,P17980,0
P01889,P48553,0
P01889,P48651,0
P01889,P62492,0
P01889,P68363,0
P01889,Q15434,0
P01889,Q80U30,0
P01889,Q923E4,0
P01889,Q96BY9,0
P01889,Q96GD4,0
P01889,Q96QF0,0
P01889,Q96RK4,0
P01889,Q9BPW8,0
P01889,Q9NRR5,0
P01889,Q9NTG7,0
P01889,Q9UBU8,0
P01889,Q9UN86,0
P02533,P11177,0
P02533,P20700,0
P02533,P23258,0
P02533,P61981,0
P02533,Q13123,0
P02533,Q6IEG0,0
P02533,Q7Z6Z7,0
P02533,Q96BR5,0
P02533,Q96JJ7,0
P02533,Q96QF0,0
P02533,Q96RK4,0
P02533,Q9BYW2,0
P02533,Q9H5V9,0
P02533,Q9UNF1,0
P02533,Q9Y3Y2,0
P02538,P02651,0
P02538,P04259,0
P02538,P07437,0
P02538,P12004,0
P02538,P12235,0
P02538,P24539,0
P02538,P25786,0
P02538,P33981,0
P02538,Q96QF0,0
P02538,Q96RK4,0
P02538,Q9HD45,0
P02538,Q9NYA4,0
P02538,Q9P035,0
P02538,Q9UH99,0
P02538,Q9UN37,0
P02545,P04259,0
P02545,P07437,0
P02545,P12268,0
P02545,P28074,0
P02545,P42704,0
P02545,P43686,0
P02545,P49454,0
P02545,Q3UPR7,0
P02545,Q5VWC4,0
P02545,Q66K89,0
P02545,Q6UW78,0
P02545,Q86SZ2,0
P02545,Q8N9E0,0
P02545,Q93084,0
P02545,Q96CS3,0
P02545,Q96QF0,0
P02545,Q96RK4,0
P02651,P0DTC2,0
P02651,P10316,0
P02651,P12004,0
P02651,P20700,0
P02651,P48047,0
P02651,P51665,0
P02651,P55084,0
P02651,Q13418,0
P02651,Q14203,0
P02651,Q5NCF2,0
P02651,Q6PJG2,0
P02651,Q86X95,0
P02651,Q8N9M5,0
P02651,Q8NCK7,0
P02651,Q8NFJ9,0
P02651,Q8WVX9,0
P02651,Q96GD4,0
P02651,Q96QF0,0
P02651,Q96RK4,0
P02651,Q96T76,0
P02651,Q9NP92,0
P02651,Q9NTJ3,0
P02651,Q9NUD5,0
P02768,P0DI81,0
P02768,P48047,0
P02768,P48356,0
P02768,P48651,0
P02768,P55258,0
P02768,Q14527,0
P02768,Q7Z3U7,0
P02768,Q8IYB5,0
P02768,Q96QF0,0
P02768,Q96RK4,0
P02768,Q9H307,0
P02768,Q9NPJ1,0
P02768,Q9UBB4,0
P02768,Q9UQL6,0
P02786,P07195,0
P02786,P11881,0
P02786,P25787,0
P02786,P61006,0
P02786,P61163,0
P02786,P84090,0
P02786,Q12797,0
P02786,Q6DN90,0
P02786,Q96EB6,0
P02786,Q96QF0,0
P02786,Q96RK4,0
P02786,Q9BTY2,0
P02786,Q9NUD5,0
P02786,Q9UBF2,0
P02786,Q9UBV2,0
P02786,Q9UDY4,0
P02786,Q9Y679,0
P04259,P06730,0
P04259,P47914,0
P04259,P55084,0
P04259,P62140,0
P04259,P78371,0
P04259,Q3UJU9,0
P04259,Q96QF0,0
P04259,Q96RK4,0
P04259,Q9BPW8,0
P04259,Q9NY65,0
P04259,Q9Y4L1,0
P04350,P13645,0
P04350,P17066,0
P04350,P17987,0
P04350,P20340,0
P04350,P49720,0
P04350,P62987,0
P04350,Q00577,0
P04350,Q12840,0
P04350,Q14643,0
P04350,Q8ND56,0
P04350,Q92804,0
P04350,Q96QF0,0
P04350,Q96RK4,0
P04350,Q99942,0
P04350,Q9Y4H2,0
P04843,P06727,0
P04843,P23258,0
P04843,P33981,0
P04843,P41223,0
P04843,P62136,0
P04843,P78318,0
P04843,Q02248,0
P04843,Q14669,0
P04843,Q15907,0
P04843,Q8N3I7,0
P04843,Q8NFD5,0
P04843,Q96QF0,0
P04843,Q96RK4,0
P04843,Q9CZQ9,0
P04843,Q9NS69,0
P04843,Q9WV78,0
P04844,P05026,0
P04844,P06727,0
P04844,P10316,0
P04844,P20020,0
P04844,P26641,0
P04844,P54652,0
P04844,Q13200,0
P04844,Q14746,0
P04844,Q66H80,0
P04844,Q86Y56,0
P04844,Q96Q05,0
P04844,Q96QF0,0
P04844,Q96RK4,0
P04844,Q9BUJ2,0
P04844,Q9BXC9,0
P04908,P50454,0
P04908,P50993,0
P04908,Q2TAC2,0
P04908,Q86UL3,0
P04908,Q96BY9,0
P04908,Q96CS3,0
P04908,Q96QF0,0
P04908,Q96RK4,0
P04908,Q9BXW9,0
P04908,Q9UBV2,0
P04908,U3KQK0,0
P05023,P11177,0
P05023,P49721,0
P05023,P55084,0
P05023,P63244,0
P05023,Q15293,0
P05023,Q66H80,0
P05023,Q6PCB8,0
P05023,Q96GD4,0
P05023,Q96QF0,0
P05023,Q96RK4,0
P05023,Q9BUF5,0
P05023,Q9BVA1,0
P05023,Q9HD45,0
P05026,P33993,0
P05026,P51970,0
P05026,Q02978,0
P05026,Q69YQ0,0
P05026,Q7Z3U7,0
P05026,Q80U30,0
P05026,Q86X55,0
P05026,Q8NCK7,0
P05026,Q8TAM1,0
P05026,Q8TAM2,0
P05026,Q96QF0,0
P05026,Q96RK4,0
P05026,Q9CWF6,0
P05026,Q9GZN1,0
P05026,Q9H078,0
P05026,Q9ULX6,0
P05026,Q9Y4Y9,0
P05067,P14625,0
P05067,P38435,0
P05067,P42677,0
P05067,P48382,0
P05067,P56524,0
P05067,Q14568,0
P05067,Q66K89,0
P05067,Q8N0V3,0
P05067,Q8NDQ6,0
P05067,Q96QF0,0
P05067,Q96RK4,0
P05067,Q9BSJ2,0
P05067,Q9P035,0
P05067,Q9Y285,0
P05067,Q9Y4Y9,0
P05067,Q9Y5V3,0
P05141,P06727,0
P05141,P24539,0
P05141,P48553,0
P05141,P62191,0
P05141,Q09137,0
P05141,Q2KHR2,0
P05141,Q53R41,0
P05141,Q96QF0,0
P05141,Q96RK4,0
P05141,Q9H0U4,0
P05141,Q9H773,0
P05141,Q9UET6,0
P05141,Q9UI12,0
P05141,Q9UJV9,0
P05141,Q9Y4R8,0
P06213,P11021,0
P06213,P15127,0
P06213,P27348,0
P06213,P27824,0
P06213,P31749,0
P06213,P35998,0
P06213,P37238,0
P06213,P49454,0
P06213,P61962,0
P06213,P68104,0
P06213,P68371,0
P06213,P78371,0
P06213,Q09472,0
P06213,Q13724,0
P06213,Q14643,0
P06213,Q15008,0
P06213,Q3SYG4,0
P06213,Q5BKZ1,0
P06213,Q60700,0
P06213,Q6PJG2,0
P06213,Q8IWZ6,0
P06213,Q8N3I7,0
P06213,Q8N9M5,0
P06213,Q8NCK7,0
P06213,Q8ND56,0
P06213,Q8NF37,0
P06213,Q8NFJ9,0
P06213,Q8VD72,0
P06213,Q92973,0
P06213,Q96BY9,0
P06213,Q96EB6,0
P06213,Q96GM8,0
P06213,Q96QF0,0
P06213,Q96RK4,0
P06213,Q99942,0
P06213,Q9BXC9,0
P06213,Q9CWF6,0
P06213,Q9CZQ9,0
P06213,Q9H0F7,0
P06213,Q9H0U4,0
P06213,Q9H5V9,0
P06213,Q9NQ48,0
P06213,Q9UBK2,0
P06213,Q9UBU8,0
P06213,Q9UJS0,0
P06213,Q9Y5B9,0
P06493,P46379,0
P06493,P50502,0
P06493,P61981,0
P06493,Q13627,0
P06493,Q14444,0
P06493,Q15008,0
P06493,Q2KHR2,0
P06493,Q5QPK2,0
P06493,Q66H80,0
P06493,Q6PJG6,0
P06493,Q811G0,0
P06493,Q8N3I7,0
P06493,Q8WUM0,0
P06493,Q92538,0
P06493,Q96L91,0
P06493,Q96QF0,0
P06493,Q96RK4,0
P06493,Q9BYF1,0
P06576,P62258,0
P06576,Q14683,0
P06576,Q15293,0
P06576,Q6PI48,0
P06576,Q811G0,0
P06576,Q8N5P1,0
P06576,Q8NFJ9,0
P06576,Q8TAM2,0
P06576,Q92804,0
P06576,Q96QF0,0
P06576,Q96RK4,0
P06576,Q9H0E9,0
P06576,Q9NRR5,0
P06727,P07195,0
P06727,P11940,0
P06727,P12235,0
P06727,P17987,0
P06727,P62258,0
P06727,P62333,0
P06727,Q02248,0
P06727,Q15014,0
P06727,Q15392,0
P06727,Q53GQ0,0
P06727,Q69YQ0,0
P06727,Q8NCK7,0
P06727,Q8NF37,0
P06727,Q8NI60,0
P06727,Q8TAM1,0
P06727,Q8WUH6,0
P06727,Q96QF0,0
P06727,Q96RK4,0
P06727,Q9BSD7,0
P06727,Q9BUJ2,0
P06730,P14625,0
P06730,P63098,0
P06730,Q00577,0
P06730,Q3V3N7,0
P06730,Q5SRD1,0
P06730,Q5SRE5,0
P06730,Q6IEG0,0
P06730,Q6PJG2,0
P06730,Q969V3,0
P06730,Q96F45,0
P06730,Q96QF0,0
P06730,Q96RK4,0
P06730,Q9NPF5,0
P06730,Q9UN81,0
P06737,P25786,0
P06737,P38606,0
P06737,P40939,0
P06737,P78318,0
P06737,Q14527,0
P06737,Q4GYY5,0
P06737,Q6PI48,0
P06737,Q71DI3,0
P06737,Q86SZ2,0
P06737,Q8NI60,0
P06737,Q8TAM2,0
P06737,Q96QF0,0
P06737,Q96RK4,0
P06737,Q9HAU5,0
P07195,P25788,0
P07195,P38606,0
P07195,P50502,0
P07195,P55786,0
P07195,P60228,0
P07195,P62491,0
P07195,Q08945,0
P07195,Q12797,0
P07195,Q14683,0
P07195,Q5BKZ1,0
P07195,Q60700,0
P07195,Q63503,0
P07195,Q96QF0,0
P07195,Q96RK4,0
P07195,Q9H2F5,0
P07195,Q9WV78,0
P07197,P25787,0
P07197,P33778,0
P07197,P35613,0
P07197,P35908,0
P07197,P35998,0
P07197,Q13418,0
P07197,Q53G59,0
P07197,Q8WUM0,0
P07197,Q96QF0,0
P07197,Q96RK4,0
P07197,Q9H7B2,0
P07437,P29401,0
P07437,P31749,0
P07437,P33981,0
P07437,P35998,0
P07437,P68366,0
P07437,Q00325,0
P07437,Q60700,0
P07437,Q8VD72,0
P07437,Q96QF0,0
P07437,Q96RK4,0
P07437,Q9H0F7,0
P07437,Q9P035,0
P07900,P31939,0
P07900,Q3V3N7,0
P07900,Q5TEC6,0
P07900,Q7Z3C6,0
P07900,Q96QF0,0
P07900,Q96RK4,0
P07900,Q9BPW8,0
P07900,Q9UH99,0
P07900,Q9UL33,0
P08195,P27708,0
P08195,P37238,0
P08195,P52756,0
P08195,P54646,0
P08195,P68400,0
P08195,Q00325,0
P08195,Q5NCF2,0
P08195,Q8TAT6,0
P08195,Q92643,0
P08195,Q96QF0,0
P08195,Q96RK4,0
P08195,Q9H936,0
P08195,Q9HAF1,0
P08195,Q9Y448,0
P08238,P11881,0
P08238,P13995,0
P08238,P14625,0
P08238,P62820,0
P08238,Q14694,0
P08238,Q69YQ0,0
P08238,Q7Z3Y7,0
P08238,Q8TAM1,0
P08238,Q96BY9,0
P08238,Q96QF0,0
P08238,Q96RK4,0
P08238,Q9BRT8,0
P08238,Q9H1K4,0
P08238,Q9UDY4,0
P08243,P13645,0
P08243,P25705,0
P08243,P39656,0
P08243,P48553,0
P08243,P52429,0
P08243,Q13217,0
P08243,Q13885,0
P08243,Q5BKZ1,0
P08243,Q60700,0
P08243,Q69YQ0,0
P08243,Q6P4A7,0
P08243,Q8NBM4,0
P08243,Q96QF0,0
P08243,Q96RK4,0
P08243,Q9BSJ2,0
P08243,Q9HCJ0,0
P08243,Q9Y448,0
P08243,Q9Y5B9,0
P08670,P15208,0
P08670,P25786,0
P08670,P31939,0
P08670,P51571,0
P08670,P52789,0
P08670,P55060,0
P08670,P62492,0
P08670,P78371,0
P08670,Q6PCB8,0
P08670,Q6ZW61,0
P08670,Q7L5D6,0
P08670,Q7Z6Z7,0
P08670,Q8IXI1,0
P08670,Q8N1F7,0
P08670,Q8NBM4,0
P08670,Q8TA86,0
P08670,Q8TEQ8,0
P08670,Q96QF0,0
P08670,Q96RK4,0
P08670,Q96S52,0
P08670,Q9UET6,0
P08670,Q9UKV0,0
P08670,Q9Y5V3,0
P0C0S5,Q15293,0
P0C0S5,Q7Z3C6,0
P0C0S5,Q7Z6Z7,0
P0C0S5,Q96QF0,0
P0C0S5,Q96RK4,0
P0C0S5,Q9CQP2,0
P0C0S5,Q9CZQ9,0
P0C0S5,Q9HD45,0
P0C0S5,Q9JHQ5,0
P0C0S5,Q9NQH7,0
P0C0S5,Q9NV56,0
P0C0S5,Q9NZ01,0
P0C0S5,Q9ULX6,0
P0C0S5,Q9UQL6,0
P0C0S5,Q9Y285,0
P0DI81,P30405,0
P0DI81,P41223,0
P0DI81,P42677,0
P0DI81,P48651,0
P0DI81,P55060,0
P0DI81,Q14257,0
P0DI81,Q14449,0
P0DI81,Q6PI48,0
P0DI81,Q8IXI1,0
P0DI81,Q8NCK7,0
P0DI81,Q96EB6,0
P0DI81,Q96RK4,0
P0DI81,Q96T76,0
P0DI81,Q99707,0
P0DI81,Q9BUJ2,0
P0DI81,Q9HAV4,0
P0DJI6,P21796,0
P0DJI6,P27986,0
P0DJI6,P28288,0
P0DJI6,P46977,0
P0DJI6,P56726,0
P0DJI6,P57088,0
P0DJI6,Q08850,0
P0DJI6,Q13418,0
P0DJI6,Q5C9Z4,0
P0DJI6,Q60770,0
P0DJI6,Q8K2G4,0
P0DJI6,Q8NCK7,0
P0DJI6,Q8NFQ8,0
P0DJI6,Q8NI60,0
P0DJI6,Q92973,0
P0DJI6,Q96EB6,0
P0DJI6,Q96QF0,0
P0DJI6,Q96RK4,0
P0DJI6,Q9BXC9,0
P0DJI6,Q9BYF1,0
P0DJI6,Q9CWF6,0
P0DJI6,Q9H0F7,0
P0DJI6,Q9UH99,0
P0DJI6,Q9UHI6,0
P0DJI6,Q9Y4W6,0
P0DTC2,P11881,0
P0DTC2,P15127,0
P0DTC2,P16615,0
P0DTC2,P27986,0
P0DTC2,P30837,0
P0DTC2,P38646,0
P0DTC2,P51617,0
P0DTC2,P56726,0
P0DTC2,P57088,0
P0DTC2,P63173,0
P0DTC2,Q04917,0
P0DTC2,Q14203,0
P0DTC2,Q15942,0
P0DTC2,Q3ZCQ8,0
P0DTC2,Q5VWC4,0
P0DTC2,Q66K89,0
P0DTC2,Q6IEG0,0
P0DTC2,Q6ZW61,0
P0DTC2,Q8NCK7,0
P0DTC2,Q8NF37,0
P0DTC2,Q8VD72,0
P0DTC2,Q92665,0
P0DTC2,Q92782,0
P0DTC2,Q96QF0,0
P0DTC2,Q96RK4,0
P0DTC2,Q9BXC9,0
P0DTC2,Q9NPJ1,0
P0DTC2,Q9NRG9,0
P0DTC2,Q9R1E0,0
P0DTC2,Q9Y4H2,0
P0DTC2,Q9Y5R8,0
P10316,P24539,0
P10316,P36542,0
P10316,P48047,0
P10316,P62820,0
P10316,P68366,0
P10316,Q12840,0
P10316,Q5VWC4,0
P10316,Q60932,0
P10316,Q8N1N4,0
P10316,Q8ND56,0
P10316,Q96FV9,0
P10316,Q96GF1,0
P10316,Q96QF0,0
P10316,Q96RK4,0
P10316,Q9H773,0
P10316,Q9NYA4,0
P10316,Q9UBU8,0
P10316,Q9Y4R8,0
P11021,P11881,0
P11021,P21796,0
P11021,P27986,0
P11021,P46060,0
P11021,P49720,0
P11021,P49721,0
P11021,P50502,0
P11021,P55258,0
P11021,P62820,0
P11021,P63045,0
P11021,Q08850,0
P11021,Q14746,0
P11021,Q15154,0
P11021,Q3U0M1,0
P11021,Q3V3N7,0
P11021,Q57UH8,0
P11021,Q60700,0
P11021,Q60770,0
P11021,Q6ZW61,0
P11021,Q96EB6,0
P11021,Q96JJ7,0
P11021,Q96P70,0
P11021,Q96PM9,0
P11021,Q9ES56,0
P11021,Q9NPJ1,0
P11021,Q9R1E0,0
P11142,P13995,0
P11142,P35908,0
P11142,P41223,0
P11142,P48651,0
P11142,P63045,0
P11142,Q14669,0
P11142,Q14683,0
P11142,Q15293,0
P11142,Q15392,0
P11142,Q3UPR7,0
P11142,Q92616,0
P11142,Q96D53,0
P11142,Q96QF0,0
P11142,Q96RK4,0
P11142,Q9UL15,0
P11172,P25788,0
P11172,P37231,0
P11172,P41223,0
P11172,P62191,0
P11172,P68371,0
P11172,Q57UH8,0
P11172,Q6DN90,0
P11172,Q8NBM4,0
P11172,Q8TEX9,0
P11172,Q96QF0,0
P11172,Q96RK4,0
P11172,Q9CQA1,0
P11172,Q9H5Q4,0
P11172,Q9NPF5,0
P11172,Q9UNP9,0
P11177,P12236,0
P11177,P28066,0
P11177,P33778,0
P11177,P35908,0
P11177,P49841,0
P11177,P55042,0
P11177,Q13509,0
P11177,Q14746,0
P11177,Q15008,0
P11177,Q5HYI8,0
P11177,Q92973,0
P11177,Q96QF0,0
P11177,Q96RK4,0
P11177,Q99805,0
P11177,Q9UBU8,0
P11881,P16615,0
P11881,P22102,0
P11881,P27986,0
P11881,P31946,0
P11881,P38646,0
P11881,P62873,0
P11881,P68104,0
P11881,Q00325,0
P11881,Q00535,0
P11881,Q14739,0
P11881,Q15154,0
P11881,Q5VWC4,0
P11881,Q68CQ7,0
P11881,Q6DN90,0
P11881,Q6ZW61,0
P11881,Q71RC2,0
P11881,Q8N3I7,0
P11881,Q8NCK7,0
P11881,Q8TEM1,0
P11881,Q96Q05,0
P11881,Q96QF0,0
P11881,Q96RK4,0
P11881,Q99707,0
P11881,Q9BYF1,0
P11881,Q9CWF6,0
P11881,Q9HAV4,0
P11881,Q9NV56,0
P11881,Q9R1E0,0
P11881,Q9UJS0,0
P11881,Q9UJV9,0
P11881,Q9Y4H2,0
P11940,P15127,0
P11940,P28288,0
P11940,P55209,0
P11940,P56589,0
P11940,Q6P4A7,0
P11940,Q7Z3Y7,0
P11940,Q8N0V3,0
P11940,Q96PK6,0
P11940,Q96QF0,0
P11940,Q96RK4,0
P11940,Q99805,0
P11940,Q9NUD5,0
P11940,Q9UNP9,0
P12004,P23258,0
P12004,P48643,0
P12004,P62987,0
P12004,Q02978,0
P12004,Q13823,0
P12004,Q8WTW3,0
P12004,Q96A33,0
P12004,Q96CK0,0
P12004,Q96QF0,0
P12004,Q96RK4,0
P12004,Q9BSR8,0
P12004,Q9H147,0
P12004,Q9HD20,0
P12004,Q9UH99,0
P12235,P14625,0
P12235,P33981,0
P12235,P82912,0
P12235,Q14694,0
P12235,Q16531,0
P12235,Q3ZCQ8,0
P12235,Q5LJA5,0
P12235,Q60932,0
P12235,Q96QF0,0
P12235,Q96RK4,0
P12235,Q9Y3C7,0
P12235,R4GMR5,0
P12236,P38435,0
P12236,P40937,0
P12236,P43686,0
P12236,P49454,0
P12236,P62333,0
P12236,Q14568,0
P12236,Q8N1F7,0
P12236,Q8TEQ8,0
P12236,Q96QF0,0
P12236,Q96RK4,0
P12236,Q9HAU5,0
P12268,P17066,0
P12268,P23258,0
P12268,P28288,0
P12268,P50454,0
P12268,P53396,0
P12268,Q14568,0
P12268,Q3SYG4,0
P12268,Q3ZCQ8,0
P12268,Q5JPE7,0
P12268,Q5TEC6,0
P12268,Q6UW78,0
P12268,Q8NFD5,0
P12268,Q96QF0,0
P12268,Q96RK4,0
P12268,Q9H147,0
P12268,Q9UNM6,0
P12268,Q9Y5V3,0
P13645,P27986,0
P13645,P51665,0
P13645,P56962,0
P13645,P62191,0
P13645,Q14694,0
P13645,Q60700,0
P13645,Q92545,0
P13645,Q96QF0,0
P13645,Q96RK4,0
P13645,Q99942,0
P13645,Q9UI12,0
P13645,U3KQK0,0
P13804,P57088,0
P13804,P61026,0
P13804,P62491,0
P13804,Q04917,0
P13804,Q15154,0
P13804,Q4GYY5,0
P13804,Q86X95,0
P13804,Q8N5F7,0
P13804,Q96CS3,0
P13804,Q96GD4,0
P13804,Q96QF0,0
P13804,Q96RK4,0
P13804,Q9H0E9,0
P13804,Q9NVI1,0
P13804,Q9NY65,0
P13804,Q9Y383,0
P13995,P20671,0
P13995,P48356,0
P13995,Q13200,0
P13995,Q13823,0
P13995,Q5SNT2,0
P13995,Q8NF37,0
P13995,Q96QF0,0
P13995,Q96RK4,0
P13995,Q9BSJ2,0
P13995,Q9BW92,0
P14625,P20340,0
P14625,P35232,0
P14625,P43686,0
P14625,P61962,0
P14625,Q08209,0
P14625,Q08945,0
P14625,Q2TAC2,0
P14625,Q8TAT6,0
P14625,Q96QF0,0
P14625,Q96RK4,0
P14625,Q9NS69,0
P14625,Q9NSG2,0
P14625,Q9UNM6,0
P15127,P17066,0
P15127,P17987,0
P15127,P25786,0
P15127,P28070,0
P15127,P31948,0
P15127,P33778,0
P15127,P33993,0
P15127,P35232,0
P15127,P35998,0
P15127,P37238,0
P15127,P53985,0
P15127,P54646,0
P15127,P56726,0
P15127,P62195,0
P15127,P63104,0
P15127,P68400,0
P15127,P70452,0
P15127,P84243,0
P15127,Q02248,0
P15127,Q08850,0
P15127,Q13573,0
P15127,Q14257,0
P15127,Q16637,0
P15127,Q3V3N7,0
P15127,Q4GYY5,0
P15127,Q6NXE6,0
P15127,Q811G0,0
P15127,Q8IWZ6,0
P15127,Q8N3I7,0
P15127,Q8N5F7,0
P15127,Q8NCK7,0
P15127,Q8NFJ9,0
P15127,Q8NFQ8,0
P15127,Q8TAM2,0
P15127,Q8TEQ8,0
P15127,Q8VD72,0
P15127,Q92804,0
P15127,Q92947,0
P15127,Q96GM8,0
P15127,Q96P70,0
P15127,Q96QF0,0
P15127,Q96RK4,0
P15127,Q96S52,0
P15127,Q9BWJ5,0
P15127,Q9BXC9,0
P15127,Q9CWF6,0
P15127,Q9CZQ9,0
P15127,Q9H0F7,0
P15127,Q9H583,0
P15127,Q9H5V9,0
P15127,Q9HCU5,0
P15127,Q9NQ48,0
P15127,Q9Y679,0
P15208,P52756,0
P15208,P62820,0
P15208,Q13418,0
P15208,Q13573,0
P15208,Q53G59,0
P15208,Q86X95,0
P15208,Q8NCK7,0
P15208,Q8WVX9,0
P15208,Q96QF0,0
P15208,Q96RK4,0
P15208,Q9BXW9,0
P15208,Q9CQP2,0
P15208,Q9HCJ0,0
P15208,Q9HCU5,0
P15208,Q9JHQ5,0
P15208,Q9Y4R8,0
P16615,P27986,0
P16615,P28288,0
P16615,P49207,0
P16615,P60228,0
P16615,P62195,0
P16615,Q14643,0
P16615,Q14746,0
P16615,Q53GQ0,0
P16615,Q6ZW61,0
P16615,Q8IWZ6,0
P16615,Q92973,0
P16615,Q96CS3,0
P16615,Q96QF0,0
P16615,Q96RK4,0
P16615,Q99942,0
P16615,Q9BYF1,0
P16615,Q9CWF6,0
P16615,Q9H0F7,0
P16615,Q9R1E0,0
P16615,Q9WVH4,0
P16615,Q9Y4H2,0
P17066,P30837,0
P17066,P52756,0
P17066,Q14694,0
P17066,Q3U0M1,0
P17066,Q96QF0,0
P17066,Q96RK4,0
P17066,Q9GZN1,0
P17066,Q9UBS4,0
P17980,P20020,0
P17980,P22102,0
P17980,P25788,0
P17980,P41223,0
P17980,P53007,0
P17980,P55060,0
P17980,P60604,0
P17980,P62491,0
P17980,P68104,0
P17980,Q00577,0
P17980,Q09161,0
P17980,Q13418,0
P17980,Q14527,0
P17980,Q5SRD1,0
P17980,Q96QF0,0
P17980,Q96RK4,0
P17980,Q9Y5V3,0
P17987,P20618,0
P17987,P21796,0
P17987,P38606,0
P17987,P46379,0
P17987,P51617,0
P17987,P51648,0
P17987,P53985,0
P17987,P55060,0
P17987,P56726,0
P17987,P68366,0
P17987,P68371,0
P17987,Q02248,0
P17987,Q09161,0
P17987,Q14203,0
P17987,Q14643,0
P17987,Q16637,0
P17987,Q16891,0
P17987,Q3TLI0,0
P17987,Q3V3N7,0
P17987,Q5SRE5,0
P17987,Q5XKP0,0
P17987,Q60700,0
P17987,Q60770,0
P17987,Q60932,0
P17987,Q8IWZ6,0
P17987,Q8K2G4,0
P17987,Q8NFJ9,0
P17987,Q8TAM1,0
P17987,Q8TC07,0
P17987,Q8WVM8,0
P17987,Q96BY9,0
P17987,Q96EB6,0
P17987,Q96QF0,0
P17987,Q9BXC9,0
P17987,Q9BXF3,0
P17987,Q9CWF6,0
P17987,Q9JHQ5,0
P17987,Q9NYU2,0
P17987,Q9UL15,0
P17987,Q9Y4W6,0
P17987,Q9Y5A9,0
P18859,Q14568,0
P18859,Q5HYI8,0
P18859,Q5SRD1,0
P18859,Q69YQ0,0
P18859,Q96QF0,0
P18859,Q96RK4,0
P18859,Q9BWJ5,0
P18859,Q9CQA1,0
P18859,Q9CZQ9,0
P18859,Q9Y5V3,0
P19474,P31749,0
P19474,P35613,0
P19474,P35637,0
P19474,P36542,0
P19474,P37231,0
P19474,P41223,0
P19474,P54652,0
P19474,P61962,0
P19474,Q3UJU9,0
P19474,Q53G59,0
P19474,Q5BKZ1,0
P19474,Q60770,0
P19474,Q6DN90,0
P19474,Q6YHU6,0
P19474,Q8N5P1,0
P19474,Q8TAM2,0
P19474,Q96QF0,0
P19474,Q96RK4,0
P20020,P25788,0
P20020,P51617,0
P20020,Q14643,0
P20020,Q14974,0
P20020,Q53G59,0
P20020,Q5JWF2,0
P20020,Q63503,0
P20020,Q8NDQ6,0
P20020,Q96QF0,0
P20020,Q96RK4,0
P20020,Q9HD45,0
P20020,Q9NS69,0
P20020,Q9UBU8,0
P20020,Q9Y3Y2,0
P20340,P26196,0
P20340,Q13200,0
P20340,Q86VP6,0
P20340,Q96F45,0
P20340,Q96QF0,0
P20340,Q96RK4,0
P20340,Q9BSR8,0
P20340,Q9BVA1,0
P20393,P20618,0
P20393,P43686,0
P20393,P55258,0
P20393,Q00535,0
P20393,Q15907,0
P20393,Q6UW78,0
P20393,Q8NCK7,0
P20393,Q96QF0,0
P20393,Q96RK4,0
P20393,Q9BUF5,0
P20393,Q9NSG2,0
P20393,Q9ULX6,0
P20618,P53396,0
P20618,P61962,0
P20618,P68104,0
P20618,P68371,0
P20618,P78318,0
P20618,Q38DU9,0
P20618,Q69YQ0,0
P20618,Q86UL3,0
P20618,Q96QF0,0
P20618,Q96RK4,0
P20618,Q9HDC9,0
P20618,Q9NQH7,0
P20618,Q9ULD9,0
P20618,Q9UNF1,0
P20671,P56524,0
P20671,P60604,0
P20671,P61981,0
P20671,Q68CQ7,0
P20671,Q71RC2,0
P20671,Q8N3R9,0
P20671,Q8TC07,0
P20671,Q92973,0
P20671,Q96PM9,0
P20671,Q96Q05,0
P20671,Q96QF0,0
P20671,Q96RK4,0
P20671,Q9HAU5,0
P20671,Q9Y4L1,0
P20700,P21796,0
P20700,P28070,0
P20700,P50502,0
P20700,P62136,0
P20700,P62492,0
P20700,Q5SRE5,0
P20700,Q80U30,0
P20700,Q8IUR0,0
P20700,Q96QF0,0
P20700,Q96RK4,0
P20700,Q9UBB4,0
P20700,Q9UNM6,0
P20700,Q9Y5V3,0
P21796,P33981,0
P21796,P56726,0
P21796,P61006,0
P21796,P62136,0
P21796,P62492,0
P21796,P63044,0
P21796,P78371,0
P21796,Q02248,0
P21796,Q57UH8,0
P21796,Q60770,0
P21796,Q66H80,0
P21796,Q811G0,0
P21796,Q8IWZ6,0
P21796,Q8K2G4,0
P21796,Q8TA86,0
P21796,Q8WUH6,0
P21796,Q92643,0
P21796,Q96EB6,0
P21796,Q96F45,0
P21796,Q96QF0,0
P21796,Q96RK4,0
P21796,Q9BXC9,0
P21796,Q9H0F7,0
P21796,Q9H2F5,0
P21796,Q9NPJ1,0
P21796,Q9R1E0,0
P21796,Q9UBU8,0
P21796,Q9Y3Y2,0
P21796,Q9Y4W6,0
P22102,P31948,0
P22102,Q15907,0
P22102,Q5QPK2,0
P22102,Q96QF0,0
P22102,Q96RK4,0
P22102,Q9BXC9,0
P22102,Q9CQA1,0
P22102,Q9H0E9,0
P22102,Q9JHQ5,0
P22102,Q9UBB4,0
P22102,Q9ULD9,0
P22102,Q9Y4L1,0
P22695,P27824,0
P22695,P35998,0
P22695,P36542,0
P22695,Q14527,0
P22695,Q5NCF2,0
P22695,Q96QF0,0
P22695,Q96RK4,0
P22695,Q9Y2J4,0
P23258,P31749,0
P23258,P54646,0
P23258,P63045,0
P23258,P78527,0
P23258,P84243,0
P23258,Q12797,0
P23258,Q14697,0
P23258,Q52LR7,0
P23258,Q66K89,0
P23258,Q811G0,0
P23258,Q86UL3,0
P23258,Q8N3I7,0
P23258,Q969V3,0
P23258,Q96QF0,0
P23258,Q96RK4,0
P23258,Q9H078,0
P23258,Q9H307,0
P23258,Q9NQH7,0
P24539,P40939,0
P24539,P48651,0
P24539,P62805,0
P24539,P63098,0
P24539,P78371,0
P24539,Q14203,0
P24539,Q14204,0
P24539,Q15293,0
P24539,Q3UPR7,0
P24539,Q5W0B1,0
P24539,Q92922,0
P24539,Q96CK0,0
P24539,Q96QF0,0
P24539,Q96RK4,0
P24539,Q9BTY2,0
P24539,Q9NTJ5,0
P24539,Q9Y4H2,0
P25685,Q15006,0
P25685,Q3UPR7,0
P25685,Q5LJA5,0
P25685,Q63503,0
P25685,Q6PJG2,0
P25685,Q7L5D6,0
P25685,Q8NFD5,0
P25685,Q96F45,0
P25685,Q96QF0,0
P25685,Q96RK4,0
P25685,Q99615,0
P25685,Q9D289,0
P25705,P48643,0
P25705,P61026,0
P25705,Q08850,0
P25705,Q5T160,0
P25705,Q60700,0
P25705,Q811G0,0
P25705,Q8ND56,0
P25705,Q96QF0,0
P25705,Q96RK4,0
P25705,Q9UNF1,0
P25786,P54652,0
P25786,P56726,0
P25786,P60228,0
P25786,Q5LJA5,0
P25786,Q6PJG6,0
P25786,Q86X95,0
P25786,Q8N3R9,0
P25786,Q96QF0,0
P25786,Q96RK4,0
P25786,Q99615,0
P25786,Q9BUF5,0
P25786,Q9CQP2,0
P25786,Q9GZN1,0
P25786,Q9H936,0
P25786,Q9HCU5,0
P25786,Q9NZ01,0
P25786,Q9UBX3,0
P25786,Q9UN37,0
P25786,Q9Y5A9,0
P25787,P35908,0
P25787,P49720,0
P25787,P49841,0
P25787,Q13217,0
P25787,Q14643,0
P25787,Q96BY9,0
P25787,Q96QF0,0
P25787,Q96RK4,0
P25787,Q9BYF1,0
P25787,Q9UDY4,0
P25787,Q9Y2J4,0
P25787,Q9Y4W6,0
P25788,P28288,0
P25788,P30405,0
P25788,P34897,0
P25788,P55072,0
P25788,P62191,0
P25788,P62491,0
P25788,P67870,0
P25788,Q00325,0
P25788,Q3ZCM7,0
P25788,Q5W0B1,0
P25788,Q92615,0
P25788,Q92947,0
P25788,Q96QF0,0
P25788,Q96RK4,0
P25788,Q9P2R6,0
P25788,Q9UBX3,0
P26196,P56589,0
P26196,Q12840,0
P26196,Q13418,0
P26196,Q14974,0
P26196,Q15293,0
P26196,Q53EU6,0
P26196,Q86VP6,0
P26196,Q8N3R9,0
P26196,Q8N9E0,0
P26196,Q92643,0
P26196,Q96QF0,0
P26196,Q96RK4,0
P26196,Q9BXC9,0
P26196,Q9HAV4,0
P26196,Q9UBV2,0
P26196,Q9Y4W6,0
P26196,U3KQK0,0
P26641,P28070,0
P26641,P45880,0
P26641,P68363,0
P26641,Q13823,0
P26641,Q15907,0
P26641,Q7Z3C6,0
P26641,Q86Y07,0
P26641,Q96QF0,0
P26641,Q96RK4,0
P26641,Q9BRK5,0
P26641,Q9UPT5,0
P26641,Q9Y5B9,0
P27348,P30405,0
P27348,P40939,0
P27348,P45880,0
P27348,P47914,0
P27348,P49207,0
P27348,Q00577,0
P27348,Q02248,0
P27348,Q13509,0
P27348,Q3V3N7,0
P27348,Q5LJA5,0
P27348,Q66K89,0
P27348,Q93084,0
P27348,Q96QF0,0
P27348,Q96RK4,0
P27348,Q99570,0
P27348,Q9BWJ5,0
P27348,Q9NS69,0
P27348,Q9WVH4,0
P27348,Q9Y4W6,0
P27708,P63167,0
P27708,Q00325,0
P27708,Q4VC05,0
P27708,Q57UH8,0
P27708,Q60700,0
P27708,Q66H80,0
P27708,Q96CS3,0
P27708,Q96QF0,0
P27708,Q96RK4,0
P27708,Q9H0U4,0
P27708,Q9NY65,0
P27824,P56962,0
P27824,Q3ZCQ8,0
P27824,Q5W0B1,0
P27824,Q96QF0,0
P27824,Q96RK4,0
P27824,Q99733,0
P27824,Q9NQH7,0
P27824,Q9UL15,0
P27824,Q9Y3D0,0
P27986,P35613,0
P27986,P41223,0
P27986,P56726,0
P27986,P63044,0
P27986,P70452,0
P27986,Q02248,0
P27986,Q15154,0
P27986,Q3SYG4,0
P27986,Q3ZCM7,0
P27986,Q4GYY5,0
P27986,Q5TEC6,0
P27986,Q60770,0
P27986,Q6PJG2,0
P27986,Q6ZW61,0
P27986,Q8K2G4,0
P27986,Q8NFJ9,0
P27986,Q8TEQ8,0
P27986,Q8WUM0,0
P27986,Q9BRK5,0
P27986,Q9BXC9,0
P27986,Q9BYF1,0
P27986,Q9NPJ1,0
P28066,P33778,0
P28066,P38435,0
P28066,P57740,0
P28066,P70452,0
P28066,Q04206,0
P28066,Q13123,0
P28066,Q5T3I0,0
P28066,Q6IEG0,0
P28066,Q8IYB5,0
P28066,Q8N9E0,0
P28066,Q8TBF4,0
P28066,Q96QF0,0
P28066,Q96RK4,0
P28066,Q96T76,0
P28066,Q9HCJ0,0
P28066,Q9UBV2,0
P28066,R4GMR5,0
P28070,P30405,0
P28070,P34897,0
P28070,P55042,0
P28070,P78371,0
P28070,Q04637,0
P28070,Q13724,0
P28070,Q15392,0
P28070,Q7L5D6,0
P28070,Q96QF0,0
P28070,Q96RK4,0
P28070,Q9HD20,0
P28072,P53618,0
P28072,P68363,0
P28072,P70452,0
P28072,Q12840,0
P28072,Q14568,0
P28072,Q6YHU6,0
P28072,Q7Z3C6,0
P28072,Q8N9M5,0
P28072,Q96QF0,0
P28072,Q96RK4,0
P28072,Q9BSD7,0
P28074,P30837,0
P28074,Q14697,0
P28074,Q5LJA5,0
P28074,Q5NCF2,0
P28074,Q6PJG2,0
P28074,Q96QF0,0
P28074,Q96RK4,0
P28074,Q9GZN1,0
P28074,Q9H1K4,0
P28074,Q9NQ48,0
P28074,Q9NRR5,0
P28074,Q9WVH4,0
P28074,Q9Y296,0
P28288,P46977,0
P28288,P61026,0
P28288,Q92804,0
P28288,Q96QF0,0
P28288,Q96RK4,0
P28288,Q99733,0
P28288,Q9HDC9,0
P28288,Q9NUP9,0
P28288,Q9NYU2,0
P28288,Q9UN37,0
P29401,P35998,0
P29401,P68363,0
P29401,P68371,0
P29401,Q15434,0
P29401,Q15907,0
P29401,Q5QPK2,0
P29401,Q86Y56,0
P29401,Q8N1F7,0
P29401,Q96A33,0
P29401,Q96HA1,0
P29401,Q96QF0,0
P29401,Q96RK4,0
P29401,Q9CQA1,0
P29401,Q9H5V9,0
P30405,P45880,0
P30405,P53396,0
P30405,P60228,0
P30405,P61163,0
P30405,Q5TEC6,0
P30405,Q63503,0
P30405,Q8NCK7,0
P30405,Q92782,0
P30405,Q96QF0,0
P30405,Q96RK4,0
P30405,Q9UBS4,0
P30837,P63044,0
P30837,Q04637,0
P30837,Q3ZCQ8,0
P30837,Q5C9Z4,0
P30837,Q6P4A7,0
P30837,Q6PI48,0
P30837,Q8NDV7,0
P30837,Q96QF0,0
P30837,Q96RK4,0
P30837,Q9GZN1,0
P30837,Q9UNM6,0
P31689,Q53G59,0
P31689,Q8C1Z7,0
P31689,Q96QF0,0
P31689,Q96RK4,0
P31749,P55042,0
P31749,P61006,0
P31749,P68371,0
P31749,Q04206,0
P31749,Q53GQ0,0
P31749,Q5JPE7,0
P31749,Q8NBJ5,0
P31749,Q8NCK7,0
P31749,Q96QF0,0
P31749,Q96RK4,0
P31749,Q9HDC9,0
P31749,Q9ULD9,0
P31749,Q9Y4H2,0
P31749,Q9Y679,0
P31749,R4GMR5,0
P31939,P51617,0
P31939,P56524,0
P31939,P60228,0
P31939,Q3SYG4,0
P31939,Q3V3N7,0
P31939,Q8N3R9,0
P31939,Q8N5F7,0
P31939,Q8NCK7,0
P31939,Q92545,0
P31939,Q96D53,0
P31939,Q96L91,0
P31939,Q96QF0,0
P31939,Q96RK4,0
P31946,P35568,0
P31946,P48047,0
P31946,P62987,0
P31946,Q13627,0
P31946,Q14203,0
P31946,Q14739,0
P31946,Q8IUR0,0
P31946,Q96QF0,0
P31946,Q96RK4,0
P31946,Q9BWJ5,0
P31946,Q9BXF3,0
P31946,Q9NTJ3,0
P31946,Q9Y383,0
P31946,Q9Y4Y9,0
P31948,P51648,0
P31948,Q14643,0
P31948,Q3TLI0,0
P31948,Q7L5D6,0
P31948,Q7Z3U7,0
P31948,Q86SZ2,0
P31948,Q8TA86,0
P31948,Q96QF0,0
P31948,Q96RK4,0
P31948,Q99KR7,0
P31948,Q9H9S3,0
P31948,Q9NQ29,0
P31948,Q9UL33,0
P31948,Q9ULD9,0
P33778,P33981,0
P33778,P63244,0
P33778,Q13283,0
P33778,Q14444,0
P33778,Q15014,0
P33778,Q3ZCQ8,0
P33778,Q80U30,0
P33778,Q8IUR0,0
P33778,Q8TAM1,0
P33778,Q96GF1,0
P33778,Q96QF0,0
P33778,Q96RK4,0
P33778,Q9BSJ2,0
P33778,Q9BWJ5,0
P33778,Q9NQ48,0
P33778,Q9NVI1,0
P33778,Q9NY65,0
P33778,Q9UL33,0
P33981,Q13283,0
P33981,Q52LR7,0
P33981,Q53GQ0,0
P33981,Q5VWC4,0
P33981,Q5XKP0,0
P33981,Q8TEM1,0
P33981,Q92616,0
P33981,Q96QF0,0
P33981,Q96RK4,0
P33981,Q9D289,0
P33993,P53007,0
P33993,P55786,0
P33993,P56537,0
P33993,P61006,0
P33993,P78527,0
P33993,Q08945,0
P33993,Q09472,0
P33993,Q15392,0
P33993,Q2TAC2,0
P33993,Q8TCJ2,0
P33993,Q96QF0,0
P33993,Q96RK4,0
P33993,Q9BUJ2,0
P33993,Q9H5V9,0
P33993,Q9NQ29,0
P33993,Q9NY65,0
P33993,Q9Y2G8,0
P34897,P49207,0
P34897,P56537,0
P34897,Q08209,0
P34897,Q09472,0
P34897,Q3SYG4,0
P34897,Q57UH8,0
P34897,Q8NBM4,0
P34897,Q8TAM2,0
P34897,Q96QF0,0
P34897,Q96RK4,0
P34897,Q9NUP9,0
P34897,Q9UBF2,0
P35232,P52756,0
P35232,P53007,0
P35232,P54652,0
P35232,Q13627,0
P35232,Q14739,0
P35232,Q15014,0
P35232,Q8TAM2,0
P35232,Q8TC07,0
P35232,Q96QF0,0
P35232,Q96RK4,0
P35232,Q9H9S3,0
P35232,Q9UDY4,0
P35232,Q9Y3C1,0
P35568,P35908,0
P35568,P37238,0
P35568,P52756,0
P35568,P62987,0
P35568,P63098,0
P35568,Q14449,0
P35568,Q5T160,0
P35568,Q66K89,0
P35568,Q8BH75,0
P35568,Q8NCK7,0
P35568,Q96HA1,0
P35568,Q96QF0,0
P35568,Q96RK4,0
P35568,Q9NQH7,0
P35568,Q9NRR5,0
P35568,Q9UBM7,0
P35568,Q9UH99,0
P35606,P47914,0
P35606,P53396,0
P35606,Q08209,0
P35606,Q13409,0
P35606,Q14694,0
P35606,Q7Z3Y7,0
P35606,Q8NF37,0
P35606,Q92616,0
P35606,Q92890,0
P35606,Q96QF0,0
P35606,Q96RK4,0
P35606,Q9HCU5,0
P35606,Q9NUP9,0
P35606,Q9P2R6,0
P35606,Q9Y3Y2,0
P35606,Q9Y5V3,0
P35613,P36542,0
P35613,P38435,0
P35613,P51970,0
P35613,P78371,0
P35613,Q13823,0
P35613,Q14739,0
P35613,Q92973,0
P35613,Q96QF0,0
P35613,Q96RK4,0
P35613,Q9H0U4,0
P35613,Q9HD45,0
P35613,Q9UQL6,0
P35613,Q9Y383,0
P35637,P37231,0
P35637,P46379,0
P35637,P48553,0
P35637,P56537,0
P35637,P56962,0
P35637,P62491,0
P35637,P62987,0
P35637,P78371,0
P35637,Q07065,0
P35637,Q53G59,0
P35637,Q5W0B1,0
P35637,Q69YQ0,0
P35637,Q86VP6,0
P35637,Q86Y56,0
P35637,Q8IYB5,0
P35637,Q8NDV7,0
P35637,Q96QF0,0
P35637,Q96RK4,0
P35637,Q99942,0
P35637,Q9Y5A9,0
P35637,Q9Y5V3,0
P35908,P52701,0
P35908,P78527,0
P35908,Q08945,0
P35908,Q13573,0
P35908,Q969V3,0
P35908,Q96QF0,0
P35908,Q96RK4,0
P35908,Q9HAV4,0
P35998,P50454,0
P35998,Q13823,0
P35998,Q14257,0
P35998,Q14568,0
P35998,Q14643,0
P35998,Q15008,0
P35998,Q6IEG0,0
P35998,Q811G0,0
P35998,Q96QF0,0
P35998,Q96RK4,0
P35998,Q9NP92,0
P35998,Q9Y4L1,0
P36542,Q14643,0
P36542,Q15014,0
P36542,Q96BR5,0
P36542,Q96QF0,0
P36542,Q96RK4,0
P36542,Q9HD45,0
P36873,P40937,0
P36873,P54652,0
P36873,P68371,0
P36873,Q6ZW61,0
P36873,Q8N1F7,0
P36873,Q8N5P1,0
P36873,Q96QF0,0
P36873,Q96RK4,0
P36873,Q9UN37,0
P37231,P42677,0
P37231,P43686,0
P37231,P49841,0
P37231,P52429,0
P37231,P53985,0
P37231,P56726,0
P37231,P62191,0
P37231,Q02248,0
P37231,Q04637,0
P37231,Q13409,0
P37231,Q14669,0
P37231,Q16531,0
P37231,Q3V3N7,0
P37231,Q57UH8,0
P37231,Q60700,0
P37231,Q60770,0
P37231,Q7Z3Y7,0
P37231,Q8IWZ6,0
P37231,Q8K2G4,0
P37231,Q8NCK7,0
P37231,Q8NFJ9,0
P37231,Q923E4,0
P37231,Q92616,0
P37231,Q96EB6,0
P37231,Q96RK4,0
P37231,Q9BXC9,0
P37231,Q9BYF1,0
P37231,Q9CWF6,0
P37231,Q9NPJ1,0
P37231,Q9UBF2,0
P37231,Q9WVH4,0
P37238,P68400,0
P37238,P84243,0
P37238,Q02248,0
P37238,Q08209,0
P37238,Q08850,0
P37238,Q08945,0
P37238,Q13217,0
P37238,Q14204,0
P37238,Q15293,0
P37238,Q3V3N7,0
P37238,Q58EX7,0
P37238,Q5C9Z4,0
P37238,Q5JPE7,0
P37238,Q5NCF2,0
P37238,Q60770,0
P37238,Q6IEG0,0
P37238,Q7Z6Z7,0
P37238,Q8IWZ6,0
P37238,Q8K2G4,0
P37238,Q8NFJ9,0
P37238,Q8TAM1,0
P37238,Q8WTW3,0
P37238,Q92922,0
P37238,Q969V3,0
P37238,Q96HA1,0
P37238,Q96RK4,0
P37238,Q9BXC9,0
P37238,Q9CWF6,0
P37238,Q9H583,0
P37238,Q9NPJ1,0
P37238,Q9P0I2,0
P37238,Q9UQL6,0
P38435,P46060,0
P38435,P49720,0
P38435,P50402,0
P38435,P53621,0
P38435,P62491,0
P38435,P62873,0
P38435,Q04206,0
P38435,Q08209,0
P38435,Q13123,0
P38435,Q14669,0
P38435,Q96QF0,0
P38435,Q96RK4,0
P38435,Q9C005,0
P38435,Q9UBX3,0
P38435,Q9Y3C1,0
P38435,Q9Y4Y9,0
P38606,P61026,0
P38606,P68371,0
P38606,Q04206,0
P38606,Q14204,0
P38606,Q15907,0
P38606,Q5BKY9,0
P38606,Q5C9Z4,0
P38606,Q5SRE5,0
P38606,Q8VD72,0
P38606,Q96GM8,0
P38606,Q96QF0,0
P38606,Q96RK4,0
P38606,Q9H1K4,0
P38606,Q9Y4H2,0
P38646,P48651,0
P38646,P52701,0
P38646,P55258,0
P38646,P62140,0
P38646,P62492,0
P38646,P68400,0
P38646,P70452,0
P38646,Q02248,0
P38646,Q07065,0
P38646,Q15154,0
P38646,Q5JPE7,0
P38646,Q5SRE5,0
P38646,Q60770,0
P38646,Q8IWZ6,0
P38646,Q8K2G4,0
P38646,Q8NDV7,0
P38646,Q8NFJ9,0
P38646,Q96EB6,0
P38646,Q9BXC9,0
P38646,Q9BYF1,0
P38646,Q9CWF6,0
P38646,Q9NS69,0
P38646,Q9R1E0,0
P38646,Q9UBF2,0
P38646,Q9Y4H2,0
P38646,Q9Y4L1,0
P38646,Q9Y4W6,0
P38647,P40939,0
P38647,P53007,0
P38647,P55209,0
P38647,P61006,0
P38647,P62140,0
P38647,P62820,0
P38647,P63045,0
P38647,Q08850,0
P38647,Q3TLI0,0
P38647,Q5H9R7,0
P38647,Q60932,0
P38647,Q6ZNB6,0
P38647,Q8IXI1,0
P38647,Q8N0V3,0
P38647,Q8N5P1,0
P38647,Q8NCK7,0
P38647,Q8TBF4,0
P38647,Q96QF0,0
P38647,Q96RK4,0
P38647,Q99615,0
P38647,Q9GZN1,0
P39656,P53618,0
P39656,P55072,0
P39656,P56589,0
P39656,P56726,0
P39656,Q53G59,0
P39656,Q96GF1,0
P39656,Q96QF0,0
P39656,Q96RK4,0
P39656,Q9BXC9,0
P39656,Q9H1K4,0
P39656,Q9HAV4,0
P40937,P55258,0
P40937,P84090,0
P40937,Q96PM9,0
P40937,Q96QF0,0
P40937,Q96RK4,0
P40937,Q9BRT8,0
P40937,Q9BYJ9,0
P40937,Q9NY65,0
P40937,Q9ULX6,0
P40937,Q9Y448,0
P40939,P45954,0
P40939,P54652,0
P40939,P61006,0
P40939,Q53GQ0,0
P40939,Q5XKP0,0
P40939,Q6PJG2,0
P40939,Q96BR5,0
P40939,Q96GF1,0
P40939,Q96GM8,0
P40939,Q96L91,0
P40939,Q96QF0,0
P40939,Q96RK4,0
P40939,Q9UDY4,0
P40939,Q9Y2J4,0
P40939,Q9Y3C1,0
P40939,Q9Y679,0
P41223,Q15154,0
P41223,Q8NDV7,0
P41223,Q96QF0,0
P41223,Q96RK4,0
P41223,Q99460,0
P41223,Q9HCU5,0
P41223,Q9NQ48,0
P41223,Q9NTJ3,0
P42677,P48047,0
P42677,P51648,0
P42677,P56537,0
P42677,P57740,0
P42677,P78371,0
P42677,Q13409,0
P42677,Q13418,0
P42677,Q14449,0
P42677,Q15293,0
P42677,Q16531,0
P42677,Q60700,0
P42677,Q71DI3,0
P42677,Q811G0,0
P42677,Q8NBJ5,0
P42677,Q96QF0,0
P42677,Q96RK4,0
P42677,Q9H0F7,0
P42677,Q9ULD9,0
P42704,P49720,0
P42704,P68363,0
P42704,Q8TAM1,0
P42704,Q96BY9,0
P42704,Q96QF0,0
P42704,Q96RK4,0
P42704,Q9HCJ0,0
P42704,Q9NPJ1,0
P42704,Q9NTJ5,0
P42704,Q9UJV9,0
P42704,Q9UN86,0
P42704,Q9UNP9,0
P43487,P55072,0
P43487,P62491,0
P43487,P84090,0
P43487,Q3SYG4,0
P43487,Q86X95,0
P43487,Q8TBF4,0
P43487,Q96Q05,0
P43487,Q96QF0,0
P43487,Q96RK4,0
P43487,Q9C005,0
P43487,Q9NSG2,0
P43487,Q9ULD9,0
P43686,P48047,0
P43686,P52756,0
P43686,P56524,0
P43686,P61006,0
P43686,P78318,0
P43686,Q00577,0
P43686,Q60932,0
P43686,Q8NFJ9,0
P43686,Q8TEX9,0
P43686,Q96BR5,0
P43686,Q96D53,0
P43686,Q96JJ7,0
P43686,Q96QF0,0
P43686,Q96RK4,0
P43686,Q9NQ29,0
P45880,P53007,0
P45880,Q00535,0
P45880,Q2TAC2,0
P45880,Q5SNT2,0
P45880,Q5VWC4,0
P45880,Q7Z6Z7,0
P45880,Q96QF0,0
P45880,Q96RK4,0
P45880,Q9H936,0
P45880,Q9NUP9,0
P45954,P51648,0
P45954,P56726,0
P45954,P62191,0
P45954,P78318,0
P45954,Q13217,0
P45954,Q53GQ0,0
P45954,Q58EX7,0
P45954,Q5TEC6,0
P45954,Q7Z3U7,0
P45954,Q8TAT6,0
P45954,Q8WVX9,0
P45954,Q96GD4,0
P45954,Q96QF0,0
P45954,Q96RK4,0
P45954,Q9HAV4,0
P45954,Q9UBF2,0
P45954,Q9UPT5,0
P46060,P63173,0
P46060,P68371,0
P46060,Q08209,0
P46060,Q3ZCM7,0
P46060,Q96CS3,0
P46060,Q96QF0,0
P46060,Q96RK4,0
P46060,Q9UJV9,0
P46379,P49720,0
P46379,P62491,0
P46379,Q15014,0
P46379,Q16531,0
P46379,Q8N0V3,0
P46379,Q8NBJ5,0
P46379,Q96QF0,0
P46379,Q96RK4,0
P46379,Q9BUF5,0
P46379,Q9BWJ5,0
P46379,Q9H583,0
P46379,Q9H936,0
P46379,Q9NP92,0
P46379,Q9NPJ1,0
P46379,Q9UL15,0
P46379,Q9ULD9,0
P46977,P56962,0
P46977,Q5NCF2,0
P46977,Q8TC07,0
P46977,Q969V3,0
P46977,Q96A33,0
P46977,Q96QF0,0
P46977,Q96RK4,0
P46977,Q99460,0
P46977,Q9BUF5,0
P46977,Q9H936,0
P46977,Q9NQH7,0
P46977,Q9UN81,0
P46977,R4GMR5,0
P47914,P48047,0
P47914,P49454,0
P47914,P55209,0
P47914,P63098,0
P47914,Q13627,0
P47914,Q15008,0
P47914,Q3ZCM7,0
P47914,Q5BKZ1,0
P47914,Q7Z3U7,0
P47914,Q8TAM2,0
P47914,Q8TAT6,0
P47914,Q96HA1,0
P47914,Q96QF0,0
P47914,Q96RK4,0
P47914,Q9NUD5,0
P47914,Q9UHI6,0
P48047,Q13724,0
P48047,Q14697,0
P48047,Q14746,0
P48047,Q15293,0
P48047,Q3U0M1,0
P48047,Q86X95,0
P48047,Q86Y56,0
P48047,Q96PK6,0
P48047,Q96QF0,0
P48047,Q96RK4,0
P48047,Q9NRR5,0
P48047,Q9UET6,0
P48047,Q9Y2G8,0
P48356,P50502,0
P48356,P78371,0
P48356,Q07065,0
P48356,Q09137,0
P48356,Q7L5D6,0
P48356,Q8NCK7,0
P48356,Q96BR5,0
P48356,Q96D53,0
P48356,Q96L91,0
P48356,Q96QF0,0
P48356,Q96RK4,0
P48356,Q9BSD7,0
P48356,Q9HCU5,0
P48382,Q14449,0
P48382,Q86X55,0
P48382,Q8C1Z7,0
P48382,Q8NI60,0
P48382,Q8WVM8,0
P48382,Q96QF0,0
P48382,Q96RK4,0
P48382,Q9BTY2,0
P48382,Q9H307,0
P48382,Q9UBK2,0
P48382,Q9UH99,0
P48382,Q9UNF1,0
P48553,Q3SYG4,0
P48553,Q4VC05,0
P48553,Q8NCK7,0
P48553,Q96RK4,0
P48553,Q9NQ29,0
P48553,Q9Y5V3,0
P48553,Q9Y679,0
P48643,P54652,0
P48643,P60709,0
P48643,P63045,0
P48643,Q14643,0
P48643,Q15942,0
P48643,Q53GQ0,0
P48643,Q5BKZ1,0
P48643,Q60932,0
P48643,Q86X55,0
P48643,Q8WTW3,0
P48643,Q96QF0,0
P48643,Q96RK4,0
P48643,Q96T76,0
P48643,Q99653,0
P48643,Q9CQP2,0
P48643,Q9JME7,0
P48651,P50402,0
P48651,P52429,0
P48651,P63044,0
P48651,P68400,0
P48651,Q00059,0
P48651,Q14643,0
P48651,Q14739,0
P48651,Q15006,0
P48651,Q6PJG2,0
P48651,Q8TBF4,0
P48651,Q92545,0
P48651,Q96CK0,0
P48651,Q96HA1,0
P48651,Q96QF0,0
P48651,Q96RK4,0
P48651,Q9BXC9,0
P48651,Q9BYW2,0
P48651,Q9HCJ0,0
P48651,Q9UET6,0
P48651,Q9Y296,0
P48651,Q9Y3C1,0
P49207,P52756,0
P49207,P54652,0
P49207,P55258,0
P49207,Q00325,0
P49207,Q8TAM1,0
P49207,Q92665,0
P49207,Q96QF0,0
P49207,Q96RK4,0
P49454,P61962,0
P49454,P62258,0
P49454,Q14568,0
P49454,Q2TAC2,0
P49454,Q53GQ0,0
P49454,Q7Z3Y7,0
P49454,Q8NI60,0
P49454,Q96QF0,0
P49454,Q96RK4,0
P49454,Q9BPW8,0
P49454,Q9CZQ9,0
P49454,Q9NS69,0
P49593,P56524,0
P49593,Q60770,0
P49593,Q63503,0
P49593,Q92616,0
P49593,Q96QF0,0
P49593,Q96RK4,0
P49593,Q9NTG7,0
P49593,Q9UHI6,0
P49593,Q9Y285,0
P49593,Q9Y3Y2,0
P49720,P61163,0
P49720,P84243,0
P49720,Q6NXE6,0
P49720,Q96QF0,0
P49720,Q96RK4,0
P49720,Q9BSJ2,0
P49720,Q9UQL6,0
P49720,Q9Y4R8,0
P49721,P62805,0
P49721,Q02248,0
P49721,Q14694,0
P49721,Q14739,0
P49721,Q5C9Z4,0
P49721,Q60770,0
P49721,Q8WVX9,0
P49721,Q96GF1,0
P49721,Q96QF0,0
P49721,Q96RK4,0
P49721,Q9BXF3,0
P49721,Q9BYJ9,0
P49721,Q9NUD5,0
P49721,Q9UQL6,0
P49841,P53007,0
P49841,P54646,0
P49841,P57088,0
P49841,P78318,0
P49841,Q13724,0
P49841,Q5T160,0
P49841,Q71DI3,0
P49841,Q8N0V3,0
P49841,Q8NCK7,0
P49841,Q92947,0
P49841,Q96QF0,0
P49841,Q96RK4,0
P49841,Q9NPF5,0
P50402,P53621,0
P50402,P54652,0
P50402,P55072,0
P50402,Q15392,0
P50402,Q57UH8,0
P50402,Q58EX7,0
P50402,Q8N9M5,0
P50402,Q8NFJ9,0
P50402,Q8WTW3,0
P50402,Q92643,0
P50402,Q96PM9,0
P50402,Q96QF0,0
P50402,Q96RK4,0
P50402,Q9NUP9,0
P50402,Q9UBB4,0
P50402,Q9UHI6,0
P50454,Q86Y56,0
P50454,Q8WUH6,0
P50454,Q96L91,0
P50454,Q96QF0,0
P50454,Q96RK4,0
P50454,Q9Y4H2,0
P50454,U3KQK0,0
P50502,P51665,0
P50502,P52701,0
P50502,P60709,0
P50502,P68431,0
P50502,Q3ZCQ8,0
P50502,Q5JWF2,0
P50502,Q5SRE5,0
P50502,Q5TEC6,0
P50502,Q969V3,0
P50502,Q96P70,0
P50502,Q96QF0,0
P50502,Q96RK4,0
P50502,Q9BYJ9,0
P50502,Q9P2R6,0
P50502,Q9UH99,0
P50993,P54709,0
P50993,Q13200,0
P50993,Q3U0M1,0
P50993,Q6UW78,0
P50993,Q8TAM1,0
P50993,Q96QF0,0
P50993,Q96RK4,0
P50993,Q9BRK5,0
P50993,Q9JHQ5,0
P51570,Q13283,0
P51570,Q3V3N7,0
P51570,Q57UH8,0
P51570,Q8WTW3,0
P51570,Q96EB6,0
P51570,Q96QF0,0
P51570,Q96RK4,0
P51570,Q9H9E1,0
P51570,Q9NQ48,0
P51570,Q9UBS4,0
P51571,P55042,0
P51571,P63244,0
P51571,P68366,0
P51571,Q13885,0
P51571,Q5T160,0
P51571,Q8N5P1,0
P51571,Q923E4,0
P51571,Q96QF0,0
P51571,Q96RK4,0
P51571,Q9JHQ5,0
P51571,Q9NSG2,0
P51571,Q9UDY4,0
P51617,P56726,0
P51617,Q15008,0
P51617,Q15434,0
P51617,Q6NXE6,0
P51617,Q6PCB8,0
P51617,Q7Z3U7,0
P51617,Q80U30,0
P51617,Q8NBJ5,0
P51617,Q96QF0,0
P51617,Q96RK4,0
P51617,Q9UL33,0
P51648,Q00535,0
P51648,Q3V3N7,0
P51648,Q60700,0
P51648,Q8NDV7,0
P51648,Q8TAM1,0
P51648,Q8TEM1,0
P51648,Q96QF0,0
P51648,Q96RK4,0
P51648,Q9NZ01,0
P51665,Q5QPK2,0
P51665,Q5T160,0
P51665,Q6PCB8,0
P51665,Q6PJG2,0
P51665,Q8TA86,0
P51665,Q96QF0,0
P51665,Q96RK4,0
P51970,Q53R41,0
P51970,Q5LJA5,0
P51970,Q60700,0
P51970,Q8N3I7,0
P51970,Q96QF0,0
P51970,Q96RK4,0
P51970,Q99653,0
P51970,Q9BYJ9,0
P51970,Q9BYW2,0
P51970,Q9UNF1,0
P51970,Q9UNM6,0
P51970,Q9Y383,0
P51970,Q9Y5B9,0
P52429,Q5TEC6,0
P52429,Q7Z3U7,0
P52429,Q96QF0,0
P52429,Q96RK4,0
P52429,Q96T76,0
P52429,Q99460,0
P52429,Q9H1K4,0
P52429,Q9H5Q4,0
P52429,Q9Y3Y2,0
P52701,P62820,0
P52701,P63045,0
P52701,P68104,0
P52701,P84243,0
P52701,Q13627,0
P52701,Q14643,0
P52701,Q15154,0
P52701,Q3ZCQ8,0
P52701,Q5HYI8,0
P52701,Q86UL3,0
P52701,Q96QF0,0
P52701,Q96RK4,0
P52701,Q9CQA1,0
P52701,Q9UBK2,0
P52756,P62258,0
P52756,Q04637,0
P52756,Q5HYI8,0
P52756,Q5W0B1,0
P52756,Q8N5F7,0
P52756,Q8NBJ5,0
P52756,Q96QF0,0
P52756,Q96RK4,0
P52756,Q99653,0
P52756,Q9H307,0
P52756,Q9NS69,0
P52756,Q9NTJ5,0
P52789,P53621,0
P52789,Q13724,0
P52789,Q15907,0
P52789,Q80U30,0
P52789,Q8N3R9,0
P52789,Q96QF0,0
P52789,Q96RK4,0
P52789,Q99653,0
P52789,Q9UBM7,0
P53007,P56962,0
P53007,P61026,0
P53007,P63098,0
P53007,Q14449,0
P53007,Q14683,0
P53007,Q3SYG4,0
P53007,Q3V3N7,0
P53007,Q7L5D6,0
P53007,Q8K2G4,0
P53007,Q8N1N4,0
P53007,Q8N3R9,0
P53007,Q96P70,0
P53007,Q96QF0,0
P53007,Q96RK4,0
P53007,Q99KR7,0
P53007,Q9CWF6,0
P53007,Q9ES56,0
P53007,Q9HD45,0
P53007,Q9ULX6,0
P53007,Q9UQL6,0
P53396,P70452,0
P53396,Q13283,0
P53396,Q16531,0
P53396,Q6DN90,0
P53396,Q96BR5,0
P53396,Q96QF0,0
P53396,Q96RK4,0
P53396,Q9Y277,0
P53396,Q9Y3D0,0
P53618,Q14694,0
P53618,Q6PJG6,0
P53618,Q8IYB5,0
P53618,Q92782,0
P53618,Q96QF0,0
P53618,Q96RK4,0
P53618,Q9BTY2,0
P53618,Q9BW92,0
P53618,Q9H5V9,0
P53618,Q9NTJ3,0
P53618,Q9UQL6,0
P53618,Q9Y2G8,0
P53618,Q9Y448,0
P53618,Q9Y4L1,0
P53618,Q9Y5R8,0
P53621,Q14669,0
P53621,Q57UH8,0
P53621,Q5QPK2,0
P53621,Q7Z6Z7,0
P53621,Q80U30,0
P53621,Q8IXI1,0
P53621,Q96GM8,0
P53621,Q96QF0,0
P53621,Q96RK4,0
P53621,Q9BUJ2,0
P53621,Q9H147,0
P53621,Q9H7B2,0
P53621,Q9NRR5,0
P53621,Q9P0I2,0
P53621,Q9R1E0,0
P53985,P68371,0
P53985,Q13509,0
P53985,Q16891,0
P53985,Q3SYG4,0
P53985,Q4GYY5,0
P53985,Q5T3I0,0
P53985,Q96QF0,0
P53985,Q96RK4,0
P53985,Q9BW92,0
P53985,Q9ES56,0
P54646,Q14974,0
P54646,Q3SYG4,0
P54646,Q57UH8,0
P54646,Q5TEC6,0
P54646,Q66K89,0
P54646,Q811G0,0
P54646,Q8NCK7,0
P54646,Q8TEX9,0
P54646,Q92621,0
P54646,Q96Q05,0
P54646,Q96QF0,0
P54646,Q96RK4,0
P54646,Q9H147,0
P54646,Q9UBK2,0
P54646,Q9Y2G8,0
P54646,Q9Y5R8,0
P54652,P62195,0
P54652,P63173,0
P54652,Q13409,0
P54652,Q13627,0
P54652,Q86SZ2,0
P54652,Q8IWZ6,0
P54652,Q96Q05,0
P54652,Q96QF0,0
P54652,Q96RK4,0
P54652,Q9BRT8,0
P54652,Q9BXC9,0
P54652,Q9UDY4,0
P54709,P62333,0
P54709,P68366,0
P54709,P84090,0
P54709,Q13627,0
P54709,Q15014,0
P54709,Q923E4,0
P54709,Q96QF0,0
P54709,Q96RK4,0
P54709,Q9HD20,0
P54709,Q9NP92,0
P55042,P55072,0
P55042,P68400,0
P55042,Q13123,0
P55042,Q13409,0
P55042,Q3U0M1,0
P55042,Q6P4A7,0
P55042,Q8IYB5,0
P55042,Q8N0V3,0
P55042,Q8NCK7,0
P55042,Q92890,0
P55042,Q96QF0,0
P55042,Q96RK4,0
P55042,Q99942,0
P55042,Q9H1K4,0
P55042,Q9Y3C1,0
P55060,P63173,0
P55060,P70452,0
P55060,P78371,0
P55060,Q13509,0
P55060,Q14449,0
P55060,Q3V3N7,0
P55060,Q5QPK2,0
P55060,Q96QF0,0
P55060,Q96RK4,0
P55060,Q9CWF6,0
P55060,Q9H147,0
P55060,Q9NTJ5,0
P55072,P67870,0
P55072,Q13409,0
P55072,Q5HYI8,0
P55072,Q92538,0
P55072,Q92890,0
P55072,Q96QF0,0
P55072,Q96RK4,0
P55072,Q9BWJ5,0
P55072,Q9NQH7,0
P55072,Q9Y4H2,0
P55084,P56537,0
P55084,Q12797,0
P55084,Q3SYG4,0
P55084,Q5SRD1,0
P55084,Q8N5F7,0
P55084,Q8NBM4,0
P55084,Q96D53,0
P55084,Q96QF0,0
P55084,Q96RK4,0
P55084,Q9BUJ2,0
P55209,P60604,0
P55209,Q71RC2,0
P55209,Q8N0V3,0
P55209,Q8TA86,0
P55209,Q96QF0,0
P55209,Q96RK4,0
P55209,Q9BRK5,0
P55209,Q9UPT5,0
P55258,P56726,0
P55258,P70452,0
P55258,Q08850,0
P55258,Q09161,0
P55258,Q3V3N7,0
P55258,Q5SNT2,0
P55258,Q60770,0
P55258,Q8NCK7,0
P55258,Q8VD72,0
P55258,Q96GM8,0
P55258,Q96QF0,0
P55258,Q96RK4,0
P55258,Q9H0F7,0
P55258,Q9JHQ5,0
P55258,Q9NPJ1,0
P55258,Q9Y448,0
P55258,Q9Y4R8,0
P55786,Q7Z3C6,0
P55786,Q8NBJ5,0
P55786,Q96QF0,0
P55786,Q96RK4,0
P55786,Q9UBF2,0
P55786,Q9Y5R8,0
P56524,P63104,0
P56524,Q14257,0
P56524,Q14746,0
P56524,Q5VWC4,0
P56524,Q6NXE6,0
P56524,Q6PCB8,0
P56524,Q86SZ2,0
P56524,Q8N3R9,0
P56524,Q96HA1,0
P56524,Q96QF0,0
P56524,Q96RK4,0
P56524,Q9BYW2,0
P56524,Q9GZN1,0
P56524,Q9JHQ5,0
P56524,Q9UBV2,0
P56537,P63098,0
P56537,Q14257,0
P56537,Q3UJU9,0
P56537,Q52LR7,0
P56537,Q53GQ0,0
P56537,Q96QF0,0
P56537,Q96RK4,0
P56537,Q99653,0
P56537,Q9H0E9,0
P56537,Q9UH99,0
P56537,Q9UJS0,0
P56537,Q9WVH4,0
P56589,P60709,0
P56589,P68363,0
P56589,Q02248,0
P56589,Q5T160,0
P56589,Q66H80,0
P56589,Q8IWZ6,0
P56589,Q8N9M5,0
P56589,Q8TCJ2,0
P56589,Q96QF0,0
P56589,Q96RK4,0
P56589,Q9P2R6,0
P56589,U3KQK0,0
P56726,P61006,0
P56726,P62492,0
P56726,P63045,0
P56726,P68400,0
P56726,P70452,0
P56726,P78371,0
P56726,Q08850,0
P56726,Q12840,0
P56726,Q13200,0
P56726,Q14449,0
P56726,Q15907,0
P56726,Q15942,0
P56726,Q53R41,0
P56726,Q60770,0
P56726,Q6ZW61,0
P56726,Q71RC2,0
P56726,Q8C1Z7,0
P56726,Q8NCK7,0
P56726,Q8TAM2,0
P56726,Q8VD72,0
P56726,Q92621,0
P56726,Q96BY9,0
P56726,Q96EB6,0
P56726,Q96QF0,0
P56726,Q99805,0
P56726,Q9BXC9,0
P56726,Q9BYF1,0
P56726,Q9CWF6,0
P56726,Q9CZQ9,0
P56726,Q9H0F7,0
P56726,Q9NQ48,0
P56726,Q9R1E0,0
P56962,P82912,0
P56962,Q13217,0
P56962,Q14449,0
P56962,Q15008,0
P56962,Q53G59,0
P56962,Q71RC2,0
P56962,Q8TC07,0
P56962,Q92621,0
P56962,Q96HA1,0
P56962,Q96QF0,0
P56962,Q96RK4,0
P56962,Q9CQA1,0
P56962,Q9H9S3,0
P56962,Q9NVI1,0
P57088,Q08945,0
P57088,Q13724,0
P57088,Q15434,0
P57088,Q8IUR0,0
P57088,Q96QF0,0
P57088,Q96RK4,0
P57088,Q9H0U4,0
P57088,Q9WVH4,0
P57088,Q9Y383,0
P57740,Q13123,0
P57740,Q14257,0
P57740,Q66K89,0
P57740,Q86SZ2,0
P57740,Q96BR5,0
P57740,Q96QF0,0
P57740,Q96RK4,0
P57740,Q9NYA4,0
P60228,P62333,0
P60228,P82912,0
P60228,Q04917,0
P60228,Q16637,0
P60228,Q16891,0
P60228,Q53GQ0,0
P60228,Q7Z6Z7,0
P60228,Q8IUR0,0
P60228,Q96Q05,0
P60228,Q96QF0,0
P60228,Q96RK4,0
P60228,Q9BRX2,0
P60228,Q9NTJ3,0
P60228,Q9NTJ5,0
P60228,Q9UJV9,0
P60228,Q9Y4W6,0
P60604,Q15154,0
P60604,Q8NDV7,0
P60604,Q8WUM0,0
P60604,Q96QF0,0
P60604,Q96RK4,0
P60604,Q9UBS4,0
P60709,P62191,0
P60709,Q7Z3U7,0
P60709,Q8N9E0,0
P60709,Q8NCK7,0
P60709,Q96BR5,0
P60709,Q96QF0,0
P60709,Q96RK4,0
P60709,Q9H0E9,0
P60709,Q9H307,0
P60709,Q9UJV9,0
P60709,Q9Y448,0
P61006,P62491,0
P61006,P68400,0
P61006,P70452,0
P61006,Q13573,0
P61006,Q15907,0
P61006,Q5T160,0
P61006,Q86VP6,0
P61006,Q8IWZ6,0
P61006,Q8K2G4,0
P61006,Q8NBM4,0
P61006,Q8NFJ9,0
P61006,Q96EB6,0
P61006,Q96RK4,0
P61006,Q9BXC9,0
P61006,Q9CWF6,0
P61006,Q9H0F7,0
P61006,Q9H2F5,0
P61006,Q9HD20,0
P61006,Q9JHQ5,0
P61006,Q9WV78,0
P61026,Q12797,0
P61026,Q3U0M1,0
P61026,Q96GD4,0
P61026,Q96QF0,0
P61026,Q96RK4,0
P61026,Q9BYW2,0
P61026,Q9HDC9,0
P61026,Q9Y4R8,0
P61163,Q12797,0
P61163,Q13283,0
P61163,Q3TLI0,0
P61163,Q5T160,0
P61163,Q7L5D6,0
P61163,Q7Z6Z7,0
P61163,Q92804,0
P61163,Q96QF0,0
P61163,Q96RK4,0
P61163,Q9BPW8,0
P61163,Q9HAF1,0
P61163,Q9NPJ1,0
P61163,Q9UBM7,0
P61163,Q9Y3D0,0
P61163,Q9Y4H2,0
P61962,P62820,0
P61962,Q14643,0
P61962,Q15006,0
P61962,Q4VC05,0
P61962,Q5SNT2,0
P61962,Q96QF0,0
P61962,Q96RK4,0
P61962,Q9BYW2,0
P61962,Q9H0E9,0
P61962,Q9NP92,0
P61962,Q9WV78,0
P61981,P62805,0
P61981,P70452,0
P61981,Q08850,0
P61981,Q15434,0
P61981,Q3UJU9,0
P61981,Q8IUR0,0
P61981,Q96QF0,0
P61981,Q96RK4,0
P61981,Q96S52,0
P61981,Q9BRK5,0
P61981,Q9NWB6,0
P61981,Q9Y3C1,0
P61981,Q9Y4W6,0
P62136,P68363,0
P62136,Q14204,0
P62136,Q14739,0
P62136,Q5H9R7,0
P62136,Q80U30,0
P62136,Q811G0,0
P62136,Q8NBJ5,0
P62136,Q8TAM1,0
P62136,Q96QF0,0
P62136,Q96RK4,0
P62136,Q9NPF5,0
P62136,Q9UDW3,0
P62140,Q15293,0
P62140,Q8N5P1,0
P62140,Q8WUM0,0
P62140,Q96QF0,0
P62140,Q96RK4,0
P62140,Q99942,0
P62140,Q9BRK5,0
P62140,Q9BSR8,0
P62140,Q9C005,0
P62191,P63045,0
P62191,Q00577,0
P62191,Q13573,0
P62191,Q15907,0
P62191,Q4GYY5,0
P62191,Q60770,0
P62191,Q8TAM2,0
P62191,Q92900,0
P62191,Q96QF0,0
P62191,Q96RK4,0
P62191,Q9BRK5,0
P62191,Q9H9S3,0
P62191,Q9UNF1,0
P62191,Q9Y2G8,0
P62191,Q9Y3C1,0
P62195,Q5C9Z4,0
P62195,Q92665,0
P62195,Q96QF0,0
P62195,Q96RK4,0
P62258,Q14974,0
P62258,Q5JPE7,0
P62258,Q71RC2,0
P62258,Q92665,0
P62258,Q96BR5,0
P62258,Q96QF0,0
P62258,Q96RK4,0
P62258,Q9BUJ2,0
P62258,Q9P0I2,0
P62333,Q14449,0
P62333,Q14683,0
P62333,Q15008,0
P62333,Q71DI3,0
P62333,Q923E4,0
P62333,Q969V3,0
P62333,Q96QF0,0
P62333,Q96RK4,0
P62491,P70452,0
P62491,Q00577,0
P62491,Q13509,0
P62491,Q15014,0
P62491,Q5T160,0
P62491,Q8NCK7,0
P62491,Q96RK4,0
P62491,Q9JME7,0
P62492,P70452,0
P62492,Q08850,0
P62492,Q13509,0
P62492,Q13627,0
P62492,Q14444,0
P62492,Q14683,0
P62492,Q14746,0
P62492,Q3V3N7,0
P62492,Q57UH8,0
P62492,Q5T160,0
P62492,Q60770,0
P62492,Q7Z3U7,0
P62492,Q86VP6,0
P62492,Q8IWZ6,0
P62492,Q8NCK7,0
P62492,Q8NFJ9,0
P62492,Q96BR5,0
P62492,Q96EB6,0
P62492,Q96QF0,0
P62492,Q96RK4,0
P62492,Q9BXC9,0
P62492,Q9H0F7,0
P62492,Q9NPJ1,0
P62492,Q9UET6,0
P62492,Q9UPT5,0
P62805,P70452,0
P62805,Q14449,0
P62805,Q5VWC4,0
P62805,Q6DN90,0
P62805,Q7Z3C6,0
P62805,Q8TAM2,0
P62805,Q96QF0,0
P62805,Q96RK4,0
P62805,Q9UI12,0
P62805,Q9ULD9,0
P62820,P68400,0
P62820,Q08945,0
P62820,Q4GYY5,0
P62820,Q96QF0,0
P62820,Q96RK4,0
P62820,Q9H147,0
P62820,Q9NQ48,0
P62820,Q9NQH7,0
P62820,Q9UBK2,0
P62873,P68400,0
P62873,Q58EX7,0
P62873,Q96QF0,0
P62873,Q96RK4,0
P62873,Q9NS69,0
P62873,Q9ULX6,0
P62987,P70452,0
P62987,Q13724,0
P62987,Q14974,0
P62987,Q60700,0
P62987,Q6ZNB6,0
P62987,Q71RC2,0
P62987,Q7RTV0,0
P62987,Q86VP6,0
P62987,Q8NFQ8,0
P62987,Q92615,0
P62987,Q96CS3,0
P62987,Q96QF0,0
P62987,Q96RK4,0
P62987,Q9BSJ2,0
P63044,Q00535,0
P63044,Q04637,0
P63044,Q09137,0
P63044,Q3V3N7,0
P63044,Q7Z3Y7,0
P63044,Q8IWZ6,0
P63044,Q8K2G4,0
P63044,Q8NCK7,0
P63044,Q8TEM1,0
P63044,Q96A33,0
P63044,Q96EB6,0
P63044,Q96QF0,0
P63044,Q96RK4,0
P63044,Q9BPW8,0
P63044,Q9BXC9,0
P63044,Q9CWF6,0
P63044,Q9H0F7,0
P63044,Q9JHQ5,0
P63044,Q9NPJ1,0
P63045,P68400,0
P63045,Q02248,0
P63045,Q09472,0
P63045,Q14697,0
P63045,Q3V3N7,0
P63045,Q3ZCM7,0
P63045,Q5M775,0
P63045,Q63503,0
P63045,Q66H80,0
P63045,Q8NCK7,0
P63045,Q8NFJ9,0
P63045,Q96EB6,0
P63045,Q96QF0,0
P63045,Q96RK4,0
P63045,Q9BUJ2,0
P63045,Q9BXC9,0
P63045,Q9BYF1,0
P63045,Q9H0F7,0
P63045,Q9H5Q4,0
P63045,Q9JHQ5,0
P63045,Q9NPJ1,0
P63045,Q9UBB4,0
P63045,Q9UDW3,0
P63045,Q9Y5V3,0
P63098,Q5SRD1,0
P63098,Q5T3I0,0
P63098,Q60770,0
P63098,Q66K89,0
P63098,Q6PJG6,0
P63098,Q8NCK7,0
P63098,Q969V3,0
P63098,Q96GM8,0
P63098,Q96QF0,0
P63098,Q96RK4,0
P63098,Q9NTG7,0
P63098,Q9WV78,0
P63098,Q9Y285,0
P63104,Q3U0M1,0
P63104,Q5JWF2,0
P63104,Q5VWC4,0
P63104,Q8N0V3,0
P63104,Q96F45,0
P63104,Q96GD4,0
P63104,Q96P70,0
P63104,Q96QF0,0
P63104,Q96RK4,0
P63104,Q9H307,0
P63104,Q9Y4W6,0
P63167,P68104,0
P63167,Q38DU9,0
P63167,Q5H9R7,0
P63167,Q6P4A7,0
P63167,Q6PCB8,0
P63167,Q8IXI1,0
P63167,Q92538,0
P63167,Q96QF0,0
P63167,Q96RK4,0
P63167,Q9H936,0
P63167,Q9HD20,0
P63167,Q9NUP9,0
P63167,Q9UN86,0
P63167,Q9UPQ9,0
P63173,Q96QF0,0
P63173,Q96RK4,0
P63173,Q9BSJ2,0
P63173,Q9UJV9,0
P63244,Q12797,0
P63244,Q71DI3,0
P63244,Q8IWZ6,0
P63244,Q8IYB5,0
P63244,Q96D53,0
P63244,Q96PM9,0
P63244,Q96QF0,0
P63244,Q96RK4,0
P63244,Q99653,0
P63244,Q9HAU5,0
P63244,Q9NQ48,0
P67870,P68363,0
P67870,Q16637,0
P67870,Q16891,0
P67870,Q5SNT2,0
P67870,Q6DN90,0
P67870,Q6UW78,0
P67870,Q8NCK7,0
P67870,Q8TEQ8,0
P67870,Q8WUM0,0
P67870,Q96FV9,0
P67870,Q96QF0,0
P67870,Q96RK4,0
P67870,Q9HAU5,0
P67870,Q9UHI6,0
P68104,Q86SZ2,0
P68104,Q8WUH6,0
P68104,Q8WVX9,0
P68104,Q92947,0
P68104,Q96L91,0
P68104,Q96QF0,0
P68104,Q96RK4,0
P68104,Q9BUF5,0
P68104,Q9NQ48,0
P68104,Q9NUP9,0
P68363,Q3SYG4,0
P68363,Q60700,0
P68363,Q8TAT6,0
P68363,Q96QF0,0
P68363,Q96RK4,0
P68363,Q9UBU8,0
P68363,Q9Y3C7,0
P68363,Q9Y4L1,0
P68366,Q5NCF2,0
P68366,Q6YHU6,0
P68366,Q7L5D6,0
P68366,Q86Y07,0
P68366,Q86Y56,0
P68366,Q8TAM2,0
P68366,Q96JJ7,0
P68366,Q96QF0,0
P68366,Q96RK4,0
P68366,Q9BUJ2,0
P68366,Q9NSG2,0
P68366,Q9NY65,0
P68371,Q00535,0
P68371,Q14204,0
P68371,Q8TAM1,0
P68371,Q8TAT6,0
P68371,Q96QF0,0
P68371,Q96RK4,0
P68371,Q9D289,0
P68371,Q9NS69,0
P68371,Q9Y4W6,0
P68371,Q9Y5A9,0
P68400,P78371,0
P68400,Q02978,0
P68400,Q13200,0
P68400,Q53G59,0
P68400,Q57UH8,0
P68400,Q5H9R7,0
P68400,Q60700,0
P68400,Q60770,0
P68400,Q6ZW61,0
P68400,Q811G0,0
P68400,Q8IWZ6,0
P68400,Q8NCK7,0
P68400,Q96QF0,0
P68400,Q96RK4,0
P68400,Q9BVA1,0
P68400,Q9BXC9,0
P68400,Q9CWF6,0
P68400,Q9H0F7,0
P68400,Q9R1E0,0
P68400,Q9Y277,0
P68400,Q9Y2J4,0
P68400,Q9Y4W6,0
P68400,R4GMR5,0
P68431,P84090,0
P68431,Q14568,0
P68431,Q2KHR2,0
P68431,Q3TLI0,0
P68431,Q6P4A7,0
P68431,Q86VP6,0
P68431,Q86Y56,0
P68431,Q92538,0
P68431,Q96GD4,0
P68431,Q96QF0,0
P68431,Q96RK4,0
P68431,Q99942,0
P68431,Q9UHI6,0
P70452,P78371,0
P70452,Q00059,0
P70452,Q14449,0
P70452,Q15907,0
P70452,Q3SYG4,0
P70452,Q3V3N7,0
P70452,Q5NCF2,0
P70452,Q8IWZ6,0
P70452,Q8K2G4,0
P70452,Q8NBM4,0
P70452,Q8NCK7,0
P70452,Q8TCJ2,0
P70452,Q92545,0
P70452,Q96EB6,0
P70452,Q96QF0,0
P70452,Q96RK4,0
P70452,Q9BSJ2,0
P70452,Q9CWF6,0
P70452,Q9H0F7,0
P70452,Q9H773,0
P70452,Q9NPJ1,0
P70452,Q9NZ01,0
P70452,Q9R1E0,0
P70452,Q9UKV0,0
P70452,Q9Y3Y2,0
P70452,Q9Y4Y9,0
P78318,Q3V3N7,0
P78318,Q96GF1,0
P78318,Q96QF0,0
P78318,Q96RK4,0
P78318,Q9BUF5,0
P78318,Q9BXF3,0
P78318,Q9GZN1,0
P78318,Q9NQH7,0
P78318,Q9UBS4,0
P78318,Q9UJV9,0
P78318,Q9Y277,0
P78318,Q9Y4W6,0
P78371,Q02248,0
P78371,Q08850,0
P78371,Q14643,0
P78371,Q14694,0
P78371,Q3V3N7,0
P78371,Q53EU6,0
P78371,Q5JWF2,0
P78371,Q60770,0
P78371,Q69YQ0,0
P78371,Q811G0,0
P78371,Q8K2G4,0
P78371,Q8NCK7,0
P78371,Q8NFJ9,0
P78371,Q92665,0
P78371,Q96EB6,0
P78371,Q96HA1,0
P78371,Q96QF0,0
P78371,Q96RK4,0
P78371,Q99615,0
P78371,Q9BSJ2,0
P78371,Q9CQA1,0
P78371,Q9CWF6,0
P78371,Q9JHQ5,0
P78371,Q9NUD5,0
P78371,Q9UBU8,0
P78371,Q9UBX3,0
P78371,Q9Y4L1,0
P78527,P84243,0
P78527,Q00325,0
P78527,Q13724,0
P78527,Q3TLI0,0
P78527,Q96QF0,0
P78527,Q96RK4,0
P78527,Q9H0U4,0
P78527,Q9H2F5,0
P82912,Q07065,0
P82912,Q14669,0
P82912,Q8NFQ8,0
P82912,Q96QF0,0
P82912,Q96RK4,0
P82912,Q9CQA1,0
P82912,Q9NTJ3,0
P82912,Q9UN86,0
P84090,Q96QF0,0
P84090,Q96RK4,0
P84090,Q9BRT8,0
P84090,Q9BSR8,0
P84090,Q9CQP2,0
P84090,Q9NY65,0
P84090,Q9UBB4,0
P84243,Q09472,0
P84243,Q7RTV0,0
P84243,Q86X95,0
P84243,Q92621,0
P84243,Q92973,0
P84243,Q96QF0,0
P84243,Q96RK4,0
P84243,Q9BSD7,0
P84243,Q9H0E9,0
P84243,Q9H583,0
P84243,Q9WVH4,0
P84243,Q9Y5R8,0
Q00059,Q96EB6,0
Q00059,Q96QF0,0
Q00059,Q96RK4,0
Q00059,Q99KR7,0
Q00059,Q9BUF5,0
Q00059,Q9UL15,0
Q00325,Q09161,0
Q00325,Q13627,0
Q00325,Q3ZCM7,0
Q00325,Q5C9Z4,0
Q00325,Q5W0B1,0
Q00325,Q8C1Z7,0
Q00325,Q8NF37,0
Q00325,Q96QF0,0
Q00325,Q96RK4,0
Q00325,Q9BTY2,0
Q00325,Q9NRR5,0
Q00325,Q9NV56,0
Q00535,Q71RC2,0
Q00535,Q8NCK7,0
Q00535,Q96QF0,0
Q00535,Q96RK4,0
Q00535,Q99653,0
Q00535,Q9H078,0
Q00535,Q9NTJ3,0
Q00535,Q9ULX6,0
Q00535,Q9UQL6,0
Q00535,Q9Y285,0
Q00577,Q15154,0
Q00577,Q96QF0,0
Q00577,Q96RK4,0
Q00577,Q9H7B2,0
Q00577,Q9NQH7,0
Q00577,Q9Y277,0
Q02248,Q04206,0
Q02248,Q08850,0
Q02248,Q14449,0
Q02248,Q15907,0
Q02248,Q3SYG4,0
Q02248,Q60770,0
Q02248,Q6ZW61,0
Q02248,Q811G0,0
Q02248,Q8C1Z7,0
Q02248,Q8IWZ6,0
Q02248,Q8K2G4,0
Q02248,Q8N3I7,0
Q02248,Q8NCK7,0
Q02248,Q8NFJ9,0
Q02248,Q8TAM2,0
Q02248,Q8TBF4,0
Q02248,Q8VD72,0
Q02248,Q93084,0
Q02248,Q96QF0,0
Q02248,Q96RK4,0
Q02248,Q9BW92,0
Q02248,Q9BXC9,0
Q02248,Q9BYF1,0
Q02248,Q9CZQ9,0
Q02248,Q9H0F7,0
Q02248,Q9HDC9,0
Q02248,Q9NPJ1,0
Q02248,Q9NQ48,0
Q02248,Q9R1E0,0
Q02248,Q9Y277,0
Q02248,Q9Y4H2,0
Q02978,Q14527,0
Q02978,Q14974,0
Q02978,Q3TLI0,0
Q02978,Q5LJA5,0
Q02978,Q5T3I0,0
Q02978,Q60700,0
Q02978,Q8NDQ6,0
Q02978,Q8TA86,0
Q02978,Q92616,0
Q02978,Q96QF0,0
Q02978,Q96RK4,0
Q02978,Q9H1K4,0
Q02978,Q9NYU2,0
Q02978,Q9UKV0,0
Q04206,Q12797,0
Q04206,Q14444,0
Q04206,Q14643,0
Q04206,Q14694,0
Q04206,Q8IXI1,0
Q04206,Q8NCK7,0
Q04206,Q96QF0,0
Q04206,Q96RK4,0
Q04637,Q14697,0
Q04637,Q16891,0
Q04637,Q3UJU9,0
Q04637,Q4VC05,0
Q04637,Q5SNT2,0
Q04637,Q7Z3C6,0
Q04637,Q969V3,0
Q04637,Q96QF0,0
Q04637,Q96RK4,0
Q04637,Q9NUP9,0
Q04637,Q9NVI1,0
Q04637,Q9UL33,0
Q04917,Q12840,0
Q04917,Q13724,0
Q04917,Q15154,0
Q04917,Q5C9Z4,0
Q04917,Q811G0,0
Q04917,Q92665,0
Q04917,Q96QF0,0
Q04917,Q96RK4,0
Q04917,Q9BRT8,0
Q04917,Q9CQA1,0
Q04917,Q9UBF2,0
Q04917,Q9ULX6,0
Q04917,Q9UNP9,0
Q04917,Q9Y3D0,0
Q07065,Q2KHR2,0
Q07065,Q8N3I7,0
Q07065,Q93084,0
Q07065,Q969V3,0
Q07065,Q96A33,0
Q07065,Q96QF0,0
Q07065,Q96RK4,0
Q07065,Q99615,0
Q07065,Q9NZ01,0
Q07065,Q9UBK2,0
Q07065,Q9Y4W6,0
Q08209,Q8NCK7,0
Q08209,Q92804,0
Q08209,Q96PM9,0
Q08209,Q96QF0,0
Q08209,Q96RK4,0
Q08209,Q9NUP9,0
Q08209,Q9Y448,0
Q08850,Q13885,0
Q08850,Q14449,0
Q08850,Q3SYG4,0
Q08850,Q3V3N7,0
Q08850,Q57UH8,0
Q08850,Q6YHU6,0
Q08850,Q6ZW61,0
Q08850,Q811G0,0
Q08850,Q8IWZ6,0
Q08850,Q8NCK7,0
Q08850,Q96QF0,0
Q08850,Q96RK4,0
Q08850,Q96S52,0
Q08850,Q9BXC9,0
Q08850,Q9H0F7,0
Q08850,Q9H936,0
Q08850,Q9NPJ1,0
Q08850,Q9NRG9,0
Q08850,Q9NTG7,0
Q08850,Q9UDW3,0
Q08850,Q9WVH4,0
Q08945,Q14257,0
Q08945,Q14568,0
Q08945,Q8TCJ2,0
Q08945,Q96QF0,0
Q08945,Q96RK4,0
Q08945,Q9H583,0
Q08945,Q9H5Q4,0
Q08945,Q9JHQ5,0
Q08945,Q9NTG7,0
Q08945,Q9Y3Y2,0
Q08945,Q9Y4H2,0
Q09137,Q13573,0
Q09137,Q3SYG4,0
Q09137,Q5VWC4,0
Q09137,Q6P4A7,0
Q09137,Q86X95,0
Q09137,Q8NBJ5,0
Q09137,Q8NCK7,0
Q09137,Q92643,0
Q09137,Q96QF0,0
Q09137,Q96RK4,0
Q09161,Q53GQ0,0
Q09161,Q58EX7,0
Q09161,Q71DI3,0
Q09161,Q8BH75,0
Q09161,Q8N1N4,0
Q09161,Q8N5P1,0
Q09161,Q92782,0
Q09161,Q96QF0,0
Q09161,Q96RK4,0
Q09161,Q9HAV4,0
Q09161,Q9NQ29,0
Q09161,Q9UDW3,0
Q09161,Q9Y383,0
Q09472,Q15907,0
Q09472,Q5LJA5,0
Q09472,Q86Y56,0
Q09472,Q8NCK7,0
Q09472,Q96F45,0
Q09472,Q96QF0,0
Q09472,Q96RK4,0
Q09472,Q9H583,0
Q09472,Q9P2R6,0
Q09472,Q9UBU8,0
Q09472,Q9UDY4,0
Q09472,Q9ULD9,0
Q09472,Q9Y3C7,0
Q09472,Q9Y3D0,0
Q12797,Q13217,0
Q12797,Q2KHR2,0
Q12797,Q53EU6,0
Q12797,Q57UH8,0
Q12797,Q6PCB8,0
Q12797,Q7L5D6,0
Q12797,Q92804,0
Q12797,Q92890,0
Q12797,Q96CK0,0
Q12797,Q96QF0,0
Q12797,Q96RK4,0
Q12797,Q9BYW2,0
Q12797,Q9H0E9,0
Q12797,Q9NUD5,0
Q12797,Q9UH99,0
Q12840,Q14444,0
Q12840,Q14669,0
Q12840,Q16637,0
Q12840,Q5SRE5,0
Q12840,Q8IXI1,0
Q12840,Q8NCK7,0
Q12840,Q8TEM1,0
Q12840,Q92615,0
Q12840,Q92782,0
Q12840,Q96QF0,0
Q12840,Q96RK4,0
Q12840,Q9BXC9,0
Q13123,Q15773,0
Q13123,Q5XKP0,0
Q13123,Q60700,0
Q13123,Q8TEQ8,0
Q13123,Q96HA1,0
Q13123,Q96QF0,0
Q13123,Q96RK4,0
Q13123,Q9BTY2,0
Q13123,Q9NPJ1,0
Q13123,Q9NWB6,0
Q13123,Q9UNM6,0
Q13200,Q7Z3Y7,0
Q13200,Q8IWZ6,0
Q13200,Q92538,0
Q13200,Q96GD4,0
Q13200,Q96QF0,0
Q13200,Q96RK4,0
Q13200,Q9BRX2,0
Q13200,Q9H1K4,0
Q13200,Q9HD45,0
Q13200,Q9NTG7,0
Q13200,Q9Y2G8,0
Q13217,Q14257,0
Q13217,Q14643,0
Q13217,Q60700,0
Q13217,Q8NDV7,0
Q13217,Q8WTW3,0
Q13217,Q96QF0,0
Q13217,Q96RK4,0
Q13217,Q9BSJ2,0
Q13217,Q9NS69,0
Q13217,Q9NYA4,0
Q13283,Q14203,0
Q13283,Q15014,0
Q13283,Q15942,0
Q13283,Q7RTV0,0
Q13283,Q96GD4,0
Q13283,Q96QF0,0
Q13283,Q96RK4,0
Q13283,Q9HAF1,0
Q13283,Q9UJV9,0
Q13409,Q57UH8,0
Q13409,Q6PJG2,0
Q13409,Q8N0V3,0
Q13409,Q8NFD5,0
Q13409,Q8TAM1,0
Q13409,Q8WTW3,0
Q13409,Q96QF0,0
Q13409,Q96RK4,0
Q13409,Q9UNM6,0
Q13418,Q14568,0
Q13418,Q14669,0
Q13418,Q15008,0
Q13418,Q38DU9,0
Q13418,Q8N9M5,0
Q13418,Q96QF0,0
Q13418,Q96RK4,0
Q13418,Q99460,0
Q13418,Q9BSD7,0
Q13418,Q9BTY2,0
Q13418,Q9CQA1,0
Q13418,Q9CQP2,0
Q13418,Q9HCU5,0
Q13418,Q9R1E0,0
Q13418,Q9UPT5,0
Q13418,Q9Y4H2,0
Q13509,Q69YQ0,0
Q13509,Q96PK6,0
Q13509,Q96QF0,0
Q13509,Q96RK4,0
Q13509,Q9BWJ5,0
Q13509,Q9ES56,0
Q13509,Q9Y2G8,0
Q13573,Q15008,0
Q13573,Q8NI60,0
Q13573,Q96QF0,0
Q13573,Q96RK4,0
Q13573,Q9BPW8,0
Q13573,Q9H5V9,0
Q13573,Q9HDC9,0
Q13627,Q6ZW61,0
Q13627,Q8N3I7,0
Q13627,Q96F45,0
Q13627,Q96QF0,0
Q13627,Q96RK4,0
Q13627,Q9HD20,0
Q13627,Q9UDW3,0
Q13627,Q9Y5B9,0
Q13724,Q86X95,0
Q13724,Q92890,0
Q13724,Q96QF0,0
Q13724,Q96RK4,0
Q13724,Q99733,0
Q13724,Q9UDW3,0
Q13724,Q9UKV0,0
Q13724,Q9UL33,0
Q13724,Q9UNF1,0
Q13823,Q15293,0
Q13823,Q38DU9,0
Q13823,Q96CK0,0
Q13823,Q96QF0,0
Q13823,Q96RK4,0
Q13823,Q9H2F5,0
Q13823,Q9UJS0,0
Q13885,Q14643,0
Q13885,Q5M775,0
Q13885,Q5T3I0,0
Q13885,Q8ND56,0
Q13885,Q969V3,0
Q13885,Q96QF0,0
Q13885,Q96RK4,0
Q13885,U3KQK0,0
Q14203,Q15008,0
Q14203,Q3UPR7,0
Q14203,Q5T160,0
Q14203,Q96QF0,0
Q14203,Q96RK4,0
Q14203,Q9NSG2,0
Q14203,Q9NV56,0
Q14203,Q9UN86,0
Q14204,Q3V3N7,0
Q14204,Q8TCJ2,0
Q14204,Q923E4,0
Q14204,Q96QF0,0
Q14204,Q96RK4,0
Q14204,Q9BXC9,0
Q14204,Q9CWF6,0
Q14204,Q9NVI1,0
Q14204,Q9Y4W6,0
Q14257,Q15154,0
Q14257,Q60932,0
Q14257,Q6PI48,0
Q14257,Q8WVX9,0
Q14257,Q96QF0,0
Q14257,Q96RK4,0
Q14257,Q9NPF5,0
Q14257,Q9NY65,0
Q14444,Q15907,0
Q14444,Q6ZW61,0
Q14444,Q7Z3U7,0
Q14444,Q96QF0,0
Q14444,Q96RK4,0
Q14444,Q9NVI1,0
Q14444,Q9Y277,0
Q14444,Q9Y5V3,0
Q14449,Q15907,0
Q14449,Q3V3N7,0
Q14449,Q3ZCQ8,0
Q14449,Q4GYY5,0
Q14449,Q5LJA5,0
Q14449,Q60700,0
Q14449,Q60770,0
Q14449,Q69YQ0,0
Q14449,Q71RC2,0
Q14449,Q7RTV0,0
Q14449,Q8IWZ6,0
Q14449,Q8IXI1,0
Q14449,Q8K2G4,0
Q14449,Q8NCK7,0
Q14449,Q8NFJ9,0
Q14449,Q8TEM1,0
Q14449,Q8TEQ8,0
Q14449,Q96EB6,0
Q14449,Q96QF0,0
Q14449,Q96RK4,0
Q14449,Q9BXC9,0
Q14449,Q9CWF6,0
Q14449,Q9HCJ0,0
Q14449,Q9NP92,0
Q14449,Q9NPJ1,0
Q14449,Q9NTG7,0
Q14449,Q9NUP9,0
Q14449,Q9UBM7,0
Q14449,Q9Y5A9,0
Q14527,Q14694,0
Q14527,Q14697,0
Q14527,Q8TAM1,0
Q14527,Q96Q05,0
Q14527,Q96QF0,0
Q14527,Q96RK4,0
Q14527,Q9NP92,0
Q14568,Q5H9R7,0
Q14568,Q5HYI8,0
Q14568,Q86SZ2,0
Q14568,Q92545,0
Q14568,Q96QF0,0
Q14568,Q96RK4,0
Q14568,Q9H9E1,0
Q14568,Q9UBK2,0
Q14568,Q9Y383,0
Q14643,Q15154,0
Q14643,Q16891,0
Q14643,Q3SYG4,0
Q14643,Q3ZCQ8,0
Q14643,Q53EU6,0
Q14643,Q5H9R7,0
Q14643,Q5T160,0
Q14643,Q60700,0
Q14643,Q60770,0
Q14643,Q69YQ0,0
Q14643,Q811G0,0
Q14643,Q86X55,0
Q14643,Q8IWZ6,0
Q14643,Q8N3I7,0
Q14643,Q8NCK7,0
Q14643,Q8NFJ9,0
Q14643,Q8TAM2,0
Q14643,Q8VD72,0
Q14643,Q923E4,0
Q14643,Q92973,0
Q14643,Q969V3,0
Q14643,Q96BY9,0
Q14643,Q96JJ7,0
Q14643,Q96QF0,0
Q14643,Q96RK4,0
Q14643,Q9BRX2,0
Q14643,Q9BXC9,0
Q14643,Q9BYF1,0
Q14643,Q9CWF6,0
Q14643,Q9CZQ9,0
Q14643,Q9H0F7,0
Q14643,Q9H5Q4,0
Q14643,Q9H773,0
Q14643,Q9HCJ0,0
Q14643,Q9JHQ5,0
Q14643,Q9NQ48,0
Q14643,Q9NWB6,0
Q14643,Q9NYA4,0
Q14643,Q9P0I2,0
Q14643,Q9R1E0,0
Q14643,Q9UNF1,0
Q14669,Q3SYG4,0
Q14669,Q57UH8,0
Q14669,Q5LJA5,0
Q14669,Q5T3I0,0
Q14669,Q96QF0,0
Q14669,Q96RK4,0
Q14669,Q9BTY2,0
Q14669,Q9HAU5,0
Q14683,Q15008,0
Q14683,Q15014,0
Q14683,Q2KHR2,0
Q14683,Q5HYI8,0
Q14683,Q7Z3Y7,0
Q14683,Q8NFJ9,0
Q14683,Q96QF0,0
Q14683,Q96RK4,0
Q14683,Q9UN37,0
Q14683,Q9Y383,0
Q14683,Q9Y4W6,0
Q14694,Q53R41,0
Q14694,Q5C9Z4,0
Q14694,Q5NCF2,0
Q14694,Q5VWC4,0
Q14694,Q7Z6Z7,0
Q14694,Q92890,0
Q14694,Q96QF0,0
Q14694,Q96RK4,0
Q14697,Q6P4A7,0
Q14697,Q7L5D6,0
Q14697,Q8N5P1,0
Q14697,Q96PK6,0
Q14697,Q96QF0,0
Q14697,Q96RK4,0
Q14697,Q9CQA1,0
Q14697,U3KQK0,0
Q14739,Q6PCB8,0
Q14739,Q7Z6Z7,0
Q14739,Q8IWZ6,0
Q14739,Q8WTW3,0
Q14739,Q92922,0
Q14739,Q96QF0,0
Q14739,Q96RK4,0
Q14739,Q96S52,0
Q14739,Q9HAV4,0
Q14739,Q9Y3Y2,0
Q14739,Q9Y4H2,0
Q14746,Q8WVX9,0
Q14746,Q96Q05,0
Q14746,Q96QF0,0
Q14746,Q96RK4,0
Q14746,Q9CQP2,0
Q14746,Q9HD45,0
Q14746,Q9UBS4,0
Q14746,Q9WVH4,0
Q14974,Q3ZCM7,0
Q14974,Q8N1N4,0
Q14974,Q96QF0,0
Q14974,Q96RK4,0
Q14974,Q99707,0
Q14974,Q9CZQ9,0
Q14974,Q9UJS0,0
Q14974,R4GMR5,0
Q15006,Q3TLI0,0
Q15006,Q5VWC4,0
Q15006,Q96QF0,0
Q15006,Q96RK4,0
Q15006,Q9ES56,0
Q15006,Q9H936,0
Q15006,Q9NRR5,0
Q15006,Q9UBS4,0
Q15006,Q9Y277,0
Q15008,Q15014,0
Q15008,Q92922,0
Q15008,Q96GF1,0
Q15008,Q96QF0,0
Q15008,Q96RK4,0
Q15008,Q9BRX2,0
Q15008,Q9H0U4,0
Q15008,Q9UN37,0
Q15014,Q5JPE7,0
Q15014,Q7Z6Z7,0
Q15014,Q92947,0
Q15014,Q96CS3,0
Q15014,Q96QF0,0
Q15014,Q96RK4,0
Q15014,Q9UDY4,0
Q15014,Q9UL15,0
Q15154,Q3V3N7,0
Q15154,Q6ZW61,0
Q15154,Q8IWZ6,0
Q15154,Q8NCK7,0
Q15154,Q8WUH6,0
Q15154,Q92615,0
Q15154,Q92804,0
Q15154,Q96EB6,0
Q15154,Q96PM9,0
Q15154,Q96Q05,0
Q15154,Q96QF0,0
Q15154,Q9BYF1,0
Q15154,Q9CWF6,0
Q15154,Q9NPJ1,0
Q15154,Q9R1E0,0
Q15154,Q9UNP9,0
Q15154,Q9Y4H2,0
Q15293,Q3ZCM7,0
Q15293,Q8TAT6,0
Q15293,Q96QF0,0
Q15293,Q96RK4,0
Q15293,Q9H583,0
Q15293,Q9HD45,0
Q15293,Q9NVI1,0
Q15293,Q9UBM7,0
Q15293,Q9ULX6,0
Q15293,Q9UPT5,0
Q15392,Q811G0,0
Q15392,Q96F45,0
Q15392,Q96QF0,0
Q15392,Q96RK4,0
Q15392,Q9UBK2,0
Q15392,R4GMR5,0
Q15434,Q3U0M1,0
Q15434,Q5NCF2,0
Q15434,Q7Z3U7,0
Q15434,Q96QF0,0
Q15434,Q96RK4,0
Q15434,Q9R1E0,0
Q15773,Q69YQ0,0
Q15773,Q8C1Z7,0
Q15773,Q8TC07,0
Q15773,Q92545,0
Q15773,Q969V3,0
Q15773,Q96QF0,0
Q15773,Q96RK4,0
Q15773,Q9BSJ2,0
Q15773,Q9NRR5,0
Q15773,Q9UQL6,0
Q15773,Q9Y4W6,0
Q15907,Q52LR7,0
Q15907,Q6PJG6,0
Q15907,Q7L5D6,0
Q15907,Q8IWZ6,0
Q15907,Q8NFJ9,0
Q15907,Q8TCJ2,0
Q15907,Q92782,0
Q15907,Q96EB6,0
Q15907,Q96PK6,0
Q15907,Q96RK4,0
Q15907,Q99707,0
Q15907,Q9BXC9,0
Q15907,Q9BYF1,0
Q15907,Q9CWF6,0
Q15907,Q9H0F7,0
Q15907,Q9NPJ1,0
Q15907,Q9NYU2,0
Q15907,Q9R1E0,0
Q15907,Q9UBK2,0
Q15907,Q9UL15,0
Q15907,Q9Y2G8,0
Q15942,Q2KHR2,0
Q15942,Q3UJU9,0
Q15942,Q5SNT2,0
Q15942,Q5TEC6,0
Q15942,Q86Y07,0
Q15942,Q8NI60,0
Q15942,Q96QF0,0
Q15942,Q96RK4,0
Q15942,Q9BXW9,0
Q15942,Q9H9E1,0
Q15942,Q9UJS0,0
Q15942,Q9Y5V3,0
Q16531,Q5SNT2,0
Q16531,Q5SRE5,0
Q16531,Q8IXI1,0
Q16531,Q96QF0,0
Q16531,Q96RK4,0
Q16531,Q99942,0
Q16531,Q9BSJ2,0
Q16531,Q9HD45,0
Q16531,Q9UBB4,0
Q16637,Q969V3,0
Q16637,Q96QF0,0
Q16637,Q96RK4,0
Q16637,Q9H9E1,0
Q16637,Q9UBU8,0
Q16637,Q9UBV2,0
Q16891,Q6PJG6,0
Q16891,Q96QF0,0
Q16891,Q96RK4,0
Q16891,Q9BXF3,0
Q16891,Q9H5Q4,0
Q16891,Q9HAV4,0
Q16891,Q9UJV9,0
Q16891,Q9WV78,0
Q16891,Q9Y4H2,0
Q2KHR2,Q6NXE6,0
Q2KHR2,Q92890,0
Q2KHR2,Q96FV9,0
Q2KHR2,Q96HA1,0
Q2KHR2,Q96QF0,0
Q2KHR2,Q96RK4,0
Q2KHR2,Q9BYF1,0
Q2TAC2,Q38DU9,0
Q2TAC2,Q8WTW3,0
Q2TAC2,Q96QF0,0
Q2TAC2,Q96RK4,0
Q2TAC2,Q9R1E0,0
Q38DU9,Q8NCK7,0
Q38DU9,Q96QF0,0
Q38DU9,Q96RK4,0
Q38DU9,Q99653,0
Q38DU9,Q9H078,0
Q38DU9,Q9UKV0,0
Q3SYG4,Q3UPR7,0
Q3SYG4,Q5SNT2,0
Q3SYG4,Q5W0B1,0
Q3SYG4,Q60700,0
Q3SYG4,Q63503,0
Q3SYG4,Q69YQ0,0
Q3SYG4,Q6ZNB6,0
Q3SYG4,Q6ZW61,0
Q3SYG4,Q86UL3,0
Q3SYG4,Q8C1Z7,0
Q3SYG4,Q8NCK7,0
Q3SYG4,Q8NF37,0
Q3SYG4,Q8TEM1,0
Q3SYG4,Q969V3,0
Q3SYG4,Q96GM8,0
Q3SYG4,Q96JJ7,0
Q3SYG4,Q96PM9,0
Q3SYG4,Q96QF0,0
Q3SYG4,Q96S52,0
Q3SYG4,Q9BTY2,0
Q3SYG4,Q9BYF1,0
Q3SYG4,Q9CWF6,0
Q3SYG4,Q9CZQ9,0
Q3SYG4,Q9H7B2,0
Q3SYG4,Q9H9E1,0
Q3SYG4,Q9NQH7,0
Q3SYG4,Q9NWB6,0
Q3SYG4,Q9P0I2,0
Q3SYG4,Q9UBU8,0
Q3SYG4,Q9UQL6,0
Q3SYG4,Q9WV78,0
Q3SYG4,Q9Y2J4,0
Q3TLI0,Q6ZW61,0
Q3TLI0,Q8N9E0,0
Q3TLI0,Q8NCK7,0
Q3TLI0,Q8ND56,0
Q3TLI0,Q92922,0
Q3TLI0,Q96RK4,0
Q3TLI0,Q9BXF3,0
Q3TLI0,Q9H2F5,0
Q3TLI0,Q9H5V9,0
Q3TLI0,Q9H773,0
Q3TLI0,Q9NVI1,0
Q3TLI0,Q9UBM7,0
Q3U0M1,Q66H80,0
Q3U0M1,Q7Z6Z7,0
Q3U0M1,Q86X95,0
Q3U0M1,Q8K2G4,0
Q3U0M1,Q8NCK7,0
Q3U0M1,Q8TEM1,0
Q3U0M1,Q92616,0
Q3U0M1,Q96RK4,0
Q3U0M1,Q9BSJ2,0
Q3U0M1,Q9BYF1,0
Q3U0M1,Q9CQP2,0
Q3U0M1,Q9ES56,0
Q3UJU9,Q53GQ0,0
Q3UJU9,Q5QPK2,0
Q3UJU9,Q5SNT2,0
Q3UJU9,Q811G0,0
Q3UJU9,Q8N1F7,0
Q3UJU9,Q8NCK7,0
Q3UJU9,Q8NFD5,0
Q3UJU9,Q8NI60,0
Q3UJU9,Q96BY9,0
Q3UJU9,Q96QF0,0
Q3UJU9,Q96RK4,0
Q3UPR7,Q811G0,0
Q3UPR7,Q86Y56,0
Q3UPR7,Q8N5F7,0
Q3UPR7,Q8NCK7,0
Q3UPR7,Q96RK4,0
Q3UPR7,Q9BVA1,0
Q3UPR7,Q9BXW9,0
Q3UPR7,Q9NYU2,0
Q3UPR7,Q9UKV0,0
Q3UPR7,Q9UN37,0
Q3V3N7,Q57UH8,0
Q3V3N7,Q60700,0
Q3V3N7,Q6ZW61,0
Q3V3N7,Q80U30,0
Q3V3N7,Q86Y56,0
Q3V3N7,Q8IWZ6,0
Q3V3N7,Q8N3I7,0
Q3V3N7,Q8N5F7,0
Q3V3N7,Q8NCK7,0
Q3V3N7,Q8NDV7,0
Q3V3N7,Q8NFJ9,0
Q3V3N7,Q8TAM2,0
Q3V3N7,Q96QF0,0
Q3V3N7,Q9BRK5,0
Q3V3N7,Q9BXC9,0
Q3V3N7,Q9BYF1,0
Q3V3N7,Q9H0F7,0
Q3V3N7,Q9NQ48,0
Q3V3N7,Q9ULX6,0
Q3ZCM7,Q86SZ2,0
Q3ZCM7,Q96HA1,0
Q3ZCM7,Q96QF0,0
Q3ZCM7,Q96RK4,0
Q3ZCM7,Q9H936,0
Q3ZCM7,Q9H9S3,0
Q3ZCQ8,Q4GYY5,0
Q3ZCQ8,Q96QF0,0
Q3ZCQ8,Q96RK4,0
Q3ZCQ8,Q9BXF3,0
Q3ZCQ8,Q9NUP9,0
Q3ZCQ8,Q9Y2G8,0
Q3ZCQ8,Q9Y2J4,0
Q3ZCQ8,Q9Y5A9,0
Q3ZCQ8,Q9Y5V3,0
Q4GYY5,Q5JPE7,0
Q4GYY5,Q8NCK7,0
Q4GYY5,Q96QF0,0
Q4GYY5,Q96RK4,0
Q4GYY5,Q9H9E1,0
Q4GYY5,Q9NSG2,0
Q4GYY5,Q9NVI1,0
Q4VC05,Q58EX7,0
Q4VC05,Q6PJG6,0
Q4VC05,Q8TCJ2,0
Q4VC05,Q96QF0,0
Q4VC05,Q96RK4,0
Q4VC05,Q9HDC9,0
Q4VC05,Q9P2R6,0
Q4VC05,Q9Y5B9,0
Q52LR7,Q53GQ0,0
Q52LR7,Q5XKP0,0
Q52LR7,Q60700,0
Q52LR7,Q96QF0,0
Q52LR7,Q96RK4,0
Q52LR7,Q9BYW2,0
Q52LR7,Q9ES56,0
Q52LR7,Q9HDC9,0
Q52LR7,Q9JME7,0
Q52LR7,Q9NRR5,0
Q52LR7,Q9NSG2,0
Q52LR7,Q9UN86,0
Q52LR7,Q9WVH4,0
Q53EU6,Q6YHU6,0
Q53EU6,Q8C1Z7,0
Q53EU6,Q8TEX9,0
Q53EU6,Q92616,0
Q53EU6,Q96BR5,0
Q53EU6,Q96HA1,0
Q53EU6,Q96QF0,0
Q53EU6,Q96RK4,0
Q53EU6,Q9BRX2,0
Q53EU6,Q9BYF1,0
Q53EU6,Q9H773,0
Q53EU6,Q9Y4H2,0
Q53EU6,Q9Y4Y9,0
Q53G59,Q7Z3C6,0
Q53G59,Q96Q05,0
Q53G59,Q96QF0,0
Q53G59,Q96RK4,0
Q53G59,Q9BYJ9,0
Q53G59,Q9R1E0,0
Q53G59,Q9UBB4,0
Q53G59,Q9UDW3,0
Q53G59,Q9UN86,0
Q53G59,Q9Y383,0
Q53G59,Q9Y4L1,0
Q53GQ0,Q57UH8,0
Q53GQ0,Q66H80,0
Q53GQ0,Q86X95,0
Q53GQ0,Q96D53,0
Q53GQ0,Q96GF1,0
Q53GQ0,Q96QF0,0
Q53GQ0,Q96RK4,0
Q53GQ0,Q9UQL6,0
Q53R41,Q5HYI8,0
Q53R41,Q7L5D6,0
Q53R41,Q8TEQ8,0
Q53R41,Q96BR5,0
Q53R41,Q96QF0,0
Q53R41,Q96RK4,0
Q53R41,Q99615,0
Q53R41,Q9H0F7,0
Q53R41,Q9HAF1,0
Q53R41,Q9NZ01,0
Q53R41,Q9UN37,0
Q53R41,Q9Y3C7,0
Q57UH8,Q5TEC6,0
Q57UH8,Q66K89,0
Q57UH8,Q8NCK7,0
Q57UH8,Q8NFJ9,0
Q57UH8,Q8TC07,0
Q57UH8,Q96EB6,0
Q57UH8,Q96QF0,0
Q57UH8,Q96RK4,0
Q57UH8,Q99942,0
Q57UH8,Q9BXC9,0
Q57UH8,Q9CZQ9,0
Q57UH8,Q9H0F7,0
Q57UH8,Q9NP92,0
Q57UH8,Q9UJS0,0
Q58EX7,Q5SRE5,0
Q58EX7,Q86Y56,0
Q58EX7,Q8N1F7,0
Q58EX7,Q96GD4,0
Q58EX7,Q96QF0,0
Q58EX7,Q96RK4,0
Q58EX7,Q9BXF3,0
Q58EX7,Q9UJS0,0
Q58EX7,Q9Y4Y9,0
Q5BKY9,Q5QPK2,0
Q5BKY9,Q5T160,0
Q5BKY9,Q8TAT6,0
Q5BKY9,Q96GF1,0
Q5BKY9,Q96QF0,0
Q5BKY9,Q96RK4,0
Q5BKY9,Q9CZQ9,0
Q5BKY9,Q9HAF1,0
Q5BKY9,Q9UN37,0
Q5BKY9,Q9Y5A9,0
Q5BKZ1,Q5HYI8,0
Q5BKZ1,Q7Z3Y7,0
Q5BKZ1,Q96BR5,0
Q5BKZ1,Q96PM9,0
Q5BKZ1,Q96QF0,0
Q5BKZ1,Q96RK4,0
Q5BKZ1,Q9NQ48,0
Q5BKZ1,Q9NWB6,0
Q5BKZ1,Q9Y4H2,0
Q5C9Z4,Q71DI3,0
Q5C9Z4,Q8N3I7,0
Q5C9Z4,Q8TC07,0
Q5C9Z4,Q96QF0,0
Q5C9Z4,Q96RK4,0
Q5C9Z4,Q9H773,0
Q5H9R7,Q5M775,0
Q5H9R7,Q92538,0
Q5H9R7,Q96QF0,0
Q5H9R7,Q96RK4,0
Q5H9R7,Q9H2F5,0
Q5H9R7,Q9H9E1,0
Q5H9R7,Q9NZ01,0
Q5H9R7,Q9R1E0,0
Q5H9R7,Q9UN86,0
Q5HYI8,Q5SRD1,0
Q5HYI8,Q68CQ7,0
Q5HYI8,Q8TEM1,0
Q5HYI8,Q96QF0,0
Q5HYI8,Q96RK4,0
Q5JPE7,Q96D53,0
Q5JPE7,Q96JJ7,0
Q5JPE7,Q96QF0,0
Q5JPE7,Q96RK4,0
Q5JPE7,Q9BSR8,0
Q5JPE7,Q9H0F7,0
Q5JPE7,Q9H936,0
Q5JPE7,Q9NPJ1,0
Q5JPE7,Q9Y4Y9,0
Q5JWF2,Q7RTV0,0
Q5JWF2,Q8C1Z7,0
Q5JWF2,Q8IWZ6,0
Q5JWF2,Q96QF0,0
Q5JWF2,Q96RK4,0
Q5JWF2,Q99570,0
Q5JWF2,Q99707,0
Q5JWF2,Q9H773,0
Q5JWF2,Q9H9S3,0
Q5JWF2,Q9UET6,0
Q5LJA5,Q60932,0
Q5LJA5,Q6YHU6,0
Q5LJA5,Q86X95,0
Q5LJA5,Q8TBF4,0
Q5LJA5,Q92616,0
Q5LJA5,Q96GF1,0
Q5LJA5,Q96QF0,0
Q5LJA5,Q96RK4,0
Q5LJA5,Q96S52,0
Q5LJA5,Q9BRT8,0
Q5LJA5,Q9H5Q4,0
Q5LJA5,Q9NQ48,0
Q5LJA5,Q9Y296,0
Q5M775,Q60700,0
Q5M775,Q86Y07,0
Q5M775,Q8N3R9,0
Q5M775,Q92782,0
Q5M775,Q92947,0
Q5M775,Q96QF0,0
Q5M775,Q96RK4,0
Q5M775,Q9H583,0
Q5M775,Q9WV78,0
Q5NCF2,Q8IWZ6,0
Q5NCF2,Q8NCK7,0
Q5NCF2,Q96RK4,0
Q5NCF2,Q9NSG2,0
Q5NCF2,Q9UNP9,0
Q5NCF2,Q9Y5R8,0
Q5QPK2,Q8TC07,0
Q5QPK2,Q92545,0
Q5QPK2,Q96QF0,0
Q5QPK2,Q96RK4,0
Q5QPK2,Q96T76,0
Q5QPK2,Q9UBU8,0
Q5SNT2,Q7L5D6,0
Q5SNT2,Q92616,0
Q5SNT2,Q969V3,0
Q5SNT2,Q96QF0,0
Q5SNT2,Q96RK4,0
Q5SNT2,Q96S52,0
Q5SNT2,Q99KR7,0
Q5SNT2,Q9BVA1,0
Q5SNT2,Q9NPJ1,0
Q5SNT2,Q9NTJ3,0
Q5SNT2,Q9WV78,0
Q5SRD1,Q60932,0
Q5SRD1,Q6DN90,0
Q5SRD1,Q6YHU6,0
Q5SRD1,Q8N9M5,0
Q5SRD1,Q96HA1,0
Q5SRD1,Q96QF0,0
Q5SRD1,Q96RK4,0
Q5SRD1,Q9BRK5,0
Q5SRD1,Q9H7B2,0
Q5SRD1,Q9NTJ3,0
Q5SRD1,Q9UQL6,0
Q5SRE5,Q8IYB5,0
Q5SRE5,Q8N9M5,0
Q5SRE5,Q92621,0
Q5SRE5,Q96QF0,0
Q5SRE5,Q96RK4,0
Q5SRE5,Q9HAV4,0
Q5T160,Q96BR5,0
Q5T160,Q96F45,0
Q5T160,Q96QF0,0
Q5T160,Q96RK4,0
Q5T160,Q9H936,0
Q5T160,Q9HAV4,0
Q5T160,Q9NZ01,0
Q5T160,Q9UKV0,0
Q5T160,Q9Y383,0
Q5T3I0,Q8TAM1,0
Q5T3I0,Q92782,0
Q5T3I0,Q96GD4,0
Q5T3I0,Q96QF0,0
Q5T3I0,Q96RK4,0
Q5T3I0,Q9H7B2,0
Q5T3I0,Q9UNP9,0
Q5T3I0,Q9Y2G8,0
Q5T3I0,Q9Y5V3,0
Q5TEC6,Q8TAM2,0
Q5TEC6,Q96QF0,0
Q5TEC6,Q96RK4,0
Q5TEC6,Q9H0E9,0
Q5TEC6,Q9UBF2,0
Q5TEC6,Q9UJV9,0
Q5VWC4,Q8IUR0,0
Q5VWC4,Q8N3R9,0
Q5VWC4,Q8N9M5,0
Q5VWC4,Q96BY9,0
Q5VWC4,Q96QF0,0
Q5VWC4,Q96RK4,0
Q5VWC4,Q9BXC9,0
Q5VWC4,Q9NPF5,0
Q5W0B1,Q71DI3,0
Q5W0B1,Q8TEX9,0
Q5W0B1,Q96QF0,0
Q5W0B1,Q96RK4,0
Q5W0B1,Q9Y4W6,0
Q5XKP0,Q68CQ7,0
Q5XKP0,Q86UL3,0
Q5XKP0,Q8IYB5,0
Q5XKP0,Q8NFJ9,0
Q5XKP0,Q96QF0,0
Q5XKP0,Q96RK4,0
Q5XKP0,Q9NQ48,0
Q5XKP0,Q9UDW3,0
Q5XKP0,Q9UNF1,0
Q5XKP0,Q9Y4L1,0
Q5XKP0,Q9Y5A9,0
Q60700,Q6PJG2,0
Q60700,Q6ZW61,0
Q60700,Q811G0,0
Q60700,Q8C1Z7,0
Q60700,Q8IWZ6,0
Q60700,Q8N3I7,0
Q60700,Q8NCK7,0
Q60700,Q8NFJ9,0
Q60700,Q8TAM2,0
Q60700,Q8TBF4,0
Q60700,Q8VD72,0
Q60700,Q8WUM0,0
Q60700,Q96EB6,0
Q60700,Q96PK6,0
Q60700,Q96QF0,0
Q60700,Q96RK4,0
Q60700,Q9BXC9,0
Q60700,Q9CWF6,0
Q60700,Q9CZQ9,0
Q60700,Q9H0F7,0
Q60700,Q9H7B2,0
Q60700,Q9H9S3,0
Q60700,Q9JHQ5,0
Q60700,Q9NPJ1,0
Q60700,Q9NQ48,0
Q60700,Q9NWB6,0
Q60700,Q9NZ01,0
Q60700,Q9R1E0,0
Q60700,Q9UBM7,0
Q60700,Q9UJV9,0
Q60700,Q9UNP9,0
Q60700,Q9Y2G8,0
Q60770,Q6ZNB6,0
Q60770,Q6ZW61,0
Q60770,Q8C1Z7,0
Q60770,Q8IWZ6,0
Q60770,Q8K2G4,0
Q60770,Q8N3I7,0
Q60770,Q8N9E0,0
Q60770,Q8NCK7,0
Q60770,Q8NFJ9,0
Q60770,Q8TAM2,0
Q60770,Q8VD72,0
Q60770,Q8WUM0,0
Q60770,Q92545,0
Q60770,Q96EB6,0
Q60770,Q96JJ7,0
Q60770,Q96QF0,0
Q60770,Q96RK4,0
Q60770,Q9BRK5,0
Q60770,Q9BXC9,0
Q60770,Q9BYF1,0
Q60770,Q9CWF6,0
Q60770,Q9CZQ9,0
Q60770,Q9H0F7,0
Q60770,Q9NPJ1,0
Q60770,Q9NQ48,0
Q60770,Q9R1E0,0
Q60770,Q9UNM6,0
Q60770,Q9Y383,0
Q60770,Q9Y3Y2,0
Q60770,Q9Y4H2,0
Q60770,Q9Y5A9,0
Q60932,Q7Z3U7,0
Q60932,Q8C1Z7,0
Q60932,Q8NBM4,0
Q60932,Q8NCK7,0
Q60932,Q93084,0
Q60932,Q96FV9,0
Q60932,Q96QF0,0
Q60932,Q96RK4,0
Q60932,Q9NYU2,0
Q63503,Q8IUR0,0
Q63503,Q8NCK7,0
Q63503,Q923E4,0
Q63503,Q96CK0,0
Q63503,Q96QF0,0
Q63503,Q96RK4,0
Q63503,Q96T76,0
Q63503,Q9H583,0
Q66H80,Q6P4A7,0
Q66H80,Q8NCK7,0
Q66H80,Q96QF0,0
Q66H80,Q96RK4,0
Q66H80,Q9ES56,0
Q66H80,Q9H078,0
Q66H80,Q9H583,0
Q66H80,Q9UBV2,0
Q66K89,Q68CQ7,0
Q66K89,Q86UL3,0
Q66K89,Q8TBF4,0
Q66K89,Q96QF0,0
Q66K89,Q96RK4,0
Q66K89,Q9H0F7,0
Q66K89,Q9H5V9,0
Q66K89,Q9UNF1,0
Q68CQ7,Q8TCJ2,0
Q68CQ7,Q96QF0,0
Q68CQ7,Q96RK4,0
Q68CQ7,Q9BSD7,0
Q68CQ7,Q9H773,0
Q68CQ7,Q9H9E1,0
Q68CQ7,Q9HAV4,0
Q68CQ7,Q9R1E0,0
Q68CQ7,Q9Y277,0
Q68CQ7,Q9Y448,0
Q69YQ0,Q8IYB5,0
Q69YQ0,Q8NFQ8,0
Q69YQ0,Q96QF0,0
Q69YQ0,Q96RK4,0
Q69YQ0,Q99570,0
Q69YQ0,Q9HCU5,0
Q69YQ0,Q9NS69,0
Q69YQ0,Q9Y2G8,0
Q6DN90,Q86UL3,0
Q6DN90,Q8C1Z7,0
Q6DN90,Q96HA1,0
Q6DN90,Q96QF0,0
Q6DN90,Q96RK4,0
Q6DN90,Q9CWF6,0
Q6DN90,Q9H147,0
Q6DN90,Q9H2F5,0
Q6DN90,Q9UBK2,0
Q6IEG0,Q86SZ2,0
Q6IEG0,Q92900,0
Q6IEG0,Q96QF0,0
Q6IEG0,Q96RK4,0
Q6IEG0,Q9BWJ5,0
Q6IEG0,Q9C005,0
Q6IEG0,Q9NRR5,0
Q6IEG0,Q9NY65,0
Q6IEG0,Q9UN81,0
Q6IEG0,Q9Y285,0
Q6NXE6,Q8VD72,0
Q6NXE6,Q92922,0
Q6NXE6,Q96A33,0
Q6NXE6,Q96QF0,0
Q6NXE6,Q96RK4,0
Q6NXE6,Q9BUF5,0
Q6NXE6,Q9NTJ5,0
Q6NXE6,Q9UBX3,0
Q6NXE6,Q9WV78,0
Q6P4A7,Q6PJG2,0
Q6P4A7,Q8C1Z7,0
Q6P4A7,Q8ND56,0
Q6P4A7,Q96BR5,0
Q6P4A7,Q96QF0,0
Q6P4A7,Q96RK4,0
Q6P4A7,Q9BSR8,0
Q6P4A7,Q9UI12,0
Q6P4A7,Q9UKV0,0
Q6PCB8,Q6ZNB6,0
Q6PCB8,Q86X55,0
Q6PCB8,Q8NBJ5,0
Q6PCB8,Q8NFQ8,0
Q6PCB8,Q96QF0,0
Q6PCB8,Q96RK4,0
Q6PCB8,Q9UBX3,0
Q6PCB8,Q9Y4Y9,0
Q6PI48,Q7Z3Y7,0
Q6PI48,Q92616,0
Q6PI48,Q96Q05,0
Q6PI48,Q96QF0,0
Q6PI48,Q96RK4,0
Q6PI48,Q9NTJ3,0
Q6PI48,Q9WV78,0
Q6PJG2,Q8WTW3,0
Q6PJG2,Q96CK0,0
Q6PJG2,Q96QF0,0
Q6PJG2,Q96RK4,0
Q6PJG2,Q9H1K4,0
Q6PJG2,Q9H773,0
Q6PJG2,Q9HD45,0
Q6PJG2,Q9HDC9,0
Q6PJG6,Q6ZW61,0
Q6PJG6,Q86X95,0
Q6PJG6,Q96QF0,0
Q6PJG6,Q96RK4,0
Q6PJG6,Q9BRK5,0
Q6PJG6,Q9NPJ1,0
Q6UW78,Q7RTV0,0
Q6UW78,Q8NFD5,0
Q6UW78,Q8NFQ8,0
Q6UW78,Q93084,0
Q6UW78,Q96EB6,0
Q6UW78,Q96QF0,0
Q6UW78,Q96RK4,0
Q6UW78,Q9NQ29,0
Q6UW78,Q9NZ01,0
Q6YHU6,Q96QF0,0
Q6YHU6,Q96RK4,0
Q6YHU6,Q9BPW8,0
Q6YHU6,Q9P2R6,0
Q6YHU6,Q9UBK2,0
Q6ZNB6,Q86Y56,0
Q6ZNB6,Q96QF0,0
Q6ZNB6,Q96RK4,0
Q6ZNB6,Q9ULD9,0
Q6ZW61,Q8K2G4,0
Q6ZW61,Q8N0V3,0
Q6ZW61,Q8NFJ9,0
Q6ZW61,Q92616,0
Q6ZW61,Q96EB6,0
Q6ZW61,Q9BYF1,0
Q6ZW61,Q9H7B2,0
Q6ZW61,Q9NRG9,0
Q6ZW61,Q9R1E0,0
Q6ZW61,Q9Y4H2,0
Q71DI3,Q7RTV0,0
Q71DI3,Q8IUR0,0
Q71DI3,Q96QF0,0
Q71DI3,Q96RK4,0
Q71DI3,Q99460,0
Q71DI3,Q9JHQ5,0
Q71DI3,Q9UDW3,0
Q71RC2,Q96QF0,0
Q71RC2,Q96RK4,0
Q71RC2,Q9NQH7,0
Q71RC2,Q9UBU8,0
Q7L5D6,Q8NBJ5,0
Q7L5D6,Q8TAM2,0
Q7L5D6,Q96BR5,0
Q7L5D6,Q96QF0,0
Q7L5D6,Q96RK4,0
Q7L5D6,Q9BYF1,0
Q7L5D6,Q9HAF1,0
Q7L5D6,Q9JME7,0
Q7L5D6,Q9UBK2,0
Q7L5D6,Q9UDW3,0
Q7L5D6,Q9UDY4,0
Q7RTV0,Q8VD72,0
Q7RTV0,Q96GF1,0
Q7RTV0,Q96QF0,0
Q7RTV0,Q96RK4,0
Q7Z3C6,Q8N9M5,0
Q7Z3C6,Q8TCJ2,0
Q7Z3C6,Q96QF0,0
Q7Z3C6,Q96RK4,0
Q7Z3C6,Q9NS69,0
Q7Z3C6,Q9NV56,0
Q7Z3C6,Q9WVH4,0
Q7Z3U7,Q86VP6,0
Q7Z3U7,Q8WVM8,0
Q7Z3U7,Q96QF0,0
Q7Z3U7,Q96RK4,0
Q7Z3U7,Q96S52,0
Q7Z3U7,Q9BYF1,0
Q7Z3U7,Q9NUP9,0
Q7Z3Y7,Q811G0,0
Q7Z3Y7,Q8N0V3,0
Q7Z3Y7,Q96QF0,0
Q7Z3Y7,Q96RK4,0
Q7Z3Y7,Q9BVA1,0
Q7Z3Y7,Q9BXW9,0
Q7Z3Y7,Q9H9S3,0
Q7Z6Z7,Q8ND56,0
Q7Z6Z7,Q8TEM1,0
Q7Z6Z7,Q96PM9,0
Q7Z6Z7,Q96QF0,0
Q7Z6Z7,Q96RK4,0
Q7Z6Z7,Q9H9S3,0
Q7Z6Z7,Q9JME7,0
Q80U30,Q8NCK7,0
Q80U30,Q92782,0
Q80U30,Q96F45,0
Q80U30,Q96PK6,0
Q80U30,Q96QF0,0
Q80U30,Q96RK4,0
Q80U30,Q9BRT8,0
Q80U30,Q9NSG2,0
Q80U30,Q9UHI6,0
Q80U30,Q9UQL6,0
Q80U30,Q9Y4R8,0
Q811G0,Q86Y07,0
Q811G0,Q8IWZ6,0
Q811G0,Q8N3I7,0
Q811G0,Q8NCK7,0
Q811G0,Q8ND56,0
Q811G0,Q8NFJ9,0
Q811G0,Q8TAM2,0
Q811G0,Q92665,0
Q811G0,Q92947,0
Q811G0,Q96GM8,0
Q811G0,Q96QF0,0
Q811G0,Q99615,0
Q811G0,Q99653,0
Q811G0,Q9BRK5,0
Q811G0,Q9BXC9,0
Q811G0,Q9BYW2,0
Q811G0,Q9CZQ9,0
Q811G0,Q9H0F7,0
Q811G0,Q9H7B2,0
Q811G0,Q9NPJ1,0
Q811G0,Q9NQ48,0
Q811G0,Q9P2R6,0
Q811G0,Q9R1E0,0
Q811G0,Q9UDW3,0
Q811G0,Q9UI12,0
Q811G0,Q9Y3C1,0
Q86SZ2,Q8NCK7,0
Q86SZ2,Q923E4,0
Q86SZ2,Q96RK4,0
Q86SZ2,Q9BXF3,0
Q86SZ2,Q9Y4Y9,0
Q86UL3,Q96GM8,0
Q86UL3,Q96QF0,0
Q86UL3,Q96RK4,0
Q86UL3,Q99733,0
Q86UL3,Q9UH99,0
Q86UL3,Q9UN37,0
Q86UL3,Q9UNF1,0
Q86UL3,Q9Y2G8,0
Q86VP6,Q8N1N4,0
Q86VP6,Q8TA86,0
Q86VP6,Q96QF0,0
Q86VP6,Q96RK4,0
Q86VP6,Q99KR7,0
Q86X55,Q8K2G4,0
Q86X55,Q92616,0
Q86X55,Q96P70,0
Q86X55,Q96QF0,0
Q86X55,Q96RK4,0
Q86X55,Q9BRX2,0
Q86X55,Q9D289,0
Q86X55,Q9H9E1,0
Q86X55,Q9UDY4,0
Q86X55,R4GMR5,0
Q86X95,Q96QF0,0
Q86X95,Q96RK4,0
Q86X95,Q99733,0
Q86Y07,Q8TC07,0
Q86Y07,Q92643,0
Q86Y07,Q96Q05,0
Q86Y07,Q96QF0,0
Q86Y07,Q96RK4,0
Q86Y07,Q9NQ48,0
Q86Y07,Q9Y4L1,0
Q86Y56,Q8TCJ2,0
Q86Y56,Q96QF0,0
Q86Y56,Q96RK4,0
Q86Y56,Q9BXW9,0
Q86Y56,Q9D289,0
Q86Y56,Q9NRR5,0
Q86Y56,Q9UQL6,0
Q86Y56,Q9Y4W6,0
Q8BH75,Q8NCK7,0
Q8BH75,Q96HA1,0
Q8BH75,Q96L91,0
Q8BH75,Q96QF0,0
Q8BH75,Q96RK4,0
Q8BH75,Q9BUJ2,0
Q8BH75,Q9Y679,0
Q8C1Z7,Q8IWZ6,0
Q8C1Z7,Q8K2G4,0
Q8C1Z7,Q8NCK7,0
Q8C1Z7,Q8NDV7,0
Q8C1Z7,Q8NFJ9,0
Q8C1Z7,Q96EB6,0
Q8C1Z7,Q96QF0,0
Q8C1Z7,Q96RK4,0
Q8C1Z7,Q9GZN1,0
Q8C1Z7,Q9H0F7,0
Q8C1Z7,Q9NPJ1,0
Q8C1Z7,Q9NSG2,0
Q8IUR0,Q8NCK7,0
Q8IUR0,Q96RK4,0
Q8IUR0,Q99460,0
Q8IUR0,Q9H1K4,0
Q8IUR0,Q9H5Q4,0
Q8IUR0,Q9HAF1,0
Q8IUR0,Q9NPF5,0
Q8IWZ6,Q8K2G4,0
Q8IWZ6,Q8NCK7,0
Q8IWZ6,Q8VD72,0
Q8IWZ6,Q92973,0
Q8IWZ6,Q96EB6,0
Q8IWZ6,Q96QF0,0
Q8IWZ6,Q96S52,0
Q8IWZ6,Q9CWF6,0
Q8IWZ6,Q9CZQ9,0
Q8IWZ6,Q9HCJ0,0
Q8IWZ6,Q9JHQ5,0
Q8IWZ6,Q9R1E0,0
Q8IXI1,Q96QF0,0
Q8IXI1,Q96RK4,0
Q8IXI1,Q9BRX2,0
Q8IXI1,Q9HCU5,0
Q8IXI1,Q9JHQ5,0
Q8IXI1,Q9Y285,0
Q8IYB5,Q96QF0,0
Q8IYB5,Q96RK4,0
Q8IYB5,Q9BRT8,0
Q8IYB5,Q9R1E0,0
Q8K2G4,Q8N3I7,0
Q8K2G4,Q8NCK7,0
Q8K2G4,Q8NFJ9,0
Q8K2G4,Q8TAM2,0
Q8K2G4,Q8TCJ2,0
Q8K2G4,Q8VD72,0
Q8K2G4,Q92804,0
Q8K2G4,Q96QF0,0
Q8K2G4,Q9BPW8,0
Q8K2G4,Q9BYF1,0
Q8K2G4,Q9CZQ9,0
Q8K2G4,Q9H0F7,0
Q8K2G4,Q9H9E1,0
Q8K2G4,Q9JHQ5,0
Q8K2G4,Q9NPJ1,0
Q8K2G4,Q9NQ48,0
Q8K2G4,Q9R1E0,0
Q8K2G4,Q9UH99,0
Q8K2G4,Q9Y4H2,0
Q8N0V3,Q8NBJ5,0
Q8N0V3,Q96EB6,0
Q8N0V3,Q96QF0,0
Q8N0V3,Q96RK4,0
Q8N0V3,Q99615,0
Q8N0V3,Q9UNM6,0
Q8N0V3,Q9Y679,0
Q8N1F7,Q8TAT6,0
Q8N1F7,Q8WTW3,0
Q8N1F7,Q96QF0,0
Q8N1F7,Q96RK4,0
Q8N1F7,Q99942,0
Q8N1F7,Q9BVA1,0
Q8N1F7,Q9NTJ3,0
Q8N1F7,Q9ULX6,0
Q8N1F7,Q9Y3Y2,0
Q8N1F7,R4GMR5,0
Q8N1N4,Q8WUM0,0
Q8N1N4,Q96Q05,0
Q8N1N4,Q96QF0,0
Q8N1N4,Q96RK4,0
Q8N1N4,Q9BPW8,0
Q8N3I7,Q8N5F7,0
Q8N3I7,Q8NCK7,0
Q8N3I7,Q96EB6,0
Q8N3I7,Q96QF0,0
Q8N3I7,Q9CWF6,0
Q8N3I7,Q9CZQ9,0
Q8N3I7,Q9H0F7,0
Q8N3I7,Q9NPJ1,0
Q8N3I7,Q9NQ29,0
Q8N3I7,Q9NQ48,0
Q8N3I7,Q9NTJ5,0
Q8N3I7,Q9UJV9,0
Q8N3I7,Q9Y4H2,0
Q8N3R9,Q96QF0,0
Q8N3R9,Q96RK4,0
Q8N3R9,Q9UBU8,0
Q8N3R9,Q9UH99,0
Q8N5F7,Q92616,0
Q8N5F7,Q96QF0,0
Q8N5F7,Q96RK4,0
Q8N5F7,Q99805,0
Q8N5F7,Q9BRK5,0
Q8N5F7,Q9NQ48,0
Q8N5P1,Q92643,0
Q8N5P1,Q96QF0,0
Q8N5P1,Q96RK4,0
Q8N5P1,Q9BUJ2,0
Q8N5P1,Q9H307,0
Q8N5P1,Q9UN81,0
Q8N5P1,Q9Y679,0
Q8N5P1,R4GMR5,0
Q8N9E0,Q8TAM1,0
Q8N9E0,Q8TBF4,0
Q8N9E0,Q96HA1,0
Q8N9E0,Q96QF0,0
Q8N9E0,Q96RK4,0
Q8N9E0,Q9BTY2,0
Q8N9E0,Q9CWF6,0
Q8N9E0,Q9NV56,0
Q8N9E0,Q9Y448,0
Q8N9M5,Q8NCK7,0
Q8N9M5,Q8NDQ6,0
Q8N9M5,Q93084,0
Q8N9M5,Q96RK4,0
Q8N9M5,Q9D289,0
Q8N9M5,Q9NVI1,0
Q8N9M5,Q9Y2G8,0
Q8NBJ5,Q92615,0
Q8NBJ5,Q96QF0,0
Q8NBJ5,Q96RK4,0
Q8NBJ5,Q99733,0
Q8NBJ5,Q9C005,0
Q8NBJ5,Q9H0E9,0
Q8NBJ5,Q9H1K4,0
Q8NBJ5,Q9UJV9,0
Q8NBM4,Q96QF0,0
Q8NBM4,Q96RK4,0
Q8NBM4,Q9CQA1,0
Q8NBM4,Q9H2F5,0
Q8NBM4,Q9H583,0
Q8NBM4,Q9H773,0
Q8NBM4,Q9NTG7,0
Q8NBM4,Q9P2R6,0
Q8NBM4,Q9UET6,0
Q8NCK7,Q8NFJ9,0
Q8NCK7,Q8TAM1,0
Q8NCK7,Q8TAM2,0
Q8NCK7,Q8VD72,0
Q8NCK7,Q923E4,0
Q8NCK7,Q96EB6,0
Q8NCK7,Q96Q05,0
Q8NCK7,Q96QF0,0
Q8NCK7,Q96RK4,0
Q8NCK7,Q99KR7,0
Q8NCK7,Q9BXC9,0
Q8NCK7,Q9CQA1,0
Q8NCK7,Q9CQP2,0
Q8NCK7,Q9CWF6,0
Q8NCK7,Q9CZQ9,0
Q8NCK7,Q9D289,0
Q8NCK7,Q9ES56,0
Q8NCK7,Q9H0F7,0
Q8NCK7,Q9JHQ5,0
Q8NCK7,Q9JME7,0
Q8NCK7,Q9NPJ1,0
Q8NCK7,Q9NQ48,0
Q8NCK7,Q9NTG7,0
Q8NCK7,Q9P035,0
Q8NCK7,Q9UBK2,0
Q8NCK7,Q9UL33,0
Q8NCK7,Q9WV78,0
Q8NCK7,Q9WVH4,0
Q8NCK7,Q9Y296,0
Q8NCK7,Q9Y4H2,0
Q8NCK7,Q9Y5R8,0
Q8ND56,Q92782,0
Q8ND56,Q92890,0
Q8ND56,Q96QF0,0
Q8ND56,Q96RK4,0
Q8ND56,Q99460,0
Q8ND56,Q9BRK5,0
Q8ND56,Q9C005,0
Q8ND56,Q9HAU5,0
Q8ND56,Q9UQL6,0
Q8NDQ6,Q8VD72,0
Q8NDQ6,Q92782,0
Q8NDQ6,Q96FV9,0
Q8NDQ6,Q96QF0,0
Q8NDQ6,Q96RK4,0
Q8NDQ6,Q9CWF6,0
Q8NDQ6,Q9H9S3,0
Q8NDQ6,Q9UBX3,0
Q8NDQ6,Q9Y285,0
Q8NDV7,Q92616,0
Q8NDV7,Q92665,0
Q8NDV7,Q92973,0
Q8NDV7,Q96Q05,0
Q8NDV7,Q96QF0,0
Q8NDV7,Q96RK4,0
Q8NDV7,Q9H583,0
Q8NDV7,Q9NYA4,0
Q8NDV7,Q9UKV0,0
Q8NDV7,Q9UPQ9,0
Q8NDV7,R4GMR5,0
Q8NF37,Q8WTW3,0
Q8NF37,Q96F45,0
Q8NF37,Q96JJ7,0
Q8NF37,Q96QF0,0
Q8NF37,Q96RK4,0
Q8NF37,Q9NP92,0
Q8NF37,Q9P2R6,0
Q8NFD5,Q92545,0
Q8NFD5,Q96FV9,0
Q8NFD5,Q96QF0,0
Q8NFD5,Q96RK4,0
Q8NFD5,Q96T76,0
Q8NFD5,Q99KR7,0
Q8NFD5,Q9BYF1,0
Q8NFD5,Q9H9S3,0
Q8NFD5,Q9R1E0,0
Q8NFJ9,Q8VD72,0
Q8NFJ9,Q96EB6,0
Q8NFJ9,Q99733,0
Q8NFJ9,Q9BYF1,0
Q8NFJ9,Q9CWF6,0
Q8NFJ9,Q9CZQ9,0
Q8NFJ9,Q9H1K4,0
Q8NFJ9,Q9JHQ5,0
Q8NFJ9,Q9NPJ1,0
Q8NFJ9,Q9NQ48,0
Q8NFJ9,Q9Y4H2,0
Q8NFQ8,Q923E4,0
Q8NFQ8,Q96QF0,0
Q8NFQ8,Q96RK4,0
Q8NFQ8,Q99805,0
Q8NFQ8,Q9H583,0
Q8NI60,Q92615,0
Q8NI60,Q96QF0,0
Q8NI60,Q96RK4,0
Q8NI60,Q9BUF5,0
Q8NI60,Q9H5Q4,0
Q8NI60,Q9H936,0
Q8NI60,Q9HD45,0
Q8TA86,Q8WVM8,0
Q8TA86,Q96Q05,0
Q8TA86,Q96QF0,0
Q8TA86,Q96RK4,0
Q8TA86,Q9ES56,0
Q8TA86,Q9Y296,0
Q8TAM1,Q92615,0
Q8TAM1,Q96EB6,0
Q8TAM1,Q96GF1,0
Q8TAM1,Q96QF0,0
Q8TAM1,Q96RK4,0
Q8TAM1,Q9H0E9,0
Q8TAM1,Q9NS69,0
Q8TAM1,Q9NWB6,0
Q8TAM1,Q9P0I2,0
Q8TAM2,Q96A33,0
Q8TAM2,Q96EB6,0
Q8TAM2,Q96P70,0
Q8TAM2,Q96QF0,0
Q8TAM2,Q99733,0
Q8TAM2,Q9CWF6,0
Q8TAM2,Q9H2F5,0
Q8TAM2,Q9H936,0
Q8TAM2,Q9NPJ1,0
Q8TAM2,Q9NQH7,0
Q8TAM2,Q9NYA4,0
Q8TAM2,Q9Y2G8,0
Q8TAT6,Q96QF0,0
Q8TAT6,Q96RK4,0
Q8TAT6,Q99615,0
Q8TAT6,Q9UKV0,0
Q8TBF4,Q96BY9,0
Q8TBF4,Q96QF0,0
Q8TBF4,Q96RK4,0
Q8TBF4,Q9JHQ5,0
Q8TBF4,Q9NPF5,0
Q8TBF4,Q9NQ48,0
Q8TC07,Q96QF0,0
Q8TC07,Q96RK4,0
Q8TC07,Q9BYF1,0
Q8TC07,Q9HD20,0
Q8TC07,Q9HD45,0
Q8TCJ2,Q96QF0,0
Q8TCJ2,Q96RK4,0
Q8TCJ2,Q99653,0
Q8TCJ2,Q9NQ29,0
Q8TEM1,Q92615,0
Q8TEM1,Q96QF0,0
Q8TEM1,Q96RK4,0
Q8TEQ8,Q96QF0,0
Q8TEQ8,Q96RK4,0
Q8TEQ8,Q9BYW2,0
Q8TEQ8,Q9HD45,0
Q8TEX9,Q96PM9,0
Q8TEX9,Q96QF0,0
Q8TEX9,Q96RK4,0
Q8TEX9,Q9JME7,0
Q8TEX9,Q9NUD5,0
Q8TEX9,Q9UDW3,0
Q8VD72,Q92922,0
Q8VD72,Q92947,0
Q8VD72,Q96EB6,0
Q8VD72,Q96QF0,0
Q8VD72,Q9BXC9,0
Q8VD72,Q9BYJ9,0
Q8VD72,Q9H0F7,0
Q8VD72,Q9H7B2,0
Q8VD72,Q9NPJ1,0
Q8VD72,Q9UBV2,0
Q8WTW3,Q8WUM0,0
Q8WTW3,Q96QF0,0
Q8WTW3,Q96RK4,0
Q8WTW3,Q96S52,0
Q8WTW3,Q9NPJ1,0
Q8WTW3,Q9P035,0
Q8WTW3,Q9UBS4,0
Q8WUH6,Q92782,0
Q8WUH6,Q96PM9,0
Q8WUH6,Q96QF0,0
Q8WUH6,Q96RK4,0
Q8WUH6,Q9Y2J4,0
Q8WUM0,Q96QF0,0
Q8WUM0,Q96RK4,0
Q8WUM0,Q9HDC9,0
Q8WUM0,Q9UL15,0
Q8WVM8,Q92545,0
Q8WVM8,Q92947,0
Q8WVM8,Q96EB6,0
Q8WVM8,Q96FV9,0
Q8WVM8,Q96QF0,0
Q8WVM8,Q96RK4,0
Q8WVM8,Q99KR7,0
Q8WVM8,Q9C005,0
Q8WVM8,Q9H583,0
Q8WVM8,Q9H9E1,0
Q8WVM8,Q9P035,0
Q8WVM8,Q9Y3C7,0
Q8WVX9,Q96QF0,0
Q8WVX9,Q96RK4,0
Q8WVX9,Q9NZ01,0
Q8WVX9,Q9UQL6,0
Q923E4,Q96L91,0
Q923E4,Q96QF0,0
Q923E4,Q96RK4,0
Q923E4,Q9NRR5,0
Q923E4,Q9Y3C7,0
Q92538,Q96QF0,0
Q92538,Q96RK4,0
Q92538,Q9H773,0
Q92538,Q9H7B2,0
Q92538,Q9UDW3,0
Q92538,Q9UN81,0
Q92545,Q92621,0
Q92545,Q96QF0,0
Q92545,Q96RK4,0
Q92545,Q9CQA1,0
Q92545,Q9NY65,0
Q92615,Q96EB6,0
Q92615,Q96QF0,0
Q92615,Q96RK4,0
Q92616,Q96QF0,0
Q92616,Q96RK4,0
Q92616,Q9BXC9,0
Q92616,Q9UBX3,0
Q92621,Q96QF0,0
Q92621,Q96RK4,0
Q92621,Q96T76,0
Q92621,Q99805,0
Q92621,Q9Y5V3,0
Q92621,R4GMR5,0
Q92643,Q96QF0,0
Q92643,Q96RK4,0
Q92643,Q9NUP9,0
Q92665,Q96QF0,0
Q92665,Q96RK4,0
Q92665,Q9BVA1,0
Q92665,Q9HDC9,0
Q92665,Q9UBV2,0
Q92665,Q9Y3D0,0
Q92782,Q96GM8,0
Q92782,Q96QF0,0
Q92782,Q96RK4,0
Q92782,Q9CQP2,0
Q92782,Q9H936,0
Q92782,Q9HAF1,0
Q92782,Q9NVI1,0
Q92782,Q9WVH4,0
Q92782,Q9Y4H2,0
Q92804,Q96CS3,0
Q92804,Q96QF0,0
Q92804,Q96RK4,0
Q92804,Q9BRT8,0
Q92804,Q9D289,0
Q92804,Q9HAF1,0
Q92804,Q9NPJ1,0
Q92890,Q96QF0,0
Q92890,Q96RK4,0
Q92890,Q9UL15,0
Q92890,Q9UNF1,0
Q92900,Q96QF0,0
Q92900,Q96RK4,0
Q92900,Q9NV56,0
Q92900,Q9UBB4,0
Q92900,Q9Y3C7,0
Q92922,Q96D53,0
Q92922,Q96EB6,0
Q92922,Q96FV9,0
Q92922,Q96QF0,0
Q92922,Q96RK4,0
Q92922,Q96S52,0
Q92922,Q9NPF5,0
Q92922,Q9UL33,0
Q92922,U3KQK0,0
Q92947,Q96A33,0
Q92947,Q96CS3,0
Q92947,Q96PM9,0
Q92947,Q96QF0,0
Q92947,Q96RK4,0
Q92947,U3KQK0,0
Q92973,Q96EB6,0
Q92973,Q96GF1,0
Q92973,Q96QF0,0
Q92973,Q96RK4,0
Q92973,Q9BYF1,0
Q92973,Q9H0U4,0
Q92973,Q9H147,0
Q92973,Q9H583,0
Q92973,Q9UL33,0
Q92973,Q9Y2J4,0
Q92973,Q9Y4Y9,0
Q92973,R4GMR5,0
Q93084,Q96Q05,0
Q93084,Q96QF0,0
Q93084,Q96RK4,0
Q93084,Q9BRK5,0
Q93084,Q9H936,0
Q93084,Q9HDC9,0
Q969V3,Q96BR5,0
Q969V3,Q96P70,0
Q969V3,Q96QF0,0
Q969V3,Q96RK4,0
Q969V3,Q9BRT8,0
Q969V3,Q9UBF2,0
Q96A33,Q96JJ7,0
Q96A33,Q96QF0,0
Q96A33,Q96RK4,0
Q96A33,Q99570,0
Q96A33,Q9UET6,0
Q96A33,U3KQK0,0
Q96BR5,Q96D53,0
Q96BR5,Q96QF0,0
Q96BR5,Q96RK4,0
Q96BR5,Q9BSJ2,0
Q96BR5,Q9BUF5,0
Q96BR5,Q9H2F5,0
Q96BR5,Q9NVI1,0
Q96BY9,Q96D53,0
Q96BY9,Q96QF0,0
Q96BY9,Q96RK4,0
Q96BY9,Q9BRT8,0
Q96BY9,Q9NPF5,0
Q96CK0,Q96HA1,0
Q96CK0,Q96QF0,0
Q96CK0,Q96RK4,0
Q96CK0,Q9UBS4,0
Q96CK0,Q9UKV0,0
Q96CK0,Q9UQL6,0
Q96CS3,Q96EB6,0
Q96CS3,Q96QF0,0
Q96CS3,Q96RK4,0
Q96CS3,Q96T76,0
Q96CS3,Q99615,0
Q96CS3,Q9NPJ1,0
Q96CS3,Q9NSG2,0
Q96CS3,Q9UET6,0
Q96CS3,Q9UPT5,0
Q96D53,Q96QF0,0
Q96D53,Q96RK4,0
Q96D53,Q9NUP9,0
Q96EB6,Q96QF0,0
Q96EB6,Q96RK4,0
Q96EB6,Q9BXC9,0
Q96EB6,Q9BYF1,0
Q96EB6,Q9CWF6,0
Q96EB6,Q9CZQ9,0
Q96EB6,Q9H078,0
Q96EB6,Q9H0F7,0
Q96EB6,Q9H5Q4,0
Q96EB6,Q9H9S3,0
Q96EB6,Q9JHQ5,0
Q96EB6,Q9NPJ1,0
Q96EB6,Q9NQ48,0
Q96EB6,Q9NV56,0
Q96EB6,Q9UBK2,0
Q96F45,Q96Q05,0
Q96F45,Q96QF0,0
Q96F45,Q96RK4,0
Q96F45,Q99570,0
Q96F45,Q9ES56,0
Q96F45,Q9H773,0
Q96F45,Q9UBX3,0
Q96F45,Q9Y679,0
Q96FV9,Q96QF0,0
Q96FV9,Q96RK4,0
Q96GD4,Q96PK6,0
Q96GD4,Q96QF0,0
Q96GD4,Q96RK4,0
Q96GD4,Q9H307,0
Q96GD4,Q9Y3C7,0
Q96GF1,Q96P70,0
Q96GF1,Q96QF0,0
Q96GF1,Q96RK4,0
Q96GF1,Q9BWJ5,0
Q96GF1,Q9UBK2,0
Q96GF1,Q9UET6,0
Q96GM8,Q96QF0,0
Q96GM8,Q96RK4,0
Q96GM8,Q9UBS4,0
Q96HA1,Q96QF0,0
Q96HA1,Q96RK4,0
Q96HA1,Q9BUF5,0
Q96HA1,Q9NVI1,0
Q96HA1,Q9NY65,0
Q96HA1,Q9UJS0,0
Q96JJ7,Q96QF0,0
Q96JJ7,Q96RK4,0
Q96L91,Q96QF0,0
Q96L91,Q96RK4,0
Q96L91,Q99460,0
Q96L91,Q9HCU5,0
Q96L91,Q9HD20,0
Q96L91,Q9NSG2,0
Q96L91,Q9UN37,0
Q96L91,Q9Y296,0
Q96L91,Q9Y4Y9,0
Q96P70,Q96QF0,0
Q96P70,Q96RK4,0
Q96PK6,Q96QF0,0
Q96PK6,Q96RK4,0
Q96PK6,Q9GZN1,0
Q96PK6,Q9H5Q4,0
Q96PK6,Q9NTG7,0
Q96PK6,Q9UN81,0
Q96PM9,Q96QF0,0
Q96PM9,Q96RK4,0
Q96PM9,Q9NVI1,0
Q96PM9,Q9UN86,0
Q96PM9,Q9UPT5,0
Q96Q05,Q96RK4,0
Q96Q05,Q9Y5A9,0
Q96QF0,Q96S52,0
Q96QF0,Q96T76,0
Q96QF0,Q99460,0
Q96QF0,Q99570,0
Q96QF0,Q99615,0
Q96QF0,Q99653,0
Q96QF0,Q99707,0
Q96QF0,Q99733,0
Q96QF0,Q99805,0
Q96QF0,Q99942,0
Q96QF0,Q99KR7,0
Q96QF0,Q9BPW8,0
Q96QF0,Q9BRK5,0
Q96QF0,Q9BRT8,0
Q96QF0,Q9BRX2,0
Q96QF0,Q9BSD7,0
Q96QF0,Q9BSJ2,0
Q96QF0,Q9BSR8,0
Q96QF0,Q9BTY2,0
Q96QF0,Q9BUF5,0
Q96QF0,Q9BUJ2,0
Q96QF0,Q9BVA1,0
Q96QF0,Q9BW92,0
Q96QF0,Q9BWJ5,0
Q96QF0,Q9BXC9,0
Q96QF0,Q9BXF3,0
Q96QF0,Q9BXW9,0
Q96QF0,Q9BYJ9,0
Q96QF0,Q9BYW2,0
Q96QF0,Q9C005,0
Q96QF0,Q9CWF6,0
Q96QF0,Q9CZQ9,0
Q96QF0,Q9GZN1,0
Q96QF0,Q9H078,0
Q96QF0,Q9H0E9,0
Q96QF0,Q9H0F7,0
Q96QF0,Q9H0U4,0
Q96QF0,Q9H147,0
Q96QF0,Q9H1K4,0
Q96QF0,Q9H2F5,0
Q96QF0,Q9H307,0
Q96QF0,Q9H583,0
Q96QF0,Q9H5Q4,0
Q96QF0,Q9H5V9,0
Q96QF0,Q9H773,0
Q96QF0,Q9H7B2,0
Q96QF0,Q9H936,0
Q96QF0,Q9H9E1,0
Q96QF0,Q9H9S3,0
Q96QF0,Q9HAF1,0
Q96QF0,Q9HAU5,0
Q96QF0,Q9HAV4,0
Q96QF0,Q9HCJ0,0
Q96QF0,Q9HCU5,0
Q96QF0,Q9HD20,0
Q96QF0,Q9HD45,0
Q96QF0,Q9HDC9,0
Q96QF0,Q9JHQ5,0
Q96QF0,Q9NP92,0
Q96QF0,Q9NPF5,0
Q96QF0,Q9NPJ1,0
Q96QF0,Q9NQ29,0
Q96QF0,Q9NQ48,0
Q96QF0,Q9NQH7,0
Q96QF0,Q9NRG9,0
Q96QF0,Q9NRR5,0
Q96QF0,Q9NS69,0
Q96QF0,Q9NSG2,0
Q96QF0,Q9NTG7,0
Q96QF0,Q9NTJ3,0
Q96QF0,Q9NTJ5,0
Q96QF0,Q9NUD5,0
Q96QF0,Q9NUP9,0
Q96QF0,Q9NV56,0
Q96QF0,Q9NVI1,0
Q96QF0,Q9NWB6,0
Q96QF0,Q9NY65,0
Q96QF0,Q9NYA4,0
Q96QF0,Q9NYU2,0
Q96QF0,Q9NZ01,0
Q96QF0,Q9P035,0
Q96QF0,Q9P0I2,0
Q96QF0,Q9P2R6,0
Q96QF0,Q9UBB4,0
Q96QF0,Q9UBF2,0
Q96QF0,Q9UBK2,0
Q96QF0,Q9UBM7,0
Q96QF0,Q9UBS4,0
Q96QF0,Q9UBU8,0
Q96QF0,Q9UBV2,0
Q96QF0,Q9UBX3,0
Q96QF0,Q9UDW3,0
Q96QF0,Q9UDY4,0
Q96QF0,Q9UET6,0
Q96QF0,Q9UH99,0
Q96QF0,Q9UHI6,0
Q96QF0,Q9UI12,0
Q96QF0,Q9UJS0,0
Q96QF0,Q9UJV9,0
Q96QF0,Q9UKV0,0
Q96QF0,Q9UL15,0
Q96QF0,Q9ULD9,0
Q96QF0,Q9ULX6,0
Q96QF0,Q9UN37,0
Q96QF0,Q9UN81,0
Q96QF0,Q9UN86,0
Q96QF0,Q9UNF1,0
Q96QF0,Q9UNM6,0
Q96QF0,Q9UNP9,0
Q96QF0,Q9UPQ9,0
Q96QF0,Q9UPT5,0
Q96QF0,Q9UQL6,0
Q96QF0,Q9WV78,0
Q96QF0,Q9WVH4,0
Q96QF0,Q9Y277,0
Q96QF0,Q9Y285,0
Q96QF0,Q9Y2G8,0
Q96QF0,Q9Y2J4,0
Q96QF0,Q9Y383,0
Q96QF0,Q9Y3C1,0
Q96QF0,Q9Y3C7,0
Q96QF0,Q9Y3D0,0
Q96QF0,Q9Y3Y2,0
Q96QF0,Q9Y448,0
Q96QF0,Q9Y4H2,0
Q96QF0,Q9Y4L1,0
Q96QF0,Q9Y4R8,0
Q96QF0,Q9Y4W6,0
Q96QF0,Q9Y4Y9,0
Q96QF0,Q9Y5A9,0
Q96QF0,Q9Y5B9,0
Q96QF0,Q9Y5V3,0
Q96QF0,Q9Y679,0
Q96QF0,R4GMR5,0
Q96QF0,U3KQK0,0
Q96RK4,Q96S52,0
Q96RK4,Q96T76,0
Q96RK4,Q99460,0
Q96RK4,Q99570,0
Q96RK4,Q99615,0
Q96RK4,Q99653,0
Q96RK4,Q99707,0
Q96RK4,Q99733,0
Q96RK4,Q99805,0
Q96RK4,Q99942,0
Q96RK4,Q99KR7,0
Q96RK4,Q9BPW8,0
Q96RK4,Q9BRK5,0
Q96RK4,Q9BRT8,0
Q96RK4,Q9BRX2,0
Q96RK4,Q9BSD7,0
Q96RK4,Q9BSJ2,0
Q96RK4,Q9BSR8,0
Q96RK4,Q9BTY2,0
Q96RK4,Q9BUF5,0
Q96RK4,Q9BUJ2,0
Q96RK4,Q9BVA1,0
Q96RK4,Q9BW92,0
Q96RK4,Q9BWJ5,0
Q96RK4,Q9BXF3,0
Q96RK4,Q9BXW9,0
Q96RK4,Q9BYJ9,0
Q96RK4,Q9BYW2,0
Q96RK4,Q9C005,0
Q96RK4,Q9CQA1,0
Q96RK4,Q9CQP2,0
Q96RK4,Q9D289,0
Q96RK4,Q9ES56,0
Q96RK4,Q9GZN1,0
Q96RK4,Q9H078,0
Q96RK4,Q9H0E9,0
Q96RK4,Q9H0U4,0
Q96RK4,Q9H147,0
Q96RK4,Q9H1K4,0
Q96RK4,Q9H2F5,0
Q96RK4,Q9H307,0
Q96RK4,Q9H583,0
Q96RK4,Q9H5Q4,0
Q96RK4,Q9H5V9,0
Q96RK4,Q9H773,0
Q96RK4,Q9H7B2,0
Q96RK4,Q9H936,0
Q96RK4,Q9H9E1,0
Q96RK4,Q9H9S3,0
Q96RK4,Q9HAF1,0
Q96RK4,Q9HAU5,0
Q96RK4,Q9HAV4,0
Q96RK4,Q9HCJ0,0
Q96RK4,Q9HCU5,0
Q96RK4,Q9HD20,0
Q96RK4,Q9HD45,0
Q96RK4,Q9HDC9,0
Q96RK4,Q9JME7,0
Q96RK4,Q9NP92,0
Q96RK4,Q9NPF5,0
Q96RK4,Q9NPJ1,0
Q96RK4,Q9NQ29,0
Q96RK4,Q9NQ48,0
Q96RK4,Q9NQH7,0
Q96RK4,Q9NRG9,0
Q96RK4,Q9NRR5,0
Q96RK4,Q9NS69,0
Q96RK4,Q9NSG2,0
Q96RK4,Q9NTG7,0
Q96RK4,Q9NTJ3,0
Q96RK4,Q9NTJ5,0
Q96RK4,Q9NUD5,0
Q96RK4,Q9NUP9,0
Q96RK4,Q9NV56,0
Q96RK4,Q9NVI1,0
Q96RK4,Q9NWB6,0
Q96RK4,Q9NY65,0
Q96RK4,Q9NYA4,0
Q96RK4,Q9NYU2,0
Q96RK4,Q9NZ01,0
Q96RK4,Q9P035,0
Q96RK4,Q9P0I2,0
Q96RK4,Q9P2R6,0
Q96RK4,Q9UBB4,0
Q96RK4,Q9UBF2,0
Q96RK4,Q9UBK2,0
Q96RK4,Q9UBM7,0
Q96RK4,Q9UBS4,0
Q96RK4,Q9UBU8,0
Q96RK4,Q9UBV2,0
Q96RK4,Q9UBX3,0
Q96RK4,Q9UDW3,0
Q96RK4,Q9UDY4,0
Q96RK4,Q9UET6,0
Q96RK4,Q9UH99,0
Q96RK4,Q9UHI6,0
Q96RK4,Q9UI12,0
Q96RK4,Q9UJS0,0
Q96RK4,Q9UJV9,0
Q96RK4,Q9UKV0,0
Q96RK4,Q9UL15,0
Q96RK4,Q9UL33,0
Q96RK4,Q9ULD9,0
Q96RK4,Q9ULX6,0
Q96RK4,Q9UN37,0
Q96RK4,Q9UN81,0
Q96RK4,Q9UN86,0
Q96RK4,Q9UNF1,0
Q96RK4,Q9UNM6,0
Q96RK4,Q9UNP9,0
Q96RK4,Q9UPQ9,0
Q96RK4,Q9UPT5,0
Q96RK4,Q9UQL6,0
Q96RK4,Q9WV78,0
Q96RK4,Q9WVH4,0
Q96RK4,Q9Y277,0
Q96RK4,Q9Y285,0
Q96RK4,Q9Y296,0
Q96RK4,Q9Y2G8,0
Q96RK4,Q9Y2J4,0
Q96RK4,Q9Y383,0
Q96RK4,Q9Y3C1,0
Q96RK4,Q9Y3C7,0
Q96RK4,Q9Y3D0,0
Q96RK4,Q9Y3Y2,0
Q96RK4,Q9Y448,0
Q96RK4,Q9Y4H2,0
Q96RK4,Q9Y4L1,0
Q96RK4,Q9Y4R8,0
Q96RK4,Q9Y4W6,0
Q96RK4,Q9Y4Y9,0
Q96RK4,Q9Y5A9,0
Q96RK4,Q9Y5B9,0
Q96RK4,Q9Y5R8,0
Q96RK4,Q9Y5V3,0
Q96RK4,Q9Y679,0
Q96RK4,R4GMR5,0
Q96RK4,U3KQK0,0
Q96S52,Q9R1E0,0
Q96T76,Q9CWF6,0
Q96T76,Q9H7B2,0
Q96T76,Q9NWB6,0
Q96T76,Q9UBM7,0
Q96T76,Q9WV78,0
Q99460,Q9BRK5,0
Q99460,Q9CQA1,0
Q99460,Q9HCJ0,0
Q99570,Q9BRT8,0
Q99570,Q9NQ29,0
Q99570,Q9UQL6,0
Q99615,Q9JME7,0
Q99615,Q9UQL6,0
Q99653,Q9H9E1,0
Q99653,Q9HAV4,0
Q99653,Q9NRR5,0
Q99653,Q9UBM7,0
Q99653,Q9Y2G8,0
Q99707,Q9BXC9,0
Q99707,Q9H936,0
Q99707,Q9R1E0,0
Q99707,Q9UBB4,0
Q99707,Q9WVH4,0
Q99733,Q9H2F5,0
Q99733,Q9P0I2,0
Q99733,Q9UQL6,0
Q99733,Q9Y3D0,0
Q99805,Q9BXF3,0
Q99805,Q9BXW9,0
Q99805,Q9NP92,0
Q99805,Q9NUP9,0
Q99805,Q9UBV2,0
Q99805,Q9Y285,0
Q99942,Q9BSJ2,0
Q99942,Q9ULX6,0
Q99942,Q9UN86,0
Q99942,R4GMR5,0
Q99KR7,Q9HAU5,0
Q99KR7,Q9NQH7,0
Q99KR7,Q9ULX6,0
Q99KR7,R4GMR5,0
Q9BPW8,Q9BVA1,0
Q9BPW8,Q9H9E1,0
Q9BPW8,Q9UH99,0
Q9BPW8,Q9Y4R8,0
Q9BRK5,Q9H0E9,0
Q9BRK5,Q9UET6,0
Q9BRK5,Q9Y2G8,0
Q9BRT8,Q9UH99,0
Q9BRX2,Q9BSR8,0
Q9BRX2,Q9NZ01,0
Q9BRX2,Q9Y296,0
Q9BSJ2,Q9CWF6,0
Q9BSJ2,Q9H7B2,0
Q9BSJ2,Q9HCU5,0
Q9BSR8,Q9H307,0
Q9BSR8,Q9UBS4,0
Q9BUF5,Q9BXC9,0
Q9BUF5,Q9H147,0
Q9BUF5,Q9H307,0
Q9BUF5,Q9HAF1,0
Q9BUF5,Q9NQH7,0
Q9BUF5,Q9NTJ5,0
Q9BUF5,Q9NWB6,0
Q9BUF5,Q9UET6,0
Q9BUF5,Q9UPQ9,0
Q9BUF5,Q9Y4Y9,0
Q9BUF5,Q9Y5B9,0
Q9BUJ2,Q9UBS4,0
Q9BUJ2,Q9ULD9,0
Q9BUJ2,Q9Y4W6,0
Q9BVA1,Q9CQP2,0
Q9BVA1,Q9CWF6,0
Q9BVA1,Q9CZQ9,0
Q9BVA1,Q9H936,0
Q9BW92,Q9NP92,0
Q9BWJ5,Q9UKV0,0
Q9BXC9,Q9CWF6,0
Q9BXC9,Q9H9E1,0
Q9BXC9,Q9HCJ0,0
Q9BXC9,Q9P0I2,0
Q9BXC9,Q9R1E0,0
Q9BXC9,Q9UJV9,0
Q9BXC9,Q9ULD9,0
Q9BXC9,Q9UNF1,0
Q9BXC9,Q9Y277,0
Q9BXC9,Q9Y5V3,0
Q9BXW9,Q9C005,0
Q9BXW9,Q9HAU5,0
Q9BXW9,Q9UJV9,0
Q9BXW9,Q9Y2G8,0
Q9BXW9,Q9Y3C1,0
Q9BYF1,Q9BYW2,0
Q9BYF1,Q9H9S3,0
Q9BYF1,Q9JHQ5,0
Q9BYF1,Q9NYA4,0
Q9BYF1,Q9R1E0,0
Q9BYF1,Q9UL15,0
Q9BYF1,Q9Y285,0
Q9BYF1,Q9Y4H2,0
Q9BYF1,Q9Y679,0
Q9BYJ9,Q9JME7,0
Q9BYJ9,Q9NQ29,0
Q9BYW2,Q9NPJ1,0
Q9BYW2,Q9NSG2,0
Q9BYW2,Q9NZ01,0
Q9BYW2,Q9P2R6,0
Q9BYW2,Q9UBM7,0
Q9C005,Q9HAF1,0
Q9C005,Q9HD45,0
Q9CQA1,Q9H773,0
Q9CQA1,Q9HCJ0,0
Q9CQA1,Q9UL15,0
Q9CQP2,Q9HD45,0
Q9CQP2,Q9UJS0,0
Q9CQP2,Q9Y679,0
Q9CWF6,Q9H0F7,0
Q9CWF6,Q9NPJ1,0
Q9CWF6,Q9NQ48,0
Q9CWF6,Q9P035,0
Q9CWF6,Q9Y4H2,0
Q9CZQ9,Q9NPJ1,0
Q9CZQ9,Q9NQ48,0
Q9CZQ9,Q9NQH7,0
Q9CZQ9,Q9NWB6,0
Q9CZQ9,Q9UJV9,0
Q9D289,Q9NYA4,0
Q9D289,Q9UL33,0
Q9ES56,Q9NRG9,0
Q9ES56,Q9UDW3,0
Q9ES56,Q9Y3C7,0
Q9GZN1,Q9WVH4,0
Q9H078,Q9NP92,0
Q9H078,Q9Y4R8,0
Q9H0E9,Q9NPJ1,0
Q9H0E9,Q9Y5V3,0
Q9H0F7,Q9H5V9,0
Q9H0F7,Q9JHQ5,0
Q9H0F7,Q9NPJ1,0
Q9H0F7,Q9NQ48,0
Q9H0F7,Q9UBS4,0
Q9H0F7,Q9Y3C7,0
Q9H0U4,Q9JHQ5,0
Q9H0U4,Q9UNP9,0
Q9H147,Q9H1K4,0
Q9H147,Q9Y296,0
Q9H147,Q9Y2J4,0
Q9H147,U3KQK0,0
Q9H1K4,Q9NSG2,0
Q9H1K4,Q9UBX3,0
Q9H2F5,Q9H583,0
Q9H2F5,Q9UNP9,0
Q9H2F5,Q9Y2J4,0
Q9H2F5,Q9Y5R8,0
Q9H2F5,Q9Y5V3,0
Q9H307,Q9H583,0
Q9H307,Q9UBV2,0
Q9H583,Q9NPJ1,0
Q9H583,Q9UL33,0
Q9H5Q4,Q9UJV9,0
Q9H5Q4,Q9Y383,0
Q9H5V9,Q9HAU5,0
Q9H5V9,Q9JHQ5,0
Q9H5V9,Q9NV56,0
Q9H5V9,Q9UBF2,0
Q9H5V9,Q9UET6,0
Q9H5V9,Q9Y3D0,0
Q9H773,Q9HCU5,0
Q9H773,Q9NPF5,0
Q9H773,Q9NUP9,0
Q9H773,Q9Y4R8,0
Q9H7B2,Q9WVH4,0
Q9H936,Q9Y3Y2,0
Q9H936,Q9Y4Y9,0
Q9HAF1,Q9NP92,0
Q9HAF1,Q9P0I2,0
Q9HAU5,Q9WV78,0
Q9HAU5,Q9Y5R8,0
Q9HAV4,Q9UQL6,0
Q9HCJ0,Q9NPJ1,0
Q9HCJ0,Q9UDW3,0
Q9HD20,Q9UJS0,0
Q9HD45,Q9NVI1,0
Q9HD45,Q9UBX3,0
Q9HDC9,Q9UBX3,0
Q9HDC9,Q9UKV0,0
Q9HDC9,Q9Y5A9,0
Q9HDC9,U3KQK0,0
Q9JHQ5,Q9NPJ1,0
Q9JHQ5,Q9UN37,0
Q9JHQ5,Q9Y5R8,0
Q9NP92,Q9ULX6,0
Q9NPF5,Q9NUP9,0
Q9NPF5,Q9Y3C7,0
Q9NPJ1,Q9NQ48,0
Q9NPJ1,Q9R1E0,0
Q9NPJ1,Q9Y2G8,0
Q9NQ29,Q9UBF2,0
Q9NQ29,Q9Y3C7,0
Q9NQ48,Q9NY65,0
Q9NQ48,Q9UBX3,0
Q9NQH7,Q9P0I2,0
Q9NQH7,Q9R1E0,0
Q9NQH7,Q9Y277,0
Q9NRG9,Q9Y3C1,0
Q9NRG9,Q9Y5V3,0
Q9NRR5,Q9NYU2,0
Q9NRR5,Q9Y3C1,0
Q9NSG2,Q9NY65,0
Q9NSG2,Q9UN37,0
Q9NSG2,Q9Y3D0,0
Q9NSG2,Q9Y5R8,0
Q9NTG7,Q9UBX3,0
Q9NTG7,Q9UDY4,0
Q9NTG7,Q9ULX6,0
Q9NTG7,Q9UPQ9,0
Q9NTJ3,Q9UKV0,0
Q9NTJ3,Q9Y2G8,0
Q9NTJ5,Q9UNM6,0
Q9NTJ5,Q9Y4H2,0
Q9NTJ5,Q9Y4R8,0
Q9NUD5,Q9ULD9,0
Q9NUP9,Q9P035,0
Q9NUP9,Q9UPQ9,0
Q9NV56,Q9UDW3,0
Q9NY65,Q9P035,0
Q9NY65,Q9Y4R8,0
Q9NYA4,Q9Y679,0
Q9NYU2,Q9P2R6,0
Q9NYU2,Q9Y4L1,0
Q9NZ01,Q9UNM6,0
Q9P035,Q9UBS4,0
Q9P035,Q9UI12,0
Q9P035,Q9UPQ9,0
Q9R1E0,Q9UKV0,0
Q9R1E0,Q9WV78,0
Q9R1E0,Q9Y4H2,0
Q9UBB4,Q9Y4W6,0
Q9UBF2,Q9Y3Y2,0
Q9UBF2,Q9Y448,0
Q9UBK2,Q9UBX3,0
Q9UBS4,Q9WVH4,0
Q9UBU8,Q9UBX3,0
Q9UBU8,Q9UPQ9,0
Q9UBX3,Q9UL33,0
Q9UBX3,Q9UPQ9,0
Q9UDW3,Q9Y3C1,0
Q9UET6,Q9Y448,0
Q9UET6,Q9Y4R8,0
Q9UHI6,Q9Y2J4,0
Q9UI12,Q9Y4H2,0
Q9UJS0,Q9Y4L1,0
Q9UJV9,Q9Y679,0
Q9UL33,Q9UPT5,0
Q9ULD9,Q9UPT5,0
Q9ULD9,Q9WVH4,0
Q9UN81,Q9Y285,0
Q9UNF1,Q9Y296,0
Q9UNF1,Q9Y3D0,0
Q9UPQ9,Q9Y4H2,0
Q9UQL6,Q9Y5B9,0
Q9Y296,Q9Y4R8,0
Q9Y296,Q9Y5A9,0
Q9Y296,U3KQK0,0
Q9Y2G8,Q9Y4R8,0
Q9Y2J4,Q9Y5A9,0
Q9Y448,Q9Y4H2,0
