Identifier A,Identifier B,Interaction
A0FGR8,Q8NCK7,1
A1L0T0,Q8NCK7,1
A2A2Q9,Q8NCK7,1
A2A935,P37238,1
A2AEA2,Q8NCK7,1
A5PL33,Q8NCK7,1
A8MTZ0,Q15154,1
A8MTZ0,Q8IWZ6,1
A8MTZ0,Q8NFJ9,1
A8MTZ0,Q96RK4,1
A8MTZ0,Q9BXC9,1
B1ANR0,Q8NCK7,1
B4DLN1,Q8NCK7,1
B4DR61,Q8NCK7,1
B5MDF5,Q8NCK7,1
C9JNU6,Q8NCK7,1
C9JRZ6,Q8NCK7,1
D4ABI7,P15127,1
E7EMK3,Q8NCK7,1
E9PRG8,Q8NCK7,1
F1MWF1,O41515,1
F5H5D3,Q8NCK7,1
F8W1S1,Q8NCK7,1
G3H0F0,O14901,1
G3V325,Q8NCK7,1
G3V5Z7,Q8NCK7,1
H0YMV8,Q8NCK7,1
H3BMF4,Q8NCK7,1
J3KN16,Q8NCK7,1
J3KNF5,Q8NCK7,1
J3KPP4,Q8NCK7,1
J3KPS0,Q8NCK7,1
J3KPX7,Q8NCK7,1
M0QXB4,Q8NCK7,1
O00231,Q8NCK7,1
O00232,Q8NCK7,1
O00264,Q8NCK7,1
O00287,Q8NCK7,1
O00303,Q8NCK7,1
O00311,Q8NCK7,1
O00410,Q8NCK7,1
O00483,Q8NCK7,1
O00487,Q8NCK7,1
O00488,Q8NCK7,1
O00743,Q8NCK7,1
O09044,P63044,1
O09044,P63045,1
O09044,P70452,1
O09044,Q08850,1
O09044,Q60770,1
O14497,Q8NCK7,1
O14524,Q8NCK7,1
O14654,Q8NCK7,1
O14681,Q8NCK7,1
O14818,Q8NCK7,1
O14929,Q8NCK7,1
O14974,Q8NCK7,1
O14980,Q8NCK7,1
O15020,Q8NCK7,1
O15260,Q8NCK7,1
O15269,Q8NCK7,1
O35567,P15127,1
O43164,Q8NCK7,1
O43175,Q8NCK7,1
O43242,Q8NCK7,1
O43251,Q8NCK7,1
O43524,Q9NTG7,1
O43592,Q8NCK7,1
O43617,Q96QF0,1
O43681,Q8NCK7,1
O43795,Q8NCK7,1
O43809,Q8NCK7,1
O43819,Q8NCK7,1
O55013,Q96QF0,1
O60237,Q8NCK7,1
O60884,Q8NCK7,1
O75190,Q8NCK7,1
O75376,P37231,1
O75396,Q8NCK7,1
O75477,Q8NCK7,1
O75600,Q8NCK7,1
O75607,Q8NCK7,1
O75683,Q8NCK7,1
O75746,Q8NCK7,1
O75787,Q8NCK7,1
O75865,Q96QF0,1
O75915,Q8NCK7,1
O75947,Q8NCK7,1
O75953,Q8NCK7,1
O75964,Q8NCK7,1
O75970,Q8NCK7,1
O76024,P05026,1
O76024,P16615,1
O88848,P55258,1
O88848,P62492,1
O88848,Q02248,1
O88848,Q3V3N7,1
O88848,Q811G0,1
O88848,Q8C1Z7,1
O88848,Q8K2G4,1
O88848,Q8VD72,1
O88848,Q9CWF6,1
O88848,Q9CZQ9,1
O88900,P15127,1
O94761,Q8NCK7,1
O94888,Q8NCK7,1
O94905,Q8NCK7,1
O95273,P55042,1
O95347,Q8NCK7,1
O95433,Q8NCK7,1
O95816,Q8NCK7,1
O95817,Q8NCK7,1
O95831,Q8NCK7,1
O95985,Q8NCK7,1
O96019,Q8NCK7,1
P00367,Q8NCK7,1
P00403,Q8NCK7,1
P01024,Q8NCK7,1
P01889,Q8NCK7,1
P02533,Q8NCK7,1
P02538,Q8NCK7,1
P02545,Q8NCK7,1
P02651,Q63503,1
P02768,Q8NCK7,1
P02786,Q8NCK7,1
P04259,Q8NCK7,1
P04350,Q8NCK7,1
P04843,Q8NCK7,1
P04844,Q8NCK7,1
P04908,Q8NCK7,1
P05023,Q8NCK7,1
P05067,Q8NCK7,1
P05141,Q8NCK7,1
P06213,P31939,1
P06213,P54646,1
P06213,P60709,1
P06213,Q12840,1
P06213,Q14449,1
P06213,Q9P035,1
P06493,Q8NCK7,1
P06576,Q8NCK7,1
P06727,P20393,1
P06730,Q8NCK7,1
P06737,Q8NCK7,1
P07195,Q8NCK7,1
P07197,Q8NCK7,1
P07437,Q8NCK7,1
P07900,Q8NCK7,1
P08195,Q8NCK7,1
P08238,Q8NCK7,1
P08243,Q8NCK7,1
P08670,Q8NCK7,1
P0C0S5,Q8NCK7,1
P0DI81,Q96QF0,1
P0DJI6,Q9R1E0,1
P0DJI6,Q9WVH4,1
P0DTC2,P11021,1
P0DTC2,Q9BYF1,1
P10316,Q8NCK7,1
P11021,Q9BYF1,1
P11142,Q8NCK7,1
P11172,Q8NCK7,1
P11177,Q8NCK7,1
P11881,P38647,1
P11881,Q60932,1
P11881,Q99KR7,1
P11940,Q8NCK7,1
P12004,Q8NCK7,1
P12235,Q8NCK7,1
P12236,Q8NCK7,1
P12268,Q8NCK7,1
P13645,Q8NCK7,1
P13804,Q8NCK7,1
P13995,Q8NCK7,1
P14625,Q8NCK7,1
P15127,Q09137,1
P15127,Q66H80,1
P15127,Q9WV78,1
P15208,Q3UJU9,1
P16615,Q8NCK7,1
P17066,Q8NCK7,1
P17980,Q8NCK7,1
P17987,Q8NCK7,1
P17987,Q9NPJ1,1
P18859,Q8NCK7,1
P19474,Q8NCK7,1
P20020,Q8NCK7,1
P20340,Q8NCK7,1
P20618,Q8NCK7,1
P20671,Q8NCK7,1
P20700,Q8NCK7,1
P21796,P38646,1
P21796,Q14643,1
P21796,Q8NCK7,1
P22102,Q8NCK7,1
P22695,Q8NCK7,1
P23258,Q8NCK7,1
P24539,Q8NCK7,1
P25685,Q8NCK7,1
P25705,Q8NCK7,1
P25786,Q8NCK7,1
P25787,Q8NCK7,1
P25788,Q8NCK7,1
P26196,Q8NCK7,1
P26641,Q8NCK7,1
P27348,Q8NCK7,1
P27708,Q8NCK7,1
P27824,Q8NCK7,1
P27986,Q96EB6,1
P27986,Q9Y4H2,1
P28066,Q8NCK7,1
P28070,Q8NCK7,1
P28072,Q8NCK7,1
P28074,Q8NCK7,1
P28288,Q8NCK7,1
P29401,Q8NCK7,1
P30405,Q14643,1
P30837,Q8NCK7,1
P31689,Q8NCK7,1
P31749,Q14643,1
P31946,Q8NCK7,1
P31948,Q8NCK7,1
P33778,Q8NCK7,1
P33981,Q8NCK7,1
P33993,Q8NCK7,1
P34897,Q8NCK7,1
P35232,Q8NCK7,1
P35568,Q96EB6,1
P35606,Q8NCK7,1
P35613,Q8NCK7,1
P35637,Q8NCK7,1
P35908,Q8NCK7,1
P35998,Q8NCK7,1
P36542,Q8NCK7,1
P36873,Q8NCK7,1
P37231,Q00535,1
P37238,Q923E4,1
P37238,Q96EB6,1
P38435,Q8NCK7,1
P38606,Q8NCK7,1
P38646,Q14643,1
P39656,Q8NCK7,1
P40937,Q8NCK7,1
P40939,Q8NCK7,1
P41223,Q8NCK7,1
P42677,Q8NCK7,1
P42704,Q8NCK7,1
P43487,Q8NCK7,1
P43686,Q8NCK7,1
P45880,Q8NCK7,1
P45954,Q8NCK7,1
P46060,Q8NCK7,1
P46379,Q8NCK7,1
P46977,Q8NCK7,1
P47914,Q8NCK7,1
P48047,Q8NCK7,1
P48356,Q8NFJ9,1
P48382,Q8NCK7,1
P48553,Q96QF0,1
P48643,Q8NCK7,1
P48651,Q8NCK7,1
P49207,Q8NCK7,1
P49454,Q8NCK7,1
P49593,Q8NCK7,1
P49720,Q8NCK7,1
P49721,Q8NCK7,1
P49841,Q14449,1
P50402,Q8NCK7,1
P50454,Q8NCK7,1
P50502,Q8NCK7,1
P50993,Q8NCK7,1
P51570,Q8NCK7,1
P51571,Q8NCK7,1
P51617,Q8NCK7,1
P51648,Q8NCK7,1
P51665,Q8NCK7,1
P51970,Q8NCK7,1
P52429,Q8NCK7,1
P52701,Q8NCK7,1
P52756,Q8NCK7,1
P52789,Q8NCK7,1
P53007,Q8NCK7,1
P53396,Q8NCK7,1
P53618,Q8NCK7,1
P53621,Q8NCK7,1
P53985,Q8NCK7,1
P54652,Q8NCK7,1
P54709,Q8NCK7,1
P55060,Q8NCK7,1
P55072,Q8NCK7,1
P55084,Q8NCK7,1
P55209,Q8NCK7,1
P55258,Q02248,1
P55258,Q9CWF6,1
P55786,Q8NCK7,1
P56524,Q8NCK7,1
P56537,Q8NCK7,1
P56589,Q8NCK7,1
P56726,Q8IWZ6,1
P56726,Q8N3I7,1
P56726,Q8NFJ9,1
P56726,Q96RK4,1
P56962,Q8NCK7,1
P57088,Q8NCK7,1
P57740,Q8NCK7,1
P60228,Q8NCK7,1
P60604,Q8NCK7,1
P61006,Q8NCK7,1
P61006,Q96QF0,1
P61026,Q8NCK7,1
P61163,Q8NCK7,1
P61962,Q8NCK7,1
P61981,Q8NCK7,1
P62136,Q8NCK7,1
P62140,Q8NCK7,1
P62191,Q8NCK7,1
P62195,Q8NCK7,1
P62258,Q8NCK7,1
P62333,Q8NCK7,1
P62491,Q96QF0,1
P62492,Q02248,1
P62492,Q9CWF6,1
P62805,Q8NCK7,1
P62820,Q8NCK7,1
P62873,Q8NCK7,1
P62987,Q8NCK7,1
P63044,P70452,1
P63044,Q60770,1
P63045,Q08850,1
P63098,Q60700,1
P63104,Q8NCK7,1
P63167,Q8NCK7,1
P63173,Q8NCK7,1
P63244,Q8NCK7,1
P67870,P68400,1
P68104,Q8NCK7,1
P68363,Q8NCK7,1
P68366,Q8NCK7,1
P68371,Q8NCK7,1
P68400,Q14449,1
P68431,Q8NCK7,1
P70452,Q60770,1
P78318,Q8NCK7,1
P78371,Q8IWZ6,1
P78371,Q9BXC9,1
P78371,Q9NPJ1,1
P78527,Q8NCK7,1
P82912,Q8NCK7,1
P84090,Q8NCK7,1
P84243,Q8NCK7,1
Q00059,Q8NCK7,1
Q00325,Q8NCK7,1
Q00577,Q8NCK7,1
Q02248,Q9CWF6,1
Q02978,Q8NCK7,1
Q04206,Q9UBK2,1
Q04637,Q8NCK7,1
Q04917,Q8NCK7,1
Q07065,Q8NCK7,1
Q08209,Q60700,1
Q08850,Q60770,1
Q08945,Q8NCK7,1
Q09161,Q8NCK7,1
Q09472,Q9R1E0,1
Q12797,Q8NCK7,1
Q13123,Q8NCK7,1
Q13200,Q8NCK7,1
Q13217,Q8NCK7,1
Q13283,Q8NCK7,1
Q13409,Q8NCK7,1
Q13418,Q8NCK7,1
Q13509,Q8NCK7,1
Q13573,Q8NCK7,1
Q13627,Q8NCK7,1
Q13724,Q8NCK7,1
Q13823,Q8NCK7,1
Q13885,Q8NCK7,1
Q14203,Q8NCK7,1
Q14204,Q8NCK7,1
Q14257,Q8NCK7,1
Q14444,Q8NCK7,1
Q14527,Q8NCK7,1
Q14568,Q8NCK7,1
Q14669,Q8NCK7,1
Q14683,Q8NCK7,1
Q14694,Q8NCK7,1
Q14697,Q8NCK7,1
Q14739,Q8NCK7,1
Q14746,Q8NCK7,1
Q14974,Q8NCK7,1
Q15006,Q8NCK7,1
Q15008,Q8NCK7,1
Q15014,Q8NCK7,1
Q15154,Q8NFJ9,1
Q15154,Q96RK4,1
Q15293,Q8NCK7,1
Q15392,Q8NCK7,1
Q15434,Q8NCK7,1
Q15773,Q8NCK7,1
Q15907,Q8NCK7,1
Q15907,Q96QF0,1
Q15942,Q8NCK7,1
Q16531,Q8NCK7,1
Q16637,Q8NCK7,1
Q16891,Q8NCK7,1
Q2KHR2,Q8NCK7,1
Q2TAC2,Q8NCK7,1
Q38DU9,Q57UH8,1
Q3SYG4,Q8IWZ6,1
Q3SYG4,Q8N3I7,1
Q3SYG4,Q8NFJ9,1
Q3SYG4,Q8TAM2,1
Q3SYG4,Q96RK4,1
Q3SYG4,Q9BXC9,1
Q3SYG4,Q9H0F7,1
Q3SYG4,Q9NQ48,1
Q3TLI0,Q96QF0,1
Q3U0M1,Q96QF0,1
Q3UPR7,Q96QF0,1
Q3V3N7,Q811G0,1
Q3V3N7,Q8C1Z7,1
Q3V3N7,Q8K2G4,1
Q3V3N7,Q8VD72,1
Q3V3N7,Q96RK4,1
Q3V3N7,Q9CWF6,1
Q3V3N7,Q9CZQ9,1
Q3ZCM7,Q8NCK7,1
Q3ZCQ8,Q8NCK7,1
Q4GYY5,Q57UH8,1
Q4VC05,Q8NCK7,1
Q52LR7,Q8NCK7,1
Q53EU6,Q8NCK7,1
Q53G59,Q8NCK7,1
Q53GQ0,Q8NCK7,1
Q53R41,Q8NCK7,1
Q58EX7,Q8NCK7,1
Q5BKY9,Q8NCK7,1
Q5BKZ1,Q8NCK7,1
Q5C9Z4,Q8NCK7,1
Q5H9R7,Q8NCK7,1
Q5HYI8,Q8NCK7,1
Q5JPE7,Q8NCK7,1
Q5JWF2,Q8NCK7,1
Q5LJA5,Q8NCK7,1
Q5M775,Q8NCK7,1
Q5NCF2,Q96QF0,1
Q5QPK2,Q8NCK7,1
Q5SNT2,Q8NCK7,1
Q5SRD1,Q8NCK7,1
Q5SRE5,Q8NCK7,1
Q5T160,Q8NCK7,1
Q5T3I0,Q8NCK7,1
Q5TEC6,Q8NCK7,1
Q5VWC4,Q8NCK7,1
Q5W0B1,Q8NCK7,1
Q5XKP0,Q8NCK7,1
Q60700,Q60700,1
Q66K89,Q8NCK7,1
Q68CQ7,Q8NCK7,1
Q69YQ0,Q8NCK7,1
Q6DN90,Q8NCK7,1
Q6IEG0,Q8NCK7,1
Q6NXE6,Q8NCK7,1
Q6P4A7,Q8NCK7,1
Q6PCB8,Q8NCK7,1
Q6PI48,Q8NCK7,1
Q6PJG2,Q8NCK7,1
Q6PJG6,Q8NCK7,1
Q6UW78,Q8NCK7,1
Q6YHU6,Q8NCK7,1
Q6ZNB6,Q8NCK7,1
Q6ZW61,Q8IWZ6,1
Q6ZW61,Q9NPJ1,1
Q71DI3,Q8NCK7,1
Q71RC2,Q8NCK7,1
Q7L5D6,Q8NCK7,1
Q7RTV0,Q8NCK7,1
Q7Z3C6,Q8NCK7,1
Q7Z3U7,Q8NCK7,1
Q7Z3Y7,Q8NCK7,1
Q7Z6Z7,Q8NCK7,1
Q80U30,Q8BH75,1
Q811G0,Q96RK4,1
Q811G0,Q9CWF6,1
Q86SZ2,Q96QF0,1
Q86UL3,Q8NCK7,1
Q86VP6,Q8NCK7,1
Q86X55,Q8NCK7,1
Q86X95,Q8NCK7,1
Q86Y07,Q8NCK7,1
Q86Y56,Q8NCK7,1
Q8C1Z7,Q9BXC9,1
Q8C1Z7,Q9CWF6,1
Q8IUR0,Q96QF0,1
Q8IWZ6,Q8N3I7,1
Q8IWZ6,Q8NFJ9,1
Q8IWZ6,Q8TAM2,1
Q8IWZ6,Q96RK4,1
Q8IWZ6,Q9BXC9,1
Q8IWZ6,Q9H0F7,1
Q8IWZ6,Q9NPJ1,1
Q8IWZ6,Q9NQ48,1
Q8IXI1,Q8NCK7,1
Q8IYB5,Q8NCK7,1
Q8K2G4,Q96RK4,1
Q8K2G4,Q9BXC9,1
Q8K2G4,Q9CWF6,1
Q8N0V3,Q8NCK7,1
Q8N1F7,Q8NCK7,1
Q8N1N4,Q8NCK7,1
Q8N3I7,Q8NFJ9,1
Q8N3I7,Q96RK4,1
Q8N3I7,Q9BXC9,1
Q8N3R9,Q8NCK7,1
Q8N5F7,Q8NCK7,1
Q8N5P1,Q8NCK7,1
Q8N9E0,Q8NCK7,1
Q8N9M5,Q96QF0,1
Q8NBJ5,Q8NCK7,1
Q8NBM4,Q8NCK7,1
Q8NCK7,Q8NCK7,1
Q8NCK7,Q8ND56,1
Q8NCK7,Q8NDQ6,1
Q8NCK7,Q8NDV7,1
Q8NCK7,Q8NF37,1
Q8NCK7,Q8NFD5,1
Q8NCK7,Q8NFQ8,1
Q8NCK7,Q8NI60,1
Q8NCK7,Q8TA86,1
Q8NCK7,Q8TAT6,1
Q8NCK7,Q8TBF4,1
Q8NCK7,Q8TC07,1
Q8NCK7,Q8TCJ2,1
Q8NCK7,Q8TEM1,1
Q8NCK7,Q8TEQ8,1
Q8NCK7,Q8TEX9,1
Q8NCK7,Q8WTW3,1
Q8NCK7,Q8WUH6,1
Q8NCK7,Q8WUM0,1
Q8NCK7,Q8WVM8,1
Q8NCK7,Q8WVX9,1
Q8NCK7,Q92538,1
Q8NCK7,Q92545,1
Q8NCK7,Q92615,1
Q8NCK7,Q92616,1
Q8NCK7,Q92621,1
Q8NCK7,Q92643,1
Q8NCK7,Q92665,1
Q8NCK7,Q92782,1
Q8NCK7,Q92804,1
Q8NCK7,Q92890,1
Q8NCK7,Q92900,1
Q8NCK7,Q92922,1
Q8NCK7,Q92947,1
Q8NCK7,Q92973,1
Q8NCK7,Q93084,1
Q8NCK7,Q969V3,1
Q8NCK7,Q96A33,1
Q8NCK7,Q96BR5,1
Q8NCK7,Q96BY9,1
Q8NCK7,Q96CK0,1
Q8NCK7,Q96CS3,1
Q8NCK7,Q96D53,1
Q8NCK7,Q96F45,1
Q8NCK7,Q96FV9,1
Q8NCK7,Q96GD4,1
Q8NCK7,Q96GF1,1
Q8NCK7,Q96GM8,1
Q8NCK7,Q96HA1,1
Q8NCK7,Q96JJ7,1
Q8NCK7,Q96L91,1
Q8NCK7,Q96P70,1
Q8NCK7,Q96PK6,1
Q8NCK7,Q96PM9,1
Q8NCK7,Q96S52,1
Q8NCK7,Q96T76,1
Q8NCK7,Q99460,1
Q8NCK7,Q99570,1
Q8NCK7,Q99615,1
Q8NCK7,Q99653,1
Q8NCK7,Q99707,1
Q8NCK7,Q99733,1
Q8NCK7,Q99805,1
Q8NCK7,Q99942,1
Q8NCK7,Q9BPW8,1
Q8NCK7,Q9BRK5,1
Q8NCK7,Q9BRT8,1
Q8NCK7,Q9BRX2,1
Q8NCK7,Q9BSD7,1
Q8NCK7,Q9BSJ2,1
Q8NCK7,Q9BSR8,1
Q8NCK7,Q9BTY2,1
Q8NCK7,Q9BUF5,1
Q8NCK7,Q9BUJ2,1
Q8NCK7,Q9BVA1,1
Q8NCK7,Q9BW92,1
Q8NCK7,Q9BWJ5,1
Q8NCK7,Q9BXF3,1
Q8NCK7,Q9BXW9,1
Q8NCK7,Q9BYJ9,1
Q8NCK7,Q9BYW2,1
Q8NCK7,Q9C005,1
Q8NCK7,Q9GZN1,1
Q8NCK7,Q9H078,1
Q8NCK7,Q9H0E9,1
Q8NCK7,Q9H0U4,1
Q8NCK7,Q9H147,1
Q8NCK7,Q9H1K4,1
Q8NCK7,Q9H2F5,1
Q8NCK7,Q9H307,1
Q8NCK7,Q9H583,1
Q8NCK7,Q9H5Q4,1
Q8NCK7,Q9H5V9,1
Q8NCK7,Q9H773,1
Q8NCK7,Q9H7B2,1
Q8NCK7,Q9H936,1
Q8NCK7,Q9H9E1,1
Q8NCK7,Q9H9S3,1
Q8NCK7,Q9HAF1,1
Q8NCK7,Q9HAU5,1
Q8NCK7,Q9HAV4,1
Q8NCK7,Q9HCJ0,1
Q8NCK7,Q9HCU5,1
Q8NCK7,Q9HD20,1
Q8NCK7,Q9HD45,1
Q8NCK7,Q9HDC9,1
Q8NCK7,Q9NP92,1
Q8NCK7,Q9NPF5,1
Q8NCK7,Q9NQ29,1
Q8NCK7,Q9NQH7,1
Q8NCK7,Q9NRG9,1
Q8NCK7,Q9NRR5,1
Q8NCK7,Q9NS69,1
Q8NCK7,Q9NSG2,1
Q8NCK7,Q9NTJ3,1
Q8NCK7,Q9NTJ5,1
Q8NCK7,Q9NUD5,1
Q8NCK7,Q9NUP9,1
Q8NCK7,Q9NV56,1
Q8NCK7,Q9NVI1,1
Q8NCK7,Q9NWB6,1
Q8NCK7,Q9NY65,1
Q8NCK7,Q9NYA4,1
Q8NCK7,Q9NYU2,1
Q8NCK7,Q9NZ01,1
Q8NCK7,Q9P0I2,1
Q8NCK7,Q9P2R6,1
Q8NCK7,Q9UBB4,1
Q8NCK7,Q9UBF2,1
Q8NCK7,Q9UBM7,1
Q8NCK7,Q9UBS4,1
Q8NCK7,Q9UBU8,1
Q8NCK7,Q9UBV2,1
Q8NCK7,Q9UBX3,1
Q8NCK7,Q9UDW3,1
Q8NCK7,Q9UDY4,1
Q8NCK7,Q9UET6,1
Q8NCK7,Q9UH99,1
Q8NCK7,Q9UHI6,1
Q8NCK7,Q9UI12,1
Q8NCK7,Q9UJS0,1
Q8NCK7,Q9UJV9,1
Q8NCK7,Q9UKV0,1
Q8NCK7,Q9UL15,1
Q8NCK7,Q9ULD9,1
Q8NCK7,Q9ULX6,1
Q8NCK7,Q9UN37,1
Q8NCK7,Q9UN81,1
Q8NCK7,Q9UN86,1
Q8NCK7,Q9UNF1,1
Q8NCK7,Q9UNM6,1
Q8NCK7,Q9UNP9,1
Q8NCK7,Q9UPQ9,1
Q8NCK7,Q9UPT5,1
Q8NCK7,Q9UQL6,1
Q8NCK7,Q9Y277,1
Q8NCK7,Q9Y285,1
Q8NCK7,Q9Y2G8,1
Q8NCK7,Q9Y2J4,1
Q8NCK7,Q9Y383,1
Q8NCK7,Q9Y3C1,1
Q8NCK7,Q9Y3C7,1
Q8NCK7,Q9Y3D0,1
Q8NCK7,Q9Y3Y2,1
Q8NCK7,Q9Y448,1
Q8NCK7,Q9Y4L1,1
Q8NCK7,Q9Y4R8,1
Q8NCK7,Q9Y4W6,1
Q8NCK7,Q9Y4Y9,1
Q8NCK7,Q9Y5A9,1
Q8NCK7,Q9Y5B9,1
Q8NCK7,Q9Y5V3,1
Q8NCK7,Q9Y679,1
Q8NCK7,R4GMR5,1
Q8NCK7,U3KQK0,1
Q8NFJ9,Q8TAM2,1
Q8NFJ9,Q96QF0,1
Q8NFJ9,Q96RK4,1
Q8NFJ9,Q9BXC9,1
Q8NFJ9,Q9H0F7,1
Q8TAM1,Q9NPJ1,1
Q8TAM2,Q96RK4,1
Q8TAM2,Q9BXC9,1
Q8TAM2,Q9H0F7,1
Q8VD72,Q96RK4,1
Q8VD72,Q9CWF6,1
Q96EB6,Q9R1E0,1
Q96EB6,Q9Y4H2,1
Q96Q05,Q96QF0,1
Q96QF0,Q96RK4,1
Q96QF0,Q9CQA1,1
Q96QF0,Q9CQP2,1
Q96QF0,Q9D289,1
Q96QF0,Q9ES56,1
Q96QF0,Q9JME7,1
Q96QF0,Q9UL33,1
Q96QF0,Q9Y296,1
Q96QF0,Q9Y5R8,1
Q96RK4,Q9BXC9,1
Q96RK4,Q9CWF6,1
Q96RK4,Q9CZQ9,1
Q96RK4,Q9H0F7,1
Q96RK4,Q9JHQ5,1
Q9BXC9,Q9CZQ9,1
Q9BXC9,Q9H0F7,1
Q9BXC9,Q9NPJ1,1
Q9BXC9,Q9NQ48,1
Q9CWF6,Q9CZQ9,1
Q9CWF6,Q9JHQ5,1
Q9NQ48,Q9NQ48,1
A0FGR8,B1ANR0,0
A0FGR8,O43251,0
A0FGR8,O43617,0
A0FGR8,O75396,0
A0FGR8,O75964,0
A0FGR8,P05026,0
A0FGR8,P12236,0
A0FGR8,P25705,0
A0FGR8,P48047,0
A0FGR8,P57088,0
A0FGR8,P63044,0
A0FGR8,P63104,0
A0FGR8,P68431,0
A0FGR8,Q09472,0
A0FGR8,Q15434,0
A0FGR8,Q15942,0
A0FGR8,Q5C9Z4,0
A0FGR8,Q5SRE5,0
A0FGR8,Q5XKP0,0
A0FGR8,Q6ZNB6,0
A0FGR8,Q92947,0
A0FGR8,Q96S52,0
A1L0T0,B4DR61,0
A1L0T0,O75396,0
A1L0T0,P11172,0
A1L0T0,P35908,0
A1L0T0,P53985,0
A1L0T0,Q02248,0
A1L0T0,Q3U0M1,0
A1L0T0,Q3V3N7,0
A1L0T0,Q5C9Z4,0
A1L0T0,Q8N0V3,0
A1L0T0,Q8NF37,0
A1L0T0,Q8TAM1,0
A1L0T0,Q8WTW3,0
A1L0T0,Q9H9S3,0
A1L0T0,Q9NTJ3,0
A1L0T0,Q9UHI6,0
A1L0T0,Q9Y3D0,0
A2A2Q9,G3V325,0
A2A2Q9,J3KNF5,0
A2A2Q9,O14654,0
A2A2Q9,O88900,0
A2A2Q9,P06730,0
A2A2Q9,P21796,0
A2A2Q9,P30405,0
A2A2Q9,P31689,0
A2A2Q9,P62140,0
A2A2Q9,Q00325,0
A2A2Q9,Q02248,0
A2A2Q9,Q04917,0
A2A2Q9,Q14697,0
A2A2Q9,Q15392,0
A2A2Q9,Q5SNT2,0
A2A2Q9,Q5SRE5,0
A2A2Q9,Q8N3I7,0
A2A2Q9,Q96F45,0
A2A2Q9,Q96PK6,0
A2A2Q9,Q9CQA1,0
A2A2Q9,Q9CZQ9,0
A2A935,M0QXB4,0
A2A935,O00743,0
A2A935,P06493,0
A2A935,P14625,0
A2A935,P25788,0
A2A935,P35568,0
A2A935,P35998,0
A2A935,P42704,0
A2A935,P50502,0
A2A935,P56524,0
A2A935,P62805,0
A2A935,P68366,0
A2A935,Q00535,0
A2A935,Q09137,0
A2A935,Q13627,0
A2A935,Q4VC05,0
A2A935,Q5C9Z4,0
A2A935,Q5NCF2,0
A2A935,Q71RC2,0
A2A935,Q8N9E0,0
A2A935,Q96BY9,0
A2A935,Q99733,0
A2A935,Q9BSD7,0
A2A935,Q9NTJ3,0
A2A935,Q9UBM7,0
A2A935,Q9ULD9,0
A2A935,Q9Y3C7,0
A2AEA2,O00410,0
A2AEA2,P06213,0
A2AEA2,P11021,0
A2AEA2,P28072,0
A2AEA2,P29401,0
A2AEA2,P35568,0
A2AEA2,P35998,0
A2AEA2,P40937,0
A2AEA2,P48356,0
A2AEA2,P48643,0
A2AEA2,P49593,0
A2AEA2,P50402,0
A2AEA2,P51617,0
A2AEA2,P63098,0
A2AEA2,P70452,0
A2AEA2,Q3ZCM7,0
A2AEA2,Q6PI48,0
A2AEA2,Q99460,0
A2AEA2,Q99707,0
A2AEA2,Q9BXC9,0
A2AEA2,Q9H0F7,0
A5PL33,C9JRZ6,0
A5PL33,O43795,0
A5PL33,O75600,0
A5PL33,O75683,0
A5PL33,P06213,0
A5PL33,P62987,0
A5PL33,P68371,0
A5PL33,Q02248,0
A5PL33,Q4VC05,0
A5PL33,Q57UH8,0
A5PL33,Q8IYB5,0
A5PL33,Q8N1F7,0
A5PL33,Q8WVM8,0
A5PL33,Q92973,0
A5PL33,Q96EB6,0
A5PL33,Q9JHQ5,0
A5PL33,Q9NTG7,0
A5PL33,Q9UNP9,0
A5PL33,Q9Y285,0
A5PL33,Q9Y5B9,0
A8MTZ0,E9PRG8,0
A8MTZ0,O00483,0
A8MTZ0,P06727,0
A8MTZ0,P12004,0
A8MTZ0,P20700,0
A8MTZ0,P27824,0
A8MTZ0,P36542,0
A8MTZ0,P42677,0
A8MTZ0,P45880,0
A8MTZ0,P48643,0
A8MTZ0,P52756,0
A8MTZ0,Q12840,0
A8MTZ0,Q13627,0
A8MTZ0,Q3ZCQ8,0
A8MTZ0,Q68CQ7,0
A8MTZ0,Q86UL3,0
A8MTZ0,Q8NBM4,0
A8MTZ0,Q99615,0
A8MTZ0,Q9BYJ9,0
A8MTZ0,Q9CZQ9,0
A8MTZ0,Q9JHQ5,0
A8MTZ0,Q9NZ01,0
A8MTZ0,Q9UBB4,0
A8MTZ0,Q9UL33,0
A8MTZ0,Q9Y679,0
B1ANR0,O15020,0
B1ANR0,O75865,0
B1ANR0,O75964,0
B1ANR0,P07195,0
B1ANR0,P18859,0
B1ANR0,P20671,0
B1ANR0,P61163,0
B1ANR0,Q53GQ0,0
B1ANR0,Q5HYI8,0
B1ANR0,Q8IUR0,0
B1ANR0,Q8IWZ6,0
B1ANR0,Q9BRK5,0
B1ANR0,Q9BW92,0
B1ANR0,Q9BYF1,0
B1ANR0,Q9H936,0
B1ANR0,Q9NWB6,0
B4DLN1,O00303,0
B4DLN1,O14681,0
B4DLN1,O43524,0
B4DLN1,O95817,0
B4DLN1,P02768,0
B4DLN1,P04350,0
B4DLN1,P30837,0
B4DLN1,P45954,0
B4DLN1,P50993,0
B4DLN1,P51648,0
B4DLN1,P56537,0
B4DLN1,P57088,0
B4DLN1,P62195,0
B4DLN1,Q14204,0
B4DLN1,Q52LR7,0
B4DLN1,Q63503,0
B4DLN1,Q7L5D6,0
B4DLN1,Q8N9E0,0
B4DLN1,Q8NDV7,0
B4DLN1,Q8VD72,0
B4DLN1,Q9BVA1,0
B4DLN1,Q9HD20,0
B4DR61,D4ABI7,0
B4DR61,J3KN16,0
B4DR61,O14929,0
B4DR61,O43592,0
B4DR61,P01024,0
B4DR61,P07437,0
B4DR61,P33993,0
B4DR61,P37231,0
B4DR61,P51571,0
B4DR61,P61026,0
B4DR61,P63098,0
B4DR61,Q5BKZ1,0
B4DR61,Q86UL3,0
B4DR61,Q86Y56,0
B4DR61,Q96Q05,0
B4DR61,Q9HAU5,0
B4DR61,Q9P2R6,0
B4DR61,Q9UPQ9,0
B4DR61,Q9Y679,0
B5MDF5,G3H0F0,0
B5MDF5,O41515,0
B5MDF5,P11940,0
B5MDF5,P13995,0
B5MDF5,P53396,0
B5MDF5,Q08209,0
B5MDF5,Q14643,0
B5MDF5,Q14746,0
B5MDF5,Q15907,0
B5MDF5,Q2TAC2,0
B5MDF5,Q3V3N7,0
B5MDF5,Q53GQ0,0
B5MDF5,Q58EX7,0
B5MDF5,Q5T160,0
B5MDF5,Q5TEC6,0
B5MDF5,Q6UW78,0
B5MDF5,Q7RTV0,0
B5MDF5,Q92804,0
B5MDF5,Q9C005,0
B5MDF5,Q9H078,0
B5MDF5,Q9H0F7,0
B5MDF5,Q9Y3D0,0
B5MDF5,Q9Y5B9,0
C9JNU6,E9PRG8,0
C9JNU6,H3BMF4,0
C9JNU6,J3KPP4,0
C9JNU6,O00483,0
C9JNU6,O95817,0
C9JNU6,P02768,0
C9JNU6,P07437,0
C9JNU6,P20618,0
C9JNU6,P38435,0
C9JNU6,P67870,0
C9JNU6,Q13573,0
C9JNU6,Q16531,0
C9JNU6,Q5JWF2,0
C9JNU6,Q96BY9,0
C9JNU6,Q96GF1,0
C9JNU6,Q99460,0
C9JNU6,Q9BUF5,0
C9JNU6,Q9CZQ9,0
C9JNU6,Q9D289,0
C9JNU6,Q9NQH7,0
C9JNU6,Q9NTJ5,0
C9JNU6,Q9NUP9,0
C9JNU6,Q9Y3C7,0
C9JNU6,Q9Y3Y2,0
C9JNU6,Q9Y4R8,0
C9JRZ6,M0QXB4,0
C9JRZ6,O75970,0
C9JRZ6,O94761,0
C9JRZ6,P0DI81,0
C9JRZ6,P30837,0
C9JRZ6,P36542,0
C9JRZ6,P63244,0
C9JRZ6,Q13823,0
C9JRZ6,Q15008,0
C9JRZ6,Q5SRD1,0
C9JRZ6,Q6PI48,0
C9JRZ6,Q7RTV0,0
C9JRZ6,Q8TBF4,0
C9JRZ6,Q923E4,0
C9JRZ6,Q99805,0
C9JRZ6,Q9BRX2,0
C9JRZ6,Q9BSR8,0
C9JRZ6,Q9H5Q4,0
C9JRZ6,Q9H7B2,0
C9JRZ6,Q9UDW3,0
C9JRZ6,Q9UNF1,0
C9JRZ6,Q9Y4Y9,0
D4ABI7,O14818,0
D4ABI7,O75970,0
D4ABI7,P28074,0
D4ABI7,P29401,0
D4ABI7,P52701,0
D4ABI7,P57088,0
D4ABI7,P62873,0
D4ABI7,Q14527,0
D4ABI7,Q5QPK2,0
D4ABI7,Q6ZW61,0
D4ABI7,Q8BH75,0
D4ABI7,Q92545,0
D4ABI7,Q99570,0
D4ABI7,Q9BPW8,0
D4ABI7,Q9BRK5,0
D4ABI7,Q9H5V9,0
D4ABI7,Q9NQ29,0
D4ABI7,Q9NWB6,0
D4ABI7,Q9UPQ9,0
E7EMK3,P01889,0
E7EMK3,P02545,0
E7EMK3,P04350,0
E7EMK3,P04844,0
E7EMK3,P06493,0
E7EMK3,P07437,0
E7EMK3,P16615,0
E7EMK3,P38435,0
E7EMK3,P48047,0
E7EMK3,P49207,0
E7EMK3,P55072,0
E7EMK3,Q13409,0
E7EMK3,Q16891,0
E7EMK3,Q8TAM1,0
E7EMK3,Q8TEX9,0
E7EMK3,Q92616,0
E7EMK3,Q96HA1,0
E7EMK3,Q99733,0
E7EMK3,Q9BSR8,0
E7EMK3,Q9BXW9,0
E7EMK3,Q9NQ29,0
E7EMK3,Q9UDW3,0
E7EMK3,R4GMR5,0
E9PRG8,F5H5D3,0
E9PRG8,J3KN16,0
E9PRG8,J3KPP4,0
E9PRG8,O14524,0
E9PRG8,P04350,0
E9PRG8,P11881,0
E9PRG8,P20700,0
E9PRG8,P33993,0
E9PRG8,P40939,0
E9PRG8,P43487,0
E9PRG8,P55042,0
E9PRG8,Q15014,0
E9PRG8,Q15942,0
E9PRG8,Q16637,0
E9PRG8,Q16891,0
E9PRG8,Q6PCB8,0
E9PRG8,Q92538,0
E9PRG8,Q9BYF1,0
E9PRG8,Q9H147,0
E9PRG8,Q9NTJ3,0
F1MWF1,O75915,0
F1MWF1,P13645,0
F1MWF1,P15208,0
F1MWF1,P27708,0
F1MWF1,P31948,0
F1MWF1,P35908,0
F1MWF1,P48356,0
F1MWF1,P50502,0
F1MWF1,P51970,0
F1MWF1,P53985,0
F1MWF1,P60604,0
F1MWF1,P61981,0
F1MWF1,P63044,0
F1MWF1,P68431,0
F1MWF1,Q13123,0
F1MWF1,Q14974,0
F1MWF1,Q5M775,0
F1MWF1,Q60700,0
F1MWF1,Q71DI3,0
F1MWF1,Q8ND56,0
F1MWF1,Q8TAM1,0
F1MWF1,Q9H1K4,0
F1MWF1,Q9NPF5,0
F1MWF1,Q9R1E0,0
F1MWF1,Q9UBU8,0
F1MWF1,Q9Y296,0
F1MWF1,Q9Y5A9,0
F5H5D3,O43164,0
F5H5D3,O75600,0
F5H5D3,P00367,0
F5H5D3,P02538,0
F5H5D3,P38435,0
F5H5D3,P53618,0
F5H5D3,P53985,0
F5H5D3,P57088,0
F5H5D3,P68371,0
F5H5D3,P68431,0
F5H5D3,Q00577,0
F5H5D3,Q13123,0
F5H5D3,Q13283,0
F5H5D3,Q14746,0
F5H5D3,Q15014,0
F5H5D3,Q15293,0
F5H5D3,Q3ZCQ8,0
F5H5D3,Q6NXE6,0
F5H5D3,Q7Z3C6,0
F5H5D3,Q8WUH6,0
F5H5D3,Q9BVA1,0
F5H5D3,Q9H0F7,0
F5H5D3,Q9UJS0,0
F5H5D3,Q9Y2G8,0
F8W1S1,G3H0F0,0
F8W1S1,H3BMF4,0
F8W1S1,P0DJI6,0
F8W1S1,P27348,0
F8W1S1,P28070,0
F8W1S1,P49841,0
F8W1S1,P67870,0
F8W1S1,Q02248,0
F8W1S1,Q09161,0
F8W1S1,Q14683,0
F8W1S1,Q15293,0
F8W1S1,Q16637,0
F8W1S1,Q8IXI1,0
F8W1S1,Q96BR5,0
F8W1S1,Q96L91,0
F8W1S1,Q9BWJ5,0
F8W1S1,Q9UKV0,0
G3H0F0,O43809,0
G3H0F0,O75746,0
G3H0F0,P28072,0
G3H0F0,P51648,0
G3H0F0,P62140,0
G3H0F0,P62195,0
G3H0F0,P62258,0
G3H0F0,P62491,0
G3H0F0,P63173,0
G3H0F0,P68400,0
G3H0F0,Q7Z3U7,0
G3H0F0,Q96QF0,0
G3H0F0,Q9BSD7,0
G3H0F0,Q9Y4W6,0
G3H0F0,U3KQK0,0
G3V325,H3BMF4,0
G3V325,J3KN16,0
G3V325,O14901,0
G3V325,O76024,0
G3V325,O94888,0
G3V325,O95816,0
G3V325,Q13123,0
G3V325,Q13885,0
G3V325,Q14204,0
G3V325,Q15942,0
G3V325,Q3V3N7,0
G3V325,Q5BKZ1,0
G3V325,Q8TEQ8,0
G3V325,Q92900,0
G3V325,Q92947,0
G3V325,Q92973,0
G3V325,Q9BW92,0
G3V325,Q9BYF1,0
G3V325,Q9HCU5,0
G3V325,Q9NPJ1,0
G3V325,Q9NUD5,0
G3V325,Q9UQL6,0
G3V325,Q9Y296,0
G3V5Z7,O00743,0
G3V5Z7,O14901,0
G3V5Z7,O15260,0
G3V5Z7,O43164,0
G3V5Z7,O88848,0
G3V5Z7,O96019,0
G3V5Z7,P04844,0
G3V5Z7,P0DTC2,0
G3V5Z7,P12236,0
G3V5Z7,P62491,0
G3V5Z7,Q09137,0
G3V5Z7,Q09472,0
G3V5Z7,Q14444,0
G3V5Z7,Q14527,0
G3V5Z7,Q15434,0
G3V5Z7,Q16531,0
G3V5Z7,Q57UH8,0
G3V5Z7,Q811G0,0
G3V5Z7,Q9H583,0
G3V5Z7,Q9UL15,0
G3V5Z7,Q9UNP9,0
H0YMV8,P05141,0
H0YMV8,P12268,0
H0YMV8,P14625,0
H0YMV8,P47914,0
H0YMV8,P63098,0
H0YMV8,Q00325,0
H0YMV8,Q14739,0
H0YMV8,Q6NXE6,0
H0YMV8,Q6ZNB6,0
H0YMV8,Q8NDQ6,0
H0YMV8,Q8NDV7,0
H0YMV8,Q8WTW3,0
H0YMV8,Q96CK0,0
H0YMV8,Q96GD4,0
H0YMV8,Q9BXF3,0
H0YMV8,Q9UL33,0
H0YMV8,Q9UN86,0
H0YMV8,Q9Y5B9,0
H3BMF4,O00488,0
H3BMF4,O14818,0
H3BMF4,O75915,0
H3BMF4,O94905,0
H3BMF4,P11021,0
H3BMF4,P25786,0
H3BMF4,P27708,0
H3BMF4,P29401,0
H3BMF4,P33981,0
H3BMF4,P39656,0
H3BMF4,P41223,0
H3BMF4,P48553,0
H3BMF4,P49593,0
H3BMF4,P55258,0
H3BMF4,P67870,0
H3BMF4,Q09472,0
H3BMF4,Q14204,0
H3BMF4,Q4VC05,0
H3BMF4,Q5H9R7,0
H3BMF4,Q8TAM2,0
H3BMF4,Q8WUH6,0
H3BMF4,Q92890,0
H3BMF4,Q96CS3,0
H3BMF4,Q96JJ7,0
H3BMF4,Q9H0E9,0
H3BMF4,Q9H5V9,0
H3BMF4,Q9P035,0
H3BMF4,Q9UBB4,0
J3KN16,O41515,0
J3KN16,O43617,0
J3KN16,O55013,0
J3KN16,P02545,0
J3KN16,P0DJI6,0
J3KN16,P11142,0
J3KN16,P45880,0
J3KN16,P62820,0
J3KN16,Q08850,0
J3KN16,Q14974,0
J3KN16,Q15907,0
J3KN16,Q6PJG2,0
J3KN16,Q7Z3C6,0
J3KN16,Q86VP6,0
J3KN16,Q8NFJ9,0
J3KN16,Q8WTW3,0
J3KN16,Q8WUM0,0
J3KN16,Q92947,0
J3KN16,Q96P70,0
J3KN16,Q9H9S3,0
J3KN16,Q9NWB6,0
J3KN16,Q9P2R6,0
J3KN16,Q9UH99,0
J3KN16,Q9UPT5,0
J3KN16,Q9UQL6,0
J3KNF5,O43592,0
J3KNF5,O75787,0
J3KNF5,O95831,0
J3KNF5,P05023,0
J3KNF5,P22102,0
J3KNF5,P28066,0
J3KNF5,P38435,0
J3KNF5,P47914,0
J3KNF5,P48382,0
J3KNF5,P51648,0
J3KNF5,P52756,0
J3KNF5,P54652,0
J3KNF5,P55084,0
J3KNF5,P56589,0
J3KNF5,P56962,0
J3KNF5,Q00577,0
J3KNF5,Q04637,0
J3KNF5,Q13823,0
J3KNF5,Q3UPR7,0
J3KNF5,Q5JWF2,0
J3KNF5,Q5VWC4,0
J3KNF5,Q6NXE6,0
J3KNF5,Q6PI48,0
J3KNF5,Q6PJG2,0
J3KNF5,Q8NBM4,0
J3KNF5,Q96HA1,0
J3KNF5,Q9BRX2,0
J3KNF5,Q9BUJ2,0
J3KNF5,Q9BWJ5,0
J3KNF5,Q9UH99,0
J3KNF5,Q9Y2G8,0
J3KPP4,P06730,0
J3KPP4,P16615,0
J3KPP4,P48047,0
J3KPP4,P55084,0
J3KPP4,P62805,0
J3KPP4,P63045,0
J3KPP4,P78371,0
J3KPP4,Q14203,0
J3KPP4,Q53EU6,0
J3KPP4,Q5LJA5,0
J3KPP4,Q5QPK2,0
J3KPP4,Q5T160,0
J3KPP4,Q60932,0
J3KPP4,Q68CQ7,0
J3KPP4,Q8N5F7,0
J3KPP4,Q8NF37,0
J3KPP4,Q96GD4,0
J3KPP4,Q96GF1,0
J3KPP4,Q99805,0
J3KPP4,Q9BRK5,0
J3KPP4,Q9BRX2,0
J3KPP4,Q9BYJ9,0
J3KPP4,Q9H5Q4,0
J3KPP4,Q9NTJ3,0
J3KPP4,Q9UBX3,0
J3KPS0,O15020,0
J3KPS0,O75600,0
J3KPS0,O88848,0
J3KPS0,P00367,0
J3KPS0,P20340,0
J3KPS0,P26641,0
J3KPS0,P35637,0
J3KPS0,P49454,0
J3KPS0,P51648,0
J3KPS0,P62491,0
J3KPS0,P63167,0
J3KPS0,P70452,0
J3KPS0,Q07065,0
J3KPS0,Q15293,0
J3KPS0,Q16637,0
J3KPS0,Q53EU6,0
J3KPS0,Q58EX7,0
J3KPS0,Q8WUM0,0
J3KPS0,Q99942,0
J3KPS0,Q9H773,0
J3KPS0,Q9NP92,0
J3KPS0,Q9NTJ3,0
J3KPS0,Q9NTJ5,0
J3KPS0,Q9UBS4,0
J3KPS0,Q9Y3C1,0
J3KPS0,Q9Y4L1,0
J3KPX7,O43681,0
J3KPX7,O95433,0
J3KPX7,P27986,0
J3KPX7,P50993,0
J3KPX7,P54709,0
J3KPX7,P57088,0
J3KPX7,Q14697,0
J3KPX7,Q60770,0
J3KPX7,Q6PJG2,0
J3KPX7,Q7L5D6,0
J3KPX7,Q9H9S3,0
J3KPX7,Q9HD45,0
J3KPX7,Q9NQH7,0
J3KPX7,Q9NUD5,0
J3KPX7,Q9UN81,0
M0QXB4,O43617,0
M0QXB4,O95347,0
M0QXB4,P12236,0
M0QXB4,P27824,0
M0QXB4,P28066,0
M0QXB4,P28288,0
M0QXB4,P34897,0
M0QXB4,P51665,0
M0QXB4,P51970,0
M0QXB4,P55209,0
M0QXB4,P63044,0
M0QXB4,P63167,0
M0QXB4,Q04637,0
M0QXB4,Q3TLI0,0
M0QXB4,Q69YQ0,0
M0QXB4,Q7L5D6,0
M0QXB4,Q7Z6Z7,0
M0QXB4,Q8NDQ6,0
M0QXB4,Q92900,0
M0QXB4,Q9BSR8,0
M0QXB4,Q9BVA1,0
M0QXB4,Q9BXF3,0
M0QXB4,Q9ES56,0
M0QXB4,Q9UHI6,0
M0QXB4,Q9WV78,0
M0QXB4,Q9WVH4,0
O00231,O60884,0
O00231,P08195,0
O00231,P11177,0
O00231,P11940,0
O00231,P26641,0
O00231,P35568,0
O00231,P37238,0
O00231,P50502,0
O00231,P55060,0
O00231,P63098,0
O00231,Q12840,0
O00231,Q13200,0
O00231,Q14697,0
O00231,Q15907,0
O00231,Q6UW78,0
O00231,Q8IXI1,0
O00231,Q92616,0
O00231,Q96CK0,0
O00231,Q9H147,0
O00231,Q9NVI1,0
O00231,Q9NYA4,0
O00231,Q9UN86,0
O00232,O00311,0
O00232,O14901,0
O00232,O75746,0
O00232,P06730,0
O00232,P11142,0
O00232,P24539,0
O00232,P48643,0
O00232,P49720,0
O00232,P53007,0
O00232,P57088,0
O00232,P61962,0
O00232,P62492,0
O00232,P84243,0
O00232,Q13509,0
O00232,Q5T160,0
O00232,Q6DN90,0
O00232,Q71RC2,0
O00232,Q92621,0
O00232,Q92804,0
O00232,Q96Q05,0
O00232,Q9ES56,0
O00232,Q9UQL6,0
O00232,Q9Y3D0,0
O00232,R4GMR5,0
O00264,O41515,0
O00264,O94888,0
O00264,P06730,0
O00264,P07437,0
O00264,P11021,0
O00264,P42677,0
O00264,P52756,0
O00264,P70452,0
O00264,Q08850,0
O00264,Q3SYG4,0
O00264,Q8NBJ5,0
O00264,Q8TA86,0
O00264,Q8TAM2,0
O00264,Q8VD72,0
O00264,Q92621,0
O00264,Q99942,0
O00264,Q9GZN1,0
O00264,Q9NRG9,0
O00287,O43242,0
O00287,P07437,0
O00287,P13804,0
O00287,P15127,0
O00287,P25787,0
O00287,P37238,0
O00287,P39656,0
O00287,P50454,0
O00287,P53007,0
O00287,P62195,0
O00287,Q00325,0
O00287,Q08209,0
O00287,Q15773,0
O00287,Q7Z3C6,0
O00287,Q7Z3Y7,0
O00287,Q7Z6Z7,0
O00287,Q8WVM8,0
O00287,Q9BW92,0
O00287,Q9HCU5,0
O00287,Q9NWB6,0
O00287,Q9P035,0
O00287,Q9UNM6,0
O00287,Q9Y448,0
O00303,O75787,0
O00303,P11177,0
O00303,P30405,0
O00303,P36873,0
O00303,P46060,0
O00303,P52429,0
O00303,P61006,0
O00303,Q14444,0
O00303,Q14643,0
O00303,Q15293,0
O00303,Q5XKP0,0
O00303,Q6P4A7,0
O00303,Q86Y56,0
O00303,Q8WUM0,0
O00303,Q96CS3,0
O00303,Q9H5V9,0
O00303,Q9HAF1,0
O00303,Q9HD45,0
O00303,Q9Y4Y9,0
O00311,O43524,0
O00311,O95347,0
O00311,P16615,0
O00311,P47914,0
O00311,P53396,0
O00311,P54652,0
O00311,P63098,0
O00311,Q5C9Z4,0
O00311,Q8BH75,0
O00311,Q8TC07,0
O00311,Q8WUM0,0
O00311,Q9NYU2,0
O00311,Q9UKV0,0
O00311,Q9UPQ9,0
O00311,Q9Y5A9,0
O00410,O09044,0
O00410,O75607,0
O00410,P33993,0
O00410,P48553,0
O00410,P54646,0
O00410,P55042,0
O00410,P62140,0
O00410,P68363,0
O00410,P68366,0
O00410,Q14444,0
O00410,Q2TAC2,0
O00410,Q58EX7,0
O00410,Q5H9R7,0
O00410,Q6PJG2,0
O00410,Q99942,0
O00410,Q9H0E9,0
O00410,Q9H0F7,0
O00410,Q9H5Q4,0
O00410,Q9UKV0,0
O00410,Q9ULD9,0
O00410,Q9UPQ9,0
O00483,O14497,0
O00483,O14654,0
O00483,O60237,0
O00483,P17980,0
O00483,P26641,0
O00483,P28070,0
O00483,P36542,0
O00483,P41223,0
O00483,P61962,0
O00483,Q02248,0
O00483,Q14683,0
O00483,Q14974,0
O00483,Q15942,0
O00483,Q3TLI0,0
O00483,Q7Z3Y7,0
O00483,Q7Z6Z7,0
O00483,Q8IYB5,0
O00483,Q8NBM4,0
O00483,Q96PK6,0
O00483,Q9BW92,0
O00483,Q9Y3C1,0
O00487,O14524,0
O00487,O75190,0
O00487,O75787,0
O00487,O88848,0
O00487,O94888,0
O00487,P04908,0
O00487,P11021,0
O00487,P13995,0
O00487,P17066,0
O00487,P25787,0
O00487,P33778,0
O00487,P50993,0
O00487,P54709,0
O00487,P68104,0
O00487,P68400,0
O00487,P84090,0
O00487,Q15773,0
O00487,Q3ZCQ8,0
O00487,Q5JWF2,0
O00487,Q8N9E0,0
O00487,Q92615,0
O00487,Q96Q05,0
O00487,Q9H0F7,0
O00488,O35567,0
O00488,O75376,0
O00488,P08243,0
O00488,P26196,0
O00488,P42677,0
O00488,P55060,0
O00488,Q14746,0
O00488,Q3UPR7,0
O00488,Q5JPE7,0
O00488,Q6PCB8,0
O00488,Q8IXI1,0
O00488,Q8N1F7,0
O00488,Q8TA86,0
O00488,Q8TEM1,0
O00488,Q96CS3,0
O00488,Q99570,0
O00488,Q9BSJ2,0
O00488,Q9BYJ9,0
O00488,Q9UJV9,0
O00488,Q9Y5A9,0
O00743,O43242,0
O00743,O94905,0
O00743,P11881,0
O00743,P27824,0
O00743,P31689,0
O00743,P33981,0
O00743,P37238,0
O00743,P45954,0
O00743,P61006,0
O00743,P62191,0
O00743,P62195,0
O00743,Q13409,0
O00743,Q5H9R7,0
O00743,Q5T3I0,0
O00743,Q60770,0
O00743,Q6NXE6,0
O00743,Q8K2G4,0
O00743,Q923E4,0
O00743,Q92782,0
O00743,Q96D53,0
O00743,Q9UNM6,0
O09044,O14929,0
O09044,O95985,0
O09044,P00367,0
O09044,P05026,0
O09044,P11172,0
O09044,P13995,0
O09044,P35232,0
O09044,P38646,0
O09044,P49207,0
O09044,P51571,0
O09044,P54652,0
O09044,P55209,0
O09044,P61981,0
O09044,P62492,0
O09044,Q15154,0
O09044,Q5C9Z4,0
O09044,Q5VWC4,0
O09044,Q9CQP2,0
O09044,Q9UBF2,0
O09044,Q9WV78,0
O14497,O60237,0
O14497,O75190,0
O14497,O96019,0
O14497,P11172,0
O14497,P18859,0
O14497,P49454,0
O14497,P51970,0
O14497,P55072,0
O14497,P56726,0
O14497,Q14746,0
O14497,Q5TEC6,0
O14497,Q5VWC4,0
O14497,Q8WVX9,0
O14497,Q96GD4,0
O14497,Q9BVA1,0
O14497,Q9HDC9,0
O14497,Q9JHQ5,0
O14497,Q9UBX3,0
O14497,Q9UDW3,0
O14497,Q9Y4W6,0
O14497,Q9Y679,0
O14524,O75376,0
O14524,P0DI81,0
O14524,P20618,0
O14524,P24539,0
O14524,P41223,0
O14524,P46060,0
O14524,P52789,0
O14524,P62873,0
O14524,P63244,0
O14524,Q08945,0
O14524,Q09137,0
O14524,Q3ZCM7,0
O14524,Q5H9R7,0
O14524,Q5XKP0,0
O14524,Q7Z3U7,0
O14524,Q86X55,0
O14524,Q8BH75,0
O14524,Q8NBJ5,0
O14524,Q96BR5,0
O14524,Q96S52,0
O14654,P0C0S5,0
O14654,P11177,0
O14654,P13804,0
O14654,P22695,0
O14654,P25788,0
O14654,P48553,0
O14654,P48643,0
O14654,P51617,0
O14654,P57088,0
O14654,P62491,0
O14654,P68104,0
O14654,P68363,0
O14654,Q14643,0
O14654,Q2KHR2,0
O14654,Q8N3R9,0
O14654,Q92616,0
O14654,Q92621,0
O14654,Q99KR7,0
O14654,Q9BXW9,0
O14654,Q9HD20,0
O14654,Q9UNP9,0
O14681,O15260,0
O14681,O43175,0
O14681,O43809,0
O14681,O95347,0
O14681,P06727,0
O14681,P31689,0
O14681,P42704,0
O14681,P45880,0
O14681,P55258,0
O14681,P60709,0
O14681,Q13627,0
O14681,Q14974,0
O14681,Q38DU9,0
O14681,Q3SYG4,0
O14681,Q5JWF2,0
O14681,Q5SRD1,0
O14681,Q8N3R9,0
O14681,Q8TAT6,0
O14681,Q92804,0
O14681,Q96D53,0
O14681,Q9P035,0
O14681,Q9UL15,0
O14818,O75607,0
O14818,P48356,0
O14818,P56962,0
O14818,P62258,0
O14818,Q14444,0
O14818,Q14697,0
O14818,Q15006,0
O14818,Q8IXI1,0
O14818,Q8ND56,0
O14818,Q92616,0
O14818,Q96HA1,0
O14818,Q99615,0
O14818,Q9BUJ2,0
O14818,Q9CZQ9,0
O14818,Q9H0U4,0
O14818,Q9H583,0
O14818,Q9HAU5,0
O14818,Q9NQ48,0
O14818,Q9UBX3,0
O14818,Q9Y3D0,0
O14901,O88900,0
O14901,O95985,0
O14901,P04844,0
O14901,P05067,0
O14901,P12268,0
O14901,P25787,0
O14901,P25788,0
O14901,P28288,0
O14901,P31939,0
O14901,P34897,0
O14901,P49207,0
O14901,P62195,0
O14901,Q13217,0
O14901,Q5TEC6,0
O14901,Q5VWC4,0
O14901,Q71DI3,0
O14901,Q86X95,0
O14901,Q8N0V3,0
O14901,Q8N9E0,0
O14901,Q8TC07,0
O14901,Q96JJ7,0
O14901,Q96Q05,0
O14901,Q9BSD7,0
O14901,Q9BXF3,0
O14901,Q9H078,0
O14901,Q9H773,0
O14901,Q9HCJ0,0
O14901,Q9Y5V3,0
O14929,P15208,0
O14929,P22102,0
O14929,P35637,0
O14929,P41223,0
O14929,P48356,0
O14929,P52789,0
O14929,P61962,0
O14929,P62987,0
O14929,P63104,0
O14929,P67870,0
O14929,Q15008,0
O14929,Q53R41,0
O14929,Q5H9R7,0
O14929,Q5JWF2,0
O14929,Q6IEG0,0
O14929,Q92643,0
O14929,Q96FV9,0
O14929,Q96L91,0
O14929,Q9H1K4,0
O14974,P02538,0
O14974,P17980,0
O14974,P31939,0
O14974,P31948,0
O14974,P35606,0
O14974,Q14643,0
O14974,Q15006,0
O14974,Q2TAC2,0
O14974,Q5W0B1,0
O14974,Q60770,0
O14974,Q8TAM1,0
O14974,Q96T76,0
O14974,Q9BSR8,0
O14974,Q9H0U4,0
O14974,Q9NPJ1,0
O14974,Q9NUD5,0
O14974,Q9UBU8,0
O14974,Q9UBV2,0
O14974,Q9Y2G8,0
O14980,O43251,0
O14980,O75970,0
O14980,P04908,0
O14980,P06727,0
O14980,P11142,0
O14980,P20618,0
O14980,P34897,0
O14980,P46060,0
O14980,P46977,0
O14980,P78318,0
O14980,Q00577,0
O14980,Q13418,0
O14980,Q5TEC6,0
O14980,Q5VWC4,0
O14980,Q69YQ0,0
O14980,Q8N1N4,0
O14980,Q8TAM1,0
O14980,Q8TAM2,0
O14980,Q8TC07,0
O14980,Q92947,0
O14980,Q96CS3,0
O14980,Q96F45,0
O14980,Q96P70,0
O14980,Q9H1K4,0
O14980,Q9NRG9,0
O14980,Q9P2R6,0
O15020,O43819,0
O15020,O75600,0
O15020,P01024,0
O15020,P04844,0
O15020,P07900,0
O15020,Q04206,0
O15020,Q14527,0
O15020,Q15293,0
O15020,Q5TEC6,0
O15020,Q5XKP0,0
O15020,Q8TEQ8,0
O15020,Q9CQP2,0
O15020,Q9D289,0
O15020,Q9H307,0
O15020,Q9H5V9,0
O15020,Q9WV78,0
O15260,O95273,0
O15260,P20020,0
O15260,P38606,0
O15260,P52789,0
O15260,P61962,0
O15260,P68371,0
O15260,P68400,0
O15260,P70452,0
O15260,Q13823,0
O15260,Q14257,0
O15260,Q14746,0
O15260,Q66H80,0
O15260,Q8N0V3,0
O15260,Q8TC07,0
O15260,Q99460,0
O15260,Q9BRK5,0
O15260,Q9BW92,0
O15260,Q9NP92,0
O15269,P02545,0
O15269,P31948,0
O15269,P33993,0
O15269,P38606,0
O15269,P39656,0
O15269,P55209,0
O15269,P60604,0
O15269,Q09137,0
O15269,Q15008,0
O15269,Q66K89,0
O15269,Q69YQ0,0
O15269,Q86SZ2,0
O15269,Q923E4,0
O15269,Q99615,0
O15269,Q9BPW8,0
O15269,Q9BTY2,0
O15269,Q9H0E9,0
O15269,Q9H583,0
O15269,Q9H5Q4,0
O15269,Q9UH99,0
O35567,P02533,0
O35567,P12236,0
O35567,P20700,0
O35567,P35232,0
O35567,P49721,0
O35567,P61163,0
O35567,P84090,0
O35567,Q09137,0
O35567,Q3SYG4,0
O35567,Q3V3N7,0
O35567,Q5BKY9,0
O35567,Q8N1N4,0
O35567,Q8NFJ9,0
O35567,Q8NFQ8,0
O35567,Q8WTW3,0
O35567,Q96BY9,0
O35567,Q96Q05,0
O35567,Q9P035,0
O35567,Q9Y5A9,0
O41515,O43681,0
O41515,P12004,0
O41515,P15127,0
O41515,P23258,0
O41515,P25787,0
O41515,P49593,0
O41515,Q86VP6,0
O41515,Q92973,0
O41515,Q969V3,0
O41515,Q9H0F7,0
O41515,Q9NWB6,0
O41515,Q9R1E0,0
O43164,P12235,0
O43164,P17066,0
O43164,P27824,0
O43164,P34897,0
O43164,P48553,0
O43164,P51665,0
O43164,P61026,0
O43164,P63045,0
O43164,P78527,0
O43164,Q13418,0
O43164,Q14203,0
O43164,Q16637,0
O43164,Q3ZCQ8,0
O43164,Q8NFJ9,0
O43164,Q96D53,0
O43164,Q9ES56,0
O43164,Q9H936,0
O43164,Q9UET6,0
O43164,Q9UL33,0
O43164,Q9Y285,0
O43175,O43251,0
O43175,O43809,0
O43175,O75376,0
O43175,P06213,0
O43175,P0DI81,0
O43175,P45954,0
O43175,P50454,0
O43175,P56524,0
O43175,P61962,0
O43175,P70452,0
O43175,Q15907,0
O43175,Q4GYY5,0
O43175,Q4VC05,0
O43175,Q811G0,0
O43175,Q86VP6,0
O43175,Q8NFJ9,0
O43175,Q9H5Q4,0
O43175,Q9HAV4,0
O43175,Q9HCJ0,0
O43175,Q9UPQ9,0
O43175,Q9Y296,0
O43242,P07197,0
O43242,P08670,0
O43242,P0DJI6,0
O43242,P12268,0
O43242,P15127,0
O43242,P36542,0
O43242,P56962,0
O43242,P62987,0
O43242,P63044,0
O43242,Q6YHU6,0
O43242,Q8N0V3,0
O43242,Q8TAT6,0
O43242,Q8TEQ8,0
O43242,Q8VD72,0
O43242,Q8WVX9,0
O43242,Q96BY9,0
O43242,Q99653,0
O43242,Q9H0F7,0
O43242,Q9H936,0
O43242,Q9Y4R8,0
O43242,R4GMR5,0
O43251,O96019,0
O43251,P0DJI6,0
O43251,P43487,0
O43251,P52701,0
O43251,P54652,0
O43251,P57088,0
O43251,Q14694,0
O43251,Q5BKY9,0
O43251,Q5W0B1,0
O43251,Q6PJG6,0
O43251,Q8IWZ6,0
O43251,Q92538,0
O43251,Q9BTY2,0
O43251,Q9NPF5,0
O43251,Q9NTJ5,0
O43251,Q9UN37,0
O43524,P04259,0
O43524,P0DJI6,0
O43524,P27824,0
O43524,P31689,0
O43524,P52789,0
O43524,P60228,0
O43524,Q15008,0
O43524,Q5T3I0,0
O43524,Q6IEG0,0
O43524,Q6ZW61,0
O43524,Q8TEM1,0
O43524,Q8WUH6,0
O43524,Q92782,0
O43524,Q92890,0
O43524,Q96CS3,0
O43524,Q96F45,0
O43592,O75607,0
O43592,O96019,0
O43592,P04844,0
O43592,P07195,0
O43592,P20020,0
O43592,P45880,0
O43592,P48553,0
O43592,P51648,0
O43592,P53007,0
O43592,Q14746,0
O43592,Q15942,0
O43592,Q5LJA5,0
O43592,Q7Z3U7,0
O43592,Q8TBF4,0
O43592,Q9ES56,0
O43592,Q9H583,0
O43617,P35998,0
O43617,P51970,0
O43617,P63173,0
O43617,P78527,0
O43617,Q04917,0
O43617,Q15942,0
O43617,Q5SRD1,0
O43617,Q60770,0
O43617,Q8TA86,0
O43617,Q92643,0
O43617,Q969V3,0
O43617,Q99460,0
O43617,Q99615,0
O43617,Q9H147,0
O43617,Q9H936,0
O43617,Q9NP92,0
O43617,Q9NQ48,0
O43617,Q9UBU8,0
O43681,O55013,0
O43681,P02533,0
O43681,P02786,0
O43681,P0DTC2,0
O43681,P15208,0
O43681,P17987,0
O43681,P27986,0
O43681,P30405,0
O43681,P39656,0
O43681,P53621,0
O43681,P63244,0
O43681,Q53G59,0
O43681,Q5M775,0
O43681,Q99733,0
O43681,Q9NPF5,0
O43681,Q9NQ48,0
O43681,Q9NWB6,0
O43681,Q9UBU8,0
O43681,Q9ULD9,0
O43795,O55013,0
O43795,O76024,0
O43795,O95433,0
O43795,P02651,0
O43795,P0DTC2,0
O43795,P14625,0
O43795,P21796,0
O43795,P28066,0
O43795,P56589,0
O43795,P57740,0
O43795,P68371,0
O43795,P84090,0
O43795,Q14746,0
O43795,Q8BH75,0
O43795,Q8N3R9,0
O43795,Q8N5P1,0
O43795,Q9H5V9,0
O43795,Q9H7B2,0
O43795,Q9NPJ1,0
O43795,Q9NQH7,0
O43795,Q9UDW3,0
O43795,Q9UJV9,0
O43795,Q9UNP9,0
O43795,Q9UQL6,0
O43795,Q9Y4L1,0
O43795,Q9Y4Y9,0
O43809,P11881,0
O43809,P17987,0
O43809,P48356,0
O43809,P68431,0
O43809,Q13409,0
O43809,Q8IUR0,0
O43809,Q8WTW3,0
O43809,Q9BTY2,0
O43809,Q9CQP2,0
O43809,Q9HD20,0
O43809,Q9NPJ1,0
O43809,Q9P0I2,0
O43809,Q9Y4H2,0
O43809,Q9Y4R8,0
O43819,O88900,0
O43819,P0DJI6,0
O43819,P21796,0
O43819,P51970,0
O43819,Q04206,0
O43819,Q09137,0
O43819,Q15154,0
O43819,Q2TAC2,0
O43819,Q66K89,0
O43819,Q8NDQ6,0
O43819,Q92545,0
O43819,Q96A33,0
O43819,Q96HA1,0
O43819,Q9H0U4,0
O43819,Q9NP92,0
O43819,Q9UQL6,0
O43819,Q9Y285,0
O55013,O75600,0
O55013,P02533,0
O55013,P12004,0
O55013,P13804,0
O55013,P37231,0
O55013,P51665,0
O55013,P52701,0
O55013,Q60770,0
O55013,Q92615,0
O55013,Q92616,0
O55013,Q92782,0
O55013,Q9C005,0
O55013,Q9H936,0
O55013,Q9UPT5,0
O55013,Q9Y4H2,0
O55013,Q9Y5R8,0
O60237,O95985,0
O60237,P26196,0
O60237,P47914,0
O60237,P51571,0
O60237,Q12840,0
O60237,Q6P4A7,0
O60237,Q7RTV0,0
O60237,Q92804,0
O60237,Q92890,0
O60237,Q96BR5,0
O60237,Q96L91,0
O60237,Q99460,0
O60237,Q9BSJ2,0
O60237,Q9BUF5,0
O60237,Q9H307,0
O60237,Q9JME7,0
O60237,Q9NTG7,0
O60884,P06737,0
O60884,P08195,0
O60884,P24539,0
O60884,P28066,0
O60884,P43686,0
O60884,P62873,0
O60884,Q13200,0
O60884,Q14746,0
O60884,Q5W0B1,0
O60884,Q68CQ7,0
O60884,Q7Z3C6,0
O60884,Q8NDV7,0
O60884,Q8NF37,0
O60884,Q96GF1,0
O60884,Q96S52,0
O60884,Q99733,0
O60884,Q99KR7,0
O60884,Q9BRT8,0
O60884,Q9BWJ5,0
O60884,Q9R1E0,0
O60884,Q9UBB4,0
O60884,Q9Y5B9,0
O60884,Q9Y679,0
O75190,O75376,0
O75190,P35232,0
O75190,P49841,0
O75190,P60604,0
O75190,P61163,0
O75190,Q02248,0
O75190,Q2KHR2,0
O75190,Q3ZCQ8,0
O75190,Q5NCF2,0
O75190,Q8NFD5,0
O75190,Q8VD72,0
O75190,Q96BR5,0
O75190,Q99615,0
O75190,Q9BSJ2,0
O75190,Q9NRG9,0
O75190,Q9P0I2,0
O75190,Q9UBM7,0
O75190,Q9UDY4,0
O75190,Q9UL33,0
O75190,Q9Y4R8,0
O75190,R4GMR5,0
O75376,P01024,0
O75376,P04844,0
O75376,P0DI81,0
O75376,P15208,0
O75376,P25705,0
O75376,P46379,0
O75376,Q14739,0
O75376,Q15014,0
O75376,Q6PJG6,0
O75376,Q71RC2,0
O75376,Q8WUH6,0
O75376,Q92545,0
O75376,Q9HAF1,0
O75376,Q9UBU8,0
O75376,Q9UHI6,0
O75376,Q9UN81,0
O75396,O88848,0
O75396,P11021,0
O75396,P11172,0
O75396,P33993,0
O75396,P38435,0
O75396,P49593,0
O75396,P52429,0
O75396,P61006,0
O75396,P61962,0
O75396,P78527,0
O75396,Q13409,0
O75396,Q14568,0
O75396,Q15154,0
O75396,Q53G59,0
O75396,Q5BKY9,0
O75396,Q6UW78,0
O75396,Q8IYB5,0
O75396,Q8N5P1,0
O75396,Q8TAT6,0
O75396,Q8TEM1,0
O75396,Q93084,0
O75396,Q96GD4,0
O75396,Q9BXC9,0
O75396,Q9HCU5,0
O75396,Q9NYU2,0
O75396,Q9UBF2,0
O75396,Q9Y5R8,0
O75477,P18859,0
O75477,P20671,0
O75477,P27986,0
O75477,P40937,0
O75477,P49841,0
O75477,P62805,0
O75477,P62873,0
O75477,P78318,0
O75477,Q13283,0
O75477,Q13509,0
O75477,Q14694,0
O75477,Q2TAC2,0
O75477,Q6PJG6,0
O75477,Q8ND56,0
O75477,Q8TAM1,0
O75477,Q92900,0
O75477,Q99805,0
O75477,Q9BRX2,0
O75477,Q9CZQ9,0
O75477,Q9UDW3,0
O75477,Q9UDY4,0
O75477,Q9UKV0,0
O75477,Q9UL33,0
O75477,Q9Y296,0
O75600,P12236,0
O75600,P15127,0
O75600,P27986,0
O75600,P28288,0
O75600,P35606,0
O75600,P46379,0
O75600,P50502,0
O75600,P52429,0
O75600,P56962,0
O75600,Q13217,0
O75600,Q13573,0
O75600,Q86SZ2,0
O75600,Q8TAM1,0
O75600,Q9GZN1,0
O75600,Q9JME7,0
O75600,Q9NVI1,0
O75600,Q9UBM7,0
O75600,Q9UBV2,0
O75600,Q9UJS0,0
O75600,Q9Y285,0
O75600,Q9Y448,0
O75607,P06737,0
O75607,P12004,0
O75607,P20340,0
O75607,P23258,0
O75607,P37231,0
O75607,P39656,0
O75607,P46379,0
O75607,Q13200,0
O75607,Q5TEC6,0
O75607,Q66K89,0
O75607,Q86Y56,0
O75607,Q8NF37,0
O75607,Q92782,0
O75607,Q9NV56,0
O75607,Q9P2R6,0
O75607,Q9UPT5,0
O75683,P13804,0
O75683,P25788,0
O75683,P31939,0
O75683,P35568,0
O75683,P62987,0
O75683,P68400,0
O75683,Q02248,0
O75683,Q3U0M1,0
O75683,Q5XKP0,0
O75683,Q7Z6Z7,0
O75683,Q8BH75,0
O75683,Q9BUJ2,0
O75683,Q9H1K4,0
O75683,Q9H5Q4,0
O75683,Q9HDC9,0
O75683,Q9UBS4,0
O75683,Q9Y3C7,0
O75683,Q9Y679,0
O75746,O95347,0
O75746,P05026,0
O75746,P05141,0
O75746,P06727,0
O75746,P15127,0
O75746,P31939,0
O75746,P35568,0
O75746,P49720,0
O75746,P55072,0
O75746,P55084,0
O75746,P62987,0
O75746,P63104,0
O75746,P78371,0
O75746,Q13509,0
O75746,Q38DU9,0
O75746,Q53G59,0
O75746,Q9JHQ5,0
O75746,Q9JME7,0
O75746,Q9NPF5,0
O75746,Q9UI12,0
O75746,Q9UNF1,0
O75746,Q9Y448,0
O75746,R4GMR5,0
O75787,O95433,0
O75787,O95831,0
O75787,P08195,0
O75787,P28072,0
O75787,P30405,0
O75787,P31946,0
O75787,P51570,0
O75787,Q14683,0
O75787,Q6PJG2,0
O75787,Q80U30,0
O75787,Q92900,0
O75787,Q96EB6,0
O75787,Q99805,0
O75787,Q9WVH4,0
O75865,O75947,0
O75865,P36542,0
O75865,P46379,0
O75865,P48643,0
O75865,P52789,0
O75865,P53007,0
O75865,P82912,0
O75865,Q13724,0
O75865,Q14739,0
O75865,Q3V3N7,0
O75865,Q5NCF2,0
O75865,Q8NF37,0
O75865,Q8WUH6,0
O75865,Q8WUM0,0
O75865,Q8WVM8,0
O75865,Q96PK6,0
O75865,Q9NTG7,0
O75865,Q9NYU2,0
O75865,Q9UI12,0
O75865,Q9Y3C7,0
O75865,Q9Y4W6,0
O75865,Q9Y5V3,0
O75915,O95433,0
O75915,P12268,0
O75915,P17987,0
O75915,P25786,0
O75915,P28288,0
O75915,P48382,0
O75915,P56589,0
O75915,P62873,0
O75915,P68400,0
O75915,Q02248,0
O75915,Q13409,0
O75915,Q53EU6,0
O75915,Q5NCF2,0
O75915,Q80U30,0
O75915,Q86Y56,0
O75915,Q8C1Z7,0
O75915,Q8N1F7,0
O75915,Q9BSJ2,0
O75915,Q9BUF5,0
O75915,Q9HCU5,0
O75915,Q9JHQ5,0
O75915,Q9NPJ1,0
O75915,Q9UBF2,0
O75915,Q9UN81,0
O75947,P07437,0
O75947,P27824,0
O75947,P62492,0
O75947,P63244,0
O75947,Q14669,0
O75947,Q14739,0
O75947,Q15293,0
O75947,Q5H9R7,0
O75947,Q86X95,0
O75947,Q9BUJ2,0
O75947,Q9NTJ5,0
O75947,Q9Y3Y2,0
O75953,O95433,0
O75953,P0DTC2,0
O75953,P11881,0
O75953,P48643,0
O75953,P60228,0
O75953,Q00577,0
O75953,Q09472,0
O75953,Q14669,0
O75953,Q5JWF2,0
O75953,Q6ZNB6,0
O75953,Q8NFJ9,0
O75953,Q96FV9,0
O75953,Q96PM9,0
O75953,Q9UDW3,0
O75953,Q9Y3Y2,0
O75964,O88848,0
O75964,P08195,0
O75964,P12235,0
O75964,P25788,0
O75964,P42677,0
O75964,P49721,0
O75964,P53618,0
O75964,P55084,0
O75964,P68363,0
O75964,Q13217,0
O75964,Q14974,0
O75964,Q15293,0
O75964,Q6YHU6,0
O75964,Q8BH75,0
O75964,Q8VD72,0
O75964,Q9BRT8,0
O75964,Q9CQA1,0
O75964,Q9CQP2,0
O75964,Q9NTJ3,0
O75964,Q9NYA4,0
O75964,Q9UDW3,0
O75964,Q9UN81,0
O75964,Q9UN86,0
O75964,Q9UPT5,0
O75970,P04259,0
O75970,P11940,0
O75970,P27348,0
O75970,P35232,0
O75970,P43487,0
O75970,P62136,0
O75970,Q8N1N4,0
O75970,Q8TA86,0
O75970,Q8VD72,0
O75970,Q9BSJ2,0
O75970,Q9BVA1,0
O76024,P06737,0
O76024,P11021,0
O76024,P21796,0
O76024,P49207,0
O76024,P53618,0
O76024,P62136,0
O76024,Q13200,0
O76024,Q14568,0
O76024,Q14697,0
O76024,Q3V3N7,0
O76024,Q86UL3,0
O76024,Q8NI60,0
O76024,Q8WUM0,0
O76024,Q96GF1,0
O76024,Q9H307,0
O76024,Q9NRR5,0
O76024,Q9UBK2,0
O76024,Q9UKV0,0
O76024,Q9ULD9,0
O76024,Q9UN37,0
O88848,O95831,0
O88848,P24539,0
O88848,P27986,0
O88848,P31939,0
O88848,P41223,0
O88848,Q00577,0
O88848,Q04917,0
O88848,Q08945,0
O88848,Q8TA86,0
O88848,Q92615,0
O88848,Q92621,0
O88848,Q92804,0
O88848,Q92922,0
O88848,Q93084,0
O88848,Q9BRX2,0
O88848,Q9D289,0
O88848,Q9HAF1,0
O88848,Q9NUD5,0
O88848,Q9P2R6,0
O88848,Q9UBU8,0
O88848,Q9UDW3,0
O88848,Q9ULD9,0
O88848,Q9Y296,0
O88848,Q9Y3Y2,0
O88900,P0C0S5,0
O88900,P17066,0
O88900,P17980,0
O88900,P20618,0
O88900,P27986,0
O88900,P28072,0
O88900,P31946,0
O88900,P53396,0
O88900,P55786,0
O88900,P61981,0
O88900,P62820,0
O88900,P68104,0
O88900,Q58EX7,0
O88900,Q6DN90,0
O88900,Q96T76,0
O88900,Q9Y2J4,0
O88900,Q9Y4L1,0
O88900,U3KQK0,0
O94761,P14625,0
O94761,P28074,0
O94761,P34897,0
O94761,P35606,0
O94761,P55042,0
O94761,P68104,0
O94761,P78318,0
O94761,P84090,0
O94761,Q00059,0
O94761,Q7Z3U7,0
O94761,Q9H9E1,0
O94761,Q9NPF5,0
O94761,Q9Y4L1,0
O94888,P06730,0
O94888,P0DI81,0
O94888,P11940,0
O94888,P31946,0
O94888,P48553,0
O94888,P51648,0
O94888,P60604,0
O94888,P68104,0
O94888,Q04637,0
O94888,Q14643,0
O94888,Q14697,0
O94888,Q5SRD1,0
O94888,Q5TEC6,0
O94888,Q6PJG2,0
O94888,Q71DI3,0
O94888,Q71RC2,0
O94888,Q86Y56,0
O94888,Q8ND56,0
O94888,Q8NDQ6,0
O94888,Q9H936,0
O94888,Q9NP92,0
O94888,Q9ULD9,0
O94905,P02768,0
O94905,P08238,0
O94905,P0DI81,0
O94905,P11940,0
O94905,P12004,0
O94905,P12268,0
O94905,P25788,0
O94905,P36873,0
O94905,P49207,0
O94905,P51617,0
O94905,P53396,0
O94905,P54652,0
O94905,P62805,0
O94905,P62987,0
O94905,P84243,0
O94905,Q13885,0
O94905,Q15907,0
O94905,Q53EU6,0
O94905,Q8IUR0,0
O94905,Q8N9M5,0
O94905,Q99733,0
O94905,Q9UNM6,0
O94905,Q9Y679,0
O95273,P28072,0
O95273,P29401,0
O95273,P35908,0
O95273,P46060,0
O95273,P54646,0
O95273,Q04206,0
O95273,Q13123,0
O95273,Q13283,0
O95273,Q13409,0
O95273,Q13823,0
O95273,Q7Z6Z7,0
O95273,Q8IXI1,0
O95273,Q8IYB5,0
O95273,Q99460,0
O95273,Q9UKV0,0
O95273,Q9Y2J4,0
O95347,P02533,0
O95347,P31948,0
O95347,P37238,0
O95347,P43686,0
O95347,P49720,0
O95347,P50993,0
O95347,P62136,0
O95347,P62491,0
O95347,Q5JPE7,0
O95347,Q6DN90,0
O95347,Q6NXE6,0
O95347,Q92804,0
O95347,Q93084,0
O95347,Q99653,0
O95347,Q9H1K4,0
O95347,Q9H307,0
O95347,Q9JHQ5,0
O95347,Q9NQ29,0
O95347,Q9UBS4,0
O95433,P02538,0
O95433,P19474,0
O95433,P49720,0
O95433,P53985,0
O95433,P55786,0
O95433,P63104,0
O95433,P68104,0
O95433,Q14697,0
O95433,Q15942,0
O95433,Q86X55,0
O95433,Q8N0V3,0
O95433,Q92900,0
O95433,Q96Q05,0
O95433,Q9BRK5,0
O95433,Q9BYF1,0
O95433,Q9HAF1,0
O95433,Q9HCU5,0
O95433,Q9JHQ5,0
O95433,Q9NPJ1,0
O95433,Q9R1E0,0
O95433,Q9UET6,0
O95433,Q9UHI6,0
O95433,Q9UPQ9,0
O95816,P02533,0
O95816,P12235,0
O95816,P18859,0
O95816,P48382,0
O95816,P50993,0
O95816,P52701,0
O95816,P54646,0
O95816,Q02978,0
O95816,Q04637,0
O95816,Q08209,0
O95816,Q09472,0
O95816,Q5JPE7,0
O95816,Q8BH75,0
O95816,Q8NDV7,0
O95816,Q8TEQ8,0
O95816,Q96P70,0
O95816,Q9BWJ5,0
O95816,Q9BXW9,0
O95816,Q9UL15,0
O95816,Q9UNP9,0
O95817,P02533,0
O95817,P05141,0
O95817,P07437,0
O95817,P27708,0
O95817,P31939,0
O95817,P31948,0
O95817,P49454,0
O95817,P51970,0
O95817,P55072,0
O95817,P62333,0
O95817,P62491,0
O95817,Q14746,0
O95817,Q3ZCQ8,0
O95817,Q5NCF2,0
O95817,Q5SRE5,0
O95817,Q8N5F7,0
O95817,Q8TA86,0
O95817,Q8WUH6,0
O95817,Q96F45,0
O95817,Q96T76,0
O95817,Q9NPF5,0
O95817,Q9NQ48,0
O95817,Q9UET6,0
O95831,P06730,0
O95831,P20340,0
O95831,P31939,0
O95831,P48553,0
O95831,P53396,0
O95831,P53618,0
O95831,P63045,0
O95831,Q13409,0
O95831,Q13823,0
O95831,Q14683,0
O95831,Q14974,0
O95831,Q71DI3,0
O95831,Q8N3R9,0
O95831,Q92804,0
O95831,Q99707,0
O95831,Q9BUF5,0
O95831,Q9BW92,0
O95831,Q9HDC9,0
O95831,Q9UJV9,0
O95985,P00367,0
O95985,P04908,0
O95985,P10316,0
O95985,P12268,0
O95985,P28288,0
O95985,P31939,0
O95985,P56726,0
O95985,P62492,0
O95985,P78527,0
O95985,Q12840,0
O95985,Q14669,0
O95985,Q4GYY5,0
O95985,Q58EX7,0
O95985,Q96PM9,0
O95985,Q99707,0
O95985,Q9BPW8,0
O95985,Q9H9E1,0
O95985,Q9UN81,0
O95985,U3KQK0,0
O96019,P13645,0
O96019,P31689,0
O96019,P31939,0
O96019,P48047,0
O96019,P56726,0
O96019,Q3ZCM7,0
O96019,Q5LJA5,0
O96019,Q5M775,0
O96019,Q5SRE5,0
O96019,Q5T3I0,0
O96019,Q66H80,0
O96019,Q86X95,0
O96019,Q8N1N4,0
O96019,Q8TAM2,0
O96019,Q8VD72,0
O96019,Q9H307,0
O96019,Q9Y2J4,0
P00367,P33981,0
P00367,P48382,0
P00367,P48643,0
P00367,P48651,0
P00367,P55072,0
P00367,P55258,0
P00367,P63045,0
P00367,P63098,0
P00367,Q14974,0
P00367,Q5BKY9,0
P00367,Q5W0B1,0
P00367,Q92615,0
P00367,Q9H0E9,0
P00367,Q9NPJ1,0
P00367,Q9NQ48,0
P00367,Q9NTJ3,0
P00367,Q9NZ01,0
P00367,Q9UBU8,0
P00367,Q9UDY4,0
P00403,P02786,0
P00403,P07900,0
P00403,P08670,0
P00403,P49454,0
P00403,P49841,0
P00403,P52756,0
P00403,P62195,0
P00403,P62491,0
P00403,P62820,0
P00403,P68363,0
P00403,P68431,0
P00403,Q14203,0
P00403,Q14444,0
P00403,Q15942,0
P00403,Q5JPE7,0
P00403,Q8IWZ6,0
P00403,Q96PM9,0
P00403,Q9D289,0
P00403,Q9NUP9,0
P01024,P05141,0
P01024,P06213,0
P01024,P11177,0
P01024,P16615,0
P01024,P25786,0
P01024,P31689,0
P01024,P35232,0
P01024,P62140,0
P01024,P63044,0
P01024,P63104,0
P01024,P78527,0
P01024,Q15392,0
P01024,Q15773,0
P01024,Q38DU9,0
P01024,Q52LR7,0
P01024,Q8N1N4,0
P01024,Q8NDQ6,0
P01024,Q96HA1,0
P01024,Q9BYJ9,0
P01024,Q9H0U4,0
P01024,Q9NRR5,0
P01024,Q9NV56,0
P01889,P07437,0
P01889,P0DI81,0
P01889,P22102,0
P01889,P28074,0
P01889,P29401,0
P01889,P55084,0
P01889,P63045,0
P01889,Q14669,0
P01889,Q3UJU9,0
P01889,Q5LJA5,0
P01889,Q5TEC6,0
P01889,Q6PI48,0
P01889,Q92782,0
P01889,Q96FV9,0
P01889,Q96GM8,0
P01889,Q96QF0,0
P01889,Q9NQ29,0
P02533,P02651,0
P02533,P07437,0
P02533,P24539,0
P02533,P28066,0
P02533,P28074,0
P02533,P37238,0
P02533,P38647,0
P02533,P39656,0
P02533,P68104,0
P02533,Q5XKP0,0
P02533,Q63503,0
P02533,Q86X95,0
P02533,Q86Y56,0
P02533,Q8IXI1,0
P02533,Q8NFD5,0
P02533,Q96A33,0
P02533,Q96BY9,0
P02533,Q99707,0
P02533,Q9H0E9,0
P02533,Q9NUD5,0
P02533,Q9UI12,0
P02533,Q9Y2G8,0
P02533,Q9Y2J4,0
P02538,P0DJI6,0
P02538,P14625,0
P02538,P17987,0
P02538,P22102,0
P02538,P24539,0
P02538,P49841,0
P02538,P53618,0
P02538,P56726,0
P02538,Q08945,0
P02538,Q13200,0
P02538,Q15008,0
P02538,Q3UJU9,0
P02538,Q3V3N7,0
P02538,Q7L5D6,0
P02538,Q7RTV0,0
P02538,Q92538,0
P02538,Q99KR7,0
P02538,Q9BXF3,0
P02538,Q9UL15,0
P02538,Q9UPT5,0
P02538,Q9Y383,0
P02545,P18859,0
P02545,P38647,0
P02545,P41223,0
P02545,P43487,0
P02545,P52756,0
P02545,P63244,0
P02545,P68363,0
P02545,Q00535,0
P02545,Q09161,0
P02545,Q13409,0
P02545,Q14527,0
P02545,Q2TAC2,0
P02545,Q96CK0,0
P02545,Q99942,0
P02545,Q9BWJ5,0
P02545,Q9NVI1,0
P02545,Q9P035,0
P02545,Q9R1E0,0
P02545,Q9UDW3,0
P02545,Q9UH99,0
P02545,Q9Y4L1,0
P02545,Q9Y4R8,0
P02651,P07900,0
P02651,P33981,0
P02651,P46977,0
P02651,P52789,0
P02651,P54652,0
P02651,P55042,0
P02651,P56726,0
P02651,P63045,0
P02651,P68371,0
P02651,Q09137,0
P02651,Q14683,0
P02651,Q53EU6,0
P02651,Q92545,0
P02651,Q92782,0
P02651,Q92973,0
P02651,Q93084,0
P02651,Q96GF1,0
P02651,Q99942,0
P02651,Q99KR7,0
P02651,Q9UNF1,0
P02651,Q9WV78,0
P02768,P05026,0
P02768,P15208,0
P02768,P55060,0
P02768,Q00577,0
P02768,Q13217,0
P02768,Q8NDQ6,0
P02768,Q8NFD5,0
P02768,Q9UBX3,0
P02768,Q9Y277,0
P02786,P13645,0
P02786,P38647,0
P02786,P39656,0
P02786,P43686,0
P02786,P52789,0
P02786,P53621,0
P02786,P55042,0
P02786,P55209,0
P02786,P60709,0
P02786,P63167,0
P02786,Q00059,0
P02786,Q04637,0
P02786,Q3UPR7,0
P02786,Q5JWF2,0
P02786,Q5M775,0
P02786,Q8IWZ6,0
P02786,Q8WVX9,0
P02786,Q92643,0
P02786,Q96GD4,0
P02786,Q99805,0
P02786,Q99942,0
P02786,Q9BRK5,0
P02786,Q9BTY2,0
P02786,Q9BW92,0
P02786,Q9NUD5,0
P02786,Q9UBX3,0
P04259,P06493,0
P04259,P26641,0
P04259,P35637,0
P04259,P60604,0
P04259,P63045,0
P04259,Q13885,0
P04259,Q15154,0
P04259,Q5T160,0
P04259,Q7Z3Y7,0
P04259,Q811G0,0
P04259,Q8IWZ6,0
P04259,Q8TEX9,0
P04259,Q8VD72,0
P04259,Q8WTW3,0
P04259,Q92973,0
P04259,Q96S52,0
P04259,Q99615,0
P04259,Q9BW92,0
P04259,Q9D289,0
P04259,Q9HCU5,0
P04259,Q9Y679,0
P04350,P04843,0
P04350,P11021,0
P04350,P13804,0
P04350,P17980,0
P04350,P35998,0
P04350,P49721,0
P04350,P51648,0
P04350,P62195,0
P04350,Q04637,0
P04350,Q13217,0
P04350,Q13573,0
P04350,Q14694,0
P04350,Q15773,0
P04350,Q53EU6,0
P04350,Q53R41,0
P04350,Q6ZNB6,0
P04350,Q811G0,0
P04350,Q8N9E0,0
P04350,Q96A33,0
P04350,Q9BXW9,0
P04350,Q9H1K4,0
P04350,Q9NTG7,0
P04350,Q9NVI1,0
P04843,P17987,0
P04843,P20020,0
P04843,P61006,0
P04843,Q14204,0
P04843,Q57UH8,0
P04843,Q6P4A7,0
P04843,Q6ZNB6,0
P04843,Q8IYB5,0
P04843,Q92947,0
P04843,Q99570,0
P04843,Q9H5V9,0
P04843,Q9H9S3,0
P04843,Q9NPF5,0
P04843,Q9UPT5,0
P04843,Q9Y2G8,0
P04843,Q9Y4R8,0
P04843,Q9Y5B9,0
P04844,P0DTC2,0
P04844,P13995,0
P04844,P27708,0
P04844,P62873,0
P04844,Q12797,0
P04844,Q13409,0
P04844,Q13573,0
P04844,Q13885,0
P04844,Q99KR7,0
P04844,Q9CZQ9,0
P04844,Q9HD45,0
P04844,Q9UN81,0
P04844,Q9Y285,0
P04908,P51665,0
P04908,P52701,0
P04908,P53985,0
P04908,P55209,0
P04908,P56589,0
P04908,P62191,0
P04908,P62491,0
P04908,Q00059,0
P04908,Q04206,0
P04908,Q08209,0
P04908,Q08850,0
P04908,Q3U0M1,0
P04908,Q53GQ0,0
P04908,Q8N0V3,0
P04908,Q8VD72,0
P04908,Q92890,0
P04908,Q96BY9,0
P04908,Q99570,0
P04908,Q99942,0
P04908,Q9UJS0,0
P04908,Q9ULD9,0
P04908,Q9UPQ9,0
P05023,P16615,0
P05023,P37238,0
P05023,P48553,0
P05023,P62140,0
P05023,P62333,0
P05023,P63104,0
P05023,Q04206,0
P05023,Q13217,0
P05023,Q14697,0
P05023,Q5BKZ1,0
P05023,Q5JPE7,0
P05023,Q8N0V3,0
P05023,Q8NBJ5,0
P05023,Q8TAM1,0
P05023,Q96JJ7,0
P05023,Q9BYF1,0
P05023,Q9CWF6,0
P05023,Q9H0F7,0
P05023,Q9NSG2,0
P05023,Q9NV56,0
P05023,Q9UBS4,0
P05023,Q9Y4Y9,0
P05026,P13645,0
P05026,P25786,0
P05026,P25788,0
P05026,P43487,0
P05026,Q07065,0
P05026,Q14643,0
P05026,Q3ZCQ8,0
P05026,Q6UW78,0
P05026,Q86X55,0
P05026,Q8BH75,0
P05026,Q8N3I7,0
P05026,Q8NFD5,0
P05026,Q96JJ7,0
P05026,Q9BYJ9,0
P05026,Q9CQA1,0
P05026,Q9HAU5,0
P05026,Q9UBM7,0
P05026,Q9Y383,0
P05067,P06493,0
P05067,P07437,0
P05067,P07900,0
P05067,P12235,0
P05067,P35613,0
P05067,P48651,0
P05067,P62195,0
P05067,P84090,0
P05067,Q8N0V3,0
P05067,Q8TAM1,0
P05067,Q96P70,0
P05067,Q9CQA1,0
P05067,Q9CQP2,0
P05067,Q9H307,0
P05067,Q9UBS4,0
P05067,Q9ULD9,0
P05067,Q9Y5V3,0
P05141,P07197,0
P05141,P25705,0
P05141,P61163,0
P05141,P62136,0
P05141,P62805,0
P05141,P63173,0
P05141,Q12797,0
P05141,Q13200,0
P05141,Q14669,0
P05141,Q52LR7,0
P05141,Q5M775,0
P05141,Q5XKP0,0
P05141,Q60700,0
P05141,Q8N0V3,0
P05141,Q9BXW9,0
P05141,Q9BYW2,0
P05141,Q9H936,0
P05141,Q9UHI6,0
P06213,P15208,0
P06213,P28288,0
P06213,P33993,0
P06213,P38647,0
P06213,P49721,0
P06213,P52429,0
P06213,P61163,0
P06213,Q14694,0
P06213,Q14974,0
P06213,Q3U0M1,0
P06213,Q3UPR7,0
P06213,Q71DI3,0
P06213,Q86VP6,0
P06213,Q86Y56,0
P06213,Q92973,0
P06213,Q96PM9,0
P06213,Q99707,0
P06213,Q9D289,0
P06213,Q9NSG2,0
P06213,Q9UBM7,0
P06213,Q9Y285,0
P06493,P08670,0
P06493,P17987,0
P06493,P48643,0
P06493,P62333,0
P06493,P63098,0
P06493,Q14257,0
P06493,Q14527,0
P06493,Q14739,0
P06493,Q63503,0
P06493,Q9BPW8,0
P06493,Q9BUJ2,0
P06493,Q9H0U4,0
P06493,Q9H583,0
P06493,Q9NQ48,0
P06493,Q9UBF2,0
P06576,P27824,0
P06576,P36873,0
P06576,P48382,0
P06576,P48651,0
P06576,P50993,0
P06576,P56537,0
P06576,P62258,0
P06576,Q13573,0
P06576,Q15942,0
P06576,Q3ZCM7,0
P06576,Q8IWZ6,0
P06576,Q96HA1,0
P06576,Q96JJ7,0
P06576,Q96PM9,0
P06576,Q96RK4,0
P06576,Q9GZN1,0
P06576,Q9P0I2,0
P06576,Q9ULX6,0
P06576,Q9UN37,0
P06576,Q9Y2J4,0
P06576,Q9Y5B9,0
P06576,U3KQK0,0
P06727,P18859,0
P06727,P35637,0
P06727,P36873,0
P06727,P47914,0
P06727,P53621,0
P06727,P63167,0
P06727,P68371,0
P06727,Q08850,0
P06727,Q13885,0
P06727,Q2KHR2,0
P06727,Q2TAC2,0
P06727,Q3UJU9,0
P06727,Q3UPR7,0
P06727,Q53EU6,0
P06727,Q7Z6Z7,0
P06727,Q8C1Z7,0
P06727,Q8WUH6,0
P06727,Q96CS3,0
P06727,Q9NQH7,0
P06730,P31689,0
P06730,P51665,0
P06730,P57740,0
P06730,P61006,0
P06730,P61163,0
P06730,P68104,0
P06730,Q13724,0
P06730,Q14739,0
P06730,Q15014,0
P06730,Q5HYI8,0
P06730,Q5QPK2,0
P06730,Q8N0V3,0
P06730,Q8WUH6,0
P06730,Q96GD4,0
P06730,Q96T76,0
P06730,Q99805,0
P06730,Q9H773,0
P06730,Q9P035,0
P06730,Q9P0I2,0
P06730,Q9UET6,0
P06730,U3KQK0,0
P06737,P31689,0
P06737,P68400,0
P06737,Q12797,0
P06737,Q38DU9,0
P06737,Q4GYY5,0
P06737,Q5C9Z4,0
P06737,Q63503,0
P06737,Q8WTW3,0
P06737,Q9NY65,0
P06737,Q9UET6,0
P07195,P35232,0
P07195,P35613,0
P07195,P35998,0
P07195,P36873,0
P07195,P38646,0
P07195,P53007,0
P07195,P55786,0
P07195,Q3ZCM7,0
P07195,Q5JWF2,0
P07195,Q5LJA5,0
P07195,Q71RC2,0
P07195,Q8WVX9,0
P07195,Q96BY9,0
P07195,Q99707,0
P07195,Q9CQA1,0
P07195,Q9H078,0
P07195,Q9H1K4,0
P07195,Q9HAF1,0
P07195,Q9UNP9,0
P07197,P26641,0
P07197,P31946,0
P07197,P42677,0
P07197,P46379,0
P07197,P48651,0
P07197,P53396,0
P07197,P62136,0
P07197,Q08209,0
P07197,Q80U30,0
P07197,Q9CZQ9,0
P07197,Q9JHQ5,0
P07197,Q9UN37,0
P07197,Q9Y679,0
P07437,P31939,0
P07437,P50402,0
P07437,P51665,0
P07437,P52429,0
P07437,P54709,0
P07437,P56537,0
P07437,P63045,0
P07437,P67870,0
P07437,P78318,0
P07437,Q09161,0
P07437,Q4GYY5,0
P07437,Q86UL3,0
P07437,Q8NBJ5,0
P07437,Q8TA86,0
P07437,Q9HD45,0
P07437,Q9NQH7,0
P07437,Q9UDW3,0
P07900,P28074,0
P07900,P35613,0
P07900,P48356,0
P07900,P48553,0
P07900,P52789,0
P07900,P62492,0
P07900,P82912,0
P07900,Q53EU6,0
P07900,Q7Z3U7,0
P07900,Q8C1Z7,0
P07900,Q8ND56,0
P07900,Q8NFD5,0
P07900,Q96CK0,0
P07900,Q96D53,0
P07900,Q9BXC9,0
P07900,Q9BXW9,0
P07900,Q9NTJ3,0
P08195,P11021,0
P08195,P17980,0
P08195,P34897,0
P08195,P37231,0
P08195,P37238,0
P08195,P55786,0
P08195,P56962,0
P08195,Q02248,0
P08195,Q6UW78,0
P08195,Q8N3R9,0
P08195,Q8NDQ6,0
P08195,Q96F45,0
P08195,Q99460,0
P08195,Q99KR7,0
P08195,Q9NRR5,0
P08195,Q9WV78,0
P08195,Q9Y4R8,0
P08238,P12236,0
P08238,P41223,0
P08238,Q14974,0
P08238,Q16637,0
P08238,Q38DU9,0
P08238,Q5SRD1,0
P08238,Q5T160,0
P08238,Q63503,0
P08238,Q6P4A7,0
P08238,Q811G0,0
P08238,Q8IUR0,0
P08238,Q8N5F7,0
P08238,Q96Q05,0
P08238,Q99707,0
P08238,Q9BW92,0
P08238,Q9GZN1,0
P08238,Q9Y3C1,0
P08243,P15127,0
P08243,P35908,0
P08243,P37231,0
P08243,P50993,0
P08243,P56726,0
P08243,P61962,0
P08243,P68363,0
P08243,P84243,0
P08243,Q04206,0
P08243,Q08209,0
P08243,Q5T3I0,0
P08243,Q5W0B1,0
P08243,Q6YHU6,0
P08243,Q8NFD5,0
P08243,Q8TBF4,0
P08243,Q8TC07,0
P08243,Q9D289,0
P08243,Q9H2F5,0
P08243,Q9UDY4,0
P08243,Q9Y2J4,0
P08243,Q9Y448,0
P08670,P11881,0
P08670,P18859,0
P08670,P42704,0
P08670,P52701,0
P08670,P55209,0
P08670,P63244,0
P08670,Q13823,0
P08670,Q14527,0
P08670,Q15154,0
P08670,Q3U0M1,0
P08670,Q5BKZ1,0
P08670,Q5JWF2,0
P08670,Q5SNT2,0
P08670,Q5TEC6,0
P08670,Q5VWC4,0
P08670,Q80U30,0
P08670,Q8K2G4,0
P08670,Q8VD72,0
P08670,Q92615,0
P08670,Q9BUF5,0
P08670,Q9HDC9,0
P08670,Q9NV56,0
P08670,Q9UPT5,0
P0C0S5,P12236,0
P0C0S5,P15127,0
P0C0S5,P23258,0
P0C0S5,P25685,0
P0C0S5,P25705,0
P0C0S5,P48047,0
P0C0S5,P62820,0
P0C0S5,Q3ZCQ8,0
P0C0S5,Q57UH8,0
P0C0S5,Q8WVX9,0
P0C0S5,Q96F45,0
P0C0S5,Q9C005,0
P0C0S5,Q9WVH4,0
P0C0S5,Q9Y383,0
P0DI81,P10316,0
P0DI81,P13804,0
P0DI81,P35613,0
P0DI81,P35637,0
P0DI81,P51970,0
P0DI81,P55786,0
P0DI81,Q13509,0
P0DI81,Q16891,0
P0DI81,Q53R41,0
P0DI81,Q86SZ2,0
P0DI81,Q8NDQ6,0
P0DI81,Q8TAM2,0
P0DI81,Q9NYU2,0
P0DJI6,P18859,0
P0DJI6,P21796,0
P0DJI6,P28070,0
P0DJI6,P28074,0
P0DJI6,P31948,0
P0DJI6,P48047,0
P0DJI6,P52756,0
P0DJI6,P56726,0
P0DJI6,P63104,0
P0DJI6,P63173,0
P0DJI6,Q14449,0
P0DJI6,Q14669,0
P0DJI6,Q38DU9,0
P0DJI6,Q8NF37,0
P0DJI6,Q96S52,0
P0DTC2,P20020,0
P0DTC2,P20340,0
P0DTC2,P26641,0
P0DTC2,P28066,0
P0DTC2,P37231,0
P0DTC2,P42704,0
P0DTC2,P43686,0
P0DTC2,P45954,0
P0DTC2,P51970,0
P0DTC2,P53618,0
P0DTC2,P55060,0
P0DTC2,P62492,0
P0DTC2,P62805,0
P0DTC2,P68104,0
P0DTC2,Q13200,0
P0DTC2,Q5SRE5,0
P0DTC2,Q8NBJ5,0
P0DTC2,Q8TCJ2,0
P0DTC2,Q8TEX9,0
P0DTC2,Q96PM9,0
P0DTC2,Q96QF0,0
P0DTC2,Q9BVA1,0
P0DTC2,Q9H0E9,0
P0DTC2,Q9HD20,0
P0DTC2,Q9NV56,0
P0DTC2,Q9UKV0,0
P0DTC2,Q9Y5R8,0
P10316,P15208,0
P10316,P26641,0
P10316,P50454,0
P10316,P53396,0
P10316,P61962,0
P10316,P62136,0
P10316,P68363,0
P10316,Q14739,0
P10316,Q16637,0
P10316,Q5LJA5,0
P10316,Q5M775,0
P10316,Q5SNT2,0
P10316,Q6DN90,0
P10316,Q6IEG0,0
P10316,Q96D53,0
P10316,Q99653,0
P10316,Q99707,0
P10316,Q9C005,0
P10316,Q9NRG9,0
P11021,P20020,0
P11021,P20340,0
P11021,P40939,0
P11021,P48356,0
P11021,P53621,0
P11021,P57088,0
P11021,Q14444,0
P11021,Q15154,0
P11021,Q3SYG4,0
P11021,Q3UPR7,0
P11021,Q8NI60,0
P11021,Q8TCJ2,0
P11021,Q92665,0
P11021,Q92804,0
P11021,Q96D53,0
P11021,Q99942,0
P11021,Q9BRK5,0
P11021,Q9BSD7,0
P11021,Q9UI12,0
P11021,Q9UJV9,0
P11021,Q9UPQ9,0
P11021,Q9Y5V3,0
P11142,P20340,0
P11142,P21796,0
P11142,P38606,0
P11142,P43487,0
P11142,P57740,0
P11142,Q08945,0
P11142,Q13409,0
P11142,Q13724,0
P11142,Q5HYI8,0
P11142,Q5JWF2,0
P11142,Q71DI3,0
P11142,Q8N3I7,0
P11142,Q8NBM4,0
P11142,Q8NI60,0
P11142,Q9BUJ2,0
P11142,Q9BYJ9,0
P11142,Q9R1E0,0
P11142,Q9Y5A9,0
P11172,P23258,0
P11172,P28074,0
P11172,P37238,0
P11172,P54652,0
P11172,P63244,0
P11172,P68104,0
P11172,Q13123,0
P11172,Q14444,0
P11172,Q5LJA5,0
P11172,Q93084,0
P11172,Q96JJ7,0
P11172,Q9H773,0
P11172,Q9UBF2,0
P11172,Q9UBK2,0
P11172,Q9Y3D0,0
P11177,P11881,0
P11177,P12235,0
P11177,P24539,0
P11177,P35637,0
P11177,P41223,0
P11177,P45954,0
P11177,P48356,0
P11177,P48553,0
P11177,P61163,0
P11177,Q14449,0
P11177,Q3ZCQ8,0
P11177,Q53GQ0,0
P11177,Q86Y56,0
P11177,Q8IXI1,0
P11177,Q96T76,0
P11177,Q9JME7,0
P11177,Q9NZ01,0
P11881,P60228,0
P11881,P62820,0
P11881,P63104,0
P11881,Q14203,0
P11881,Q15434,0
P11881,Q5C9Z4,0
P11881,Q5HYI8,0
P11881,Q60770,0
P11881,Q6DN90,0
P11881,Q7Z3U7,0
P11881,Q7Z3Y7,0
P11881,Q8TEM1,0
P11881,Q92804,0
P11881,Q9BRX2,0
P11881,Q9UBF2,0
P11881,Q9UJV9,0
P11940,P20700,0
P11940,P27986,0
P11940,P38647,0
P11940,P45880,0
P11940,P48382,0
P11940,P55209,0
P11940,P62191,0
P11940,Q13573,0
P11940,Q14444,0
P11940,Q4GYY5,0
P11940,Q57UH8,0
P11940,Q71DI3,0
P11940,Q7Z3C6,0
P11940,Q86X95,0
P11940,Q8N9E0,0
P11940,Q8N9M5,0
P11940,Q8NBM4,0
P11940,Q8TA86,0
P11940,Q9C005,0
P11940,Q9UBK2,0
P11940,Q9UJV9,0
P11940,Q9Y3C1,0
P12004,P13995,0
P12004,P55258,0
P12004,P62191,0
P12004,P63244,0
P12004,P70452,0
P12004,Q15293,0
P12004,Q15773,0
P12004,Q5VWC4,0
P12004,Q8NFQ8,0
P12004,Q92900,0
P12004,Q9H307,0
P12004,Q9HDC9,0
P12004,Q9NYA4,0
P12004,Q9UET6,0
P12004,Q9UI12,0
P12235,P35637,0
P12235,P56524,0
P12235,P67870,0
P12235,Q14669,0
P12235,Q16531,0
P12235,Q8N0V3,0
P12235,Q8TEX9,0
P12235,Q99570,0
P12235,Q9NP92,0
P12235,Q9NS69,0
P12235,Q9UBV2,0
P12236,P20340,0
P12236,P23258,0
P12236,P31939,0
P12236,P35606,0
P12236,P40939,0
P12236,P48382,0
P12236,P63098,0
P12236,P68371,0
P12236,Q13573,0
P12236,Q14643,0
P12236,Q15014,0
P12236,Q5QPK2,0
P12236,Q6PI48,0
P12236,Q96A33,0
P12236,Q96HA1,0
P12236,Q96PM9,0
P12236,Q9HAF1,0
P12236,Q9P0I2,0
P12236,Q9Y2G8,0
P12268,P27708,0
P12268,P35613,0
P12268,P35637,0
P12268,P38647,0
P12268,P68371,0
P12268,Q00577,0
P12268,Q8NF37,0
P12268,Q8TAM1,0
P12268,Q8TBF4,0
P12268,Q96PM9,0
P12268,Q99805,0
P12268,Q9D289,0
P12268,Q9H147,0
P12268,Q9UHI6,0
P12268,Q9Y3D0,0
P12268,Q9Y4L1,0
P12268,Q9Y679,0
P13645,P51970,0
P13645,P55209,0
P13645,P56962,0
P13645,Q04206,0
P13645,Q09472,0
P13645,Q14643,0
P13645,Q6PCB8,0
P13645,Q8K2G4,0
P13645,Q8TAM1,0
P13645,Q92615,0
P13645,Q9BUF5,0
P13645,Q9BXF3,0
P13645,Q9H773,0
P13645,Q9HAU5,0
P13645,Q9NQ48,0
P13645,Q9UJV9,0
P13645,Q9UL33,0
P13645,Q9Y4L1,0
P13645,Q9Y4W6,0
P13804,P27348,0
P13804,P31939,0
P13804,P35613,0
P13804,P51617,0
P13804,P63098,0
P13804,P84243,0
P13804,Q14568,0
P13804,Q53G59,0
P13804,Q8N3R9,0
P13804,Q8NFQ8,0
P13804,Q8WVX9,0
P13804,Q92615,0
P13804,Q96EB6,0
P13804,Q99615,0
P13804,Q9BRX2,0
P13804,Q9BXW9,0
P13804,Q9C005,0
P13804,Q9HD20,0
P13804,Q9NWB6,0
P13804,Q9UJS0,0
P13804,Q9Y4R8,0
P13804,Q9Y5V3,0
P13995,P38647,0
P13995,P68431,0
P13995,Q14974,0
P13995,Q15392,0
P13995,Q15907,0
P13995,Q15942,0
P13995,Q3ZCQ8,0
P13995,Q63503,0
P13995,Q6YHU6,0
P13995,Q8N5P1,0
P13995,Q8TC07,0
P13995,Q8WTW3,0
P13995,Q9JHQ5,0
P13995,Q9NTJ3,0
P13995,Q9ULX6,0
P13995,Q9UN81,0
P14625,P25787,0
P14625,P37231,0
P14625,P46060,0
P14625,P51648,0
P14625,P56524,0
P14625,P62140,0
P14625,P63173,0
P14625,Q13627,0
P14625,Q14203,0
P14625,Q15434,0
P14625,Q53G59,0
P14625,Q5JWF2,0
P14625,Q5SRD1,0
P14625,Q66H80,0
P14625,Q86X95,0
P14625,Q8TBF4,0
P14625,Q92922,0
P14625,Q96GD4,0
P14625,Q99805,0
P14625,Q9BSD7,0
P14625,Q9BXF3,0
P14625,Q9H7B2,0
P14625,Q9NS69,0
P14625,Q9ULX6,0
P14625,Q9Y4L1,0
P15127,P26196,0
P15127,P40939,0
P15127,P55258,0
P15127,P62191,0
P15127,Q13123,0
P15127,Q13283,0
P15127,Q13823,0
P15127,Q5C9Z4,0
P15127,Q5W0B1,0
P15127,Q7Z3Y7,0
P15127,Q8WTW3,0
P15127,Q92545,0
P15127,Q92616,0
P15127,Q9CWF6,0
P15127,Q9Y4Y9,0
P15208,P25685,0
P15208,P39656,0
P15208,P42704,0
P15208,P53618,0
P15208,P55786,0
P15208,P57088,0
P15208,P60228,0
P15208,P67870,0
P15208,P68366,0
P15208,P68400,0
P15208,Q53G59,0
P15208,Q5W0B1,0
P15208,Q6DN90,0
P15208,Q7Z6Z7,0
P15208,Q8TAT6,0
P15208,Q92900,0
P15208,Q9BXW9,0
P15208,Q9H2F5,0
P15208,Q9NS69,0
P15208,Q9UBV2,0
P15208,Q9UNP9,0
P16615,P30837,0
P16615,P35998,0
P16615,P50502,0
P16615,P61981,0
P16615,P62136,0
P16615,P68371,0
P16615,Q14449,0
P16615,Q15154,0
P16615,Q58EX7,0
P16615,Q7Z3C6,0
P16615,Q8IWZ6,0
P16615,Q9NSG2,0
P16615,Q9UI12,0
P16615,Q9UPQ9,0
P17066,P35908,0
P17066,P36542,0
P17066,P37231,0
P17066,P48651,0
P17066,P49721,0
P17066,P50402,0
P17066,P62820,0
P17066,P63244,0
P17066,Q13409,0
P17066,Q57UH8,0
P17066,Q8NBM4,0
P17066,Q8TEX9,0
P17066,Q96JJ7,0
P17066,Q9BRX2,0
P17066,Q9H307,0
P17066,Q9ULX6,0
P17980,P49841,0
P17980,P54646,0
P17980,P60228,0
P17980,P67870,0
P17980,Q08850,0
P17980,Q38DU9,0
P17980,Q52LR7,0
P17980,Q5QPK2,0
P17980,Q8TEQ8,0
P17980,Q92665,0
P17980,Q96HA1,0
P17980,Q96PK6,0
P17980,Q9HCU5,0
P17980,Q9UBF2,0
P17987,P20020,0
P17987,P20340,0
P17987,P35998,0
P17987,P55060,0
P17987,P55258,0
P17987,P62987,0
P17987,Q15392,0
P17987,Q3UPR7,0
P17987,Q6PJG2,0
P17987,Q96BR5,0
P17987,Q9UH99,0
P17987,Q9WVH4,0
P18859,P68366,0
P18859,Q09161,0
P18859,Q5JWF2,0
P18859,Q66H80,0
P18859,Q8NDQ6,0
P18859,Q8NFD5,0
P18859,Q96FV9,0
P18859,Q96GD4,0
P18859,Q9BPW8,0
P18859,Q9H0E9,0
P18859,Q9NVI1,0
P19474,P33981,0
P19474,P35637,0
P19474,P56537,0
P19474,P62333,0
P19474,Q14746,0
P19474,Q3TLI0,0
P19474,Q6UW78,0
P19474,Q92545,0
P19474,Q9BUF5,0
P19474,Q9Y4L1,0
P19474,Q9Y5R8,0
P20020,P22695,0
P20020,P27348,0
P20020,P35568,0
P20020,P47914,0
P20020,P53621,0
P20020,P54652,0
P20020,Q12840,0
P20020,Q13627,0
P20020,Q14683,0
P20020,Q3UPR7,0
P20020,Q5C9Z4,0
P20020,Q71DI3,0
P20020,Q8TC07,0
P20020,Q8VD72,0
P20020,Q92922,0
P20020,Q99570,0
P20020,Q9H1K4,0
P20020,Q9H9E1,0
P20020,Q9HD20,0
P20020,Q9NTJ5,0
P20020,Q9P035,0
P20020,Q9Y383,0
P20340,P20700,0
P20340,P21796,0
P20340,P35606,0
P20340,P41223,0
P20340,P49720,0
P20340,P56524,0
P20340,P62191,0
P20340,Q09137,0
P20340,Q14683,0
P20340,Q5TEC6,0
P20340,Q7RTV0,0
P20340,Q8NBM4,0
P20340,Q8ND56,0
P20340,Q92900,0
P20340,Q9BYJ9,0
P20340,Q9CQP2,0
P20340,Q9H0F7,0
P20340,Q9H5V9,0
P20340,Q9JHQ5,0
P20340,Q9UN37,0
P20340,Q9Y3C7,0
P20393,P27986,0
P20393,P35568,0
P20393,P36542,0
P20393,P49454,0
P20393,P51617,0
P20393,P53621,0
P20393,P82912,0
P20393,Q00325,0
P20393,Q13217,0
P20393,Q3UJU9,0
P20393,Q5JWF2,0
P20393,Q8NBJ5,0
P20393,Q8NDV7,0
P20393,Q92782,0
P20393,Q92947,0
P20393,Q9H0F7,0
P20393,Q9HDC9,0
P20393,Q9NZ01,0
P20393,Q9UJV9,0
P20393,Q9UN37,0
P20618,P24539,0
P20618,P35998,0
P20618,P48047,0
P20618,Q00535,0
P20618,Q09137,0
P20618,Q6DN90,0
P20618,Q6ZNB6,0
P20618,Q8N5P1,0
P20618,Q8NDV7,0
P20618,Q96Q05,0
P20618,Q9NRR5,0
P20618,Q9NYA4,0
P20618,Q9R1E0,0
P20618,Q9UI12,0
P20618,Q9UNM6,0
P20618,Q9Y3C7,0
P20671,P27348,0
P20671,P27824,0
P20671,P29401,0
P20671,P31946,0
P20671,P34897,0
P20671,P35232,0
P20671,P38646,0
P20671,P43487,0
P20671,P46060,0
P20671,P56589,0
P20671,P62140,0
P20671,P62491,0
P20671,P78371,0
P20671,Q14449,0
P20671,Q5JWF2,0
P20671,Q6PJG2,0
P20671,Q8NF37,0
P20671,Q92782,0
P20671,Q92804,0
P20671,Q96QF0,0
P20671,Q9H0F7,0
P20671,Q9Y285,0
P20671,Q9Y4R8,0
P20671,Q9Y5R8,0
P20700,P28074,0
P20700,P49207,0
P20700,P51648,0
P20700,P56962,0
P20700,P68104,0
P20700,Q14449,0
P20700,Q5NCF2,0
P20700,Q86UL3,0
P20700,Q92922,0
P20700,Q96A33,0
P20700,Q99570,0
P20700,Q9GZN1,0
P20700,Q9NTG7,0
P21796,P30405,0
P21796,P51970,0
P21796,P55060,0
P21796,Q07065,0
P21796,Q13724,0
P21796,Q2KHR2,0
P21796,Q86SZ2,0
P21796,Q92545,0
P21796,Q92616,0
P21796,Q9BWJ5,0
P21796,Q9H2F5,0
P21796,Q9HAU5,0
P21796,Q9UI12,0
P21796,Q9Y2G8,0
P22102,P27348,0
P22102,P61006,0
P22102,P62195,0
P22102,P67870,0
P22102,Q14694,0
P22102,Q16891,0
P22102,Q5XKP0,0
P22102,Q60700,0
P22102,Q86UL3,0
P22102,Q8N1F7,0
P22102,Q8NF37,0
P22102,Q9UL33,0
P22695,P28074,0
P22695,P29401,0
P22695,P37238,0
P22695,P43487,0
P22695,P48047,0
P22695,P49207,0
P22695,P53618,0
P22695,P61006,0
P22695,P61962,0
P22695,P63098,0
P22695,Q5JPE7,0
P22695,Q5SRD1,0
P22695,Q5TEC6,0
P22695,Q6ZNB6,0
P22695,Q71RC2,0
P22695,Q92922,0
P22695,Q969V3,0
P22695,Q96PM9,0
P22695,Q99733,0
P22695,Q9BTY2,0
P22695,Q9CZQ9,0
P23258,P33993,0
P23258,P35908,0
P23258,Q12797,0
P23258,Q3TLI0,0
P23258,Q3UPR7,0
P23258,Q86Y56,0
P23258,Q8N3R9,0
P23258,Q8NFJ9,0
P23258,Q8TAT6,0
P23258,Q8TBF4,0
P23258,Q92890,0
P23258,Q99460,0
P23258,Q99615,0
P23258,Q99733,0
P23258,Q9BPW8,0
P23258,Q9H7B2,0
P23258,Q9NWB6,0
P23258,Q9UBM7,0
P23258,Q9UDW3,0
P23258,Q9UL33,0
P24539,P25788,0
P24539,P35908,0
P24539,P49207,0
P24539,P50402,0
P24539,Q00535,0
P24539,Q08850,0
P24539,Q14527,0
P24539,Q5TEC6,0
P24539,Q86Y56,0
P24539,Q8N3I7,0
P24539,Q92545,0
P24539,Q92621,0
P24539,Q92890,0
P24539,Q96EB6,0
P24539,Q96S52,0
P24539,Q9BPW8,0
P24539,Q9BRX2,0
P24539,Q9NTJ3,0
P24539,Q9UBB4,0
P24539,Q9UN86,0
P24539,Q9UPT5,0
P24539,Q9Y2J4,0
P25685,P33981,0
P25685,P34897,0
P25685,Q96Q05,0
P25685,Q9BYJ9,0
P25685,Q9H0E9,0
P25685,Q9NQ29,0
P25685,Q9NRR5,0
P25685,Q9UET6,0
P25685,Q9UN81,0
P25685,Q9UPQ9,0
P25685,Q9Y2J4,0
P25685,Q9Y679,0
P25705,P35568,0
P25705,P50454,0
P25705,P53621,0
P25705,P61006,0
P25705,P63104,0
P25705,Q00325,0
P25705,Q12840,0
P25705,Q14669,0
P25705,Q5M775,0
P25705,Q5SRE5,0
P25705,Q7Z3U7,0
P25705,Q8NFQ8,0
P25705,Q96CS3,0
P25705,Q99707,0
P25705,Q9UL15,0
P25786,P26641,0
P25786,P27348,0
P25786,P33981,0
P25786,P50454,0
P25786,P52701,0
P25786,P61006,0
P25786,Q00325,0
P25786,Q02978,0
P25786,Q14203,0
P25786,Q16891,0
P25786,Q6PI48,0
P25786,Q7Z3U7,0
P25786,Q86SZ2,0
P25786,Q8N0V3,0
P25786,Q8N1N4,0
P25786,Q8TEQ8,0
P25786,Q9NY65,0
P25786,Q9UHI6,0
P25786,Q9Y4H2,0
P25787,P29401,0
P25787,P35613,0
P25787,P62136,0
P25787,Q14739,0
P25787,Q8N1N4,0
P25787,Q8NFJ9,0
P25787,Q8WVX9,0
P25787,Q9BRX2,0
P25787,Q9BUF5,0
P25787,Q9UET6,0
P25787,Q9UJV9,0
P25787,Q9WV78,0
P25788,Q14694,0
P25788,Q15008,0
P25788,Q86UL3,0
P25788,Q8NI60,0
P25788,Q8TEM1,0
P25788,Q92782,0
P25788,Q96D53,0
P25788,Q96QF0,0
P25788,Q99615,0
P25788,Q9ES56,0
P25788,Q9H307,0
P25788,Q9HCJ0,0
P25788,Q9NP92,0
P26196,P27708,0
P26196,P62195,0
P26196,P62805,0
P26196,P68431,0
P26196,Q12797,0
P26196,Q5NCF2,0
P26196,Q86X55,0
P26196,Q92973,0
P26196,Q96CS3,0
P26196,Q9H0U4,0
P26196,Q9HAU5,0
P26196,Q9UBV2,0
P26641,P55060,0
P26641,P55209,0
P26641,Q68CQ7,0
P26641,Q6PJG6,0
P26641,Q71DI3,0
P26641,Q811G0,0
P26641,Q96PM9,0
P26641,Q9NQ48,0
P26641,Q9NSG2,0
P26641,Q9UDW3,0
P26641,Q9Y5A9,0
P26641,Q9Y5R8,0
P26641,R4GMR5,0
P27348,P40937,0
P27348,P55084,0
P27348,Q07065,0
P27348,Q13200,0
P27348,Q66K89,0
P27348,Q6PCB8,0
P27348,Q8TAM1,0
P27348,Q8TEQ8,0
P27348,Q92782,0
P27348,Q9NYA4,0
P27348,Q9Y2J4,0
P27348,Q9Y3D0,0
P27708,P29401,0
P27708,P41223,0
P27708,P52756,0
P27708,P62140,0
P27708,P62491,0
P27708,P68104,0
P27708,Q13418,0
P27708,Q14527,0
P27708,Q3SYG4,0
P27708,Q53GQ0,0
P27708,Q96EB6,0
P27708,Q9H0E9,0
P27708,Q9HD20,0
P27708,Q9UBV2,0
P27708,Q9Y2J4,0
P27824,P48643,0
P27824,P62491,0
P27824,P78527,0
P27824,Q04206,0
P27824,Q14527,0
P27824,Q14739,0
P27824,Q4VC05,0
P27824,Q60700,0
P27824,Q8WVX9,0
P27824,Q9UBX3,0
P27824,Q9UQL6,0
P27824,Q9Y2G8,0
P27824,Q9Y3C7,0
P27824,Q9Y4L1,0
P27986,P40937,0
P27986,P62136,0
P27986,Q13409,0
P27986,Q5BKY9,0
P27986,Q5TEC6,0
P27986,Q6UW78,0
P27986,Q8NFQ8,0
P27986,Q8WTW3,0
P27986,Q923E4,0
P27986,Q92890,0
P27986,Q9NSG2,0
P27986,Q9UET6,0
P27986,Q9WVH4,0
P28066,P31689,0
P28066,P47914,0
P28066,P61026,0
P28066,Q14643,0
P28066,Q5BKZ1,0
P28066,Q8TCJ2,0
P28066,Q9H5V9,0
P28066,Q9H773,0
P28066,Q9NTG7,0
P28066,Q9UNM6,0
P28070,P35232,0
P28070,P50993,0
P28070,P55209,0
P28070,P56726,0
P28070,Q14697,0
P28070,Q9HDC9,0
P28070,Q9UBX3,0
P28070,Q9Y296,0
P28070,Q9Y4R8,0
P28070,R4GMR5,0
P28072,P35998,0
P28072,P48553,0
P28072,P61026,0
P28072,P68366,0
P28072,Q02978,0
P28072,Q14257,0
P28072,Q14527,0
P28072,Q14746,0
P28072,Q5LJA5,0
P28072,Q5SNT2,0
P28072,Q71RC2,0
P28072,Q8NDQ6,0
P28072,Q8NFQ8,0
P28072,Q99733,0
P28072,Q9BYF1,0
P28072,Q9HD20,0
P28072,Q9UPQ9,0
P28072,Q9Y5A9,0
P28074,P30837,0
P28074,P49207,0
P28074,P49720,0
P28074,P51665,0
P28074,P55786,0
P28074,P62492,0
P28074,Q14449,0
P28074,Q15014,0
P28074,Q15942,0
P28074,Q16891,0
P28074,Q8WTW3,0
P28074,Q92538,0
P28074,Q9H0E9,0
P28074,Q9NS69,0
P28288,P34897,0
P28288,P35232,0
P28288,P48382,0
P28288,P48643,0
P28288,P50454,0
P28288,P55060,0
P28288,P55084,0
P28288,P62195,0
P28288,P63098,0
P28288,P68104,0
P28288,Q15293,0
P28288,Q15942,0
P28288,Q3UPR7,0
P28288,Q3V3N7,0
P28288,Q8N5F7,0
P28288,Q8N9E0,0
P28288,Q96BR5,0
P28288,Q96CK0,0
P28288,Q96PM9,0
P28288,Q99805,0
P28288,Q9NUD5,0
P28288,Q9UDW3,0
P28288,Q9Y4R8,0
P28288,Q9Y4Y9,0
P29401,P49454,0
P29401,P56962,0
P29401,Q14669,0
P29401,Q15392,0
P29401,Q3V3N7,0
P29401,Q5BKZ1,0
P29401,Q5TEC6,0
P29401,Q6P4A7,0
P29401,Q7RTV0,0
P29401,Q8TAT6,0
P29401,Q8TC07,0
P29401,Q8TCJ2,0
P29401,Q92973,0
P29401,Q96PM9,0
P29401,Q9BRK5,0
P29401,Q9CZQ9,0
P29401,Q9P2R6,0
P29401,Q9UBS4,0
P29401,Q9UPQ9,0
P29401,Q9Y5A9,0
P30405,P56726,0
P30405,P62195,0
P30405,P63167,0
P30405,Q6NXE6,0
P30405,Q8TAM1,0
P30405,Q9BW92,0
P30405,Q9CQP2,0
P30405,Q9H1K4,0
P30405,Q9ULD9,0
P30405,Q9UN81,0
P30837,P35613,0
P30837,P35998,0
P30837,P43487,0
P30837,P50402,0
P30837,P53621,0
P30837,P53985,0
P30837,P62987,0
P30837,Q15014,0
P30837,Q3UJU9,0
P30837,Q4GYY5,0
P30837,Q8TA86,0
P30837,Q9BUJ2,0
P30837,Q9H9E1,0
P30837,Q9JME7,0
P30837,Q9Y4Y9,0
P31689,P48553,0
P31689,P55042,0
P31689,P62140,0
P31689,Q00577,0
P31689,Q13409,0
P31689,Q14449,0
P31689,Q3SYG4,0
P31689,Q3V3N7,0
P31689,Q60932,0
P31689,Q6YHU6,0
P31689,Q8NFQ8,0
P31689,Q92621,0
P31689,Q92890,0
P31689,Q9CWF6,0
P31689,Q9NUD5,0
P31689,Q9NWB6,0
P31689,Q9UL15,0
P31749,P48651,0
P31749,P56962,0
P31749,Q7Z3C6,0
P31749,Q8NBJ5,0
P31749,Q92621,0
P31749,Q92890,0
P31749,Q9CQP2,0
P31749,Q9H307,0
P31749,Q9UH99,0
P31939,P35637,0
P31939,P48651,0
P31939,P63167,0
P31939,Q14739,0
P31939,Q15154,0
P31939,Q3TLI0,0
P31939,Q92621,0
P31939,Q92804,0
P31939,Q9CZQ9,0
P31939,Q9H7B2,0
P31939,Q9NYU2,0
P31939,Q9UDY4,0
P31939,Q9Y5R8,0
P31946,P36873,0
P31946,P50402,0
P31946,P51617,0
P31946,P53396,0
P31946,P82912,0
P31946,Q04637,0
P31946,Q09161,0
P31946,Q13200,0
P31946,Q14203,0
P31946,Q16531,0
P31946,Q2KHR2,0
P31946,Q60770,0
P31946,Q6ZNB6,0
P31946,Q86X55,0
P31946,Q92643,0
P31946,Q96GD4,0
P31946,Q99707,0
P31946,Q9BWJ5,0
P31946,Q9H773,0
P31946,Q9NPJ1,0
P31946,Q9NQ29,0
P31946,Q9NV56,0
P31946,Q9UBM7,0
P31948,P33993,0
P31948,P51648,0
P31948,P67870,0
P31948,P68104,0
P31948,P68400,0
P31948,Q5BKY9,0
P31948,Q5NCF2,0
P31948,Q5XKP0,0
P31948,Q6ZW61,0
P31948,Q8WUH6,0
P31948,Q9H9E1,0
P31948,Q9Y5R8,0
P31948,R4GMR5,0
P33778,P46977,0
P33778,P51571,0
P33778,P62136,0
P33778,P62258,0
P33778,Q53G59,0
P33778,Q53GQ0,0
P33778,Q66K89,0
P33778,Q7RTV0,0
P33778,Q8N1N4,0
P33778,Q8WUH6,0
P33778,Q923E4,0
P33778,Q93084,0
P33778,Q9NQ48,0
P33778,Q9UN37,0
P33981,P49593,0
P33981,Q15392,0
P33981,Q3SYG4,0
P33981,Q53G59,0
P33981,Q5H9R7,0
P33981,Q80U30,0
P33981,Q86UL3,0
P33981,Q92545,0
P33981,Q92615,0
P33981,Q96EB6,0
P33981,Q96PM9,0
P33981,Q9NTG7,0
P33981,Q9ULD9,0
P33981,Q9Y277,0
P33993,P46379,0
P33993,P50502,0
P33993,Q07065,0
P33993,Q12840,0
P33993,Q14568,0
P33993,Q60770,0
P33993,Q8NBM4,0
P33993,Q96CK0,0
P33993,Q9BVA1,0
P33993,Q9BYJ9,0
P33993,Q9CQP2,0
P33993,Q9H7B2,0
P33993,Q9R1E0,0
P34897,P56524,0
P34897,P63244,0
P34897,Q14449,0
P34897,Q2TAC2,0
P34897,Q3UPR7,0
P34897,Q6IEG0,0
P34897,Q8IYB5,0
P34897,Q8VD72,0
P34897,Q96EB6,0
P34897,Q96FV9,0
P34897,Q96T76,0
P34897,Q9UH99,0
P34897,Q9UNF1,0
P34897,Q9Y3C7,0
P35232,P40937,0
P35232,P84090,0
P35232,Q3TLI0,0
P35232,Q3ZCQ8,0
P35232,Q5SNT2,0
P35232,Q7Z6Z7,0
P35232,Q8NF37,0
P35232,Q8TC07,0
P35232,Q8WUM0,0
P35232,Q8WVM8,0
P35232,Q9BYJ9,0
P35232,Q9Y2G8,0
P35232,Q9Y2J4,0
P35568,P35637,0
P35568,P48382,0
P35568,P50502,0
P35568,P53396,0
P35568,P62492,0
P35568,Q13409,0
P35568,Q14203,0
P35568,Q53EU6,0
P35568,Q5C9Z4,0
P35568,Q5T3I0,0
P35568,Q66H80,0
P35568,Q7Z3C6,0
P35568,Q8K2G4,0
P35568,Q96D53,0
P35568,Q99570,0
P35568,Q9H0F7,0
P35568,Q9NP92,0
P35568,Q9NZ01,0
P35568,Q9UBV2,0
P35568,Q9UDW3,0
P35568,Q9UHI6,0
P35568,Q9UN37,0
P35568,Q9Y448,0
P35568,Q9Y4L1,0
P35568,Q9Y4R8,0
P35606,P48382,0
P35606,P49207,0
P35606,P49454,0
P35606,P53621,0
P35606,P55042,0
P35606,Q7Z3Y7,0
P35606,Q8IXI1,0
P35606,Q92621,0
P35606,Q9BTY2,0
P35606,Q9BUF5,0
P35606,Q9BVA1,0
P35606,Q9H5V9,0
P35606,Q9NPF5,0
P35606,Q9NUD5,0
P35606,Q9Y3C7,0
P35613,P40939,0
P35613,P53618,0
P35613,Q15293,0
P35613,Q16531,0
P35613,Q5T160,0
P35613,Q5W0B1,0
P35613,Q6PJG2,0
P35613,Q8TAM1,0
P35613,Q96BR5,0
P35613,Q96CS3,0
P35613,Q9BUF5,0
P35613,Q9HCU5,0
P35613,Q9NS69,0
P35637,P41223,0
P35637,P43686,0
P35637,P50402,0
P35637,P51570,0
P35637,P60604,0
P35637,P68431,0
P35637,Q00325,0
P35637,Q00577,0
P35637,Q02978,0
P35637,Q15907,0
P35637,Q5BKZ1,0
P35637,Q7Z3C6,0
P35637,Q86Y07,0
P35637,Q8N0V3,0
P35637,Q8N5F7,0
P35637,Q8N9E0,0
P35637,Q9UBF2,0
P35637,Q9UDW3,0
P35637,Q9WVH4,0
P35637,Q9Y4W6,0
P35908,P49454,0
P35908,P63044,0
P35908,Q00577,0
P35908,Q14643,0
P35908,Q2KHR2,0
P35908,Q5QPK2,0
P35908,Q8N1N4,0
P35908,Q8NI60,0
P35908,Q96RK4,0
P35908,Q99570,0
P35908,Q9H9S3,0
P35998,P38606,0
P35998,P62873,0
P35998,Q2KHR2,0
P35998,Q5XKP0,0
P35998,Q60770,0
P35998,Q66H80,0
P35998,Q68CQ7,0
P35998,Q86UL3,0
P35998,Q8TEQ8,0
P35998,Q8WTW3,0
P35998,Q9BSJ2,0
P35998,Q9BW92,0
P35998,Q9H7B2,0
P35998,Q9HAF1,0
P35998,Q9HAV4,0
P35998,Q9NQ48,0
P35998,Q9NWB6,0
P35998,Q9UDW3,0
P35998,Q9UI12,0
P35998,Q9UPT5,0
P35998,Q9Y296,0
P36542,P48553,0
P36542,P56537,0
P36542,P56589,0
P36542,P62805,0
P36542,P63044,0
P36542,Q13418,0
P36542,Q5BKZ1,0
P36542,Q5NCF2,0
P36542,Q86X55,0
P36542,Q8NI60,0
P36542,Q8TEM1,0
P36542,Q9UNP9,0
P36542,Q9Y383,0
P36542,Q9Y3D0,0
P36542,R4GMR5,0
P36873,P48651,0
P36873,P53007,0
P36873,P70452,0
P36873,Q5HYI8,0
P36873,Q5M775,0
P36873,Q6NXE6,0
P36873,Q71RC2,0
P36873,Q9BYF1,0
P36873,Q9H7B2,0
P36873,Q9NUP9,0
P36873,R4GMR5,0
P37231,P50993,0
P37231,P60228,0
P37231,P67870,0
P37231,P68104,0
P37231,Q3TLI0,0
P37231,Q5SRD1,0
P37231,Q5TEC6,0
P37231,Q6NXE6,0
P37231,Q8N1N4,0
P37231,Q96BR5,0
P37231,Q9BXW9,0
P37231,Q9UBX3,0
P37238,P45954,0
P37238,P51571,0
P37238,P61026,0
P37238,P62873,0
P37238,Q09137,0
P37238,Q13509,0
P37238,Q60932,0
P37238,Q7Z3C6,0
P37238,Q7Z6Z7,0
P37238,Q9H7B2,0
P37238,Q9NTG7,0
P38435,P61006,0
P38435,P62805,0
P38435,P84243,0
P38435,Q15293,0
P38435,Q57UH8,0
P38435,Q5JWF2,0
P38435,Q5QPK2,0
P38435,Q5SNT2,0
P38435,Q5TEC6,0
P38435,Q8TEX9,0
P38435,Q96PM9,0
P38435,Q96S52,0
P38435,Q9H147,0
P38435,Q9P035,0
P38435,Q9UBK2,0
P38435,Q9WVH4,0
P38606,P42677,0
P38606,P45880,0
P38606,P47914,0
P38606,P53396,0
P38606,Q08209,0
P38606,Q14694,0
P38606,Q53G59,0
P38606,Q6ZNB6,0
P38606,Q8WUH6,0
P38606,Q92782,0
P38606,Q96BR5,0
P38606,Q96HA1,0
P38606,Q96S52,0
P38606,Q9H307,0
P38606,Q9NVI1,0
P38606,Q9ULD9,0
P38606,Q9Y277,0
P38606,Q9Y2G8,0
P38606,Q9Y2J4,0
P38646,P51648,0
P38646,P62805,0
P38646,P63167,0
P38646,P84090,0
P38646,Q13409,0
P38646,Q13627,0
P38646,Q5M775,0
P38646,Q7L5D6,0
P38646,Q96BR5,0
P38646,Q96S52,0
P38646,Q9BSR8,0
P38646,Q9BWJ5,0
P38646,Q9NY65,0
P38646,Q9R1E0,0
P38646,Q9UBV2,0
P38647,P42677,0
P38647,P42704,0
P38647,P48651,0
P38647,P49721,0
P38647,P50993,0
P38647,P68363,0
P38647,P78371,0
P38647,Q8N9M5,0
P38647,Q8NF37,0
P38647,Q99570,0
P38647,Q9HCU5,0
P38647,Q9NQ48,0
P38647,Q9NS69,0
P38647,Q9UDW3,0
P38647,Q9Y2G8,0
P38647,Q9Y4L1,0
P39656,P42704,0
P39656,P48382,0
P39656,P82912,0
P39656,Q13418,0
P39656,Q5H9R7,0
P39656,Q5NCF2,0
P39656,Q71RC2,0
P39656,Q92947,0
P39656,Q9H5V9,0
P39656,Q9UBX3,0
P40937,P51570,0
P40937,P62491,0
P40937,P62820,0
P40937,Q13823,0
P40937,Q14527,0
P40937,Q5XKP0,0
P40937,Q86Y07,0
P40937,Q8IWZ6,0
P40937,Q8IXI1,0
P40937,Q8N9E0,0
P40937,Q99707,0
P40937,Q99KR7,0
P40937,Q9BYF1,0
P40937,Q9C005,0
P40937,Q9D289,0
P40937,Q9H773,0
P40937,Q9Y2G8,0
P40937,Q9Y5V3,0
P40939,P52756,0
P40939,P61962,0
P40939,P62258,0
P40939,P63244,0
P40939,P68400,0
P40939,Q15773,0
P40939,Q3U0M1,0
P40939,Q8NBM4,0
P40939,Q8TAT6,0
P40939,Q96CS3,0
P40939,Q96FV9,0
P40939,Q96HA1,0
P40939,Q9BUJ2,0
P40939,Q9H7B2,0
P41223,P57740,0
P41223,P61962,0
P41223,P62195,0
P41223,Q09472,0
P41223,Q15942,0
P41223,Q3SYG4,0
P41223,Q3ZCM7,0
P41223,Q96PM9,0
P41223,Q9BRK5,0
P41223,Q9NUP9,0
P41223,Q9UHI6,0
P41223,Q9UJV9,0
P41223,Q9UN86,0
P41223,Q9Y285,0
P41223,Q9Y4H2,0
P41223,Q9Y5A9,0
P42677,P52429,0
P42677,P55060,0
P42677,P61006,0
P42677,Q02248,0
P42677,Q08850,0
P42677,Q14449,0
P42677,Q14694,0
P42677,Q15907,0
P42677,Q5QPK2,0
P42677,Q5T160,0
P42677,Q80U30,0
P42677,Q8WUM0,0
P42677,Q92890,0
P42677,Q92900,0
P42677,Q96L91,0
P42677,Q9CWF6,0
P42677,Q9ES56,0
P42677,Q9NVI1,0
P42677,Q9UBM7,0
P42677,Q9UBS4,0
P42677,Q9Y296,0
P42677,Q9Y4R8,0
P42704,P55258,0
P42704,P56524,0
P42704,Q00059,0
P42704,Q63503,0
P42704,Q6P4A7,0
P42704,Q6PJG6,0
P42704,Q99460,0
P42704,Q99615,0
P42704,Q9BSD7,0
P42704,Q9CZQ9,0
P42704,Q9HAU5,0
P42704,Q9UDW3,0
P42704,Q9Y5V3,0
P43487,P63098,0
P43487,Q14643,0
P43487,Q6ZNB6,0
P43487,Q96S52,0
P43487,Q9D289,0
P43487,Q9HCJ0,0
P43487,Q9NS69,0
P43686,P45880,0
P43686,P50454,0
P43686,P53618,0
P43686,P55786,0
P43686,P56962,0
P43686,Q14974,0
P43686,Q58EX7,0
P43686,Q5C9Z4,0
P43686,Q5W0B1,0
P43686,Q69YQ0,0
P43686,Q8NDQ6,0
P43686,Q923E4,0
P43686,Q96P70,0
P43686,Q9H0U4,0
P43686,Q9UN37,0
P43686,Q9Y3C7,0
P45880,P51970,0
P45880,P61962,0
P45880,P63098,0
P45880,Q08945,0
P45880,Q14739,0
P45880,Q4GYY5,0
P45880,Q5M775,0
P45880,Q5VWC4,0
P45880,Q8NFD5,0
P45880,Q8TEQ8,0
P45880,Q8WUH6,0
P45880,Q93084,0
P45880,Q9NPF5,0
P45880,Q9NS69,0
P45880,Q9UI12,0
P45954,P48553,0
P45954,P55072,0
P45954,P62491,0
P45954,P63173,0
P45954,Q4VC05,0
P45954,Q8NBM4,0
P45954,Q92616,0
P45954,Q96D53,0
P45954,Q96GM8,0
P45954,Q96PK6,0
P45954,Q9H936,0
P45954,Q9Y3C7,0
P46060,P49207,0
P46060,P60228,0
P46060,P63045,0
P46060,P68431,0
P46060,Q04206,0
P46060,Q04637,0
P46060,Q14697,0
P46060,Q5SNT2,0
P46060,Q7Z3U7,0
P46060,Q80U30,0
P46060,Q86VP6,0
P46060,Q9H773,0
P46060,Q9H9S3,0
P46060,Q9HD45,0
P46060,Q9NP92,0
P46060,Q9UN86,0
P46060,Q9Y5V3,0
P46379,P55042,0
P46379,P60228,0
P46379,P62191,0
P46379,Q15942,0
P46379,Q53R41,0
P46379,Q6PJG2,0
P46379,Q8K2G4,0
P46379,Q8N1F7,0
P46379,Q8N5P1,0
P46379,Q8TAM2,0
P46379,Q8TCJ2,0
P46379,Q96JJ7,0
P46379,Q9BPW8,0
P46379,Q9H147,0
P46379,Q9NP92,0
P46379,Q9UNF1,0
P46977,P49207,0
P46977,P62136,0
P46977,Q14444,0
P46977,Q14683,0
P46977,Q86SZ2,0
P46977,Q8N5P1,0
P46977,Q923E4,0
P46977,Q96BY9,0
P46977,Q9BRX2,0
P46977,Q9BXC9,0
P46977,Q9UHI6,0
P46977,Q9UQL6,0
P47914,Q13283,0
P47914,Q13724,0
P47914,Q16637,0
P47914,Q3V3N7,0
P47914,Q5VWC4,0
P47914,Q66K89,0
P47914,Q92922,0
P47914,Q99653,0
P47914,Q9H9S3,0
P47914,Q9HAF1,0
P47914,Q9UBF2,0
P47914,Q9UPQ9,0
P48047,P49207,0
P48047,P51570,0
P48047,P68104,0
P48047,P78371,0
P48047,Q13724,0
P48047,Q69YQ0,0
P48047,Q6DN90,0
P48047,Q86X95,0
P48047,Q8TEM1,0
P48047,Q96F45,0
P48047,Q96GM8,0
P48047,Q99615,0
P48047,Q9BVA1,0
P48047,Q9ULD9,0
P48356,P63098,0
P48356,Q04637,0
P48356,Q15154,0
P48356,Q7Z6Z7,0
P48356,Q8N0V3,0
P48356,Q8TEM1,0
P48356,Q969V3,0
P48356,Q9NV56,0
P48356,Q9NVI1,0
P48382,P51571,0
P48382,P52789,0
P48382,P55042,0
P48382,P55209,0
P48382,P55786,0
P48382,P63173,0
P48382,Q15434,0
P48382,Q3SYG4,0
P48382,Q5HYI8,0
P48382,Q5SNT2,0
P48382,Q60770,0
P48382,Q69YQ0,0
P48382,Q8N9M5,0
P48382,Q8TEX9,0
P48382,Q8WVM8,0
P48382,Q8WVX9,0
P48382,Q92616,0
P48382,Q92621,0
P48382,Q92782,0
P48382,Q96Q05,0
P48382,Q9C005,0
P48382,Q9D289,0
P48382,Q9H583,0
P48382,Q9HD20,0
P48553,P49720,0
P48553,P61981,0
P48553,Q04206,0
P48553,Q09472,0
P48553,Q6IEG0,0
P48553,Q8N3R9,0
P48553,Q9BRX2,0
P48553,Q9GZN1,0
P48553,Q9H078,0
P48553,Q9H5Q4,0
P48553,Q9NQH7,0
P48553,Q9UBB4,0
P48553,Q9UKV0,0
P48553,Q9UNP9,0
P48643,P53985,0
P48643,P54709,0
P48643,P61981,0
P48643,P63167,0
P48643,P68104,0
P48643,Q04206,0
P48643,Q09472,0
P48643,Q15434,0
P48643,Q8NFD5,0
P48643,Q8WUH6,0
P48643,Q92665,0
P48643,Q9BXC9,0
P48643,Q9H0E9,0
P48643,Q9H1K4,0
P48643,Q9JHQ5,0
P48643,Q9WVH4,0
P48651,P51571,0
P48651,P52789,0
P48651,P55209,0
P48651,P68366,0
P48651,Q15773,0
P48651,Q5BKZ1,0
P48651,Q6YHU6,0
P48651,Q8N3I7,0
P48651,Q8NDV7,0
P48651,Q8WUM0,0
P48651,Q92922,0
P48651,Q96A33,0
P48651,Q9NYA4,0
P48651,Q9UDW3,0
P48651,Q9Y5A9,0
P48651,Q9Y5R8,0
P49207,P50454,0
P49207,Q2KHR2,0
P49207,Q3TLI0,0
P49207,Q3V3N7,0
P49207,Q5BKZ1,0
P49207,Q60700,0
P49207,Q92922,0
P49207,Q9BXF3,0
P49207,Q9CWF6,0
P49207,Q9H147,0
P49207,Q9H583,0
P49207,Q9HDC9,0
P49207,Q9UBM7,0
P49207,Q9UL15,0
P49207,Q9UL33,0
P49207,Q9Y383,0
P49454,P61026,0
P49454,Q13409,0
P49454,Q14204,0
P49454,Q5BKZ1,0
P49454,Q6IEG0,0
P49454,Q8N3I7,0
P49454,Q9BSJ2,0
P49454,Q9Y285,0
P49593,P62987,0
P49593,P68363,0
P49593,Q00059,0
P49593,Q3U0M1,0
P49593,Q3V3N7,0
P49593,Q60700,0
P49593,Q7RTV0,0
P49593,Q96PM9,0
P49593,Q9BVA1,0
P49593,Q9H5Q4,0
P49593,Q9H936,0
P49593,Q9NZ01,0
P49720,P51665,0
P49720,P62491,0
P49720,Q13283,0
P49720,Q13409,0
P49720,Q14527,0
P49720,Q16531,0
P49720,Q5TEC6,0
P49720,Q8N0V3,0
P49720,Q8NBJ5,0
P49720,Q8TAM1,0
P49720,Q8WVM8,0
P49720,Q92782,0
P49720,Q9H936,0
P49720,Q9UET6,0
P49720,Q9UH99,0
P49720,Q9Y448,0
P49720,Q9Y5A9,0
P49721,P50454,0
P49721,P62873,0
P49721,P68363,0
P49721,Q14746,0
P49721,Q60770,0
P49721,Q6PJG6,0
P49721,Q86UL3,0
P49721,Q923E4,0
P49721,Q92782,0
P49721,Q99615,0
P49721,Q9HCU5,0
P49721,Q9UBV2,0
P49721,Q9UPT5,0
P49841,P51665,0
P49841,P63045,0
P49841,Q00577,0
P49841,Q13123,0
P49841,Q13217,0
P49841,Q15006,0
P49841,Q15293,0
P49841,Q6IEG0,0
P49841,Q6PCB8,0
P49841,Q71RC2,0
P49841,Q8TAT6,0
P49841,Q8TEM1,0
P49841,Q96D53,0
P49841,Q96Q05,0
P49841,Q99615,0
P49841,Q9NUP9,0
P49841,Q9Y4H2,0
P50402,P63098,0
P50402,P78371,0
P50402,Q13418,0
P50402,Q6DN90,0
P50402,Q96CS3,0
P50402,Q9H0E9,0
P50402,Q9NRG9,0
P50402,Q9UQL6,0
P50402,Q9Y5V3,0
P50454,P56726,0
P50454,P61026,0
P50454,Q13627,0
P50454,Q16531,0
P50454,Q3V3N7,0
P50454,Q5SRE5,0
P50454,Q86X55,0
P50454,Q8BH75,0
P50454,Q8TEM1,0
P50454,Q9CWF6,0
P50454,Q9H773,0
P50454,Q9UBF2,0
P50454,Q9UPT5,0
P50454,Q9Y3C1,0
P50454,Q9Y3C7,0
P50502,P55209,0
P50502,Q07065,0
P50502,Q15434,0
P50502,Q8N3R9,0
P50502,Q8NF37,0
P50502,Q9H2F5,0
P50502,Q9H7B2,0
P50502,Q9H936,0
P50502,Q9ULD9,0
P50502,Q9Y679,0
P50993,P57088,0
P50993,P62136,0
P50993,P84243,0
P50993,Q02978,0
P50993,Q13283,0
P50993,Q16891,0
P50993,Q3U0M1,0
P50993,Q6YHU6,0
P50993,Q8N1N4,0
P50993,Q8NFJ9,0
P50993,Q96BY9,0
P50993,Q99570,0
P50993,Q9UKV0,0
P51570,P52429,0
P51570,P53396,0
P51570,P60709,0
P51570,Q13418,0
P51570,Q5JPE7,0
P51570,Q5TEC6,0
P51570,Q6PJG2,0
P51570,Q8IYB5,0
P51570,Q8TAM2,0
P51570,Q96GF1,0
P51570,Q99615,0
P51570,Q9BUJ2,0
P51570,Q9BW92,0
P51570,Q9C005,0
P51570,Q9CWF6,0
P51570,Q9H0F7,0
P51570,Q9R1E0,0
P51571,P62820,0
P51571,Q53GQ0,0
P51571,Q5SRE5,0
P51571,Q69YQ0,0
P51571,Q6DN90,0
P51571,Q6PJG6,0
P51571,Q86UL3,0
P51571,Q8N5F7,0
P51571,Q8TEQ8,0
P51571,Q96A33,0
P51571,Q99805,0
P51571,Q9HD45,0
P51571,Q9UKV0,0
P51571,Q9UL15,0
P51571,Q9UNF1,0
P51571,Q9WV78,0
P51617,Q14697,0
P51617,Q5SNT2,0
P51617,Q6ZNB6,0
P51617,Q8WUH6,0
P51617,Q8WVM8,0
P51617,Q9H0U4,0
P51617,Q9HDC9,0
P51617,Q9NTG7,0
P51617,Q9NVI1,0
P51617,Q9NYA4,0
P51617,Q9Y4W6,0
P51648,P56537,0
P51648,P63044,0
P51648,Q13283,0
P51648,Q6P4A7,0
P51648,Q7Z3Y7,0
P51648,Q8N3R9,0
P51648,Q8NBJ5,0
P51648,Q8TA86,0
P51648,Q92616,0
P51648,Q99570,0
P51648,Q9BTY2,0
P51648,Q9BYF1,0
P51648,Q9NZ01,0
P51648,Q9UN86,0
P51648,Q9Y2J4,0
P51665,P63173,0
P51665,P63244,0
P51665,Q02978,0
P51665,Q13200,0
P51665,Q13885,0
P51665,Q7Z3Y7,0
P51665,Q8N0V3,0
P51665,Q8TEX9,0
P51665,Q92616,0
P51665,Q9CQP2,0
P51665,Q9NY65,0
P51665,Q9P035,0
P51970,P61006,0
P51970,P62805,0
P51970,Q13409,0
P51970,Q14449,0
P51970,Q15773,0
P51970,Q5BKY9,0
P51970,Q9UH99,0
P51970,Q9Y5R8,0
P52429,P57740,0
P52429,P62191,0
P52429,P78318,0
P52429,Q00059,0
P52429,Q14257,0
P52429,Q15014,0
P52429,Q15434,0
P52429,Q5NCF2,0
P52429,Q5W0B1,0
P52429,Q7Z3C6,0
P52429,Q9H147,0
P52429,Q9UHI6,0
P52429,Q9Y4L1,0
P52429,Q9Y5R8,0
P52701,P54709,0
P52701,P68363,0
P52701,P78318,0
P52701,Q04917,0
P52701,Q14444,0
P52701,Q15907,0
P52701,Q86VP6,0
P52701,Q8IUR0,0
P52701,Q8TAT6,0
P52701,Q92538,0
P52701,Q9BSJ2,0
P52701,Q9C005,0
P52701,Q9UET6,0
P52701,Q9UN81,0
P52701,Q9UPT5,0
P52701,Q9WVH4,0
P52701,Q9Y5R8,0
P52756,P63104,0
P52756,P68400,0
P52756,Q12797,0
P52756,Q14643,0
P52756,Q14669,0
P52756,Q3SYG4,0
P52756,Q7Z3Y7,0
P52756,Q8VD72,0
P52756,Q8WUH6,0
P52756,Q92804,0
P52756,Q9H147,0
P52756,Q9Y5R8,0
P52789,P84090,0
P52789,Q6NXE6,0
P52789,Q86SZ2,0
P52789,Q92538,0
P52789,Q9BTY2,0
P52789,Q9NRG9,0
P52789,Q9NSG2,0
P52789,Q9R1E0,0
P52789,Q9UNF1,0
P52789,Q9Y4W6,0
P53007,P55060,0
P53007,Q13509,0
P53007,Q13627,0
P53007,Q13823,0
P53007,Q2KHR2,0
P53007,Q7L5D6,0
P53007,Q8N0V3,0
P53007,Q96T76,0
P53007,Q99653,0
P53007,Q9BUJ2,0
P53007,Q9H0U4,0
P53396,Q02978,0
P53396,Q3TLI0,0
P53396,Q86Y07,0
P53396,Q93084,0
P53396,Q96EB6,0
P53396,Q96HA1,0
P53396,Q96P70,0
P53396,Q9NRG9,0
P53396,Q9Y3C7,0
P53618,Q14257,0
P53618,Q8ND56,0
P53618,Q8WVM8,0
P53618,Q92665,0
P53618,Q96FV9,0
P53618,Q9BVA1,0
P53618,Q9BXC9,0
P53618,Q9D289,0
P53618,Q9UET6,0
P53618,Q9UNF1,0
P53618,Q9Y5R8,0
P53618,Q9Y5V3,0
P53621,P55209,0
P53621,P62333,0
P53621,Q07065,0
P53621,Q14746,0
P53621,Q2KHR2,0
P53621,Q6PCB8,0
P53621,Q8TA86,0
P53621,Q96FV9,0
P53621,Q9NYU2,0
P53621,Q9UBU8,0
P53985,P57740,0
P53985,P62873,0
P53985,Q12797,0
P53985,Q3SYG4,0
P53985,Q69YQ0,0
P53985,Q8K2G4,0
P53985,Q8N1N4,0
P53985,Q8N5P1,0
P53985,Q8NFJ9,0
P53985,Q99942,0
P53985,Q9BXW9,0
P53985,Q9D289,0
P53985,Q9H307,0
P54646,P55060,0
P54646,P60709,0
P54646,P61006,0
P54646,Q15773,0
P54646,Q5XKP0,0
P54646,Q8BH75,0
P54646,Q8C1Z7,0
P54646,Q8N3R9,0
P54646,Q8TAM2,0
P54646,Q96BR5,0
P54646,Q9C005,0
P54646,Q9NUD5,0
P54646,Q9UKV0,0
P54646,Q9Y2J4,0
P54646,Q9Y679,0
P54652,P63167,0
P54652,P78318,0
P54652,P78527,0
P54652,Q14257,0
P54652,Q14444,0
P54652,Q15392,0
P54652,Q16637,0
P54652,Q3UPR7,0
P54652,Q57UH8,0
P54652,Q5C9Z4,0
P54652,Q5M775,0
P54652,Q96RK4,0
P54652,Q9CZQ9,0
P54652,Q9HAV4,0
P54652,Q9NS69,0
P54652,Q9NWB6,0
P54652,Q9Y5B9,0
P54709,P55209,0
P54709,P62191,0
P54709,Q08945,0
P54709,Q16891,0
P54709,Q5VWC4,0
P54709,Q8NBJ5,0
P54709,Q92616,0
P54709,Q969V3,0
P54709,Q9C005,0
P54709,Q9HCU5,0
P54709,Q9NRG9,0
P54709,Q9Y3Y2,0
P55042,P67870,0
P55042,Q16891,0
P55042,Q3UPR7,0
P55042,Q58EX7,0
P55042,Q86X55,0
P55042,Q86Y07,0
P55042,Q8NFJ9,0
P55042,Q8TC07,0
P55042,Q8VD72,0
P55042,Q96S52,0
P55042,Q9NTJ3,0
P55042,Q9NYU2,0
P55060,P55072,0
P55060,P62195,0
P55060,P62987,0
P55060,P63045,0
P55060,P84243,0
P55060,Q09137,0
P55060,Q14694,0
P55060,Q68CQ7,0
P55060,Q8K2G4,0
P55060,Q96BY9,0
P55060,Q96CK0,0
P55060,Q96QF0,0
P55060,Q9JME7,0
P55060,Q9UL15,0
P55072,P67870,0
P55072,Q53EU6,0
P55072,Q66H80,0
P55072,Q71RC2,0
P55072,Q7Z3U7,0
P55072,Q8NI60,0
P55072,Q96A33,0
P55072,Q99707,0
P55072,Q9BSR8,0
P55072,Q9UBX3,0
P55072,Q9UN86,0
P55072,Q9WV78,0
P55072,Q9WVH4,0
P55072,Q9Y277,0
P55072,Q9Y4Y9,0
P55072,Q9Y679,0
P55084,P63173,0
P55084,Q14974,0
P55084,Q3UPR7,0
P55084,Q53GQ0,0
P55084,Q60770,0
P55084,Q6PJG6,0
P55084,Q9BRK5,0
P55084,Q9GZN1,0
P55084,Q9HAF1,0
P55084,Q9HD45,0
P55084,Q9NRG9,0
P55209,P78318,0
P55209,Q02248,0
P55209,Q13200,0
P55209,Q14449,0
P55209,Q16891,0
P55209,Q52LR7,0
P55209,Q8N1N4,0
P55209,Q92804,0
P55209,Q96CS3,0
P55209,Q96F45,0
P55209,Q96RK4,0
P55209,Q9NRG9,0
P55209,Q9NUP9,0
P55209,Q9UH99,0
P55209,Q9Y3Y2,0
P55258,P60604,0
P55258,P63173,0
P55258,P78318,0
P55258,Q3V3N7,0
P55258,Q3ZCM7,0
P55258,Q4VC05,0
P55258,Q5W0B1,0
P55258,Q6ZW61,0
P55258,Q96HA1,0
P55258,Q9D289,0
P55258,Q9H583,0
P55258,Q9NY65,0
P55258,Q9P2R6,0
P55258,Q9UBB4,0
P55258,Q9UBF2,0
P55258,Q9ULX6,0
P55258,Q9Y383,0
P55786,P61962,0
P55786,P62195,0
P55786,P62258,0
P55786,Q14449,0
P55786,Q53GQ0,0
P55786,Q63503,0
P55786,Q8NFJ9,0
P55786,Q96BY9,0
P55786,Q9H5Q4,0
P55786,Q9NYA4,0
P56524,P62491,0
P56524,P63044,0
P56524,P82912,0
P56524,Q04206,0
P56524,Q2KHR2,0
P56524,Q4VC05,0
P56524,Q7Z3C6,0
P56524,Q7Z3U7,0
P56524,Q811G0,0
P56524,Q8IWZ6,0
P56524,Q8N9M5,0
P56524,Q8NFQ8,0
P56524,Q8TEM1,0
P56524,Q92615,0
P56524,Q96HA1,0
P56524,Q99615,0
P56524,Q9JHQ5,0
P56524,Q9NTJ5,0
P56524,Q9NZ01,0
P56524,Q9UI12,0
P56524,Q9Y4R8,0
P56537,Q07065,0
P56537,Q09161,0
P56537,Q13418,0
P56537,Q2TAC2,0
P56537,Q5BKZ1,0
P56537,Q5JWF2,0
P56537,Q71RC2,0
P56537,Q7RTV0,0
P56537,Q80U30,0
P56537,Q8N5F7,0
P56537,Q8NF37,0
P56537,Q92782,0
P56537,Q99707,0
P56537,Q99733,0
P56537,Q9BRK5,0
P56537,Q9UJS0,0
P56537,Q9Y2J4,0
P56589,P60604,0
P56589,Q15006,0
P56589,Q52LR7,0
P56589,Q811G0,0
P56589,Q86SZ2,0
P56589,Q8VD72,0
P56589,Q96BY9,0
P56589,Q9BYW2,0
P56589,Q9NTG7,0
P56726,P62191,0
P56726,Q13573,0
P56726,Q5XKP0,0
P56726,Q6IEG0,0
P56726,Q6NXE6,0
P56726,Q8TAM1,0
P56726,Q923E4,0
P56726,Q92947,0
P56726,Q9D289,0
P56726,Q9HD45,0
P56726,Q9HDC9,0
P56726,Q9NV56,0
P56726,Q9UBK2,0
P56726,Q9UDY4,0
P56962,P68431,0
P56962,Q13573,0
P56962,Q16891,0
P56962,Q5NCF2,0
P56962,Q5QPK2,0
P56962,Q5SRD1,0
P56962,Q7Z3C6,0
P56962,Q8C1Z7,0
P56962,Q8K2G4,0
P56962,Q8N5P1,0
P56962,Q8WTW3,0
P56962,Q96EB6,0
P56962,Q9BXW9,0
P56962,Q9CQP2,0
P56962,Q9NPJ1,0
P56962,Q9P2R6,0
P56962,Q9UNM6,0
P57088,P62136,0
P57088,P62492,0
P57088,P78371,0
P57088,Q00325,0
P57088,Q13409,0
P57088,Q7Z3C6,0
P57088,Q8N1N4,0
P57088,Q8N9E0,0
P57088,Q96CS3,0
P57088,Q9UI12,0
P57088,Q9UL33,0
P57088,Q9UPQ9,0
P57088,Q9Y2G8,0
P57088,Q9Y2J4,0
P57088,Q9Y3C7,0
P57088,Q9Y4W6,0
P57740,P63045,0
P57740,Q15434,0
P57740,Q53R41,0
P57740,Q92900,0
P57740,Q9GZN1,0
P57740,Q9NQ29,0
P57740,Q9P2R6,0
P60228,P62258,0
P60228,P68366,0
P60228,P68400,0
P60228,Q09161,0
P60228,Q9CWF6,0
P60228,Q9H5Q4,0
P60228,Q9H9E1,0
P60228,Q9NPF5,0
P60604,P68371,0
P60604,Q13885,0
P60604,Q14694,0
P60604,Q86Y56,0
P60604,Q8N1F7,0
P60604,Q96L91,0
P60604,Q96Q05,0
P60604,Q99733,0
P60604,Q9CQA1,0
P60604,Q9NPF5,0
P60709,P62805,0
P60709,P62873,0
P60709,Q14746,0
P60709,Q2TAC2,0
P60709,Q38DU9,0
P60709,Q3UPR7,0
P60709,Q5LJA5,0
P60709,Q5M775,0
P60709,Q7Z3Y7,0
P60709,Q8BH75,0
P60709,Q8ND56,0
P60709,Q92545,0
P60709,Q99KR7,0
P60709,Q9H9S3,0
P60709,Q9NV56,0
P60709,Q9NZ01,0
P60709,Q9Y285,0
P61006,P68366,0
P61006,Q3SYG4,0
P61006,Q6P4A7,0
P61006,Q8N3R9,0
P61006,Q8NFD5,0
P61006,Q8TC07,0
P61006,Q8WTW3,0
P61006,Q99615,0
P61006,Q9BSD7,0
P61006,Q9Y3D0,0
P61026,P63098,0
P61026,P63173,0
P61026,Q08850,0
P61026,Q3ZCM7,0
P61026,Q5NCF2,0
P61026,Q66H80,0
P61026,Q86Y07,0
P61026,Q8BH75,0
P61026,Q96Q05,0
P61026,Q99942,0
P61026,Q9BSR8,0
P61026,Q9H2F5,0
P61026,Q9H5Q4,0
P61026,Q9UBK2,0
P61026,Q9Y277,0
P61026,Q9Y4Y9,0
P61163,P68400,0
P61163,Q15392,0
P61163,Q15434,0
P61163,Q6PJG2,0
P61163,Q7Z6Z7,0
P61163,Q8N5F7,0
P61163,Q96BR5,0
P61163,Q99570,0
P61163,Q9NTG7,0
P61163,Q9NZ01,0
P61163,Q9Y2J4,0
P61163,Q9Y383,0
P61962,P68400,0
P61962,Q00535,0
P61962,Q09472,0
P61962,Q13573,0
P61962,Q16531,0
P61962,Q69YQ0,0
P61962,Q71RC2,0
P61962,Q8C1Z7,0
P61962,Q8NBM4,0
P61962,Q8TC07,0
P61962,Q96HA1,0
P61962,Q99570,0
P61962,Q9BSD7,0
P61962,Q9BVA1,0
P61962,Q9HAF1,0
P61962,Q9HCU5,0
P61962,Q9UBV2,0
P61981,P62873,0
P61981,Q00059,0
P61981,Q04917,0
P61981,Q13283,0
P61981,Q16531,0
P61981,Q58EX7,0
P61981,Q5VWC4,0
P61981,Q7Z3Y7,0
P61981,Q96FV9,0
P61981,Q9NQ48,0
P61981,Q9NQH7,0
P61981,Q9NVI1,0
P62136,P62140,0
P62136,Q5W0B1,0
P62136,Q8BH75,0
P62136,Q8N3R9,0
P62136,Q8NBM4,0
P62136,Q9BUF5,0
P62136,Q9BYF1,0
P62136,Q9NUP9,0
P62136,Q9Y277,0
P62136,U3KQK0,0
P62140,P62333,0
P62140,P82912,0
P62140,Q09161,0
P62140,Q8N3I7,0
P62140,Q96EB6,0
P62140,Q96JJ7,0
P62140,Q96T76,0
P62140,Q9BTY2,0
P62140,Q9BXC9,0
P62140,Q9NY65,0
P62140,Q9UKV0,0
P62140,Q9UN86,0
P62191,P68371,0
P62191,Q07065,0
P62191,Q13283,0
P62191,Q14643,0
P62191,Q53EU6,0
P62191,Q5SRE5,0
P62191,Q68CQ7,0
P62191,Q6PJG2,0
P62191,Q811G0,0
P62191,Q8C1Z7,0
P62191,Q92947,0
P62191,Q9BXW9,0
P62191,Q9Y2J4,0
P62195,Q13283,0
P62195,Q13627,0
P62195,Q13823,0
P62195,Q15942,0
P62195,Q53G59,0
P62195,Q6DN90,0
P62195,Q8NFD5,0
P62195,Q8TEX9,0
P62195,Q96CS3,0
P62195,Q99942,0
P62195,Q9H583,0
P62195,Q9HCU5,0
P62195,Q9NUP9,0
P62195,Q9NYA4,0
P62195,Q9Y296,0
P62195,Q9Y5B9,0
P62258,Q3V3N7,0
P62258,Q5QPK2,0
P62258,Q71DI3,0
P62258,Q8NFQ8,0
P62258,Q8WUH6,0
P62258,Q8WVM8,0
P62258,Q96BR5,0
P62258,Q99460,0
P62258,Q9C005,0
P62258,Q9CWF6,0
P62258,Q9H147,0
P62258,Q9NZ01,0
P62258,Q9UHI6,0
P62258,Q9UNF1,0
P62333,Q02248,0
P62333,Q13724,0
P62333,Q4GYY5,0
P62333,Q60700,0
P62333,Q6PJG2,0
P62333,Q923E4,0
P62333,Q96L91,0
P62333,Q96Q05,0
P62333,Q9BXC9,0
P62491,P68400,0
P62491,Q13409,0
P62491,Q13724,0
P62491,Q14683,0
P62491,Q5VWC4,0
P62491,Q6DN90,0
P62491,Q6ZNB6,0
P62491,Q86UL3,0
P62491,Q8N3R9,0
P62491,Q8NBJ5,0
P62491,Q8NDV7,0
P62491,Q8TBF4,0
P62491,Q8TEM1,0
P62491,Q9BXC9,0
P62491,Q9NTG7,0
P62491,Q9NUP9,0
P62491,Q9Y4Y9,0
P62492,P62873,0
P62492,P82912,0
P62492,Q08850,0
P62492,Q14203,0
P62492,Q3V3N7,0
P62492,Q8TAM2,0
P62492,Q8WVM8,0
P62492,Q92615,0
P62492,Q96EB6,0
P62492,Q96F45,0
P62492,Q9BSJ2,0
P62492,Q9H307,0
P62492,Q9NYA4,0
P62492,Q9Y4R8,0
P62805,Q09161,0
P62805,Q09472,0
P62805,Q13573,0
P62805,Q3TLI0,0
P62805,Q5BKZ1,0
P62805,Q5JWF2,0
P62805,Q5XKP0,0
P62805,Q86Y56,0
P62805,Q99KR7,0
P62805,Q9H9S3,0
P62805,Q9Y296,0
P62820,P82912,0
P62820,Q14739,0
P62820,Q6DN90,0
P62820,Q86UL3,0
P62820,Q8NBM4,0
P62820,Q8NF37,0
P62820,Q9BRX2,0
P62820,Q9BVA1,0
P62820,Q9H773,0
P62820,Q9JHQ5,0
P62820,Q9NRR5,0
P62820,Q9UHI6,0
P62820,Q9Y5A9,0
P62873,P78527,0
P62873,P82912,0
P62873,Q02248,0
P62873,Q09161,0
P62873,Q14694,0
P62873,Q52LR7,0
P62873,Q68CQ7,0
P62873,Q8WUH6,0
P62873,Q92900,0
P62873,Q96QF0,0
P62873,Q9BUJ2,0
P62873,Q9NY65,0
P62873,Q9NYU2,0
P62873,Q9Y2G8,0
P62873,Q9Y679,0
P62987,P70452,0
P62987,Q53EU6,0
P62987,Q5QPK2,0
P62987,Q71DI3,0
P62987,Q7Z6Z7,0
P62987,Q811G0,0
P62987,Q8NDV7,0
P62987,Q9BYW2,0
P62987,Q9H773,0
P62987,Q9HAU5,0
P62987,Q9NQ48,0
P62987,Q9NUP9,0
P62987,Q9Y679,0
P63044,P68363,0
P63044,P68431,0
P63044,Q15154,0
P63044,Q16891,0
P63044,Q3ZCM7,0
P63044,Q60932,0
P63044,Q7Z6Z7,0
P63044,Q8N3I7,0
P63044,Q99653,0
P63044,Q9HCJ0,0
P63044,Q9UBM7,0
P63044,Q9UDW3,0
P63044,Q9UH99,0
P63044,Q9ULX6,0
P63045,P68431,0
P63045,Q08945,0
P63045,Q13627,0
P63045,Q5LJA5,0
P63045,Q5QPK2,0
P63045,Q5T160,0
P63045,Q5T3I0,0
P63045,Q86Y07,0
P63045,Q8NFQ8,0
P63045,Q8NI60,0
P63045,Q96BY9,0
P63045,Q96GD4,0
P63045,Q9H078,0
P63045,Q9H2F5,0
P63045,Q9P035,0
P63045,Q9UNP9,0
P63098,Q14669,0
P63098,Q15907,0
P63098,Q5M775,0
P63098,Q6YHU6,0
P63098,Q80U30,0
P63098,Q8TBF4,0
P63098,Q9BUF5,0
P63098,Q9JHQ5,0
P63098,Q9NV56,0
P63098,Q9UI12,0
P63104,Q04206,0
P63104,Q04917,0
P63104,Q13724,0
P63104,Q53G59,0
P63104,Q5JPE7,0
P63104,Q5JWF2,0
P63104,Q5M775,0
P63104,Q60700,0
P63104,Q7L5D6,0
P63104,Q9H7B2,0
P63104,Q9ULX6,0
P63104,Q9UN37,0
P63104,Q9Y383,0
P63167,Q8IUR0,0
P63167,Q8NFQ8,0
P63167,Q92616,0
P63167,Q9BSR8,0
P63173,Q14527,0
P63173,Q14683,0
P63173,Q66H80,0
P63173,Q6PJG2,0
P63173,Q8NBJ5,0
P63173,Q9P035,0
P63173,Q9Y3D0,0
P63173,Q9Y4W6,0
P63244,Q04917,0
P63244,Q13573,0
P63244,Q14697,0
P63244,Q5XKP0,0
P63244,Q71RC2,0
P63244,Q7L5D6,0
P63244,Q96CK0,0
P63244,Q96GF1,0
P63244,Q9CZQ9,0
P63244,Q9H5V9,0
P63244,Q9NQ48,0
P63244,Q9ULD9,0
P63244,U3KQK0,0
P67870,Q04206,0
P67870,Q13509,0
P67870,Q14204,0
P67870,Q14683,0
P67870,Q14739,0
P67870,Q38DU9,0
P67870,Q53EU6,0
P67870,Q8IYB5,0
P67870,Q8NFQ8,0
P67870,Q9D289,0
P68104,Q09472,0
P68104,Q13409,0
P68104,Q5SNT2,0
P68104,Q86UL3,0
P68104,Q8TCJ2,0
P68104,Q9H147,0
P68104,Q9ULX6,0
P68363,Q00577,0
P68363,Q3SYG4,0
P68363,Q8IWZ6,0
P68363,Q8ND56,0
P68363,Q96T76,0
P68363,Q9H9S3,0
P68363,Q9Y296,0
P68366,Q15942,0
P68366,Q5HYI8,0
P68366,Q5NCF2,0
P68366,Q5T3I0,0
P68366,Q7L5D6,0
P68366,Q8IXI1,0
P68366,Q8N1F7,0
P68366,Q8TCJ2,0
P68366,Q92621,0
P68366,Q92900,0
P68366,Q99570,0
P68366,Q9BPW8,0
P68366,Q9NTG7,0
P68366,Q9Y5B9,0
P68366,Q9Y5R8,0
P68371,P84090,0
P68371,Q86X95,0
P68371,Q8TEQ8,0
P68371,Q8TEX9,0
P68371,Q99805,0
P68371,Q99942,0
P68371,Q99KR7,0
P68371,Q9BSR8,0
P68371,Q9NSG2,0
P68371,Q9UPT5,0
P68400,P84090,0
P68400,Q14683,0
P68400,Q53EU6,0
P68400,Q5BKZ1,0
P68400,Q5JPE7,0
P68400,Q8N3I7,0
P68400,Q8N3R9,0
P68400,Q92665,0
P68400,Q92922,0
P68400,Q96GM8,0
P68400,Q99460,0
P68400,Q9HDC9,0
P68400,Q9NTJ5,0
P68400,Q9UET6,0
P68400,Q9UH99,0
P68400,Q9Y5R8,0
P68431,Q13724,0
P68431,Q3UPR7,0
P68431,Q6DN90,0
P68431,Q7Z3U7,0
P68431,Q8NI60,0
P68431,Q8TAM1,0
P68431,Q8TC07,0
P68431,Q92973,0
P68431,Q96D53,0
P68431,Q99615,0
P68431,Q9ES56,0
P68431,U3KQK0,0
P70452,Q5H9R7,0
P70452,Q5JPE7,0
P70452,Q5M775,0
P70452,Q8N3I7,0
P70452,Q96P70,0
P70452,Q9NPF5,0
P70452,Q9NRG9,0
P78318,P82912,0
P78318,Q13627,0
P78318,Q14974,0
P78318,Q3SYG4,0
P78318,Q811G0,0
P78318,Q86UL3,0
P78318,Q8BH75,0
P78318,Q99942,0
P78318,Q9NPJ1,0
P78371,Q96S52,0
P78371,Q99615,0
P78371,Q9NZ01,0
P78371,Q9Y3C1,0
P78371,Q9Y3C7,0
P78371,Q9Y4R8,0
P78527,Q13123,0
P78527,Q14204,0
P78527,Q5JWF2,0
P78527,Q5W0B1,0
P78527,Q86X95,0
P78527,Q8NFQ8,0
P78527,Q92804,0
P78527,Q9BTY2,0
P78527,Q9BUF5,0
P78527,Q9BW92,0
P78527,Q9HAF1,0
P78527,Q9P2R6,0
P78527,Q9UH99,0
P82912,Q14697,0
P82912,Q15907,0
P82912,Q53EU6,0
P82912,Q53G59,0
P82912,Q86X55,0
P82912,Q86X95,0
P82912,Q8TEM1,0
P82912,Q96HA1,0
P82912,Q99615,0
P82912,Q9BYF1,0
P82912,Q9UH99,0
P84090,Q00325,0
P84090,Q15006,0
P84090,Q3TLI0,0
P84090,Q5BKZ1,0
P84090,Q5M775,0
P84090,Q8BH75,0
P84090,Q8N1N4,0
P84090,Q8NFJ9,0
P84090,Q8TBF4,0
P84090,Q96PM9,0
P84090,Q9BXF3,0
P84090,Q9H0U4,0
P84090,Q9H936,0
P84090,Q9NUP9,0
P84090,Q9NZ01,0
P84090,Q9ULD9,0
P84090,Q9Y5B9,0
P84243,Q14257,0
P84243,Q14739,0
P84243,Q80U30,0
P84243,Q8K2G4,0
P84243,Q92643,0
P84243,Q9BUJ2,0
P84243,Q9H5Q4,0
P84243,Q9HAV4,0
P84243,Q9UQL6,0
Q00059,Q02248,0
Q00059,Q13123,0
Q00059,Q15014,0
Q00059,Q15773,0
Q00059,Q16891,0
Q00059,Q5LJA5,0
Q00059,Q8N9M5,0
Q00059,Q8NDV7,0
Q00059,Q8TBF4,0
Q00059,Q92538,0
Q00059,Q99570,0
Q00059,Q9BRX2,0
Q00059,Q9H5Q4,0
Q00059,Q9NS69,0
Q00059,Q9ULX6,0
Q00325,Q12797,0
Q00325,Q13283,0
Q00325,Q13823,0
Q00325,Q38DU9,0
Q00325,Q5T160,0
Q00325,Q5XKP0,0
Q00325,Q6DN90,0
Q00325,Q8N3R9,0
Q00325,Q8N5F7,0
Q00325,Q8TEM1,0
Q00325,Q96GM8,0
Q00325,Q99460,0
Q00325,Q99615,0
Q00325,Q99653,0
Q00325,Q9BRK5,0
Q00325,Q9BXW9,0
Q00325,Q9CZQ9,0
Q00535,Q04206,0
Q00535,Q15773,0
Q00535,Q3TLI0,0
Q00535,Q5BKZ1,0
Q00535,Q66H80,0
Q00535,Q6NXE6,0
Q00535,Q86X55,0
Q00535,Q8TC07,0
Q00535,Q8WVX9,0
Q00535,Q92621,0
Q00535,Q9JME7,0
Q00535,Q9Y2G8,0
Q00535,Q9Y4Y9,0
Q00535,Q9Y679,0
Q00577,Q13217,0
Q00577,Q13627,0
Q00577,Q14568,0
Q00577,Q14669,0
Q00577,Q86SZ2,0
Q00577,Q8NDQ6,0
Q00577,Q8NI60,0
Q00577,Q92616,0
Q00577,Q96CS3,0
Q00577,Q96GF1,0
Q00577,Q9BXW9,0
Q00577,Q9Y2G8,0
Q00577,Q9Y3C1,0
Q00577,Q9Y5R8,0
Q00577,Q9Y679,0
Q02248,Q09472,0
Q02248,Q13627,0
Q02248,Q15006,0
Q02248,Q60700,0
Q02248,Q7Z3Y7,0
Q02248,Q86UL3,0
Q02248,Q8N5P1,0
Q02248,Q8TEM1,0
Q02248,Q96Q05,0
Q02248,Q96QF0,0
Q02248,Q99942,0
Q02248,Q9H773,0
Q02248,Q9NPF5,0
Q02978,Q04637,0
Q02978,Q16531,0
Q02978,Q5QPK2,0
Q02978,Q66H80,0
Q02978,Q68CQ7,0
Q02978,Q86VP6,0
Q02978,Q86Y07,0
Q02978,Q8N3R9,0
Q02978,Q8N9M5,0
Q02978,Q8TEM1,0
Q02978,Q92538,0
Q02978,Q96PM9,0
Q02978,Q96RK4,0
Q02978,Q9HAF1,0
Q02978,Q9NQ29,0
Q02978,Q9UET6,0
Q02978,Q9Y448,0
Q02978,Q9Y5V3,0
Q04206,Q15907,0
Q04206,Q7Z3C6,0
Q04206,Q8NI60,0
Q04206,Q92545,0
Q04206,Q92947,0
Q04206,Q9BYW2,0
Q04206,Q9H5V9,0
Q04206,Q9NY65,0
Q04206,Q9WVH4,0
Q04206,Q9Y2G8,0
Q04206,Q9Y4W6,0
Q04637,Q14203,0
Q04637,Q14739,0
Q04637,Q66H80,0
Q04637,Q6PJG6,0
Q04637,Q7Z3C6,0
Q04637,Q7Z3U7,0
Q04637,Q8N1F7,0
Q04637,Q8NDV7,0
Q04637,Q8WTW3,0
Q04637,Q8WUM0,0
Q04637,Q96JJ7,0
Q04637,Q96S52,0
Q04637,Q9Y383,0
Q04917,Q7RTV0,0
Q04917,Q8TBF4,0
Q04917,Q92665,0
Q04917,Q99942,0
Q04917,Q9H0E9,0
Q04917,Q9NPJ1,0
Q04917,Q9Y3D0,0
Q07065,Q14449,0
Q07065,Q60770,0
Q07065,Q92804,0
Q07065,Q92900,0
Q07065,Q92947,0
Q07065,Q96FV9,0
Q07065,Q9BYF1,0
Q07065,Q9H5Q4,0
Q07065,Q9NPJ1,0
Q07065,Q9NTG7,0
Q07065,Q9UET6,0
Q08209,Q6YHU6,0
Q08209,Q7RTV0,0
Q08209,Q8BH75,0
Q08209,Q8N9E0,0
Q08209,Q8NI60,0
Q08209,Q9BUF5,0
Q08209,Q9UBS4,0
Q08209,Q9ULD9,0
Q08850,Q08945,0
Q08850,Q09472,0
Q08850,Q12797,0
Q08850,Q14568,0
Q08850,Q8NDQ6,0
Q08945,Q13823,0
Q08945,Q66K89,0
Q08945,Q8TAT6,0
Q08945,Q96A33,0
Q08945,Q96GD4,0
Q08945,Q9BW92,0
Q09137,Q09472,0
Q09137,Q12797,0
Q09137,Q53GQ0,0
Q09137,Q7Z3C6,0
Q09137,Q96QF0,0
Q09137,Q9NY65,0
Q09137,Q9UHI6,0
Q09161,Q13724,0
Q09161,Q3TLI0,0
Q09161,Q8IYB5,0
Q09161,Q8TAM2,0
Q09161,Q96CS3,0
Q09161,Q9JME7,0
Q09161,Q9NRR5,0
Q09161,Q9Y5B9,0
Q09472,Q14669,0
Q09472,Q8TCJ2,0
Q09472,Q9CQA1,0
Q09472,Q9P035,0
Q09472,Q9UBK2,0
Q09472,Q9UNP9,0
Q09472,R4GMR5,0
Q12797,Q13409,0
Q12797,Q14669,0
Q12797,Q7Z3C6,0
Q12797,Q8TEM1,0
Q12797,Q9H1K4,0
Q12797,Q9H307,0
Q12797,Q9UBV2,0
Q12840,Q3SYG4,0
Q12840,Q3U0M1,0
Q12840,Q6NXE6,0
Q12840,Q8NBM4,0
Q12840,Q92922,0
Q12840,Q96D53,0
Q12840,Q9H0F7,0
Q12840,Q9NP92,0
Q12840,Q9NRG9,0
Q12840,Q9P0I2,0
Q12840,Q9UL15,0
Q13123,Q14739,0
Q13123,Q3UPR7,0
Q13123,Q7Z3U7,0
Q13123,Q8IWZ6,0
Q13123,Q8N5P1,0
Q13123,Q8N9M5,0
Q13123,Q99733,0
Q13123,Q9HAV4,0
Q13123,Q9NQH7,0
Q13123,Q9NTJ3,0
Q13200,Q13418,0
Q13200,Q80U30,0
Q13200,Q8NBJ5,0
Q13200,Q8TC07,0
Q13200,Q96RK4,0
Q13200,Q96S52,0
Q13200,Q9BSJ2,0
Q13200,Q9CZQ9,0
Q13200,Q9H7B2,0
Q13200,Q9HD45,0
Q13200,Q9Y285,0
Q13200,Q9Y2G8,0
Q13217,Q15008,0
Q13217,Q16531,0
Q13217,Q5HYI8,0
Q13217,Q7Z3C6,0
Q13217,Q92804,0
Q13217,Q96GF1,0
Q13217,Q99615,0
Q13217,Q9CQA1,0
Q13217,Q9UBM7,0
Q13217,Q9UNF1,0
Q13283,Q14697,0
Q13283,Q15293,0
Q13283,Q63503,0
Q13283,Q6PJG2,0
Q13283,Q8IXI1,0
Q13283,Q8N0V3,0
Q13283,Q8NDV7,0
Q13283,Q96F45,0
Q13283,Q96PM9,0
Q13283,Q9BXW9,0
Q13283,Q9H0E9,0
Q13283,Q9H5V9,0
Q13283,Q9Y679,0
Q13409,Q5BKY9,0
Q13409,Q5W0B1,0
Q13409,Q6IEG0,0
Q13409,Q86X55,0
Q13409,Q9NRG9,0
Q13409,Q9NTG7,0
Q13418,Q8C1Z7,0
Q13418,Q8TEM1,0
Q13418,Q923E4,0
Q13418,Q96CS3,0
Q13418,Q96S52,0
Q13418,Q9BVA1,0
Q13418,Q9HAU5,0
Q13418,Q9NQH7,0
Q13418,Q9UBV2,0
Q13418,Q9UI12,0
Q13509,Q14694,0
Q13509,Q15154,0
Q13509,Q5VWC4,0
Q13509,Q8N9E0,0
Q13509,Q8VD72,0
Q13509,Q92643,0
Q13509,Q96RK4,0
Q13509,Q99805,0
Q13509,Q9UPT5,0
Q13573,Q15006,0
Q13573,Q5T160,0
Q13573,Q8NDQ6,0
Q13573,Q93084,0
Q13573,Q9H936,0
Q13573,Q9HD20,0
Q13573,Q9UBU8,0
Q13573,Q9UNF1,0
Q13573,U3KQK0,0
Q13627,Q16891,0
Q13627,Q57UH8,0
Q13627,Q5QPK2,0
Q13627,Q69YQ0,0
Q13627,Q8NDQ6,0
Q13627,Q96CS3,0
Q13627,Q96S52,0
Q13627,Q99KR7,0
Q13627,Q9BRT8,0
Q13627,Q9BYW2,0
Q13627,Q9H5Q4,0
Q13627,Q9HAV4,0
Q13627,Q9HD20,0
Q13627,Q9UBB4,0
Q13627,Q9UJS0,0
Q13627,Q9Y2J4,0
Q13724,Q14697,0
Q13724,Q15434,0
Q13724,Q16531,0
Q13724,Q4GYY5,0
Q13724,Q60770,0
Q13724,Q8IYB5,0
Q13724,Q8N1F7,0
Q13724,Q8NDV7,0
Q13724,Q969V3,0
Q13724,Q9BUF5,0
Q13724,Q9CWF6,0
Q13724,Q9H9E1,0
Q13724,Q9NS69,0
Q13724,Q9P0I2,0
Q13724,Q9UQL6,0
Q13724,Q9Y3D0,0
Q13724,Q9Y5V3,0
Q13823,Q15773,0
Q13823,Q53GQ0,0
Q13823,Q7Z3Y7,0
Q13823,Q8N5F7,0
Q13823,Q96GF1,0
Q13823,Q9Y277,0
Q13885,Q14204,0
Q13885,Q14974,0
Q13885,Q15154,0
Q13885,Q5BKZ1,0
Q13885,Q63503,0
Q13885,Q69YQ0,0
Q13885,Q6YHU6,0
Q13885,Q86VP6,0
Q13885,Q8N0V3,0
Q13885,Q96BR5,0
Q13885,Q9BUJ2,0
Q13885,Q9BVA1,0
Q13885,Q9H147,0
Q13885,Q9HAU5,0
Q13885,Q9HAV4,0
Q13885,Q9UN37,0
Q13885,Q9UNP9,0
Q13885,Q9Y4W6,0
Q14203,Q3ZCM7,0
Q14203,Q8WUH6,0
Q14203,Q96EB6,0
Q14203,Q96P70,0
Q14203,Q99653,0
Q14203,Q9BW92,0
Q14203,Q9GZN1,0
Q14203,Q9NRG9,0
Q14203,Q9ULD9,0
Q14203,Q9Y296,0
Q14203,Q9Y448,0
Q14204,Q14643,0
Q14204,Q3V3N7,0
Q14204,Q3ZCQ8,0
Q14204,Q60770,0
Q14204,Q8BH75,0
Q14204,Q8C1Z7,0
Q14204,Q8IYB5,0
Q14204,Q8NBJ5,0
Q14204,Q92804,0
Q14204,Q9CZQ9,0
Q14204,Q9HAU5,0
Q14204,Q9JHQ5,0
Q14204,Q9UKV0,0
Q14204,Q9UPT5,0
Q14204,Q9Y3D0,0
Q14257,Q5SNT2,0
Q14257,Q6DN90,0
Q14257,Q6PI48,0
Q14257,Q71DI3,0
Q14257,Q811G0,0
Q14257,Q8K2G4,0
Q14257,Q8NDQ6,0
Q14257,Q8NFJ9,0
Q14257,Q8TBF4,0
Q14257,Q9NZ01,0
Q14257,Q9R1E0,0
Q14444,Q38DU9,0
Q14444,Q5BKZ1,0
Q14444,Q60932,0
Q14444,Q8N0V3,0
Q14444,Q8N1N4,0
Q14444,Q8N3I7,0
Q14444,Q8NFQ8,0
Q14444,Q969V3,0
Q14444,Q96HA1,0
Q14444,Q96T76,0
Q14444,Q9NS69,0
Q14444,Q9NTG7,0
Q14444,Q9WV78,0
Q14449,Q8N1N4,0
Q14449,Q8NBM4,0
Q14449,Q8TC07,0
Q14449,Q8TCJ2,0
Q14449,Q8WUH6,0
Q14449,Q8WVX9,0
Q14449,Q92782,0
Q14449,Q99615,0
Q14449,Q9BRT8,0
Q14449,Q9BXW9,0
Q14449,Q9UBB4,0
Q14449,Q9UBF2,0
Q14449,Q9UBX3,0
Q14449,Q9UN81,0
Q14449,Q9UPQ9,0
Q14527,Q15006,0
Q14527,Q15773,0
Q14527,Q53EU6,0
Q14527,Q86VP6,0
Q14527,Q86X95,0
Q14527,Q96BR5,0
Q14527,Q9BTY2,0
Q14527,Q9BUF5,0
Q14527,Q9BYW2,0
Q14527,Q9CQP2,0
Q14527,Q9HDC9,0
Q14527,Q9NWB6,0
Q14527,Q9NYU2,0
Q14527,Q9UET6,0
Q14527,Q9ULD9,0
Q14568,Q3SYG4,0
Q14568,Q3V3N7,0
Q14568,Q5BKY9,0
Q14568,Q5HYI8,0
Q14568,Q5SRD1,0
Q14568,Q5W0B1,0
Q14568,Q7Z3U7,0
Q14568,Q8NDQ6,0
Q14568,Q8NDV7,0
Q14568,Q8TC07,0
Q14568,Q92616,0
Q14568,Q96PM9,0
Q14568,Q99942,0
Q14568,Q9H1K4,0
Q14568,Q9NUP9,0
Q14568,Q9P0I2,0
Q14568,Q9UH99,0
Q14568,Q9UI12,0
Q14643,Q8NFQ8,0
Q14643,Q8TEQ8,0
Q14643,Q9BRT8,0
Q14643,Q9BXC9,0
Q14643,Q9UBU8,0
Q14643,Q9UNP9,0
Q14643,Q9UPQ9,0
Q14643,Q9Y4Y9,0
Q14669,Q8N1N4,0
Q14669,Q8N3I7,0
Q14669,Q8N9E0,0
Q14669,Q8TC07,0
Q14669,Q8TEM1,0
Q14669,Q99653,0
Q14669,Q9H1K4,0
Q14669,Q9H773,0
Q14669,Q9H7B2,0
Q14669,Q9H9E1,0
Q14669,Q9HAF1,0
Q14669,Q9HAV4,0
Q14669,Q9NS69,0
Q14669,Q9UBV2,0
Q14683,Q52LR7,0
Q14683,Q5SRE5,0
Q14683,Q71DI3,0
Q14683,Q8TA86,0
Q14683,Q9HD20,0
Q14694,Q16637,0
Q14694,Q38DU9,0
Q14694,Q5C9Z4,0
Q14694,Q5JPE7,0
Q14694,Q6NXE6,0
Q14694,Q8N1F7,0
Q14694,Q8ND56,0
Q14694,Q8TEM1,0
Q14694,Q92643,0
Q14694,Q9UBS4,0
Q14694,Q9Y4Y9,0
Q14697,Q15014,0
Q14697,Q15154,0
Q14697,Q16531,0
Q14697,Q71DI3,0
Q14697,Q8NDQ6,0
Q14697,Q8WUH6,0
Q14697,Q99707,0
Q14697,Q9BVA1,0
Q14697,Q9JME7,0
Q14697,Q9NRR5,0
Q14739,Q15907,0
Q14739,Q53R41,0
Q14739,Q5JWF2,0
Q14739,Q86UL3,0
Q14739,Q8N1F7,0
Q14739,Q9CQA1,0
Q14739,Q9H0F7,0
Q14746,Q6PJG6,0
Q14746,Q7Z3Y7,0
Q14746,Q8BH75,0
Q14746,Q8TA86,0
Q14746,Q8WVM8,0
Q14746,Q9BUJ2,0
Q14746,Q9H0F7,0
Q14746,Q9H5Q4,0
Q14746,Q9NTJ3,0
Q14746,Q9NTJ5,0
Q14746,Q9NY65,0
Q14746,Q9UDY4,0
Q14974,Q16531,0
Q14974,Q53R41,0
Q14974,Q8N0V3,0
Q14974,Q99805,0
Q14974,Q9BXC9,0
Q14974,Q9Y383,0
Q14974,R4GMR5,0
Q15006,Q15434,0
Q15006,Q60700,0
Q15006,Q71DI3,0
Q15006,Q86Y07,0
Q15006,Q8NBM4,0
Q15006,Q8NF37,0
Q15006,Q96Q05,0
Q15006,Q9JME7,0
Q15006,Q9UDW3,0
Q15006,Q9UN37,0
Q15008,Q15907,0
Q15008,Q6ZNB6,0
Q15008,Q8NFQ8,0
Q15008,Q96FV9,0
Q15008,Q9CZQ9,0
Q15008,Q9JHQ5,0
Q15008,Q9UJV9,0
Q15008,Q9UN86,0
Q15008,Q9UQL6,0
Q15014,Q3V3N7,0
Q15014,Q4VC05,0
Q15014,Q86VP6,0
Q15014,Q86Y56,0
Q15014,Q923E4,0
Q15014,Q92615,0
Q15014,Q93084,0
Q15014,Q9R1E0,0
Q15014,Q9UBX3,0
Q15154,Q16891,0
Q15154,Q8C1Z7,0
Q15154,Q8N3R9,0
Q15154,Q8NDV7,0
Q15154,Q92545,0
Q15154,Q92922,0
Q15154,Q9BTY2,0
Q15154,Q9BW92,0
Q15154,Q9CWF6,0
Q15154,Q9GZN1,0
Q15154,Q9NWB6,0
Q15154,Q9Y448,0
Q15293,Q15434,0
Q15293,Q5VWC4,0
Q15293,Q5XKP0,0
Q15293,Q6IEG0,0
Q15293,Q8BH75,0
Q15293,Q8N1N4,0
Q15293,Q8TBF4,0
Q15293,Q8TCJ2,0
Q15293,Q92900,0
Q15293,Q9BXF3,0
Q15293,Q9BYW2,0
Q15293,Q9NP92,0
Q15293,Q9UBX3,0
Q15293,Q9Y277,0
Q15293,Q9Y5B9,0
Q15293,R4GMR5,0
Q15392,Q5SRD1,0
Q15392,Q9H9E1,0
Q15392,Q9HAF1,0
Q15434,Q16531,0
Q15434,Q6P4A7,0
Q15434,Q6PJG6,0
Q15434,Q8WVX9,0
Q15434,Q96S52,0
Q15434,Q9NQ48,0
Q15434,Q9WVH4,0
Q15773,Q5W0B1,0
Q15773,Q5XKP0,0
Q15773,Q71DI3,0
Q15773,Q7Z6Z7,0
Q15773,Q8ND56,0
Q15773,Q8TC07,0
Q15773,Q9BXW9,0
Q15773,Q9H0E9,0
Q15773,Q9UQL6,0
Q15907,Q53R41,0
Q15907,Q5T3I0,0
Q15907,Q8NDQ6,0
Q15907,Q93084,0
Q15907,Q99942,0
Q15907,Q9BRK5,0
Q15907,Q9BSR8,0
Q15942,Q6UW78,0
Q15942,Q7Z3U7,0
Q15942,Q96FV9,0
Q15942,Q9H078,0
Q15942,Q9H0E9,0
Q15942,Q9H9E1,0
Q15942,Q9Y5V3,0
Q16531,Q6P4A7,0
Q16531,Q8NFQ8,0
Q16531,Q8WUM0,0
Q16531,Q99615,0
Q16531,Q9ULX6,0
Q16531,Q9Y296,0
Q16637,Q5M775,0
Q16637,Q5T3I0,0
Q16637,Q86X95,0
Q16637,Q92643,0
Q16637,Q96CK0,0
Q16637,Q9UBV2,0
Q16637,Q9Y285,0
Q16637,Q9Y4L1,0
Q16891,Q52LR7,0
Q16891,Q5VWC4,0
Q16891,Q86Y07,0
Q16891,Q92900,0
Q16891,Q96D53,0
Q16891,Q99707,0
Q16891,Q9NVI1,0
Q16891,Q9UBK2,0
Q16891,Q9UBM7,0
Q16891,Q9Y5A9,0
Q16891,Q9Y5B9,0
Q2KHR2,Q811G0,0
Q2KHR2,Q96F45,0
Q2KHR2,Q99615,0
Q2KHR2,Q99707,0
Q2KHR2,Q9BPW8,0
Q2KHR2,Q9NUD5,0
Q2TAC2,Q53R41,0
Q2TAC2,Q6YHU6,0
Q2TAC2,Q7Z3C6,0
Q2TAC2,Q8N0V3,0
Q2TAC2,Q8N1F7,0
Q2TAC2,Q8NFJ9,0
Q2TAC2,Q92804,0
Q2TAC2,Q9BUF5,0
Q2TAC2,Q9H0E9,0
Q2TAC2,Q9H5Q4,0
Q2TAC2,R4GMR5,0
Q38DU9,Q4VC05,0
Q38DU9,Q8NDQ6,0
Q38DU9,Q9NY65,0
Q38DU9,Q9UBU8,0
Q3SYG4,Q71RC2,0
Q3SYG4,Q86UL3,0
Q3SYG4,Q96S52,0
Q3SYG4,Q9GZN1,0
Q3SYG4,Q9H773,0
Q3SYG4,Q9Y5R8,0
Q3TLI0,Q5XKP0,0
Q3TLI0,Q6ZW61,0
Q3TLI0,Q8IYB5,0
Q3TLI0,Q8TAM1,0
Q3TLI0,Q8TAM2,0
Q3TLI0,Q96PM9,0
Q3TLI0,Q99805,0
Q3TLI0,Q9JME7,0
Q3TLI0,Q9UBU8,0
Q3TLI0,Q9WV78,0
Q3U0M1,Q58EX7,0
Q3U0M1,Q5QPK2,0
Q3U0M1,Q7L5D6,0
Q3U0M1,Q96BR5,0
Q3U0M1,Q96L91,0
Q3U0M1,Q9BRK5,0
Q3U0M1,Q9BUJ2,0
Q3U0M1,Q9HD20,0
Q3U0M1,Q9HD45,0
Q3UJU9,Q5T3I0,0
Q3UJU9,Q68CQ7,0
Q3UJU9,Q7RTV0,0
Q3UJU9,Q8NDQ6,0
Q3UJU9,Q8TBF4,0
Q3UJU9,Q8TEQ8,0
Q3UJU9,Q96HA1,0
Q3UJU9,Q96RK4,0
Q3UJU9,Q9BSD7,0
Q3UJU9,Q9GZN1,0
Q3UJU9,Q9WV78,0
Q3UPR7,Q60932,0
Q3UPR7,Q6PCB8,0
Q3UPR7,Q86SZ2,0
Q3UPR7,Q8C1Z7,0
Q3UPR7,Q99KR7,0
Q3UPR7,Q9H1K4,0
Q3UPR7,Q9HAF1,0
Q3UPR7,Q9NUP9,0
Q3UPR7,Q9ULD9,0
Q3V3N7,Q60700,0
Q3V3N7,Q92804,0
Q3V3N7,Q9ES56,0
Q3ZCM7,Q5VWC4,0
Q3ZCM7,Q80U30,0
Q3ZCM7,Q8IXI1,0
Q3ZCM7,Q8IYB5,0
Q3ZCM7,Q8K2G4,0
Q3ZCM7,Q92782,0
Q3ZCM7,Q92900,0
Q3ZCM7,Q96S52,0
Q3ZCM7,Q9BRK5,0
Q3ZCM7,Q9BXC9,0
Q3ZCM7,Q9H147,0
Q3ZCM7,Q9NPF5,0
Q3ZCQ8,Q5SRD1,0
Q3ZCQ8,Q8IWZ6,0
Q3ZCQ8,Q96PK6,0
Q3ZCQ8,Q9BSD7,0
Q3ZCQ8,Q9BSR8,0
Q3ZCQ8,Q9HAV4,0
Q3ZCQ8,Q9UH99,0
Q3ZCQ8,Q9Y3Y2,0
Q3ZCQ8,Q9Y4W6,0
Q3ZCQ8,Q9Y679,0
Q4GYY5,Q5SRD1,0
Q4GYY5,Q66H80,0
Q4GYY5,Q9GZN1,0
Q4GYY5,Q9H078,0
Q4VC05,Q71DI3,0
Q4VC05,Q7Z6Z7,0
Q4VC05,Q86UL3,0
Q4VC05,Q8TAM2,0
Q4VC05,Q96BY9,0
Q4VC05,Q96JJ7,0
Q4VC05,Q9BUJ2,0
Q4VC05,Q9CZQ9,0
Q4VC05,Q9H2F5,0
Q4VC05,Q9JME7,0
Q4VC05,Q9Y285,0
Q4VC05,R4GMR5,0
Q4VC05,U3KQK0,0
Q52LR7,Q6YHU6,0
Q52LR7,Q86X55,0
Q52LR7,Q8BH75,0
Q52LR7,Q8C1Z7,0
Q52LR7,Q92538,0
Q52LR7,Q96BR5,0
Q52LR7,Q9CZQ9,0
Q52LR7,Q9UN81,0
Q52LR7,Q9UN86,0
Q52LR7,Q9Y3C7,0
Q52LR7,Q9Y4Y9,0
Q52LR7,Q9Y5B9,0
Q53EU6,Q5SRE5,0
Q53EU6,Q66K89,0
Q53EU6,Q7Z3C6,0
Q53EU6,Q8ND56,0
Q53EU6,Q8TCJ2,0
Q53EU6,Q92922,0
Q53EU6,Q9CWF6,0
Q53EU6,Q9H9S3,0
Q53EU6,Q9UBV2,0
Q53G59,Q6YHU6,0
Q53G59,Q8NDQ6,0
Q53G59,Q8TAM2,0
Q53G59,Q92890,0
Q53G59,Q92900,0
Q53G59,Q9P0I2,0
Q53G59,Q9UBF2,0
Q53G59,Q9UJS0,0
Q53G59,Q9ULX6,0
Q53G59,Q9Y5A9,0
Q53GQ0,Q5HYI8,0
Q53GQ0,Q5QPK2,0
Q53GQ0,Q6IEG0,0
Q53GQ0,Q6UW78,0
Q53GQ0,Q96GF1,0
Q53GQ0,Q96HA1,0
Q53GQ0,Q9BPW8,0
Q53GQ0,Q9UPQ9,0
Q53GQ0,Q9Y5V3,0
Q53R41,Q60700,0
Q53R41,Q66K89,0
Q53R41,Q7Z6Z7,0
Q53R41,Q96GF1,0
Q53R41,Q9BRK5,0
Q53R41,Q9NV56,0
Q53R41,Q9NYA4,0
Q53R41,Q9UKV0,0
Q53R41,Q9UPQ9,0
Q53R41,Q9UQL6,0
Q53R41,Q9Y285,0
Q53R41,Q9Y296,0
Q53R41,Q9Y3D0,0
Q53R41,Q9Y4W6,0
Q53R41,Q9Y5A9,0
Q57UH8,Q7Z3C6,0
Q57UH8,Q8WUH6,0
Q57UH8,Q92545,0
Q57UH8,Q92900,0
Q57UH8,Q96GD4,0
Q57UH8,Q9BSD7,0
Q57UH8,Q9CQP2,0
Q57UH8,Q9JHQ5,0
Q57UH8,Q9NYU2,0
Q57UH8,Q9UBB4,0
Q57UH8,Q9UBX3,0
Q57UH8,Q9WV78,0
Q58EX7,Q66H80,0
Q58EX7,Q86Y56,0
Q58EX7,Q8NI60,0
Q58EX7,Q99805,0
Q58EX7,Q9BRT8,0
Q58EX7,Q9GZN1,0
Q5BKY9,Q5TEC6,0
Q5BKY9,Q6YHU6,0
Q5BKY9,Q8TAM1,0
Q5BKY9,Q8TC07,0
Q5BKY9,Q96T76,0
Q5BKY9,Q99942,0
Q5BKY9,Q9CZQ9,0
Q5BKY9,Q9H147,0
Q5BKY9,Q9H583,0
Q5BKY9,Q9HD45,0
Q5BKY9,Q9NSG2,0
Q5BKY9,Q9R1E0,0
Q5BKZ1,Q6ZNB6,0
Q5BKZ1,Q8NFQ8,0
Q5BKZ1,Q8TAM1,0
Q5BKZ1,Q9H0U4,0
Q5BKZ1,Q9NUD5,0
Q5BKZ1,Q9UBX3,0
Q5BKZ1,Q9Y4W6,0
Q5C9Z4,Q5T3I0,0
Q5C9Z4,Q5XKP0,0
Q5C9Z4,Q7Z3C6,0
Q5C9Z4,Q8IYB5,0
Q5C9Z4,Q96CK0,0
Q5C9Z4,Q9BYW2,0
Q5C9Z4,Q9HAU5,0
Q5C9Z4,Q9HD20,0
Q5C9Z4,Q9JHQ5,0
Q5C9Z4,Q9NY65,0
Q5C9Z4,Q9UN37,0
Q5H9R7,Q92616,0
Q5H9R7,Q92973,0
Q5H9R7,Q96S52,0
Q5H9R7,Q9NQ29,0
Q5H9R7,Q9UL15,0
Q5H9R7,Q9Y5R8,0
Q5HYI8,Q86UL3,0
Q5HYI8,Q8IUR0,0
Q5HYI8,Q969V3,0
Q5HYI8,Q96P70,0
Q5HYI8,Q96RK4,0
Q5HYI8,Q9BXW9,0
Q5HYI8,Q9NQH7,0
Q5HYI8,Q9UDY4,0
Q5HYI8,R4GMR5,0
Q5JPE7,Q6UW78,0
Q5JPE7,Q86SZ2,0
Q5JPE7,Q8BH75,0
Q5JPE7,Q92538,0
Q5JPE7,Q969V3,0
Q5JPE7,Q96CS3,0
Q5JPE7,Q9HAF1,0
Q5JPE7,Q9UI12,0
Q5JPE7,Q9Y383,0
Q5JWF2,Q5QPK2,0
Q5JWF2,Q86X55,0
Q5JWF2,Q8TAT6,0
Q5JWF2,Q8WVX9,0
Q5JWF2,Q96BY9,0
Q5JWF2,Q9H307,0
Q5JWF2,Q9H773,0
Q5JWF2,Q9NWB6,0
Q5JWF2,Q9UKV0,0
Q5JWF2,Q9ULX6,0
Q5LJA5,Q5TEC6,0
Q5LJA5,Q6NXE6,0
Q5LJA5,Q92545,0
Q5LJA5,Q99805,0
Q5LJA5,Q9NYA4,0
Q5LJA5,Q9UBV2,0
Q5LJA5,Q9UPT5,0
Q5M775,Q5VWC4,0
Q5M775,Q6P4A7,0
Q5M775,Q8TEQ8,0
Q5M775,Q96FV9,0
Q5M775,Q9NQ48,0
Q5NCF2,Q5XKP0,0
Q5NCF2,Q8N0V3,0
Q5NCF2,Q8N3R9,0
Q5NCF2,Q8TAM2,0
Q5NCF2,Q8TC07,0
Q5NCF2,Q96F45,0
Q5NCF2,Q96FV9,0
Q5NCF2,Q9BRT8,0
Q5NCF2,Q9H936,0
Q5NCF2,Q9NYU2,0
Q5NCF2,Q9UPT5,0
Q5QPK2,Q5VWC4,0
Q5QPK2,Q6PJG2,0
Q5QPK2,Q8IUR0,0
Q5QPK2,Q92538,0
Q5QPK2,Q92890,0
Q5QPK2,Q9BWJ5,0
Q5QPK2,Q9BYJ9,0
Q5QPK2,Q9HAU5,0
Q5QPK2,Q9NRR5,0
Q5QPK2,Q9UBM7,0
Q5SNT2,Q63503,0
Q5SNT2,Q6DN90,0
Q5SNT2,Q6PCB8,0
Q5SNT2,Q86VP6,0
Q5SNT2,Q8K2G4,0
Q5SNT2,Q96A33,0
Q5SNT2,Q9HAF1,0
Q5SNT2,Q9NYU2,0
Q5SNT2,Q9UPQ9,0
Q5SNT2,Q9Y4L1,0
Q5SNT2,R4GMR5,0
Q5SRD1,Q5W0B1,0
Q5SRD1,Q63503,0
Q5SRD1,Q8TAT6,0
Q5SRD1,Q96S52,0
Q5SRD1,Q9BTY2,0
Q5SRD1,Q9UBK2,0
Q5SRE5,Q6PJG2,0
Q5SRE5,Q6ZW61,0
Q5SRE5,Q86X95,0
Q5SRE5,Q8NFD5,0
Q5SRE5,Q92545,0
Q5SRE5,Q92615,0
Q5SRE5,Q96BY9,0
Q5SRE5,Q99KR7,0
Q5SRE5,Q9UBX3,0
Q5SRE5,Q9Y3D0,0
Q5SRE5,Q9Y5V3,0
Q5T160,Q6PJG2,0
Q5T160,Q80U30,0
Q5T160,Q8BH75,0
Q5T160,Q8IXI1,0
Q5T160,Q8VD72,0
Q5T160,Q92922,0
Q5T160,Q9BXF3,0
Q5T160,Q9H078,0
Q5T160,Q9H7B2,0
Q5T160,Q9UL15,0
Q5T160,Q9UN81,0
Q5T160,U3KQK0,0
Q5T3I0,Q5W0B1,0
Q5T3I0,Q6P4A7,0
Q5T3I0,Q96HA1,0
Q5T3I0,Q96S52,0
Q5T3I0,Q9NYA4,0
Q5T3I0,R4GMR5,0
Q5TEC6,Q60932,0
Q5TEC6,Q66K89,0
Q5TEC6,Q92665,0
Q5TEC6,Q96L91,0
Q5TEC6,Q96S52,0
Q5TEC6,Q9BWJ5,0
Q5TEC6,Q9CQP2,0
Q5TEC6,Q9NTJ5,0
Q5TEC6,Q9NWB6,0
Q5TEC6,Q9NYU2,0
Q5TEC6,Q9P0I2,0
Q5VWC4,Q63503,0
Q5VWC4,Q92804,0
Q5VWC4,Q96PM9,0
Q5VWC4,Q99653,0
Q5VWC4,Q9C005,0
Q5VWC4,Q9HAF1,0
Q5VWC4,Q9HDC9,0
Q5VWC4,Q9NUD5,0
Q5VWC4,Q9UBX3,0
Q5VWC4,Q9Y383,0
Q5VWC4,Q9Y4R8,0
Q5W0B1,Q8N0V3,0
Q5W0B1,Q8N1F7,0
Q5W0B1,Q92947,0
Q5W0B1,Q99653,0
Q5W0B1,Q9P0I2,0
Q5W0B1,Q9UET6,0
Q5XKP0,Q8WUH6,0
Q5XKP0,Q96PM9,0
Q5XKP0,Q9BW92,0
Q5XKP0,Q9HD45,0
Q5XKP0,Q9UDY4,0
Q60700,Q8NFQ8,0
Q60700,Q92973,0
Q60700,Q96HA1,0
Q60700,Q99KR7,0
Q60700,Q9BYW2,0
Q60700,Q9CQP2,0
Q60700,Q9NS69,0
Q60700,Q9NY65,0
Q60700,Q9UBM7,0
Q60700,Q9UBS4,0
Q60700,Q9Y3C7,0
Q60770,Q6DN90,0
Q60770,Q8NCK7,0
Q60770,Q9BSJ2,0
Q60770,Q9H2F5,0
Q60770,Q9HDC9,0
Q60770,Q9NV56,0
Q60770,Q9R1E0,0
Q60770,Q9UBU8,0
Q60770,Q9UDY4,0
Q60770,Q9UJS0,0
Q60932,Q63503,0
Q60932,Q71RC2,0
Q60932,Q8TEM1,0
Q60932,Q93084,0
Q60932,Q96Q05,0
Q60932,Q9UBB4,0
Q60932,Q9UL33,0
Q60932,Q9UNF1,0
Q60932,Q9Y285,0
Q63503,Q66K89,0
Q63503,Q7Z3C6,0
Q63503,Q811G0,0
Q63503,Q86X55,0
Q63503,Q8WVM8,0
Q63503,Q96D53,0
Q63503,Q96L91,0
Q63503,Q96S52,0
Q63503,Q9UNP9,0
Q63503,Q9Y5V3,0
Q66H80,Q8TEM1,0
Q66H80,Q8VD72,0
Q66H80,Q92545,0
Q66H80,Q92665,0
Q66H80,Q99460,0
Q66H80,Q9BUJ2,0
Q66H80,Q9BYW2,0
Q66H80,Q9CZQ9,0
Q66H80,Q9H5Q4,0
Q66H80,Q9UN86,0
Q66K89,Q8IUR0,0
Q66K89,Q8NDV7,0
Q66K89,Q8TEX9,0
Q66K89,Q8WUM0,0
Q66K89,Q92782,0
Q66K89,Q99570,0
Q66K89,Q9UL33,0
Q66K89,Q9Y383,0
Q68CQ7,Q7Z6Z7,0
Q68CQ7,Q8TAM1,0
Q68CQ7,Q8TEX9,0
Q68CQ7,Q92947,0
Q68CQ7,Q9BWJ5,0
Q68CQ7,Q9BXC9,0
Q68CQ7,Q9UBB4,0
Q68CQ7,Q9Y3D0,0
Q68CQ7,Q9Y3Y2,0
Q69YQ0,Q8TAT6,0
Q69YQ0,Q9HAU5,0
Q69YQ0,Q9UBS4,0
Q69YQ0,Q9ULX6,0
Q69YQ0,Q9Y2J4,0
Q69YQ0,Q9Y5A9,0
Q69YQ0,U3KQK0,0
Q6DN90,Q8IXI1,0
Q6DN90,Q8WUH6,0
Q6DN90,Q99733,0
Q6DN90,Q9UHI6,0
Q6DN90,Q9UPT5,0
Q6IEG0,Q80U30,0
Q6IEG0,Q811G0,0
Q6IEG0,Q8NFQ8,0
Q6IEG0,Q923E4,0
Q6IEG0,Q92782,0
Q6IEG0,Q92947,0
Q6IEG0,Q96EB6,0
Q6IEG0,Q96GF1,0
Q6IEG0,Q96QF0,0
Q6IEG0,Q9BSJ2,0
Q6IEG0,Q9BXF3,0
Q6IEG0,Q9D289,0
Q6IEG0,Q9HCU5,0
Q6IEG0,Q9UDW3,0
Q6IEG0,Q9Y4R8,0
Q6NXE6,Q7L5D6,0
Q6NXE6,Q8NI60,0
Q6NXE6,Q96PM9,0
Q6NXE6,Q9BXC9,0
Q6P4A7,Q96FV9,0
Q6P4A7,Q9UBM7,0
Q6P4A7,Q9UJV9,0
Q6PCB8,Q6PJG6,0
Q6PCB8,Q811G0,0
Q6PCB8,Q8IUR0,0
Q6PCB8,Q8N5P1,0
Q6PCB8,Q96L91,0
Q6PCB8,Q96S52,0
Q6PCB8,Q99707,0
Q6PCB8,Q9BVA1,0
Q6PCB8,Q9UI12,0
Q6PCB8,Q9UPT5,0
Q6PI48,Q7L5D6,0
Q6PI48,Q923E4,0
Q6PI48,Q96GD4,0
Q6PI48,Q9H0F7,0
Q6PI48,Q9UH99,0
Q6PI48,Q9UNP9,0
Q6PI48,Q9Y448,0
Q6PJG2,Q9JHQ5,0
Q6PJG2,Q9Y3Y2,0
Q6PJG6,Q8N3R9,0
Q6PJG6,Q8N5F7,0
Q6PJG6,Q92643,0
Q6PJG6,Q96GF1,0
Q6PJG6,Q9BRX2,0
Q6PJG6,Q9H773,0
Q6PJG6,Q9NQH7,0
Q6PJG6,Q9Y4Y9,0
Q6UW78,Q86Y07,0
Q6UW78,Q8WUM0,0
Q6UW78,Q92538,0
Q6UW78,Q9JHQ5,0
Q6UW78,Q9P2R6,0
Q6UW78,Q9Y3C7,0
Q6YHU6,Q8C1Z7,0
Q6YHU6,Q8NI60,0
Q6YHU6,Q8VD72,0
Q6YHU6,Q96F45,0
Q6YHU6,Q9H078,0
Q6YHU6,Q9NY65,0
Q6YHU6,Q9UPT5,0
Q6YHU6,Q9Y448,0
Q6ZNB6,Q8N0V3,0
Q6ZNB6,Q8TC07,0
Q6ZNB6,Q96F45,0
Q6ZNB6,Q96QF0,0
Q6ZNB6,Q9CZQ9,0
Q6ZNB6,Q9UBB4,0
Q6ZNB6,Q9Y3Y2,0
Q6ZNB6,Q9Y4H2,0
Q6ZNB6,Q9Y5V3,0
Q6ZW61,Q8N5F7,0
Q6ZW61,Q8N9E0,0
Q6ZW61,Q8NFJ9,0
Q6ZW61,Q96GF1,0
Q6ZW61,Q99615,0
Q6ZW61,Q99707,0
Q6ZW61,Q9HCJ0,0
Q6ZW61,Q9NQ29,0
Q6ZW61,Q9UBM7,0
Q6ZW61,Q9WV78,0
Q6ZW61,Q9Y4R8,0
Q71DI3,Q96A33,0
Q71DI3,Q9NP92,0
Q71DI3,Q9UBF2,0
Q71DI3,Q9Y285,0
Q71DI3,R4GMR5,0
Q71RC2,Q8NBM4,0
Q71RC2,Q9BRK5,0
Q71RC2,Q9JHQ5,0
Q71RC2,Q9NTJ5,0
Q71RC2,Q9Y383,0
Q71RC2,Q9Y4R8,0
Q7L5D6,Q86Y07,0
Q7L5D6,Q99805,0
Q7L5D6,Q9BSR8,0
Q7L5D6,Q9H5Q4,0
Q7L5D6,Q9UBM7,0
Q7L5D6,Q9UDY4,0
Q7L5D6,Q9Y448,0
Q7L5D6,Q9Y5A9,0
Q7RTV0,Q9H936,0
Q7RTV0,Q9NVI1,0
Q7RTV0,Q9UNF1,0
Q7RTV0,Q9Y5A9,0
Q7Z3C6,Q8IXI1,0
Q7Z3C6,Q92922,0
Q7Z3C6,Q96EB6,0
Q7Z3C6,Q99460,0
Q7Z3C6,Q9CWF6,0
Q7Z3C6,Q9UKV0,0
Q7Z3U7,Q8N9M5,0
Q7Z3U7,Q9BXW9,0
Q7Z3U7,Q9HD45,0
Q7Z3U7,Q9NPF5,0
Q7Z3U7,Q9NYA4,0
Q7Z3U7,Q9UBU8,0
Q7Z3U7,Q9UN37,0
Q7Z3Y7,Q8N5P1,0
Q7Z3Y7,Q96BR5,0
Q7Z3Y7,Q96CS3,0
Q7Z3Y7,Q96PK6,0
Q7Z3Y7,Q9H9S3,0
Q7Z3Y7,Q9UBV2,0
Q7Z3Y7,Q9UDW3,0
Q7Z3Y7,Q9UL15,0
Q7Z3Y7,Q9UNP9,0
Q7Z6Z7,Q8TCJ2,0
Q7Z6Z7,Q96GF1,0
Q7Z6Z7,Q96PK6,0
Q7Z6Z7,Q99707,0
Q7Z6Z7,Q9BTY2,0
Q7Z6Z7,Q9BVA1,0
Q7Z6Z7,Q9H0U4,0
Q7Z6Z7,Q9NTJ3,0
Q7Z6Z7,Q9UBM7,0
Q80U30,Q811G0,0
Q80U30,Q99KR7,0
Q80U30,Q9BW92,0
Q80U30,Q9NV56,0
Q80U30,Q9UNF1,0
Q811G0,Q86SZ2,0
Q811G0,Q8IYB5,0
Q811G0,Q8NFJ9,0
Q811G0,Q96GF1,0
Q811G0,Q9BSD7,0
Q811G0,Q9NUP9,0
Q811G0,Q9UH99,0
Q811G0,Q9WVH4,0
Q811G0,Q9Y285,0
Q811G0,Q9Y296,0
Q86SZ2,Q86Y56,0
Q86SZ2,Q8NCK7,0
Q86SZ2,Q9H773,0
Q86SZ2,Q9HD45,0
Q86SZ2,Q9NPJ1,0
Q86SZ2,Q9NTJ5,0
Q86SZ2,Q9NYU2,0
Q86SZ2,Q9ULX6,0
Q86SZ2,Q9UN86,0
Q86SZ2,Q9Y448,0
Q86SZ2,Q9Y4Y9,0
Q86UL3,Q8IWZ6,0
Q86UL3,Q96S52,0
Q86UL3,Q9UJS0,0
Q86VP6,Q8N0V3,0
Q86VP6,Q92538,0
Q86VP6,Q96A33,0
Q86VP6,Q9C005,0
Q86VP6,Q9UBX3,0
Q86VP6,Q9UI12,0
Q86X55,Q8N0V3,0
Q86X55,Q8N1N4,0
Q86X55,Q8NFJ9,0
Q86X55,Q96T76,0
Q86X55,Q99570,0
Q86X55,Q9HAV4,0
Q86X55,Q9NYU2,0
Q86X55,Q9UNP9,0
Q86X55,R4GMR5,0
Q86X95,Q8NDV7,0
Q86X95,Q8NI60,0
Q86X95,Q9BYJ9,0
Q86X95,Q9HAV4,0
Q86X95,Q9NQ29,0
Q86X95,Q9UBM7,0
Q86Y07,Q8IXI1,0
Q86Y07,Q8N0V3,0
Q86Y07,Q9GZN1,0
Q86Y07,Q9HCU5,0
Q86Y56,Q8TEQ8,0
Q86Y56,Q8TEX9,0
Q86Y56,Q96S52,0
Q86Y56,Q9BRX2,0
Q86Y56,Q9UBF2,0
Q8BH75,Q9CQA1,0
Q8BH75,Q9CQP2,0
Q8BH75,Q9CWF6,0
Q8BH75,Q9CZQ9,0
Q8BH75,Q9UBM7,0
Q8BH75,Q9UBX3,0
Q8BH75,Q9UJV9,0
Q8BH75,Q9UNM6,0
Q8BH75,Q9Y4L1,0
Q8C1Z7,Q8NCK7,0
Q8C1Z7,Q8TA86,0
Q8C1Z7,Q969V3,0
Q8C1Z7,Q9BXW9,0
Q8C1Z7,Q9H147,0
Q8C1Z7,Q9H5Q4,0
Q8C1Z7,Q9UNF1,0
Q8C1Z7,Q9Y3C1,0
Q8IUR0,Q8VD72,0
Q8IUR0,Q96A33,0
Q8IUR0,Q9H5Q4,0
Q8IUR0,Q9NPJ1,0
Q8IWZ6,Q8IXI1,0
Q8IWZ6,Q8TA86,0
Q8IWZ6,Q8TC07,0
Q8IWZ6,Q96A33,0
Q8IWZ6,Q96EB6,0
Q8IWZ6,Q96L91,0
Q8IWZ6,Q9BUJ2,0
Q8IXI1,Q8NDQ6,0
Q8IXI1,Q96CS3,0
Q8IXI1,Q96GF1,0
Q8IXI1,Q9BSJ2,0
Q8IXI1,Q9NTJ3,0
Q8IYB5,Q8VD72,0
Q8IYB5,Q9CQA1,0
Q8IYB5,Q9NZ01,0
Q8K2G4,Q8WTW3,0
Q8K2G4,Q99707,0
Q8K2G4,Q9H307,0
Q8K2G4,Q9NV56,0
Q8K2G4,Q9UN81,0
Q8N0V3,Q92900,0
Q8N0V3,Q96A33,0
Q8N0V3,Q96GM8,0
Q8N0V3,Q9UPQ9,0
Q8N1F7,Q8N9E0,0
Q8N1F7,Q93084,0
Q8N1F7,Q96D53,0
Q8N1F7,Q9NTJ5,0
Q8N1F7,Q9NYA4,0
Q8N1F7,Q9P035,0
Q8N1F7,Q9WVH4,0
Q8N1F7,Q9Y285,0
Q8N1N4,Q8TBF4,0
Q8N1N4,Q8TCJ2,0
Q8N1N4,Q92804,0
Q8N1N4,Q96P70,0
Q8N1N4,Q9NYA4,0
Q8N1N4,Q9R1E0,0
Q8N1N4,Q9Y285,0
Q8N1N4,Q9Y5V3,0
Q8N3I7,Q8N3R9,0
Q8N3I7,Q96S52,0
Q8N3I7,Q9ES56,0
Q8N3I7,Q9H0U4,0
Q8N3I7,Q9H5Q4,0
Q8N3I7,Q9WVH4,0
Q8N3I7,Q9Y5A9,0
Q8N3I7,Q9Y679,0
Q8N3R9,Q96PM9,0
Q8N3R9,Q9JME7,0
Q8N5F7,Q8TA86,0
Q8N5F7,Q96CK0,0
Q8N5F7,Q96D53,0
Q8N5F7,Q9BXC9,0
Q8N5F7,Q9BXF3,0
Q8N5F7,Q9CWF6,0
Q8N5F7,Q9HAU5,0
Q8N5F7,Q9WVH4,0
Q8N5P1,Q8NFD5,0
Q8N5P1,Q93084,0
Q8N5P1,Q96D53,0
Q8N5P1,Q9CZQ9,0
Q8N5P1,Q9H147,0
Q8N5P1,Q9WVH4,0
Q8N9E0,Q96S52,0
Q8N9E0,Q99733,0
Q8N9E0,Q9NZ01,0
Q8N9M5,Q8TAM2,0
Q8N9M5,Q8TEQ8,0
Q8N9M5,Q96GM8,0
Q8N9M5,Q96S52,0
Q8N9M5,Q9H1K4,0
Q8N9M5,Q9NPJ1,0
Q8N9M5,Q9NQ48,0
Q8N9M5,Q9Y277,0
Q8NBJ5,Q9BUF5,0
Q8NBJ5,Q9BW92,0
Q8NBJ5,Q9NTJ3,0
Q8NBJ5,Q9UHI6,0
Q8NBM4,Q99570,0
Q8NBM4,Q9BWJ5,0
Q8NBM4,Q9HDC9,0
Q8NBM4,Q9P2R6,0
Q8NBM4,Q9Y5R8,0
Q8NBM4,R4GMR5,0
Q8NCK7,Q9H0F7,0
Q8ND56,Q8TAT6,0
Q8ND56,Q99805,0
Q8ND56,Q9BUJ2,0
Q8ND56,Q9BYF1,0
Q8ND56,Q9BYJ9,0
Q8ND56,Q9ULD9,0
Q8ND56,Q9Y285,0
Q8NDQ6,Q96GD4,0
Q8NDQ6,Q96Q05,0
Q8NDQ6,Q96RK4,0
Q8NDQ6,Q9H0U4,0
Q8NDV7,Q8WTW3,0
Q8NDV7,Q8WVM8,0
Q8NDV7,Q96BR5,0
Q8NDV7,Q96P70,0
Q8NDV7,Q99460,0
Q8NDV7,Q9BRK5,0
Q8NDV7,Q9H9E1,0
Q8NDV7,Q9NYU2,0
Q8NDV7,Q9Y3C1,0
Q8NF37,Q9H307,0
Q8NF37,Q9JME7,0
Q8NF37,Q9UBS4,0
Q8NF37,Q9UBV2,0
Q8NF37,Q9UJS0,0
Q8NF37,Q9Y277,0
Q8NF37,Q9Y4W6,0
Q8NFD5,Q9BTY2,0
Q8NFD5,Q9BWJ5,0
Q8NFD5,Q9H7B2,0
Q8NFD5,Q9HCU5,0
Q8NFD5,Q9NUD5,0
Q8NFD5,Q9Y2G8,0
Q8NFJ9,Q8WUM0,0
Q8NFJ9,Q93084,0
Q8NFJ9,Q96GD4,0
Q8NFJ9,Q9BYF1,0
Q8NFJ9,Q9H078,0
Q8NFJ9,Q9H147,0
Q8NFJ9,Q9H9S3,0
Q8NFJ9,Q9WV78,0
Q8NFQ8,Q8TEM1,0
Q8NFQ8,Q8WVM8,0
Q8NFQ8,Q96EB6,0
Q8NFQ8,Q96GD4,0
Q8NFQ8,Q96GM8,0
Q8NFQ8,Q96QF0,0
Q8NFQ8,Q9NQH7,0
Q8NFQ8,U3KQK0,0
Q8NI60,Q9BYJ9,0
Q8NI60,Q9ULD9,0
Q8NI60,Q9UPQ9,0
Q8TA86,Q9CZQ9,0
Q8TA86,Q9HDC9,0
Q8TA86,Q9UI12,0
Q8TAM1,Q9BXW9,0
Q8TAM1,Q9HD45,0
Q8TAM1,Q9UNF1,0
Q8TAM1,Q9UPT5,0
Q8TAM2,Q96QF0,0
Q8TAM2,Q9BPW8,0
Q8TAM2,Q9CQA1,0
Q8TAM2,Q9HAV4,0
Q8TAM2,Q9NQ29,0
Q8TAM2,Q9NRG9,0
Q8TAM2,Q9NSG2,0
Q8TAM2,Q9NTG7,0
Q8TAM2,Q9UPQ9,0
Q8TAM2,Q9Y277,0
Q8TAT6,Q9H9S3,0
Q8TAT6,Q9P2R6,0
Q8TAT6,Q9UPQ9,0
Q8TAT6,Q9Y4H2,0
Q8TBF4,Q8TEM1,0
Q8TBF4,Q99615,0
Q8TBF4,Q9HCJ0,0
Q8TBF4,Q9NTJ3,0
Q8TBF4,Q9UHI6,0
Q8TC07,Q8TEQ8,0
Q8TC07,Q92922,0
Q8TC07,Q99733,0
Q8TC07,Q9UHI6,0
Q8TC07,Q9Y296,0
Q8TCJ2,Q92545,0
Q8TCJ2,Q92922,0
Q8TCJ2,Q96F45,0
Q8TCJ2,Q96GM8,0
Q8TCJ2,Q9BYJ9,0
Q8TCJ2,Q9D289,0
Q8TCJ2,Q9UL15,0
Q8TCJ2,Q9Y2J4,0
Q8TCJ2,Q9Y383,0
Q8TEM1,Q9JME7,0
Q8TEM1,Q9P035,0
Q8TEM1,Q9UN81,0
Q8TEQ8,Q96F45,0
Q8TEQ8,Q9NS69,0
Q8TEQ8,Q9UPT5,0
Q8TEQ8,Q9Y277,0
Q8TEX9,Q96BR5,0
Q8TEX9,Q96BY9,0
Q8TEX9,Q9BUF5,0
Q8TEX9,Q9D289,0
Q8TEX9,Q9UBV2,0
Q8TEX9,Q9UKV0,0
Q8TEX9,Q9Y383,0
Q8TEX9,Q9Y3D0,0
Q8VD72,Q9BYJ9,0
Q8VD72,Q9H078,0
Q8VD72,Q9NV56,0
Q8VD72,Q9P0I2,0
Q8VD72,Q9R1E0,0
Q8VD72,Q9UNP9,0
Q8WTW3,Q92922,0
Q8WTW3,Q9BSD7,0
Q8WTW3,Q9BXW9,0
Q8WTW3,Q9CQP2,0
Q8WTW3,Q9H078,0
Q8WTW3,Q9H1K4,0
Q8WTW3,Q9H5V9,0
Q8WTW3,Q9H773,0
Q8WTW3,Q9NZ01,0
Q8WTW3,Q9UBF2,0
Q8WTW3,Q9UN37,0
Q8WUH6,Q96GM8,0
Q8WUH6,Q9H773,0
Q8WUH6,Q9H9E1,0
Q8WUH6,Q9UKV0,0
Q8WUH6,Q9ULX6,0
Q8WUM0,Q9HCJ0,0
Q8WUM0,Q9HD20,0
Q8WUM0,Q9JME7,0
Q8WUM0,Q9UBX3,0
Q8WUM0,Q9Y277,0
Q8WUM0,Q9Y2G8,0
Q8WVM8,Q92616,0
Q8WVM8,Q99KR7,0
Q8WVM8,Q9HAV4,0
Q8WVM8,Q9NP92,0
Q8WVM8,Q9UET6,0
Q8WVM8,Q9UI12,0
Q8WVX9,Q92643,0
Q8WVX9,Q96HA1,0
Q8WVX9,Q96P70,0
Q8WVX9,Q9BRX2,0
Q8WVX9,Q9BSR8,0
Q8WVX9,Q9BVA1,0
Q8WVX9,Q9UI12,0
Q8WVX9,Q9UNM6,0
Q8WVX9,Q9Y3C1,0
Q8WVX9,Q9Y4W6,0
Q923E4,Q9BXF3,0
Q923E4,Q9UBV2,0
Q923E4,Q9UDW3,0
Q923E4,Q9Y296,0
Q92538,Q92643,0
Q92538,Q96JJ7,0
Q92538,Q9H0E9,0
Q92538,Q9P035,0
Q92538,Q9UL15,0
Q92538,Q9UN86,0
Q92545,Q9H307,0
Q92545,Q9Y4L1,0
Q92545,Q9Y5B9,0
Q92615,Q92890,0
Q92615,Q99615,0
Q92615,Q9HAF1,0
Q92615,Q9UJV9,0
Q92615,Q9Y2J4,0
Q92615,Q9Y3D0,0
Q92616,Q9BSR8,0
Q92616,Q9CWF6,0
Q92616,Q9HAU5,0
Q92621,Q93084,0
Q92621,Q9NQ48,0
Q92621,Q9UHI6,0
Q92621,Q9UJS0,0
Q92621,Q9Y3Y2,0
Q92621,Q9Y4L1,0
Q92621,R4GMR5,0
Q92643,Q92782,0
Q92643,Q92890,0
Q92643,Q92973,0
Q92643,Q96GD4,0
Q92643,Q96JJ7,0
Q92643,Q96Q05,0
Q92643,Q9H078,0
Q92643,Q9H9E1,0
Q92643,Q9P2R6,0
Q92665,Q9NPF5,0
Q92665,Q9WVH4,0
Q92665,Q9Y4R8,0
Q92782,Q92890,0
Q92782,Q99733,0
Q92782,Q9C005,0
Q92782,Q9H7B2,0
Q92782,Q9P0I2,0
Q92782,Q9UBU8,0
Q92782,Q9UL33,0
Q92804,Q92973,0
Q92804,Q9HAV4,0
Q92804,Q9Y3C1,0
Q92890,Q92947,0
Q92890,Q96A33,0
Q92890,Q96PK6,0
Q92890,Q99570,0
Q92890,Q9BPW8,0
Q92890,Q9H147,0
Q92890,Q9H936,0
Q92890,Q9HAU5,0
Q92890,Q9P0I2,0
Q92890,Q9Y4H2,0
Q92890,Q9Y5V3,0
Q92900,Q96P70,0
Q92900,Q96RK4,0
Q92900,Q9BYJ9,0
Q92900,Q9CQA1,0
Q92900,Q9NSG2,0
Q92900,Q9NUD5,0
Q92922,Q9H307,0
Q92922,Q9UHI6,0
Q92922,Q9Y383,0
Q92922,Q9Y3C1,0
Q92947,Q969V3,0
Q92947,Q96PK6,0
Q92947,Q9BRK5,0
Q92947,Q9BYJ9,0
Q92947,Q9H0U4,0
Q92947,Q9NQ29,0
Q92947,Q9NSG2,0
Q92947,Q9Y3D0,0
Q92973,Q96BR5,0
Q92973,Q9UKV0,0
Q92973,Q9UQL6,0
Q92973,Q9Y5A9,0
Q93084,Q96CK0,0
Q93084,Q96GF1,0
Q93084,Q96PK6,0
Q93084,Q9BYW2,0
Q93084,Q9UHI6,0
Q93084,Q9Y3C7,0
Q969V3,Q9BUJ2,0
Q969V3,Q9NPJ1,0
Q969V3,Q9NQ48,0
Q969V3,U3KQK0,0
Q96A33,Q96BR5,0
Q96A33,Q96FV9,0
Q96A33,Q96S52,0
Q96A33,Q9BSR8,0
Q96A33,Q9H307,0
Q96A33,Q9HD20,0
Q96A33,Q9R1E0,0
Q96A33,Q9UBU8,0
Q96A33,Q9UPQ9,0
Q96A33,Q9WV78,0
Q96A33,Q9Y448,0
Q96BR5,Q9BWJ5,0
Q96BR5,Q9H1K4,0
Q96BR5,Q9H9S3,0
Q96BR5,Q9UN37,0
Q96BR5,Q9Y3C7,0
Q96BY9,Q96S52,0
Q96BY9,Q9BSD7,0
Q96BY9,Q9BXW9,0
Q96BY9,Q9UNP9,0
Q96BY9,Q9Y2G8,0
Q96BY9,Q9Y4L1,0
Q96BY9,Q9Y5B9,0
Q96CK0,Q9H583,0
Q96CK0,Q9HCU5,0
Q96CK0,Q9UNP9,0
Q96CK0,Q9UPT5,0
Q96CK0,R4GMR5,0
Q96CS3,Q96GF1,0
Q96CS3,Q9BVA1,0
Q96CS3,Q9CWF6,0
Q96CS3,Q9NVI1,0
Q96CS3,Q9UET6,0
Q96CS3,Q9UPT5,0
Q96D53,Q96GM8,0
Q96D53,Q9BXW9,0
Q96D53,Q9H5V9,0
Q96D53,Q9NQ29,0
Q96D53,Q9UBX3,0
Q96D53,Q9Y3C7,0
Q96D53,Q9Y4L1,0
Q96EB6,Q99942,0
Q96EB6,Q9BRT8,0
Q96EB6,Q9BSJ2,0
Q96EB6,Q9D289,0
Q96EB6,Q9H7B2,0
Q96F45,Q9BRK5,0
Q96F45,Q9BSD7,0
Q96F45,Q9H936,0
Q96F45,Q9NTG7,0
Q96F45,Q9NYA4,0
Q96F45,Q9ULD9,0
Q96FV9,Q9H078,0
Q96FV9,Q9NYU2,0
Q96FV9,Q9Y3C7,0
Q96GD4,Q9H2F5,0
Q96GD4,Q9NZ01,0
Q96GD4,Q9UH99,0
Q96GD4,Q9UQL6,0
Q96GD4,Q9Y5V3,0
Q96GF1,Q9BUJ2,0
Q96GF1,Q9H0U4,0
Q96GF1,Q9JME7,0
Q96GF1,Q9NQ48,0
Q96GF1,Q9UBK2,0
Q96GM8,Q96HA1,0
Q96GM8,Q96PM9,0
Q96GM8,Q9NRG9,0
Q96GM8,Q9NRR5,0
Q96GM8,Q9UBU8,0
Q96GM8,Q9UET6,0
Q96GM8,Q9UJS0,0
Q96GM8,Q9UN37,0
Q96GM8,Q9Y3C7,0
Q96GM8,Q9Y4R8,0
Q96HA1,Q9BWJ5,0
Q96HA1,Q9NP92,0
Q96HA1,Q9NQ29,0
Q96HA1,Q9NRG9,0
Q96HA1,Q9NS69,0
Q96HA1,Q9R1E0,0
Q96HA1,Q9Y2J4,0
Q96JJ7,Q96L91,0
Q96JJ7,Q9BSJ2,0
Q96JJ7,Q9NSG2,0
Q96JJ7,Q9NYU2,0
Q96JJ7,Q9UET6,0
Q96L91,Q99707,0
Q96L91,Q99942,0
Q96L91,Q9D289,0
Q96L91,Q9H9S3,0
Q96L91,Q9UBX3,0
Q96L91,Q9ULD9,0
Q96P70,Q9BW92,0
Q96P70,Q9CQP2,0
Q96P70,Q9UKV0,0
Q96PM9,Q96QF0,0
Q96Q05,Q96S52,0
Q96Q05,Q9CQP2,0
Q96Q05,Q9Y448,0
Q96Q05,Q9Y4W6,0
Q96Q05,Q9Y5V3,0
Q96QF0,Q9BXF3,0
Q96QF0,Q9JHQ5,0
Q96QF0,Q9NUD5,0
Q96QF0,Q9UPQ9,0
Q96RK4,Q9BSR8,0
Q96RK4,Q9UPT5,0
Q96RK4,Q9Y5A9,0
Q96S52,Q9BRX2,0
Q96S52,Q9H0F7,0
Q96S52,Q9H5V9,0
Q96S52,Q9HCJ0,0
Q96S52,Q9UNM6,0
Q96T76,Q9BSR8,0
Q96T76,Q9BYF1,0
Q96T76,Q9H9E1,0
Q96T76,Q9UNP9,0
Q99460,Q9BRT8,0
Q99460,Q9BSJ2,0
Q99460,Q9HAV4,0
Q99460,Q9Y3Y2,0
Q99570,Q9BPW8,0
Q99570,Q9C005,0
Q99570,Q9H5Q4,0
Q99570,Q9HAU5,0
Q99570,Q9UBM7,0
Q99570,Q9Y2G8,0
Q99570,Q9Y4R8,0
Q99707,Q9H5Q4,0
Q99707,Q9JME7,0
Q99707,Q9NYU2,0
Q99707,Q9NZ01,0
Q99707,Q9UL15,0
Q99707,Q9UNP9,0
Q99733,Q9HAF1,0
Q99733,Q9NWB6,0
Q99733,Q9UPQ9,0
Q99733,Q9Y3Y2,0
Q99805,Q9H078,0
Q99805,Q9H9S3,0
Q99805,Q9JHQ5,0
Q99805,Q9Y5R8,0
Q99942,Q9BPW8,0
Q99942,Q9BXC9,0
Q99942,Q9GZN1,0
Q99942,Q9H773,0
Q99942,Q9H9E1,0
Q99942,Q9NQH7,0
Q99942,Q9Y679,0
Q99KR7,Q9CZQ9,0
Q99KR7,Q9NQ29,0
Q99KR7,Q9NQH7,0
Q99KR7,Q9NTJ5,0
Q99KR7,Q9UH99,0
Q9BPW8,Q9NP92,0
Q9BPW8,Q9NUP9,0
Q9BRK5,Q9H583,0
Q9BRK5,Q9NUP9,0
Q9BRK5,Q9UBB4,0
Q9BRT8,Q9H0U4,0
Q9BRT8,Q9HCJ0,0
Q9BRT8,Q9HCU5,0
Q9BRT8,Q9P035,0
Q9BRT8,Q9UDW3,0
Q9BRX2,Q9BSD7,0
Q9BRX2,Q9NP92,0
Q9BRX2,Q9NTJ5,0
Q9BRX2,Q9NV56,0
Q9BRX2,Q9UBF2,0
Q9BRX2,Q9UDW3,0
Q9BRX2,Q9Y285,0
Q9BRX2,Q9Y3D0,0
Q9BRX2,R4GMR5,0
Q9BSD7,Q9NQ29,0
Q9BSD7,Q9UNP9,0
Q9BSJ2,Q9NPF5,0
Q9BSJ2,Q9NQ29,0
Q9BSJ2,Q9NSG2,0
Q9BSJ2,Q9NUD5,0
Q9BSJ2,Q9UI12,0
Q9BSJ2,U3KQK0,0
Q9BSR8,Q9H9S3,0
Q9BTY2,Q9BUF5,0
Q9BTY2,Q9BYJ9,0
Q9BTY2,Q9HD45,0
Q9BTY2,Q9NSG2,0
Q9BTY2,Q9UN37,0
Q9BTY2,Q9Y285,0
Q9BUF5,Q9CZQ9,0
Q9BUF5,Q9NTJ5,0
Q9BUF5,Q9NYU2,0
Q9BUF5,Q9UL15,0
Q9BUF5,Q9Y296,0
Q9BUF5,Q9Y5A9,0
Q9BUJ2,Q9H078,0
Q9BUJ2,Q9P2R6,0
Q9BUJ2,Q9UET6,0
Q9BUJ2,Q9WVH4,0
Q9BVA1,Q9BWJ5,0
Q9BVA1,Q9H307,0
Q9BVA1,Q9NP92,0
Q9BVA1,Q9NV56,0
Q9BVA1,Q9UQL6,0
Q9BVA1,Q9Y383,0
Q9BW92,Q9HCJ0,0
Q9BW92,Q9UHI6,0
Q9BW92,Q9ULD9,0
Q9BWJ5,Q9NTG7,0
Q9BWJ5,Q9NVI1,0
Q9BWJ5,Q9P2R6,0
Q9BXC9,Q9CWF6,0
Q9BXC9,Q9P035,0
Q9BXC9,Q9UBU8,0
Q9BXF3,Q9H1K4,0
Q9BXF3,Q9H2F5,0
Q9BXF3,Q9NPJ1,0
Q9BXF3,Q9Y5A9,0
Q9BXF3,Q9Y5V3,0
Q9BXW9,Q9NSG2,0
Q9BXW9,Q9UDW3,0
Q9BXW9,Q9Y5R8,0
Q9BYF1,Q9GZN1,0
Q9BYF1,Q9H0U4,0
Q9BYF1,Q9NRG9,0
Q9BYF1,Q9UBF2,0
Q9BYF1,Q9Y383,0
Q9BYF1,Q9Y3D0,0
Q9BYJ9,Q9NTJ5,0
Q9BYW2,Q9H0E9,0
Q9BYW2,Q9NWB6,0
Q9BYW2,Q9UBF2,0
Q9BYW2,Q9UBV2,0
Q9BYW2,Q9UDY4,0
Q9BYW2,Q9Y277,0
Q9C005,Q9NYA4,0
Q9C005,Q9UHI6,0
Q9CQA1,Q9UDY4,0
Q9CQP2,Q9Y296,0
Q9CQP2,Q9Y5V3,0
Q9CWF6,Q9H773,0
Q9CWF6,Q9NPJ1,0
Q9CWF6,Q9NQ48,0
Q9CWF6,Q9NTJ5,0
Q9CWF6,Q9Y4H2,0
Q9CWF6,Q9Y4Y9,0
Q9CZQ9,Q9UN81,0
Q9D289,Q9UBM7,0
Q9H078,Q9H2F5,0
Q9H078,Q9Y285,0
Q9H0E9,Q9NQ29,0
Q9H0E9,Q9P0I2,0
Q9H0E9,Q9Y4Y9,0
Q9H0F7,Q9UDW3,0
Q9H0F7,Q9UL33,0
Q9H0U4,Q9UBK2,0
Q9H0U4,Q9UL15,0
Q9H147,Q9H2F5,0
Q9H147,Q9H7B2,0
Q9H147,Q9H9E1,0
Q9H147,Q9NP92,0
Q9H147,Q9NPJ1,0
Q9H147,Q9WVH4,0
Q9H147,Q9Y4R8,0
Q9H1K4,Q9H9E1,0
Q9H1K4,Q9HAF1,0
Q9H1K4,Q9HAV4,0
Q9H2F5,Q9NQ48,0
Q9H2F5,Q9UKV0,0
Q9H2F5,Q9UQL6,0
Q9H307,Q9HDC9,0
Q9H307,Q9NUD5,0
Q9H307,Q9NV56,0
Q9H307,Q9WVH4,0
Q9H583,Q9H9E1,0
Q9H583,Q9HAF1,0
Q9H583,Q9HCJ0,0
Q9H583,Q9UQL6,0
Q9H5Q4,Q9NSG2,0
Q9H5Q4,Q9UNF1,0
Q9H5Q4,Q9WVH4,0
Q9H5Q4,Q9Y5R8,0
Q9H5V9,Q9JHQ5,0
Q9H5V9,Q9NQ29,0
Q9H5V9,Q9NZ01,0
Q9H5V9,Q9UBB4,0
Q9H5V9,Q9UN81,0
Q9H773,Q9NTJ3,0
Q9H773,Q9UL33,0
Q9H7B2,Q9HDC9,0
Q9H7B2,Q9NSG2,0
Q9H7B2,Q9Y5V3,0
Q9H936,Q9Y4Y9,0
Q9H9E1,Q9HAF1,0
Q9H9E1,Q9UQL6,0
Q9H9E1,Q9Y3Y2,0
Q9H9S3,Q9UBU8,0
Q9HAF1,Q9HD45,0
Q9HAF1,Q9Y3Y2,0
Q9HAF1,U3KQK0,0
Q9HAU5,Q9NUP9,0
Q9HAU5,Q9ULX6,0
Q9HAU5,Q9UN86,0
Q9HAU5,Q9Y4W6,0
Q9HAV4,U3KQK0,0
Q9HCJ0,Q9UBF2,0
Q9HCJ0,Q9UET6,0
Q9HCJ0,Q9Y4Y9,0
Q9HCJ0,Q9Y5A9,0
Q9HCU5,Q9NQ48,0
Q9HCU5,Q9UNF1,0
Q9HCU5,Q9Y679,0
Q9HD20,Q9UBM7,0
Q9HD20,Q9UN86,0
Q9HD20,Q9Y2J4,0
Q9HD20,Q9Y3C1,0
Q9HD45,Q9NYA4,0
Q9HD45,Q9Y4H2,0
Q9HDC9,Q9NQ48,0
Q9HDC9,Q9NYA4,0
Q9HDC9,Q9UDY4,0
Q9HDC9,Q9UNM6,0
Q9HDC9,Q9Y3Y2,0
Q9HDC9,Q9Y4L1,0
Q9JHQ5,Q9NSG2,0
Q9JHQ5,Q9UPT5,0
Q9JME7,Q9Y3Y2,0
Q9JME7,Q9Y679,0
Q9NP92,Q9P035,0
Q9NP92,U3KQK0,0
Q9NPF5,Q9UN81,0
Q9NPF5,Q9UQL6,0
Q9NPF5,Q9Y277,0
Q9NPF5,Q9Y3C1,0
Q9NPF5,Q9Y5B9,0
Q9NPJ1,Q9NYA4,0
Q9NQ29,Q9Y448,0
Q9NQ48,Q9UHI6,0
Q9NQ48,Q9Y3D0,0
Q9NQH7,Q9NV56,0
Q9NQH7,Q9P2R6,0
Q9NQH7,Q9ULX6,0
Q9NQH7,Q9UNP9,0
Q9NQH7,Q9Y4H2,0
Q9NQH7,Q9Y4Y9,0
Q9NQH7,Q9Y5R8,0
Q9NRG9,Q9NTG7,0
Q9NRG9,Q9UDY4,0
Q9NRR5,Q9R1E0,0
Q9NRR5,Q9Y448,0
Q9NS69,Q9WVH4,0
Q9NSG2,Q9UNF1,0
Q9NSG2,Q9Y4H2,0
Q9NTG7,Q9UI12,0
Q9NTG7,Q9Y5A9,0
Q9NTJ3,Q9NYA4,0
Q9NTJ3,Q9P2R6,0
Q9NTJ3,Q9UBX3,0
Q9NTJ5,Q9UNF1,0
Q9NUD5,Q9UBB4,0
Q9NUD5,Q9UBV2,0
Q9NUD5,Q9UBX3,0
Q9NUD5,Q9UNM6,0
Q9NUD5,Q9UPQ9,0
Q9NUD5,Q9Y383,0
Q9NUD5,Q9Y448,0
Q9NUD5,Q9Y4L1,0
Q9NUP9,Q9NZ01,0
Q9NUP9,Q9UBX3,0
Q9NUP9,Q9ULD9,0
Q9NV56,Q9WV78,0
Q9NV56,Q9Y5R8,0
Q9NVI1,Q9UBK2,0
Q9NVI1,Q9UHI6,0
Q9NVI1,Q9UNM6,0
Q9NWB6,Q9UL33,0
Q9NWB6,Q9ULD9,0
Q9NYA4,Q9UBU8,0
Q9NYA4,Q9UN37,0
Q9NYA4,Q9Y5A9,0
Q9NYU2,Q9Y3C7,0
Q9NZ01,Q9Y679,0
Q9P035,Q9UBX3,0
Q9P035,Q9UPT5,0
Q9P035,Q9WV78,0
Q9P2R6,Q9UBK2,0
Q9P2R6,Q9UHI6,0
Q9P2R6,Q9ULD9,0
Q9P2R6,Q9Y3C7,0
Q9UBB4,Q9UDW3,0
Q9UBB4,Q9UH99,0
Q9UBB4,Q9Y4H2,0
Q9UBF2,Q9UDY4,0
Q9UBK2,Q9UH99,0
Q9UBK2,Q9UPT5,0
Q9UBM7,Q9WVH4,0
Q9UBM7,Q9Y448,0
Q9UBS4,Q9UNM6,0
Q9UBS4,Q9Y448,0
Q9UBU8,Q9UDY4,0
Q9UBU8,Q9UJV9,0
Q9UBU8,Q9UNF1,0
Q9UBU8,Q9Y296,0
Q9UBV2,Q9UI12,0
Q9UBV2,Q9Y3D0,0
Q9UBX3,Q9UNP9,0
Q9UBX3,Q9Y277,0
Q9UDW3,Q9UNM6,0
Q9UDW3,Q9Y3C7,0
Q9UDY4,Q9Y3D0,0
Q9UET6,Q9Y4L1,0
Q9UH99,Q9UKV0,0
Q9UHI6,Q9UL15,0
Q9UJS0,Q9Y277,0
Q9UJS0,Q9Y4W6,0
Q9UJV9,Q9UNM6,0
Q9UJV9,Q9Y3C1,0
Q9UL15,Q9Y277,0
Q9ULD9,Q9Y5B9,0
Q9UN37,Q9Y448,0
Q9UN37,Q9Y679,0
Q9UNF1,Q9WV78,0
Q9UNM6,Q9Y296,0
Q9UNP9,U3KQK0,0
Q9Y296,Q9Y5V3,0
Q9Y2G8,Q9Y3Y2,0
Q9Y2G8,Q9Y4R8,0
Q9Y2G8,Q9Y5A9,0
Q9Y383,R4GMR5,0
Q9Y3C7,Q9Y5B9,0
Q9Y3C7,Q9Y5V3,0
Q9Y3D0,Q9Y3Y2,0
Q9Y4R8,U3KQK0,0
