Protein Identifier,AAC_A,AAC_R,AAC_N,AAC_D,AAC_C,AAC_Q,AAC_E,AAC_G,AAC_H,AAC_I,AAC_L,AAC_K,AAC_M,AAC_F,AAC_P,AAC_S,AAC_T,AAC_W,AAC_Y,AAC_V,VS111,VS211,VS311,VS411,VS511,VS611,VS711,VS121,VS221,VS321,VS421,VS521,VS621,VS721,VS131,VS231,VS331,VS431,VS531,VS631,VS731,VS141,VS241,VS341,VS441,VS541,VS641,VS741,VS151,VS251,VS351,VS451,VS551,VS651,VS751,VS161,VS261,VS361,VS461,VS561,VS661,VS761,VS171,VS271,VS371,VS471,VS571,VS671,VS771,VS112,VS212,VS312,VS412,VS512,VS612,VS712,VS122,VS222,VS322,VS422,VS522,VS622,VS722,VS132,VS232,VS332,VS432,VS532,VS632,VS732,VS142,VS242,VS342,VS442,VS542,VS642,VS742,VS152,VS252,VS352,VS452,VS552,VS652,VS752,VS162,VS262,VS362,VS462,VS562,VS662,VS762,VS172,VS272,VS372,VS472,VS572,VS672,VS772,VS113,VS213,VS313,VS413,VS513,VS613,VS713,VS123,VS223,VS323,VS423,VS523,VS623,VS723,VS133,VS233,VS333,VS433,VS533,VS633,VS733,VS143,VS243,VS343,VS443,VS543,VS643,VS743,VS153,VS253,VS353,VS453,VS553,VS653,VS753,VS163,VS263,VS363,VS463,VS563,VS663,VS763,VS173,VS273,VS373,VS473,VS573,VS673,VS773,VS114,VS214,VS314,VS414,VS514,VS614,VS714,VS124,VS224,VS324,VS424,VS524,VS624,VS724,VS134,VS234,VS334,VS434,VS534,VS634,VS734,VS144,VS244,VS344,VS444,VS544,VS644,VS744,VS154,VS254,VS354,VS454,VS554,VS654,VS754,VS164,VS264,VS364,VS464,VS564,VS664,VS764,VS174,VS274,VS374,VS474,VS574,VS674,VS774,VS115,VS215,VS315,VS415,VS515,VS615,VS715,VS125,VS225,VS325,VS425,VS525,VS625,VS725,VS135,VS235,VS335,VS435,VS535,VS635,VS735,VS145,VS245,VS345,VS445,VS545,VS645,VS745,VS155,VS255,VS355,VS455,VS555,VS655,VS755,VS165,VS265,VS365,VS465,VS565,VS665,VS765,VS175,VS275,VS375,VS475,VS575,VS675,VS775,VS116,VS216,VS316,VS416,VS516,VS616,VS716,VS126,VS226,VS326,VS426,VS526,VS626,VS726,VS136,VS236,VS336,VS436,VS536,VS636,VS736,VS146,VS246,VS346,VS446,VS546,VS646,VS746,VS156,VS256,VS356,VS456,VS556,VS656,VS756,VS166,VS266,VS366,VS466,VS566,VS666,VS766,VS176,VS276,VS376,VS476,VS576,VS676,VS776,VS117,VS217,VS317,VS417,VS517,VS617,VS717,VS127,VS227,VS327,VS427,VS527,VS627,VS727,VS137,VS237,VS337,VS437,VS537,VS637,VS737,VS147,VS247,VS347,VS447,VS547,VS647,VS747,VS157,VS257,VS357,VS457,VS557,VS657,VS757,VS167,VS267,VS367,VS467,VS567,VS667,VS767,VS177,VS277,VS377,VS477,VS577,VS677,VS777,PSSM_A,PSSM_R,PSSM_N,PSSM_D,PSSM_C,PSSM_Q,PSSM_E,PSSM_G,PSSM_H,PSSM_I,PSSM_L,PSSM_K,PSSM_M,PSSM_F,PSSM_P,PSSM_S,PSSM_T,PSSM_W,PSSM_Y,PSSM_V
P00447,0.10300429184549356,0.02145922746781116,0.06437768240343347,0.04721030042918455,0.004291845493562232,0.055793991416309016,0.04721030042918455,0.08583690987124463,0.02575107296137339,0.04721030042918455,0.09871244635193133,0.0815450643776824,0.008583690987124463,0.04721030042918455,0.03862660944206009,0.04291845493562232,0.06866952789699571,0.02575107296137339,0.034334763948497854,0.05150214592274678,4,3,3,4,1,2,0,1,4,3,2,1,1,0,2,2,2,1,1,1,0,4,1,2,1,0,1,0,1,1,1,0,2,0,0,0,3,0,0,1,0,0,0,0,0,0,0,0,0,5,3,1,2,2,0,0,3,0,2,0,0,3,1,2,3,1,0,1,1,0,2,0,0,1,1,3,0,2,2,1,0,1,0,0,1,2,1,3,1,1,0,0,0,0,1,0,0,0,0,1,1,2,1,1,0,2,2,1,2,1,3,0,1,1,1,3,0,0,0,1,3,1,1,0,0,0,1,0,0,0,2,0,0,1,1,0,1,0,0,0,0,0,0,0,0,0,0,4,1,3,0,0,1,0,3,1,1,2,1,1,0,0,3,1,1,0,1,0,1,2,3,2,1,0,0,1,1,1,0,0,0,0,1,0,0,2,0,1,0,0,0,0,0,0,0,0,2,4,1,1,0,0,0,0,1,1,1,0,1,0,1,1,1,1,1,0,0,0,0,0,2,0,0,0,2,0,2,1,0,0,0,0,0,0,0,0,0,0,0,0,0,0,0,0,0,2,0,0,0,1,0,0,4,1,1,0,2,0,0,0,1,0,0,0,0,0,1,3,0,1,1,0,0,1,0,0,1,0,0,0,0,2,0,0,0,0,0,0,0,0,0,0,0,0,0,0,0,0,0,0,0,0,0,0,0,0,0,0,0,0,0,0,0,0,0,0,0,0,1,0,0,0,0,0,0,0,0,0,0,0,0,0,0,0,0,0,0,0,0,0,0,0,0,-0.7068965517241379,-1.7413793103448276,-1.0,-1.6551724137931034,-2.8405172413793105,-1.103448275862069,-1.3448275862068966,-1.853448275862069,-1.4353448275862069,-1.7543103448275863,-1.4956896551724137,-1.0732758620689655,-1.625,-1.8706896551724137,-2.2543103448275863,-1.1120689655172413,-1.125,-2.646551724137931,-1.7112068965517242,-1.5
P00812,0.07807807807807808,0.024024024024024024,0.03903903903903904,0.06306306306306306,0.018018018018018018,0.012012012012012012,0.06006006006006006,0.10510510510510511,0.03003003003003003,0.06306306306306306,0.10510510510510511,0.06606606606606606,0.03003003003003003,0.018018018018018018,0.05405405405405406,0.06606606606606606,0.04804804804804805,0.009009009009009009,0.03303303303303303,0.07807807807807808,0,5,4,1,3,5,0,6,3,5,1,4,4,1,3,4,2,1,1,3,0,3,3,2,0,2,0,0,2,0,2,0,1,1,0,4,4,1,0,3,1,0,1,0,0,0,1,0,0,5,7,3,2,1,3,2,4,2,3,1,2,1,0,4,5,3,3,1,2,0,5,1,0,0,0,0,1,2,0,1,1,2,1,0,3,2,1,1,2,1,0,1,0,0,1,0,0,0,1,5,5,1,0,1,0,2,5,2,1,0,2,0,1,2,2,3,1,2,1,1,3,3,0,0,1,0,0,2,0,0,0,2,0,2,4,1,0,1,0,0,0,0,1,0,0,0,0,3,2,2,1,0,2,0,6,1,0,1,0,2,0,2,0,1,1,0,1,0,0,0,0,0,0,0,0,0,2,1,0,0,0,0,1,0,0,0,0,0,0,0,0,0,0,0,1,0,2,2,0,1,1,0,0,2,1,4,0,1,0,0,3,0,1,0,0,0,0,1,1,0,0,1,0,0,1,1,0,0,0,1,0,4,1,1,0,0,0,0,0,0,0,0,0,0,0,6,3,0,3,1,2,0,3,0,4,3,0,1,1,0,0,3,0,1,0,0,0,1,0,0,0,0,0,0,3,0,2,0,1,0,0,1,1,0,0,0,0,0,0,0,0,0,0,0,1,0,0,1,0,0,0,0,0,0,0,0,0,0,0,1,0,0,0,0,0,0,1,0,0,0,0,0,1,0,0,0,0,0,0,1,0,0,0,0,0,0,0,0,0,0,0,0,0,-0.4066265060240964,-1.3072289156626506,-1.322289156626506,-1.1265060240963856,-1.9578313253012047,-1.1867469879518073,-1.1355421686746987,-1.2981927710843373,-1.0963855421686748,-1.1987951807228916,-1.0843373493975903,-1.3132530120481927,-1.1114457831325302,-1.5963855421686748,-1.5,-0.8012048192771084,-0.9126506024096386,-2.5,-1.427710843373494,-0.9156626506024096
P00830,0.10567514677103718,0.04892367906066536,0.021526418786692758,0.04892367906066536,0.0019569471624266144,0.03913894324853229,0.07436399217221135,0.09001956947162426,0.0136986301369863,0.06653620352250489,0.09393346379647749,0.05675146771037182,0.015655577299412915,0.03522504892367906,0.04892367906066536,0.0547945205479452,0.07240704500978473,0.0019569471624266144,0.021526418786692758,0.08806262230919765,12,7,8,3,7,4,0,9,9,7,2,4,2,0,5,9,5,2,1,5,1,2,4,1,0,0,1,0,7,3,4,0,1,3,0,3,5,4,1,1,2,0,0,0,0,0,0,0,0,10,8,12,3,3,3,0,12,3,1,3,5,9,0,1,4,2,0,3,3,0,2,1,2,2,0,2,0,6,2,2,1,2,3,0,5,1,3,4,0,2,0,0,0,0,0,0,0,0,5,4,3,0,2,3,0,10,6,0,1,4,3,0,4,4,3,3,0,0,0,2,1,0,0,1,4,0,3,2,2,0,0,1,0,2,3,1,1,4,0,0,0,0,0,0,1,0,0,3,2,1,0,2,4,0,1,6,3,0,1,0,0,1,2,1,1,0,0,0,1,1,0,0,0,0,0,1,0,0,0,0,0,0,2,3,2,1,0,0,0,0,0,0,0,0,0,0,6,6,3,1,2,1,0,2,3,2,0,2,1,0,1,2,3,0,3,3,0,0,1,1,0,0,0,0,1,1,1,1,0,0,0,4,0,0,2,0,1,0,0,0,0,0,0,0,0,5,6,2,1,2,1,0,5,6,0,3,0,0,0,5,3,0,2,1,0,0,4,3,1,0,0,1,0,1,2,3,0,0,0,0,1,2,1,0,1,1,0,0,0,0,0,0,0,0,0,0,0,0,0,0,0,0,0,0,0,0,0,0,0,0,0,0,0,0,0,0,0,0,0,0,0,0,0,0,0,0,1,0,0,0,0,0,0,0,0,0,0,0,0,0,0,0,0,-0.6490196078431373,-1.4098039215686275,-1.5607843137254902,-1.584313725490196,-2.847058823529412,-1.0529411764705883,-1.0450980392156863,-1.6607843137254903,-2.023529411764706,-1.2980392156862746,-1.5411764705882354,-1.2431372549019608,-1.1705882352941177,-2.219607843137255,-2.0176470588235293,-0.8803921568627451,-0.8529411764705882,-3.433333333333333,-1.9843137254901961,-1.0607843137254902
P00927,0.07118055555555555,0.05555555555555555,0.04513888888888889,0.046875,0.008680555555555556,0.03993055555555555,0.059027777777777776,0.07118055555555555,0.03125,0.059027777777777776,0.0954861111111111,0.059027777777777776,0.017361111111111112,0.03993055555555555,0.046875,0.06944444444444445,0.052083333333333336,0.001736111111111111,0.034722222222222224,0.0954861111111111,11,13,7,6,4,3,1,11,6,8,0,6,3,0,2,7,5,1,2,1,2,2,1,4,5,3,0,0,2,4,2,0,1,2,0,2,2,3,0,1,2,0,0,1,0,0,0,1,0,15,4,4,2,3,4,0,4,5,6,3,7,4,0,8,8,1,3,5,2,1,2,3,2,3,2,2,0,3,7,3,4,0,3,0,3,2,3,2,2,4,0,0,0,0,0,0,0,0,7,6,4,3,2,1,0,9,3,5,4,0,3,0,2,4,3,1,1,2,0,2,4,1,1,2,3,0,4,4,2,1,2,0,0,1,1,1,2,0,4,0,2,1,0,0,0,0,0,4,1,3,1,1,0,0,4,2,3,2,2,1,0,4,2,1,2,4,2,0,2,1,3,0,4,0,0,3,3,2,4,0,0,0,0,2,3,1,1,0,0,0,0,0,0,0,0,0,3,3,2,3,0,2,1,3,7,4,3,3,2,0,3,1,2,3,0,1,0,1,3,3,1,0,1,0,0,3,1,0,0,0,0,1,2,1,1,1,1,0,0,0,0,0,0,0,0,5,5,0,0,1,0,0,1,5,2,2,2,2,0,4,2,2,3,0,1,0,1,2,2,0,1,1,0,2,1,0,0,1,2,0,3,5,1,1,1,0,0,0,0,0,0,0,0,0,0,2,0,0,0,0,0,0,1,0,0,0,1,0,0,0,0,0,0,0,0,0,0,0,0,0,0,0,0,0,0,0,0,0,0,1,0,0,0,0,0,0,0,0,0,0,0,0,0,-0.391304347826087,-1.1652173913043478,-1.248695652173913,-1.288695652173913,-2.405217391304348,-1.0556521739130436,-0.8191304347826087,-1.3008695652173914,-1.1773913043478261,-1.1443478260869566,-1.0817391304347825,-0.9704347826086956,-1.0556521739130436,-1.653913043478261,-1.6191304347826088,-0.831304347826087,-0.8069565217391305,-2.8173913043478263,-1.3808695652173912,-0.9234782608695652
P02829,0.06064880112834979,0.0380818053596615,0.036671368124118475,0.06629055007052186,0.0,0.031029619181946404,0.13399153737658676,0.03385049365303244,0.005641748942172073,0.0691114245416079,0.0930888575458392,0.10860366713681241,0.018335684062059238,0.0465444287729196,0.0380818053596615,0.0691114245416079,0.056417489421720736,0.007052186177715092,0.028208744710860368,0.05923836389280677,6,6,2,1,4,1,0,5,2,6,5,2,2,0,0,6,3,2,4,5,0,2,1,3,0,0,1,0,2,3,5,2,4,3,0,2,6,2,0,3,7,0,0,0,0,0,0,0,0,4,1,6,3,7,9,0,6,14,6,0,7,11,0,5,5,6,1,7,4,0,3,3,2,2,7,3,0,1,6,4,2,4,4,0,3,7,6,2,8,6,0,0,0,0,0,0,0,0,4,3,5,1,1,2,0,8,8,5,6,5,7,0,5,7,7,1,0,1,0,2,2,1,0,1,1,0,2,5,5,1,1,2,0,3,3,5,1,4,6,0,0,0,0,0,0,0,0,2,2,2,0,2,3,0,2,5,2,0,1,2,0,0,5,1,0,2,3,0,0,2,1,1,1,1,0,2,1,2,1,3,0,0,1,3,1,1,0,2,0,0,0,0,0,0,0,0,0,5,3,0,2,1,0,6,7,3,3,4,5,0,4,9,4,1,3,1,0,0,2,1,3,0,1,0,2,4,3,0,3,6,0,5,2,1,2,1,7,0,0,0,0,0,0,0,0,4,5,3,2,3,4,0,3,8,6,6,2,5,0,2,7,0,2,0,8,0,4,2,3,0,0,1,0,2,9,3,1,3,3,0,6,9,4,4,5,13,0,0,0,0,0,0,0,0,0,0,0,0,0,0,0,0,0,0,0,0,0,0,0,0,0,0,0,0,0,0,0,0,0,0,0,0,0,0,0,0,0,0,0,0,0,0,0,0,0,0,0,0,0,0,0,0,0,-0.903954802259887,-1.3983050847457628,-1.2175141242937852,-1.0056497175141244,-2.9237288135593222,-0.9519774011299436,-0.4703389830508475,-2.07909604519774,-1.6723163841807909,-1.5706214689265536,-1.5720338983050848,-0.6581920903954802,-1.4124293785310735,-2.0480225988700567,-2.1454802259887007,-0.8206214689265536,-0.9209039548022598,-2.977401129943503,-1.9081920903954803,-1.4336158192090396
P03069,0.06761565836298933,0.046263345195729534,0.046263345195729534,0.07829181494661921,0.0,0.028469750889679714,0.08540925266903915,0.021352313167259787,0.014234875444839857,0.03202846975088968,0.09608540925266904,0.08185053380782918,0.017793594306049824,0.03914590747330961,0.0711743772241993,0.1103202846975089,0.0711743772241993,0.0035587188612099642,0.014234875444839857,0.07473309608540925,3,3,2,1,0,3,0,0,3,3,1,1,2,0,2,2,1,2,1,0,0,0,0,0,1,0,1,0,0,0,1,0,2,2,0,0,3,1,1,0,4,0,0,0,0,0,0,0,0,1,5,3,0,1,0,0,2,6,7,1,1,3,0,2,5,3,0,1,2,0,1,1,4,0,1,2,0,3,0,1,0,3,1,0,0,3,1,1,0,2,0,0,0,0,0,0,0,0,1,1,2,1,0,4,0,2,4,2,2,2,0,0,3,1,6,1,1,3,0,0,2,1,0,2,2,0,1,1,1,2,2,0,0,1,3,2,1,0,1,0,0,0,0,0,0,0,0,1,0,0,0,0,0,0,1,1,0,0,2,0,0,1,3,1,1,1,1,0,0,0,1,0,0,0,0,1,1,2,0,1,0,0,0,3,1,1,1,1,0,0,0,0,0,0,0,0,4,0,1,0,3,2,0,1,2,0,0,1,0,0,1,1,0,2,2,1,0,0,1,1,0,1,0,0,4,2,1,1,0,0,0,2,1,0,0,0,1,0,0,0,0,0,0,0,0,2,1,0,0,1,0,0,4,4,1,5,1,2,0,0,0,5,1,1,1,0,0,0,1,0,1,2,0,1,0,1,0,0,0,0,1,4,3,0,1,2,0,0,0,0,0,0,0,0,0,0,0,0,0,0,0,0,0,0,0,0,0,0,0,0,0,0,0,0,0,0,0,0,0,0,0,0,0,0,0,0,0,0,0,0,0,0,0,0,0,0,0,0,0,0,0,0,0,-0.1357142857142857,-0.6464285714285715,-0.3,-0.44642857142857145,-2.125,0.2571428571428571,-0.10714285714285714,-0.9107142857142857,-0.5857142857142857,-1.5035714285714286,-1.0107142857142857,-0.3,-0.7535714285714286,-1.9,0.30357142857142855,0.6035714285714285,-0.017857142857142856,-2.6964285714285716,-1.5321428571428573,-1.0571428571428572
P03962,0.09363295880149813,0.052434456928838954,0.02247191011235955,0.07116104868913857,0.0149812734082397,0.0299625468164794,0.06367041198501873,0.10112359550561797,0.0149812734082397,0.052434456928838954,0.09737827715355805,0.08239700374531835,0.02247191011235955,0.0299625468164794,0.026217228464419477,0.0449438202247191,0.06367041198501873,0.011235955056179775,0.033707865168539325,0.07116104868913857,5,3,2,2,2,1,0,5,3,4,0,2,4,0,4,1,2,1,1,1,0,1,0,2,0,1,1,0,3,2,2,0,1,2,1,3,1,1,1,1,3,0,0,1,0,0,1,0,0,2,4,1,0,3,2,0,3,3,0,2,2,3,1,3,2,1,0,0,0,0,0,1,3,0,0,1,0,3,1,1,0,1,0,0,5,1,2,0,3,0,0,0,1,0,0,0,0,0,3,2,1,0,3,4,1,1,3,0,2,0,3,0,2,2,0,1,1,1,0,1,1,0,1,1,0,0,3,1,1,0,0,1,0,1,0,0,0,1,0,0,0,0,0,0,0,0,0,1,3,0,1,0,0,1,0,1,0,0,1,0,0,1,2,0,1,2,0,0,2,0,0,1,0,0,0,0,1,0,0,0,1,0,1,0,1,0,0,0,0,0,0,0,0,0,0,0,3,2,3,0,1,2,0,2,2,1,0,0,1,0,2,0,4,1,1,0,0,1,0,0,0,0,0,0,0,1,1,0,0,1,0,1,0,1,1,1,2,0,0,0,1,0,0,0,0,1,4,3,2,2,1,0,1,2,1,0,0,0,0,2,1,1,0,1,0,0,1,0,1,0,0,0,0,2,0,3,1,0,1,0,2,2,0,0,1,0,0,0,0,0,0,0,0,0,0,0,0,0,0,0,0,0,0,0,1,1,0,0,0,1,0,0,0,0,0,0,0,0,0,0,0,0,0,0,0,0,1,0,0,0,0,0,0,0,0,0,0,0,0,0,0,0,0,-0.02631578947368421,-1.3120300751879699,-1.5601503759398496,-1.4360902255639099,-2.56390977443609,-1.105263157894737,-1.056390977443609,-1.5714285714285714,-1.7894736842105263,-1.1654135338345866,-1.3045112781954886,-1.056390977443609,-1.2894736842105263,-2.1240601503759398,-1.9661654135338347,-0.9736842105263158,-1.0827067669172932,-3.1278195488721803,-1.9248120300751879,-0.9511278195488722
P04386,0.04880817253121453,0.04086265607264472,0.07037457434733257,0.0510783200908059,0.02043132803632236,0.05221339387060159,0.04540295119182747,0.032917139614074914,0.019296254256526674,0.06356413166855845,0.10783200908059024,0.053348467650397274,0.021566401816118047,0.043132803632236094,0.05221339387060159,0.11350737797956867,0.07491486946651532,0.01362088535754824,0.03064699205448354,0.04426787741203178,1,3,3,1,0,2,0,3,8,10,2,2,2,0,6,8,5,4,6,4,0,0,4,8,3,1,3,0,0,1,2,1,0,0,0,1,2,4,0,2,5,0,1,1,0,1,1,0,0,2,7,9,9,2,3,2,11,16,19,7,8,2,3,11,20,12,7,6,4,1,4,8,6,6,3,3,0,2,3,7,3,3,3,1,0,3,5,4,2,1,1,0,1,1,2,2,0,0,3,8,13,2,0,3,0,9,18,19,12,2,3,1,5,11,12,7,6,5,1,3,7,7,6,1,4,0,3,8,3,4,2,4,1,4,4,3,1,0,3,0,0,0,0,1,2,0,0,4,6,2,4,2,2,0,4,8,5,6,2,2,0,2,13,10,4,4,0,0,5,5,6,7,2,5,0,0,4,2,3,0,0,0,1,6,2,5,2,1,0,0,1,0,0,0,0,0,0,1,3,1,0,1,2,4,9,5,1,3,2,1,4,5,2,2,1,1,1,5,1,4,2,2,1,0,2,3,1,2,1,0,0,1,2,2,0,1,0,1,0,1,0,0,0,1,0,0,2,3,1,0,2,0,3,5,2,2,5,4,1,1,6,6,3,2,1,0,2,1,1,5,0,1,1,0,4,2,2,1,0,0,1,5,3,0,1,4,0,1,0,1,0,0,0,0,0,0,0,1,0,1,0,0,2,1,0,0,1,0,0,1,0,1,0,0,0,1,1,1,1,0,0,0,1,2,0,0,2,0,0,0,0,0,1,0,0,0,0,0,0,0,0,0,0,-0.39545454545454545,-0.40795454545454546,-0.14545454545454545,-0.5261363636363636,-1.259090909090909,-0.09545454545454546,-0.5943181818181819,-1.4329545454545454,-0.21477272727272728,-0.7954545454545454,-0.5397727272727273,-0.8613636363636363,-0.3488636363636364,-0.8193181818181818,-0.27954545454545454,0.4034090909090909,-0.07386363636363637,-1.5636363636363637,-0.8079545454545455,-0.9420454545454545
P04387,0.06896551724137931,0.034482758620689655,0.06206896551724138,0.03908045977011494,0.004597701149425287,0.041379310344827586,0.04827586206896552,0.0735632183908046,0.022988505747126436,0.08735632183908046,0.09195402298850575,0.05517241379310345,0.022988505747126436,0.04597701149425287,0.04827586206896552,0.08505747126436781,0.052873563218390804,0.006896551724137931,0.05057471264367816,0.05747126436781609,1,3,0,5,4,3,0,6,2,6,3,2,4,0,2,1,4,1,1,1,0,5,9,4,1,0,2,0,1,3,3,1,0,2,0,1,2,4,0,0,0,0,0,0,0,0,0,0,0,4,5,5,6,1,2,0,6,4,5,2,2,5,0,4,4,7,5,4,3,2,1,4,5,2,1,1,0,1,3,1,4,2,1,0,4,7,2,2,2,0,0,0,0,0,0,0,0,0,2,6,5,6,0,1,0,2,5,6,3,4,3,0,4,3,8,3,1,1,0,3,3,5,0,1,0,0,1,4,1,0,2,0,0,1,4,1,0,0,0,0,1,0,1,0,0,0,0,4,4,0,2,3,0,0,4,5,3,4,1,3,0,4,6,1,1,2,1,0,1,1,0,0,1,0,0,0,1,2,0,0,0,0,1,3,0,0,0,0,0,0,0,0,0,0,0,0,3,1,0,1,1,0,0,2,2,3,2,1,1,0,3,5,0,1,0,0,0,2,3,1,0,0,0,0,1,0,2,1,0,0,0,1,0,1,0,0,1,0,0,0,0,0,0,0,0,2,3,0,1,1,1,0,3,6,5,0,2,1,0,2,4,0,1,0,0,0,1,0,0,0,0,1,0,2,0,0,0,0,0,0,0,1,0,0,0,0,0,0,0,0,0,0,0,0,0,1,0,0,0,0,0,0,0,0,0,0,0,0,1,0,0,0,0,0,0,0,0,0,0,0,0,0,0,0,0,0,0,0,0,0,0,0,0,0,0,0,0,0,0,0,0,0,0,-0.04838709677419355,-0.6866359447004609,-0.9032258064516129,-0.804147465437788,-1.847926267281106,-0.6497695852534562,-0.4976958525345622,-0.988479262672811,-0.7304147465437788,-0.868663594470046,-0.9354838709677419,-0.8271889400921659,-0.7258064516129032,-1.2695852534562213,-1.1359447004608294,-0.47465437788018433,-0.4608294930875576,-1.7580645161290323,-1.055299539170507,-0.5599078341013825
P04807,0.06995884773662552,0.03909465020576132,0.03909465020576132,0.06995884773662552,0.00823045267489712,0.04526748971193416,0.06584362139917696,0.08436213991769548,0.0102880658436214,0.0823045267489712,0.0720164609053498,0.0720164609053498,0.026748971193415638,0.04938271604938271,0.059670781893004114,0.051440329218107,0.06172839506172839,0.00823045267489712,0.03292181069958848,0.051440329218107,5,8,4,3,4,2,0,5,9,4,2,5,2,0,3,6,4,0,3,2,0,3,4,0,0,1,1,0,1,2,1,0,3,2,0,3,2,1,2,0,1,0,1,0,0,0,0,0,0,9,7,3,3,3,2,1,7,5,3,4,4,10,0,2,5,3,1,2,4,0,3,1,1,2,3,3,0,4,3,2,1,4,3,0,2,2,7,3,2,4,0,0,0,0,0,0,0,0,4,3,4,1,2,3,0,7,5,1,1,3,4,0,4,0,4,2,2,4,0,1,1,2,1,1,0,0,1,1,5,1,0,2,0,1,2,3,1,1,3,1,1,0,0,0,0,0,0,3,3,4,0,0,0,0,2,5,2,0,3,1,0,3,1,2,1,0,0,0,1,1,3,0,1,1,0,0,1,2,2,1,0,0,0,4,0,1,0,1,0,0,1,0,0,0,0,0,2,2,1,2,0,1,0,4,5,2,1,0,0,0,3,3,1,2,2,1,0,1,2,1,1,0,0,1,1,2,2,2,0,1,0,1,5,0,1,1,0,0,0,0,0,0,0,0,0,2,4,2,0,0,0,0,2,4,5,5,2,3,0,2,6,2,0,1,1,1,1,3,0,3,0,1,0,1,3,0,0,0,0,0,1,6,2,0,0,2,0,0,0,0,1,0,0,0,0,0,1,0,0,1,0,1,0,0,0,0,0,0,0,0,0,0,0,0,0,0,1,0,0,0,0,0,0,0,0,0,0,0,0,0,0,0,0,0,0,0,0,0,0,0,0,0,0,-0.6701030927835051,-1.1175257731958763,-1.2948453608247423,-1.3690721649484536,-1.9257731958762887,-1.0494845360824743,-0.9587628865979382,-1.6185567010309279,-1.4103092783505156,-1.1298969072164948,-1.1896907216494845,-0.9525773195876288,-0.9278350515463918,-1.8061855670103093,-2.0164948453608247,-0.6701030927835051,-0.7587628865979381,-2.802061855670103,-1.6288659793814433,-0.9175257731958762
P04821,0.04657016991818754,0.04153555695405916,0.08558842039018251,0.05852737570799245,0.007551919446192574,0.028319697923222153,0.0591567023285085,0.03146633102580239,0.02076777847702958,0.06419131529263687,0.08999370673379484,0.0723725613593455,0.019509125235997484,0.04657016991818754,0.04090623033354311,0.1340465701699182,0.06733794839521712,0.007551919446192574,0.030837004405286344,0.04719949653870359,4,6,8,0,6,4,0,6,10,7,10,3,8,0,11,12,16,7,9,4,0,5,5,5,4,6,1,0,3,6,4,2,2,2,1,5,3,3,5,3,2,0,1,0,0,0,0,0,0,4,8,14,7,2,5,1,11,18,25,15,17,15,1,9,20,20,13,9,7,0,9,9,21,6,9,9,0,4,11,12,3,5,3,1,6,14,10,9,9,11,0,1,0,0,0,0,1,0,9,11,16,9,5,4,0,10,27,23,18,5,14,0,18,21,32,17,10,8,0,6,17,15,7,7,1,1,7,9,16,4,8,1,0,4,3,16,5,3,7,1,0,0,2,1,0,0,0,7,6,9,5,3,1,0,6,19,10,6,5,7,0,6,15,14,8,5,7,0,7,9,6,5,2,5,0,1,9,5,3,5,5,0,3,4,4,7,4,2,0,0,0,1,0,0,0,0,1,7,4,1,3,2,0,4,17,6,4,7,10,0,5,17,13,4,7,5,2,2,5,2,3,1,2,0,2,8,8,2,6,2,0,1,6,2,4,0,2,1,1,0,0,1,1,0,0,2,4,8,4,1,4,0,4,11,7,10,2,4,1,5,11,12,5,3,8,1,2,8,6,7,3,6,0,1,3,8,1,2,3,1,4,8,10,2,0,3,0,1,1,0,0,0,0,0,1,2,0,0,0,1,0,0,0,0,0,0,1,0,0,1,0,0,2,0,0,0,0,0,2,0,0,0,0,1,0,0,0,0,0,0,1,0,0,0,0,0,0,0,0,0,0,0,0,-0.5447103274559194,-0.5843828715365239,-0.4433249370277078,-0.6775818639798489,-1.9017632241813602,-0.16120906801007556,-0.29093198992443325,-1.4269521410579344,-0.7827455919395466,-1.0604534005037782,-0.8589420654911839,-0.37531486146095716,-0.7940806045340051,-1.25,-0.6158690176322418,0.07178841309823678,-0.21914357682619648,-2.3161209068010074,-1.0384130982367759,-0.940176322418136
P05373,0.09941520467836257,0.06140350877192982,0.038011695906432746,0.07017543859649122,0.02631578947368421,0.017543859649122806,0.05555555555555555,0.07602339181286549,0.02631578947368421,0.07602339181286549,0.09941520467836257,0.043859649122807015,0.017543859649122806,0.04093567251461988,0.05847953216374269,0.05555555555555555,0.038011695906432746,0.005847953216374269,0.04093567251461988,0.05263157894736842,8,8,2,1,3,2,2,3,5,3,1,2,2,0,2,2,2,2,2,1,1,0,3,3,1,0,0,0,3,1,0,0,2,1,0,1,1,1,0,2,1,1,0,1,0,2,0,0,0,4,4,4,2,4,1,0,6,12,4,2,3,3,0,2,2,2,1,2,4,0,2,1,1,1,1,2,0,4,2,1,2,0,0,0,2,3,4,0,3,2,0,1,0,0,0,0,0,0,2,1,2,1,0,2,1,4,2,1,2,2,5,0,0,4,1,0,0,2,0,1,0,1,1,1,0,0,0,2,0,1,0,1,0,1,3,1,0,3,0,1,1,0,0,0,1,0,0,3,1,1,2,0,0,0,1,2,2,1,0,0,0,2,1,1,0,0,1,1,0,0,2,1,1,0,0,0,1,1,0,0,1,0,0,1,1,0,0,1,0,0,0,0,0,0,0,0,4,2,1,0,0,1,0,2,4,1,0,2,2,0,2,2,0,0,0,0,0,2,2,0,0,0,0,0,1,1,0,0,0,1,0,2,1,1,0,1,0,0,0,1,0,0,0,0,0,4,0,2,1,0,0,0,3,3,2,2,0,1,0,1,5,1,1,0,1,0,0,0,0,0,0,0,0,0,4,2,1,0,1,1,1,2,1,0,0,1,0,0,2,0,0,0,0,0,1,0,0,0,0,1,0,0,2,0,0,0,1,1,0,0,0,0,0,0,0,2,0,0,0,0,0,0,0,0,0,0,1,0,0,0,0,0,0,0,0,0,0,0,0,0,0,0,0,-0.41055718475073316,-1.187683284457478,-1.3753665689149561,-1.3255131964809383,-2.102639296187683,-1.0146627565982405,-0.9912023460410557,-1.7771260997067448,-1.4721407624633431,-1.3372434017595307,-1.346041055718475,-1.0146627565982405,-0.9589442815249267,-1.9149560117302054,-1.8269794721407624,-0.7302052785923754,-0.9501466275659824,-2.838709677419355,-1.6070381231671553,-1.1085043988269794
P05453,0.06277372262773723,0.026277372262773723,0.06569343065693431,0.043795620437956206,0.0072992700729927005,0.07737226277372262,0.08321167883211679,0.08759124087591241,0.01897810218978102,0.04671532846715328,0.051094890510948905,0.09635036496350365,0.027737226277372264,0.02335766423357664,0.043795620437956206,0.051094890510948905,0.05693430656934306,0.00583941605839416,0.051094890510948905,0.072992700729927,6,7,4,7,3,7,0,9,4,6,4,7,2,0,2,4,7,1,4,3,0,4,5,11,6,2,5,0,2,3,2,0,4,2,0,4,3,2,2,2,3,0,1,0,2,1,0,0,0,6,6,4,2,2,3,0,3,2,6,3,2,1,0,3,7,5,1,4,4,0,6,3,5,3,3,0,0,6,5,2,1,1,1,0,3,0,1,1,3,4,0,0,0,0,0,0,1,0,7,4,6,11,3,0,2,5,4,2,1,2,4,0,7,1,2,3,3,3,0,6,3,0,8,0,0,0,4,3,0,5,4,5,0,5,5,5,3,0,0,0,0,0,0,0,0,0,0,7,3,3,8,2,1,0,1,1,3,8,0,2,1,14,2,5,8,2,2,0,4,1,13,8,1,0,0,1,1,1,2,0,2,0,1,0,2,0,5,0,0,0,0,0,0,0,0,0,6,7,1,1,0,3,0,2,4,3,3,3,3,0,4,2,0,3,2,1,0,3,3,2,2,0,0,0,3,2,2,1,1,3,0,2,3,3,0,1,5,0,0,0,0,0,0,0,0,2,4,3,4,3,2,2,3,2,4,1,2,0,0,2,1,1,1,6,5,0,1,1,2,0,1,2,0,2,4,5,1,2,1,0,4,1,3,1,3,5,0,0,0,0,0,0,0,0,0,1,0,0,0,0,0,0,0,0,0,0,0,0,1,1,0,0,0,0,0,0,0,0,0,0,1,0,0,0,0,0,0,0,0,0,0,0,0,1,0,0,0,0,0,0,0,0,0,-0.5614035087719298,-1.0497076023391814,-0.9853801169590644,-1.162280701754386,-2.7865497076023393,-0.6403508771929824,-0.6418128654970761,-1.2923976608187135,-1.7046783625730995,-1.4941520467836258,-1.8347953216374269,-0.5526315789473685,-1.327485380116959,-2.340643274853801,-1.3845029239766082,-0.8157894736842105,-0.7514619883040936,-3.2646198830409356,-1.9970760233918128,-1.1301169590643274
P05986,0.03768844221105527,0.04271356783919598,0.06030150753768844,0.05778894472361809,0.010050251256281407,0.03768844221105527,0.0728643216080402,0.05778894472361809,0.02763819095477387,0.06281407035175879,0.08793969849246232,0.07035175879396985,0.02763819095477387,0.05025125628140704,0.05778894472361809,0.06030150753768844,0.05778894472361809,0.01256281407035176,0.052763819095477386,0.05527638190954774,0,3,2,1,0,2,0,1,2,8,1,1,1,2,2,4,2,3,2,0,0,2,3,1,4,2,1,0,1,0,0,0,0,0,0,1,4,0,1,0,2,0,0,1,0,0,0,0,0,2,3,3,1,0,1,0,1,7,2,5,4,5,0,3,4,4,3,5,5,0,3,4,2,1,0,2,0,4,3,1,1,3,2,0,4,0,4,3,4,2,0,1,1,0,0,0,0,0,2,2,2,2,0,2,1,1,5,4,0,6,4,0,3,1,1,1,2,3,1,1,3,3,1,2,1,0,4,4,1,1,2,1,0,1,3,3,1,1,0,0,0,0,0,0,0,1,0,1,2,1,3,1,1,0,2,4,3,3,0,3,0,1,3,2,2,3,1,0,0,2,3,2,1,1,0,2,1,0,0,1,1,0,2,2,1,0,0,0,0,0,0,0,0,0,0,0,1,5,3,2,0,1,0,1,5,1,1,2,3,0,0,3,2,2,0,0,0,0,0,2,0,0,0,0,1,4,0,0,0,1,0,0,2,1,1,0,1,0,0,0,0,0,0,0,0,2,1,2,4,0,0,0,3,1,5,2,1,0,0,2,5,2,0,1,0,0,3,3,1,1,0,0,0,0,1,5,0,0,0,0,1,1,1,2,1,1,0,0,0,0,0,0,0,0,0,0,0,0,0,1,0,1,0,1,0,0,0,0,0,0,0,0,0,0,0,0,0,0,0,0,0,0,0,0,0,0,0,0,0,0,0,0,0,0,1,0,0,0,0,0,0,0,0,-1.513853904282116,-1.5894206549118388,-1.7455919395465995,-1.871536523929471,-2.1259445843828715,-1.4534005037783375,-1.4080604534005037,-2.6171284634760705,-1.654911838790932,-1.7380352644836272,-1.7153652392947103,-1.2367758186397986,-1.508816120906801,-2.1309823677581865,-2.0680100755667508,-1.0982367758186398,-1.415617128463476,-3.6851385390428213,-2.123425692695214,-1.654911838790932
P06633,0.10909090909090909,0.045454545454545456,0.02727272727272727,0.05,0.01818181818181818,0.031818181818181815,0.08181818181818182,0.07727272727272727,0.05454545454545454,0.07272727272727272,0.09090909090909091,0.05454545454545454,0.01818181818181818,0.03636363636363636,0.031818181818181815,0.06818181818181818,0.05,0.004545454545454545,0.004545454545454545,0.07272727272727272,5,2,1,0,5,1,0,8,2,1,1,1,1,1,1,1,0,2,0,1,0,1,4,1,0,0,1,0,1,3,2,1,0,1,0,2,0,0,1,3,1,0,0,0,0,0,0,1,0,3,6,3,3,2,3,1,3,1,3,1,0,0,0,0,2,1,3,0,2,0,0,3,0,0,0,0,0,0,0,2,1,2,0,0,4,0,0,0,0,0,0,0,0,0,0,0,2,0,0,1,0,2,0,2,0,4,0,0,0,3,2,0,1,1,0,1,0,0,0,2,0,1,1,1,2,0,0,0,0,1,0,0,0,0,1,1,1,0,0,1,0,0,0,0,0,0,0,0,1,1,1,0,0,0,2,1,3,0,1,1,0,2,2,0,1,0,0,0,0,0,0,0,0,2,0,2,0,0,0,0,0,0,1,2,1,1,0,1,0,0,0,0,0,0,0,0,2,2,0,0,1,0,0,3,0,1,0,0,0,1,1,1,1,0,0,1,0,0,1,1,1,0,1,0,2,0,0,0,0,0,0,0,1,0,0,1,0,0,0,0,0,0,0,0,0,4,3,0,1,0,1,0,1,4,0,1,0,0,0,0,0,2,0,1,0,0,0,0,2,0,1,0,0,0,2,0,1,0,1,0,0,2,1,0,0,0,0,0,0,1,0,0,0,0,0,0,0,0,0,0,0,0,0,0,0,0,0,0,0,1,0,0,0,0,0,0,0,0,0,0,0,0,0,0,0,0,0,0,0,2,0,0,0,0,1,0,0,0,0,0,0,0,0,-1.1598173515981736,-1.8949771689497716,-1.9771689497716896,-1.9771689497716896,-2.7442922374429224,-1.8447488584474885,-1.6849315068493151,-2.1963470319634704,-1.7671232876712328,-1.7762557077625571,-1.8401826484018264,-1.7168949771689497,-1.643835616438356,-2.278538812785388,-2.9452054794520546,-1.3150684931506849,-1.2328767123287672,-3.3607305936073057,-2.3059360730593608,-1.4885844748858448
P06700,0.051601423487544484,0.033807829181494664,0.06227758007117438,0.060498220640569395,0.019572953736654804,0.030249110320284697,0.046263345195729534,0.04804270462633452,0.030249110320284697,0.07295373665480427,0.09430604982206406,0.08718861209964412,0.023131672597864767,0.03914590747330961,0.06227758007117438,0.07473309608540925,0.05338078291814947,0.005338078291814947,0.03914590747330961,0.06583629893238434,5,2,9,0,5,1,0,2,9,3,2,1,4,1,6,4,3,5,1,0,0,0,2,4,0,1,1,1,0,3,2,4,0,2,0,2,2,1,2,1,0,0,0,0,1,0,1,0,0,4,4,5,4,3,5,0,7,5,11,4,7,7,0,3,6,6,4,4,4,0,2,0,3,2,5,3,0,2,5,2,4,2,4,0,1,4,4,3,2,7,1,0,2,0,0,0,0,0,10,6,3,2,1,1,1,7,5,4,1,3,4,1,6,4,3,3,3,2,0,4,9,2,0,2,0,0,1,4,2,1,0,0,0,0,4,0,1,3,0,0,0,1,1,0,0,0,0,3,5,0,0,1,0,1,3,9,3,1,2,3,0,4,8,2,2,0,1,0,0,1,2,1,1,0,1,1,4,1,1,3,0,0,0,2,1,0,1,1,0,0,0,1,1,1,0,0,0,2,2,1,1,1,0,3,5,4,2,4,3,0,1,2,1,3,0,0,2,2,8,1,1,1,1,0,2,1,2,2,2,0,0,1,1,2,3,1,0,0,0,0,0,0,0,0,0,0,3,0,2,0,0,0,2,6,1,5,2,1,0,1,0,7,0,0,1,0,1,1,5,2,0,0,1,1,3,0,1,2,2,0,1,3,1,1,1,0,1,0,0,1,0,0,1,0,0,0,0,0,0,0,0,1,2,0,0,0,0,0,3,1,0,0,0,0,0,1,0,0,0,0,0,0,0,1,0,1,0,0,0,0,1,0,0,0,0,0,0,0,0,0,0,0,0,-0.6488413547237076,-0.7557932263814616,-0.9803921568627451,-0.9696969696969697,-2.0427807486631018,-0.6862745098039216,-0.6452762923351159,-1.6666666666666667,-1.0873440285204992,-1.2959001782531194,-1.1693404634581106,-0.6470588235294118,-1.0106951871657754,-1.5971479500891266,-1.2085561497326203,-0.5062388591800356,-0.6827094474153298,-2.513368983957219,-1.4581105169340463,-1.1105169340463459
P06701,0.0408997955010225,0.041922290388548056,0.06646216768916155,0.05725971370143149,0.007157464212678937,0.03578732106339468,0.09100204498977506,0.041922290388548056,0.013292433537832311,0.08895705521472393,0.08282208588957055,0.09713701431492842,0.022494887525562373,0.03783231083844581,0.03885480572597137,0.09406952965235174,0.04805725971370143,0.009202453987730062,0.024539877300613498,0.06032719836400818,6,5,2,2,3,3,2,2,6,3,4,7,6,0,4,7,5,1,3,4,0,4,4,5,5,2,4,0,3,3,1,3,7,2,0,1,5,4,2,1,4,1,0,3,0,0,0,0,0,4,7,7,6,3,6,0,7,12,8,7,9,9,0,7,11,7,4,8,7,0,3,10,5,3,3,8,0,2,9,10,5,6,9,0,6,8,7,5,8,5,1,0,0,0,0,0,1,0,2,7,5,7,3,4,0,8,10,14,8,6,11,0,4,12,8,4,2,8,1,1,5,0,1,5,1,0,4,4,1,3,4,2,0,1,3,7,7,4,6,0,1,0,0,0,0,0,0,6,3,2,2,4,4,0,4,9,5,4,7,6,0,3,7,4,0,3,3,0,5,6,3,2,0,2,0,1,4,2,2,0,2,0,1,3,3,2,4,4,0,0,0,0,0,0,0,0,0,5,4,4,3,1,0,4,7,7,3,7,7,0,3,10,7,2,1,0,0,3,5,4,5,0,0,0,4,7,5,4,6,1,0,4,6,3,1,1,2,0,0,0,0,0,0,0,0,5,1,4,3,2,0,1,7,7,7,5,4,1,0,7,10,8,2,1,6,0,5,5,3,2,1,2,0,3,8,4,0,4,1,0,3,6,9,1,2,3,0,1,1,0,0,0,0,0,0,0,1,0,1,0,0,1,1,0,1,1,0,0,0,0,0,0,0,0,0,0,0,0,0,0,0,0,0,0,0,0,0,0,0,0,0,1,0,0,0,0,0,0,0,0,0,0,0,-0.35516888433981575,-0.15250767656090072,-0.4155578300921187,-0.3203684749232344,-2.0470829068577276,-0.14124872057318322,0.22824974411463664,-1.263050153531218,-0.8915046059365405,-0.7799385875127943,-0.8413510747185261,0.2210849539406346,-0.7615148413510747,-1.3981576253838282,-0.38996929375639716,0.044012282497441144,-0.18321392016376664,-2.5435005117707266,-1.322415557830092,-0.6960081883316275
P06778,0.07430997876857749,0.055201698513800426,0.07006369426751592,0.07430997876857749,0.004246284501061571,0.044585987261146494,0.06157112526539278,0.05307855626326964,0.014861995753715499,0.04670912951167728,0.055201698513800426,0.08492569002123142,0.021231422505307854,0.03821656050955414,0.06369426751592357,0.07218683651804671,0.08067940552016985,0.004246284501061571,0.021231422505307854,0.059447983014861996,4,4,3,1,3,2,0,7,4,3,2,6,3,0,5,1,4,3,2,1,1,2,2,4,1,1,0,0,2,2,3,1,1,2,0,1,4,2,0,1,0,0,0,0,0,0,0,0,0,7,5,3,3,2,1,0,2,1,2,4,0,5,0,3,3,1,5,3,3,0,1,2,2,2,4,1,0,5,3,2,0,4,1,0,0,4,1,1,3,6,0,0,0,0,1,0,0,0,2,6,5,1,3,1,0,1,1,6,3,3,2,1,4,4,3,3,2,3,0,4,3,3,2,3,2,0,1,3,1,1,2,2,0,0,2,2,0,3,2,0,1,0,0,0,0,0,0,2,4,2,3,0,2,0,3,2,2,1,1,2,0,2,0,2,3,3,0,0,4,1,0,1,1,3,0,2,1,5,0,1,1,0,3,1,0,3,0,1,0,0,0,0,0,0,0,0,2,3,2,2,3,1,0,5,2,2,0,1,2,0,2,3,7,2,0,0,0,1,1,1,1,0,0,0,2,1,2,1,2,3,0,0,3,3,3,1,2,0,0,0,0,0,0,0,0,0,2,2,0,0,1,0,3,4,3,2,4,1,0,2,5,2,1,0,2,0,0,2,1,3,1,2,0,1,2,1,1,1,3,0,1,3,4,2,1,1,0,0,0,0,0,0,0,0,0,1,0,0,0,0,0,0,0,0,0,0,0,0,0,0,0,0,0,0,0,1,0,0,0,0,0,0,0,0,0,0,0,0,0,0,0,0,0,0,0,0,0,0,0,0,0,0,0,-0.02553191489361702,-0.551063829787234,-0.5957446808510638,-0.8936170212765957,-2.480851063829787,0.014893617021276596,-0.2574468085106383,-1.0021276595744681,-0.9404255319148936,-1.6893617021276597,-1.602127659574468,-0.20638297872340425,-1.2936170212765958,-2.178723404255319,1.2148936170212765,0.4595744680851064,0.3,-3.1,-1.6936170212765957,-1.1212765957446809
P06782,0.052132701421800945,0.03475513428120063,0.0631911532385466,0.06477093206951026,0.00631911532385466,0.037914691943127965,0.06635071090047394,0.045813586097946286,0.04897314375987362,0.07424960505529225,0.08688783570300158,0.07582938388625593,0.030015797788309637,0.0315955766192733,0.04739336492890995,0.09320695102685624,0.04739336492890995,0.011058451816745656,0.036334913112164295,0.045813586097946286,2,4,4,2,1,1,1,2,3,10,5,3,3,0,2,6,5,2,3,2,0,3,1,3,2,0,1,0,1,1,1,2,1,0,0,3,4,2,1,2,0,0,0,0,2,0,0,0,0,5,5,4,0,1,2,0,3,6,14,7,7,3,0,6,5,9,5,3,6,0,4,6,3,3,3,4,0,5,8,2,2,2,1,0,4,2,2,3,2,5,0,0,0,0,0,0,0,0,3,2,7,1,0,4,1,3,10,1,4,5,5,0,3,5,6,3,5,5,0,5,2,6,4,0,1,0,2,4,4,6,3,1,0,1,6,2,3,1,5,0,0,0,0,0,0,0,0,3,8,1,2,2,3,0,2,6,4,3,1,1,0,3,5,3,5,3,2,0,0,3,6,13,2,1,0,1,4,1,1,0,0,0,2,2,2,1,1,4,0,0,0,1,0,0,0,0,0,3,2,4,1,1,0,4,8,2,2,1,4,0,2,1,1,2,4,2,0,5,3,0,2,2,1,1,2,1,2,1,0,0,1,0,1,1,1,1,0,0,0,1,0,0,0,0,0,2,4,2,1,1,1,0,3,7,2,2,3,2,0,2,6,3,0,2,0,0,2,2,2,1,0,4,0,0,3,2,2,1,2,0,1,4,4,2,3,5,0,0,0,0,0,0,0,0,0,0,0,0,0,0,0,0,0,1,0,0,0,0,0,0,1,1,0,1,0,0,0,0,0,0,0,0,0,0,0,0,0,0,0,0,0,0,0,0,0,0,0,0,0,0,0,0,0,-1.0680379746835442,-0.8939873417721519,-1.0838607594936709,-1.2531645569620253,-2.028481012658228,-0.8227848101265823,-0.7768987341772152,-2.0854430379746836,-1.2088607594936709,-1.4778481012658229,-1.3196202531645569,-0.680379746835443,-1.125,-1.9572784810126582,-1.254746835443038,-0.34968354430379744,-0.8971518987341772,-3.2990506329113924,-1.9145569620253164,-1.3718354430379747
P06786,0.04551820728291316,0.04201680672268908,0.056022408963585436,0.06372549019607843,0.0063025210084033615,0.0350140056022409,0.09313725490196079,0.0546218487394958,0.01610644257703081,0.08123249299719888,0.08053221288515407,0.11134453781512606,0.0196078431372549,0.036414565826330535,0.0392156862745098,0.06582633053221289,0.05812324929971989,0.01050420168067227,0.04201680672268908,0.042717086834733894,7,5,6,4,6,5,0,7,9,10,7,7,7,0,10,9,9,4,6,3,1,3,14,1,2,4,5,0,4,6,7,4,6,0,0,3,4,3,6,5,5,0,0,0,0,0,0,0,0,4,12,4,10,7,3,0,8,21,20,8,8,17,1,7,16,9,13,11,8,3,4,6,4,4,7,14,2,7,14,6,8,10,5,0,6,14,17,4,8,6,1,1,0,0,1,0,0,0,9,12,10,5,6,5,0,12,13,9,7,13,13,0,6,13,14,5,6,6,0,5,2,7,4,3,6,0,7,6,8,4,8,6,0,4,8,2,0,6,9,0,1,0,0,0,1,2,0,3,8,5,2,1,3,0,3,11,10,4,5,9,0,6,8,4,1,4,3,0,1,7,2,0,3,3,0,2,9,1,4,6,4,0,6,11,3,3,5,6,0,0,2,0,0,0,0,0,7,4,8,4,6,6,0,4,13,7,11,9,3,1,12,11,7,1,6,2,0,4,7,8,4,5,2,0,7,10,10,4,10,3,0,1,6,6,3,2,5,0,0,0,0,0,0,0,0,3,6,7,4,1,4,0,6,16,10,4,7,7,0,6,10,8,3,6,7,0,5,5,4,2,4,4,0,8,3,5,6,4,5,0,5,7,7,8,5,21,0,0,0,0,0,1,0,0,0,0,2,0,0,0,0,0,0,1,0,1,0,0,0,0,0,0,0,0,0,0,1,0,0,0,0,0,0,0,2,0,0,0,0,0,0,2,0,0,0,0,0,0,0,0,0,0,0,-0.7175893482831114,-0.5991590749824808,-0.7456201822004205,-0.7414155571128241,-2.6965662228451297,-0.3910301331464611,0.06797477224947442,-1.718990889978977,-1.1899088997897687,-1.0728801681850035,-1.1618780658724597,0.036440084092501754,-1.0749824807288018,-1.9159074982480728,-1.5227750525578136,-0.47091800981079185,-0.6075683251576735,-2.9271198318149967,-1.682550805886475,-1.0567624386825507
P06843,0.04804804804804805,0.08408408408408409,0.04504504504504504,0.07807807807807808,0.0,0.03003003003003003,0.11711711711711711,0.057057057057057055,0.015015015015015015,0.03303303303303303,0.06606606606606606,0.15015015015015015,0.02702702702702703,0.024024024024024024,0.06006006006006006,0.09009009009009009,0.018018018018018018,0.006006006006006006,0.024024024024024024,0.02702702702702703,0,4,2,1,1,1,0,4,0,2,0,3,2,0,0,0,3,0,2,1,0,1,1,3,0,2,0,0,0,2,1,1,3,0,0,0,0,1,0,0,3,0,0,0,0,0,0,0,0,2,2,0,3,1,0,0,1,2,2,2,0,5,0,3,0,3,2,1,1,0,2,2,1,0,1,0,0,2,3,1,1,5,2,0,0,1,2,2,1,5,0,0,0,0,0,0,0,0,3,2,2,1,2,1,0,0,2,0,0,1,1,0,2,0,2,0,5,1,0,1,0,1,0,2,0,0,1,2,2,1,6,0,0,0,1,3,2,0,4,0,0,0,0,0,0,0,0,1,1,0,1,1,2,0,0,0,1,2,3,1,0,2,2,0,1,1,0,0,0,0,0,0,0,1,0,0,2,2,0,4,2,0,1,0,0,0,0,1,0,0,0,0,0,0,0,0,3,2,2,0,2,0,0,3,6,4,2,3,1,0,2,2,1,1,2,1,0,0,4,0,0,1,0,0,6,6,2,2,9,3,0,0,1,2,1,2,2,0,0,0,0,0,0,0,0,0,0,0,1,0,0,0,0,2,1,0,4,1,0,2,0,2,0,1,6,0,2,0,1,1,4,1,0,0,3,1,0,1,1,0,0,5,3,4,3,15,0,0,0,0,0,0,0,0,0,0,0,0,0,0,0,0,0,0,0,0,0,0,0,0,0,0,0,0,0,0,0,0,0,0,0,0,0,0,0,0,0,0,0,0,0,0,0,0,0,0,0,0,0,0,0,0,0,-0.6746987951807228,-0.24397590361445784,-0.33433734939759036,-0.5030120481927711,-2.3433734939759034,-0.015060240963855422,0.1746987951807229,-1.394578313253012,-0.9518072289156626,-1.891566265060241,-1.6626506024096386,0.1355421686746988,-0.9909638554216867,-2.0632530120481927,-1.108433734939759,-0.0783132530120482,-0.7168674698795181,-2.6536144578313254,-1.5933734939759037,-1.4216867469879517
P07270,0.08333333333333333,0.057692307692307696,0.060897435897435896,0.057692307692307696,0.003205128205128205,0.03205128205128205,0.0641025641025641,0.038461538461538464,0.041666666666666664,0.035256410256410256,0.07051282051282051,0.0641025641025641,0.016025641025641024,0.016025641025641024,0.07371794871794872,0.1282051282051282,0.07051282051282051,0.00641025641025641,0.01282051282051282,0.0673076923076923,4,2,3,0,1,2,0,4,1,4,1,2,2,0,3,1,5,1,0,2,0,0,2,1,2,1,2,0,0,1,1,1,2,2,0,3,0,1,1,0,0,0,0,0,0,0,0,0,0,4,4,1,1,2,1,0,2,3,4,0,1,2,0,4,3,5,2,2,2,0,0,1,0,0,1,0,0,1,5,0,1,0,0,0,1,3,0,1,0,4,0,0,0,0,0,0,0,0,2,4,3,3,3,1,0,1,4,4,0,0,0,0,6,1,6,4,4,0,0,1,2,4,2,1,1,0,2,1,1,1,1,0,1,0,2,2,1,1,0,0,0,0,0,0,0,0,0,0,0,2,2,0,0,0,3,1,2,1,0,2,0,0,2,1,2,1,1,0,1,1,0,3,1,2,0,0,2,1,2,2,0,0,2,0,2,5,0,0,0,0,0,0,0,0,0,0,0,0,2,1,1,1,0,0,0,4,0,4,1,0,1,2,1,2,0,0,0,1,1,1,0,2,1,0,1,0,3,1,2,1,0,0,2,0,0,0,1,0,1,0,0,0,0,0,0,1,4,2,1,0,0,0,3,3,0,0,0,2,0,2,0,2,0,0,1,0,1,2,1,1,1,3,0,1,0,0,0,1,0,0,2,1,0,1,1,1,0,0,0,0,0,0,0,0,1,0,0,0,0,0,0,0,0,0,0,0,0,0,0,0,0,0,0,0,0,0,0,0,0,0,0,0,0,0,0,0,0,0,0,0,0,0,0,0,0,0,0,0,0,0,0,0,0,-0.3633440514469453,-0.42443729903536975,-0.2508038585209003,-0.6012861736334405,-2.1382636655948555,0.06109324758842444,-0.2733118971061093,-1.0032154340836013,-0.7202572347266881,-1.3536977491961415,-1.1961414790996785,-0.3215434083601286,-0.752411575562701,-1.8006430868167203,-0.3440514469453376,0.3762057877813505,-0.08038585209003216,-2.7009646302250805,-1.5144694533762058,-1.0868167202572347
P07272,0.049778761061946904,0.049778761061946904,0.06415929203539823,0.06084070796460177,0.017699115044247787,0.02654867256637168,0.059734513274336286,0.046460176991150445,0.012168141592920354,0.06415929203539823,0.07853982300884955,0.07079646017699115,0.024336283185840708,0.0586283185840708,0.046460176991150445,0.10176991150442478,0.059734513274336286,0.011061946902654867,0.03982300884955752,0.05752212389380531,1,4,4,2,0,0,0,9,11,6,2,4,2,0,5,9,14,2,2,7,0,2,5,6,2,1,1,0,2,1,4,3,2,3,0,4,5,3,3,1,3,0,0,2,0,1,1,0,0,2,11,15,5,6,9,0,9,12,7,6,7,15,0,9,7,6,5,4,4,0,2,7,7,3,4,0,0,4,5,7,1,6,4,2,4,8,8,3,5,5,0,0,0,0,0,0,0,0,3,7,9,6,3,4,2,9,16,8,2,3,6,0,12,12,12,5,4,9,3,5,9,3,1,3,1,1,2,2,6,4,4,0,0,5,5,4,4,2,3,1,1,1,1,0,0,0,0,2,3,4,3,3,1,1,7,5,7,6,6,1,0,3,3,7,3,4,4,0,2,2,1,1,1,1,0,1,5,2,1,1,3,0,1,1,1,0,2,0,1,0,0,0,1,1,1,0,0,4,2,0,1,2,1,8,3,1,1,5,5,0,1,8,11,3,1,0,0,4,3,4,0,2,2,1,0,8,4,3,2,1,2,0,3,5,1,0,2,0,1,0,1,1,1,0,0,3,5,4,1,2,2,0,4,8,6,4,4,4,0,4,4,7,5,2,0,0,2,4,2,1,2,1,1,1,1,2,4,2,0,0,3,8,1,1,0,2,0,0,1,0,0,1,0,0,0,0,1,0,0,1,0,2,0,0,2,0,0,0,0,1,0,0,1,0,0,0,2,1,0,0,0,0,0,1,0,0,3,0,0,0,0,0,1,0,0,0,0,0,0,0,0,0,0,-0.4097452934662237,-0.4363233665559247,-0.11406423034330011,-0.4540420819490587,-1.2314507198228128,-0.04318936877076412,-0.5503875968992248,-1.345514950166113,-0.08970099667774087,-0.7497231450719822,-0.5116279069767442,-0.7973421926910299,-0.33111849390919157,-0.6733111849390919,-0.23255813953488372,0.4263565891472868,-0.09302325581395349,-1.4640088593576965,-0.7297895902547066,-0.9867109634551495
P08524,0.07954545454545454,0.03125,0.036931818181818184,0.06818181818181818,0.017045454545454544,0.03977272727272727,0.08806818181818182,0.045454545454545456,0.014204545454545454,0.06534090909090909,0.10511363636363637,0.09943181818181818,0.019886363636363636,0.045454545454545456,0.02556818181818182,0.05113636363636364,0.04261363636363636,0.011363636363636364,0.056818181818181816,0.056818181818181816,1,3,3,0,1,2,0,1,6,2,2,2,3,1,2,3,2,2,2,1,0,0,3,2,0,1,0,0,0,2,2,3,1,2,0,2,2,0,2,2,0,0,0,0,0,0,0,0,0,4,1,3,2,4,3,0,5,2,4,0,3,3,0,6,3,2,3,2,3,0,2,1,1,0,0,3,0,3,2,2,0,1,1,0,2,3,4,1,3,1,0,0,0,0,1,0,1,0,0,6,3,2,1,1,0,5,2,2,2,2,2,0,2,0,1,0,1,2,0,1,2,1,0,1,2,1,0,2,0,1,2,2,0,2,0,0,1,1,5,0,0,0,0,0,1,0,0,0,3,1,0,1,0,0,2,5,3,1,1,2,0,0,3,0,1,1,0,1,0,0,0,0,0,0,0,0,2,0,0,1,0,0,2,2,0,1,0,1,1,0,1,0,0,0,0,0,1,2,1,1,1,1,0,1,2,3,1,0,4,0,1,3,0,1,1,1,0,0,3,1,0,0,2,0,1,2,2,1,0,0,1,0,0,3,1,1,2,0,0,0,0,0,1,0,0,4,2,2,1,2,0,0,3,0,5,0,1,0,1,2,3,1,1,0,2,0,1,5,1,0,1,0,0,2,1,0,0,2,2,0,3,2,2,2,0,0,0,1,0,0,0,0,0,0,0,0,0,0,0,1,0,0,0,0,1,0,0,0,0,0,0,0,0,0,0,1,0,0,0,0,0,0,1,0,0,1,0,0,0,0,1,0,0,0,0,0,0,0,0,0,0,0,0,-0.5384615384615384,-1.1339031339031338,-1.1794871794871795,-1.1595441595441596,-2.1652421652421654,-0.8974358974358975,-0.8005698005698005,-1.8945868945868947,-1.2991452991452992,-0.9515669515669516,-0.6581196581196581,-0.8091168091168092,-0.7863247863247863,-1.5897435897435896,-2.1994301994301995,-0.6837606837606838,-0.9116809116809117,-2.871794871794872,-1.3561253561253561,-1.1253561253561253
P08536,0.060665362035225046,0.06262230919765166,0.0410958904109589,0.07045009784735812,0.0019569471624266144,0.04500978473581213,0.06262230919765166,0.06653620352250489,0.0273972602739726,0.07632093933463796,0.10176125244618395,0.043052837573385516,0.009784735812133072,0.043052837573385516,0.05870841487279843,0.06262230919765166,0.046966731898238745,0.011741682974559686,0.03718199608610567,0.07045009784735812,7,3,4,4,5,3,0,4,7,5,4,3,1,0,2,6,4,1,2,2,0,1,4,0,2,1,2,0,3,2,2,2,0,2,0,1,5,2,1,3,1,0,0,0,0,0,0,0,0,7,9,4,4,2,3,0,13,8,8,3,2,10,0,3,7,4,2,4,1,0,1,5,3,2,2,4,0,1,3,5,0,1,0,0,5,3,3,6,1,2,1,0,0,0,0,0,0,0,3,2,4,1,1,2,0,5,8,1,5,0,2,0,1,3,3,1,2,5,0,2,3,0,2,2,0,0,1,1,3,2,2,1,0,2,4,2,1,2,0,0,0,0,0,0,0,0,0,1,5,1,0,1,3,0,3,10,3,0,1,2,0,2,2,0,0,0,1,0,3,2,0,2,2,2,0,2,2,3,0,2,0,0,0,5,0,1,2,1,0,0,0,0,0,0,0,0,5,2,1,1,1,0,0,3,5,1,2,2,1,0,3,1,3,4,1,2,0,2,1,1,1,0,0,0,0,5,0,0,1,0,0,2,0,0,1,0,2,0,0,0,0,0,0,0,0,3,3,3,0,1,2,0,0,6,4,2,2,5,0,2,2,1,1,1,0,0,2,4,1,2,2,1,0,3,1,1,1,0,2,0,2,2,0,2,0,3,0,0,1,0,0,0,0,0,0,0,0,0,0,0,0,0,0,0,1,0,0,0,0,0,0,0,0,0,0,0,0,0,0,0,0,0,0,0,0,0,0,0,0,0,0,0,0,0,0,0,0,0,0,0,0,0,0,-0.7,-1.1686274509803922,-1.3666666666666667,-1.3431372549019607,-2.5392156862745097,-1.007843137254902,-0.8647058823529412,-1.8352941176470587,-1.3862745098039215,-1.384313725490196,-1.3254901960784313,-0.9784313725490196,-1.1,-1.7901960784313726,-1.607843137254902,-0.9372549019607843,-0.8588235294117647,-2.7019607843137257,-1.5235294117647058,-1.080392156862745
P08638,0.05756207674943566,0.04966139954853273,0.06772009029345373,0.046275395033860044,0.01580135440180587,0.03724604966139955,0.07900677200902935,0.034988713318284424,0.016930022573363433,0.05981941309255079,0.08803611738148984,0.060948081264108354,0.025959367945823927,0.03837471783295711,0.04401805869074492,0.1072234762979684,0.06772009029345373,0.012415349887133182,0.029345372460496615,0.060948081264108354,2,4,3,5,2,2,1,2,10,5,5,2,8,0,9,3,6,6,3,3,0,2,7,9,2,2,0,1,2,4,4,0,4,2,0,1,1,5,1,2,1,1,1,0,0,1,2,0,0,2,9,5,7,5,1,0,6,14,11,7,3,6,4,3,11,18,5,5,3,0,5,5,7,6,3,4,0,3,0,2,0,7,1,0,5,5,8,7,2,4,0,1,2,0,0,1,1,0,6,6,13,2,3,3,1,6,9,12,5,3,7,1,11,12,11,8,6,7,0,9,6,6,2,2,3,0,3,8,7,3,2,0,0,1,7,6,1,4,0,0,0,1,0,0,0,0,0,4,6,5,4,1,3,0,6,8,7,2,1,2,0,7,6,9,4,4,1,0,1,4,4,1,1,3,0,4,1,1,1,2,1,1,1,3,0,5,1,3,0,0,0,0,0,0,0,1,3,4,2,2,3,1,1,3,6,5,5,1,5,0,2,6,5,1,3,3,1,2,1,1,1,1,1,0,4,6,3,1,3,2,0,1,3,1,1,2,1,0,0,0,0,0,0,1,0,2,2,1,3,1,2,1,5,4,4,5,3,2,0,2,5,6,4,2,2,0,4,2,4,2,2,2,0,0,5,2,2,1,2,0,2,3,2,1,1,16,0,0,0,0,0,1,0,0,0,1,1,0,0,0,0,1,0,1,1,0,1,0,0,0,0,0,0,0,0,0,1,0,0,0,0,0,0,1,2,0,0,1,0,1,1,0,0,0,0,0,0,1,0,0,0,0,0,-0.45084745762711864,-0.47570621468926555,-0.2632768361581921,-0.6033898305084746,-1.5322033898305085,-0.17288135593220338,-0.5322033898305085,-1.4926553672316385,-0.4293785310734463,-0.8169491525423729,-0.6497175141242938,-0.7830508474576271,-0.5581920903954802,-0.984180790960452,-0.56045197740113,0.2903954802259887,-0.1016949152542373,-1.8271186440677967,-0.8994350282485876,-0.9570621468926553
P08640,0.06364301389904901,0.001463057790782736,0.026335040234089245,0.010241404535479151,0.014630577907827359,0.014630577907827359,0.05047549378200439,0.03291880029261156,0.0036576444769568397,0.023408924652523776,0.02121433796634967,0.021945866861741038,0.0036576444769568397,0.013167520117044623,0.10460863204096561,0.2538405267008047,0.24725676664228238,0.005852231163130944,0.016825164594001463,0.07022677395757132,3,4,18,4,0,0,1,44,6,14,1,1,0,0,10,7,78,9,3,2,2,1,2,5,2,0,0,1,1,3,0,0,0,0,0,0,2,2,1,0,0,0,0,0,0,1,0,0,0,5,32,52,0,1,0,0,4,6,8,3,2,1,0,5,33,26,3,5,2,3,3,4,7,2,1,2,0,0,1,1,1,0,2,0,1,3,2,0,0,0,0,1,0,0,0,0,0,0,11,28,30,2,2,4,0,37,8,42,8,2,3,0,45,54,255,3,6,56,5,4,3,8,2,1,3,1,2,5,6,0,2,0,0,6,1,52,1,0,0,0,7,3,3,0,0,1,0,2,2,1,3,0,1,0,0,3,4,2,0,1,1,14,3,6,1,0,0,0,0,2,2,3,0,3,1,1,0,1,0,0,0,0,1,1,2,2,1,0,1,1,0,2,0,0,0,0,2,0,1,1,1,0,0,2,0,5,1,0,1,0,2,1,5,0,0,0,4,0,0,1,0,0,0,0,0,0,2,0,1,0,0,0,0,0,0,2,0,0,0,0,0,0,0,0,0,7,0,1,0,0,0,0,0,1,3,4,0,0,0,1,2,51,5,0,0,0,1,0,2,1,0,0,0,1,0,2,0,0,0,0,0,0,0,0,0,0,0,0,0,0,0,0,1,0,0,0,8,1,0,0,0,2,0,1,0,0,0,0,0,0,3,1,1,0,0,0,0,0,1,0,0,0,0,0,0,0,0,0,0,0,1,1,0,0,0,0,0,0,0,0,0,0,0,0.15739385065885797,-1.1844802342606149,-1.0131771595900438,-1.1903367496339678,-2.4546120058565153,0.032210834553440704,-0.3074670571010249,-0.7335285505124451,-0.7547584187408491,-1.3257686676427525,-1.4084919472913617,-0.8616398243045388,-1.2181551976573939,-1.9348462664714494,2.0900439238653004,1.6002928257686677,1.6947291361639825,-3.0944363103953147,-1.7715959004392388,-0.4267935578330893
P08964,0.037863070539419084,0.04304979253112033,0.0783195020746888,0.05549792531120332,0.007261410788381743,0.05705394190871369,0.10580912863070539,0.026970954356846474,0.016078838174273857,0.06898340248962656,0.1187759336099585,0.1078838174273859,0.014522821576763486,0.03163900414937759,0.016597510373443983,0.09439834024896265,0.0487551867219917,0.005705394190871369,0.029564315352697094,0.035269709543568464,4,4,6,4,5,3,0,6,9,11,8,9,8,0,4,10,6,6,2,3,0,2,8,2,3,5,6,2,1,6,6,1,2,6,0,3,6,9,4,7,6,0,0,0,0,0,0,0,0,9,9,7,5,2,9,0,10,18,11,14,18,19,1,16,10,10,13,8,17,1,10,17,16,8,13,14,1,9,13,27,12,10,15,0,5,12,17,18,12,13,3,0,1,0,1,1,0,0,1,15,6,6,3,7,0,7,19,9,17,15,13,0,6,17,26,9,9,9,1,8,13,6,9,7,14,0,6,14,6,7,7,5,0,10,14,8,12,8,5,1,0,1,1,2,0,0,0,3,11,4,4,4,4,0,10,17,15,14,12,16,1,2,14,11,8,4,5,1,3,11,10,4,7,6,0,2,15,13,9,5,8,0,4,16,6,6,10,5,0,0,0,1,1,1,0,0,2,6,4,6,4,7,0,2,13,14,10,23,11,0,3,14,12,13,13,14,0,1,16,4,8,13,2,0,4,11,7,4,2,2,0,2,12,7,7,10,8,0,0,0,0,0,0,0,0,7,6,4,3,4,5,0,5,15,15,15,9,13,1,6,14,13,7,9,10,1,6,18,7,8,6,3,0,6,13,10,11,4,10,0,5,13,11,1,7,6,0,0,0,0,2,0,2,0,0,0,0,0,0,0,0,1,0,0,1,0,0,0,1,0,0,1,0,0,0,0,2,0,1,1,2,0,1,1,0,0,0,0,0,0,0,2,0,0,0,0,0,0,0,0,0,0,0,-0.7747794499221587,-0.20394395433316034,-0.6881162428645563,-1.0534509600415154,-2.4603009859885834,0.7353399065905553,0.7950181629475869,-2.8578100674623768,-0.7519460300985988,-1.3829787234042554,-0.6445251686559419,0.3928386092371562,-0.6901920083030617,-2.4748313440581216,-3.210171250648677,-0.6590555267254801,-1.0321743642968344,-3.08562532433835,-2.158796056045667,-1.5308770108977685
P09201,0.06609195402298851,0.04310344827586207,0.05459770114942529,0.06896551724137931,0.014367816091954023,0.031609195402298854,0.04597701149425287,0.08620689655172414,0.022988505747126436,0.07183908045977011,0.09770114942528736,0.05172413793103448,0.020114942528735632,0.05747126436781609,0.04310344827586207,0.06896551724137931,0.0603448275862069,0.005747126436781609,0.02586206896551724,0.06321839080459771,4,2,6,1,1,2,0,3,2,4,6,1,2,0,3,4,5,1,1,1,1,1,4,0,0,1,1,0,1,1,1,1,1,2,0,3,3,2,2,0,0,0,0,0,0,0,1,0,0,2,5,2,2,2,5,0,5,5,4,0,7,5,0,4,5,2,2,3,1,0,1,3,6,0,2,1,0,1,5,0,1,1,2,0,4,1,1,0,0,2,1,0,0,0,0,0,0,0,4,5,4,2,1,1,0,4,8,2,1,0,1,0,6,1,1,0,1,2,0,1,0,2,0,0,0,0,2,1,0,1,1,1,0,0,3,0,1,2,0,0,1,0,0,0,0,0,0,1,2,0,0,0,2,0,2,2,4,3,0,0,0,2,4,2,0,1,1,0,0,0,1,1,0,3,0,1,1,0,1,0,0,0,2,2,1,0,0,1,0,0,0,0,0,0,0,0,1,1,1,1,1,0,1,3,3,2,2,1,0,0,1,0,0,0,0,0,0,1,1,0,3,0,0,0,0,2,0,1,0,1,0,1,2,0,2,0,0,1,0,0,0,0,0,0,0,2,3,3,1,2,0,0,1,6,1,1,1,1,0,1,2,1,0,0,1,0,1,3,0,1,0,1,0,1,0,0,0,1,0,0,1,0,1,1,0,0,0,0,1,0,0,0,0,1,2,0,0,0,0,0,0,0,0,1,0,0,0,0,0,0,0,0,0,0,0,0,0,0,0,0,0,0,0,1,0,0,0,0,0,0,0,0,0,0,0,0,1,0,0,0,0,0,0,-0.7146974063400576,-1.69164265129683,-1.7031700288184437,-1.824207492795389,-2.5331412103746396,-1.478386167146974,-1.420749279538905,-1.861671469740634,-1.8501440922190202,-1.6887608069164266,-1.723342939481268,-1.6023054755043227,-1.5187319884726225,-2.2795389048991352,-2.3112391930835736,-1.0778097982708934,-1.0893371757925072,-3.5389048991354466,-2.048991354466859,-1.5331412103746398
P09798,0.075,0.036904761904761905,0.09285714285714286,0.06547619047619048,0.01904761904761905,0.03571428571428571,0.05238095238095238,0.03214285714285714,0.02023809523809524,0.04285714285714286,0.11071428571428571,0.07380952380952381,0.02619047619047619,0.04047619047619048,0.03214285714285714,0.09166666666666666,0.05952380952380952,0.007142857142857143,0.04285714285714286,0.04285714285714286,3,2,4,1,2,6,0,3,9,11,5,3,4,0,2,6,5,3,3,3,0,3,2,2,4,1,2,0,3,1,2,4,3,2,0,3,9,3,0,2,3,0,0,1,0,0,1,0,0,1,6,5,3,4,7,1,3,7,8,7,3,5,1,6,8,15,5,4,4,2,3,5,11,5,4,1,0,2,3,5,5,3,3,1,3,5,6,6,4,4,0,1,3,0,0,1,1,0,3,9,7,4,5,2,0,5,8,9,9,2,7,2,8,9,13,9,6,2,1,6,2,8,7,2,0,0,2,5,7,3,2,1,1,5,2,1,2,4,0,1,0,1,0,2,0,0,0,6,7,2,3,0,3,0,2,1,7,4,9,3,1,9,6,7,6,5,1,0,6,4,6,6,1,3,0,0,2,5,1,1,2,0,2,3,1,3,0,2,0,0,0,0,0,0,0,1,4,3,2,0,3,0,1,4,4,5,1,2,2,1,2,7,7,0,2,4,0,1,8,4,2,1,0,0,2,4,2,1,1,0,0,1,4,0,3,1,1,0,0,1,0,1,0,0,0,1,7,2,3,1,2,0,9,4,3,3,2,4,1,3,5,1,2,1,1,0,2,5,2,2,2,5,0,4,2,2,2,0,2,0,2,2,2,3,1,3,0,0,1,0,0,0,0,0,0,1,0,0,0,0,0,1,1,1,0,1,3,0,0,1,0,0,0,0,0,0,1,1,0,0,0,1,0,2,0,0,0,0,0,0,0,0,1,0,0,0,0,0,1,0,0,0,0,-0.07270560190703218,-0.37544696066746125,-0.4564958283671037,-0.8235995232419547,-1.4064362336114422,0.03814064362336114,0.09296781883194279,-1.831942789034565,-0.48748510131108463,-1.162097735399285,-0.4684147794994041,-0.11680572109654351,-0.4374255065554231,-1.429082240762813,-2.0524433849821215,-0.3563766388557807,-1.0727056019070322,-1.9249106078665077,-0.5351609058402861,-1.2598331346841478
P09938,0.08771929824561403,0.03759398496240601,0.05764411027568922,0.05764411027568922,0.005012531328320802,0.022556390977443608,0.11278195488721804,0.03508771929824561,0.02506265664160401,0.06015037593984962,0.09022556390977443,0.08771929824561403,0.02756892230576441,0.07518796992481203,0.03007518796992481,0.06265664160401002,0.03508771929824561,0.015037593984962405,0.02756892230576441,0.047619047619047616,3,6,0,0,2,3,0,5,6,3,1,2,4,0,0,2,0,2,1,0,0,0,1,1,2,0,1,0,0,0,3,3,3,1,0,3,3,3,2,1,1,0,0,0,0,0,0,0,0,5,3,2,2,1,5,0,6,7,4,3,2,3,1,5,4,3,1,2,3,0,2,2,2,0,1,5,0,0,0,0,2,0,5,0,3,5,3,2,3,3,0,1,0,0,0,0,0,0,2,4,1,1,3,1,0,3,2,3,3,1,3,0,2,1,1,0,2,2,0,0,4,0,1,0,0,0,3,2,2,2,1,1,0,0,2,3,0,4,0,0,0,0,0,0,0,0,0,0,3,0,1,0,1,0,3,3,2,3,0,2,0,1,2,0,0,5,1,0,0,1,2,1,0,2,0,0,2,1,1,0,0,0,4,2,1,3,0,1,0,0,0,0,0,0,0,0,1,0,0,0,1,1,0,1,1,5,2,1,2,0,1,4,3,0,0,1,0,2,1,1,2,2,2,0,0,1,1,1,1,1,0,4,1,1,1,2,1,0,0,1,0,0,0,0,0,3,4,2,1,3,2,0,0,6,2,0,1,4,0,3,2,1,2,1,2,0,1,4,3,0,1,1,0,0,7,2,1,0,2,1,1,0,0,2,3,0,0,0,0,0,0,0,0,0,0,1,0,0,0,0,0,0,1,0,0,0,0,0,0,0,0,0,0,0,0,0,0,0,0,0,0,0,0,0,0,0,0,0,0,0,0,0,0,0,0,0,0,0,0,0,0,0,0,-0.7035175879396985,-1.0753768844221105,-0.6859296482412061,-0.9472361809045227,-2.190954773869347,-0.6331658291457286,-0.5552763819095478,-1.9396984924623115,-1.243718592964824,-1.1105527638190955,-1.092964824120603,-0.7487437185929648,-0.8542713567839196,-1.2185929648241205,-1.8819095477386936,-0.628140703517588,-0.7386934673366834,-2.479899497487437,-1.1683417085427135,-1.1080402010050252
P0C0X0,0.029850746268656716,0.14925373134328357,0.029850746268656716,0.04477611940298507,0.0,0.014925373134328358,0.08955223880597014,0.07462686567164178,0.0,0.04477611940298507,0.08955223880597014,0.05970149253731343,0.029850746268656716,0.014925373134328358,0.029850746268656716,0.05970149253731343,0.08955223880597014,0.0,0.0,0.14925373134328357,1,0,0,0,1,0,0,2,1,3,0,0,0,0,0,0,0,0,1,0,0,0,0,1,0,1,0,0,3,1,1,0,0,0,0,0,0,0,0,1,0,0,0,0,0,0,0,0,0,0,1,0,0,3,0,0,0,0,0,0,0,2,0,1,0,0,0,2,0,0,0,0,0,0,0,0,0,0,0,0,0,1,0,0,1,0,0,1,0,0,0,0,0,0,0,0,0,0,1,1,1,0,0,0,0,1,0,0,0,0,0,0,0,0,0,0,0,1,0,0,0,0,0,0,0,0,1,0,2,0,0,0,0,0,0,2,0,0,1,0,0,0,0,0,0,0,0,0,0,0,0,0,0,0,0,0,0,0,0,0,0,1,0,0,0,0,0,0,0,0,0,0,0,0,0,1,0,0,0,0,0,0,0,0,0,0,1,0,0,0,0,0,0,0,0,0,0,4,0,2,0,1,0,1,0,0,0,1,0,0,1,0,1,0,0,1,0,0,0,0,0,0,0,0,1,0,0,0,0,0,0,0,0,1,0,0,0,0,0,0,0,0,0,0,0,0,0,0,0,1,0,0,0,1,0,0,0,0,0,0,1,0,0,0,1,0,0,0,0,0,0,1,0,1,0,0,0,0,1,0,0,1,0,0,0,0,0,0,0,0,0,0,0,0,0,0,0,0,0,0,0,0,0,0,0,0,0,0,0,0,0,0,0,0,0,0,0,0,0,0,0,0,0,0,0,0,0,0,0,0,0,0,0,0,0,0,0,0,0,0,0,0,0,-0.7424242424242424,-0.4696969696969697,-1.2878787878787878,-1.196969696969697,-2.1818181818181817,-0.42424242424242425,-0.5909090909090909,-1.696969696969697,-1.9090909090909092,-1.0454545454545454,-1.3636363636363635,-0.45454545454545453,-0.8939393939393939,-2.303030303030303,-1.9545454545454546,-0.7575757575757576,-0.4090909090909091,-3.0757575757575757,-2.1818181818181817,-0.7575757575757576
P10862,0.030800821355236138,0.0513347022587269,0.06365503080082136,0.06365503080082136,0.024640657084188913,0.045174537987679675,0.06981519507186858,0.03696098562628337,0.022587268993839837,0.045174537987679675,0.0944558521560575,0.08418891170431211,0.03285420944558522,0.03490759753593429,0.053388090349075976,0.12525667351129363,0.059548254620123205,0.008213552361396304,0.01642710472279261,0.03696098562628337,1,1,1,1,2,1,0,2,2,3,2,1,2,0,1,0,3,2,1,2,0,1,0,3,0,0,1,0,0,3,0,1,1,2,0,1,2,1,2,1,2,0,0,1,1,0,0,0,0,1,4,1,0,2,2,0,0,2,6,2,4,6,3,2,6,5,3,3,4,1,0,2,7,3,3,1,1,1,4,5,2,3,2,0,2,3,5,0,4,1,0,0,2,0,2,0,1,0,1,2,4,2,0,1,0,3,5,2,3,5,3,1,2,7,13,4,5,4,0,4,3,1,5,0,2,0,3,5,1,2,3,3,0,1,1,6,2,1,1,1,0,1,0,0,0,0,0,1,1,2,0,2,0,1,1,2,4,3,3,2,0,1,2,5,3,4,1,0,1,4,2,1,1,3,1,0,2,1,0,2,1,0,1,3,2,1,1,1,0,0,1,0,0,1,0,0,0,3,0,1,1,1,0,1,7,4,2,4,2,1,1,4,4,0,2,0,0,0,1,1,3,1,0,0,2,4,2,1,1,1,0,4,1,3,1,0,1,0,0,1,0,0,0,0,0,3,1,1,1,0,4,1,3,3,2,3,0,0,0,3,3,4,3,2,2,0,0,4,2,0,1,2,0,0,2,2,0,1,1,1,2,1,1,3,0,1,0,0,1,0,0,0,0,0,0,0,0,0,0,0,0,0,2,3,2,0,0,0,0,0,1,0,0,0,0,1,1,0,0,0,0,0,0,1,0,0,0,0,0,0,0,0,0,0,1,0,0,0,0,0,0,0,0,-0.757201646090535,-0.13991769547325103,-0.45267489711934156,-0.44650205761316875,-0.8991769547325102,0.28600823045267487,0.35802469135802467,-1.7037037037037037,-0.46296296296296297,-1.2736625514403292,-0.8744855967078189,0.00823045267489712,-0.8724279835390947,-1.8148148148148149,-0.8065843621399177,0.20987654320987653,-0.5288065843621399,-2.831275720164609,-1.6728395061728396,-1.0679012345679013
P11075,0.057242409158785465,0.042309606769537086,0.06570433051269288,0.07565953210552513,0.012941762070681932,0.042309606769537086,0.08710801393728224,0.03434544549527128,0.016923842707814832,0.06371329019412643,0.10004977600796416,0.05774016923842708,0.019412643106022896,0.04728720756595321,0.030363364858138377,0.10253857640617223,0.05774016923842708,0.007466401194624191,0.02140368342458935,0.05774016923842708,8,11,7,8,4,6,0,10,18,12,7,9,11,3,8,10,16,7,6,10,0,7,9,10,8,3,8,1,4,8,6,4,4,4,1,10,16,6,8,3,7,0,0,1,0,0,1,0,0,11,22,16,9,12,15,1,17,21,22,20,15,14,3,12,23,17,8,14,22,0,8,12,11,10,8,4,2,5,14,10,8,3,10,0,11,12,14,9,11,14,0,1,3,4,2,1,4,0,9,10,9,10,4,8,0,20,24,18,10,7,21,2,9,22,22,12,14,14,1,6,13,10,8,5,2,0,8,11,10,6,5,5,1,12,18,7,11,4,13,0,1,0,0,0,0,0,0,4,9,8,7,2,8,0,7,14,17,5,9,7,4,11,15,18,6,3,7,0,7,8,13,11,4,4,0,3,12,6,2,4,2,0,2,8,5,3,2,4,0,0,4,0,0,0,1,0,4,7,6,5,2,5,1,16,12,11,6,4,9,1,3,18,5,4,5,4,0,6,7,3,2,4,3,0,2,7,1,2,1,4,1,4,6,5,5,1,6,0,0,1,1,0,1,0,0,8,11,11,7,6,7,0,16,22,14,6,3,8,1,5,13,16,7,3,8,0,3,13,13,8,5,3,2,7,7,6,1,1,2,0,11,8,11,11,3,40,0,0,0,0,0,0,0,0,0,0,0,0,1,1,0,0,1,2,1,3,1,1,2,1,1,0,1,0,0,1,1,0,0,0,0,0,1,0,0,2,0,0,0,0,2,3,0,0,0,0,0,0,0,0,0,0,0,-0.43824701195219123,-0.6548804780876494,-0.4312749003984064,-0.3854581673306773,-1.7146414342629481,-0.1454183266932271,0.044820717131474105,-1.2415338645418326,-0.8665338645418327,-0.8326693227091634,-0.670816733067729,-0.2913346613545817,-0.6225099601593626,-1.3102589641434264,-0.8894422310756972,0.09063745019920319,-0.2963147410358566,-2.2798804780876494,-1.2604581673306774,-0.7290836653386454
P11746,0.05244755244755245,0.027972027972027972,0.055944055944055944,0.055944055944055944,0.0034965034965034965,0.2692307692307692,0.06293706293706294,0.05244755244755245,0.03496503496503497,0.03496503496503497,0.05944055944055944,0.038461538461538464,0.02097902097902098,0.024475524475524476,0.06643356643356643,0.045454545454545456,0.04195804195804196,0.0,0.017482517482517484,0.03496503496503497,2,3,0,2,0,0,0,3,3,1,0,0,0,0,0,3,0,0,0,1,0,2,4,1,6,2,1,0,0,0,0,0,1,0,0,0,0,0,2,0,3,0,0,0,0,0,0,0,0,1,0,3,7,1,0,0,2,1,0,3,1,1,0,3,1,3,2,0,0,0,2,1,3,7,1,0,0,0,3,0,0,1,0,0,0,3,1,1,0,0,0,1,0,0,0,0,0,0,3,2,1,1,0,1,0,2,1,4,0,0,1,0,1,1,0,3,0,0,0,2,0,0,7,0,0,0,1,0,0,1,0,0,0,0,0,1,1,0,0,0,0,0,0,0,0,0,0,1,2,0,4,0,1,0,2,2,3,10,1,1,1,3,1,2,3,1,1,0,1,14,6,33,1,1,0,1,1,0,1,2,0,0,1,1,0,1,0,0,0,0,0,0,0,0,0,0,0,0,0,0,0,2,0,1,0,1,1,0,1,0,0,2,0,0,1,0,0,0,0,1,1,0,1,0,0,0,3,0,2,1,0,0,0,0,0,1,0,0,0,0,0,0,0,0,0,0,0,0,1,0,1,0,2,1,0,0,2,1,0,1,0,1,0,0,0,0,1,1,0,2,1,0,0,0,0,0,1,0,0,0,1,2,0,0,0,15,0,0,0,0,0,0,0,0,0,0,0,1,0,0,0,0,0,0,0,0,0,0,0,0,0,0,0,0,0,0,0,0,0,0,0,0,0,0,0,0,0,0,0,0,0,0,0,0,0,0,0,0,0,0,0,0,0,-0.9298245614035088,-0.3929824561403509,-0.18596491228070175,-0.8105263157894737,-2.568421052631579,0.7228070175438597,0.19298245614035087,-1.6491228070175439,-0.256140350877193,-1.5578947368421052,-1.0596491228070175,-0.24210526315789474,-0.5649122807017544,-1.8877192982456141,-1.1368421052631579,-0.15789473684210525,-0.7017543859649122,-2.849122807017544,-1.3929824561403508,-1.512280701754386
P11978,0.04344624447717231,0.035346097201767304,0.07363770250368189,0.05670103092783505,0.003681885125184094,0.04197349042709867,0.07952871870397643,0.028718703976435934,0.01914580265095729,0.06553755522827688,0.06774668630338733,0.11634756995581738,0.014727540500736377,0.027245949926362298,0.05670103092783505,0.12812960235640647,0.07216494845360824,0.004418262150220913,0.015463917525773196,0.04933726067746686,1,2,6,2,3,0,0,2,7,11,10,10,7,0,8,8,13,7,1,4,1,3,8,3,1,4,3,0,0,4,3,4,7,2,1,2,3,5,5,1,3,0,0,0,0,0,0,0,0,1,10,13,3,3,3,0,7,7,12,10,9,12,0,9,11,10,6,17,8,0,4,10,8,7,11,7,0,12,8,8,5,8,11,0,7,6,10,7,9,3,1,0,0,0,0,1,0,0,4,12,9,4,7,4,0,9,18,19,12,14,5,0,6,20,16,11,6,9,0,2,9,13,10,5,5,0,11,6,9,7,4,5,0,6,7,9,3,7,7,0,0,1,0,0,0,1,0,1,7,2,4,2,2,0,5,10,12,5,9,4,0,9,10,8,9,7,7,0,3,5,7,1,3,2,0,7,2,9,4,5,3,0,2,9,4,5,3,2,0,0,0,0,0,0,0,0,4,9,5,5,5,9,0,3,9,5,4,2,7,0,4,17,8,5,4,7,1,3,7,9,1,2,6,0,6,5,7,6,1,5,0,3,6,9,5,4,7,0,0,1,0,0,0,0,0,3,7,7,4,1,1,0,7,6,3,6,7,7,1,4,10,13,6,6,4,0,3,6,10,1,5,2,0,1,5,10,2,4,8,0,3,6,5,2,6,2,0,0,0,1,0,0,0,0,0,0,0,0,0,0,0,0,0,0,0,1,1,0,0,0,0,0,1,0,0,0,0,0,0,0,0,0,0,0,0,0,1,0,0,0,0,1,0,0,0,0,0,0,0,0,0,0,0,-0.5733235077376566,-0.6588061901252763,-0.27192336035372144,-0.6927044952100221,-2.034635224760501,-0.2571849668386146,-0.18570375829034635,-1.5954310980103168,-1.0884303610906412,-1.3986735445836405,-1.337509211495947,-0.22991893883566691,-0.8135593220338984,-1.8739867354458364,-1.1665438467207074,0.10906411201179071,-0.23876197494473103,-2.6816507000736918,-1.5335298452468682,-1.0353721444362565
P12383,0.03932584269662921,0.040262172284644196,0.09269662921348315,0.05337078651685393,0.02247191011235955,0.03651685393258427,0.05898876404494382,0.03932584269662921,0.02247191011235955,0.06179775280898876,0.09082397003745318,0.06647940074906367,0.020599250936329586,0.06179775280898876,0.03745318352059925,0.10486891385767791,0.054307116104868915,0.00749063670411985,0.03464419475655431,0.054307116104868915,2,3,6,5,1,3,1,2,5,6,7,3,7,0,1,11,10,5,6,3,0,2,5,6,2,3,3,2,0,5,5,1,0,1,0,1,5,5,1,1,1,1,1,3,1,0,0,0,0,5,7,8,7,6,7,0,7,12,7,11,10,11,3,6,15,13,6,6,4,1,8,10,10,8,6,6,0,5,4,8,3,5,3,0,4,11,6,6,2,3,3,1,0,3,1,1,0,0,1,10,7,2,2,2,3,12,13,11,12,8,8,1,5,15,9,5,3,8,1,5,5,9,5,4,4,0,3,6,8,5,1,1,1,2,9,7,5,4,3,0,0,1,0,0,1,1,0,5,5,6,4,1,1,1,6,10,9,7,2,2,2,4,7,7,7,3,7,0,3,8,4,12,3,1,0,5,6,4,4,2,0,0,2,8,3,1,2,3,1,0,0,1,0,1,0,0,5,4,4,3,1,1,0,2,5,9,4,4,5,0,8,7,4,3,4,2,0,3,5,3,3,2,2,0,1,3,0,3,3,1,1,1,2,0,1,1,1,0,0,1,0,1,0,0,0,3,1,5,1,0,0,0,9,15,9,6,0,2,0,2,8,1,3,2,5,1,2,4,3,1,3,3,0,3,4,3,1,1,0,0,0,6,1,2,2,2,0,1,0,4,0,1,0,0,0,0,0,1,1,1,0,2,1,0,1,1,0,0,1,2,2,3,1,0,0,0,1,0,0,0,1,0,1,1,1,1,0,0,0,0,0,0,0,0,0,1,0,0,0,0,0,0,0,-0.5342080599812559,-0.5445173383317713,-0.04498594189315839,-0.5641986879100281,-1.5998125585754452,-0.19400187441424555,-0.45829428303655106,-1.435801312089972,-0.450796626054358,-0.7169634489222118,-0.6091846298031866,-0.5604498594189316,-0.46954076850984067,-0.8341143392689785,-0.563261480787254,0.2933458294283037,-0.11433926897844424,-1.8181818181818181,-0.7366447985004686,-0.8612933458294283
P12753,0.037347560975609755,0.04496951219512195,0.0701219512195122,0.07393292682926829,0.006859756097560976,0.06021341463414634,0.10060975609756098,0.022103658536585365,0.01676829268292683,0.07698170731707317,0.11661585365853659,0.11356707317073171,0.020579268292682928,0.02972560975609756,0.010670731707317074,0.08231707317073171,0.055640243902439025,0.0038109756097560975,0.021341463414634148,0.035823170731707314,2,4,2,2,2,2,1,2,4,5,3,5,4,0,1,4,6,4,3,4,1,4,4,4,2,2,4,0,2,4,9,4,1,4,0,1,8,1,4,1,4,0,0,0,0,1,0,0,0,5,6,5,7,9,3,0,7,7,5,11,13,5,0,1,7,10,9,14,14,2,3,7,9,12,6,12,0,5,9,14,7,4,11,0,10,12,11,10,13,10,0,0,0,0,0,1,1,0,2,3,3,2,2,3,0,9,10,11,3,9,11,0,5,9,4,5,8,5,0,3,16,4,2,4,5,0,3,19,10,3,7,6,0,5,14,4,8,7,6,0,0,1,0,0,1,1,1,2,2,3,1,2,6,0,6,7,10,9,7,17,0,1,12,5,6,11,7,0,3,11,6,3,6,3,1,2,5,3,5,2,8,0,2,11,5,1,5,1,0,0,1,0,0,0,0,0,2,3,3,3,7,2,0,3,9,14,11,5,11,1,3,9,8,8,8,6,1,1,10,5,6,5,0,0,2,5,4,6,2,2,0,5,13,6,5,7,7,0,0,0,0,0,0,0,0,2,5,7,5,2,3,0,8,10,11,12,11,18,1,4,12,3,2,4,7,0,1,8,14,8,2,1,0,5,12,3,1,5,12,0,1,12,5,6,5,1,0,0,0,0,0,0,0,0,0,0,0,0,0,0,0,0,1,1,0,0,0,0,0,0,0,0,0,1,0,1,0,0,0,0,0,0,1,0,0,1,0,0,0,0,1,0,0,0,1,0,0,0,1,0,0,0,0,-0.5560640732265446,0.3333333333333333,-0.4225781845919146,-0.6681922196796338,-2.5034324942791764,1.2646834477498092,1.5865751334858886,-2.7665903890160184,-0.6880244088482075,-1.036613272311213,-0.13958810068649885,0.9603356216628528,-0.4614797864225782,-2.414187643020595,-3.45766590389016,-0.5240274599542334,-0.9305873379099924,-3.205949656750572,-2.1784897025171626,-1.4035087719298245
P12904,0.031055900621118012,0.052795031055900624,0.043478260869565216,0.08074534161490683,0.012422360248447204,0.043478260869565216,0.046583850931677016,0.046583850931677016,0.012422360248447204,0.08385093167701864,0.13043478260869565,0.059006211180124224,0.021739130434782608,0.034161490683229816,0.031055900621118012,0.08385093167701864,0.059006211180124224,0.003105590062111801,0.034161490683229816,0.09006211180124224,1,7,1,0,1,2,0,2,6,2,1,3,2,0,2,1,1,0,1,1,0,0,3,1,0,0,1,0,2,1,0,0,1,2,0,1,4,3,0,0,1,0,0,0,0,0,0,0,0,4,3,3,2,1,5,0,6,6,3,2,7,2,0,3,2,4,2,3,1,0,0,3,2,1,0,2,0,2,2,5,1,1,3,0,1,1,2,1,2,1,0,1,0,0,0,0,0,0,2,3,1,2,2,1,0,4,2,5,1,2,1,0,3,2,3,2,2,1,0,0,3,1,1,0,1,1,0,2,4,0,2,0,0,1,3,0,2,1,1,0,0,0,1,0,0,0,0,0,0,0,0,1,0,0,3,5,2,0,1,1,0,1,6,0,0,0,3,0,0,1,0,0,0,1,0,0,0,1,0,0,0,0,1,2,1,1,0,1,0,0,0,1,0,0,0,0,1,1,1,1,1,0,0,1,4,1,1,0,0,1,0,2,2,3,0,2,1,1,0,1,0,0,0,0,1,2,1,0,0,0,0,1,2,0,2,0,0,0,0,0,0,1,0,0,0,4,2,0,0,0,0,0,2,3,2,3,1,2,0,2,2,2,0,1,0,0,0,1,4,0,1,1,0,0,1,0,1,0,0,1,1,1,1,1,0,1,0,0,0,0,0,0,0,0,0,0,0,0,0,1,0,0,0,0,0,0,0,0,0,0,1,0,1,0,0,0,1,0,0,0,0,0,0,0,0,0,0,0,0,0,0,0,0,0,0,0,0,0,0,0,0,0,0,-0.5856697819314641,-0.8785046728971962,-0.8878504672897196,-0.7538940809968847,-2.174454828660436,-0.9096573208722741,-0.5171339563862928,-1.6697819314641744,-1.0623052959501558,-0.43302180685358255,-0.6386292834890965,-0.5919003115264797,-0.5327102803738317,-1.3395638629283488,-1.6355140186915889,-0.3956386292834891,-0.30218068535825543,-2.8629283489096573,-1.4080996884735202,-0.3613707165109034
P14291,0.02418379685610641,0.03385731559854897,0.07496977025392987,0.060459492140266025,0.013301088270858524,0.05804111245465538,0.094316807738815,0.02781136638452237,0.018137847642079808,0.07496977025392987,0.08585247883917775,0.1185006045949214,0.014510278113663845,0.04836759371221282,0.036275695284159616,0.08585247883917775,0.056831922611850064,0.006045949214026602,0.014510278113663845,0.053204353083434096,3,4,3,1,0,0,0,3,6,3,4,2,2,2,2,4,5,3,3,3,0,2,2,1,2,2,2,0,2,1,4,0,2,3,0,0,2,2,2,2,2,0,0,0,0,0,0,1,0,2,2,7,4,4,3,0,3,5,10,15,8,5,1,5,4,10,5,2,7,0,6,9,4,7,6,7,2,1,9,2,5,8,3,0,3,5,4,8,3,3,0,1,0,1,2,2,0,0,1,3,4,3,4,0,0,6,7,4,4,9,4,1,2,9,6,3,3,5,0,3,5,3,2,2,5,0,3,8,2,1,2,4,0,2,9,3,4,3,2,0,0,0,0,0,0,0,0,0,7,2,2,1,4,0,5,10,4,6,3,7,0,2,7,1,0,5,2,0,4,10,0,2,2,1,2,0,6,5,1,5,1,0,0,5,3,2,0,9,0,0,1,1,1,0,1,0,2,2,1,1,0,2,1,3,7,5,6,5,5,2,2,4,5,5,4,4,0,0,3,4,3,3,1,0,2,5,8,4,5,4,0,5,3,2,2,4,2,0,0,0,0,0,0,0,0,2,4,3,0,3,1,0,2,11,7,6,1,3,0,2,7,1,3,2,2,0,1,5,4,4,3,3,0,1,4,3,2,5,2,0,3,6,4,1,4,12,0,0,0,0,0,0,0,0,1,0,0,0,0,0,0,0,1,0,0,0,0,0,0,0,0,1,1,0,0,0,1,1,1,0,0,0,0,0,0,1,0,1,0,0,0,0,1,1,0,0,0,0,0,0,0,0,0,-0.784503631961259,-0.7542372881355932,-0.41404358353510895,-0.7687651331719129,-2.0242130750605325,-0.2566585956416465,-0.20702179176755447,-1.797820823244552,-1.076271186440678,-1.2506053268765134,-1.165859564164649,-0.3062953995157385,-0.6997578692493946,-1.6428571428571428,-1.4721549636803875,-0.18765133171912832,-0.4491525423728814,-2.539951573849879,-1.3692493946731235,-0.9903147699757869
P14682,0.03728813559322034,0.04406779661016949,0.0576271186440678,0.16271186440677965,0.003389830508474576,0.03728813559322034,0.0847457627118644,0.02711864406779661,0.020338983050847456,0.06440677966101695,0.04745762711864407,0.05084745762711865,0.02711864406779661,0.04406779661016949,0.06440677966101695,0.09491525423728814,0.02711864406779661,0.010169491525423728,0.03728813559322034,0.0576271186440678,1,1,0,1,0,1,0,0,0,4,1,0,0,0,2,0,1,2,0,4,0,1,1,1,0,0,1,0,0,2,0,2,1,1,0,1,1,1,0,1,4,0,0,0,0,0,0,0,0,1,1,3,0,2,0,0,5,3,4,2,1,2,0,2,6,1,2,0,2,0,0,3,2,2,2,1,0,1,1,2,0,1,1,0,1,2,2,1,1,4,0,0,1,0,0,0,0,0,1,1,3,2,1,1,0,1,5,3,0,1,2,1,1,2,1,0,1,0,0,2,2,3,1,1,1,0,1,0,0,0,1,1,0,3,1,2,1,1,5,0,0,0,0,0,0,0,0,0,2,0,0,1,1,0,1,3,1,4,0,1,0,1,4,0,1,0,3,0,1,1,1,1,0,0,0,0,1,2,0,2,0,0,1,2,0,1,0,1,0,0,0,0,0,0,0,0,0,0,0,0,1,1,0,0,3,0,1,0,1,0,2,0,1,4,1,1,0,0,1,1,0,1,0,0,0,1,3,0,0,1,0,2,0,1,0,0,1,0,0,0,0,0,0,0,0,1,0,3,1,1,4,0,0,3,1,2,2,5,0,1,1,2,1,1,3,0,0,2,1,0,1,2,0,0,0,2,1,0,0,0,2,7,3,3,0,17,0,0,0,0,0,0,0,0,0,0,0,0,0,0,0,0,0,0,0,1,0,0,0,0,0,0,0,0,0,0,0,0,0,0,0,0,0,0,0,0,0,0,0,0,0,0,0,0,0,0,0,0,0,0,0,0,0,-0.7108843537414966,-0.8061224489795918,-0.5544217687074829,-0.3435374149659864,-2.057823129251701,-0.3741496598639456,-0.11904761904761904,-1.6054421768707483,-0.935374149659864,-1.282312925170068,-1.2210884353741496,-0.336734693877551,-0.9013605442176871,-1.6156462585034013,-1.0816326530612246,-0.2891156462585034,-0.6768707482993197,-2.4625850340136055,-1.3061224489795917,-1.153061224489796
P14741,0.07540983606557378,0.05245901639344262,0.03934426229508197,0.06229508196721312,0.009836065573770493,0.019672131147540985,0.07213114754098361,0.05573770491803279,0.019672131147540985,0.08196721311475409,0.09836065573770492,0.04918032786885246,0.02622950819672131,0.04590163934426229,0.03934426229508197,0.06557377049180328,0.06885245901639345,0.006557377049180328,0.029508196721311476,0.08196721311475409,6,5,7,1,2,1,1,3,6,0,1,3,2,0,0,5,2,1,0,3,0,1,0,0,2,1,1,0,0,2,2,1,0,2,0,1,1,0,0,0,1,0,0,0,0,0,1,0,0,7,1,1,0,3,2,0,4,3,7,2,3,6,0,3,3,3,1,3,2,0,1,3,0,2,1,0,0,0,3,2,3,1,0,0,2,1,2,0,0,5,1,0,0,0,0,0,0,0,4,3,1,1,0,0,0,3,5,2,3,1,1,0,2,2,3,0,1,3,0,0,2,1,0,0,0,0,1,4,0,0,2,0,0,3,2,4,1,0,1,0,0,0,0,0,0,0,0,1,2,1,2,0,0,0,0,3,1,1,0,1,0,0,0,0,0,1,1,0,2,1,0,0,1,0,0,0,1,2,0,0,0,1,1,2,0,1,0,0,0,0,0,0,0,0,0,0,0,1,0,1,1,0,0,2,4,3,0,2,0,0,1,3,1,0,1,1,0,1,0,1,0,1,1,0,2,0,1,0,0,0,0,1,1,0,0,0,0,0,0,0,0,1,0,0,0,4,3,1,0,1,0,0,2,4,2,0,0,1,0,3,2,3,1,1,1,0,1,0,0,0,0,1,0,0,0,0,0,0,0,0,1,2,4,0,0,2,0,1,0,0,0,0,0,0,1,0,0,0,0,0,0,0,0,0,0,0,0,0,0,0,0,0,0,0,0,0,0,0,0,0,1,0,0,1,0,0,0,0,0,0,0,0,0,0,0,0,0,0,0,0,0,0,0,-0.5296052631578947,-1.9605263157894737,-2.1809210526315788,-2.2039473684210527,-2.799342105263158,-2.1052631578947367,-1.674342105263158,-2.5460526315789473,-2.3157894736842106,-1.4967105263157894,-1.736842105263158,-1.8651315789473684,-1.769736842105263,-2.664473684210526,-3.1217105263157894,-1.388157894736842,-1.2796052631578947,-3.776315789473684,-2.5065789473684212,-1.2664473684210527
P14904,0.06031128404669261,0.03501945525291829,0.054474708171206226,0.06031128404669261,0.009727626459143969,0.027237354085603113,0.07587548638132295,0.08560311284046693,0.027237354085603113,0.06031128404669261,0.09727626459143969,0.07392996108949416,0.011673151750972763,0.05058365758754864,0.04669260700389105,0.06420233463035019,0.054474708171206226,0.011673151750972763,0.029182879377431907,0.06420233463035019,5,6,5,3,3,3,0,8,7,7,2,5,6,0,3,5,2,3,4,2,1,1,3,2,0,3,0,0,1,1,0,2,1,2,0,5,2,1,0,2,2,0,0,0,0,0,0,0,0,6,9,4,1,0,2,0,6,5,5,4,3,8,1,9,5,2,5,4,1,1,1,5,2,4,2,1,0,7,2,0,0,1,1,1,4,4,3,4,2,4,0,0,0,0,2,0,0,0,6,4,4,1,2,3,0,5,7,5,4,1,1,0,0,4,2,0,1,1,0,4,3,2,2,0,2,0,1,3,1,1,2,2,0,1,1,0,1,1,1,0,0,2,0,0,0,0,0,0,3,1,2,1,4,0,2,2,3,1,0,3,1,4,1,2,1,1,0,0,1,0,1,2,6,1,0,3,4,3,0,1,1,0,0,2,1,1,1,2,0,0,0,0,0,0,0,0,6,5,3,0,0,0,0,1,2,4,3,1,1,0,1,5,0,1,0,0,0,1,0,0,2,0,1,0,1,1,2,0,1,2,0,3,3,1,0,1,3,0,1,0,0,0,0,0,0,2,7,3,2,1,0,0,0,8,3,1,1,1,0,3,3,0,3,0,1,0,3,1,1,1,0,2,0,1,1,1,1,1,3,0,2,2,5,2,1,2,0,0,0,0,0,0,0,0,0,1,0,0,0,0,0,0,1,0,0,1,0,0,0,0,0,0,0,0,0,0,0,1,0,1,0,0,0,0,0,0,0,0,0,0,0,0,0,0,0,0,0,0,0,0,0,0,0,-0.4191033138401559,-0.8810916179337231,-0.6491228070175439,-0.9200779727095516,-1.857699805068226,-0.6491228070175439,-0.557504873294347,-1.1968810916179338,-1.0116959064327486,-0.9551656920077972,-1.0097465886939572,-0.5555555555555556,-0.8187134502923976,-1.4171539961013646,-1.2417153996101364,-0.3762183235867446,-0.4951267056530214,-2.3762183235867447,-1.2358674463937622,-0.7875243664717348
P15442,0.04460518384569018,0.05244122965641953,0.06570223025919228,0.06871609403254973,0.004219409282700422,0.03918022905364678,0.06811332127787824,0.03918022905364678,0.017480409885473176,0.07233273056057866,0.09885473176612417,0.07293550331525014,0.02230259192284509,0.047619047619047616,0.03676913803496082,0.10006027727546715,0.05364677516576251,0.011452682338758288,0.033152501506931886,0.05123568414707655,6,5,8,10,4,6,0,10,13,8,8,7,8,0,9,9,15,6,5,7,0,3,2,5,11,9,3,0,2,6,4,2,3,4,0,2,7,4,2,4,6,1,0,0,0,0,0,0,0,9,8,15,7,4,12,0,10,19,24,11,17,21,0,8,16,28,11,16,16,0,8,12,10,5,5,6,0,8,16,5,11,11,4,0,9,23,13,11,5,9,0,0,0,0,0,1,0,0,9,15,10,7,0,3,0,9,23,25,10,12,8,0,11,22,15,15,9,9,1,4,12,10,6,4,8,1,7,8,12,7,6,2,0,4,14,9,5,4,8,0,0,0,0,0,0,1,0,4,12,6,3,7,1,0,7,13,15,5,6,6,1,2,15,9,6,5,4,0,4,13,9,5,5,1,0,8,5,5,3,5,3,0,1,11,4,1,1,7,1,0,0,2,1,0,0,0,10,7,6,4,3,1,0,7,16,13,4,7,8,0,5,14,3,3,4,4,0,12,10,1,3,2,4,1,4,14,3,4,9,2,0,4,6,2,3,2,3,0,0,0,0,0,0,0,0,1,7,6,2,3,3,0,12,18,10,8,6,19,0,9,10,13,4,3,2,0,2,3,6,7,4,4,1,2,6,3,4,2,5,0,2,12,9,5,5,7,0,0,0,1,0,1,0,0,0,0,0,0,0,0,0,0,0,0,0,0,0,0,0,1,0,0,0,2,0,0,1,0,0,0,0,0,0,0,1,1,0,0,0,0,0,0,0,1,0,0,0,0,0,0,0,0,0,-0.9613992762364294,-0.8860072376357057,-1.0277442702050663,-1.0850422195416165,-1.7967430639324486,-0.7117008443908324,-0.6936067551266586,-1.8974668275030158,-0.9849215922798552,-1.0621230398069963,-1.1176115802171291,-0.5747889022919179,-0.7889022919179735,-1.4505428226779251,-1.597708082026538,-0.5965018094089264,-0.841978287092883,-2.615199034981906,-1.3624849215922799,-1.1236429433051869
P15873,0.050387596899224806,0.031007751937984496,0.023255813953488372,0.10465116279069768,0.015503875968992248,0.03488372093023256,0.07364341085271318,0.046511627906976744,0.007751937984496124,0.09302325581395349,0.12403100775193798,0.06976744186046512,0.023255813953488372,0.06589147286821706,0.031007751937984496,0.09302325581395349,0.046511627906976744,0.0,0.015503875968992248,0.050387596899224806,0,3,0,1,1,0,0,1,5,2,3,3,2,0,2,0,0,0,1,0,0,1,0,0,0,0,0,0,0,1,1,0,0,1,0,2,3,1,0,0,2,0,0,0,0,0,1,1,0,1,2,2,0,1,4,0,5,4,5,1,3,2,0,3,4,5,1,1,4,0,2,3,1,0,0,3,0,1,7,2,0,1,1,0,3,3,3,0,1,1,0,0,0,0,0,0,0,0,0,4,1,0,1,1,0,0,1,5,2,2,4,0,1,3,0,0,0,3,0,0,1,0,1,0,1,0,1,1,0,0,0,0,0,2,3,3,1,1,2,0,0,0,0,0,0,0,0,0,2,0,0,0,0,2,1,2,1,1,1,1,0,0,1,0,0,0,0,0,1,0,0,0,0,0,0,0,0,0,0,0,0,0,1,0,2,0,0,0,1,0,0,0,0,0,0,0,1,1,0,0,0,1,0,3,5,3,0,0,1,0,0,3,0,0,0,3,0,0,0,0,0,0,0,0,0,1,1,0,0,0,0,0,0,1,0,1,0,0,0,0,0,1,0,0,0,3,4,0,0,0,2,0,0,3,3,2,3,1,0,1,3,2,2,0,2,0,0,2,0,0,0,0,0,1,1,1,0,1,0,1,1,3,0,1,1,1,0,0,0,0,0,1,0,0,0,0,0,0,0,0,0,0,0,0,0,0,0,0,0,0,0,0,0,0,0,0,1,0,0,0,0,0,0,1,1,0,0,0,0,0,0,0,0,1,0,0,0,0,0,0,0,0,0,-0.7821011673151751,-1.3735408560311284,-1.1906614785992218,-0.9494163424124513,-2.1634241245136185,-1.2140077821011672,-0.622568093385214,-1.953307392996109,-1.8171206225680934,-0.7354085603112841,-0.9961089494163424,-0.7509727626459144,-0.8638132295719845,-1.3657587548638133,-2.1206225680933852,-0.40077821011673154,-0.5797665369649806,-3.311284046692607,-1.688715953307393,-0.7198443579766537
P15992,0.0514018691588785,0.037383177570093455,0.08411214953271028,0.09813084112149532,0.0,0.02336448598130841,0.056074766355140186,0.07009345794392523,0.014018691588785047,0.04205607476635514,0.07476635514018691,0.09345794392523364,0.004672897196261682,0.0514018691588785,0.06542056074766354,0.07476635514018691,0.03271028037383177,0.009345794392523364,0.03271028037383177,0.08411214953271028,3,2,2,1,1,2,0,3,2,2,1,0,0,0,2,2,2,1,1,1,0,1,0,1,1,0,0,0,1,3,0,0,1,1,0,3,1,0,1,2,0,0,0,0,0,0,0,0,0,5,1,3,0,1,1,0,1,2,3,1,1,3,0,0,3,2,2,0,2,0,0,0,0,1,1,3,0,2,2,0,1,1,0,0,2,2,2,1,1,0,0,0,0,0,0,0,0,0,0,1,0,0,1,1,0,3,2,1,0,0,1,0,1,1,1,0,0,2,0,1,1,0,2,0,0,0,1,1,0,0,0,0,0,1,2,0,1,2,2,0,0,0,0,0,0,0,0,0,1,1,1,0,0,0,1,0,2,1,2,0,0,0,0,1,0,0,2,0,0,2,1,1,2,1,0,1,0,0,1,1,0,0,1,3,0,1,0,1,0,0,0,0,0,0,0,0,2,1,2,1,2,1,0,3,1,0,1,2,2,0,0,0,0,0,1,1,0,0,2,0,1,0,0,0,1,2,1,0,0,0,0,0,0,0,0,1,0,0,0,0,0,0,0,0,0,1,2,1,0,1,2,0,0,4,1,1,1,2,0,0,1,0,1,0,0,0,0,1,1,1,0,2,0,3,1,1,1,1,0,0,0,1,0,1,1,0,0,0,0,0,0,0,0,0,0,0,0,0,0,0,0,0,0,0,0,0,0,0,0,0,0,0,0,0,0,0,0,0,0,0,0,0,0,0,0,0,0,0,0,0,0,0,0,0,0,0,0,0,0,0,0,0,0,-0.8732394366197183,-0.5211267605633803,-0.43661971830985913,-0.568075117370892,-2.60093896713615,-0.6291079812206573,-0.3192488262910798,-1.2816901408450705,-0.8873239436619719,-1.3098591549295775,-1.4647887323943662,-0.4413145539906103,-1.1455399061032865,-1.215962441314554,-1.1737089201877935,-0.27699530516431925,-0.6338028169014085,-2.2535211267605635,-1.375586854460094,-1.0704225352112675
P16474,0.08357771260997067,0.02932551319648094,0.04985337243401759,0.08651026392961877,0.001466275659824047,0.030791788856304986,0.08064516129032258,0.07771260997067449,0.011730205278592375,0.06304985337243402,0.09090909090909091,0.08797653958944282,0.013196480938416423,0.036656891495601175,0.02932551319648094,0.05718475073313783,0.05865102639296188,0.001466275659824047,0.026392961876832845,0.08357771260997067,13,6,9,5,3,5,1,7,9,5,2,5,5,0,8,9,4,3,2,2,0,5,2,2,2,3,2,0,3,6,4,1,3,5,0,4,8,1,2,4,6,0,0,0,1,0,0,0,0,8,8,8,5,6,2,0,7,5,7,6,4,2,0,9,5,2,3,1,7,0,1,3,2,4,3,2,0,6,2,4,3,1,4,0,1,6,2,1,1,8,0,0,0,0,0,0,0,0,8,6,4,2,6,6,0,6,5,5,1,4,4,0,5,4,3,2,0,2,0,1,1,1,2,1,2,0,3,1,0,0,2,3,0,4,6,2,1,1,1,0,0,0,0,0,0,0,0,4,2,2,2,1,4,0,4,3,2,1,0,1,0,1,2,2,0,2,1,0,1,2,0,0,2,4,0,2,2,3,1,2,0,0,2,4,1,1,2,1,0,0,0,0,0,0,0,0,2,5,2,1,4,2,0,4,5,4,0,1,2,0,4,3,4,0,1,2,0,4,1,0,1,1,0,0,2,5,1,0,1,2,0,6,3,2,2,0,3,0,0,0,0,0,0,0,0,7,6,3,1,2,6,0,9,4,5,5,6,4,0,5,2,0,0,3,1,0,3,2,3,0,0,1,0,0,0,2,2,2,2,0,8,6,3,2,0,9,0,0,0,0,0,0,0,0,0,0,0,0,0,0,0,0,0,0,0,0,0,0,0,0,1,0,0,0,0,0,0,0,0,0,0,0,0,0,0,0,0,0,0,0,0,0,0,0,0,0,0,0,0,0,0,0,0,-0.8340675477239354,-1.829662261380323,-1.7048458149779735,-1.6637298091042585,-3.2290748898678414,-1.3054331864904551,-1.2173274596182084,-2.3127753303964758,-2.3538913362701908,-1.7430249632892805,-2.0088105726872247,-1.1938325991189427,-1.81791483113069,-2.7577092511013217,-2.7063142437591776,-1.1277533039647578,-1.0998531571218797,-4.058737151248164,-2.748898678414097,-1.459618208516887
P16522,0.0670926517571885,0.04472843450479233,0.052715654952076675,0.06549520766773163,0.022364217252396165,0.04952076677316294,0.07987220447284345,0.038338658146964855,0.01437699680511182,0.05591054313099041,0.1134185303514377,0.07507987220447285,0.027156549520766772,0.054313099041533544,0.01437699680511182,0.07348242811501597,0.04153354632587859,0.01597444089456869,0.05750798722044728,0.036741214057507986,0,1,1,3,4,0,0,7,2,3,5,2,3,0,4,3,3,2,2,3,0,1,2,3,2,2,0,0,1,6,2,4,3,0,0,5,3,0,0,2,3,0,0,0,0,0,2,0,0,4,5,1,3,2,5,1,7,3,7,2,4,3,1,2,5,9,5,5,2,1,5,5,6,2,1,2,1,2,9,5,1,2,2,0,3,5,3,5,3,7,0,0,1,0,0,0,1,1,2,6,6,2,3,2,0,2,4,7,7,5,5,0,5,10,3,2,1,4,2,3,1,4,4,3,1,0,1,2,1,1,3,1,0,1,5,3,2,0,5,0,1,0,1,0,1,2,0,1,4,4,2,3,0,0,0,5,2,1,5,5,1,7,3,4,4,1,3,0,1,5,2,0,0,1,0,2,3,2,2,1,1,0,2,0,2,2,0,0,0,0,0,1,0,0,0,0,0,2,3,0,1,2,0,2,8,6,3,2,4,1,0,3,6,1,0,1,2,2,2,2,1,2,0,0,0,2,2,0,0,3,2,0,3,0,5,0,0,0,0,0,0,0,0,2,0,2,4,2,0,2,4,1,3,5,4,4,3,5,0,3,5,2,0,0,2,0,2,4,6,0,3,2,0,2,3,0,1,0,0,0,3,7,3,2,0,2,0,0,0,0,0,0,0,0,0,0,0,0,1,0,0,0,0,0,0,0,1,0,0,1,0,1,0,1,0,0,0,0,0,0,0,0,0,1,1,0,0,1,0,1,1,1,1,1,0,0,0,0,1,0,0,0,0,-0.0736,-0.2944,-0.528,-0.7584,-1.4656,0.2352,0.28,-1.9488,-0.4336,-1.1632,-0.2832,0.064,-0.6288,-1.448,-2.2688,-0.5488,-1.2352,-1.9456,-0.4352,-1.3632
P16649,0.07152875175315568,0.037868162692847124,0.061711079943899017,0.06030855539971949,0.009817671809256662,0.08555399719495091,0.05049088359046283,0.047685834502103785,0.019635343618513323,0.037868162692847124,0.08415147265077139,0.05049088359046283,0.011220196353436185,0.0182328190743338,0.05049088359046283,0.09817671809256662,0.10098176718092566,0.008415147265077139,0.028050490883590462,0.06732117812061711,5,7,10,0,2,1,0,2,6,8,5,4,2,0,14,7,10,6,5,5,0,2,5,3,2,0,0,0,2,0,1,1,0,2,1,1,4,1,2,3,2,1,0,0,0,0,0,0,1,3,6,6,1,1,2,0,5,7,7,5,3,2,0,12,5,8,2,3,3,1,1,1,2,11,1,1,0,6,3,4,1,2,3,0,2,2,5,5,2,1,0,1,0,0,0,0,0,0,8,8,19,6,1,4,0,4,7,8,0,2,3,1,9,5,20,7,1,3,0,3,2,3,4,4,2,0,1,3,1,4,2,2,0,2,5,3,4,4,2,0,0,0,0,1,0,0,0,4,2,4,5,2,2,0,2,5,3,5,8,1,0,3,5,3,2,1,3,0,7,8,5,21,1,4,0,0,3,0,3,1,0,0,1,4,3,2,1,0,0,1,0,0,0,0,0,0,2,1,3,0,1,2,1,2,2,2,2,1,4,0,3,1,3,1,2,1,0,3,2,1,6,0,2,1,0,1,1,2,0,1,0,3,2,0,1,1,1,0,0,0,0,0,0,1,0,2,3,3,0,0,3,0,4,2,6,0,1,5,0,4,2,2,0,1,5,0,2,5,3,2,1,2,0,1,3,4,4,0,0,0,1,1,2,1,1,2,0,0,0,1,0,0,0,0,1,0,2,0,0,0,0,0,0,0,0,0,0,0,1,0,0,0,0,0,0,1,0,0,0,0,0,0,0,0,0,0,0,0,0,1,0,0,0,0,0,0,1,0,0,0,0,0,0,-0.8764044943820225,-0.9985955056179775,-0.9971910112359551,-1.053370786516854,-1.3174157303370786,-0.875,-1.146067415730337,-1.7064606741573034,-0.7879213483146067,-1.4508426966292134,-1.252808988764045,-0.9073033707865169,-1.4269662921348314,-1.75,-2.056179775280899,0.01544943820224719,-0.5379213483146067,-2.318820224719101,-1.6362359550561798,-1.1741573033707866
P17065,0.061923583662714096,0.03820816864295125,0.06060606060606061,0.08563899868247694,0.011857707509881422,0.04479578392621871,0.08563899868247694,0.034255599472990776,0.014492753623188406,0.06060606060606061,0.08827404479578392,0.09354413702239789,0.011857707509881422,0.022397891963109356,0.025032938076416336,0.13306982872200263,0.06455862977602109,0.00922266139657444,0.017127799736495388,0.03689064558629776,4,3,3,2,2,0,0,4,3,5,4,4,1,0,1,5,7,1,2,5,0,2,3,2,0,1,5,0,1,2,1,3,5,1,0,2,1,4,2,2,6,0,0,1,0,0,0,1,0,3,4,5,0,3,3,0,3,3,9,2,4,6,2,2,6,12,4,8,5,1,3,3,6,4,1,6,0,2,4,2,1,7,3,1,1,2,3,5,1,6,1,0,0,0,1,1,0,0,0,4,4,6,5,3,0,2,5,8,4,4,5,0,10,11,21,4,3,7,0,0,1,5,3,3,6,0,2,9,0,4,2,4,0,7,5,3,1,1,8,0,1,0,0,0,0,0,0,3,3,1,0,1,2,0,5,3,4,3,3,1,0,6,1,7,4,2,4,0,3,1,3,1,1,3,1,2,2,2,1,0,1,0,1,7,3,2,3,6,1,0,1,0,0,0,0,0,0,3,1,3,1,6,0,0,8,8,6,4,1,0,2,1,3,2,2,2,0,0,9,3,0,1,0,0,5,4,4,3,2,2,0,4,2,1,3,2,1,0,0,1,0,0,0,0,0,3,4,7,2,1,3,2,4,6,3,3,1,5,0,1,4,6,2,4,2,0,2,2,5,3,1,3,0,2,4,3,1,4,2,0,7,5,5,3,7,5,0,0,0,1,0,1,0,0,1,0,0,0,0,0,0,0,1,1,1,0,0,0,0,0,0,1,0,0,0,0,0,0,1,0,0,0,0,2,0,0,0,0,0,0,0,1,0,0,0,0,0,0,0,0,0,0,0,-0.4023746701846966,-0.36939313984168864,0.06860158311345646,0.4419525065963061,-2.1688654353562007,0.3311345646437995,0.6978891820580475,-0.6160949868073878,-0.9762532981530343,-1.29155672823219,-1.1715039577836412,0.31398416886543534,-1.0659630606860158,-1.974934036939314,-0.7994722955145118,0.1517150395778364,-0.33641160949868076,-2.5369393139841687,-1.5949868073878628,-1.1372031662269129
P17106,0.08262108262108261,0.05413105413105413,0.07692307692307693,0.07977207977207977,0.002849002849002849,0.05982905982905983,0.11965811965811966,0.04843304843304843,0.02564102564102564,0.039886039886039885,0.07692307692307693,0.08262108262108261,0.019943019943019943,0.0,0.02564102564102564,0.09401709401709402,0.05982905982905983,0.005698005698005698,0.022792022792022793,0.022792022792022793,3,0,1,0,1,3,1,0,3,2,2,0,1,0,3,0,0,2,0,2,0,2,3,1,1,0,1,0,0,1,1,0,3,3,0,1,1,3,3,2,3,0,1,0,0,0,0,0,0,1,0,3,2,3,1,0,3,3,1,0,1,2,0,1,1,3,2,0,3,0,2,0,2,0,0,2,0,1,0,0,3,1,1,0,1,1,2,0,2,2,0,0,0,0,0,0,0,0,2,2,0,2,3,2,0,3,3,2,0,2,1,0,2,4,2,4,1,4,0,2,3,4,3,1,0,0,0,0,1,0,1,0,0,1,3,2,2,4,2,0,0,0,0,0,0,0,0,0,2,2,2,0,3,0,1,1,3,2,2,1,0,3,2,4,3,0,3,0,1,0,2,2,0,3,0,0,0,1,0,3,1,0,2,1,2,1,2,3,0,0,0,0,0,0,0,0,1,2,1,0,1,1,0,1,0,1,0,1,1,0,1,0,3,1,0,0,0,0,2,3,1,2,2,0,4,2,1,3,4,2,0,2,1,0,3,0,1,0,0,0,0,0,0,0,0,2,1,0,2,0,2,0,2,0,1,2,0,2,0,1,4,5,1,1,2,0,2,2,4,1,2,3,0,1,1,1,4,4,0,0,0,0,5,5,1,6,0,0,0,0,0,0,0,0,0,1,0,0,0,0,0,0,0,0,0,0,0,0,0,0,0,0,0,0,0,0,0,0,0,0,0,0,0,0,0,0,0,0,0,0,0,0,0,0,0,0,0,0,0,0,0,0,0,-0.36857142857142855,-0.16857142857142857,0.07428571428571429,-0.38285714285714284,-1.9914285714285713,0.24571428571428572,0.12,-0.9085714285714286,-0.4742857142857143,-1.502857142857143,-1.1428571428571428,-0.16857142857142857,-0.8285714285714286,-1.7457142857142858,-0.20285714285714285,0.6142857142857143,-0.22857142857142856,-2.8257142857142856,-1.562857142857143,-1.217142857142857
P17423,0.07563025210084033,0.047619047619047616,0.047619047619047616,0.047619047619047616,0.022408963585434174,0.0392156862745098,0.056022408963585436,0.0784313725490196,0.011204481792717087,0.06722689075630252,0.11204481792717087,0.036414565826330535,0.0196078431372549,0.028011204481792718,0.08123249299719888,0.06722689075630252,0.06162464985994398,0.0056022408963585435,0.03081232492997199,0.06442577030812324,8,2,5,0,1,2,0,6,6,2,3,2,3,1,1,5,6,0,1,1,0,1,1,1,0,2,0,0,2,2,2,0,0,1,0,1,1,4,2,0,0,0,0,1,1,0,0,0,0,6,10,5,1,3,2,0,7,9,4,3,1,5,0,4,5,1,0,2,0,0,3,2,1,3,2,2,0,0,1,0,3,0,0,1,1,4,3,2,2,2,0,0,1,1,0,1,0,0,2,6,1,1,1,2,2,7,5,2,2,1,4,2,4,5,3,0,0,1,0,0,0,0,0,0,0,0,1,1,1,1,1,0,0,1,2,0,1,1,1,0,0,0,0,0,1,0,0,1,1,1,1,2,1,0,1,3,1,1,0,1,0,2,2,1,0,1,1,1,1,1,1,1,0,1,1,2,1,1,0,0,1,0,1,1,1,0,0,0,0,0,0,0,0,1,0,0,0,3,1,1,0,0,0,4,3,0,1,1,0,0,1,3,1,0,0,1,0,0,2,1,0,1,0,0,0,0,1,0,0,1,0,1,1,0,1,0,0,0,0,0,0,1,0,0,0,1,1,2,1,0,1,0,0,3,3,3,0,1,0,3,2,1,0,1,1,0,2,1,4,0,0,0,0,0,1,1,0,1,0,0,1,1,0,1,0,0,0,0,0,0,0,0,0,0,0,0,0,0,0,0,0,2,0,0,0,0,0,0,0,1,0,0,0,1,0,0,0,0,1,0,0,0,0,3,0,0,0,0,0,0,0,0,0,0,0,0,0,0,0,0,0,0,0,-0.20224719101123595,-1.146067415730337,-1.3707865168539326,-1.4129213483146068,-1.7640449438202248,-1.351123595505618,-1.0870786516853932,-1.2134831460674158,-1.4550561797752808,-1.0056179775280898,-0.8960674157303371,-1.1629213483146068,-1.3258426966292134,-1.4662921348314606,-1.699438202247191,-0.7106741573033708,-0.9634831460674157,-2.4719101123595504,-1.6797752808988764,-0.7949438202247191
P17555,0.07984790874524715,0.024714828897338403,0.058935361216730035,0.058935361216730035,0.0076045627376425855,0.04182509505703422,0.06844106463878327,0.055133079847908745,0.009505703422053232,0.057034220532319393,0.06844106463878327,0.08745247148288973,0.013307984790874524,0.03802281368821293,0.06653992395437262,0.11026615969581749,0.058935361216730035,0.009505703422053232,0.028517110266159697,0.057034220532319393,3,2,7,3,3,3,0,4,6,8,1,2,2,0,5,5,5,1,2,3,1,1,3,3,1,0,3,0,1,4,1,1,1,0,0,3,4,4,1,2,2,0,0,0,0,0,0,0,0,8,4,5,3,1,2,0,4,10,3,4,5,2,0,5,5,4,3,1,6,0,5,2,2,0,2,4,0,4,3,0,4,5,0,0,3,3,4,2,1,0,0,0,0,0,0,1,0,0,2,6,5,1,1,6,0,2,1,6,4,2,4,1,4,2,7,5,1,2,1,2,4,2,2,4,2,0,1,3,3,0,0,2,0,2,4,4,2,5,2,0,0,0,2,0,1,0,0,3,2,1,2,1,3,0,5,2,2,1,0,2,0,2,3,3,3,2,2,1,1,2,1,0,1,0,0,0,1,3,3,0,0,0,5,4,1,1,0,0,0,0,0,0,0,0,0,0,1,2,2,1,1,1,0,2,7,3,3,2,3,0,2,2,1,2,2,2,0,3,0,5,2,0,0,0,1,4,2,1,0,0,0,1,1,0,0,0,0,0,0,0,0,0,0,0,0,3,7,2,1,1,1,0,6,2,3,2,5,0,0,3,3,1,2,1,3,0,0,1,3,0,0,2,0,0,4,2,1,2,0,0,1,2,0,0,1,2,0,0,0,0,0,0,0,0,0,0,0,0,0,0,0,0,0,0,0,0,0,0,0,0,1,0,0,1,0,0,0,0,0,0,0,0,1,1,0,0,0,0,0,0,0,0,0,0,0,0,0,0,0,0,0,0,0,-0.21904761904761905,-0.8514285714285714,-0.5485714285714286,-0.819047619047619,-1.68,-0.31047619047619046,-0.4114285714285714,-1.1257142857142857,-1.019047619047619,-1.1085714285714285,-1.1714285714285715,-0.3180952380952381,-0.7961904761904762,-1.5276190476190477,-0.6666666666666666,0.024761904761904763,-0.22095238095238096,-2.179047619047619,-1.2342857142857142,-0.7904761904761904
P17709,0.062,0.044,0.03,0.064,0.014,0.038,0.066,0.076,0.03,0.054,0.118,0.064,0.028,0.038,0.044,0.066,0.072,0.004,0.026,0.062,5,6,4,1,3,2,0,5,9,5,1,4,4,0,5,2,2,1,1,2,1,1,4,4,0,1,2,0,2,1,1,1,2,5,0,3,1,2,0,5,0,1,0,1,0,0,0,0,0,7,9,1,3,4,2,1,7,2,8,4,4,2,1,8,5,8,4,1,0,0,4,2,4,0,3,3,0,1,4,3,3,0,2,0,4,1,2,2,0,7,0,1,0,0,0,0,0,0,2,3,6,4,2,3,0,6,3,5,4,3,3,0,2,7,3,1,1,3,2,1,3,1,1,1,5,0,1,2,3,0,4,0,0,2,0,1,1,1,1,0,1,1,0,1,0,0,0,1,0,2,0,2,1,0,3,5,2,2,0,3,0,2,4,1,1,4,0,0,0,1,0,0,0,0,0,0,5,0,0,0,0,0,4,3,2,1,1,1,0,0,0,0,0,0,0,0,1,4,0,0,1,2,0,4,5,3,2,0,2,0,0,4,1,3,2,0,0,0,4,0,0,0,1,0,1,0,2,1,0,2,0,1,2,5,0,1,0,0,0,0,0,0,0,0,0,4,4,1,3,0,2,0,1,4,3,2,1,2,0,3,2,5,2,1,1,0,0,1,2,0,0,1,0,3,4,1,0,0,0,0,0,6,2,0,0,1,1,1,1,0,0,0,0,0,0,2,0,1,0,0,0,1,0,0,1,1,0,0,0,0,0,0,0,0,0,0,0,1,0,0,0,0,0,0,0,0,0,0,0,0,0,0,0,0,0,0,0,0,0,0,0,0,0,-0.6352705410821643,-1.0681362725450902,-1.1442885771543085,-1.1402805611222444,-1.74749498997996,-0.9378757515030061,-0.7895791583166333,-1.4809619238476954,-1.2565130260521042,-1.0480961923847696,-1.0400801603206413,-0.8777555110220441,-0.8176352705410822,-1.6132264529058116,-1.7595190380761523,-0.5771543086172345,-0.6693386773547094,-2.5130260521042085,-1.4509018036072143,-0.8857715430861723
P19262,0.09287257019438445,0.047516198704103674,0.038876889848812095,0.038876889848812095,0.0021598272138228943,0.02159827213822894,0.09071274298056156,0.058315334773218146,0.008639308855291577,0.047516198704103674,0.0755939524838013,0.09287257019438445,0.028077753779697623,0.032397408207343416,0.056155507559395246,0.08423326133909287,0.08423326133909287,0.0021598272138228943,0.017278617710583154,0.07991360691144708,7,4,8,5,1,3,0,4,3,7,2,3,3,0,6,7,2,2,4,2,0,3,1,2,0,5,1,0,0,1,5,2,1,0,0,2,4,1,1,5,0,0,0,0,0,0,0,0,0,5,3,3,0,1,2,0,2,2,5,1,1,6,0,11,5,4,3,2,3,1,2,1,0,0,0,2,0,2,2,5,2,2,3,0,3,3,2,2,2,4,0,0,0,0,0,0,0,0,6,8,7,2,1,3,0,3,3,11,0,5,3,0,1,4,3,1,1,4,0,1,2,1,1,0,1,0,3,3,1,1,3,0,0,5,1,2,0,3,3,0,1,0,0,0,0,0,0,2,1,1,2,1,1,0,1,2,2,0,1,0,0,1,3,1,0,1,1,0,0,0,1,0,0,0,0,2,1,1,0,1,0,0,2,1,2,0,1,0,0,0,0,0,0,0,0,0,6,3,2,0,2,2,0,2,5,2,2,3,2,0,7,3,1,0,2,3,0,1,0,3,0,0,1,0,2,6,2,0,0,0,0,1,0,1,0,1,0,0,0,0,0,0,0,0,0,2,3,2,3,2,2,0,2,2,3,0,3,2,0,1,3,3,0,1,1,0,1,1,0,0,0,1,0,6,3,2,0,3,0,0,1,3,1,0,2,1,0,0,0,0,0,0,0,0,0,0,0,0,1,0,0,0,0,0,0,0,0,0,0,0,0,0,0,0,0,0,0,0,0,0,0,0,0,0,0,0,0,0,0,0,0,0,0,0,0,0,0,0,0,0,0,0,0,-0.18831168831168832,-1.132034632034632,-0.9502164502164502,-1.300865800865801,-2.448051948051948,-0.7510822510822511,-0.8051948051948052,-1.432900432900433,-1.5757575757575757,-0.9718614718614719,-1.2380952380952381,-0.6038961038961039,-0.9285714285714286,-1.7965367965367964,-1.0692640692640694,-0.33116883116883117,-0.4458874458874459,-2.9761904761904763,-1.7532467532467533,-0.5541125541125541
P19736,0.03773584905660377,0.06792452830188679,0.04905660377358491,0.05849056603773585,0.013207547169811321,0.04716981132075472,0.11509433962264151,0.033962264150943396,0.022641509433962263,0.0509433962264151,0.10943396226415095,0.09245283018867924,0.020754716981132074,0.0509433962264151,0.03773584905660377,0.07169811320754717,0.03207547169811321,0.007547169811320755,0.04905660377358491,0.03207547169811321,3,2,0,0,0,2,0,3,2,2,2,1,0,1,0,2,4,1,3,0,0,1,2,2,0,1,2,0,1,2,1,1,3,1,1,1,2,2,0,3,1,0,0,0,0,0,0,0,0,1,3,5,4,4,2,0,6,5,7,6,1,6,1,1,2,2,3,7,2,1,1,5,7,1,6,4,0,1,2,5,3,2,1,0,0,8,6,3,3,2,1,0,0,1,0,1,0,0,0,2,0,1,3,0,0,4,7,1,5,2,4,0,2,4,3,1,4,3,0,1,2,1,1,1,2,0,1,6,3,2,3,4,0,3,4,2,2,2,2,0,0,2,0,0,0,1,0,0,0,1,1,0,3,0,0,3,4,4,7,4,0,1,4,1,2,1,3,1,0,2,0,1,1,0,0,0,1,1,2,5,3,0,4,3,0,0,0,3,0,0,0,0,0,0,0,0,1,0,1,1,2,1,0,2,6,2,3,2,2,0,0,7,2,1,1,5,1,0,6,2,0,0,2,0,2,3,5,1,4,3,0,2,4,3,3,1,3,0,0,0,1,0,0,0,0,2,3,3,1,1,1,0,4,8,2,4,1,6,0,2,3,4,0,3,2,0,2,5,2,1,3,0,0,1,2,1,1,1,4,0,0,4,1,5,1,7,0,0,0,0,0,1,0,0,0,0,0,0,0,0,0,0,1,0,0,0,1,0,0,1,1,0,0,0,0,0,0,0,0,0,0,0,0,1,1,0,0,0,0,1,0,0,0,0,0,0,0,0,0,0,0,0,0,-0.5727788279773157,-0.31001890359168244,-0.4706994328922495,-0.5519848771266541,-1.9281663516068053,0.03780718336483932,0.09640831758034027,-1.391304347826087,-0.6162570888468809,-1.1928166351606806,-0.9565217391304348,-0.062381852551984876,-0.6880907372400756,-1.2362948960302458,-1.1361058601134215,-0.277882797731569,-0.45368620037807184,-1.8109640831758034,-0.77882797731569,-1.0340264650283555
P20050,0.03636363636363636,0.03966942148760331,0.06942148760330578,0.06115702479338843,0.01818181818181818,0.0512396694214876,0.0628099173553719,0.03305785123966942,0.009917355371900827,0.05619834710743802,0.10578512396694215,0.09256198347107437,0.01652892561983471,0.05454545454545454,0.04132231404958678,0.08760330578512397,0.07107438016528926,0.008264462809917356,0.01818181818181818,0.06611570247933884,0,0,2,1,5,1,0,5,5,2,4,1,0,1,2,5,2,0,3,2,1,1,4,2,1,2,2,0,1,8,0,1,5,4,0,1,2,1,3,1,0,0,0,0,0,0,0,1,0,3,7,6,2,6,4,1,8,9,5,3,4,9,1,5,6,7,4,4,6,0,4,1,6,4,2,1,0,3,3,3,3,3,0,0,3,4,4,4,1,2,0,1,1,1,0,2,0,0,3,4,2,1,3,1,0,7,5,5,4,3,4,1,4,6,7,6,1,0,0,1,7,3,2,2,2,0,1,6,1,0,4,1,1,2,4,1,3,0,5,0,0,2,0,0,0,0,0,2,1,5,3,0,0,0,0,8,5,3,2,1,0,1,7,5,3,1,2,0,2,2,3,3,3,2,0,0,0,4,2,2,1,0,1,5,1,1,0,3,0,0,0,0,0,0,0,0,1,3,0,0,2,2,0,4,4,8,1,4,0,1,2,2,1,4,0,4,0,2,1,3,1,0,2,0,1,3,5,3,4,1,1,1,4,1,0,1,1,0,0,0,2,0,0,0,0,0,2,0,5,3,0,0,3,8,6,3,1,4,1,0,2,3,0,3,1,0,1,4,2,3,0,2,0,2,1,0,0,0,0,0,2,7,1,1,0,3,0,0,0,1,0,0,0,0,0,1,0,0,0,0,0,2,0,1,0,0,0,0,0,1,0,0,2,0,1,0,0,0,0,0,0,0,0,1,0,0,0,1,0,0,0,0,0,0,0,1,0,0,0,0,0,0,0,-0.6490066225165563,-0.8228476821192053,-0.5827814569536424,-0.8559602649006622,-1.650662251655629,-0.41225165562913907,-0.45364238410596025,-1.6490066225165563,-1.1903973509933774,-1.0132450331125828,-0.9552980132450332,-0.43211920529801323,-0.5579470198675497,-1.3758278145695364,-1.3625827814569536,-0.2185430463576159,-0.2682119205298013,-2.2864238410596025,-1.163907284768212,-0.8145695364238411
P20967,0.0621301775147929,0.048323471400394474,0.04043392504930966,0.05226824457593689,0.006903353057199211,0.045364891518737675,0.07001972386587771,0.06903353057199212,0.03353057199211045,0.045364891518737675,0.09664694280078895,0.06903353057199212,0.011834319526627219,0.04930966469428008,0.05029585798816568,0.07889546351084813,0.0611439842209073,0.016765285996055226,0.03353057199211045,0.05917159763313609,7,8,6,4,0,5,0,10,7,9,8,7,9,0,7,3,14,2,4,5,0,6,9,7,1,4,3,0,5,4,4,2,0,3,1,5,8,6,4,2,3,0,0,0,1,0,0,0,0,7,13,8,6,7,11,0,15,7,8,14,6,4,0,8,9,15,0,6,5,0,8,8,7,4,6,7,1,3,6,1,2,6,6,0,3,4,6,4,7,6,0,0,0,0,0,0,0,0,6,11,5,10,4,4,0,9,12,10,5,3,6,0,11,11,5,7,6,5,1,3,4,3,2,1,1,0,9,4,2,2,0,4,1,0,9,2,2,4,2,0,0,0,1,0,0,0,0,5,6,5,5,3,4,0,5,11,6,2,5,1,0,6,10,6,1,1,1,0,4,3,1,3,3,1,0,3,4,3,8,4,0,0,4,5,2,1,1,2,1,0,0,0,1,0,1,0,2,7,4,4,4,2,1,2,8,6,7,0,6,0,3,4,3,0,4,1,0,3,2,4,2,6,4,0,1,3,3,4,1,1,0,3,5,2,2,2,1,0,0,1,1,0,0,0,0,3,5,7,1,1,2,0,11,8,5,5,3,4,0,5,7,3,2,0,2,0,3,4,3,3,2,0,1,3,8,2,2,2,1,0,4,5,1,2,2,1,0,0,0,0,0,1,0,0,0,0,0,0,0,0,0,0,1,0,0,0,0,0,0,1,0,1,1,0,0,1,0,0,0,0,0,0,0,0,0,1,0,0,0,0,0,0,1,0,0,0,0,0,0,0,0,0,0,-0.6386969397828233,-1.0552813425468903,-1.0236920039486672,-1.248766041461007,-2.3336623889437313,-0.6584402764067128,-0.7324777887462981,-1.6594274432379073,-1.1451135241855874,-1.3790720631786773,-1.332675222112537,-0.7946692991115498,-1.016781836130306,-1.5972359328726555,-1.6179664363277393,-0.6268509378084897,-0.7384007897334649,-2.456071076011846,-1.2793682132280355,-1.1855873642645607
P21182,0.03787878787878788,0.022727272727272728,0.050505050505050504,0.0707070707070707,0.020202020202020204,0.03535353535353535,0.07575757575757576,0.03535353535353535,0.030303030303030304,0.047979797979797977,0.10101010101010101,0.08838383838383838,0.022727272727272728,0.0707070707070707,0.03282828282828283,0.0707070707070707,0.07828282828282829,0.015151515151515152,0.047979797979797977,0.045454545454545456,0,0,1,2,0,0,0,2,3,0,3,3,0,0,0,3,4,1,0,0,0,0,2,3,1,1,1,0,0,2,0,0,0,2,0,0,5,1,1,0,1,1,1,1,1,0,0,1,0,1,3,1,2,1,7,1,2,4,5,4,5,1,1,4,3,5,3,2,5,0,0,4,2,2,2,1,0,0,2,4,3,1,3,0,1,4,3,2,3,1,0,0,1,0,0,1,0,0,0,3,4,1,0,1,3,4,4,1,1,1,7,0,3,7,8,2,4,2,0,2,0,2,2,2,0,0,2,1,1,0,2,4,0,1,3,2,2,1,2,0,0,0,0,0,0,0,0,0,0,2,0,2,0,0,2,4,5,0,1,2,0,1,3,2,1,1,2,0,1,2,3,6,0,0,0,2,1,2,0,0,1,1,1,3,0,1,0,0,0,0,0,0,0,0,0,0,2,1,0,2,1,0,0,1,2,4,1,0,0,0,1,1,5,1,2,0,0,0,4,0,0,0,1,0,0,0,2,2,0,0,0,1,4,3,1,0,1,0,0,1,0,0,0,0,0,0,3,0,1,0,1,0,5,3,6,2,2,4,1,3,1,3,0,0,2,0,1,2,0,1,2,2,0,1,2,1,0,0,0,0,1,3,0,1,0,3,0,0,0,0,0,1,0,0,0,1,0,0,0,0,0,0,2,1,0,0,0,0,0,0,0,0,1,0,0,0,0,0,0,0,0,0,1,0,0,0,1,0,0,0,1,0,0,0,0,0,0,0,0,0,0,0,0,-0.6556962025316456,-1.058227848101266,-0.7645569620253164,-0.9113924050632911,-1.6253164556962025,-0.7215189873417721,-0.6227848101265823,-1.4708860759493672,-1.0379746835443038,-1.1468354430379746,-1.1164556962025316,-0.7291139240506329,-0.850632911392405,-1.1721518987341772,-1.4455696202531645,-0.23037974683544304,-0.369620253164557,-2.1848101265822786,-0.9822784810126582,-0.8936708860759494
P21190,0.03611111111111111,0.022222222222222223,0.1,0.07222222222222222,0.008333333333333333,0.06111111111111111,0.06388888888888888,0.016666666666666666,0.03333333333333333,0.05277777777777778,0.05,0.06666666666666667,0.008333333333333333,0.07222222222222222,0.05555555555555555,0.13055555555555556,0.06944444444444445,0.002777777777777778,0.06388888888888888,0.013888888888888888,1,0,1,1,0,0,0,0,0,1,1,1,1,0,1,0,1,0,1,1,0,0,2,3,1,1,1,0,0,0,0,0,0,2,0,0,1,1,0,0,1,0,0,0,0,0,0,0,0,1,1,1,1,0,1,0,1,8,3,5,1,4,0,0,4,7,1,1,2,0,0,5,4,3,0,5,0,2,1,3,1,1,2,0,1,4,0,3,2,3,0,0,1,0,0,0,0,0,1,2,2,2,0,0,0,1,4,4,1,3,3,1,4,7,10,5,5,4,1,1,6,3,1,2,0,1,0,2,4,2,1,2,0,1,1,5,2,1,1,0,0,0,0,0,0,1,0,0,1,0,1,0,0,0,0,6,5,6,4,2,0,0,2,9,3,2,3,0,0,3,4,5,0,1,0,0,0,1,2,0,0,0,0,2,3,4,0,0,0,0,0,0,1,0,0,0,0,0,0,1,2,0,0,0,1,2,0,0,1,0,0,3,4,3,0,1,0,1,2,1,2,0,0,0,1,1,0,0,0,0,0,1,2,2,0,0,1,0,0,0,0,0,0,0,0,0,0,0,2,0,2,0,3,3,0,4,0,2,0,2,1,4,2,2,0,0,0,5,4,1,0,2,0,0,0,3,1,0,0,0,1,2,0,3,0,0,0,0,0,0,0,0,0,0,0,0,0,0,0,0,0,0,0,0,0,1,0,0,0,0,0,0,0,0,0,0,0,1,0,0,0,0,0,0,0,0,0,0,0,0,0,0,0,1,0,0,0,0,0,0,0,0,0,-0.7966573816155988,-0.8913649025069638,-0.08913649025069638,-0.5598885793871866,-2.052924791086351,-0.27019498607242337,-0.2757660167130919,-1.6211699164345403,-0.6295264623955432,-1.584958217270195,-1.532033426183844,-0.5348189415041783,-0.9805013927576601,-1.3426183844011141,-1.3231197771587744,0.08913649025069638,-0.3593314763231198,-2.331476323119777,-0.8774373259052924,-1.3537604456824512
P21264,0.0840630472854641,0.03852889667250438,0.047285464098073555,0.043782837127845885,0.01576182136602452,0.02626970227670753,0.0647985989492119,0.06304728546409807,0.024518388791593695,0.07705779334500876,0.09807355516637478,0.06830122591943957,0.028021015761821366,0.02626970227670753,0.05604203152364273,0.06830122591943957,0.0542907180385289,0.0017513134851138354,0.028021015761821366,0.08581436077057793,7,12,6,2,2,2,1,10,14,7,2,1,4,0,5,6,4,2,3,3,1,2,3,2,0,2,4,0,4,2,0,0,2,1,0,2,8,2,0,0,1,1,3,0,0,0,0,0,0,8,5,4,6,3,5,1,8,5,7,5,5,4,0,6,7,6,4,7,5,0,6,2,2,0,4,3,0,3,5,1,4,0,2,0,1,4,2,1,4,0,1,0,0,1,0,0,0,0,6,7,4,2,1,3,1,5,4,7,2,2,0,0,5,4,4,2,1,2,0,2,2,2,2,1,1,0,3,5,3,2,0,1,0,3,5,4,0,2,0,0,0,1,0,0,0,0,0,5,1,4,1,2,1,0,1,3,5,2,4,0,0,1,2,3,1,0,0,0,0,2,0,0,0,0,0,3,4,0,0,0,2,0,3,2,1,1,2,0,1,0,0,0,0,0,0,0,3,6,3,1,1,1,0,6,3,4,4,1,0,0,1,1,1,1,1,2,0,4,4,0,0,1,2,0,0,0,1,1,0,0,0,3,1,0,1,2,0,1,0,0,0,0,0,0,0,2,6,3,1,0,1,0,2,5,5,1,2,4,1,5,0,0,0,2,1,0,0,2,1,0,1,0,0,2,2,2,3,0,1,0,0,0,0,1,0,1,0,0,1,1,0,1,1,0,1,1,0,0,0,1,0,0,0,0,1,0,1,0,1,0,0,0,0,1,0,0,0,0,0,0,0,0,0,0,0,0,0,1,0,1,0,0,0,0,0,0,0,0,0,0,0,0,0,-0.21403508771929824,-1.3192982456140352,-1.5736842105263158,-1.3456140350877193,-2.4105263157894736,-1.1789473684210525,-0.7842105263157895,-1.53859649122807,-1.6175438596491227,-0.9578947368421052,-1.2596491228070175,-1.1245614035087719,-1.236842105263158,-1.8771929824561404,-1.9578947368421054,-0.9912280701754386,-1.0035087719298246,-3.175438596491228,-1.7842105263157895,-0.7105263157894737
P21304,0.07291666666666667,0.03125,0.05555555555555555,0.10416666666666667,0.006944444444444444,0.020833333333333332,0.08854166666666667,0.0642361111111111,0.022569444444444444,0.046875,0.0763888888888889,0.06597222222222222,0.026041666666666668,0.029513888888888888,0.034722222222222224,0.09375,0.04861111111111111,0.015625,0.027777777777777776,0.06770833333333333,3,2,5,1,2,10,0,5,5,3,2,3,2,0,3,4,6,4,5,5,0,4,2,0,1,1,2,0,3,2,3,1,0,2,0,1,3,3,4,2,11,0,0,2,0,0,0,1,0,5,5,5,2,5,1,0,2,5,5,1,2,3,0,7,4,5,2,3,1,0,2,2,1,2,0,5,0,4,1,1,4,1,1,0,2,6,3,3,2,4,0,0,0,0,0,0,0,0,5,5,6,4,1,3,1,11,1,3,1,1,3,0,8,6,6,3,2,0,0,2,3,4,2,0,2,0,3,3,2,2,3,2,0,1,4,2,1,1,4,0,0,1,0,0,0,0,0,3,2,5,1,1,1,0,1,1,2,1,5,4,0,3,2,3,1,1,3,1,2,3,2,0,1,1,0,0,1,0,1,0,1,0,3,2,3,2,1,2,0,0,0,0,0,0,0,0,4,3,3,1,1,3,0,2,0,4,0,1,2,0,0,1,2,1,2,2,0,2,1,4,1,0,1,0,2,0,1,1,4,0,0,4,1,0,0,0,2,0,0,0,0,0,0,0,0,3,3,2,1,1,6,2,2,4,5,7,0,6,0,4,3,3,2,2,2,0,1,3,3,3,1,2,0,3,2,1,0,0,1,0,7,7,5,3,1,10,0,0,0,0,0,0,0,0,0,0,0,0,0,0,0,0,2,1,0,0,0,0,0,0,0,0,0,0,0,0,0,0,0,0,0,0,0,0,0,0,0,0,0,0,1,0,0,0,0,0,0,0,0,0,0,0,0,-0.9408695652173913,-1.257391304347826,-0.9878260869565217,-0.9165217391304348,-1.24,-1.0817391304347825,-1.0730434782608695,-1.6365217391304347,-0.8991304347826087,-1.4017391304347826,-1.3721739130434782,-0.9965217391304347,-1.5843478260869566,-1.777391304347826,-2.1130434782608694,0.06956521739130435,-0.4834782608695652,-2.0921739130434784,-1.6765217391304348,-1.0452173913043479
P21374,0.04680851063829787,0.07234042553191489,0.07234042553191489,0.05106382978723404,0.00425531914893617,0.059574468085106386,0.09787234042553192,0.03404255319148936,0.029787234042553193,0.0425531914893617,0.08085106382978724,0.11063829787234042,0.029787234042553193,0.02127659574468085,0.02553191489361702,0.06382978723404255,0.03829787234042553,0.029787234042553193,0.03404255319148936,0.05531914893617021,1,0,2,0,0,1,0,2,0,2,2,0,0,0,1,0,0,2,0,1,0,0,2,3,1,3,0,0,2,1,1,0,0,1,0,0,2,0,1,1,0,0,0,0,0,0,0,0,0,1,0,1,3,1,0,0,0,0,1,1,1,1,1,1,2,1,1,2,0,0,0,1,1,3,0,1,0,2,0,1,1,2,0,0,1,1,2,2,1,2,0,0,0,0,0,1,0,0,2,0,0,2,1,0,0,3,0,1,0,2,2,0,0,1,0,1,1,2,0,2,1,1,1,2,1,0,1,0,1,1,2,0,0,2,0,0,1,1,2,0,0,0,0,0,0,0,0,0,2,0,0,2,2,0,0,1,2,0,1,4,0,0,1,1,3,1,2,0,1,1,0,2,2,2,0,0,3,2,1,2,1,0,0,1,1,2,2,0,0,0,0,0,0,0,0,0,0,2,1,2,1,1,0,0,3,1,1,1,1,0,3,0,4,1,1,0,0,1,0,2,0,1,2,0,1,0,1,3,5,1,0,1,0,1,0,1,0,0,0,0,0,0,0,0,0,0,2,0,2,0,0,0,1,1,0,1,1,1,0,0,4,0,0,0,1,0,2,3,1,1,1,0,0,1,3,2,0,0,0,0,0,1,1,2,0,3,0,0,0,0,0,0,0,0,0,0,0,0,0,0,0,0,0,0,0,0,0,0,0,0,0,0,0,0,0,0,0,0,0,0,0,0,0,0,1,0,0,0,0,0,0,0,0,0,0,0,0,0,0,0,0,0,0,-0.6923076923076923,-0.03418803418803419,-0.5598290598290598,-0.6495726495726496,-2.6196581196581197,0.0811965811965812,0.10256410256410256,-1.4102564102564104,-0.9743589743589743,-1.4871794871794872,-1.294871794871795,-0.05128205128205128,-1.0341880341880343,-1.8162393162393162,-1.4017094017094016,-0.5384615384615384,-0.8290598290598291,-2.264957264957265,-1.2820512820512822,-1.3034188034188035
P21524,0.08671171171171171,0.0472972972972973,0.04842342342342342,0.05630630630630631,0.015765765765765764,0.036036036036036036,0.06531531531531531,0.05630630630630631,0.019144144144144143,0.06644144144144144,0.0777027027027027,0.059684684684684686,0.030405405405405407,0.03490990990990991,0.04842342342342342,0.07207207207207207,0.06531531531531531,0.01126126126126126,0.04842342342342342,0.05405405405405406,2,9,7,8,4,3,0,10,7,6,4,4,8,0,5,7,9,3,6,3,3,4,8,6,3,1,4,0,3,4,5,1,3,1,0,1,7,3,0,5,5,0,1,0,1,0,0,1,0,8,14,5,5,6,5,2,7,4,10,5,4,4,1,9,10,9,5,4,6,0,3,7,8,2,4,2,1,5,3,1,5,3,3,0,5,8,2,3,7,3,2,0,0,1,0,0,1,0,11,6,10,8,2,5,1,12,8,10,5,5,6,0,9,8,12,6,4,4,0,1,5,6,1,4,1,0,3,6,4,1,2,2,0,3,7,3,2,0,3,1,0,1,1,0,0,1,0,3,2,5,2,1,1,0,7,5,3,4,6,4,0,8,7,7,1,3,1,0,0,4,2,0,1,0,0,1,1,6,2,1,1,0,2,4,2,2,0,1,0,2,0,0,0,0,0,0,3,1,4,2,2,5,0,3,4,7,3,0,4,0,6,10,3,2,0,1,0,4,2,2,1,1,3,1,2,4,3,3,0,0,0,2,3,2,0,1,1,0,0,0,0,0,0,0,0,5,6,4,1,2,0,0,6,7,7,5,0,4,1,5,4,3,1,1,2,0,2,3,3,0,1,1,0,3,3,3,2,3,2,0,5,1,3,2,2,2,0,1,0,1,0,0,0,1,1,1,0,0,0,2,0,0,0,0,1,1,0,0,1,0,1,0,0,2,0,0,0,0,0,0,0,0,0,0,0,0,0,0,0,0,0,1,1,1,0,0,0,1,0,0,0,0,0,-0.4768883878241263,-0.8421645997745209,-0.7970687711386697,-0.971815107102593,-1.641488162344983,-0.7463359639233371,-0.6426155580608793,-1.4768883878241263,-1.1138669673055241,-0.979706877113867,-1.0112739571589628,-0.6640360766629086,-0.6820744081172492,-1.3742953776775648,-1.5332581736189403,-0.44419391206313413,-0.5062006764374295,-2.1736189402480273,-0.9785794813979707,-0.874859075535513
P21651,0.05732484076433121,0.06687898089171974,0.054140127388535034,0.06687898089171974,0.006369426751592357,0.041401273885350316,0.09235668789808917,0.025477707006369428,0.03503184713375796,0.03503184713375796,0.10191082802547771,0.08280254777070063,0.03821656050955414,0.01592356687898089,0.025477707006369428,0.12101910828025478,0.07006369426751592,0.006369426751592357,0.009554140127388535,0.04777070063694268,1,0,1,3,2,1,0,1,0,0,0,0,1,0,0,0,2,2,1,1,0,2,2,1,0,2,2,0,2,1,1,1,1,2,0,0,1,2,1,0,3,0,0,0,0,0,0,0,0,1,0,3,1,2,0,0,2,2,6,2,1,0,0,2,3,3,2,5,2,0,0,0,2,2,1,0,0,1,1,1,2,0,2,0,0,1,2,0,1,3,0,0,0,0,0,0,0,0,2,1,2,3,1,3,0,0,2,6,0,1,2,0,2,2,4,0,4,3,0,1,1,3,1,1,3,0,3,2,4,0,3,1,1,0,4,2,3,1,1,0,0,0,0,0,1,0,0,1,0,0,1,0,3,0,1,3,3,0,1,0,0,5,1,1,0,1,1,1,0,1,1,2,1,1,0,0,0,3,1,0,2,0,1,3,1,1,1,1,0,0,0,0,0,0,0,0,3,0,1,1,1,0,0,1,4,0,0,1,2,0,1,4,3,3,1,0,0,1,1,2,0,1,0,0,0,1,1,1,3,1,0,0,1,4,1,1,1,0,0,1,0,0,0,0,0,0,1,0,0,2,0,0,2,2,1,3,3,1,0,2,1,2,3,2,4,0,1,3,1,1,0,2,0,0,3,1,0,0,0,0,2,2,3,2,0,0,0,0,0,0,0,0,0,0,0,0,0,0,0,0,0,0,0,1,0,0,0,0,0,0,0,0,0,0,0,0,0,0,0,0,0,0,0,0,1,0,0,0,0,0,0,0,0,0,0,0,0,0,0,0,0,0,0,-0.5143769968051118,-0.48881789137380194,-0.3546325878594249,-0.731629392971246,-1.961661341853035,-0.15654952076677317,-0.13099041533546327,-1.645367412140575,-0.9840255591054313,-1.3833865814696487,-1.1789137380191694,-0.2523961661341853,-0.6517571884984026,-1.8594249201277955,-1.4345047923322685,0.05750798722044728,-0.268370607028754,-2.6006389776357826,-1.523961661341853,-1.02555910543131
P21705,0.03529411764705882,0.06274509803921569,0.043137254901960784,0.06666666666666667,0.00784313725490196,0.054901960784313725,0.06666666666666667,0.03529411764705882,0.03529411764705882,0.054901960784313725,0.11372549019607843,0.07058823529411765,0.023529411764705882,0.03137254901960784,0.08235294117647059,0.12156862745098039,0.03529411764705882,0.00784313725490196,0.0196078431372549,0.03137254901960784,0,0,2,0,0,1,0,0,0,1,1,1,1,0,0,3,1,3,0,2,0,0,0,1,0,0,0,0,1,0,0,2,0,1,1,0,2,0,1,0,1,0,0,0,0,0,0,0,0,1,2,1,0,3,3,0,4,6,3,2,2,3,0,0,4,2,1,2,2,0,1,2,3,1,0,2,0,0,5,3,3,1,1,0,2,2,1,1,1,1,0,0,1,0,0,0,0,0,0,0,3,0,1,0,0,0,6,3,2,3,0,0,0,2,4,1,0,1,0,0,2,3,1,2,2,0,0,4,2,0,0,0,0,0,2,2,2,0,2,0,0,0,0,0,0,0,0,0,1,0,0,1,0,0,1,2,2,1,3,0,0,2,3,0,1,1,3,0,0,3,1,1,0,0,0,0,1,2,1,1,0,0,2,1,0,0,1,1,0,0,0,0,0,0,0,0,1,0,0,0,0,0,0,2,3,2,3,3,0,0,2,1,0,2,3,0,0,0,2,2,1,1,0,0,0,2,0,0,1,0,0,2,0,0,0,0,0,0,0,0,0,0,0,1,0,1,1,3,1,0,0,0,3,3,0,0,0,3,1,0,1,1,2,0,0,0,1,0,0,1,2,1,0,0,1,1,0,0,0,0,0,2,2,1,0,1,0,0,0,0,0,0,0,0,0,0,0,0,0,0,0,0,0,0,0,0,1,0,0,0,0,0,0,0,0,0,0,0,0,0,0,0,0,0,0,0,0,0,0,0,1,0,0,0,0,0,0,0,0,0,0,0,0,-0.6811023622047244,-0.7401574803149606,-0.5826771653543307,-0.8622047244094488,-2.015748031496063,-0.29133858267716534,-0.37401574803149606,-1.688976377952756,-0.984251968503937,-1.3976377952755905,-1.1929133858267718,-0.452755905511811,-0.7125984251968503,-1.7480314960629921,-1.078740157480315,-0.13385826771653545,-0.562992125984252,-2.543307086614173,-1.4015748031496063,-1.18503937007874
P21951,0.04635463546354635,0.043654365436543656,0.0576057605760576,0.061656165616561655,0.01485148514851485,0.0387038703870387,0.06975697569756975,0.047254725472547256,0.018001800180018002,0.06840684068406841,0.10171017101710171,0.08325832583258326,0.025202520252025202,0.050405040504050404,0.041404140414041404,0.07425742574257425,0.046804680468046804,0.013501350135013501,0.0405040504050405,0.05670567056705671,9,8,13,7,8,7,1,12,14,13,6,8,13,1,8,17,21,5,4,9,1,4,14,11,8,6,8,1,8,8,6,7,10,8,1,7,15,6,8,3,6,0,0,1,2,0,0,1,0,14,11,17,15,16,15,0,19,32,37,24,17,22,3,18,23,28,13,14,14,1,7,15,13,15,5,11,1,8,15,12,13,12,5,0,13,24,16,10,9,15,1,1,0,4,3,0,1,0,14,16,10,8,11,4,1,16,28,18,17,15,14,1,9,22,14,11,12,16,3,6,14,10,5,7,4,0,8,15,6,7,6,4,1,7,19,7,5,6,7,2,1,2,1,2,1,0,0,8,11,6,6,4,2,0,16,28,10,5,8,7,0,15,18,7,7,8,3,1,8,12,8,8,5,4,0,3,11,4,4,5,2,0,7,8,3,3,8,3,1,3,2,0,0,2,0,0,4,10,7,11,4,6,2,9,20,14,8,10,16,2,5,14,12,4,4,4,1,6,8,8,3,2,2,4,12,15,9,0,12,3,0,6,6,4,3,5,5,0,0,1,0,1,0,0,0,4,8,11,5,5,10,0,16,29,14,7,7,15,1,8,12,5,6,4,5,0,5,9,9,6,3,2,1,4,14,6,2,6,7,0,3,17,3,6,7,6,0,0,3,1,0,0,0,0,0,3,1,0,0,1,0,0,3,4,0,0,1,1,1,3,1,0,1,2,0,1,2,0,0,1,2,0,1,1,1,0,0,0,0,0,0,1,0,1,0,0,0,0,0,0,0,0,0,-0.7118415128320577,-0.6528590724898694,-0.7145429986492571,-0.8419630796938317,-1.8135974786132374,-0.5596578117964881,-0.4790634849167042,-1.5862224223322827,-1.0031517334533995,-0.814497973885637,-0.8419630796938317,-0.32823052678973436,-0.7122917604682576,-1.125619090499775,-1.3273300315173346,-0.4241332733003152,-0.5263394867176947,-2.2107158937415576,-0.864925709140027,-0.7744259342638451
P22209,0.029885057471264367,0.059770114942528735,0.03908045977011494,0.04367816091954023,0.013793103448275862,0.06436781609195402,0.08505747126436781,0.052873563218390804,0.03218390804597701,0.06896551724137931,0.08735632183908046,0.08045977011494253,0.022988505747126436,0.03218390804597701,0.04597701149425287,0.06666666666666667,0.03908045977011494,0.009195402298850575,0.06896551724137931,0.05747126436781609,1,0,2,2,1,0,0,1,4,2,3,5,2,0,1,2,2,2,2,1,0,1,3,3,1,2,1,0,3,0,2,1,3,1,0,1,2,0,0,2,1,0,1,0,0,0,0,0,0,0,2,2,4,3,3,1,3,2,3,7,4,2,0,3,2,6,3,4,1,2,4,5,4,1,2,3,0,2,1,3,0,3,3,0,4,2,1,3,3,1,0,0,0,0,0,0,0,0,1,3,0,1,2,0,0,4,6,5,2,1,4,0,2,6,4,2,0,3,0,3,3,3,1,2,0,1,1,4,2,1,1,1,0,0,6,4,1,0,1,1,0,0,2,0,0,1,0,0,3,1,1,1,3,0,3,4,5,1,0,3,0,1,6,1,2,0,2,0,0,1,2,3,1,0,0,2,3,1,0,1,2,0,0,0,2,3,2,1,0,0,0,0,0,1,0,0,2,5,5,2,2,0,0,0,1,1,4,1,2,0,0,2,2,4,3,1,1,0,1,1,0,0,3,0,6,0,1,1,0,1,0,0,5,2,0,1,1,0,0,0,0,0,0,0,0,2,3,0,1,1,0,0,4,4,5,2,1,1,0,0,4,2,0,1,3,0,1,3,0,1,2,1,0,1,1,2,2,1,1,0,1,2,1,1,0,0,0,0,0,0,0,1,0,0,0,1,0,0,0,0,0,0,0,0,0,0,0,0,0,0,0,0,0,2,0,0,0,0,0,0,0,0,1,0,1,0,0,0,0,1,0,0,0,0,0,0,0,0,0,0,0,0,0,-1.2211981566820276,-1.0,-1.271889400921659,-1.294930875576037,-1.827188940092166,-1.0622119815668203,-0.9838709677419355,-2.1774193548387095,-1.1682027649769586,-1.2672811059907834,-1.1336405529953917,-0.7350230414746544,-1.0691244239631337,-1.5806451612903225,-1.7857142857142858,-0.7949308755760369,-1.152073732718894,-2.771889400921659,-1.4216589861751152,-1.2995391705069124
P22216,0.04506699147381242,0.04263093788063337,0.06211936662606577,0.05968331303288672,0.012180267965895249,0.06942752740560293,0.06090133982947625,0.0682095006090134,0.018270401948842874,0.07551766138855055,0.0828258221680877,0.08038976857490865,0.023142509135200974,0.0389768574908648,0.03288672350791717,0.08891595615103533,0.05115712545676005,0.007308160779537149,0.020706455542021926,0.05968331303288672,8,2,6,4,1,3,0,6,5,7,5,3,7,1,4,6,13,5,1,0,0,7,5,5,2,1,1,0,4,3,2,4,6,0,1,0,3,1,4,0,5,0,0,1,0,0,0,0,0,3,6,6,4,6,4,0,6,12,5,9,10,2,1,6,4,3,2,6,5,0,6,3,7,5,4,6,0,6,6,3,6,4,3,1,5,2,5,2,8,4,0,1,0,0,2,0,0,0,1,8,7,5,1,0,1,3,7,4,7,6,9,0,5,2,11,7,6,4,1,4,5,5,3,3,2,1,4,5,1,3,1,1,0,4,2,3,3,1,2,1,0,1,0,0,0,0,0,5,4,3,4,6,2,0,3,9,4,5,4,4,0,4,12,5,3,1,3,0,2,5,5,2,1,2,0,1,3,2,1,1,3,0,1,6,3,5,1,2,0,0,0,1,0,0,1,0,4,8,3,2,3,2,0,6,6,2,4,3,3,0,2,7,3,0,0,1,0,4,1,3,5,0,3,0,4,3,3,1,3,1,0,2,2,0,2,1,2,0,1,0,0,1,0,0,0,3,4,3,2,3,2,0,4,6,3,1,3,1,1,2,4,1,5,1,3,0,0,10,3,0,1,4,0,3,4,2,1,0,1,0,5,4,5,2,0,0,0,1,0,0,0,0,0,0,0,2,1,0,0,0,0,1,0,1,0,0,0,0,0,0,0,1,0,0,0,1,0,0,0,1,0,1,0,0,0,0,0,0,0,0,0,0,0,0,1,0,0,0,0,0,0,0,0,-0.9341463414634147,-0.6939024390243902,-0.7707317073170732,-1.051219512195122,-2.023170731707317,-0.5536585365853659,-0.4609756097560976,-1.7890243902439025,-1.0451219512195122,-1.298780487804878,-1.226829268292683,-0.4292682926829268,-0.9963414634146341,-1.7060975609756097,-1.3158536585365854,-0.2658536585365854,-0.6743902439024391,-2.9414634146341463,-1.6073170731707318,-1.174390243902439
P22804,0.056338028169014086,0.056338028169014086,0.04225352112676056,0.06338028169014084,0.0,0.056338028169014086,0.035211267605633804,0.09859154929577464,0.007042253521126761,0.056338028169014086,0.09154929577464789,0.04929577464788732,0.056338028169014086,0.056338028169014086,0.007042253521126761,0.1267605633802817,0.07042253521126761,0.02112676056338028,0.014084507042253521,0.035211267605633804,2,1,2,0,0,0,0,2,1,2,1,1,0,0,1,1,2,1,2,2,0,1,1,0,0,0,1,0,0,2,0,0,0,0,0,1,0,0,0,0,0,0,0,0,0,0,0,0,0,1,1,2,0,1,0,0,1,4,0,2,0,0,0,1,2,1,2,2,1,0,1,0,2,0,0,1,0,1,0,1,1,0,1,0,0,0,0,0,0,1,0,0,0,0,0,0,0,0,1,2,0,2,1,1,0,1,1,1,1,0,0,0,2,0,1,3,0,1,0,1,0,3,2,0,1,0,1,3,0,0,2,0,0,1,2,1,0,1,0,0,0,0,0,0,0,0,0,1,1,1,1,0,0,0,0,1,1,0,0,0,0,3,0,1,0,2,1,0,0,1,1,0,0,0,0,0,0,0,0,0,0,0,0,1,0,0,0,2,0,0,0,0,0,0,0,0,0,0,3,0,0,0,0,1,0,2,0,2,1,0,0,0,1,0,0,0,0,1,0,1,0,0,0,0,1,1,0,0,0,0,0,0,0,1,0,0,0,0,0,0,0,0,0,0,0,0,2,1,0,0,0,0,0,0,3,0,1,0,0,0,0,2,1,0,0,0,0,0,0,0,0,0,0,0,0,0,1,0,0,0,1,1,1,0,0,0,0,0,0,0,0,0,0,0,0,0,0,0,0,0,0,0,0,0,0,0,0,0,0,0,0,0,0,0,0,0,0,0,0,0,0,0,0,0,0,0,0,0,0,0,0,0,0,0,0,0,0,0,0,0,0,0,0,-0.4326241134751773,-0.40425531914893614,-0.41134751773049644,-0.7021276595744681,-2.198581560283688,-0.18439716312056736,-0.5531914893617021,-0.950354609929078,-1.1560283687943262,-0.9432624113475178,-0.8865248226950354,-0.6312056737588653,-0.375886524822695,-1.49645390070922,-2.00709219858156,-0.028368794326241134,-0.3120567375886525,-2.517730496453901,-1.2907801418439717,-0.900709219858156
P23337,0.06638418079096045,0.05508474576271186,0.06073446327683616,0.07062146892655367,0.009887005649717515,0.025423728813559324,0.06779661016949153,0.06073446327683616,0.029661016949152543,0.0480225988700565,0.1016949152542373,0.05790960451977401,0.018361581920903956,0.0480225988700565,0.04096045197740113,0.052259887005649715,0.05367231638418079,0.011299435028248588,0.043785310734463276,0.07768361581920905,8,8,4,3,4,4,1,5,8,8,6,1,4,0,7,4,4,4,2,4,1,0,7,5,2,1,1,0,4,3,1,4,3,4,0,4,6,3,4,0,1,0,0,1,0,0,0,0,0,8,4,6,5,6,4,0,11,13,6,6,3,8,0,7,4,3,4,5,5,0,4,2,2,6,3,4,1,4,1,2,1,6,3,0,4,4,3,3,1,5,0,1,0,1,0,0,0,0,4,5,7,3,3,3,0,5,6,4,2,2,1,0,5,7,3,3,1,4,0,3,3,3,1,0,4,0,5,4,1,4,2,0,0,3,7,2,3,1,3,0,0,0,0,0,0,1,0,5,2,2,1,1,3,0,1,8,3,4,4,4,0,3,3,4,1,3,1,0,3,5,2,1,0,0,0,2,2,1,1,1,0,0,4,8,1,3,0,2,0,1,0,0,0,0,0,0,4,8,3,2,3,0,0,6,3,1,2,3,0,0,2,0,2,1,2,1,0,1,2,2,1,3,2,0,3,5,2,1,4,1,1,2,1,3,0,2,0,0,0,1,0,0,0,0,0,3,5,5,1,1,4,0,5,8,5,2,4,3,2,1,2,7,0,2,4,0,3,5,1,0,0,6,0,2,0,1,0,1,0,0,1,3,4,2,0,3,1,0,0,1,0,0,0,0,0,0,0,1,1,0,0,0,1,1,0,0,0,0,0,0,0,1,1,0,0,0,0,0,0,0,0,0,0,0,0,0,0,0,0,1,0,0,0,0,0,0,0,0,0,0,0,0,0,-0.5954738330975955,-0.8925035360678925,-0.8076379066478077,-1.1343705799151345,-1.9391796322489392,-0.5855728429985856,-0.6562942008486563,-1.5728429985855727,-0.8684582743988685,-1.27015558698727,-1.2178217821782178,-0.7171145685997171,-0.785007072135785,-1.3338048090523338,-1.4780763790664782,-0.4625176803394625,-0.4158415841584158,-2.113154172560113,-0.8967468175388967,-1.031117397454031
P23542,0.10047846889952153,0.03110047846889952,0.04784688995215311,0.04784688995215311,0.009569377990430622,0.045454545454545456,0.045454545454545456,0.06698564593301436,0.03110047846889952,0.05741626794258373,0.09090909090909091,0.06937799043062201,0.019138755980861243,0.045454545454545456,0.0430622009569378,0.06937799043062201,0.0645933014354067,0.014354066985645933,0.03349282296650718,0.06698564593301436,0,6,4,3,2,1,0,4,4,6,6,5,1,0,5,7,3,2,2,3,0,1,3,5,3,3,1,0,3,0,1,2,0,2,0,1,3,2,0,1,1,0,0,0,1,1,0,0,0,2,7,4,6,3,3,0,6,4,2,1,6,1,0,8,3,2,2,2,2,0,1,2,2,3,0,2,0,10,1,3,0,1,3,0,2,4,0,0,0,0,0,1,0,0,0,0,0,0,5,6,6,0,2,3,1,4,3,6,2,4,2,0,4,4,3,0,0,1,0,1,2,1,1,0,0,1,0,2,2,2,0,0,0,1,2,0,3,1,1,0,0,0,0,0,0,0,0,0,2,2,5,0,0,1,5,3,1,0,1,1,1,3,2,3,0,0,1,0,5,3,1,1,1,3,0,1,1,3,0,0,0,0,0,1,2,2,1,1,0,1,0,0,0,0,0,0,6,3,4,1,0,1,0,3,1,1,0,0,0,0,3,4,1,0,1,1,0,0,1,0,2,1,1,0,1,0,0,0,0,0,0,3,2,0,0,0,1,0,0,0,0,0,0,0,0,2,1,2,1,1,0,0,3,5,3,1,1,1,0,0,1,1,1,1,0,0,2,1,0,3,0,0,0,0,1,1,1,0,1,0,0,2,0,1,1,0,0,0,0,0,0,0,0,0,1,1,0,0,0,0,0,0,0,0,0,0,0,0,0,0,0,1,0,0,0,0,0,0,1,0,0,0,0,0,0,0,0,0,0,0,0,0,0,0,0,0,0,0,0,0,0,0,0,-0.2158273381294964,-1.170263788968825,-1.2326139088729018,-1.2997601918465227,-1.9664268585131894,-1.3045563549160673,-1.0623501199040768,-1.589928057553957,-1.4148681055155876,-0.882494004796163,-1.0095923261390887,-1.2158273381294964,-1.2014388489208634,-1.354916067146283,-1.6115107913669064,-0.8657074340527577,-0.9088729016786571,-2.354916067146283,-1.211031175059952,-0.8848920863309353
P23561,0.05299860529986053,0.040446304044630406,0.07252440725244072,0.05718270571827057,0.011157601115760111,0.04741980474198047,0.06834030683403068,0.05439330543933055,0.029288702928870293,0.07531380753138076,0.10320781032078104,0.08089260808926081,0.02092050209205021,0.03626220362622036,0.03486750348675035,0.07810320781032078,0.05578800557880056,0.00697350069735007,0.02092050209205021,0.05299860529986053,3,5,2,2,2,3,1,3,8,3,5,4,4,1,5,6,4,5,2,3,0,2,3,6,1,3,1,1,1,3,0,1,3,3,0,4,2,3,3,0,1,0,2,0,0,1,0,0,0,3,3,6,3,3,3,1,4,13,5,12,7,11,0,9,3,4,2,3,5,0,4,3,5,6,6,1,1,3,4,5,4,8,3,0,5,6,5,3,3,2,0,2,0,0,0,0,0,0,5,11,5,2,2,3,0,7,8,5,2,6,2,0,5,6,4,3,1,2,0,2,3,7,1,3,4,0,0,3,2,1,2,1,0,4,6,1,2,1,2,0,1,0,0,0,0,0,0,3,4,1,5,1,1,0,3,9,4,3,1,2,1,5,6,3,4,2,3,1,1,5,4,3,3,3,0,4,6,2,1,2,2,0,0,3,2,2,1,4,0,0,1,0,1,0,0,0,2,0,4,0,0,2,1,0,7,4,2,4,4,0,2,3,5,2,1,1,0,4,6,0,4,1,0,0,1,4,3,6,1,1,0,2,2,3,2,2,1,0,0,0,0,0,0,0,0,1,4,6,4,2,1,0,5,6,4,2,5,1,0,2,6,1,4,0,2,0,2,2,2,4,0,3,0,0,1,2,2,0,2,0,3,4,2,1,0,3,0,0,0,0,0,0,0,0,1,1,1,1,1,0,0,0,0,1,0,0,0,0,0,0,0,0,0,0,0,0,1,0,0,1,0,0,0,0,0,0,0,0,0,0,0,0,0,0,0,0,0,0,0,0,0,0,0,-0.9706703910614525,-0.9134078212290503,-1.005586592178771,-1.2835195530726258,-1.941340782122905,-0.7695530726256983,-0.8812849162011173,-1.7751396648044693,-1.1536312849162011,-1.3212290502793296,-1.2723463687150838,-0.6745810055865922,-1.0405027932960893,-1.812849162011173,-1.1731843575418994,-0.3812849162011173,-0.7597765363128491,-2.9804469273743015,-1.6410614525139664,-1.2276536312849162
P24279,0.07929969104016478,0.0690010298661174,0.05046343975283213,0.08032955715756952,0.0020597322348094747,0.032955715756951595,0.07003089598352215,0.0607621009268795,0.02265705458290422,0.05870236869207003,0.09268795056642637,0.04840370751802266,0.016477857878475798,0.032955715756951595,0.04943357363542739,0.07723995880535531,0.06591143151390319,0.003089598352214212,0.02265705458290422,0.06488156539649846,17,8,10,4,5,3,0,8,11,10,4,7,6,0,4,10,11,9,4,4,1,4,8,1,2,0,4,0,4,3,0,4,2,7,0,3,5,6,3,0,7,0,0,0,0,0,0,0,0,6,10,8,5,3,5,0,8,12,15,6,5,8,0,13,10,9,3,12,5,0,3,8,2,3,4,2,0,6,8,3,6,4,4,0,7,3,5,4,4,7,0,1,0,0,0,0,0,0,8,9,6,6,3,5,0,7,9,10,3,9,2,0,12,8,5,2,5,3,0,6,4,7,3,2,2,0,5,7,2,2,4,4,0,1,4,2,2,3,3,0,0,0,0,0,1,0,0,6,3,9,0,3,2,0,5,5,5,5,7,5,0,4,3,0,6,2,0,0,1,1,2,2,1,4,0,4,2,1,0,1,2,0,1,3,2,1,1,7,0,0,0,0,0,0,0,0,3,6,8,3,3,1,0,5,9,6,2,1,4,0,1,4,3,2,1,0,0,4,6,1,1,2,0,0,2,5,3,1,3,2,0,8,5,2,0,4,3,0,0,0,0,0,0,0,0,6,10,2,1,2,8,0,4,8,6,2,2,5,1,3,5,7,2,0,3,0,5,5,2,0,1,3,0,2,2,2,1,2,3,0,9,8,4,6,0,13,0,0,0,0,0,0,0,0,1,0,0,0,0,0,0,0,0,0,0,0,0,0,0,0,0,0,0,0,0,0,0,0,0,0,0,0,1,0,0,0,0,0,0,0,0,0,0,0,0,0,0,0,0,0,0,0,0,-0.3958762886597938,-0.3628865979381443,-0.6876288659793814,-0.4587628865979381,-1.8896907216494845,-0.2597938144329897,0.050515463917525774,-1.2608247422680412,-0.9618556701030928,-0.6556701030927835,-0.7371134020618557,-0.25773195876288657,-0.654639175257732,-1.3814432989690721,-1.0649484536082474,-0.29175257731958765,-0.3938144329896907,-2.5969072164948455,-1.215463917525773,-0.5907216494845361
P24719,0.03822937625754527,0.04225352112676056,0.05835010060362173,0.07243460764587525,0.028169014084507043,0.03822937625754527,0.052313883299798795,0.052313883299798795,0.03219315895372234,0.07645875251509054,0.11670020120724346,0.08853118712273642,0.01609657947686117,0.03621730382293763,0.03621730382293763,0.06237424547283702,0.04225352112676056,0.012072434607645875,0.03420523138832998,0.06438631790744467,5,3,3,1,2,2,0,3,3,4,4,4,3,0,0,3,1,3,1,1,0,3,3,2,1,1,1,0,2,2,1,1,2,0,0,1,2,1,1,2,1,1,0,0,1,2,0,0,0,3,5,3,5,1,2,3,6,6,7,3,6,3,0,3,6,4,5,2,3,2,1,4,4,2,2,2,2,4,7,3,2,3,1,0,2,3,0,5,3,2,1,0,0,0,0,0,1,0,3,2,0,3,3,1,0,4,6,4,4,1,2,1,1,5,2,1,1,0,0,0,7,4,1,0,3,0,1,1,0,0,1,3,0,0,3,3,0,0,1,0,1,2,0,0,0,1,0,1,3,1,0,1,1,0,3,4,5,2,3,3,0,3,7,0,1,1,0,1,0,1,1,1,3,1,1,3,3,1,0,0,1,0,1,5,3,1,0,1,0,0,1,1,0,0,1,0,3,7,1,2,0,1,0,3,8,0,1,2,3,0,1,1,1,2,1,1,1,2,1,2,0,0,2,0,1,3,1,2,3,0,0,0,2,1,1,3,0,1,0,0,0,0,0,0,0,1,1,1,0,1,1,0,3,2,4,3,4,1,0,4,0,1,3,0,1,0,0,3,0,3,1,2,0,3,1,2,2,1,3,0,0,1,1,1,2,2,0,0,1,0,1,1,0,0,0,0,0,0,0,1,0,0,2,1,0,0,1,0,0,0,1,0,0,1,0,1,1,0,0,1,0,0,0,0,1,0,0,0,0,1,0,0,0,2,0,0,0,0,0,0,0,0,0,-1.342741935483871,-1.2923387096774193,-1.3608870967741935,-1.5665322580645162,-1.903225806451613,-1.2116935483870968,-1.1169354838709677,-2.3266129032258065,-1.4616935483870968,-1.377016129032258,-1.4173387096774193,-0.8689516129032258,-1.2419354838709677,-1.9153225806451613,-1.8830645161290323,-0.905241935483871,-1.1108870967741935,-3.276209677419355,-1.8387096774193548,-1.3891129032258065
P25293,0.047961630695443645,0.03357314148681055,0.045563549160671464,0.09352517985611511,0.009592326139088728,0.0671462829736211,0.14388489208633093,0.050359712230215826,0.009592326139088728,0.05755395683453238,0.09352517985611511,0.0671462829736211,0.009592326139088728,0.047961630695443645,0.05275779376498801,0.05515587529976019,0.04316546762589928,0.009592326139088728,0.023980815347721823,0.03836930455635491,2,2,2,0,1,0,0,0,3,3,2,4,4,0,3,3,2,0,0,2,0,1,1,0,1,3,6,0,3,1,0,0,0,1,0,2,1,1,0,1,2,0,0,0,0,0,0,0,0,2,3,2,3,1,1,0,2,6,2,4,6,7,0,2,4,3,2,2,6,0,2,3,1,1,0,5,0,2,4,3,1,0,6,0,2,4,3,3,2,4,1,0,0,0,0,0,0,0,0,4,1,1,0,0,0,1,5,3,3,1,1,0,1,1,1,0,3,2,0,0,2,0,1,1,0,0,1,3,0,3,0,0,1,3,6,0,3,0,0,1,0,0,0,0,0,0,0,1,1,2,3,3,0,0,1,4,7,0,1,1,0,0,3,1,0,0,0,0,3,2,0,0,0,0,0,0,2,1,1,1,0,1,2,5,1,3,1,4,0,0,0,0,0,0,0,0,1,2,0,3,0,1,0,1,5,2,2,1,0,0,0,0,1,0,3,1,0,0,1,2,0,2,2,0,0,0,1,0,0,0,0,1,1,1,1,2,3,0,0,1,0,0,0,1,0,1,3,3,2,0,4,0,7,3,2,1,3,6,0,0,3,1,1,0,2,0,4,5,1,2,0,3,0,1,1,0,2,0,2,0,3,4,1,5,0,21,0,2,0,0,0,0,0,0,0,1,0,0,0,1,0,0,1,0,0,0,0,0,0,0,0,0,0,0,0,0,0,0,0,0,0,0,0,0,0,0,0,0,0,0,1,0,0,0,0,0,0,0,0,0,0,0,0,-0.5408653846153846,-0.5769230769230769,-0.4879807692307692,-0.02403846153846154,-2.0360576923076925,-0.07932692307692307,0.5360576923076923,-1.1298076923076923,-0.9615384615384616,-1.2908653846153846,-1.2331730769230769,-0.014423076923076924,-1.0769230769230769,-1.6033653846153846,-0.6802884615384616,-0.38221153846153844,-0.5504807692307693,-2.2860576923076925,-1.3677884615384615,-1.0889423076923077
P25342,0.049689440993788817,0.06832298136645963,0.055900621118012424,0.055900621118012424,0.003105590062111801,0.040372670807453416,0.09006211180124224,0.043478260869565216,0.024844720496894408,0.09316770186335403,0.09316770186335403,0.049689440993788817,0.012422360248447204,0.049689440993788817,0.027950310559006212,0.07453416149068323,0.07453416149068323,0.006211180124223602,0.031055900621118012,0.055900621118012424,3,1,2,0,0,0,0,3,6,2,1,0,2,0,1,3,3,2,1,1,0,2,4,1,0,0,1,0,0,2,2,0,1,1,0,1,1,1,0,0,0,0,0,0,0,0,0,0,0,1,3,3,4,1,2,0,3,3,4,2,2,6,0,1,3,2,3,2,4,0,1,4,3,1,1,0,0,1,1,2,1,1,1,0,1,2,3,4,4,4,1,0,0,0,0,0,0,0,1,4,1,0,0,0,0,0,3,3,1,3,4,0,1,2,3,1,3,1,0,3,2,2,1,1,1,0,4,1,2,1,1,2,0,1,4,4,0,0,0,0,0,0,0,0,0,0,0,1,1,3,1,2,0,0,3,3,1,4,1,3,0,1,1,2,1,2,0,0,0,2,1,0,0,1,0,1,0,1,0,0,0,0,0,2,1,0,2,0,0,0,0,0,0,0,0,0,0,3,1,1,3,0,0,3,2,4,1,0,1,0,1,1,0,2,1,2,0,1,2,0,0,0,1,0,1,3,0,0,0,0,0,0,1,0,0,1,2,0,0,0,0,0,0,0,0,0,2,1,2,0,1,0,2,3,1,1,1,3,0,1,4,1,1,2,1,0,1,1,0,1,0,1,0,1,4,0,1,1,0,0,3,1,2,0,0,1,0,0,0,0,1,0,0,0,0,0,0,0,0,0,0,0,0,0,0,0,0,0,0,0,0,0,0,0,0,0,0,0,1,0,0,0,0,0,0,0,0,0,0,0,0,0,0,0,0,0,0,0,0,0,0,0,0,-1.0965732087227413,-1.0155763239875388,-0.8348909657320872,-1.190031152647975,-2.439252336448598,-0.9314641744548287,-0.7414330218068536,-1.97196261682243,-1.4517133956386292,-0.9252336448598131,-1.2461059190031152,-0.5794392523364486,-1.2710280373831775,-1.5514018691588785,-1.9314641744548287,-0.8660436137071651,-0.8878504672897196,-3.087227414330218,-1.6573208722741433,-1.0841121495327102
P25367,0.07407407407407407,0.014814814814814815,0.12345679012345678,0.019753086419753086,0.0,0.19012345679012346,0.019753086419753086,0.1506172839506173,0.01728395061728395,0.009876543209876543,0.044444444444444446,0.01728395061728395,0.0345679012345679,0.0345679012345679,0.007407407407407408,0.1654320987654321,0.024691358024691357,0.0,0.03950617283950617,0.012345679012345678,7,4,8,2,1,2,0,5,1,5,1,2,0,0,5,5,7,2,2,2,0,10,0,5,12,0,0,0,0,0,1,2,0,1,0,1,1,2,0,0,0,0,0,0,0,0,0,0,0,3,1,3,0,1,0,0,1,0,1,1,1,0,0,2,0,10,1,0,2,0,1,1,4,0,0,0,0,4,0,0,1,0,1,0,0,0,0,0,0,0,0,0,0,0,0,0,0,0,8,7,6,3,2,1,0,1,1,7,3,1,0,0,12,2,5,8,0,0,0,5,1,9,13,0,1,0,0,1,0,2,0,0,0,2,1,1,3,0,0,0,0,0,0,0,0,0,0,5,1,3,21,0,0,0,0,1,1,1,2,0,0,6,5,5,18,0,1,0,13,1,13,35,0,0,0,0,0,0,0,0,0,0,0,0,1,0,0,1,0,0,0,0,0,0,0,0,1,1,2,0,0,0,0,0,1,0,0,0,0,0,0,0,0,0,0,1,0,0,1,2,1,0,1,0,0,0,0,0,0,0,0,0,0,1,1,0,0,0,0,0,0,0,0,0,0,0,0,1,1,0,1,0,1,0,1,0,0,0,0,2,1,0,0,0,1,0,1,1,2,1,0,0,0,0,0,0,0,0,0,0,0,0,0,1,0,0,0,0,0,0,0,0,0,0,0,0,0,0,0,0,0,0,0,0,0,0,0,0,0,0,0,0,0,0,0,0,0,0,0,0,0,0,0,0,0,0,0,0,0,0,0,0,0,0,0,0,0,0,0,0,0,0,0,-0.2698019801980198,0.38613861386138615,0.6831683168316832,0.10396039603960396,-2.363861386138614,1.103960396039604,0.1806930693069307,0.3589108910891089,-0.3935643564356436,-2.155940594059406,-2.0569306930693068,0.2896039603960396,-1.4232673267326732,-2.0866336633663365,0.04207920792079208,0.34405940594059403,-0.4306930693069307,-2.4975247524752477,-1.061881188118812,-1.702970297029703
P25454,0.0975,0.05,0.0325,0.0675,0.02,0.0525,0.075,0.1025,0.0175,0.04,0.095,0.0425,0.0325,0.035,0.0325,0.0675,0.0475,0.0,0.02,0.0725,12,6,2,2,1,7,0,4,4,3,2,6,1,0,6,4,3,3,1,3,0,6,1,3,2,0,1,0,4,1,1,0,1,0,1,7,3,2,1,0,4,0,0,0,0,0,0,1,0,2,5,6,1,2,1,1,1,1,2,1,3,3,1,5,2,0,1,0,2,0,1,1,3,2,1,1,1,3,2,2,3,2,2,0,5,4,3,0,1,1,0,0,2,0,0,1,0,0,5,3,3,3,1,3,0,5,0,2,2,2,3,2,1,3,4,2,0,0,0,2,3,1,0,1,0,1,1,1,1,0,1,0,0,4,2,2,0,1,0,0,0,0,0,0,0,0,0,3,1,2,3,0,2,0,5,1,0,1,1,1,0,3,1,1,1,1,1,0,0,1,1,0,0,2,0,1,0,1,0,0,0,0,2,0,0,2,0,0,0,1,1,1,0,0,0,0,1,2,4,0,1,3,0,2,0,1,1,1,4,0,1,2,1,1,0,1,0,1,1,0,0,0,0,1,1,3,1,0,0,0,0,1,1,0,0,0,0,0,0,1,0,0,0,0,0,7,3,3,4,2,1,0,1,5,1,2,0,2,0,1,4,2,0,2,2,0,1,2,0,0,0,0,0,0,2,0,0,1,0,0,0,1,4,0,1,3,0,0,0,0,0,0,0,0,0,0,0,0,1,0,0,0,1,1,1,1,0,0,1,0,0,0,0,0,0,0,0,0,0,0,0,0,1,0,0,0,0,0,0,1,0,0,0,0,0,0,0,0,0,0,0,0,0,-0.44110275689223055,-0.9047619047619048,-1.0150375939849625,-0.9598997493734336,-2.2531328320802007,-0.5864661654135338,-0.42355889724310775,-1.380952380952381,-1.4385964912280702,-0.7769423558897243,-1.0025062656641603,-0.7619047619047619,-0.6691729323308271,-1.7393483709273183,-1.7744360902255638,-0.2957393483709273,-0.5413533834586466,-3.055137844611529,-1.8095238095238095,-0.87468671679198
P25638,0.08108108108108109,0.04504504504504504,0.02702702702702703,0.02702702702702703,0.018018018018018018,0.12612612612612611,0.08108108108108109,0.07207207207207207,0.018018018018018018,0.04504504504504504,0.09009009009009009,0.05405405405405406,0.02702702702702703,0.018018018018018018,0.036036036036036036,0.06306306306306306,0.036036036036036036,0.0,0.06306306306306306,0.07207207207207207,2,2,0,2,0,1,0,0,1,0,1,1,1,0,2,1,1,0,0,0,0,1,0,1,1,1,2,0,0,0,0,1,0,0,0,1,1,0,0,1,0,0,0,0,0,0,0,0,0,1,0,1,3,0,0,0,1,0,1,2,0,1,0,0,0,0,1,0,0,0,2,0,1,1,0,1,0,0,1,2,0,0,0,0,0,1,0,0,0,1,0,0,0,0,0,0,0,0,2,0,0,0,1,1,0,1,1,0,0,0,0,0,1,0,2,0,1,1,0,1,2,0,0,0,0,0,0,2,0,0,0,1,0,1,0,0,0,0,0,0,0,0,0,1,0,0,0,1,1,2,1,0,0,0,1,0,0,1,1,0,0,0,0,3,0,0,0,0,0,1,0,0,0,0,1,0,1,0,0,0,1,0,1,0,1,0,1,0,0,0,0,1,0,0,0,0,0,0,0,0,0,0,0,2,2,0,0,0,0,0,0,1,0,1,1,0,0,0,0,1,0,1,0,0,0,0,0,0,0,0,0,0,1,1,0,0,0,0,0,0,0,0,0,0,0,1,1,1,0,0,1,0,0,1,0,1,1,0,0,1,0,0,0,0,0,1,0,0,0,0,0,0,0,0,0,1,1,0,0,0,1,0,0,0,0,0,0,0,0,0,0,0,0,0,0,0,0,0,0,0,0,0,0,0,0,0,0,0,0,0,0,1,0,0,0,1,0,0,0,0,0,0,0,0,0,0,0,0,0,0,0,0,0,0,0,0,0,0,0,0,0,0,0,-0.22727272727272727,-0.9454545454545454,-0.8818181818181818,-1.6636363636363636,-1.7,-0.33636363636363636,-0.5454545454545454,-2.790909090909091,-0.8545454545454545,-2.0272727272727273,-0.8818181818181818,-0.4727272727272727,-1.309090909090909,-1.9727272727272727,-3.672727272727273,-1.0818181818181818,-1.9727272727272727,-3.2636363636363637,-0.8090909090909091,-2.090909090909091
P26343,0.026022304832713755,0.03717472118959108,0.07806691449814127,0.04460966542750929,0.02973977695167286,0.026022304832713755,0.07063197026022305,0.04460966542750929,0.03345724907063197,0.04460966542750929,0.12267657992565056,0.10037174721189591,0.007434944237918215,0.026022304832713755,0.07063197026022305,0.08921933085501858,0.07806691449814127,0.007434944237918215,0.01486988847583643,0.048327137546468404,4,0,3,0,0,0,0,0,0,0,0,0,1,0,3,4,1,0,0,2,0,0,2,1,1,0,1,1,0,1,1,1,0,0,0,0,1,0,0,0,1,1,1,0,0,0,0,0,0,1,0,3,0,0,1,1,1,2,5,1,6,0,0,3,5,1,1,1,2,0,0,2,3,1,2,1,0,1,6,2,2,2,1,0,2,6,3,1,0,0,1,0,0,0,1,0,0,0,1,1,2,2,2,0,0,1,5,3,2,3,6,1,0,3,1,0,0,0,1,3,2,1,0,1,0,0,1,3,0,0,0,0,0,0,0,3,0,1,0,0,0,0,0,0,0,1,0,0,0,1,2,0,0,0,1,3,0,3,3,2,0,0,3,2,4,0,0,0,0,3,1,2,0,0,1,1,0,1,0,1,0,1,0,0,0,0,0,2,0,0,1,1,0,0,0,0,0,0,2,0,1,0,0,1,3,4,1,2,1,0,0,2,0,2,2,0,0,0,2,2,0,1,0,0,0,1,1,2,4,0,0,0,1,0,1,0,0,0,0,0,0,0,1,0,0,1,0,0,1,0,2,0,1,2,1,2,0,2,0,2,3,0,0,1,0,0,0,1,1,1,0,0,0,0,1,1,0,1,0,0,2,0,0,1,1,1,0,0,1,0,0,0,1,0,0,0,0,1,0,0,0,1,0,0,0,0,1,0,0,1,0,0,0,0,0,0,0,0,1,0,0,0,0,0,0,0,0,1,0,0,0,0,0,1,1,0,0,0,0,0,0,0,0,-0.24253731343283583,-0.3917910447761194,-0.05970149253731343,-0.9589552238805971,-1.9701492537313432,-0.05970149253731343,-0.4253731343283582,-0.8917910447761194,-0.3619402985074627,-1.4701492537313432,-1.2201492537313432,-0.2835820895522388,-0.7947761194029851,-1.9104477611940298,0.26119402985074625,0.7723880597014925,0.03731343283582089,-2.701492537313433,-1.294776119402985,-1.1753731343283582
P27515,0.06387225548902195,0.04790419161676647,0.06387225548902195,0.06986027944111776,0.015968063872255488,0.02594810379241517,0.043912175648702596,0.0499001996007984,0.023952095808383235,0.10179640718562874,0.09580838323353294,0.06786427145708583,0.023952095808383235,0.03992015968063872,0.043912175648702596,0.06986027944111776,0.043912175648702596,0.00998003992015968,0.027944111776447105,0.06986027944111776,5,3,7,2,0,1,0,2,5,5,1,7,3,1,5,6,1,2,1,0,0,1,5,1,1,2,4,0,2,1,2,2,0,1,0,4,3,3,1,1,0,0,0,0,0,1,0,0,0,2,5,3,9,3,3,0,4,8,8,8,4,4,1,4,7,6,0,4,1,0,4,5,3,1,3,2,1,5,2,2,1,3,5,0,3,4,2,1,3,2,1,2,0,0,0,1,1,0,6,7,1,2,0,0,0,7,9,3,2,4,1,1,3,2,2,3,3,0,0,1,4,1,1,0,1,0,2,3,3,0,3,1,0,0,1,1,1,1,1,0,0,0,0,0,0,0,0,3,1,0,0,2,1,0,4,9,2,2,2,2,1,0,4,1,1,2,1,0,1,3,1,4,0,0,0,0,1,2,2,0,1,0,1,4,2,1,0,0,0,1,0,0,0,0,0,0,2,5,1,0,3,2,0,2,2,2,3,0,2,0,2,5,2,1,2,2,0,0,2,1,1,0,1,0,3,2,0,0,0,1,0,0,4,1,1,2,1,0,0,0,0,0,0,0,0,0,1,3,1,0,3,1,6,4,2,3,1,4,0,2,3,2,1,0,1,0,0,1,2,1,1,0,0,1,2,4,0,0,0,0,0,4,0,0,0,1,0,1,0,0,1,0,0,0,0,2,0,0,0,2,0,0,0,0,0,0,0,0,0,0,0,0,0,0,0,0,2,0,0,0,0,0,0,0,1,0,0,0,0,1,0,0,0,0,0,0,0,0,0,0,0,0,0,-0.904,-1.038,-1.246,-1.174,-2.574,-1.038,-0.88,-2.022,-1.344,-0.78,-1.1,-0.9,-1.13,-1.666,-1.972,-0.948,-0.84,-3.188,-1.572,-0.792
P27895,0.04,0.034,0.109,0.053,0.009,0.052,0.072,0.036,0.019,0.071,0.091,0.095,0.033,0.031,0.019,0.101,0.069,0.001,0.022,0.043,4,3,6,4,1,3,0,4,3,4,3,0,3,0,1,4,11,9,3,3,1,2,2,7,3,5,3,0,2,5,2,2,2,2,1,0,1,3,3,2,1,0,0,0,0,0,0,1,0,6,1,8,6,5,3,0,6,5,9,5,6,11,0,4,10,4,9,4,10,1,3,8,6,3,4,11,1,1,6,3,5,5,3,0,4,8,7,8,8,4,0,0,0,0,0,0,0,0,5,3,7,4,2,2,0,6,5,9,10,6,12,0,8,9,15,7,10,5,1,5,6,15,8,4,3,1,1,7,9,4,4,2,0,3,9,0,8,2,3,1,0,0,1,1,1,0,0,3,0,6,2,2,2,0,7,12,5,7,3,6,0,3,9,13,10,5,3,0,1,6,7,7,8,2,0,4,8,9,3,2,1,0,4,5,4,5,2,3,0,1,0,0,1,0,0,0,2,5,1,1,4,0,1,1,11,10,5,5,3,0,5,11,8,6,3,2,0,2,6,0,4,2,2,0,2,5,5,1,2,1,1,2,3,0,3,1,1,0,0,0,0,0,1,1,0,0,5,4,5,2,0,0,5,6,6,6,3,4,0,2,5,4,1,2,2,0,2,12,7,5,4,2,0,2,4,7,1,2,1,0,3,3,2,3,1,1,0,0,0,0,0,0,1,0,1,0,0,0,0,0,0,0,0,0,0,0,0,0,0,0,0,0,0,1,0,0,0,1,1,0,0,0,2,0,0,0,0,0,0,0,0,0,2,1,0,0,0,0,0,0,0,0,0,-0.8808808808808809,-0.1981981981981982,-0.5405405405405406,-0.9569569569569569,-2.18018018018018,0.6526526526526526,0.7987987987987988,-2.6216216216216215,-0.7597597597597597,-1.3283283283283283,-0.7167167167167167,0.3743743743743744,-0.6366366366366366,-2.5025025025025025,-3.036036036036036,-0.4014014014014014,-0.8938938938938938,-3.24024024024024,-2.1921921921921923,-1.5195195195195195
P28743,0.04107648725212465,0.0764872521246459,0.06373937677053824,0.05240793201133145,0.0084985835694051,0.029745042492917848,0.06232294617563739,0.060906515580736544,0.0169971671388102,0.06515580736543909,0.08781869688385269,0.06515580736543909,0.026912181303116147,0.0226628895184136,0.036827195467422094,0.14447592067988668,0.06940509915014165,0.0028328611898017,0.0226628895184136,0.043909348441926344,2,4,3,2,0,3,0,5,2,3,6,2,4,0,7,10,5,5,3,2,1,1,3,6,2,2,2,0,1,1,2,1,0,2,0,0,4,1,3,2,0,1,0,0,0,0,0,0,0,2,6,4,4,3,3,0,3,5,8,4,4,5,0,5,4,9,7,9,3,0,0,5,8,1,2,0,0,1,8,8,1,4,4,0,5,3,5,1,2,2,1,0,0,0,0,0,0,0,4,5,13,6,2,3,0,4,9,12,2,9,2,0,10,6,14,1,10,4,0,1,3,9,2,2,1,0,4,7,6,4,4,7,0,5,3,2,3,1,2,1,0,1,0,1,0,0,0,0,1,5,1,0,0,0,3,5,3,0,1,4,0,5,6,8,3,6,3,1,2,1,4,1,0,0,0,2,3,2,0,2,0,0,2,2,1,1,1,1,0,0,0,0,0,0,0,0,1,2,4,2,1,0,0,3,4,5,2,6,4,0,3,7,8,2,2,3,0,0,3,1,0,1,2,0,1,3,4,1,1,4,0,4,4,3,4,3,1,1,0,0,0,0,0,0,0,5,4,3,1,1,2,0,4,4,5,2,4,0,0,3,5,1,0,2,2,0,3,1,3,2,2,2,0,1,2,3,0,2,2,0,0,3,1,1,1,0,0,1,1,0,1,1,0,0,0,0,1,0,0,0,0,0,0,2,0,0,0,0,0,0,0,0,0,0,0,0,0,1,0,0,1,0,0,0,0,0,1,0,0,0,0,0,0,0,0,0,0,0,0,0,0,0,0,-0.6354609929078014,-0.24964539007092199,-0.700709219858156,-0.9588652482269504,-1.7929078014184396,0.3872340425531915,0.3148936170212766,-1.9347517730496453,-0.8950354609929078,-1.3631205673758866,-0.9475177304964539,0.06666666666666667,-0.700709219858156,-2.175886524822695,-1.8354609929078014,-0.1900709219858156,-0.6141843971631206,-2.931914893617021,-1.950354609929078,-1.2950354609929078
P28795,0.045351473922902494,0.03854875283446712,0.06802721088435375,0.04308390022675737,0.009070294784580499,0.07482993197278912,0.06802721088435375,0.027210884353741496,0.013605442176870748,0.061224489795918366,0.12244897959183673,0.06349206349206349,0.022675736961451247,0.045351473922902494,0.02040816326530612,0.10884353741496598,0.07029478458049887,0.02040816326530612,0.024943310657596373,0.05215419501133787,1,2,4,0,1,0,0,2,2,5,2,2,0,0,6,2,5,2,1,2,0,0,0,0,1,0,1,0,1,0,2,3,0,1,0,1,2,0,1,1,1,0,0,0,0,0,0,0,0,4,2,4,1,1,2,0,4,6,6,7,0,3,0,2,4,7,2,3,8,0,2,5,4,7,1,1,0,0,4,2,2,2,0,0,1,3,2,5,0,2,0,0,0,0,1,0,0,0,2,4,8,1,0,2,0,1,8,6,4,4,3,0,8,7,3,1,1,3,0,0,2,5,2,1,1,0,1,3,1,2,1,0,0,0,5,1,4,3,1,0,0,0,0,0,0,0,0,0,3,3,0,1,1,0,4,4,4,1,2,2,0,1,7,5,5,0,0,0,0,5,5,5,2,2,0,0,1,2,2,1,0,0,0,1,1,3,2,1,0,0,0,0,1,0,0,1,1,2,0,0,2,0,0,2,5,1,4,0,1,0,0,4,2,0,3,1,0,1,2,1,2,1,1,1,3,1,1,0,2,0,0,0,0,0,0,0,1,0,0,0,0,0,0,0,0,0,0,0,0,2,1,0,1,1,4,2,1,4,1,0,2,1,1,0,0,0,5,3,2,2,1,1,1,0,4,2,0,1,0,0,1,3,0,2,0,0,0,0,0,0,0,0,0,0,0,0,0,0,0,0,0,0,0,0,0,0,0,0,0,0,0,0,0,0,0,0,0,1,0,0,1,0,0,0,0,0,0,0,0,0,0,0,0,1,0,0,0,0,0,0,0,1,0,-0.5272727272727272,-0.6795454545454546,-0.43636363636363634,-0.8340909090909091,-1.7954545454545454,-0.16363636363636364,-0.31136363636363634,-1.5204545454545455,-1.059090909090909,-0.6477272727272727,-0.5068181818181818,-0.41818181818181815,-0.39090909090909093,-1.040909090909091,-1.2431818181818182,-0.1340909090909091,-0.1318181818181818,-1.9704545454545455,-0.9954545454545455,-0.5977272727272728
P29340,0.03825136612021858,0.0546448087431694,0.07103825136612021,0.060109289617486336,0.03278688524590164,0.01639344262295082,0.07103825136612021,0.03278688524590164,0.0273224043715847,0.1092896174863388,0.08196721311475409,0.04371584699453552,0.0273224043715847,0.02185792349726776,0.07650273224043716,0.07650273224043716,0.03825136612021858,0.0273224043715847,0.03825136612021858,0.0546448087431694,0,0,0,1,0,0,0,1,2,2,0,1,2,0,1,1,1,0,1,0,0,1,0,1,0,0,0,1,0,0,2,0,0,0,0,0,2,0,1,0,0,0,0,0,0,1,1,0,0,0,0,1,1,2,2,0,3,1,2,6,2,2,0,0,1,1,1,2,3,0,2,4,1,2,0,0,0,0,3,1,1,0,1,0,2,0,1,1,1,1,0,0,1,0,0,0,0,0,0,1,2,0,0,0,0,2,1,3,1,1,1,0,0,1,3,0,1,1,1,0,0,0,0,0,1,0,2,1,0,0,1,0,0,1,1,2,0,1,1,1,0,0,1,0,0,0,0,1,3,0,0,0,0,1,0,2,2,1,1,0,1,1,2,0,0,0,0,0,0,1,1,3,0,1,0,0,0,1,0,0,0,0,0,1,1,0,0,1,0,0,0,0,1,0,0,0,0,2,0,1,0,0,0,0,5,0,1,0,0,0,0,2,1,0,0,1,0,1,0,0,0,0,1,0,0,0,0,1,0,0,0,1,0,0,0,1,0,0,0,0,0,0,0,0,0,0,1,1,0,0,1,1,0,5,0,0,1,0,0,1,2,1,0,0,1,0,1,0,0,0,1,0,0,1,1,0,0,0,1,0,0,2,1,0,0,0,0,1,0,0,0,0,0,0,0,1,0,0,0,0,0,0,0,0,0,0,1,0,0,0,0,0,0,1,0,0,2,0,0,0,0,0,0,1,0,0,0,0,0,0,0,0,0,0,0,0,0,0,0,0,0,0,0,-1.1703296703296704,-1.1483516483516483,-0.9340659340659341,-1.3406593406593406,-2.3076923076923075,-1.021978021978022,-0.9395604395604396,-2.1263736263736264,-1.1868131868131868,-1.2967032967032968,-1.1923076923076923,-0.8241758241758241,-1.0,-1.60989010989011,-1.543956043956044,-0.7637362637362637,-1.032967032967033,-2.587912087912088,-1.2472527472527473,-1.2747252747252746
P29469,0.059907834101382486,0.08870967741935484,0.04953917050691244,0.07949308755760369,0.010368663594470046,0.03686635944700461,0.09907834101382489,0.052995391705069124,0.019585253456221197,0.06336405529953917,0.08410138248847926,0.04377880184331797,0.020737327188940093,0.02880184331797235,0.041474654377880185,0.07834101382488479,0.041474654377880185,0.0034562211981566822,0.029953917050691243,0.06797235023041474,8,4,6,3,5,2,1,6,12,8,2,3,5,0,10,3,2,2,7,5,0,3,7,2,2,3,2,0,2,4,4,3,0,4,0,3,6,2,6,3,5,0,0,1,0,0,1,0,0,6,5,5,2,4,5,0,11,10,10,1,4,8,1,8,8,8,5,5,8,2,4,2,5,1,3,2,0,5,4,4,0,3,3,0,5,4,8,3,6,8,0,1,0,0,1,1,0,0,5,9,4,2,5,4,1,5,8,8,2,5,4,0,3,6,3,3,1,1,0,4,3,3,3,3,4,0,6,5,2,0,2,5,1,6,5,4,1,2,5,0,1,1,0,0,1,0,0,2,3,4,1,2,6,0,0,3,6,5,4,4,0,1,3,0,2,4,4,1,1,2,0,1,2,3,0,4,4,3,1,2,0,0,1,4,4,2,2,4,0,0,0,0,0,0,0,0,3,5,8,7,0,0,0,2,6,5,3,1,7,1,5,6,0,1,3,1,0,4,1,1,1,3,1,0,2,4,1,4,10,1,0,3,3,2,2,3,4,0,0,0,0,1,0,0,0,3,10,2,4,1,8,0,3,5,6,4,2,6,1,3,6,5,7,1,4,0,1,6,3,1,0,5,0,2,3,2,3,5,4,0,10,5,6,2,3,13,0,0,0,0,0,0,0,0,2,0,0,0,0,0,0,0,1,1,0,0,0,0,0,0,0,0,0,0,0,0,1,1,0,0,0,0,2,1,0,0,0,0,0,0,0,0,0,0,0,0,0,0,0,0,0,0,0,-0.566320645905421,-0.3275663206459054,-0.8304498269896193,-0.5847750865051903,-2.093425605536332,-0.4682814302191465,-0.18685121107266436,-1.3794694348327565,-1.1095732410611303,-0.8696655132641292,-0.9181084198385236,-0.4371395617070358,-0.8650519031141869,-1.5951557093425606,-1.0461361014994233,-0.37946943483275664,-0.532871972318339,-2.8385236447520183,-1.447520184544406,-0.8189158016147635
P30771,0.0607621009268795,0.05046343975283213,0.05870236869207003,0.05664263645726056,0.01956745623069001,0.05149330587023687,0.06797116374871266,0.05458290422245108,0.02265705458290422,0.055612770339855816,0.101956745623069,0.061791967044284246,0.014418125643666324,0.04016477857878476,0.04531410916580844,0.082389289392379,0.046343975283213185,0.013388259526261586,0.028836251287332648,0.06694129763130793,5,4,1,7,5,6,1,6,7,6,14,3,3,1,4,8,6,1,5,4,1,5,5,8,4,4,0,0,5,5,1,3,1,1,0,5,7,5,4,2,5,0,1,1,4,1,1,0,0,5,11,8,8,1,5,3,13,13,8,6,10,4,1,12,10,5,7,4,3,0,6,6,10,8,6,6,0,7,5,6,2,4,5,1,7,1,5,5,6,1,0,1,0,0,0,0,1,0,5,5,10,5,3,6,1,6,9,13,7,3,9,0,4,5,4,5,1,2,0,4,7,6,0,2,2,2,4,5,2,3,3,1,0,4,4,4,3,2,2,0,0,1,0,0,0,1,1,0,6,3,4,1,5,1,5,10,7,5,4,1,0,9,11,4,3,4,4,1,3,5,3,4,1,4,0,3,2,2,4,2,3,0,5,6,2,1,0,2,0,0,1,0,0,1,0,0,6,7,5,1,2,2,2,5,9,1,5,4,4,0,0,6,1,4,1,2,0,1,6,3,2,1,2,0,2,3,1,0,0,3,1,1,4,3,0,3,3,1,0,1,1,0,0,0,0,7,6,3,1,3,4,0,5,5,6,3,6,4,0,5,6,1,1,3,4,0,1,3,4,2,2,2,0,3,7,2,3,0,2,0,2,5,1,1,4,3,0,0,0,0,1,0,0,0,1,1,0,0,1,0,0,0,2,0,2,0,0,0,1,1,0,2,0,0,1,0,0,2,0,0,0,0,1,1,0,0,0,0,0,0,2,0,0,0,0,0,1,0,0,0,0,0,0,-0.6948453608247422,-0.7360824742268042,-0.49587628865979383,-0.8371134020618557,-1.811340206185567,-0.34329896907216495,-0.43711340206185567,-1.6144329896907217,-0.9432989690721649,-0.8804123711340206,-0.8206185567010309,-0.3711340206185567,-0.822680412371134,-1.1195876288659794,-1.2969072164948454,-0.34329896907216495,-0.5082474226804123,-2.363917525773196,-0.9268041237113402,-0.843298969072165
P30822,0.05904059040590406,0.03505535055350553,0.05166051660516605,0.0544280442804428,0.01107011070110701,0.058118081180811805,0.07380073800738007,0.03136531365313653,0.01845018450184502,0.07380073800738007,0.11900369003690037,0.06642066420664207,0.027675276752767528,0.048892988929889296,0.03228782287822878,0.06642066420664207,0.05627306273062731,0.01107011070110701,0.03044280442804428,0.07472324723247233,7,9,7,5,4,3,0,4,13,8,7,7,6,0,4,7,9,4,4,2,0,6,6,6,3,2,3,1,3,5,4,4,1,2,0,5,3,3,2,4,5,0,1,0,0,0,0,0,0,7,8,7,11,6,9,1,15,16,16,9,14,14,0,9,7,8,13,5,9,1,5,11,7,7,6,5,0,3,10,7,6,2,1,0,8,10,5,5,10,2,0,0,1,0,0,1,0,0,7,11,3,4,2,2,0,7,14,11,9,3,12,1,8,9,12,3,2,4,2,4,5,2,3,4,5,0,0,6,3,3,0,3,1,1,8,8,3,2,3,1,1,1,0,1,0,1,0,4,7,6,5,1,3,0,7,15,6,5,1,3,1,2,9,5,1,3,3,1,4,6,4,5,1,2,0,4,4,2,3,3,1,0,4,5,5,5,2,0,1,0,1,1,0,0,0,0,2,5,3,1,3,1,0,8,15,6,5,0,1,0,1,13,3,2,0,1,0,2,4,1,4,3,5,0,1,3,2,0,1,1,0,2,3,2,1,1,3,0,0,0,0,0,1,0,0,7,5,3,0,2,4,0,7,11,5,6,3,3,0,5,12,2,0,2,7,0,5,5,4,0,1,2,1,4,6,2,2,1,4,0,1,5,6,2,0,1,0,2,0,0,0,0,0,0,1,0,1,1,1,0,0,1,0,0,0,1,1,0,0,0,1,0,0,0,0,0,1,0,0,0,0,0,0,1,0,1,0,0,0,0,1,0,0,0,0,0,0,0,0,0,0,0,0,-0.5069252077562327,-1.0101569713758078,-0.556786703601108,-0.8337950138504155,-1.5355493998153278,-0.10249307479224377,-0.41920590951061865,-1.739612188365651,-1.0073868882733148,-0.32132963988919666,-0.0997229916897507,-0.7331486611265005,-0.36934441366574333,-0.6149584487534626,-1.1782086795937212,-0.22160664819944598,-0.4155124653739612,-2.2262234533702676,-0.9566020313942751,-0.4312096029547553
P31111,0.03428571428571429,0.03428571428571429,0.08342857142857144,0.054857142857142854,0.008,0.06514285714285714,0.112,0.027428571428571427,0.02057142857142857,0.053714285714285714,0.096,0.12571428571428572,0.018285714285714287,0.021714285714285714,0.019428571428571427,0.10514285714285715,0.061714285714285715,0.0,0.014857142857142857,0.04342857142857143,2,0,4,1,1,5,0,3,2,1,2,2,5,0,0,5,5,5,0,3,1,0,2,2,2,1,1,0,4,4,1,2,4,3,0,2,6,3,2,4,2,0,0,0,0,0,0,0,0,3,1,3,1,3,3,0,3,3,2,6,3,4,0,3,1,9,3,4,9,0,3,4,5,6,5,9,0,4,4,6,7,5,6,0,5,6,1,11,5,7,0,0,0,1,2,1,0,0,1,5,3,2,3,3,0,1,6,6,8,4,9,0,3,10,17,8,5,6,0,4,5,5,4,3,5,0,3,3,4,3,1,1,0,1,4,5,7,7,5,0,0,1,0,1,0,1,0,2,1,3,0,5,1,0,2,5,5,6,10,3,0,5,6,10,4,2,2,1,1,5,3,4,9,1,0,4,11,2,7,2,2,0,2,6,4,6,4,2,0,0,0,0,0,0,0,0,3,6,4,2,4,3,0,4,2,10,4,8,5,1,3,6,6,1,2,3,1,0,7,8,3,3,4,0,1,6,5,4,5,2,0,1,3,4,2,0,4,0,0,0,0,0,0,0,0,2,2,2,2,2,4,0,1,3,5,6,4,9,3,3,6,3,5,1,6,0,4,8,5,4,6,4,0,6,6,4,2,4,0,0,3,6,7,3,2,3,0,0,0,0,0,0,0,0,0,0,0,0,0,0,0,0,0,0,0,1,0,0,0,0,0,0,1,0,0,0,0,2,0,1,0,0,0,0,0,0,1,0,0,0,0,0,0,0,1,0,0,0,0,0,0,0,0,-0.511441647597254,0.6258581235697941,-0.28718535469107553,-0.620137299771167,-3.0675057208237986,1.8649885583524028,2.3100686498855834,-3.393592677345538,-0.6041189931350115,-1.2814645308924486,0.003432494279176201,1.5835240274599542,-0.4645308924485126,-3.2986270022883297,-4.35812356979405,-0.43592677345537756,-0.9702517162471396,-4.073226544622425,-2.7757437070938216,-1.6796338672768878
P31539,0.08480176211453745,0.05947136563876652,0.040748898678414094,0.07488986784140969,0.006607929515418502,0.05726872246696035,0.09030837004405286,0.05286343612334802,0.016519823788546256,0.07599118942731277,0.10682819383259912,0.07709251101321586,0.016519823788546256,0.028634361233480177,0.03303964757709251,0.05616740088105727,0.04405286343612335,0.0,0.024229074889867842,0.053964757709251104,10,5,10,6,6,7,1,8,9,6,6,5,5,1,6,6,4,1,5,6,0,4,2,2,4,2,3,0,1,8,3,1,5,3,0,0,6,2,3,3,8,0,0,0,1,0,0,0,0,8,11,9,2,8,5,0,12,6,7,7,10,6,1,4,6,5,3,5,5,0,5,6,3,6,5,1,0,9,5,6,8,5,5,0,10,7,5,2,4,7,0,0,1,0,1,0,1,0,5,5,4,1,0,3,0,8,4,4,2,7,6,0,3,6,2,1,1,6,0,3,5,1,0,2,1,0,7,4,4,1,2,1,0,4,7,5,3,3,4,0,0,0,0,0,0,2,0,6,3,3,1,3,1,0,3,14,5,4,4,2,0,1,3,2,2,2,1,1,0,7,3,2,3,2,0,4,4,1,2,1,3,0,0,2,3,2,0,3,0,0,0,0,0,0,0,0,9,10,2,5,2,2,0,5,6,2,4,4,7,0,2,5,2,3,2,5,0,3,7,0,1,2,1,0,5,3,2,0,1,3,0,3,4,3,2,3,4,0,0,0,0,0,0,0,0,7,6,0,2,2,4,0,7,10,4,2,8,9,1,2,4,4,2,4,3,1,2,5,3,4,1,2,0,4,4,3,2,0,4,0,3,13,2,5,4,7,0,0,0,0,0,0,0,0,0,0,0,0,0,0,0,0,0,0,1,0,0,0,0,1,0,0,0,0,0,0,0,1,0,0,0,0,0,0,0,0,0,0,0,1,1,0,0,0,1,0,0,0,0,0,0,0,0,-0.5016538037486218,-0.5534729878721059,-0.9592061742006616,-0.7872105843439912,-2.647188533627343,-0.412348401323043,-0.023153252480705624,-1.5633958103638368,-1.340683572216097,-0.7353914002205072,-0.8511576626240352,-0.20176405733186328,-0.8136714443219405,-1.8257993384785005,-1.4432194046306506,-0.6471885336273429,-0.8015435501653804,-3.0882028665931642,-1.7420066152149944,-0.7839029768467475
P32263,0.0979020979020979,0.006993006993006993,0.03146853146853147,0.024475524475524476,0.024475524475524476,0.038461538461538464,0.08041958041958042,0.09090909090909091,0.013986013986013986,0.045454545454545456,0.0979020979020979,0.07692307692307693,0.03146853146853147,0.013986013986013986,0.04195804195804196,0.08041958041958042,0.06293706293706294,0.0034965034965034965,0.03146853146853147,0.1048951048951049,3,5,4,3,3,2,2,4,4,5,1,1,1,0,7,3,3,0,6,2,0,1,3,2,3,0,0,0,1,2,1,0,0,1,1,1,1,1,0,0,3,0,2,1,0,0,0,1,0,3,4,7,3,1,1,0,6,3,0,0,4,2,0,0,3,2,2,0,3,1,1,0,1,0,0,1,0,1,1,2,1,0,0,0,1,0,1,1,0,1,0,0,0,0,0,0,0,0,6,1,1,2,1,3,2,2,5,2,2,0,1,0,3,0,6,1,0,1,0,1,0,2,0,1,0,0,5,0,0,0,0,1,0,2,1,1,1,0,2,0,1,0,0,0,0,0,0,2,2,3,0,0,0,0,1,2,1,0,0,0,0,1,3,1,0,0,0,0,2,0,0,0,1,0,1,0,1,0,0,0,1,0,0,1,0,0,1,0,0,0,0,1,0,0,0,0,5,1,1,0,0,0,0,4,0,0,0,0,0,0,3,1,0,0,0,1,0,1,0,0,0,0,1,0,0,0,0,1,1,0,0,1,1,0,0,0,1,0,1,0,0,0,0,0,0,3,2,3,0,1,0,0,1,1,3,0,0,0,0,2,1,0,1,0,0,0,1,1,0,1,0,0,0,0,0,2,0,0,0,0,4,1,1,1,0,0,0,0,0,0,0,0,0,0,0,1,2,1,0,0,0,1,0,0,0,0,0,0,0,1,0,0,0,0,0,0,0,0,0,0,0,0,0,0,0,0,0,0,0,0,0,0,0,1,0,0,0,0,0,0,0,0,0,0.12982456140350876,-1.5578947368421052,-1.6070175438596492,-2.031578947368421,-2.150877192982456,-1.4912280701754386,-1.2912280701754386,-1.6070175438596492,-1.719298245614035,-1.0947368421052632,-1.2140350877192982,-1.4666666666666666,-1.1403508771929824,-2.3087719298245615,-2.3263157894736843,-0.8350877192982457,-0.7508771929824561,-3.610526315789474,-2.3964912280701753,-0.8210526315789474
P32318,0.09815950920245399,0.027607361963190184,0.03374233128834356,0.06134969325153374,0.018404907975460124,0.03067484662576687,0.046012269938650305,0.08588957055214724,0.03680981595092025,0.046012269938650305,0.08282208588957055,0.05521472392638037,0.03374233128834356,0.03987730061349693,0.03680981595092025,0.07668711656441718,0.06441717791411043,0.009202453987730062,0.02147239263803681,0.0950920245398773,8,10,7,3,0,2,0,2,2,4,2,5,3,0,5,3,8,1,1,1,0,2,3,1,1,2,0,0,0,1,3,0,0,1,0,1,1,2,3,0,1,0,0,1,1,0,0,0,0,5,1,5,1,2,3,0,5,2,0,4,2,1,1,0,1,2,1,1,0,0,2,2,2,0,1,1,0,1,1,1,2,2,1,0,2,3,3,1,2,1,0,1,0,0,1,0,0,0,10,3,6,2,1,2,0,4,5,0,0,0,1,1,4,2,5,2,0,2,0,0,2,0,1,0,2,0,0,0,1,1,0,0,0,1,2,0,0,1,0,0,0,0,0,0,0,0,1,2,1,1,1,0,0,0,3,3,0,2,0,1,0,6,1,0,0,0,1,0,0,0,2,1,0,1,0,2,1,1,1,0,0,0,3,1,0,0,0,1,0,0,0,0,0,0,0,0,1,2,0,1,0,0,1,0,2,1,0,0,2,0,6,1,1,0,0,0,0,0,1,1,1,1,0,0,2,0,1,0,0,0,0,0,1,1,0,0,0,0,0,0,0,0,0,0,0,3,1,0,1,1,1,1,2,1,0,0,1,4,0,2,3,0,1,0,0,1,1,1,0,0,1,1,0,0,2,1,0,1,0,0,1,0,1,0,1,1,0,0,0,0,0,0,0,0,0,0,0,0,1,0,0,1,0,0,0,0,0,0,1,0,0,0,0,0,0,0,0,2,0,0,0,0,0,0,0,0,0,0,0,0,0,0,0,0,0,0,0,0,0,1,0,0,0,-0.13538461538461538,-1.0153846153846153,-1.083076923076923,-1.083076923076923,-2.04,-1.1107692307692307,-0.6184615384615385,-0.6492307692307693,-1.3292307692307692,-0.7353846153846154,-1.0523076923076924,-0.6461538461538462,-0.8123076923076923,-1.403076923076923,-1.2553846153846153,-0.5015384615384615,-0.5446153846153846,-2.4153846153846152,-1.2984615384615386,-0.48615384615384616
P32361,0.03587443946188341,0.053811659192825115,0.06188340807174888,0.06457399103139014,0.012556053811659192,0.029596412556053813,0.06457399103139014,0.0484304932735426,0.02242152466367713,0.07174887892376682,0.11121076233183856,0.06457399103139014,0.023318385650224215,0.04663677130044843,0.0484304932735426,0.10224215246636771,0.04394618834080718,0.007174887892376682,0.03497757847533632,0.05201793721973094,3,6,7,2,2,5,0,4,15,7,7,6,6,1,3,10,5,6,2,4,0,0,6,1,2,6,1,1,0,3,3,3,5,1,0,4,6,2,1,1,2,0,2,1,0,0,0,0,0,5,16,6,4,4,4,3,12,22,17,14,11,14,0,6,12,10,13,11,5,2,4,10,6,6,7,10,1,3,9,10,2,7,4,0,2,12,10,5,5,2,1,0,0,1,1,1,0,0,6,9,6,6,5,4,0,9,22,10,8,5,4,1,13,12,10,5,4,6,0,2,8,5,3,2,6,0,1,7,6,3,3,7,0,5,6,5,4,3,3,0,0,0,2,0,0,1,0,5,1,2,2,1,1,0,7,10,7,9,5,2,1,1,3,6,0,6,4,0,2,4,5,5,1,1,0,3,6,3,0,3,3,0,5,6,5,2,2,3,1,0,1,0,1,0,0,0,2,3,3,1,3,0,0,4,10,6,4,2,4,0,6,10,8,1,3,4,0,2,4,2,0,2,3,0,4,2,7,2,6,2,1,3,3,7,1,1,4,0,0,1,0,0,0,0,0,4,10,5,2,0,2,0,5,10,12,2,6,5,0,6,11,9,1,1,3,1,2,7,1,2,0,3,0,1,3,3,3,0,2,0,3,7,3,1,0,6,0,0,1,0,0,0,1,0,0,1,1,0,0,0,0,1,1,0,0,0,2,0,1,1,1,0,0,0,0,0,2,0,0,0,0,0,0,0,1,0,0,0,0,1,0,0,1,0,0,0,0,0,0,0,0,0,0,-0.7684021543985637,-0.7719928186714542,-0.770197486535009,-1.0089766606822261,-1.9039497307001796,-0.5933572710951526,-0.6597845601436265,-1.5807899461400359,-0.9461400359066428,-1.0502692998204668,-0.9605026929982047,-0.5323159784560144,-0.7684021543985637,-1.3429084380610412,-0.8240574506283662,-0.2504488330341113,-0.48204667863554757,-2.35278276481149,-1.2010771992818672,-0.9991023339317774
P32389,0.050595238095238096,0.03422619047619048,0.13541666666666666,0.0744047619047619,0.0,0.03720238095238095,0.06398809523809523,0.044642857142857144,0.04017857142857143,0.052083333333333336,0.07291666666666667,0.06547619047619048,0.008928571428571428,0.03422619047619048,0.044642857142857144,0.12351190476190477,0.06398809523809523,0.001488095238095238,0.013392857142857142,0.03869047619047619,2,3,1,8,0,0,0,4,3,2,5,0,4,0,3,6,4,1,0,1,0,1,4,3,9,1,5,0,0,1,3,2,2,1,0,4,1,2,3,0,1,0,0,0,0,0,0,0,0,4,3,4,2,3,5,0,2,11,8,9,2,4,0,5,4,9,6,0,3,0,1,4,4,3,8,5,0,1,0,1,2,4,1,0,3,5,3,3,2,3,0,0,0,0,0,0,0,0,4,3,5,3,0,3,0,5,9,4,5,3,6,0,5,11,13,5,4,3,0,2,3,7,5,2,5,0,0,3,1,2,3,0,0,7,3,1,1,2,2,0,0,0,0,0,0,0,0,1,0,1,7,3,1,0,3,3,6,4,1,2,0,5,7,8,7,3,3,0,6,1,13,13,0,4,0,0,4,3,4,5,0,0,4,5,8,5,2,2,0,0,0,0,0,0,0,0,0,2,0,0,0,0,0,3,4,2,1,3,1,0,0,2,2,2,1,2,0,1,3,3,6,3,4,0,0,4,1,8,1,2,0,1,2,0,0,1,1,0,0,0,0,0,0,0,0,3,7,4,3,3,2,0,4,6,5,1,0,2,0,0,2,5,3,1,4,0,2,4,3,1,2,3,0,1,2,1,2,1,1,0,3,2,1,3,0,6,0,0,0,0,0,0,0,0,0,0,0,0,0,0,0,0,0,0,0,0,0,0,0,0,0,0,0,0,0,0,0,0,0,0,0,0,0,0,0,0,0,0,0,0,0,0,0,0,0,0,0,0,0,0,0,0,0,-0.6527570789865872,-0.7302533532041728,0.20268256333830104,-0.4977645305514158,-2.1117734724292103,-0.30104321907600595,-0.29508196721311475,-1.278688524590164,-0.7749627421758569,-1.578241430700447,-1.5588673621460507,-0.4232488822652757,-1.014903129657228,-1.8673621460506706,-1.3278688524590163,0.18330849478390462,-0.3263785394932936,-2.698956780923994,-1.5052160953800298,-1.3070044709388973
P32458,0.02650602409638554,0.0746987951807229,0.05783132530120482,0.06746987951807229,0.007228915662650603,0.03614457831325301,0.10843373493975904,0.05542168674698795,0.01927710843373494,0.0891566265060241,0.10843373493975904,0.04819277108433735,0.016867469879518072,0.02891566265060241,0.03132530120481928,0.0819277108433735,0.06506024096385542,0.004819277108433735,0.02891566265060241,0.043373493975903614,1,1,2,1,0,2,0,1,3,3,2,0,1,0,1,3,3,1,0,3,0,1,2,1,1,1,0,0,1,2,1,0,1,1,0,1,4,1,2,2,1,0,0,1,0,0,0,0,0,0,4,2,3,2,2,0,5,10,4,5,1,6,0,3,3,4,2,2,5,0,1,6,3,2,3,1,0,3,4,1,0,1,1,0,2,2,2,4,3,4,0,0,0,0,0,0,0,1,1,3,2,1,0,2,0,3,6,4,2,0,1,1,2,0,11,3,1,4,0,2,1,1,1,3,1,0,1,1,2,0,1,1,0,4,1,6,1,0,4,0,0,0,0,0,0,0,0,1,1,1,1,2,0,1,1,3,1,3,4,1,0,1,2,1,2,0,2,0,2,1,1,0,2,1,0,0,6,0,0,4,1,0,1,1,0,0,0,1,0,0,0,0,0,0,0,0,1,0,1,0,2,3,0,2,4,4,4,3,3,0,0,3,2,0,1,1,0,0,2,0,0,0,0,0,2,3,1,1,2,0,0,0,2,1,0,1,2,0,0,0,0,0,0,0,0,3,1,3,0,0,2,0,1,5,2,0,2,5,0,2,6,1,1,2,1,0,0,1,2,3,2,0,0,0,4,2,1,0,2,0,1,5,3,1,3,6,0,0,0,0,0,0,0,0,0,0,0,0,0,0,0,0,0,1,0,0,0,0,0,0,0,0,0,0,0,1,0,0,0,0,0,0,0,0,0,0,0,0,0,0,0,0,0,0,0,0,0,0,0,1,0,0,0,-1.0241545893719808,-0.49516908212560384,-0.7705314009661836,-0.9347826086956522,-2.4855072463768115,-0.33816425120772947,-0.00966183574879227,-1.932367149758454,-1.2777777777777777,-0.9855072463768116,-1.0603864734299517,-0.04830917874396135,-0.9782608695652174,-1.6352657004830917,-1.8043478260869565,-0.7898550724637681,-0.8260869565217391,-2.746376811594203,-1.606280193236715,-1.1280193236714975
P32459,0.05128205128205128,0.03076923076923077,0.046153846153846156,0.041025641025641026,0.02564102564102564,0.046153846153846156,0.08717948717948718,0.05641025641025641,0.03076923076923077,0.06153846153846154,0.08205128205128205,0.05641025641025641,0.020512820512820513,0.035897435897435895,0.05128205128205128,0.07692307692307693,0.07179487179487179,0.010256410256410256,0.02564102564102564,0.09230769230769231,3,1,1,1,1,1,0,2,0,3,0,0,1,1,2,2,2,0,0,1,0,0,1,2,4,0,0,0,0,2,1,1,0,1,0,2,0,1,0,0,0,0,0,0,0,0,0,1,0,0,2,3,2,4,0,0,1,1,1,1,1,0,2,2,2,1,2,0,3,0,0,2,0,2,1,1,0,0,1,0,1,0,1,0,0,3,0,0,1,1,0,1,0,1,0,1,0,0,2,1,2,3,0,0,0,5,2,1,0,0,3,0,1,1,1,1,2,0,1,0,0,2,0,0,1,0,1,0,1,1,0,0,0,1,0,1,0,1,1,0,0,1,0,0,0,0,0,1,2,0,0,0,0,0,1,2,0,2,0,0,0,3,2,1,0,1,0,0,2,1,3,1,0,0,0,0,0,0,0,0,1,0,1,0,0,0,0,2,0,0,0,0,0,0,0,0,1,1,1,0,0,0,0,1,1,2,0,0,0,0,0,2,1,0,0,0,0,1,1,0,0,0,1,0,0,0,0,0,0,0,0,0,4,0,0,0,0,0,0,0,0,0,0,0,0,1,0,1,1,0,1,1,1,0,3,2,2,1,0,0,1,1,0,0,0,0,0,0,0,0,0,0,0,2,0,1,0,0,1,0,1,2,0,0,1,1,0,0,0,0,0,0,0,0,0,0,0,0,0,1,0,0,0,0,1,0,0,0,0,1,0,0,0,0,0,0,0,0,0,0,0,0,0,1,0,0,0,0,0,0,0,0,0,1,0,0,0,0,0,0,0,0,0,-0.3556701030927835,-0.8556701030927835,-0.9072164948453608,-0.9020618556701031,-1.7371134020618557,-0.5515463917525774,-0.5103092783505154,-1.1804123711340206,-0.9948453608247423,-0.9329896907216495,-0.9432989690721649,-0.8247422680412371,-0.7268041237113402,-1.288659793814433,-0.845360824742268,-0.42783505154639173,-0.4072164948453608,-2.0670103092783507,-1.2164948453608246,-0.6597938144329897
P32468,0.0687960687960688,0.07125307125307126,0.04914004914004914,0.05405405405405406,0.004914004914004914,0.06388206388206388,0.08845208845208845,0.051597051597051594,0.02702702702702703,0.06142506142506143,0.08845208845208845,0.07371007371007371,0.014742014742014743,0.03931203931203931,0.04914004914004914,0.03931203931203931,0.06388206388206388,0.007371007371007371,0.02457002457002457,0.05896805896805897,2,2,3,2,0,1,0,8,5,1,1,1,0,0,2,3,1,2,2,2,0,4,4,1,0,1,6,0,3,3,2,1,1,0,0,2,4,0,0,0,2,0,0,1,0,0,0,0,0,3,6,2,5,2,0,0,3,4,7,4,2,3,0,3,3,2,1,3,2,0,1,0,3,5,2,0,0,0,5,2,1,7,1,0,4,5,0,3,0,2,1,0,0,0,0,0,0,0,3,0,3,1,0,1,0,2,2,3,1,3,2,0,0,2,2,0,2,3,0,0,2,1,0,0,1,0,3,3,1,1,4,0,0,3,3,1,3,0,0,0,0,0,0,0,0,0,0,0,2,2,2,4,4,0,0,3,2,0,1,2,0,2,2,1,0,1,2,0,3,2,1,2,1,3,0,1,2,1,1,0,1,0,2,2,1,3,0,4,0,0,0,0,0,0,0,0,1,3,0,5,1,1,0,3,3,0,3,5,4,0,0,2,4,0,4,1,0,0,0,0,3,0,1,0,4,4,3,0,0,1,0,0,0,1,1,0,1,0,0,0,0,0,0,0,0,1,3,2,1,3,1,1,2,6,0,2,4,4,0,1,1,0,1,0,0,0,6,0,1,2,2,1,0,0,0,2,0,0,0,0,1,4,0,2,2,1,0,0,0,0,1,0,0,0,0,0,0,0,0,0,0,0,0,1,0,0,0,0,0,0,0,0,0,0,0,0,0,1,0,0,0,0,0,0,0,0,0,0,0,0,0,0,0,0,0,0,0,0,0,0,0,0,0,-0.896551724137931,-0.5541871921182266,-0.6600985221674877,-0.9334975369458128,-2.4507389162561575,-0.41625615763546797,-0.19458128078817735,-1.9187192118226601,-1.2167487684729064,-0.9236453201970444,-1.0714285714285714,-0.15270935960591134,-0.8768472906403941,-1.5911330049261083,-1.7561576354679802,-0.7684729064039408,-0.812807881773399,-2.8620689655172415,-1.519704433497537,-1.0591133004926108
P32479,0.04642857142857143,0.047619047619047616,0.05476190476190476,0.075,0.015476190476190477,0.025,0.05476190476190476,0.05714285714285714,0.023809523809523808,0.07738095238095238,0.09404761904761905,0.07857142857142857,0.011904761904761904,0.03333333333333333,0.04880952380952381,0.0988095238095238,0.058333333333333334,0.01904761904761905,0.016666666666666666,0.0630952380952381,5,8,6,4,4,5,0,6,7,5,3,5,6,2,6,1,2,3,6,1,0,1,6,5,2,4,2,1,2,0,1,5,1,2,0,1,10,5,3,1,1,0,0,1,1,0,0,0,0,10,4,1,7,3,5,1,6,20,15,4,8,5,1,7,10,7,8,9,6,0,1,4,1,5,1,4,0,7,8,5,2,7,3,0,2,6,4,6,1,4,1,0,1,0,1,2,0,0,4,10,6,5,2,5,0,4,6,8,3,7,3,0,6,7,11,2,3,3,1,1,6,4,2,5,2,1,2,3,5,4,2,5,0,0,10,1,1,2,1,0,0,1,0,0,1,0,0,4,8,2,3,1,2,0,2,8,4,1,4,3,0,6,4,4,0,1,1,0,6,1,2,0,0,5,0,1,4,3,0,0,3,0,2,6,3,1,2,3,0,1,1,0,0,1,0,0,5,2,2,2,1,3,1,4,7,3,1,3,3,1,4,3,7,4,0,2,0,7,3,1,2,1,0,0,4,4,2,1,4,1,0,3,5,1,3,1,3,0,0,0,0,0,0,1,0,4,1,2,0,0,1,0,9,9,12,4,4,3,0,3,5,1,4,2,2,1,4,2,3,3,0,4,0,0,1,3,2,2,2,0,0,4,4,2,2,3,0,0,0,1,0,0,0,0,0,1,0,0,0,0,0,0,2,0,0,1,1,0,0,1,1,0,0,0,0,0,0,0,0,0,0,1,0,2,1,0,0,0,1,0,0,0,0,1,0,0,0,0,0,0,0,0,0,-0.768772348033373,-1.1036948748510131,-0.9427890345649583,-0.9737783075089392,-0.9404052443384983,-0.9856972586412396,-1.195470798569726,-1.3599523241954707,-0.9189511323003575,-1.1227651966626937,-1.1787842669845054,-0.9201430274135876,-1.297973778307509,-1.5530393325387366,-1.5816448152562574,0.13110846245530394,-0.2359952324195471,-1.771156138259833,-1.5840286054827175,-0.8367103694874851
P32504,0.03138075313807531,0.04184100418410042,0.06380753138075314,0.06903765690376569,0.011506276150627616,0.0502092050209205,0.08054393305439331,0.030334728033472803,0.02615062761506276,0.06171548117154812,0.10146443514644352,0.08786610878661087,0.016736401673640166,0.0596234309623431,0.04811715481171548,0.08263598326359832,0.05753138075313807,0.010460251046025104,0.0397489539748954,0.029288702928870293,0,1,0,1,1,1,0,1,7,6,2,6,1,0,1,4,3,4,4,3,0,0,4,3,3,0,1,0,0,2,4,3,0,1,1,1,3,5,3,2,3,1,0,0,0,1,0,0,0,1,3,4,3,1,11,0,9,24,8,10,12,11,2,12,12,9,4,8,9,0,3,9,8,10,1,6,3,2,10,9,3,5,12,0,4,5,1,7,4,1,0,0,2,0,0,0,1,0,2,7,3,2,5,2,0,4,11,10,8,9,3,0,3,7,15,6,7,3,0,3,8,4,5,0,3,0,4,8,4,3,4,4,0,4,11,1,5,2,6,0,0,0,1,0,0,0,0,0,5,5,2,2,1,1,3,11,9,8,4,2,1,2,10,6,3,2,6,0,6,6,5,4,1,6,0,0,2,1,2,2,0,0,1,4,1,4,4,9,0,0,0,1,1,1,0,0,0,2,3,2,1,1,0,4,11,8,4,7,2,0,3,8,3,4,4,3,0,1,3,5,0,2,1,0,2,8,5,0,1,3,0,3,6,2,1,3,5,1,0,1,0,0,0,0,0,1,5,4,1,1,2,0,1,11,13,8,2,2,0,0,4,5,2,0,5,1,2,8,3,4,3,6,0,1,6,3,0,7,1,0,1,8,7,5,3,5,0,0,1,0,1,0,0,0,0,0,0,0,0,0,0,1,1,0,0,1,1,0,0,0,0,0,2,0,0,1,0,0,2,0,0,0,0,0,0,1,0,0,0,0,0,0,1,0,0,0,0,0,0,0,0,0,0,-0.8282722513089005,-0.8481675392670157,-0.5424083769633508,-0.8586387434554974,-2.0104712041884816,-0.3769633507853403,-0.3842931937172775,-1.8031413612565446,-0.9465968586387434,-1.3089005235602094,-1.1507853403141362,-0.5141361256544502,-0.7267015706806282,-1.3989528795811519,-1.4617801047120418,-0.2753926701570681,-0.5308900523560209,-2.298429319371728,-1.0858638743455498,-1.1162303664921467
P32505,0.07809523809523809,0.05142857142857143,0.06857142857142857,0.03238095238095238,0.04,0.11619047619047619,0.06476190476190476,0.05904761904761905,0.022857142857142857,0.0380952380952381,0.05904761904761905,0.05904761904761905,0.02095238095238095,0.0380952380952381,0.09523809523809523,0.049523809523809526,0.045714285714285714,0.0019047619047619048,0.011428571428571429,0.047619047619047616,7,5,4,3,6,1,0,5,11,4,3,5,3,0,2,2,0,2,1,3,0,3,1,2,2,1,2,0,4,1,1,2,5,0,0,0,1,1,0,3,1,0,0,0,0,0,0,0,0,5,5,3,3,4,2,0,9,3,2,4,4,2,4,2,3,2,1,1,3,0,3,8,3,10,3,3,0,1,1,4,1,1,2,4,1,2,1,0,0,4,1,0,0,3,2,0,1,0,1,7,1,1,0,0,0,2,2,4,7,1,2,0,0,0,0,4,1,0,0,5,2,2,1,0,2,0,2,2,0,0,0,2,1,4,1,1,2,2,0,0,0,1,0,2,0,0,0,5,9,0,2,1,0,0,2,7,1,13,1,1,1,3,5,2,3,1,2,2,2,9,2,19,1,0,0,2,1,1,0,0,1,1,2,3,1,2,0,0,1,1,0,0,0,0,0,0,4,3,0,1,0,3,0,0,1,0,1,2,1,1,2,4,1,0,2,0,1,1,1,4,0,1,0,0,1,0,1,4,2,1,1,2,1,1,1,0,0,1,0,1,1,2,2,2,0,4,2,2,1,1,0,0,2,4,1,2,1,0,0,0,0,1,2,0,2,0,1,3,2,1,0,1,1,0,1,3,0,1,0,1,1,0,0,4,1,2,0,0,0,2,1,0,0,0,0,0,0,0,1,0,0,2,0,0,0,0,0,0,1,4,0,0,1,0,0,2,2,2,0,0,1,0,1,0,0,0,1,0,0,0,2,0,0,0,1,0,0,0,0,0,0,0,0,0.05534351145038168,-0.6793893129770993,-0.7538167938931297,-1.1698473282442747,-2.032442748091603,0.6755725190839694,-0.2958015267175573,-0.8206106870229007,-1.0133587786259541,-1.583969465648855,-1.4465648854961832,-0.5229007633587787,-0.7347328244274809,-1.9770992366412214,1.883587786259542,0.3530534351145038,0.11641221374045801,-2.763358778625954,-1.3702290076335877,-0.9770992366412213
P32523,0.061630218687872766,0.033797216699801194,0.055666003976143144,0.073558648111332,0.017892644135188866,0.03578528827037773,0.06560636182902585,0.041749502982107355,0.009940357852882704,0.0636182902584493,0.09940357852882704,0.07554671968190854,0.019880715705765408,0.02982107355864811,0.0437375745526839,0.0874751491053678,0.073558648111332,0.011928429423459244,0.0437375745526839,0.055666003976143144,2,4,4,1,0,5,0,1,2,5,2,3,3,0,1,2,3,5,2,5,0,0,3,0,2,1,2,0,2,2,1,2,0,0,0,1,3,2,2,3,2,0,1,1,0,0,0,0,0,6,5,1,1,4,2,1,4,4,8,3,2,6,0,5,7,8,3,4,4,0,1,4,2,1,3,2,0,4,1,2,1,2,0,0,2,3,1,3,4,2,0,1,1,0,0,0,0,0,1,2,4,3,1,1,0,7,8,7,3,1,1,0,4,8,5,4,3,2,0,3,3,4,2,1,2,0,1,7,3,1,1,1,0,2,2,4,2,3,4,0,1,0,0,0,0,0,0,1,2,4,1,1,1,0,3,5,3,0,0,1,1,2,2,3,0,2,2,0,4,1,1,0,1,0,0,1,2,2,0,0,2,0,3,3,0,1,0,0,1,0,1,0,0,0,0,0,2,0,4,0,1,2,0,3,3,2,4,3,2,0,0,5,3,1,2,3,0,0,2,1,0,0,1,1,0,2,1,0,0,1,0,0,2,3,0,0,0,0,0,0,1,0,0,0,0,2,3,1,1,0,2,1,0,5,5,1,1,2,1,0,3,4,2,1,1,0,2,0,3,2,1,1,0,1,3,5,1,1,1,0,1,2,1,1,2,3,1,0,0,0,0,1,1,0,2,0,0,1,0,0,0,2,0,1,0,0,0,0,0,0,0,0,0,0,1,0,0,0,0,0,0,0,0,0,0,0,0,0,1,1,0,0,0,0,0,0,0,0,0,0,0,0,0,-0.9243027888446215,-1.2250996015936255,-1.1254980079681276,-1.0876494023904382,-1.3087649402390438,-1.0756972111553784,-1.3247011952191234,-1.7589641434262948,-0.950199203187251,-1.3964143426294822,-1.348605577689243,-1.047808764940239,-1.6394422310756973,-1.8585657370517927,-2.312749003984064,0.055776892430278883,-0.4362549800796813,-2.249003984063745,-1.9302788844621515,-1.0756972111553784
P32618,0.056485355648535567,0.028242677824267783,0.1098326359832636,0.04602510460251046,0.005230125523012552,0.043933054393305436,0.051255230125523014,0.02092050209205021,0.02301255230125523,0.056485355648535567,0.10251046025104603,0.0700836820083682,0.01778242677824268,0.02510460251046025,0.058577405857740586,0.1506276150627615,0.07217573221757322,0.010460251046025104,0.02301255230125523,0.028242677824267783,0,4,2,1,0,0,0,4,7,6,5,1,2,0,8,7,9,2,4,2,0,4,5,6,3,1,3,0,1,1,4,1,0,0,0,0,3,0,3,1,0,0,0,1,0,0,0,0,0,2,5,7,3,3,4,0,7,7,11,8,7,5,0,8,14,18,8,8,6,1,5,7,14,11,2,4,0,0,7,8,2,5,4,0,1,6,6,9,3,4,0,1,0,0,0,0,0,0,2,8,14,8,1,0,0,4,19,19,15,7,6,0,8,21,15,8,4,3,1,3,6,11,10,4,3,0,2,7,6,5,4,2,0,5,3,2,9,1,3,0,0,0,1,0,0,0,1,2,4,4,4,1,2,1,3,7,12,8,6,4,1,6,17,8,14,4,4,0,3,11,12,4,4,1,0,0,4,3,3,3,3,0,2,7,3,2,0,2,0,0,0,0,0,0,0,0,0,3,1,1,1,0,0,3,3,9,5,2,3,0,2,8,6,5,4,1,0,0,4,3,4,3,2,0,1,4,3,4,0,0,0,2,4,0,1,2,0,0,0,0,0,0,0,0,0,1,0,4,5,1,1,0,3,1,7,2,3,9,0,1,2,3,0,2,6,0,3,8,7,3,2,3,0,2,2,2,1,0,0,0,2,2,3,2,0,0,0,0,0,0,0,0,0,0,0,1,0,0,0,0,0,0,1,0,0,0,0,0,0,1,1,0,0,0,0,0,0,0,0,0,0,0,0,0,0,0,0,0,0,0,0,0,0,0,0,0,0,0,1,0,0,0,0,-0.5863874345549738,-0.193717277486911,-0.06387434554973823,-0.7005235602094241,-2.8031413612565443,0.8251308900523561,1.0523560209424083,-2.6994764397905757,-0.9068062827225131,-1.3989528795811519,-0.680628272251309,0.6890052356020943,-0.7424083769633508,-2.682722513089005,-2.7790575916230367,-0.13089005235602094,-0.5089005235602094,-3.6596858638743455,-2.167539267015707,-1.5329842931937172
P32628,0.12060301507537688,0.035175879396984924,0.035175879396984924,0.05527638190954774,0.010050251256281407,0.06281407035175879,0.11557788944723618,0.07537688442211055,0.005025125628140704,0.03768844221105527,0.0728643216080402,0.03768844221105527,0.02512562814070352,0.02763819095477387,0.06030150753768844,0.0728643216080402,0.07537688442211055,0.0,0.01507537688442211,0.06030150753768844,9,2,5,5,2,5,0,6,3,4,1,1,2,0,4,5,5,2,1,4,0,5,2,0,0,1,3,0,1,1,1,0,0,3,0,4,5,4,1,1,2,0,0,0,0,0,0,1,0,6,6,2,1,3,2,1,4,3,3,1,1,3,0,5,2,4,2,1,2,0,3,1,2,1,2,5,0,0,1,2,0,0,1,0,0,3,1,0,1,3,1,0,0,0,0,0,0,0,5,3,7,2,1,6,0,3,4,3,3,1,1,0,7,3,0,1,1,1,0,1,0,1,1,0,3,0,1,0,3,0,1,1,0,2,2,2,2,0,2,0,0,0,0,0,0,0,0,4,3,2,0,0,0,0,3,0,2,1,0,1,0,3,1,0,1,0,1,0,0,2,0,1,0,0,0,0,3,0,0,0,2,0,4,2,1,0,2,2,0,0,0,0,0,0,0,0,0,1,2,0,0,0,0,2,0,2,4,0,0,0,0,1,1,0,2,2,0,0,0,2,0,0,0,0,0,1,0,1,0,0,0,1,3,2,0,1,0,1,0,0,0,0,0,0,0,4,1,4,3,0,4,0,3,5,2,4,0,2,0,5,2,3,0,1,0,0,0,2,1,0,2,0,0,1,2,0,1,1,1,0,4,1,0,2,1,2,1,1,1,1,0,0,0,0,0,1,0,0,0,0,0,0,0,0,0,1,0,0,0,1,0,0,0,0,0,0,0,0,0,0,0,0,0,0,0,0,0,0,0,0,0,1,0,0,0,0,0,0,0,0,0,0,0,-0.11838790931989925,-0.6322418136020151,-0.4181360201511335,-0.9168765743073047,-2.380352644836272,0.672544080604534,-0.22670025188916876,-0.8740554156171285,-0.8614609571788413,-1.234256926952141,-0.906801007556675,-0.8211586901763224,-0.5062972292191436,-1.7732997481108312,0.7052896725440806,0.04785894206549118,-0.34005037783375314,-2.8740554156171285,-1.848866498740554,-0.9017632241813602
P32639,0.053629218677762366,0.039297272306981046,0.06241331484049931,0.05917706888580675,0.011095700416088766,0.036523347202958856,0.08136846971798428,0.0425335182616736,0.02034211742949607,0.07165973185390662,0.10725843735552473,0.07258437355524734,0.018955154877484975,0.04299583911234397,0.039297272306981046,0.08183079056865465,0.050392972723069814,0.012020342117429497,0.03374942209893666,0.06287563569116968,13,6,10,12,4,9,0,15,19,11,12,10,15,2,14,15,12,4,10,9,2,11,18,8,5,3,2,1,7,10,6,3,5,7,0,9,7,14,10,4,6,0,0,2,0,1,0,1,0,8,19,20,12,18,12,2,30,31,19,15,16,25,3,17,23,24,12,7,16,0,10,17,18,11,8,13,0,9,15,9,7,18,8,0,13,20,13,18,12,9,0,1,3,2,2,0,0,0,9,16,16,9,9,10,0,10,28,21,18,14,18,1,12,19,13,10,6,14,0,7,16,6,7,4,5,0,8,10,10,2,1,6,2,8,16,12,7,7,6,1,2,0,0,0,0,2,0,7,15,4,6,2,7,0,8,24,24,9,9,8,1,9,17,7,6,4,9,0,3,11,9,11,3,3,1,3,9,5,4,4,2,1,9,10,6,3,3,5,0,0,1,1,1,0,0,0,10,8,10,3,3,1,0,12,20,11,10,8,7,1,7,20,6,7,2,3,0,1,7,4,4,6,2,0,3,11,11,5,1,4,0,5,10,6,0,3,6,0,1,1,0,0,2,0,0,7,17,6,6,2,10,1,14,16,13,11,8,11,0,9,16,13,6,9,5,2,9,13,5,3,4,10,1,4,13,4,3,6,2,1,5,10,9,6,2,11,0,1,0,0,0,0,0,0,0,3,0,0,0,1,1,2,1,0,2,1,1,0,1,0,0,0,1,1,0,0,1,2,0,0,1,0,0,1,0,0,0,1,0,0,0,0,1,2,0,0,0,0,0,0,0,0,0,-0.7650323774283071,-0.7488436632747456,-1.024976873265495,-0.9431082331174838,-2.4750231267345053,-0.7187789084181314,-0.43293246993524515,-1.8302497687326549,-1.3515263644773359,-1.0980573543015726,-1.0587419056429233,-0.3404255319148936,-1.0346901017576318,-1.7201665124884367,-1.713691026827012,-0.5638297872340425,-0.7955596669750231,-2.858926919518964,-1.6669750231267344,-1.0370027752081405
P32796,0.04776119402985075,0.03731343283582089,0.06567164179104477,0.058208955223880594,0.010447761194029851,0.050746268656716415,0.05373134328358209,0.04626865671641791,0.029850746268656716,0.056716417910447764,0.09104477611940298,0.08059701492537313,0.026865671641791045,0.05522388059701493,0.05223880597014925,0.08358208955223881,0.049253731343283584,0.016417910447761194,0.04328358208955224,0.04477611940298507,0,2,4,3,0,1,0,4,9,4,3,2,1,0,4,1,6,5,3,3,0,3,3,3,4,2,1,0,0,4,1,2,3,0,0,2,5,2,2,1,0,0,0,0,0,0,0,0,0,3,4,4,4,2,5,0,5,12,7,8,4,9,0,6,8,9,5,6,6,0,3,6,4,4,3,2,0,5,3,5,5,1,4,0,1,4,2,5,4,2,0,0,1,0,0,0,0,0,3,7,4,3,3,2,0,3,9,9,3,5,3,0,6,11,6,6,2,0,0,2,5,4,3,2,6,1,4,3,2,2,1,3,0,2,2,2,2,2,1,0,0,1,0,0,0,0,0,1,2,5,2,2,2,0,3,5,6,5,6,1,0,2,4,5,4,1,2,1,1,4,2,1,4,3,2,1,3,2,1,3,2,0,3,3,3,3,2,3,0,1,2,0,1,0,0,0,1,3,4,0,3,0,0,4,5,6,2,1,3,0,3,4,3,2,1,0,0,2,6,2,2,0,1,0,0,2,3,2,1,1,0,3,2,1,3,0,1,0,0,1,0,0,0,0,0,2,5,0,4,0,2,0,3,2,7,1,3,1,1,1,4,2,1,2,0,0,3,2,4,3,0,4,1,1,6,1,1,0,0,1,2,2,0,2,1,0,0,0,0,0,0,0,0,0,0,0,1,0,0,0,0,0,3,1,0,1,0,0,0,0,0,0,0,0,0,0,0,0,0,1,0,0,0,0,0,0,0,0,0,0,0,0,0,0,0,0,0,0,0,0,0,0,0,-0.5261584454409567,-0.820627802690583,-0.9252615844544095,-1.1763826606875933,-1.8938714499252616,-0.5022421524663677,-0.7877428998505231,-1.6935724962630792,-0.8639760837070254,-1.295964125560538,-1.0642750373692078,-0.71898355754858,-0.828101644245142,-1.4215246636771302,-1.3766816143497758,-0.3572496263079223,-0.46038863976083705,-2.2630792227204783,-1.1420029895366217,-1.0508221225710015
P32797,0.05194805194805195,0.048701298701298704,0.05303030303030303,0.06277056277056277,0.021645021645021644,0.046536796536796536,0.06385281385281386,0.03354978354978355,0.022727272727272728,0.06926406926406926,0.09632034632034632,0.0670995670995671,0.015151515151515152,0.05519480519480519,0.050865800865800864,0.10497835497835498,0.05194805194805195,0.004329004329004329,0.030303030303030304,0.049783549783549784,5,5,4,1,2,1,0,9,7,8,7,7,4,0,6,3,6,2,2,5,0,3,6,3,3,2,0,0,0,3,3,2,2,3,1,2,3,0,1,0,2,1,0,0,0,0,0,1,0,6,13,5,4,9,1,1,5,10,7,9,10,7,3,10,9,12,9,5,3,3,4,9,8,3,3,4,1,8,10,1,4,5,9,0,2,10,7,5,5,3,3,0,2,0,2,1,1,0,4,9,6,4,1,2,0,9,7,12,8,6,6,1,3,18,8,4,7,3,0,4,6,5,3,1,2,2,2,1,7,3,2,3,1,1,12,5,1,0,4,0,0,0,2,0,0,1,0,3,7,1,4,0,0,0,8,10,7,2,3,7,1,2,8,3,5,2,5,0,2,7,1,3,1,1,0,1,1,5,3,0,1,0,2,0,2,2,0,3,1,0,2,0,1,0,0,0,0,4,4,2,1,4,0,3,4,5,3,5,4,0,2,5,7,1,2,4,0,0,5,4,1,2,1,0,2,5,2,0,3,2,0,2,8,3,1,2,2,0,1,0,1,0,0,0,0,0,3,4,2,1,1,0,5,12,12,3,4,5,1,2,6,4,2,0,3,0,1,3,3,2,2,2,0,2,4,2,1,2,0,0,2,6,0,3,3,3,0,0,1,1,1,0,2,0,0,1,0,0,0,0,0,0,1,0,0,2,2,0,1,0,2,0,1,0,0,1,2,1,0,0,0,0,0,0,1,0,0,0,0,0,3,1,0,1,0,0,0,0,0,0,0,0,0,-0.6056338028169014,-0.9479956663055255,-0.6803900325027086,-1.0498374864572049,-1.7843986998916577,-0.5157096424702059,-0.5677139761646804,-1.7551462621885157,-1.1202600216684724,-1.1278439869989165,-1.0552546045503792,-0.5828819068255688,-0.6695557963163596,-1.5016251354279524,-1.4290357529794149,-0.19609967497291442,-0.46912242686890576,-2.4658721560130012,-1.2134344528710725,-0.9328277356446371
P32829,0.049132947976878616,0.049132947976878616,0.06358381502890173,0.08092485549132948,0.010115606936416185,0.028901734104046242,0.07225433526011561,0.05346820809248555,0.02601156069364162,0.05491329479768786,0.08092485549132948,0.07803468208092486,0.023121387283236993,0.04190751445086705,0.05491329479768786,0.07658959537572255,0.06502890173410404,0.004335260115606936,0.01878612716763006,0.06791907514450866,2,3,4,2,2,4,0,2,4,3,4,5,1,0,2,4,4,4,7,4,1,2,6,6,3,1,1,0,4,2,1,1,3,0,0,3,4,1,5,6,5,1,0,0,1,0,0,0,0,3,5,10,3,2,4,0,7,10,8,2,5,11,1,3,4,4,2,9,6,0,2,6,3,2,1,3,0,1,5,5,3,3,4,0,4,5,3,5,1,3,1,0,1,0,0,0,1,0,4,3,4,2,2,4,0,6,7,3,5,5,4,1,9,4,0,0,2,3,0,5,1,4,1,0,0,0,2,10,7,2,4,1,0,5,6,3,1,0,5,0,0,0,0,0,0,0,1,3,2,2,5,1,4,1,7,7,2,2,1,1,0,1,10,2,3,1,3,0,4,1,0,3,1,2,0,1,2,1,0,0,0,0,5,2,1,2,1,1,0,0,0,0,0,0,0,0,3,3,1,2,3,1,0,3,7,8,3,3,1,0,4,2,6,0,5,3,0,1,2,3,0,1,0,0,4,2,5,0,4,0,0,3,0,2,1,0,2,0,0,0,0,0,0,0,0,2,3,5,5,1,8,0,2,8,3,1,0,4,0,0,6,2,2,2,1,0,4,4,4,2,0,6,0,1,4,1,1,0,3,0,4,1,4,5,2,2,0,0,2,0,0,0,0,0,0,0,0,0,0,0,0,0,1,1,0,2,0,0,0,1,0,0,0,0,0,0,0,0,0,0,0,0,0,0,0,0,0,0,0,0,0,0,1,0,0,0,0,1,0,0,0,0,0,-0.507959479015919,-0.35021707670043417,-0.40955137481910275,-0.36468885672937773,-2.072358900144718,-0.2894356005788712,-0.08104196816208394,-1.1765557163531115,-0.894356005788712,-0.9565846599131693,-1.0144717800289436,-0.1939218523878437,-0.7901591895803184,-1.3560057887120116,-0.9710564399421129,-0.16208393632416787,-0.3661360347322721,-2.23589001447178,-1.1331403762662808,-0.9015918958031838
P32849,0.04020530367835757,0.05474764756201882,0.05218135158254919,0.06757912745936698,0.013686911890504704,0.041916167664670656,0.08126603934987169,0.041916167664670656,0.017964071856287425,0.05645851154833191,0.1086398631308811,0.08212147134302823,0.023952095808383235,0.04362703165098375,0.03421727972626176,0.09238665526090675,0.05902480752780154,0.011120615911035072,0.023952095808383235,0.05303678357570573,5,3,6,2,6,6,0,6,7,10,3,4,6,0,5,9,7,5,3,2,0,3,2,2,1,4,4,0,4,3,7,1,1,3,0,4,5,5,2,4,6,0,0,0,1,0,0,1,0,7,8,8,5,2,3,0,10,17,14,6,18,6,2,4,8,16,11,11,8,1,6,6,3,7,5,1,1,7,8,9,6,9,4,1,5,12,7,4,5,9,0,0,0,1,0,2,1,0,6,6,10,4,5,6,1,7,17,11,4,8,9,0,8,12,4,2,8,9,1,6,7,8,6,4,4,0,5,6,6,3,5,3,0,2,8,8,4,3,2,0,0,2,0,0,0,1,0,6,6,2,2,1,4,1,3,6,6,6,2,8,2,5,5,7,7,1,1,1,6,5,5,2,3,1,0,0,5,8,3,0,2,2,1,6,3,3,2,3,1,0,0,0,0,0,0,1,2,9,3,1,3,2,0,4,9,8,6,5,2,0,5,14,3,8,3,3,0,1,5,3,1,3,5,0,2,6,2,4,10,4,0,2,6,2,2,3,5,1,1,0,0,1,1,0,0,2,4,2,1,2,4,0,3,16,8,4,7,10,0,11,6,8,2,2,4,0,0,7,6,5,1,4,0,1,5,4,1,3,4,0,1,8,7,8,1,10,0,0,2,0,0,0,0,0,0,0,0,1,0,1,0,0,1,2,0,0,1,0,0,2,0,0,0,0,0,0,1,0,0,0,0,0,1,1,0,0,0,1,0,0,2,1,0,0,0,0,1,0,0,0,0,0,0,-0.634417808219178,-0.3398972602739726,-0.4058219178082192,-0.3398972602739726,-1.7705479452054795,-0.1446917808219178,-0.02226027397260274,-1.4537671232876712,-0.6772260273972602,-0.8373287671232876,-0.8056506849315068,0.0008561643835616438,-0.6412671232876712,-1.2371575342465753,-0.9323630136986302,-0.17294520547945205,-0.4220890410958904,-2.2534246575342465,-1.1626712328767124,-0.8998287671232876
P32861,0.04609218436873747,0.052104208416833664,0.06613226452905811,0.06212424849699399,0.008016032064128256,0.02404809619238477,0.06212424849699399,0.06012024048096192,0.03206412825651302,0.06813627254509018,0.11422845691382766,0.07014028056112225,0.014028056112224449,0.04208416833667335,0.04208416833667335,0.0781563126252505,0.05811623246492986,0.006012024048096192,0.022044088176352707,0.07214428857715431,5,2,2,3,2,4,2,1,8,1,1,5,0,0,5,2,3,1,1,2,0,6,5,1,0,1,3,0,2,3,1,0,1,0,0,1,5,3,0,3,2,0,2,0,0,0,0,0,0,5,2,4,4,0,2,0,4,8,8,4,6,7,0,4,2,1,4,4,6,0,1,7,4,2,3,4,0,3,7,5,3,2,1,0,4,3,5,2,1,1,0,0,0,0,0,0,0,0,4,3,0,4,3,1,0,1,4,3,2,1,3,0,1,1,3,1,3,2,0,2,2,5,2,2,0,0,3,4,2,1,2,2,0,2,8,3,0,2,0,0,1,0,1,0,0,0,0,2,2,3,0,0,5,0,4,4,5,4,1,1,0,4,3,1,2,1,1,0,0,3,2,0,0,0,0,1,2,1,1,1,0,0,1,7,1,0,1,0,0,0,0,0,0,0,0,0,3,3,1,3,1,2,0,5,6,2,3,3,2,0,1,3,3,3,2,0,0,2,2,0,1,0,0,0,1,4,1,0,0,0,0,1,0,2,1,0,0,0,0,0,0,0,0,0,0,1,3,2,2,1,0,0,2,7,2,7,5,3,0,0,3,1,2,2,4,2,1,0,0,0,0,2,0,3,1,2,0,0,1,0,0,3,0,0,0,0,0,0,0,0,0,0,0,0,0,1,2,0,0,0,0,0,0,0,0,0,0,0,0,0,0,0,1,0,0,0,0,0,0,0,0,0,0,0,0,0,0,0,0,0,0,0,0,0,0,0,0,0,0,0,0,0,0,-0.714859437751004,-1.1104417670682731,-0.6164658634538153,-0.963855421686747,-2.0542168674698793,-0.678714859437751,-0.6526104417670683,-1.5261044176706828,-1.1847389558232932,-0.9959839357429718,-1.0200803212851406,-0.5100401606425703,-0.9979919678714859,-1.3493975903614457,-1.5963855421686748,-0.4779116465863454,-0.6044176706827309,-2.4518072289156625,-1.2469879518072289,-0.8554216867469879
P32908,0.04979591836734694,0.04897959183673469,0.07020408163265306,0.05714285714285714,0.004897959183673469,0.05061224489795919,0.11020408163265306,0.04,0.014693877551020407,0.07673469387755102,0.10693877551020409,0.10938775510204081,0.013877551020408163,0.03183673469387755,0.017959183673469388,0.07673469387755102,0.04326530612244898,0.0024489795918367346,0.0326530612244898,0.04163265306122449,5,9,5,2,6,4,0,7,7,4,4,9,2,1,5,7,2,6,4,6,0,2,8,5,1,2,1,0,3,8,4,3,2,3,0,4,4,3,3,5,3,0,1,0,0,0,0,0,0,11,9,5,4,6,9,0,4,11,12,8,6,8,0,11,11,8,5,6,8,0,1,8,11,6,6,7,1,5,5,7,6,11,13,1,6,7,9,7,11,14,0,0,0,0,1,0,1,0,8,5,7,4,3,1,0,9,8,7,4,7,14,0,3,8,3,5,5,4,0,1,10,7,3,4,4,1,3,7,6,4,3,6,0,4,15,4,5,7,4,0,0,0,0,0,0,0,0,3,2,2,3,2,1,0,12,6,6,7,9,11,1,2,9,4,2,7,6,0,3,8,3,3,3,3,0,3,5,6,6,4,1,0,4,5,5,3,3,4,0,0,2,0,0,0,0,0,3,5,5,1,4,2,0,5,9,8,8,5,10,0,4,10,7,4,4,5,0,4,9,2,4,6,4,0,2,10,3,6,6,5,0,3,10,6,4,8,2,0,0,0,0,1,0,0,0,1,4,6,5,2,5,1,7,7,12,9,12,8,0,3,4,4,8,3,10,0,2,9,1,6,3,5,0,4,10,8,4,6,5,0,2,14,5,3,3,4,0,0,0,0,0,0,0,0,0,0,1,0,0,0,0,0,1,0,0,0,1,0,0,0,0,0,0,0,0,0,0,1,0,1,0,0,0,0,0,0,0,0,0,0,0,0,1,0,0,0,0,0,0,0,0,0,0,-0.545751633986928,0.3611111111111111,-0.4681372549019608,-0.7622549019607843,-2.8504901960784315,1.3333333333333333,1.6568627450980393,-3.0833333333333335,-0.7467320261437909,-1.1029411764705883,-0.15931372549019607,1.0359477124183007,-0.5359477124183006,-2.712418300653595,-3.8995098039215685,-0.5637254901960784,-0.9975490196078431,-3.644607843137255,-2.371732026143791,-1.4901960784313726
P32917,0.03925845147219193,0.04471101417666303,0.07851690294438386,0.06870229007633588,0.017448200654307525,0.030534351145038167,0.061068702290076333,0.03598691384950927,0.021810250817884406,0.07415485278080698,0.10141766630316248,0.05452562704471101,0.010905125408942203,0.04471101417666303,0.05561613958560523,0.12213740458015267,0.06324972737186478,0.006543075245365322,0.021810250817884406,0.04689203925845147,1,3,4,0,4,2,0,3,8,7,5,3,3,1,3,4,9,5,0,5,0,2,3,1,0,0,1,0,2,4,4,2,2,1,0,5,4,3,1,2,3,0,1,0,0,1,0,0,0,3,10,7,1,4,4,0,10,25,22,7,4,4,4,5,19,19,7,4,11,2,4,9,5,6,4,8,0,2,6,2,3,3,6,0,1,4,3,4,1,4,0,0,1,0,3,1,1,0,5,4,4,3,1,3,0,9,10,16,8,4,4,1,6,11,15,5,8,6,1,2,8,10,1,4,2,0,0,4,3,4,4,0,0,5,8,4,5,1,4,0,0,2,1,0,1,1,0,4,3,7,1,1,2,1,2,17,10,6,4,1,0,5,4,5,4,1,1,0,2,5,1,1,3,0,0,1,3,1,2,1,4,0,3,6,3,7,0,3,0,0,0,0,1,0,0,0,0,3,2,1,2,2,0,1,8,5,4,3,3,0,0,7,1,1,2,2,2,3,8,2,0,0,1,0,4,3,1,3,4,0,1,4,1,3,1,2,0,0,0,0,0,0,1,0,0,1,6,2,1,3,5,1,4,7,4,5,4,2,0,0,7,4,5,0,2,0,5,6,1,2,1,10,0,1,3,2,0,2,0,0,0,3,2,6,2,8,1,0,1,0,0,0,0,0,0,1,0,0,0,0,0,0,1,2,1,0,0,0,1,0,0,0,0,0,0,1,1,0,2,0,0,1,0,1,2,0,0,0,0,1,0,0,1,0,0,0,0,0,0,0,0,0,0,-0.648471615720524,-1.009825327510917,-0.44759825327510916,-0.8657205240174672,-1.8034934497816595,-0.5818777292576419,-0.5655021834061136,-1.6408296943231442,-1.1211790393013101,-1.1462882096069869,-1.1168122270742358,-0.6812227074235808,-0.7587336244541485,-1.5502183406113537,-1.3810043668122272,-0.07314410480349345,-0.3296943231441048,-2.5283842794759823,-1.3362445414847162,-0.980349344978166
P33338,0.09090909090909091,0.042355371900826444,0.04338842975206612,0.05785123966942149,0.009297520661157025,0.08677685950413223,0.07644628099173553,0.023760330578512397,0.023760330578512397,0.05475206611570248,0.10640495867768596,0.058884297520661155,0.023760330578512397,0.026859504132231406,0.03925619834710744,0.08057851239669421,0.07024793388429752,0.006198347107438017,0.023760330578512397,0.05475206611570248,11,4,7,1,3,3,0,3,9,12,3,3,6,1,7,9,6,5,1,6,1,3,4,2,8,2,2,0,4,3,4,4,1,2,0,7,4,3,3,3,2,0,0,0,0,1,1,0,0,4,7,7,3,2,8,0,8,13,14,9,7,4,0,8,11,13,4,9,5,0,3,5,7,6,2,9,0,3,7,4,3,2,3,1,4,7,8,4,3,2,0,1,0,0,0,0,0,0,9,8,11,5,2,2,1,5,11,6,3,2,9,0,9,11,13,4,3,5,1,4,7,3,3,3,6,0,7,4,0,1,1,4,1,5,6,3,4,2,3,0,1,0,0,1,0,1,0,1,5,2,5,6,4,0,8,8,9,8,2,5,0,5,4,6,2,2,2,0,7,10,3,12,0,3,1,0,3,2,1,3,0,0,1,5,7,6,3,3,0,0,0,0,1,0,0,0,1,8,3,3,2,0,1,5,6,5,4,3,2,0,4,1,3,3,0,1,1,1,4,3,2,1,2,0,2,5,0,1,3,2,0,1,1,2,5,4,1,0,1,0,0,0,0,1,0,3,5,5,4,1,4,0,2,8,4,5,6,2,0,5,0,6,8,3,4,0,5,8,3,5,1,2,0,2,3,3,3,2,3,0,3,4,2,2,1,3,0,0,0,0,0,0,0,0,0,0,0,0,2,1,0,0,0,0,0,0,0,0,0,0,0,0,0,0,0,0,2,0,0,0,1,0,0,0,0,0,1,0,0,1,0,1,0,0,0,0,0,0,0,0,0,0,0,-0.3578076525336091,0.6494312306101344,-0.5077559462254395,-0.5542916235780765,-2.749741468459152,1.8066184074457083,2.047569803516029,-2.8976215098241984,-0.40020682523267836,-1.3691830403309204,0.04033092037228542,1.1530506721820062,-0.390899689762151,-2.8759048603929678,-3.4126163391933817,-0.4384694932781799,-0.8769389865563598,-3.360910031023785,-2.4519131334022752,-1.4705274043433298
P33419,0.023715415019762844,0.1067193675889328,0.07509881422924901,0.07509881422924901,0.0,0.03162055335968379,0.07114624505928854,0.04743083003952569,0.023715415019762844,0.05138339920948617,0.08300395256916997,0.06719367588932806,0.019762845849802372,0.039525691699604744,0.04743083003952569,0.13043478260869565,0.05138339920948617,0.0,0.03162055335968379,0.023715415019762844,0,0,1,0,0,1,0,0,0,1,2,2,1,0,1,2,2,2,0,0,0,0,0,0,1,0,1,0,0,0,1,1,1,1,0,0,0,0,0,2,1,0,0,0,0,0,0,0,0,1,0,3,1,0,1,0,1,5,4,0,2,1,0,2,1,3,1,3,3,0,0,1,3,0,2,3,0,0,1,3,2,2,4,0,0,1,1,0,0,1,0,0,0,0,0,0,0,0,0,3,2,1,0,0,0,1,4,4,2,2,0,0,0,4,4,1,5,2,0,2,2,1,0,1,1,0,3,1,1,2,2,2,0,0,1,1,2,0,1,0,0,0,0,0,0,0,0,0,2,0,0,1,1,0,1,2,2,2,1,0,0,1,2,3,0,1,0,0,0,1,1,0,0,0,0,0,0,0,0,2,1,0,0,3,3,0,1,2,0,0,0,0,0,0,0,0,1,1,1,0,2,0,0,1,1,0,1,3,1,0,1,2,1,3,0,0,0,1,3,2,0,0,1,0,1,3,2,1,1,1,0,1,2,2,1,0,3,0,0,0,0,0,0,0,0,0,0,0,0,1,0,0,2,1,2,2,2,0,0,1,2,3,0,2,0,0,1,1,0,0,0,3,0,1,2,0,1,1,0,0,0,2,2,2,2,0,0,0,0,0,0,0,0,0,0,0,0,0,0,0,0,0,0,0,0,0,0,0,0,0,0,0,0,0,0,0,0,0,0,0,0,0,0,0,0,0,0,0,0,0,0,0,0,0,0,0,0,0,0,0,0,0,0,-0.7341269841269841,-0.4126984126984127,-0.14285714285714285,-0.7182539682539683,-2.1706349206349205,-0.2619047619047619,-0.32142857142857145,-1.4603174603174602,-0.8531746031746031,-1.6031746031746033,-1.4404761904761905,-0.2976190476190476,-0.9007936507936508,-1.75,-1.3650793650793651,0.015873015873015872,-0.45634920634920634,-2.611111111111111,-1.3849206349206349,-1.3015873015873016
P33420,0.03571428571428571,0.03571428571428571,0.07949308755760369,0.055299539170506916,0.009216589861751152,0.052995391705069124,0.097926267281106,0.029953917050691243,0.01728110599078341,0.07603686635944701,0.15207373271889402,0.097926267281106,0.012672811059907835,0.03456221198156682,0.01728110599078341,0.0748847926267281,0.05184331797235023,0.004608294930875576,0.026497695852534562,0.038018433179723504,1,3,0,5,0,0,0,2,10,4,8,1,3,0,2,0,4,2,0,4,0,3,5,1,1,1,2,0,2,7,2,0,2,4,0,1,4,1,1,3,0,0,0,0,0,1,0,0,0,2,5,9,3,3,4,0,7,9,9,9,10,5,1,5,8,8,10,4,9,0,4,10,13,1,4,14,2,3,10,8,9,5,7,0,2,8,8,3,3,6,1,0,1,0,1,0,0,0,3,4,1,0,4,3,0,4,7,7,8,12,5,0,4,13,2,2,3,2,0,4,4,3,5,2,6,0,2,5,2,0,1,2,0,2,8,3,7,2,0,1,0,0,0,0,0,0,0,2,4,1,2,5,2,0,5,6,6,9,4,4,0,0,8,6,5,4,3,0,0,6,4,0,0,2,0,1,4,3,2,2,0,0,2,10,2,3,5,10,0,0,1,0,1,0,0,0,0,7,0,2,2,1,1,2,6,6,8,7,8,1,2,5,3,4,0,3,0,2,4,2,2,0,4,0,0,5,2,2,3,1,1,3,8,3,2,2,0,0,0,1,0,0,0,0,0,1,5,1,1,3,0,0,6,11,10,6,8,6,0,2,8,3,1,1,2,0,3,4,2,3,5,3,0,4,7,0,1,1,4,0,1,9,0,4,2,3,0,0,0,1,0,1,0,0,0,0,0,0,0,0,0,0,1,2,0,0,0,0,0,1,0,0,0,0,0,0,1,1,0,0,1,0,1,0,0,0,0,0,0,0,0,0,0,0,0,0,0,0,0,0,0,0,0,-0.34717416378316035,0.3229527104959631,-0.2664359861591695,-0.38408304498269896,-2.4602076124567476,1.3298731257208767,1.6412918108419838,-2.2422145328719725,-0.6043829296424452,-1.1856978085351788,-0.2906574394463668,1.025374855824683,-0.6332179930795848,-2.4013840830449826,-2.5259515570934257,-0.2422145328719723,-0.6205305651672434,-3.154555940023068,-2.017301038062284,-1.2652825836216839
P34730,0.08424908424908426,0.04395604395604396,0.02564102564102564,0.05128205128205128,0.003663003663003663,0.10256410256410256,0.11355311355311355,0.029304029304029304,0.018315018315018316,0.05128205128205128,0.08791208791208792,0.06227106227106227,0.018315018315018316,0.018315018315018316,0.02564102564102564,0.11355311355311355,0.05860805860805861,0.007326007326007326,0.04395604395604396,0.040293040293040296,1,1,1,0,1,0,0,4,0,2,1,3,1,0,0,5,3,0,1,3,0,0,0,1,2,2,1,0,0,0,3,0,1,2,0,1,1,0,0,0,1,0,0,0,0,0,0,0,0,0,2,2,3,1,1,0,0,2,1,4,0,3,0,1,1,3,1,1,1,0,0,1,3,0,1,1,1,1,1,2,1,0,0,0,4,0,5,1,0,1,0,0,0,0,0,0,0,0,2,2,3,0,2,1,0,2,5,1,2,1,5,0,4,3,0,2,1,2,0,0,1,2,1,0,2,0,0,1,3,1,0,2,0,2,3,1,0,1,4,0,0,0,0,0,0,0,0,0,0,2,0,0,0,0,1,0,1,0,0,1,0,2,2,1,1,0,2,0,0,1,0,15,0,2,0,1,0,1,0,0,1,0,3,1,1,0,1,1,0,1,0,0,0,0,0,0,1,2,0,0,0,1,0,0,3,0,0,0,0,0,2,2,3,2,2,2,0,0,0,2,0,0,1,0,1,0,0,0,0,0,0,1,1,0,0,2,1,0,0,0,0,0,0,0,0,0,4,4,3,1,0,0,2,0,3,0,1,1,0,1,3,3,0,2,1,0,2,0,0,0,0,0,0,1,1,3,1,0,0,0,1,1,3,1,2,0,0,0,0,0,0,0,0,0,0,0,0,0,1,0,0,0,0,0,0,0,0,0,0,0,0,0,0,0,0,0,0,0,0,0,0,0,0,0,0,0,0,0,0,0,0,0,0,0,0,0,0,0,0,0,0,0,0,-0.36764705882352944,-1.0183823529411764,-0.9044117647058824,-0.8897058823529411,-2.202205882352941,-0.35661764705882354,-0.10661764705882353,-1.650735294117647,-1.3345588235294117,-1.5735294117647058,-1.5073529411764706,-0.4375,-1.0625,-2.0625,-1.5514705882352942,-0.38235294117647056,-0.6066176470588235,-2.698529411764706,-1.5220588235294117,-1.2830882352941178
P35056,0.06372549019607843,0.03594771241830065,0.09803921568627451,0.05555555555555555,0.00980392156862745,0.06372549019607843,0.08823529411764706,0.05718954248366013,0.016339869281045753,0.0457516339869281,0.08986928104575163,0.06535947712418301,0.029411764705882353,0.04084967320261438,0.03431372549019608,0.08169934640522876,0.03758169934640523,0.013071895424836602,0.029411764705882353,0.04411764705882353,2,3,1,1,1,7,0,2,2,5,4,5,2,1,2,3,4,3,0,5,1,2,6,3,1,2,3,0,2,3,0,2,2,2,0,2,2,4,4,4,3,0,0,0,0,0,0,0,0,1,7,6,2,3,3,0,4,4,3,2,2,2,1,3,2,3,5,5,5,0,6,5,4,4,2,2,0,4,3,4,4,1,3,0,2,5,4,2,1,5,0,2,1,0,0,0,2,0,6,2,4,5,1,3,0,9,6,1,3,2,3,0,4,6,3,3,0,1,0,6,8,3,3,1,2,0,2,1,2,2,1,1,0,2,5,1,4,0,1,0,0,0,1,0,0,0,0,3,5,3,4,3,3,0,3,5,7,5,4,7,0,4,8,5,8,1,1,0,3,3,8,3,2,2,0,0,2,1,3,0,1,0,2,1,3,3,0,1,0,0,0,0,0,0,0,0,3,1,2,1,1,1,0,1,0,2,3,2,2,2,3,1,2,1,1,1,0,0,3,5,7,0,0,0,0,2,0,1,1,1,0,1,5,1,1,2,2,0,0,0,0,0,0,0,0,0,1,2,4,2,2,0,3,1,4,5,4,3,1,4,4,0,3,2,0,0,4,6,4,3,0,1,0,1,1,2,3,0,4,0,2,2,1,4,4,0,0,0,0,0,0,0,0,0,0,2,0,0,0,0,0,0,0,0,1,0,0,0,1,0,0,0,0,0,0,0,0,0,0,0,0,0,0,0,0,0,0,0,0,0,1,0,0,0,1,0,0,0,0,0,0,0,0,-0.027823240589198037,-0.32896890343698854,-0.3944353518821604,-0.707037643207856,-1.6170212765957446,0.45662847790507366,0.15875613747954173,-1.6006546644844517,-0.2978723404255319,-1.2078559738134207,-0.5057283142389526,-0.132569558101473,-0.3780687397708674,-1.34860883797054,-1.3944353518821604,-0.3060556464811784,-0.9279869067103109,-1.8903436988543372,-0.5679214402618658,-1.2684124386252045
P35191,0.07436399217221135,0.04500978473581213,0.043052837573385516,0.06262230919765166,0.019569471624266144,0.043052837573385516,0.0410958904109589,0.1095890410958904,0.03131115459882583,0.06457925636007827,0.043052837573385516,0.09393346379647749,0.019569471624266144,0.046966731898238745,0.046966731898238745,0.0684931506849315,0.06457925636007827,0.003913894324853229,0.025440313111545987,0.05283757338551859,16,8,7,2,2,3,0,9,5,3,2,2,2,0,8,4,4,1,1,2,2,2,1,0,4,3,0,3,1,5,3,3,1,0,0,6,1,0,3,1,0,0,0,0,0,0,0,0,0,10,4,5,3,0,2,0,0,1,4,2,2,7,0,5,2,4,3,1,1,0,2,2,3,1,1,2,0,3,3,3,1,5,0,0,5,4,2,2,4,2,0,0,0,1,0,1,0,0,5,5,6,3,4,2,0,3,5,1,1,2,2,1,4,2,5,2,4,0,2,2,6,2,1,1,1,0,1,2,1,1,3,0,0,1,0,1,0,1,2,0,0,1,2,1,1,0,0,2,2,1,2,1,1,0,5,2,1,2,4,4,1,3,1,1,2,1,0,0,0,3,1,0,3,0,0,0,4,3,1,3,1,0,0,1,1,1,0,1,0,0,0,2,0,1,0,0,3,2,2,1,1,0,0,6,2,6,2,4,2,0,3,3,2,3,0,2,1,3,1,1,0,2,0,0,4,5,2,0,0,2,0,4,0,1,0,0,1,0,0,0,0,0,0,0,0,2,2,2,2,5,3,0,1,1,1,2,1,1,0,1,2,0,2,1,0,0,0,6,1,1,1,0,0,0,3,0,1,1,2,0,0,1,1,3,1,2,0,0,0,0,0,0,0,0,0,0,0,0,0,0,0,0,0,0,0,0,1,0,1,1,3,0,0,0,0,0,0,0,0,0,1,0,0,0,2,0,0,1,0,0,0,0,0,0,0,0,0,0,0,0,0,0,0,-0.9470588235294117,-0.5803921568627451,-0.9568627450980393,-1.0098039215686274,-2.556862745098039,-0.6,-0.6745098039215687,-1.0392156862745099,-1.107843137254902,-1.5666666666666667,-1.692156862745098,-0.4215686274509804,-1.2568627450980392,-1.3666666666666667,-1.511764705882353,-0.6568627450980392,-0.8823529411764706,-2.8294117647058825,-1.619607843137255,-1.4549019607843137
P35210,0.038817005545286505,0.04436229205175601,0.11645101663585952,0.07024029574861368,0.014787430683918669,0.033271719038817,0.038817005545286505,0.04066543438077634,0.02033271719038817,0.06099815157116451,0.10351201478743069,0.056377079482439925,0.025878003696857672,0.05083179297597042,0.04251386321626617,0.12014787430683918,0.06377079482439926,0.006469500924214418,0.0166358595194085,0.03512014787430684,0,5,3,3,0,0,0,6,8,4,8,6,7,1,2,4,12,6,4,3,0,4,4,3,3,6,0,1,2,1,2,2,2,1,0,0,4,1,1,0,3,1,0,1,0,0,0,0,0,8,15,3,5,4,3,0,13,22,14,12,6,16,0,8,11,17,5,11,2,1,5,10,6,7,8,2,0,1,5,10,3,3,1,0,5,9,7,6,3,7,0,1,1,0,1,1,1,0,3,5,8,5,3,3,1,5,18,14,7,3,6,1,7,14,18,19,5,6,0,2,14,12,6,3,4,0,2,8,5,5,3,4,0,2,5,5,5,0,4,1,1,0,0,1,0,0,0,0,3,9,4,1,0,0,8,12,14,8,3,3,3,5,8,10,6,3,6,0,0,9,9,15,6,2,2,3,4,6,2,5,3,1,2,2,0,7,1,1,0,1,0,0,3,0,1,0,0,8,2,2,1,2,0,2,9,4,2,4,2,0,4,9,6,3,3,2,0,1,6,1,4,1,2,1,4,2,3,1,2,3,0,1,2,2,5,2,0,0,0,0,1,0,0,0,0,0,3,4,2,1,2,0,4,12,5,1,1,3,0,2,8,6,2,1,3,0,4,8,2,8,0,3,1,3,3,1,2,0,0,0,2,3,5,2,3,6,0,0,0,1,0,0,1,0,0,1,2,0,0,0,0,0,2,0,0,0,0,0,0,0,1,0,0,0,1,0,0,5,0,0,0,0,0,0,0,1,0,0,0,0,1,2,0,0,0,0,0,0,0,0,0,0,0,-0.41720629047178537,-0.6170212765957447,-0.2414431082331175,-0.5837187789084182,-1.5023126734505088,-0.23404255319148937,-0.3209990749306198,-1.481036077705828,-0.6225716928769658,-0.9907493061979649,-0.7132284921369103,-0.35892691951896394,-0.8769657724329325,-1.6077705827937094,-0.9352451433857539,0.06290471785383904,-0.3811285846438483,-2.452358926919519,-1.3404255319148937,-0.9750231267345051
P35719,0.045662100456621,0.0410958904109589,0.0365296803652968,0.1050228310502283,0.0,0.0410958904109589,0.1141552511415525,0.0365296803652968,0.0091324200913242,0.0593607305936073,0.1232876712328767,0.1050228310502283,0.0045662100456621,0.0593607305936073,0.0319634703196347,0.0776255707762557,0.0410958904109589,0.0045662100456621,0.0091324200913242,0.0547945205479452,0,0,0,0,0,2,0,1,1,1,0,3,4,0,1,0,0,0,2,0,0,0,2,0,0,1,0,0,1,0,0,0,1,1,0,2,2,1,2,0,2,0,0,0,0,0,0,0,0,1,3,0,0,1,3,0,2,3,1,2,1,3,0,0,2,0,2,4,0,0,0,3,1,0,0,1,0,2,1,1,0,1,2,0,3,3,4,2,4,4,0,0,0,0,0,0,0,0,0,1,2,1,1,2,0,2,2,1,0,3,1,0,0,0,0,0,0,1,0,1,0,0,0,1,0,0,1,1,2,0,1,1,0,0,1,0,1,0,0,0,0,0,0,0,0,0,0,0,1,0,0,0,0,0,2,2,0,1,0,5,0,2,0,1,0,0,0,0,0,0,0,0,0,0,0,0,0,0,2,1,1,0,0,1,0,0,1,0,0,0,0,0,0,0,0,0,1,4,0,0,0,1,0,0,1,5,0,0,2,0,0,5,0,0,0,1,0,0,1,0,0,1,0,0,1,3,1,0,0,0,0,1,2,1,0,0,1,0,0,0,0,0,0,0,0,0,1,1,2,1,1,0,1,3,0,2,0,5,0,4,2,1,0,0,0,0,0,3,2,0,1,1,0,1,3,2,0,1,0,0,0,2,1,2,2,3,0,0,0,0,0,0,0,0,0,0,0,0,0,0,0,0,0,0,0,0,0,0,0,0,0,0,0,0,0,0,0,0,0,0,0,0,0,0,0,0,0,0,0,0,0,0,0,0,0,0,0,0,0,0,0,0,0,-0.7110091743119266,-0.8577981651376146,-0.6743119266055045,-0.5642201834862385,-2.1513761467889907,-0.3440366972477064,-0.09174311926605505,-1.7706422018348624,-1.2568807339449541,-1.2201834862385321,-1.114678899082569,-0.3944954128440367,-0.7752293577981652,-1.5779816513761469,-1.5,-0.27522935779816515,-0.5779816513761468,-2.5779816513761467,-1.4587155963302751,-0.9908256880733946
P36010,0.058823529411764705,0.05228758169934641,0.026143790849673203,0.058823529411764705,0.006535947712418301,0.0392156862745098,0.0718954248366013,0.0915032679738562,0.0196078431372549,0.058823529411764705,0.0784313725490196,0.0915032679738562,0.0196078431372549,0.0457516339869281,0.0392156862745098,0.0718954248366013,0.0392156862745098,0.026143790849673203,0.0196078431372549,0.08496732026143791,0,3,0,1,0,2,0,2,4,0,0,2,3,0,2,0,0,1,2,2,0,0,0,0,1,2,1,1,1,1,0,1,1,0,0,0,1,0,1,1,0,0,0,0,0,0,0,0,0,1,1,2,0,1,0,0,1,3,2,2,2,0,0,2,0,0,0,2,0,0,0,2,2,0,1,0,0,2,1,2,0,0,1,0,1,1,0,0,1,1,0,0,0,0,0,0,0,0,1,4,1,1,1,0,0,0,1,1,1,0,0,0,0,0,1,0,0,0,0,0,0,1,1,0,0,0,1,1,1,0,0,1,0,1,0,1,1,0,0,0,0,0,0,0,0,0,0,1,0,1,0,0,0,0,0,0,0,1,0,1,0,2,0,1,0,0,1,0,0,0,1,0,0,1,0,3,0,0,0,0,0,0,2,1,0,0,0,0,0,1,0,0,0,0,0,0,3,2,0,2,0,1,0,1,1,1,1,0,0,0,1,2,0,0,0,0,0,1,0,0,0,0,0,0,0,1,0,0,0,1,0,1,1,1,0,0,1,0,0,0,0,0,0,0,0,0,1,3,0,2,0,0,1,1,0,0,2,0,0,1,1,0,1,0,0,0,1,0,0,0,0,1,0,1,0,0,0,1,1,0,1,0,0,0,1,0,0,0,0,0,0,0,0,0,0,0,0,1,0,0,0,0,0,0,0,0,0,0,0,0,0,0,0,0,0,0,0,0,0,0,0,0,0,0,0,0,0,0,0,0,0,0,0,0,0,0,0,0,0,0,0,0,0,-0.9802631578947368,-1.625,-1.9407894736842106,-1.986842105263158,-2.7434210526315788,-1.5592105263157894,-1.0986842105263157,-2.4342105263157894,-2.0592105263157894,-1.6842105263157894,-1.9736842105263157,-1.269736842105263,-1.394736842105263,-2.3947368421052633,-2.710526315789474,-1.263157894736842,-1.4407894736842106,-3.6052631578947367,-2.388157894736842,-1.513157894736842
P36036,0.04926108374384237,0.11330049261083744,0.059113300492610835,0.07389162561576355,0.0049261083743842365,0.024630541871921183,0.09359605911330049,0.04926108374384237,0.03940886699507389,0.059113300492610835,0.054187192118226604,0.08866995073891626,0.019704433497536946,0.029556650246305417,0.059113300492610835,0.07389162561576355,0.034482758620689655,0.0,0.03940886699507389,0.034482758620689655,0,0,0,0,0,1,0,1,1,0,0,3,2,0,0,0,1,1,0,0,0,0,0,2,1,0,1,0,1,0,1,3,0,1,0,1,5,1,0,0,0,0,0,0,0,0,0,0,0,0,3,0,0,1,2,0,0,4,1,0,2,2,0,1,0,1,1,0,1,0,0,0,1,0,0,0,0,2,2,2,1,1,2,0,2,0,1,2,2,3,0,0,0,1,0,0,0,0,1,2,0,0,2,2,0,1,1,1,0,2,1,1,1,1,1,0,0,2,0,1,0,2,1,2,0,0,0,0,3,0,0,2,0,0,0,2,0,0,1,0,0,0,0,0,0,0,0,0,1,1,2,0,0,0,0,0,0,1,1,1,0,1,1,1,1,2,0,0,1,1,1,0,1,0,0,0,1,1,0,3,1,0,0,1,0,1,0,0,0,0,0,0,0,0,0,0,0,0,0,2,2,0,0,1,1,1,0,1,1,0,3,3,1,2,2,0,0,0,2,0,2,2,1,0,0,1,2,2,2,0,0,1,1,1,0,3,1,0,0,0,0,0,0,0,0,0,1,1,0,0,2,0,3,2,1,0,1,3,0,1,2,0,1,0,0,0,2,0,0,0,1,0,0,1,1,2,1,1,1,0,0,3,0,0,2,0,0,0,0,0,0,0,0,0,0,0,0,0,0,0,0,0,0,0,0,0,0,0,0,0,0,0,1,0,0,0,0,0,0,0,0,0,0,0,0,0,0,0,0,0,0,0,0,0,0,0,0,0,0,0,0,0,0,-0.5792079207920792,0.17326732673267325,-0.2871287128712871,-0.5099009900990099,-2.613861386138614,-0.2722772277227723,-0.22277227722772278,-0.7376237623762376,-1.0445544554455446,-1.7673267326732673,-1.6584158415841583,-0.06435643564356436,-1.0495049504950495,-1.688118811881188,-1.004950495049505,-0.21287128712871287,-0.7079207920792079,-2.9603960396039604,-1.316831683168317,-1.4603960396039604
P36057,0.06557377049180328,0.036885245901639344,0.036885245901639344,0.05737704918032787,0.012295081967213115,0.03278688524590164,0.06967213114754098,0.045081967213114756,0.004098360655737705,0.09016393442622951,0.10655737704918032,0.0942622950819672,0.00819672131147541,0.03278688524590164,0.03278688524590164,0.09836065573770492,0.0778688524590164,0.00819672131147541,0.020491803278688523,0.06967213114754098,1,2,4,0,0,0,0,1,7,2,0,2,0,0,2,4,2,1,1,2,0,1,0,0,0,0,1,0,1,0,1,2,0,0,0,0,3,2,1,1,0,0,0,0,0,0,0,0,0,2,2,1,1,2,3,0,2,4,4,0,1,6,1,2,3,2,2,1,1,0,1,0,1,0,0,1,0,4,1,2,0,3,1,0,4,1,2,1,0,0,0,1,0,0,0,0,0,0,2,1,0,0,1,3,0,0,7,2,1,4,0,0,2,2,1,1,2,2,0,0,1,1,1,0,1,0,1,2,1,2,1,0,0,2,1,3,0,0,1,0,0,0,0,0,0,0,0,1,2,0,0,0,0,0,2,0,2,0,1,1,0,1,2,1,0,0,0,0,0,1,1,0,0,0,0,0,1,0,0,0,0,0,1,0,0,0,1,0,1,1,0,0,0,0,0,0,0,1,3,1,1,0,0,2,0,1,0,2,1,0,0,1,1,0,2,0,0,1,2,0,1,1,0,1,0,1,0,1,3,2,0,1,1,0,0,0,1,0,0,0,0,0,0,0,0,1,2,4,0,0,1,0,4,0,1,2,0,0,0,0,2,2,0,1,2,0,0,2,1,0,0,0,0,0,1,0,1,0,0,0,0,1,0,1,0,1,0,0,0,1,0,0,0,0,0,2,0,0,0,0,0,0,0,0,0,0,0,0,0,0,1,0,0,0,0,0,0,0,0,0,0,0,0,0,0,0,0,0,0,0,0,0,0,0,0,0,0,0,0,0,0,0,0,-0.6666666666666666,-1.4732510288065843,-1.2839506172839505,-1.3209876543209877,-2.831275720164609,-1.0246913580246915,-0.9465020576131687,-1.823045267489712,-1.831275720164609,-0.7119341563786008,-1.1563786008230452,-0.8559670781893004,-1.102880658436214,-2.0041152263374484,-2.246913580246914,-0.9547325102880658,-0.7695473251028807,-3.0041152263374484,-1.991769547325103,-0.7325102880658436
P36068,0.052845528455284556,0.028455284552845527,0.052845528455284556,0.07317073170731707,0.016260162601626018,0.028455284552845527,0.08536585365853659,0.028455284552845527,0.02032520325203252,0.07317073170731707,0.13414634146341464,0.07723577235772358,0.012195121951219513,0.06097560975609756,0.016260162601626018,0.07723577235772358,0.06097560975609756,0.012195121951219513,0.028455284552845527,0.06097560975609756,1,0,1,0,1,2,0,0,4,2,3,3,1,0,0,3,0,0,0,0,0,0,1,1,0,0,0,0,0,1,0,0,1,1,0,0,4,0,1,0,1,0,0,0,0,0,2,1,0,0,3,1,1,1,0,1,2,4,3,3,1,4,0,2,1,4,4,2,4,0,1,0,3,1,0,2,0,3,4,0,1,1,1,0,0,3,1,2,2,3,1,0,0,0,0,0,0,0,2,3,0,1,1,1,0,1,3,4,0,3,1,0,1,2,1,1,1,1,0,1,2,1,2,0,0,0,0,0,2,0,0,1,0,4,1,0,0,0,1,0,0,0,0,0,0,0,0,2,1,0,0,0,0,0,1,3,3,0,0,1,0,2,4,2,0,0,0,0,1,0,2,0,1,0,0,1,1,1,0,0,0,0,1,0,1,0,0,0,0,0,0,0,0,0,0,0,0,4,0,0,0,2,0,1,1,2,1,2,1,0,1,2,1,0,0,0,0,0,2,0,0,0,0,0,1,1,0,0,0,0,0,0,2,0,1,1,0,0,0,0,0,0,0,0,0,0,2,1,0,0,1,2,2,2,3,0,1,4,0,1,0,0,1,0,1,0,0,3,1,1,1,0,0,0,0,1,1,0,1,0,1,2,1,1,0,3,0,0,0,1,0,0,0,0,0,0,0,0,0,0,0,0,0,0,0,0,0,0,1,0,0,0,0,0,0,0,0,0,0,0,0,0,1,1,0,0,0,0,0,0,0,0,1,0,0,0,0,0,0,0,0,0,0,-0.7020408163265306,-0.9673469387755103,-0.9020408163265307,-1.0,-1.9795918367346939,-0.46122448979591835,-0.46122448979591835,-2.085714285714286,-1.2122448979591838,-0.8081632653061225,-0.7020408163265306,-0.7183673469387755,-0.5877551020408164,-1.2122448979591838,-1.9469387755102041,-0.5224489795918368,-0.27346938775510204,-2.273469387755102,-1.0530612244897959,-0.6693877551020408
P36094,0.030303030303030304,0.06611570247933884,0.10743801652892562,0.08264462809917356,0.005509641873278237,0.03581267217630854,0.07713498622589532,0.013774104683195593,0.01652892561983471,0.0440771349862259,0.08264462809917356,0.09641873278236915,0.030303030303030304,0.01928374655647383,0.06336088154269973,0.09090909090909091,0.049586776859504134,0.0,0.04132231404958678,0.046831955922865015,0,0,0,0,1,1,0,0,1,1,0,2,1,0,1,3,0,1,1,1,0,0,2,1,1,0,1,0,1,2,0,4,1,0,0,0,1,3,1,0,1,0,0,0,0,0,0,0,0,0,1,1,1,2,0,0,0,3,3,1,2,2,0,2,5,3,1,1,2,0,2,4,3,2,0,2,0,1,3,5,1,5,1,0,2,1,2,5,2,4,0,1,0,0,0,0,0,0,1,2,1,3,1,1,0,1,2,5,3,4,4,0,0,2,3,7,4,2,0,1,2,4,1,2,1,0,0,2,2,0,2,3,0,1,0,2,1,3,2,0,0,0,0,0,0,1,0,1,0,1,0,1,2,0,0,3,2,5,2,2,0,2,3,4,0,1,1,1,2,3,0,3,2,2,0,0,1,1,1,2,2,0,0,2,3,0,0,2,0,0,0,0,0,0,0,0,0,1,1,0,2,0,0,1,1,3,4,2,5,0,3,1,3,0,1,3,0,0,1,3,3,2,0,0,1,6,2,0,2,1,0,1,3,1,1,1,0,0,0,0,0,0,0,0,0,0,1,3,1,1,1,0,3,1,0,0,4,2,1,1,5,5,2,1,0,0,0,2,2,2,1,1,0,1,2,1,2,0,0,0,3,3,3,0,0,3,0,0,0,0,0,0,0,0,0,0,0,0,0,1,0,0,0,0,0,0,0,0,0,0,0,0,0,0,0,0,0,0,0,0,0,0,0,0,0,0,0,0,0,0,1,0,0,0,0,0,0,0,0,0,0,0,0,-0.46685082872928174,-0.22375690607734808,0.03591160220994475,-0.3370165745856354,-1.9143646408839778,0.07734806629834254,-0.0718232044198895,-1.328729281767956,-0.6298342541436464,-1.2099447513812154,-1.0966850828729282,-0.06353591160220995,-0.7375690607734806,-1.643646408839779,-0.5386740331491713,0.049723756906077346,-0.212707182320442,-2.2403314917127073,-1.1298342541436464,-1.0939226519337018
P36095,0.05357142857142857,0.08482142857142858,0.06696428571428571,0.07142857142857142,0.0,0.0625,0.125,0.026785714285714284,0.0,0.05803571428571429,0.08035714285714286,0.08482142857142858,0.05803571428571429,0.004464285714285714,0.022321428571428572,0.049107142857142856,0.04017857142857143,0.004464285714285714,0.026785714285714284,0.08035714285714286,0,1,2,0,0,2,0,0,0,1,0,1,1,0,0,3,0,1,5,4,0,0,1,0,0,2,1,0,0,1,1,0,1,1,0,1,0,0,1,1,4,0,0,0,0,0,0,0,0,1,0,3,2,2,1,0,1,0,0,1,1,1,0,0,0,1,2,1,1,0,1,1,1,1,1,0,0,2,0,1,1,1,2,0,1,2,0,1,3,0,0,0,0,0,0,0,0,0,0,0,0,0,0,0,0,2,1,1,0,1,3,0,0,0,2,2,1,1,0,1,0,1,1,2,1,0,2,2,1,1,1,3,0,1,1,3,1,0,2,0,0,0,0,0,0,0,0,1,0,1,0,1,2,0,3,1,0,1,0,0,0,0,2,1,0,2,0,0,0,2,2,0,0,1,0,1,2,0,1,2,0,0,2,0,0,0,1,1,0,0,0,0,0,0,0,0,0,1,4,1,0,1,0,2,1,2,1,3,1,0,0,2,1,0,1,1,0,1,1,0,2,0,0,0,1,3,0,1,0,0,0,1,2,1,1,1,1,0,0,0,0,0,0,0,0,3,1,3,1,1,1,0,1,1,1,2,1,1,0,0,1,1,1,0,1,0,2,0,1,0,1,1,0,1,2,2,0,0,1,0,4,2,1,1,0,3,0,0,0,0,0,0,0,0,0,0,0,0,0,0,0,0,0,0,0,0,0,0,0,0,0,0,0,0,0,0,0,0,0,0,0,0,0,0,0,0,0,0,0,0,0,0,0,0,0,0,0,0,0,0,0,0,0,-0.20179372197309417,-0.36771300448430494,-0.515695067264574,-0.3811659192825112,-2.609865470852018,0.4484304932735426,0.3721973094170404,-1.5919282511210762,-1.4887892376681615,-1.1973094170403586,-0.968609865470852,0.21524663677130046,-0.24663677130044842,-2.192825112107623,-1.7533632286995515,-0.273542600896861,-0.40358744394618834,-3.013452914798206,-1.9103139013452914,-0.9596412556053812
P37303,0.09302325581395349,0.041343669250646,0.03875968992248062,0.056847545219638244,0.01808785529715762,0.031007751937984496,0.06459948320413436,0.06976744186046512,0.031007751937984496,0.06201550387596899,0.09043927648578812,0.059431524547803614,0.03359173126614987,0.028423772609819122,0.04392764857881137,0.06201550387596899,0.05426356589147287,0.007751937984496124,0.04392764857881137,0.06976744186046512,3,2,7,3,1,5,0,6,1,3,2,2,2,0,4,3,2,5,2,2,0,2,2,4,2,0,1,1,2,2,1,0,2,1,0,3,2,3,1,1,2,2,0,1,0,0,0,0,0,9,4,3,4,2,2,0,6,2,2,3,1,2,0,4,3,2,2,1,5,0,2,1,6,1,0,1,0,5,2,1,0,0,0,0,2,1,2,2,1,2,0,0,1,0,0,0,0,0,1,2,2,3,2,1,1,4,4,6,2,1,0,1,2,3,0,0,2,2,0,1,1,2,0,2,2,0,3,6,3,1,0,0,0,5,3,2,0,1,0,1,0,0,0,1,0,0,0,3,2,0,0,2,1,0,0,1,2,1,2,1,0,1,5,2,1,4,1,0,0,2,1,0,1,0,0,0,2,0,0,1,0,0,0,2,1,1,1,0,0,0,0,0,0,0,1,0,5,3,3,1,1,1,0,5,2,0,3,1,3,0,1,3,1,0,0,1,0,0,0,0,0,0,1,0,2,1,0,0,0,0,0,0,1,0,0,0,0,0,0,0,0,0,0,0,0,0,3,3,1,0,4,0,3,4,3,0,1,2,0,0,1,3,0,3,0,1,2,0,1,1,0,0,0,2,1,1,0,0,0,0,1,3,0,0,0,0,0,0,1,1,1,0,0,0,0,0,0,0,0,0,0,0,2,1,0,0,0,0,0,0,0,0,0,1,0,1,1,0,0,0,0,0,0,0,0,0,0,0,0,0,1,0,0,0,0,0,0,0,0,0,0,0,0,-0.0025906735751295338,-1.1761658031088082,-1.6865284974093264,-1.6139896373056994,-2.3082901554404147,-1.3523316062176165,-1.0751295336787565,-1.2875647668393781,-1.3264248704663213,-1.1968911917098446,-1.2435233160621761,-1.3290155440414508,-1.1036269430051813,-1.8937823834196892,-2.0259067357512954,-1.0336787564766838,-0.9507772020725389,-3.339378238341969,-1.782383419689119,-0.9119170984455959
P38013,0.09090909090909091,0.005681818181818182,0.03977272727272727,0.0625,0.017045454545454544,0.028409090909090908,0.056818181818181816,0.0625,0.017045454545454544,0.0625,0.045454545454545456,0.07954545454545454,0.017045454545454544,0.03977272727272727,0.045454545454545456,0.09090909090909091,0.06818181818181818,0.022727272727272728,0.03409090909090909,0.11363636363636363,1,5,3,0,0,1,0,4,3,3,1,1,4,0,3,1,2,2,0,1,1,1,0,0,1,1,2,0,0,0,0,0,1,0,0,1,0,2,0,1,0,0,1,0,0,0,0,0,0,2,2,1,2,1,0,1,1,0,0,2,2,0,0,1,1,0,2,3,0,0,1,0,3,0,0,1,0,0,1,2,0,1,0,0,0,1,2,0,0,1,0,0,0,0,0,0,0,0,2,4,2,1,0,1,0,3,2,1,0,0,0,0,2,0,0,0,0,1,0,0,3,2,0,0,1,0,1,0,1,0,0,0,1,3,0,1,0,2,0,0,0,0,1,0,0,0,0,0,3,0,1,0,0,0,0,0,2,0,1,0,0,2,1,1,0,0,1,0,1,0,0,0,0,0,0,1,0,0,0,0,0,0,4,0,1,0,0,0,0,0,0,0,0,0,0,0,2,1,1,1,0,0,0,0,0,0,1,0,0,0,0,1,0,1,0,1,0,1,0,0,0,0,1,0,0,0,0,2,0,0,0,0,0,0,0,1,0,0,0,0,1,0,0,0,0,3,0,3,0,0,2,0,1,0,1,0,0,0,0,2,1,1,1,0,1,0,0,0,0,0,0,0,0,3,0,0,0,0,1,0,0,1,0,0,0,0,0,0,0,0,0,0,0,0,0,1,0,0,0,0,0,0,0,0,0,0,0,0,0,1,0,0,0,1,0,0,0,0,0,0,0,0,0,0,0,0,0,0,0,0,0,0,0,0,0,0,0,0,0,0,0,0,0,-0.5085714285714286,-1.3714285714285714,-1.0857142857142856,-0.8514285714285714,-2.3257142857142856,-1.0,-0.8514285714285714,-1.2971428571428572,-1.6171428571428572,-0.8285714285714286,-0.9371428571428572,-0.6571428571428571,-1.1657142857142857,-1.24,-1.4514285714285715,-0.6342857142857142,-0.5714285714285714,-2.4914285714285715,-1.3885714285714286,-0.6228571428571429
P38042,0.06728232189973615,0.029023746701846966,0.11081794195250659,0.036939313984168866,0.021108179419525065,0.05013192612137203,0.0395778364116095,0.030343007915567283,0.026385224274406333,0.059366754617414245,0.11345646437994723,0.06596306068601583,0.021108179419525065,0.03562005277044855,0.040897097625329816,0.11081794195250659,0.055408970976253295,0.006596306068601583,0.047493403693931395,0.0316622691292876,0,2,2,4,0,3,1,4,4,1,10,4,5,2,3,3,7,2,1,1,0,2,2,3,5,1,1,0,2,3,2,0,2,4,0,0,0,3,2,2,2,0,0,0,0,0,1,0,1,4,6,5,5,6,5,1,9,3,15,5,3,4,1,5,11,16,7,4,0,1,6,9,11,6,4,0,1,3,1,5,3,0,1,0,3,8,2,0,3,2,1,0,0,0,2,0,1,1,4,6,4,1,3,1,0,5,16,9,10,1,2,0,5,18,11,7,6,6,0,5,8,11,1,1,2,1,3,6,6,2,1,1,1,0,2,4,2,3,0,0,0,0,1,0,0,1,0,2,8,2,4,1,0,0,8,9,9,5,2,4,1,4,5,9,6,5,3,0,2,8,2,31,1,0,1,0,2,1,3,1,1,0,0,1,0,1,1,1,0,1,0,1,0,1,0,0,2,5,2,0,3,0,0,3,1,6,2,1,4,0,2,5,6,3,2,0,1,0,6,2,1,1,0,0,2,1,2,0,1,0,0,0,4,0,2,1,0,0,0,1,0,0,0,0,0,0,1,3,0,0,0,0,2,6,4,5,2,0,0,0,1,4,4,0,1,0,2,3,2,1,0,1,0,1,4,3,1,1,0,0,0,4,1,0,0,0,0,1,0,0,0,0,0,0,0,2,0,0,0,0,0,1,1,0,0,0,0,0,0,0,0,0,2,0,0,0,2,1,0,0,0,0,1,0,0,1,0,0,0,1,0,0,1,0,0,0,0,1,0,1,0,0,1,-0.019815059445178335,-0.47291941875825627,-0.6367239101717305,-0.8375165125495376,-1.5693527080581242,0.14795244385733158,0.16512549537648613,-1.8480845442536327,-0.5693527080581242,-1.203434610303831,-0.26420079260237783,-0.16248348745046234,-0.5653896961690885,-1.4689564068692207,-2.1439894319682957,-0.4623513870541612,-1.177014531043593,-2.072655217965654,-0.4821664464993395,-1.2668428005284016
P38072,0.04983388704318937,0.07641196013289037,0.03986710963455149,0.06976744186046512,0.023255813953488372,0.036544850498338874,0.0664451827242525,0.06312292358803986,0.013289036544850499,0.059800664451827246,0.09634551495016612,0.06976744186046512,0.0033222591362126247,0.0664451827242525,0.053156146179401995,0.07641196013289037,0.03986710963455149,0.009966777408637873,0.05647840531561462,0.029900332225913623,1,1,2,1,0,0,0,2,1,3,2,0,1,0,3,3,2,1,2,0,0,1,2,1,0,1,1,0,0,2,1,2,1,0,0,1,3,0,0,2,0,0,0,0,0,0,0,0,0,2,4,2,0,2,2,0,4,6,5,3,3,1,0,4,3,2,1,1,4,0,1,5,1,0,1,3,0,3,1,1,0,1,3,0,0,3,3,1,0,2,1,0,1,0,1,0,0,1,2,0,3,2,3,0,0,3,6,4,3,2,0,0,2,3,0,2,0,0,0,0,1,0,0,2,2,0,1,2,0,0,3,0,1,0,1,0,1,3,0,0,0,0,0,0,0,0,0,0,0,0,1,0,2,0,0,3,1,1,3,3,0,0,2,1,0,0,0,0,0,1,0,0,0,0,0,2,1,1,0,1,0,0,1,0,2,0,2,2,0,0,0,0,0,0,0,0,0,2,1,2,1,1,0,2,2,2,2,1,0,1,1,2,1,0,3,0,0,1,0,0,0,1,1,0,0,0,4,0,2,1,1,0,3,1,0,1,2,0,2,0,0,0,0,0,0,0,2,0,0,0,1,0,1,4,1,0,0,4,2,0,4,1,1,1,1,0,0,1,0,1,0,0,0,1,4,0,1,0,3,0,1,2,2,0,1,0,0,0,0,1,0,0,0,0,0,0,3,0,0,0,0,0,0,0,0,0,1,0,0,1,0,0,0,0,0,0,0,1,0,0,0,0,0,0,0,0,0,0,0,0,0,0,0,0,0,0,1,0,0,0,0,0,0,-0.46,-0.49333333333333335,-0.7466666666666667,-0.9066666666666666,-1.8466666666666667,-0.38,-0.5666666666666667,-1.0633333333333332,-0.8733333333333333,-0.9033333333333333,-0.77,-0.22666666666666666,-0.78,-0.9933333333333333,-0.7533333333333333,-0.32666666666666666,-0.38,-1.8433333333333333,-0.8933333333333333,-0.8466666666666667
P38080,0.05685920577617329,0.05144404332129964,0.07851985559566788,0.04693140794223827,0.005415162454873646,0.08754512635379061,0.06227436823104693,0.05324909747292419,0.023465703971119134,0.046028880866425995,0.07310469314079422,0.05776173285198556,0.027978339350180504,0.030685920577617327,0.04151624548736462,0.12364620938628158,0.05415162454873646,0.0009025270758122744,0.032490974729241874,0.046028880866425995,5,5,7,5,1,8,1,6,4,10,5,3,5,0,6,6,13,6,5,2,0,3,6,12,8,2,3,0,1,3,2,1,4,2,0,7,1,4,4,2,4,0,1,0,0,0,0,0,0,7,6,3,5,2,4,0,8,12,11,4,6,3,2,7,7,12,12,6,5,0,7,6,7,9,2,3,0,4,5,5,4,3,0,0,4,7,6,9,3,1,1,1,1,1,0,1,0,0,9,4,16,5,3,4,0,4,11,11,8,7,10,0,11,13,20,12,10,4,0,7,8,11,10,6,2,0,3,3,8,8,3,9,0,2,6,3,6,2,3,0,0,0,0,0,0,0,0,4,7,7,12,2,2,0,5,8,7,11,3,4,1,8,14,8,9,7,6,0,8,7,14,13,5,2,0,7,1,7,6,2,0,0,2,3,3,2,1,3,0,0,0,0,0,0,0,0,3,3,3,6,3,2,0,1,3,2,5,1,1,1,5,4,11,4,3,3,0,4,4,4,6,3,4,0,4,1,4,4,2,1,0,2,3,2,3,2,4,0,0,0,0,0,0,0,0,3,7,2,1,2,2,0,3,8,8,0,1,7,0,4,7,6,1,3,2,0,5,8,4,3,5,0,0,1,1,3,2,2,3,0,0,7,5,1,2,1,0,0,1,0,0,0,0,0,1,1,0,0,0,0,0,0,0,0,1,0,1,0,0,0,1,0,0,0,0,0,0,0,0,0,0,0,0,0,1,0,0,0,0,0,0,0,0,0,0,0,0,0,0,0,0,0,0,-0.7046070460704607,-0.36585365853658536,-0.5085817524841915,-0.7841011743450768,-2.043360433604336,0.02168021680216802,-0.14995483288166214,-1.5582655826558265,-0.8003613369467028,-1.3351400180668473,-1.1734417344173442,-0.14182475158084915,-0.907859078590786,-1.7850045167118338,-0.8518518518518519,0.04968383017163505,-0.4878048780487805,-2.785907859078591,-1.5682023486901535,-1.2845528455284554
P38122,0.05128205128205128,0.022435897435897436,0.038461538461538464,0.04807692307692308,0.022435897435897436,0.041666666666666664,0.04807692307692308,0.07371794871794872,0.016025641025641024,0.0673076923076923,0.08333333333333333,0.08333333333333333,0.04487179487179487,0.041666666666666664,0.02564102564102564,0.09294871794871795,0.07692307692307693,0.009615384615384616,0.03205128205128205,0.08012820512820513,2,3,1,3,0,1,0,2,4,5,1,2,1,0,3,3,4,0,2,3,1,3,0,4,0,3,0,0,1,1,3,2,0,1,1,2,0,1,0,0,0,0,0,0,0,0,0,1,0,0,3,3,3,1,1,1,1,2,5,1,2,4,0,2,4,3,4,3,3,0,2,0,2,0,1,0,0,0,1,3,1,1,0,0,0,1,3,4,0,2,1,0,0,0,0,0,0,0,3,7,5,2,2,1,0,4,5,3,1,1,2,0,5,4,4,1,0,1,1,2,1,2,0,0,0,1,1,1,1,2,0,2,0,3,2,2,0,1,0,0,0,2,1,0,0,0,0,2,0,3,1,3,0,0,1,1,4,1,0,1,0,5,0,0,1,2,0,0,0,1,0,0,0,0,0,2,2,0,0,1,0,0,0,0,0,0,0,0,0,1,0,0,0,0,0,0,1,1,2,0,1,0,0,3,0,1,0,0,2,0,3,2,3,0,0,1,1,1,3,0,0,1,0,0,0,0,2,0,0,0,0,0,1,0,1,1,1,0,1,0,0,0,0,0,0,2,0,1,1,2,0,0,1,3,1,0,1,0,0,2,3,1,0,0,0,0,0,3,1,1,0,0,0,1,1,1,0,0,0,0,1,1,0,0,1,0,0,0,0,0,1,0,0,0,0,1,1,0,0,0,0,0,0,0,1,0,1,0,0,0,1,0,0,0,0,1,0,0,0,0,0,0,0,0,0,0,0,0,0,0,1,0,0,0,0,0,0,0,0,0,0,0,0,-0.5755627009646302,-1.8167202572347267,-2.0739549839228295,-2.1093247588424435,-2.652733118971061,-1.3729903536977492,-1.639871382636656,-2.1157556270096465,-2.0868167202572345,-1.8488745980707395,-1.8938906752411575,-1.5209003215434083,-1.3344051446945338,-2.684887459807074,-2.472668810289389,-1.1736334405144695,-1.1736334405144695,-3.665594855305466,-2.4758842443729905,-1.360128617363344
P38147,0.04174573055028463,0.03795066413662239,0.06451612903225806,0.0683111954459203,0.018975332068311195,0.04174573055028463,0.056925996204933584,0.05313092979127135,0.024667931688804556,0.0683111954459203,0.12144212523719165,0.07020872865275142,0.018975332068311195,0.04933586337760911,0.04743833017077799,0.07020872865275142,0.04554079696394687,0.015180265654648957,0.028462998102466792,0.056925996204933584,2,2,2,2,0,5,1,3,6,1,1,1,5,0,2,2,2,2,3,2,0,1,4,2,1,2,1,1,0,4,0,2,2,1,0,1,2,2,2,3,2,0,1,1,0,0,0,1,0,5,4,3,5,3,3,0,5,16,4,5,5,7,0,7,4,3,4,1,0,0,5,10,9,1,2,1,0,2,6,2,1,4,2,0,4,5,3,4,3,2,1,0,0,0,0,0,0,0,1,3,3,2,5,2,1,4,5,5,3,4,3,0,3,7,1,0,0,2,0,1,7,5,0,1,1,0,0,2,1,1,2,1,0,2,1,1,2,1,0,0,0,0,0,0,1,0,0,3,2,1,2,0,1,0,5,5,4,10,1,2,0,3,6,4,5,1,2,0,0,2,1,0,0,0,0,2,0,1,0,1,1,0,0,5,2,1,0,1,0,0,1,0,0,0,2,0,1,2,0,0,1,1,1,3,3,3,6,0,2,0,1,2,0,2,1,0,1,1,2,1,1,0,2,0,2,4,0,2,1,1,1,1,5,1,0,0,0,0,0,1,1,0,0,0,0,2,3,4,1,0,0,0,2,7,1,2,5,3,0,1,2,4,2,1,1,0,1,1,3,0,0,4,2,0,1,2,1,1,1,1,1,1,2,1,0,1,0,0,1,0,0,0,0,0,0,1,0,0,0,0,0,1,0,1,1,1,0,0,0,1,0,0,0,0,0,0,0,0,0,0,0,0,0,0,1,0,0,0,0,1,1,0,1,0,0,0,0,0,0,0,0,0,0,-1.376425855513308,-1.1996197718631179,-1.355513307984791,-1.403041825095057,-2.0095057034220534,-1.1425855513307985,-0.9847908745247148,-2.3745247148288975,-1.4334600760456273,-1.3897338403041826,-1.3669201520912548,-0.8136882129277566,-1.0722433460076046,-1.8403041825095057,-1.9315589353612168,-0.8288973384030418,-1.2186311787072244,-3.279467680608365,-1.8479087452471483,-1.4429657794676807
P38183,0.03496503496503497,0.03496503496503497,0.06293706293706294,0.027972027972027972,0.027972027972027972,0.02097902097902098,0.02097902097902098,0.013986013986013986,0.03496503496503497,0.07692307692307693,0.1258741258741259,0.04195804195804196,0.03496503496503497,0.06293706293706294,0.027972027972027972,0.18181818181818182,0.055944055944055944,0.013986013986013986,0.04895104895104895,0.04895104895104895,0,0,1,0,0,0,0,0,1,3,1,1,0,0,1,1,2,0,1,0,0,0,2,0,0,0,0,0,0,0,0,0,0,0,0,0,0,0,0,0,0,0,0,0,0,0,0,0,0,0,1,2,1,0,0,0,2,2,3,2,0,0,0,2,3,3,1,1,0,1,1,6,1,1,1,0,0,2,0,1,0,0,1,0,0,1,2,0,0,0,0,0,0,1,0,0,0,0,1,3,2,0,0,0,0,0,2,4,2,2,2,0,1,6,7,1,1,0,1,0,1,1,1,0,0,0,0,1,2,0,0,0,0,0,0,0,1,0,0,0,0,0,1,0,1,1,0,0,0,0,1,0,0,0,1,3,1,4,1,1,1,0,1,0,0,0,1,0,0,2,0,0,0,0,0,0,0,1,1,0,0,0,0,0,0,0,0,0,0,0,0,0,0,0,0,0,0,2,0,0,0,0,0,0,0,0,1,0,0,0,2,1,2,1,0,0,0,0,0,0,0,1,0,0,0,0,0,0,0,0,0,0,0,0,0,1,0,0,0,0,0,0,0,0,0,0,0,0,0,0,0,0,1,1,0,0,0,0,0,0,0,2,0,0,0,1,0,1,0,0,0,0,0,0,0,1,0,0,0,0,0,0,0,0,0,0,0,0,0,0,0,0,0,0,0,0,0,0,0,0,0,0,0,0,0,0,0,0,0,0,1,0,0,0,0,0,0,0,0,0,0,0,0,0,1,0,0,0,0,0,1,0,0,0,0,0,0,0,0,0,0,0,0,-0.7394366197183099,-1.2816901408450705,-0.9507042253521126,-1.7535211267605635,-1.5985915492957747,-0.9154929577464789,-1.2816901408450705,-2.0211267605633805,-1.1901408450704225,-1.0492957746478873,-0.9295774647887324,-1.119718309859155,-0.647887323943662,-1.1549295774647887,-1.8732394366197183,-0.28169014084507044,-0.15492957746478872,-2.26056338028169,-0.8591549295774648,-0.8873239436619719
P38198,0.038995373430270985,0.029081295439524125,0.09253139458030403,0.06014540647719762,0.009253139458030404,0.038334434897554524,0.06741573033707865,0.018506278916060808,0.017184401850627893,0.07402511566424323,0.11235955056179775,0.08658294778585592,0.029081295439524125,0.05485789821546596,0.036351619299405155,0.10178453403833443,0.059484467944481166,0.005948446794448116,0.031064111037673495,0.037012557832121616,3,2,5,2,1,4,0,3,11,7,2,4,5,0,7,9,9,7,4,5,1,2,5,4,5,1,3,0,0,5,4,0,5,0,0,1,5,1,3,5,3,0,0,0,0,0,0,0,0,6,3,10,5,4,3,0,13,28,24,26,15,17,3,7,26,21,11,7,10,3,9,17,15,10,5,11,0,2,11,13,11,10,6,0,3,15,10,12,4,7,0,0,0,2,3,1,1,0,5,8,13,4,6,4,0,4,29,21,12,14,10,0,6,19,24,13,11,9,0,2,13,13,7,4,7,0,2,11,6,4,7,5,0,3,8,8,6,5,5,0,0,2,1,0,2,0,0,0,11,5,4,1,3,0,5,21,16,11,6,5,2,7,13,8,11,5,4,0,2,11,7,7,3,7,1,1,10,1,1,3,2,0,2,8,10,7,3,7,0,0,2,0,0,0,0,0,2,3,6,2,1,2,0,4,18,9,8,8,4,1,8,10,13,2,3,0,0,2,6,3,5,3,2,0,5,8,7,4,1,5,0,1,4,5,6,2,2,0,0,0,0,0,0,0,0,1,5,3,3,1,2,0,2,19,6,8,4,10,1,5,12,7,2,4,7,1,6,13,6,3,2,7,1,5,7,4,1,3,2,0,5,9,4,3,3,6,0,0,0,0,0,0,0,0,0,0,0,0,0,0,0,0,0,2,0,2,0,0,0,1,1,0,1,0,0,1,1,0,1,0,0,0,1,0,1,0,1,0,0,0,1,0,0,0,0,0,0,0,0,0,0,0,0,-0.25,-0.4794973544973545,-0.3425925925925926,-0.5654761904761905,-1.6719576719576719,-0.18121693121693122,-0.22883597883597884,-1.2956349206349207,-0.9140211640211641,-0.796957671957672,-0.716931216931217,-0.20767195767195767,-0.6302910052910053,-1.3253968253968254,-0.591931216931217,0.26587301587301587,-0.06613756613756613,-2.298941798941799,-1.1984126984126984,-0.6693121693121693
P38247,0.030864197530864196,0.012345679012345678,0.08024691358024691,0.06172839506172839,0.012345679012345678,0.018518518518518517,0.07407407407407407,0.043209876543209874,0.024691358024691357,0.07407407407407407,0.11728395061728394,0.07407407407407407,0.043209876543209874,0.037037037037037035,0.030864197530864196,0.10493827160493827,0.06172839506172839,0.006172839506172839,0.043209876543209874,0.04938271604938271,0,0,0,1,0,0,1,0,3,1,0,1,0,0,0,2,1,2,0,0,0,0,0,1,0,1,0,0,1,0,0,0,0,1,0,1,0,0,1,0,0,0,0,0,1,0,0,0,0,1,1,1,0,1,1,0,3,5,3,1,0,2,0,2,0,3,2,0,1,1,1,0,0,1,0,0,0,0,2,2,0,0,0,0,2,0,3,1,1,1,0,0,0,0,0,0,0,0,0,1,3,0,1,1,0,0,3,0,0,2,1,0,1,2,4,1,2,0,0,0,6,1,1,2,1,0,0,3,0,0,0,0,0,0,1,1,1,0,0,0,0,0,1,0,0,0,0,1,0,1,0,0,0,0,0,1,3,0,0,3,0,1,0,1,1,0,0,0,1,0,1,0,0,1,0,0,1,1,0,0,1,0,0,1,0,0,0,2,0,0,0,0,0,0,0,0,0,0,0,1,0,0,0,2,1,2,1,0,1,0,2,0,0,1,1,0,0,0,0,0,0,0,0,0,0,0,0,0,0,0,0,0,1,0,0,1,0,0,0,0,0,0,0,0,0,0,2,1,0,0,0,0,0,1,0,0,1,1,0,0,2,1,2,0,2,0,0,1,0,1,0,1,0,0,1,1,0,0,0,0,0,0,3,0,0,1,0,0,0,0,0,0,0,0,0,0,0,0,0,0,0,0,0,0,0,0,0,0,0,0,0,2,0,0,0,0,0,0,0,0,0,0,0,0,0,0,0,0,0,0,0,0,0,0,0,0,0,0,0,0,0,0,0,-0.7267080745341615,-1.1428571428571428,-0.5093167701863354,-0.9813664596273292,-1.8074534161490683,-0.6459627329192547,-0.6211180124223602,-1.7080745341614907,-1.0993788819875776,-0.968944099378882,-0.8944099378881988,-0.7329192546583851,-0.5403726708074534,-1.360248447204969,-1.6273291925465838,-0.18633540372670807,-0.40993788819875776,-2.372670807453416,-1.1366459627329193,-0.8136645962732919
P38272,0.03529411764705882,0.02823529411764706,0.11764705882352941,0.05176470588235294,0.002352941176470588,0.04941176470588235,0.06823529411764706,0.021176470588235293,0.018823529411764704,0.03529411764705882,0.12,0.1011764705882353,0.021176470588235293,0.011764705882352941,0.03058823529411765,0.1623529411764706,0.0611764705882353,0.002352941176470588,0.018823529411764704,0.042352941176470586,2,2,1,1,1,0,0,0,2,2,0,3,1,0,1,2,4,1,4,1,0,1,0,3,3,1,0,0,0,0,1,1,1,0,0,1,0,1,0,1,0,0,0,0,0,0,0,0,0,0,3,2,0,1,2,0,3,2,5,4,2,0,0,3,1,3,4,3,3,0,1,5,2,4,0,5,0,1,0,7,1,2,3,0,0,4,3,1,2,2,0,0,0,0,0,0,0,0,1,0,6,2,0,0,0,1,5,5,4,3,4,0,2,7,11,6,0,4,0,7,4,6,1,2,3,0,0,3,3,1,3,2,0,1,5,1,3,3,0,0,0,0,1,0,0,0,0,3,1,1,3,1,1,0,1,0,2,7,3,2,0,1,5,7,7,3,2,0,0,2,8,3,0,0,0,1,1,0,0,3,1,0,0,2,2,6,1,0,0,0,0,0,0,0,0,0,1,1,3,0,0,0,0,1,3,1,0,2,2,0,1,7,3,1,0,2,0,0,1,3,1,1,1,0,2,3,0,3,2,1,0,1,2,2,1,2,1,0,0,0,0,0,0,0,0,0,1,0,2,0,0,0,2,4,2,2,1,3,0,1,0,3,2,2,1,1,1,3,3,1,2,2,0,1,2,3,1,0,2,0,0,1,1,1,0,0,0,0,0,0,0,0,0,0,0,0,0,0,0,0,0,0,0,0,0,0,0,0,0,0,0,1,0,0,0,0,0,0,0,0,0,0,0,0,0,0,0,0,0,0,0,0,0,0,0,0,0,0,0,0,0,0,0,-0.2240566037735849,0.44339622641509435,-0.22169811320754718,-0.47641509433962265,-2.8679245283018866,1.3915094339622642,1.7877358490566038,-2.580188679245283,-0.839622641509434,-1.5495283018867925,-0.42924528301886794,1.1674528301886793,-0.7476415094339622,-3.042452830188679,-2.6391509433962264,0.02830188679245283,-0.5259433962264151,-3.8608490566037736,-2.6367924528301887,-1.544811320754717
P38274,0.03869407496977025,0.04353083434099154,0.06287787182587666,0.056831922611850064,0.014510278113663845,0.04353083434099154,0.06529625151148731,0.030229746070133012,0.02902055622732769,0.06771463119709795,0.1185006045949214,0.060459492140266025,0.016928657799274487,0.041112454655380895,0.0592503022974607,0.09794437726723096,0.044740024183796856,0.016928657799274487,0.037484885126964934,0.05441354292623942,4,5,2,0,1,0,0,3,11,7,2,3,5,0,2,5,5,2,2,6,0,3,6,1,2,0,2,0,4,2,3,5,1,1,0,0,3,0,1,0,1,0,1,1,0,0,0,0,0,2,13,4,5,6,3,1,13,18,14,8,7,4,3,4,15,11,8,5,7,0,1,5,5,5,4,4,0,5,5,4,8,3,0,0,3,7,4,10,6,2,0,0,2,2,0,0,1,0,2,6,3,3,2,0,0,5,14,12,4,4,8,1,5,9,8,5,3,2,0,2,7,10,4,2,2,0,2,5,2,1,1,3,1,2,5,6,2,1,7,1,0,0,0,0,0,0,0,1,3,7,0,3,2,0,7,8,7,4,5,6,1,2,10,4,5,1,2,0,3,6,5,3,2,1,0,0,3,1,4,2,1,0,0,7,3,1,0,2,1,1,0,0,0,0,1,0,2,1,5,4,2,0,1,3,11,2,0,2,2,0,0,1,4,2,3,4,0,3,7,2,5,1,2,0,3,2,2,1,0,1,0,2,3,2,0,0,0,0,0,0,0,0,0,1,0,1,2,1,1,2,0,0,3,4,8,6,4,4,0,2,7,0,5,1,3,0,4,7,2,1,1,3,2,1,3,2,1,1,1,0,0,2,3,5,2,4,0,0,0,0,1,1,0,0,0,1,0,1,0,0,0,0,0,0,0,0,3,0,1,1,0,0,0,0,0,0,0,0,0,1,0,0,0,0,0,0,1,0,0,0,2,0,1,0,0,0,0,0,0,0,0,0,0,-0.5072639225181598,-0.8196125907990315,-0.6670702179176755,-0.8075060532687651,-1.585956416464891,-0.3922518159806295,-0.48789346246973364,-1.4491525423728813,-0.8329297820823245,-1.0060532687651331,-0.8704600484261501,-0.6138014527845036,-0.6428571428571429,-1.1985472154963681,-0.9891041162227603,-0.22760290556900725,-0.41041162227602906,-1.8898305084745763,-1.0181598062953996,-0.7627118644067796
P38276,0.061452513966480445,0.0446927374301676,0.0335195530726257,0.07262569832402235,0.0223463687150838,0.0223463687150838,0.0893854748603352,0.055865921787709494,0.0223463687150838,0.03910614525139665,0.11173184357541899,0.08379888268156424,0.0223463687150838,0.0670391061452514,0.0335195530726257,0.07262569832402235,0.05027932960893855,0.00558659217877095,0.03910614525139665,0.05027932960893855,2,1,3,2,0,0,0,1,2,0,0,2,1,0,1,3,2,0,2,1,0,0,2,0,0,1,0,0,0,0,0,0,2,0,0,0,0,0,1,0,0,0,0,0,0,0,0,0,0,3,1,4,0,1,1,0,2,0,2,1,2,0,2,0,2,4,0,1,2,0,0,2,0,0,0,2,0,0,1,0,0,1,3,0,0,2,0,1,0,2,0,1,0,0,1,1,0,0,2,1,1,0,0,0,0,0,1,4,1,1,1,1,3,4,0,1,0,0,0,1,1,0,0,0,0,0,0,1,0,0,1,2,0,1,0,1,1,1,1,0,0,0,0,0,0,0,0,0,2,0,1,0,0,0,1,2,0,1,0,2,0,0,0,1,0,0,0,0,0,0,0,0,0,0,0,0,2,0,0,0,0,0,0,1,0,0,1,1,0,0,0,0,0,0,0,0,1,0,0,0,0,0,0,2,1,1,0,0,0,0,0,0,1,0,0,1,0,0,1,0,0,0,0,0,0,0,1,1,2,2,1,1,3,2,0,0,1,0,1,0,0,0,0,0,0,0,1,0,0,1,0,0,4,3,2,1,0,1,0,0,0,0,1,1,1,0,1,0,1,0,1,1,0,1,0,1,0,0,0,0,0,4,0,1,0,2,0,0,0,0,0,0,0,0,0,0,2,0,0,0,0,0,0,0,0,0,0,0,0,0,0,0,0,0,0,1,0,0,0,0,0,0,0,0,0,0,1,0,0,0,0,0,0,0,0,0,0,0,0,0,0,0,0,-0.4044943820224719,-0.9101123595505618,-1.1292134831460674,-1.2134831460674158,-2.0898876404494384,-0.6123595505617978,-0.8033707865168539,-1.7134831460674158,-1.196629213483146,-1.196629213483146,-0.9887640449438202,-0.848314606741573,-1.0449438202247192,-1.6292134831460674,-1.8595505617977528,-0.6292134831460674,-0.6741573033707865,-2.730337078651685,-1.3876404494382022,-0.9157303370786517
P38339,0.06006006006006006,0.03303303303303303,0.06456456456456457,0.05555555555555555,0.0075075075075075074,0.042042042042042045,0.06006006006006006,0.028528528528528527,0.024024024024024024,0.06456456456456457,0.1006006006006006,0.08858858858858859,0.03003003003003003,0.03303303303303303,0.05405405405405406,0.11261261261261261,0.06456456456456457,0.006006006006006006,0.02252252252252252,0.04804804804804805,3,5,2,1,0,2,0,6,3,5,1,4,3,0,4,3,1,5,4,4,0,2,4,2,1,0,3,0,0,5,0,1,2,1,0,0,4,3,5,1,1,0,0,0,0,0,0,0,0,3,6,5,5,5,4,0,5,7,15,6,2,3,1,4,5,12,10,7,2,0,5,6,3,0,6,1,0,0,2,6,0,3,4,0,2,5,4,2,3,6,0,1,1,0,1,0,0,0,5,4,7,1,1,3,0,3,10,7,4,1,8,1,6,13,9,2,6,2,0,2,9,5,3,6,2,0,2,3,6,5,5,0,0,0,6,2,2,0,1,0,0,0,0,0,0,0,0,1,6,2,3,1,4,0,7,5,5,5,1,0,1,1,3,6,4,3,0,0,2,0,4,1,0,0,0,3,2,4,4,2,0,0,1,3,2,1,2,1,0,0,1,0,0,0,0,0,0,1,4,1,0,1,0,0,6,4,3,5,3,0,2,9,6,3,1,1,0,2,4,1,1,2,0,0,1,7,4,0,1,0,0,1,3,1,2,1,0,0,0,0,0,0,0,0,0,1,0,1,1,1,0,0,6,8,3,2,2,5,0,4,0,4,3,0,2,0,4,1,2,1,0,4,1,1,2,2,0,0,3,0,0,4,2,1,1,2,1,0,0,1,0,0,0,0,0,0,0,0,1,0,0,1,0,1,0,0,0,0,0,1,0,0,0,0,0,0,0,0,0,1,0,0,0,0,0,0,0,0,0,0,0,0,0,0,0,0,0,0,0,0,0,0,0,-0.5473684210526316,-0.2992481203007519,-0.4616541353383459,-0.6030075187969924,-1.7413533834586465,0.2646616541353383,0.362406015037594,-1.7939849624060151,-0.5744360902255639,-1.006015037593985,-0.637593984962406,0.18195488721804512,-0.4406015037593985,-1.3804511278195488,-1.3142857142857143,-0.12631578947368421,-0.5097744360902255,-2.3729323308270676,-1.2541353383458647,-1.043609022556391
P38523,0.07017543859649122,0.06578947368421052,0.043859649122807015,0.06578947368421052,0.0,0.043859649122807015,0.10087719298245613,0.039473684210526314,0.017543859649122806,0.03070175438596491,0.08333333333333333,0.10526315789473684,0.021929824561403508,0.06578947368421052,0.04824561403508772,0.06578947368421052,0.06578947368421052,0.0,0.008771929824561403,0.05701754385964912,0,0,3,1,1,0,0,1,2,0,2,2,2,0,2,3,1,0,1,1,0,1,2,0,1,2,0,0,3,0,1,1,0,1,0,0,0,0,1,2,1,0,0,0,0,0,0,0,0,1,2,2,3,2,1,0,0,1,2,0,1,4,0,2,2,0,1,2,0,0,0,1,1,1,1,1,0,0,1,1,1,1,2,0,2,3,3,0,5,2,0,0,0,0,0,0,0,0,2,2,0,1,1,2,0,2,1,2,1,1,3,0,2,2,0,0,1,0,0,0,0,0,0,0,2,0,3,2,0,1,2,0,0,0,2,0,0,0,1,0,0,0,0,0,0,0,0,0,1,0,1,0,0,0,3,1,1,1,0,3,0,0,0,0,0,0,1,0,1,1,0,0,0,1,0,0,1,1,1,1,0,0,1,1,0,0,1,2,0,0,0,0,0,0,0,0,1,3,2,0,1,1,0,3,1,1,0,0,3,0,1,1,3,0,3,1,0,0,4,0,0,0,0,0,0,2,3,0,0,0,0,0,2,0,1,1,0,0,0,0,0,0,0,0,0,1,1,1,0,1,0,0,2,2,1,1,2,0,0,1,2,1,1,1,0,0,0,1,0,1,1,0,0,2,2,4,0,1,1,0,1,0,3,1,1,1,0,0,0,0,0,0,0,0,0,0,0,0,0,0,0,0,0,0,0,0,0,0,0,0,0,0,0,0,0,0,0,0,0,0,0,0,0,0,0,0,0,0,0,0,0,0,0,0,0,0,0,0,0,0,0,0,0,-0.5022026431718062,-1.0837004405286343,-0.8678414096916299,-0.9030837004405287,-3.251101321585903,-0.11894273127753303,0.21145374449339208,-2.2863436123348015,-1.6431718061674008,-1.6167400881057268,-1.550660792951542,-0.21585903083700442,-1.2599118942731278,-2.6387665198237884,-1.9251101321585904,-0.8502202643171806,-0.8986784140969163,-3.845814977973568,-2.4008810572687223,-1.2687224669603525
P38744,0.041666666666666664,0.058333333333333334,0.016666666666666666,0.075,0.008333333333333333,0.016666666666666666,0.05,0.041666666666666664,0.06666666666666667,0.06666666666666667,0.1,0.08333333333333333,0.03333333333333333,0.016666666666666666,0.03333333333333333,0.06666666666666667,0.10833333333333334,0.041666666666666664,0.025,0.05,0,0,1,0,0,1,0,0,0,0,0,2,0,1,0,1,1,0,1,0,0,0,1,2,0,0,0,0,0,0,1,0,0,0,0,0,1,0,1,2,0,0,0,0,0,0,0,0,0,0,1,1,1,0,0,0,1,1,0,1,2,0,0,1,0,1,0,0,0,0,0,0,2,1,0,0,0,3,1,0,1,1,1,0,0,2,1,2,0,0,0,0,0,0,0,1,0,0,0,1,0,0,1,1,0,2,2,0,1,0,0,0,2,0,3,1,0,3,0,1,2,0,0,0,0,0,1,0,1,1,0,0,0,0,1,1,0,1,1,0,0,0,0,0,0,0,0,1,0,0,1,0,1,0,0,1,0,1,0,2,0,0,0,2,2,1,0,0,2,0,1,0,0,0,0,0,0,1,0,0,0,0,0,0,0,0,0,0,0,0,0,0,0,0,0,0,1,1,1,1,0,1,0,0,0,1,0,1,1,0,0,3,1,0,1,0,0,0,1,0,1,0,0,0,1,0,0,0,0,0,0,0,1,0,0,0,0,0,0,0,0,0,0,0,0,0,0,0,0,0,0,0,0,1,1,0,2,2,0,0,1,0,0,0,1,0,0,0,1,1,1,0,0,0,2,1,0,0,0,0,0,1,0,0,0,0,0,0,0,0,0,0,0,0,0,0,0,0,0,0,0,0,0,0,0,0,0,0,0,0,0,0,0,0,0,0,0,0,0,0,0,0,0,0,1,0,0,0,0,0,0,0,0,0,0,0,0,0,0,0,0,0,0,-0.5378151260504201,-1.1596638655462186,-1.4453781512605042,-1.3361344537815125,-2.3361344537815127,-0.9747899159663865,-0.7983193277310925,-1.9243697478991597,-1.1260504201680672,-1.546218487394958,-1.4705882352941178,-1.0168067226890756,-1.2521008403361344,-2.0,-2.142857142857143,-0.8907563025210085,-0.8319327731092437,-2.4453781512605044,-1.8907563025210083,-1.2352941176470589
P38748,0.041025641025641026,0.039316239316239315,0.06495726495726496,0.06666666666666667,0.02735042735042735,0.06495726495726496,0.08717948717948718,0.04786324786324787,0.02735042735042735,0.05299145299145299,0.09230769230769231,0.10085470085470086,0.018803418803418803,0.042735042735042736,0.020512820512820513,0.07008547008547009,0.042735042735042736,0.010256410256410256,0.02735042735042735,0.0547008547008547,2,2,1,4,1,1,0,1,2,4,0,3,6,3,3,4,1,2,0,6,0,4,4,2,2,5,1,1,1,1,0,4,1,0,0,2,2,0,1,3,0,0,1,1,1,1,0,0,0,0,3,3,5,1,1,0,3,2,7,2,3,6,2,2,6,3,3,3,7,0,2,4,4,1,1,4,0,1,7,1,2,2,1,0,2,2,6,3,4,5,1,1,2,1,2,1,0,0,2,2,2,3,1,1,2,2,8,4,3,2,1,0,1,2,0,2,1,4,0,1,0,3,3,3,2,0,3,3,2,2,1,2,0,3,6,3,1,4,7,0,0,0,0,0,0,0,0,3,5,6,2,1,0,1,3,3,3,3,2,2,1,3,2,2,1,4,3,0,3,2,1,4,2,3,1,1,6,3,4,2,0,1,1,1,2,3,3,2,0,0,1,1,1,0,0,0,1,1,3,2,1,2,1,1,8,3,2,3,4,0,1,3,1,2,3,1,0,4,3,4,2,4,2,0,1,2,2,4,4,0,0,1,2,0,3,0,0,0,1,0,0,0,0,0,0,2,4,1,3,1,3,0,3,0,2,5,1,4,1,2,2,3,2,2,2,0,3,2,1,4,2,0,0,3,2,2,3,3,3,0,5,3,3,1,2,3,0,1,0,0,0,0,0,0,1,2,0,0,1,0,0,0,2,1,1,0,0,0,1,1,0,0,0,1,0,1,2,0,0,0,0,1,0,0,1,0,0,0,0,0,0,0,0,0,0,0,0,0,0,0,0,0,0,-0.6232876712328768,-0.06335616438356165,-0.5684931506849316,-0.4828767123287671,-1.1267123287671232,0.2808219178082192,0.3236301369863014,-1.3921232876712328,-0.3184931506849315,-0.934931506849315,-0.5907534246575342,-0.06335616438356165,-0.4863013698630137,-1.202054794520548,-0.8407534246575342,-0.09931506849315068,-0.4811643835616438,-2.219178082191781,-1.2294520547945205,-0.8116438356164384
P38785,0.025477707006369428,0.03821656050955414,0.08917197452229299,0.0732484076433121,0.006369426751592357,0.03503184713375796,0.06050955414012739,0.041401273885350316,0.03184713375796178,0.03503184713375796,0.08280254777070063,0.07961783439490445,0.03184713375796178,0.03821656050955414,0.06687898089171974,0.1305732484076433,0.06369426751592357,0.0031847133757961785,0.01910828025477707,0.04777070063694268,0,0,0,1,0,0,0,3,1,4,0,2,2,0,1,6,0,0,1,1,0,1,3,4,0,1,0,0,0,0,0,0,0,0,0,0,0,1,2,0,2,0,0,0,0,0,0,0,0,0,4,3,1,0,1,0,1,3,2,2,1,2,0,1,0,10,4,2,2,0,0,4,1,2,2,1,0,2,4,1,2,2,1,0,0,2,2,0,2,2,0,0,0,0,1,0,0,0,1,3,2,2,0,0,0,1,2,5,2,5,1,0,4,5,5,3,1,3,0,0,5,0,2,3,1,0,1,0,2,1,0,1,0,3,4,3,3,0,0,0,0,0,0,1,0,0,0,0,2,0,2,0,1,0,3,3,4,2,1,1,1,1,3,2,1,1,4,0,0,2,3,0,1,0,0,2,2,0,2,2,1,0,1,0,0,0,0,2,0,0,0,0,0,0,0,0,0,1,3,2,0,1,0,1,0,2,2,2,1,0,0,1,2,1,0,1,0,2,1,1,1,1,0,0,2,1,2,1,2,0,0,0,0,2,0,0,1,0,0,0,0,0,0,0,0,0,2,1,1,0,2,0,0,2,2,2,1,1,0,1,1,3,1,0,2,1,1,0,2,1,1,1,0,0,1,0,0,2,0,0,2,2,1,1,1,3,0,0,0,0,0,0,0,0,0,0,0,0,0,0,0,0,0,0,0,0,0,0,0,0,0,0,0,0,0,1,0,1,0,0,0,0,0,0,0,0,0,0,0,0,0,0,0,0,0,0,0,0,0,0,0,0,0,-0.536741214057508,-0.597444089456869,-0.019169329073482427,-0.5431309904153354,-1.939297124600639,-0.16932907348242812,-0.28753993610223644,-1.2651757188498403,-0.6900958466453674,-1.4536741214057507,-1.3035143769968052,-0.2268370607028754,-0.8338658146964856,-1.6389776357827477,-1.0223642172523961,0.26517571884984026,-0.17252396166134185,-2.364217252396166,-1.3035143769968052,-1.194888178913738
P38795,0.058823529411764705,0.058823529411764705,0.04481792717086835,0.06162464985994398,0.02661064425770308,0.03361344537815126,0.06022408963585434,0.06582633053221289,0.022408963585434174,0.0700280112044818,0.10224089635854341,0.05182072829131653,0.029411764705882353,0.04201680672268908,0.047619047619047616,0.06862745098039216,0.049019607843137254,0.014005602240896359,0.0350140056022409,0.05742296918767507,3,5,3,0,3,6,1,5,8,6,3,4,5,1,9,7,4,2,2,2,0,2,7,4,2,1,1,1,1,2,3,4,1,2,0,2,4,2,2,1,3,2,1,0,1,0,2,0,0,6,8,4,4,2,0,2,6,16,4,6,11,7,0,9,7,6,6,0,3,0,2,4,3,1,1,3,1,2,8,5,2,8,2,2,8,11,1,3,2,5,0,3,0,2,0,0,1,0,6,11,7,7,3,0,1,5,8,4,2,3,6,2,6,8,3,4,1,1,1,3,7,3,1,2,2,1,2,2,3,0,0,0,0,0,4,2,2,4,0,0,0,0,0,0,0,1,0,2,3,5,1,0,3,0,6,10,4,2,2,2,1,3,2,4,3,1,1,0,2,3,1,2,0,0,0,0,2,2,3,0,0,0,2,3,1,1,0,2,0,1,0,1,0,1,0,0,1,1,1,3,3,2,0,1,3,5,1,4,5,1,4,5,5,2,0,2,0,3,4,0,1,3,1,0,3,5,2,1,0,0,0,2,0,1,0,2,0,0,0,0,1,1,0,0,0,3,3,4,3,1,3,0,3,5,8,1,5,5,1,3,1,2,1,3,0,0,2,2,2,1,0,1,0,3,1,3,2,0,0,0,3,5,2,0,0,1,1,1,0,1,1,0,0,0,0,1,2,0,1,2,0,0,0,0,0,0,0,0,1,0,1,1,0,3,0,0,0,1,0,0,1,0,0,0,0,0,2,1,0,0,0,1,0,0,1,0,0,0,0,0,0,0,0,-0.39691444600280507,-0.8920056100981767,-1.0434782608695652,-1.0140252454417953,-1.8345021037868163,-0.6774193548387096,-0.7798036465638148,-1.279102384291725,-1.1584852734922861,-0.967741935483871,-0.9593267882187938,-0.9453015427769986,-0.8569424964936886,-1.2538569424964936,-1.2776998597475455,-0.6591865357643759,-0.6437587657784011,-2.0238429172510517,-1.0925666199158486,-0.8078541374474053
P38820,0.045454545454545456,0.056818181818181816,0.06136363636363636,0.056818181818181816,0.029545454545454545,0.038636363636363635,0.06363636363636363,0.07954545454545454,0.01818181818181818,0.06363636363636363,0.1,0.05454545454545454,0.01818181818181818,0.03636363636363636,0.04772727272727273,0.056818181818181816,0.05,0.0,0.05,0.07272727272727272,13,3,3,2,2,4,1,6,2,4,6,1,0,2,2,3,2,0,2,2,0,1,2,4,0,1,1,0,1,1,3,0,0,1,0,1,3,2,2,2,0,0,0,1,0,0,0,0,1,2,9,2,2,1,3,0,3,6,7,3,3,3,0,2,7,1,5,4,3,0,5,3,5,1,2,2,0,3,2,2,1,1,3,0,2,1,3,0,0,2,1,1,1,0,0,2,0,0,6,3,1,0,1,0,0,3,5,4,2,3,1,1,3,2,2,1,0,4,0,0,2,1,2,4,1,0,0,4,1,2,0,0,1,2,0,1,3,3,4,1,0,1,0,0,0,1,0,4,0,1,1,0,1,0,2,3,0,4,3,1,0,1,3,3,1,0,5,0,0,2,1,0,0,0,0,6,2,0,1,0,0,0,1,2,0,1,1,0,0,0,0,1,0,0,0,0,1,3,2,2,1,2,1,1,4,5,2,1,1,0,1,4,2,1,1,0,1,0,2,1,0,1,0,0,1,1,0,0,0,0,0,1,1,0,2,1,1,0,0,1,0,0,0,0,0,2,2,2,1,1,0,0,2,3,2,1,1,3,0,2,0,1,2,0,0,1,1,2,2,0,1,1,1,1,3,3,0,1,1,0,1,4,0,0,2,1,0,1,0,0,0,1,0,0,0,1,0,1,0,0,0,2,2,0,0,0,0,1,0,0,1,0,0,0,0,0,0,0,0,0,0,0,0,1,1,0,0,1,0,0,1,0,0,0,0,0,0,1,0,0,0,0,0,-0.5626423690205011,-0.8861047835990888,-0.8633257403189066,-0.8906605922551253,-1.968109339407745,-0.6560364464692483,-0.6788154897494305,-1.5945330296127562,-1.029612756264237,-0.9521640091116174,-0.8997722095671982,-0.7835990888382688,-0.9111617312072893,-1.4533029612756265,-1.5056947608200455,-0.6309794988610479,-0.7608200455580866,-2.3280182232346243,-1.3416856492027336,-0.8496583143507973
P38821,0.06938775510204082,0.04285714285714286,0.044897959183673466,0.053061224489795916,0.00816326530612245,0.026530612244897958,0.0673469387755102,0.07551020408163266,0.036734693877551024,0.07346938775510205,0.09795918367346938,0.06938775510204082,0.012244897959183673,0.053061224489795916,0.03877551020408163,0.08979591836734693,0.05714285714285714,0.00816326530612245,0.02040816326530612,0.05510204081632653,8,8,3,5,0,2,0,5,8,9,2,2,8,0,1,3,3,3,2,2,0,3,2,3,3,1,0,0,2,1,0,1,1,0,0,2,0,2,0,2,0,0,0,1,0,0,0,0,0,4,12,3,2,2,0,0,4,9,4,5,6,3,0,1,3,5,3,6,4,0,3,5,3,1,1,1,0,2,7,1,3,1,1,0,4,4,2,1,6,4,0,1,0,1,0,0,0,0,1,5,0,2,1,1,1,4,4,1,1,2,2,1,4,5,6,1,3,2,0,1,3,4,1,0,1,0,5,3,2,2,0,3,1,3,3,3,1,4,0,0,0,0,0,0,0,0,0,6,3,3,1,0,1,0,4,4,1,1,2,4,0,1,1,4,1,0,4,0,3,2,1,0,1,1,0,1,0,1,1,1,0,0,0,2,2,0,0,0,0,0,0,0,0,0,0,0,3,4,3,0,1,2,0,5,3,4,3,1,0,0,2,1,1,1,0,0,0,3,2,0,3,0,0,0,1,1,1,0,0,0,0,0,5,3,0,0,1,0,0,0,1,0,0,0,0,3,2,1,2,1,0,0,1,3,3,2,2,4,1,2,2,1,1,4,2,0,1,2,0,0,1,1,0,2,4,0,1,0,5,0,0,2,0,3,0,0,0,0,0,0,0,0,0,0,0,0,1,0,0,0,0,0,0,1,0,0,0,0,0,0,1,0,1,0,0,0,0,0,0,0,0,0,0,0,0,0,0,0,0,0,0,0,0,0,0,0,0,0,0,0,0,0,0,-0.3783231083844581,-0.9570552147239264,-0.7096114519427403,-0.9386503067484663,-1.8261758691206544,-0.7750511247443763,-0.6748466257668712,-1.1226993865030674,-1.0715746421267893,-0.8834355828220859,-0.9775051124744376,-0.6319018404907976,-0.8077709611451943,-1.361963190184049,-1.3108384458077709,-0.40286298568507156,-0.45807770961145194,-2.366053169734151,-1.2147239263803682,-0.7034764826175869
P38822,0.05529225908372828,0.03317535545023697,0.08688783570300158,0.08214849921011058,0.00631911532385466,0.030015797788309637,0.0679304897314376,0.04897314375987362,0.01579778830963665,0.05529225908372828,0.07740916271721959,0.10110584518167456,0.01579778830963665,0.026856240126382307,0.037914691943127965,0.08688783570300158,0.07740916271721959,0.01263823064770932,0.03317535545023697,0.04897314375987362,4,3,4,5,1,1,0,2,1,5,0,3,3,0,6,6,7,2,1,4,0,4,6,0,4,1,0,0,2,3,1,1,0,3,0,1,4,2,3,0,3,1,0,0,0,0,0,0,0,2,2,7,2,3,5,0,7,4,5,1,0,3,0,2,7,8,2,1,9,0,1,2,0,4,1,5,0,1,5,10,2,2,3,0,2,3,2,7,2,3,0,0,0,0,0,0,0,0,4,3,3,2,1,1,0,4,7,4,5,9,6,0,1,11,8,3,7,3,1,3,2,2,3,0,0,0,2,1,2,2,5,2,0,4,2,4,6,7,2,0,1,0,0,0,0,0,0,4,2,5,3,1,3,0,2,5,7,1,5,2,0,1,2,3,0,2,3,0,4,5,3,2,4,2,0,3,5,0,1,0,1,1,2,2,2,1,2,1,0,0,0,0,0,0,0,0,2,2,2,0,2,2,0,2,3,5,4,3,2,0,3,8,2,2,3,2,0,3,2,2,2,3,0,0,1,1,4,3,2,0,0,1,2,1,3,2,2,0,0,0,1,0,1,0,0,2,2,5,3,2,1,0,4,0,3,2,3,3,0,1,1,6,1,0,4,0,3,5,4,5,2,3,0,1,4,3,2,2,2,0,4,2,2,2,1,4,0,0,0,0,0,0,1,0,0,0,0,0,0,1,0,0,0,0,0,0,0,0,0,0,1,0,0,0,0,0,0,0,0,0,0,0,0,0,0,1,0,0,0,1,0,0,0,0,0,0,0,0,0,0,0,0,0,-0.4651898734177215,0.0759493670886076,-0.34810126582278483,-0.3259493670886076,-1.514240506329114,0.7199367088607594,0.7958860759493671,-1.5158227848101267,-0.15822784810126583,-1.1123417721518987,-0.7943037974683544,0.370253164556962,-0.26424050632911394,-1.3734177215189873,-1.1993670886075949,-0.310126582278481,-0.5332278481012658,-1.5917721518987342,-0.8955696202531646,-1.0949367088607596
P38853,0.04553264604810996,0.03608247422680412,0.07388316151202749,0.07216494845360824,0.00429553264604811,0.04209621993127148,0.08247422680412371,0.04209621993127148,0.028350515463917526,0.05670103092783505,0.08419243986254296,0.07731958762886598,0.01632302405498282,0.03264604810996564,0.05412371134020619,0.0979381443298969,0.06443298969072164,0.007731958762886598,0.02491408934707904,0.05670103092783505,5,9,9,5,2,2,1,9,6,7,2,1,7,1,7,14,2,5,3,5,0,3,4,4,4,9,4,0,1,2,2,5,0,3,0,1,4,6,4,4,3,0,0,1,1,0,0,0,0,9,4,8,7,3,7,0,6,9,14,5,10,6,0,10,13,14,7,5,6,0,4,8,5,4,4,6,0,2,7,6,6,5,13,0,4,8,11,9,7,11,1,0,1,0,0,0,0,0,4,8,9,7,1,7,0,10,12,16,7,8,12,0,7,12,13,5,2,9,0,6,6,4,7,5,4,0,3,10,2,1,1,3,0,4,10,10,5,2,3,0,1,0,0,0,0,0,0,7,5,4,4,3,2,1,4,8,8,4,7,7,0,3,10,6,5,2,6,0,5,7,6,4,4,4,0,2,7,9,4,3,2,0,3,6,4,4,5,2,0,0,0,0,0,0,0,0,1,5,2,3,1,0,0,4,4,5,7,8,7,0,3,5,3,8,4,5,0,3,7,7,6,1,1,0,2,4,1,2,1,0,0,6,4,1,6,2,3,0,0,0,0,0,0,0,0,6,2,5,2,3,4,0,4,10,5,6,5,11,0,6,10,10,2,4,3,1,5,6,6,5,4,5,0,2,5,7,7,0,1,0,4,9,4,3,2,5,0,0,0,0,0,1,0,0,1,0,0,0,0,0,0,1,0,0,0,0,1,0,0,1,0,0,0,0,0,0,0,0,0,0,0,0,0,0,1,0,0,0,0,0,0,0,0,0,0,0,0,0,0,0,0,0,0,-0.6981943250214961,-0.10060189165950129,-0.44625967325881344,-0.7601031814273431,-1.644883920894239,0.5786758383490972,0.8082545141874462,-2.2579535683576957,-0.4170249355116079,-1.1960447119518487,-0.5485812553740327,0.3834909716251075,-0.5348237317282889,-2.161650902837489,-2.6405846947549443,-0.3903697334479794,-0.7480653482373173,-2.5674978503869306,-1.6913155631986243,-1.3009458297506449
P38862,0.05555555555555555,0.044444444444444446,0.049206349206349205,0.07301587301587302,0.022222222222222223,0.03333333333333333,0.05555555555555555,0.03968253968253968,0.020634920634920634,0.05714285714285714,0.12698412698412698,0.06984126984126984,0.01746031746031746,0.050793650793650794,0.044444444444444446,0.08412698412698413,0.044444444444444446,0.015873015873015872,0.023809523809523808,0.07142857142857142,4,5,1,2,1,1,0,4,3,10,3,5,5,1,3,5,5,1,2,0,2,2,5,0,0,4,3,0,0,6,4,1,1,1,0,0,4,2,5,0,2,0,0,0,0,0,1,1,0,3,6,8,4,10,6,0,8,12,8,6,3,5,2,7,8,5,0,3,2,2,1,3,5,3,6,1,1,4,6,3,3,2,2,0,6,8,1,3,2,4,0,1,1,0,1,1,0,0,3,3,5,3,1,2,1,7,10,1,1,5,5,0,3,5,8,3,1,5,0,2,3,0,0,1,3,0,0,2,1,2,3,1,0,1,5,2,0,2,1,0,3,0,1,0,0,0,0,0,6,2,2,0,2,0,4,7,0,1,0,5,1,0,3,3,0,1,0,0,1,4,0,1,2,0,0,1,4,6,1,0,3,0,3,4,2,0,1,1,0,0,1,1,0,1,1,0,2,2,0,2,0,0,1,6,7,3,2,3,3,0,3,4,2,2,2,3,0,2,2,1,3,1,1,1,2,3,0,1,0,0,0,1,3,3,1,0,0,0,0,0,0,0,0,0,0,2,5,2,0,1,2,0,7,5,4,7,4,1,0,2,4,2,2,0,1,0,4,1,1,1,1,2,2,0,3,1,2,0,0,0,1,3,1,3,1,3,0,0,0,0,0,0,0,0,0,3,0,1,0,0,0,1,0,1,0,0,0,0,0,0,1,1,0,0,0,0,0,0,0,0,1,0,0,0,1,1,0,1,0,0,1,0,0,0,1,0,0,0,0,0,0,0,0,-0.5866454689984102,-0.9602543720190779,-0.8028616852146264,-1.0031796502384738,-1.7440381558028617,-0.6311605723370429,-0.6550079491255962,-1.5707472178060413,-1.1303656597774245,-0.9666136724960255,-0.8187599364069952,-0.7297297297297297,-0.8966613672496025,-1.2829888712241653,-1.3259141494435611,-0.2861685214626391,-0.5119236883942766,-2.292527821939587,-1.2003179650238474,-0.7965023847376789
P38871,0.03677758318739054,0.040280210157618214,0.09106830122591944,0.05604203152364273,0.0070052539404553416,0.050788091068301226,0.09982486865148861,0.028021015761821366,0.01576182136602452,0.0542907180385289,0.07880910683012259,0.09632224168126094,0.017513134851138354,0.04553415061295972,0.043782837127845885,0.09632224168126094,0.06304728546409807,0.010507880910683012,0.02276707530647986,0.04553415061295972,4,2,1,1,0,0,0,3,2,1,2,2,1,0,0,5,4,1,3,2,0,2,1,1,3,2,3,0,1,0,1,1,0,1,0,2,1,3,4,2,1,0,0,0,0,0,0,0,0,3,2,2,1,2,5,0,1,3,5,5,3,5,0,2,9,4,2,5,6,0,3,1,8,6,5,2,0,2,0,2,3,3,4,0,2,4,1,4,5,5,0,0,0,0,0,0,2,0,1,1,4,1,0,2,0,4,7,9,5,3,6,1,2,8,6,4,2,1,0,2,5,1,1,2,1,0,2,3,2,5,3,1,0,0,6,2,3,1,4,0,0,1,0,1,0,0,0,0,4,1,4,0,4,0,3,3,5,4,1,2,0,2,7,3,1,2,4,0,2,4,4,7,2,1,0,3,4,4,1,3,1,0,0,4,2,1,2,1,0,0,0,0,0,0,0,0,0,0,5,3,1,2,0,1,5,5,1,2,2,1,1,3,3,3,1,2,1,2,2,3,0,3,1,0,1,5,4,1,4,0,0,1,3,0,1,2,2,0,0,0,0,0,0,0,0,0,2,2,2,1,0,0,3,1,2,8,3,5,0,2,3,3,1,3,1,1,2,5,2,3,2,1,0,2,5,2,0,2,2,0,2,3,5,2,1,5,0,0,0,0,0,0,0,0,0,0,0,0,0,0,0,0,0,1,0,0,0,0,0,0,0,0,0,0,0,0,0,0,0,0,1,0,0,0,0,0,0,0,0,0,1,1,0,0,0,0,0,0,0,0,0,0,0,-0.7315789473684211,-0.6701754385964912,-0.2596491228070175,-0.7052631578947368,-2.0894736842105264,-0.22280701754385965,-0.1543859649122807,-1.6666666666666667,-1.0017543859649123,-1.4228070175438596,-1.3070175438596492,-0.3175438596491228,-0.7912280701754386,-1.6807017543859648,-1.380701754385965,-0.07192982456140351,-0.37719298245614036,-2.482456140350877,-1.343859649122807,-1.0964912280701755
P38874,0.045307443365695796,0.025889967637540454,0.05501618122977346,0.06472491909385113,0.009708737864077669,0.04854368932038835,0.08090614886731391,0.032362459546925564,0.022653721682847898,0.0744336569579288,0.10032362459546926,0.05825242718446602,0.019417475728155338,0.045307443365695796,0.042071197411003236,0.08737864077669903,0.08090614886731391,0.003236245954692557,0.04854368932038835,0.05501618122977346,1,1,1,2,0,1,0,1,3,3,3,2,3,0,1,2,1,1,2,1,0,1,1,2,0,0,1,0,0,1,1,0,0,0,0,0,3,0,0,0,1,0,0,0,0,0,0,0,0,3,1,2,2,1,0,0,4,5,4,2,4,5,0,3,3,4,3,1,6,0,1,3,1,1,1,0,0,0,2,2,2,1,1,0,1,0,5,3,1,2,0,0,1,0,0,0,0,0,2,4,4,0,0,2,0,2,4,4,1,2,1,0,4,5,4,1,0,2,1,3,1,2,2,1,0,0,1,0,1,1,1,0,0,0,7,3,2,0,2,0,0,0,1,1,0,0,0,0,6,1,0,1,1,0,1,4,4,0,0,0,0,2,0,4,2,0,0,1,1,1,1,2,0,1,0,1,0,1,1,1,0,0,0,1,0,0,1,1,0,0,0,0,0,0,0,0,0,2,1,1,0,0,0,0,2,0,1,0,2,0,0,1,2,1,1,0,0,2,0,2,0,1,1,0,1,1,0,1,1,0,0,0,1,1,0,0,0,0,0,0,0,0,0,0,0,0,1,0,0,0,0,0,1,4,5,0,0,1,1,2,3,1,1,0,5,0,1,2,1,1,1,0,0,1,1,0,1,0,1,0,0,0,3,1,2,4,0,0,0,0,0,0,0,0,0,0,0,0,0,0,0,0,1,0,0,0,0,0,0,0,1,0,0,0,0,0,1,0,0,0,0,0,0,0,0,0,0,0,0,0,0,0,0,0,0,0,0,0,0,0,0,0,0,-0.6655844155844156,-0.9707792207792207,-0.6655844155844156,-0.9188311688311688,-1.7987012987012987,-0.4155844155844156,-0.43506493506493504,-1.7045454545454546,-0.9902597402597403,-0.961038961038961,-0.987012987012987,-0.6168831168831169,-0.6331168831168831,-1.2727272727272727,-1.353896103896104,-0.288961038961039,-0.24025974025974026,-2.2435064935064934,-0.974025974025974,-0.801948051948052
P38889,0.05305466237942122,0.03697749196141479,0.1189710610932476,0.04501607717041801,0.008038585209003215,0.06752411575562701,0.04662379421221865,0.04180064308681672,0.03054662379421222,0.05144694533762058,0.09485530546623794,0.04823151125401929,0.022508038585209004,0.03376205787781351,0.05466237942122187,0.09003215434083602,0.08681672025723473,0.003215434083601286,0.017684887459807074,0.04823151125401929,1,3,0,2,0,3,0,3,6,8,3,0,4,0,1,3,9,7,2,1,1,3,3,1,7,0,2,0,2,1,1,2,3,0,0,0,2,3,0,1,1,0,0,0,0,0,0,0,0,2,1,5,3,5,3,0,5,7,5,7,6,5,0,10,2,10,5,5,4,0,2,8,7,8,2,3,0,2,2,1,1,2,2,0,2,2,5,5,1,1,0,0,0,0,0,0,0,0,4,9,7,2,0,1,0,3,4,3,6,2,0,0,5,7,7,7,1,3,1,4,12,7,5,2,3,0,3,2,3,3,2,1,1,1,3,2,3,0,1,0,1,2,0,0,0,0,0,1,5,6,7,1,0,0,3,10,12,7,2,5,0,3,3,2,11,2,2,0,7,7,5,11,0,5,0,1,2,0,1,0,1,0,2,5,2,5,0,0,1,0,0,0,0,0,0,0,1,4,2,2,1,0,0,1,4,3,3,0,1,0,2,1,1,1,1,0,1,3,4,1,1,1,0,0,2,4,0,1,2,0,0,1,1,0,0,1,1,0,0,0,0,0,1,0,0,0,2,3,0,2,0,0,4,3,4,3,0,1,0,2,1,3,2,4,0,0,1,5,2,3,0,2,0,0,1,2,1,0,0,0,1,2,0,0,1,1,0,0,1,0,0,0,0,0,0,0,1,0,0,0,0,0,1,1,1,0,0,0,0,0,0,0,0,0,0,0,0,0,0,0,0,0,0,0,0,1,0,0,0,0,0,0,0,0,0,0,0,0,0,0,0,0,0,-0.573268921095008,-0.5797101449275363,-0.4830917874396135,-0.7665056360708534,-1.7568438003220612,-0.14814814814814814,-0.48792270531400966,-1.286634460547504,-0.47987117552334946,-0.8840579710144928,-0.9500805152979066,-0.5877616747181964,-0.5249597423510467,-1.502415458937198,-0.9371980676328503,-0.2834138486312399,-0.4669887278582931,-2.42512077294686,-1.2930756843800322,-0.8438003220611916
P38910,0.09433962264150944,0.02830188679245283,0.04716981132075472,0.0660377358490566,0.0,0.05660377358490566,0.04716981132075472,0.07547169811320754,0.0,0.0660377358490566,0.10377358490566038,0.10377358490566038,0.018867924528301886,0.02830188679245283,0.04716981132075472,0.04716981132075472,0.03773584905660377,0.0,0.009433962264150943,0.12264150943396226,3,1,0,0,2,1,0,2,1,1,1,2,0,0,1,0,0,0,2,0,0,2,1,0,1,1,1,0,1,1,0,1,0,1,0,1,0,1,0,1,1,0,0,0,0,0,0,0,0,2,2,1,1,1,1,0,3,2,2,0,0,1,0,0,1,2,0,1,0,0,0,1,0,0,0,0,0,1,1,0,1,0,1,0,1,0,0,0,0,0,0,0,0,0,0,0,0,0,1,0,1,0,0,0,0,2,1,0,0,0,0,0,1,0,1,0,0,0,0,0,0,0,0,0,0,0,2,1,0,0,0,0,0,0,0,0,0,0,0,0,0,0,0,0,0,0,0,0,2,0,1,1,1,0,1,1,0,0,1,0,0,0,0,0,0,0,0,0,0,1,0,0,0,0,0,0,0,0,0,0,1,0,1,0,0,0,0,0,0,0,0,0,0,0,0,0,0,2,1,2,0,0,0,0,2,1,0,1,0,0,0,0,0,0,0,0,0,2,0,0,0,0,0,0,0,0,0,0,0,0,0,1,1,1,0,0,0,0,0,0,0,0,0,0,0,1,0,0,2,0,1,0,0,1,0,0,0,0,0,0,2,0,0,0,0,0,1,0,0,0,0,0,0,1,1,0,0,0,0,0,0,0,0,1,0,1,0,0,0,0,0,0,0,0,0,0,0,0,0,0,0,0,0,0,0,0,0,0,0,0,0,0,0,0,0,0,0,0,0,0,0,0,0,0,0,0,0,0,0,0,0,0,0,0,0,0,0,0,0,0,0,0,0,-1.1333333333333333,-2.057142857142857,-1.8571428571428572,-1.7523809523809524,-3.3904761904761904,-1.4285714285714286,-0.9333333333333333,-2.0761904761904764,-2.6285714285714286,-1.457142857142857,-1.9333333333333333,-0.6666666666666666,-1.8761904761904762,-2.9904761904761905,-2.466666666666667,-1.1238095238095238,-1.0952380952380953,-4.123809523809523,-2.7523809523809524,-0.8476190476190476
P38930,0.027131782945736434,0.05426356589147287,0.01937984496124031,0.09302325581395349,0.023255813953488372,0.046511627906976744,0.05813953488372093,0.06201550387596899,0.027131782945736434,0.050387596899224806,0.10077519379844961,0.07364341085271318,0.031007751937984496,0.046511627906976744,0.04263565891472868,0.07364341085271318,0.04263565891472868,0.007751937984496124,0.05426356589147287,0.06589147286821706,0,1,2,1,0,1,0,0,5,2,0,1,1,0,1,1,2,0,3,2,0,0,2,1,0,1,1,0,0,2,1,0,1,0,0,0,1,0,0,3,1,1,0,0,0,0,0,1,0,2,2,3,1,1,1,0,2,2,5,1,1,2,0,2,2,2,1,1,3,0,1,1,2,1,1,1,1,2,2,1,1,1,2,0,3,2,0,2,0,2,0,0,0,1,0,1,0,0,2,2,3,0,1,1,0,1,1,1,3,3,2,1,1,1,0,2,2,1,0,1,0,0,0,1,1,0,2,2,2,2,1,0,0,1,4,3,1,0,2,0,0,0,0,0,0,0,0,1,0,0,1,1,0,0,2,2,0,2,1,2,0,0,1,1,0,0,1,0,0,1,0,0,1,0,0,0,1,2,1,0,0,0,1,2,1,0,0,0,0,0,0,1,0,0,0,0,0,2,1,2,0,0,1,3,1,1,0,1,0,1,4,3,1,0,1,2,0,0,4,0,0,0,0,0,1,0,2,0,0,0,0,1,0,1,0,0,0,0,0,0,0,0,0,0,0,0,2,1,0,1,3,0,2,2,1,2,2,2,0,0,2,1,0,1,2,0,1,1,0,1,0,1,0,0,0,3,0,0,0,0,1,1,1,1,0,1,1,0,1,1,0,0,0,0,0,0,0,0,0,0,0,0,0,1,0,0,0,0,1,2,0,0,0,0,0,0,0,0,0,0,0,0,1,0,0,0,0,0,0,0,1,0,0,0,0,0,0,0,0,0,0,0,0,-0.8132295719844358,-0.9688715953307393,-0.8443579766536965,-0.8754863813229572,-1.953307392996109,-0.5175097276264592,-0.6342412451361867,-1.6381322957198443,-0.9766536964980544,-1.4396887159533074,-1.264591439688716,-0.7276264591439688,-0.9027237354085603,-1.3929961089494163,-1.4124513618677044,-0.40077821011673154,-0.6381322957198443,-2.252918287937743,-1.11284046692607,-1.2762645914396886
P38986,0.06036745406824147,0.023622047244094488,0.05249343832020997,0.06036745406824147,0.026246719160104987,0.03937007874015748,0.049868766404199474,0.07611548556430446,0.01837270341207349,0.08923884514435695,0.07874015748031496,0.06036745406824147,0.01837270341207349,0.028871391076115485,0.05249343832020997,0.09186351706036745,0.049868766404199474,0.0,0.04461942257217848,0.07874015748031496,2,4,5,1,2,1,0,7,7,2,3,0,0,2,6,2,3,1,0,2,0,2,3,4,2,2,0,1,1,1,4,0,1,0,0,3,5,2,0,0,1,0,0,0,0,0,0,0,0,1,4,3,5,1,5,0,5,4,5,1,3,3,1,5,3,5,1,1,4,0,2,1,3,0,1,3,0,1,4,4,1,0,0,0,2,2,0,2,1,2,1,1,3,0,1,0,0,0,6,7,3,3,1,1,0,3,2,3,2,3,3,0,4,3,2,2,1,2,0,3,1,1,0,0,1,0,0,2,2,1,1,2,0,1,5,4,1,0,0,0,0,0,1,0,0,0,0,3,4,1,1,0,1,0,0,1,4,0,1,2,0,2,3,1,2,2,0,0,2,0,1,0,0,0,1,2,1,0,0,0,0,0,1,0,1,1,0,1,0,2,1,0,0,0,0,0,0,1,0,1,1,1,0,1,2,0,2,3,1,0,2,4,2,0,2,1,1,0,0,0,1,0,0,1,0,1,1,0,0,0,0,1,1,0,0,0,0,0,0,0,0,0,0,0,0,2,0,2,2,1,1,0,2,6,4,0,0,1,2,2,1,1,0,2,1,0,1,3,0,1,0,0,0,0,0,2,0,0,0,0,0,2,0,1,1,0,0,1,0,0,0,0,0,0,0,1,0,1,1,1,0,1,0,1,2,0,0,0,0,0,0,0,0,1,0,0,0,1,0,0,0,0,0,0,0,0,0,0,0,0,0,0,0,0,0,0,0,0,0,0,0,0,0,-0.3605263157894737,-1.3631578947368421,-1.0894736842105264,-1.2236842105263157,-2.405263157894737,-1.1,-0.9789473684210527,-1.3263157894736841,-1.6210526315789473,-1.0973684210526315,-1.2894736842105263,-0.9473684210526315,-1.0157894736842106,-1.8236842105263158,-1.5868421052631578,-0.4921052631578947,-0.5289473684210526,-2.944736842105263,-1.4236842105263159,-0.75
P39007,0.08217270194986072,0.04456824512534819,0.026462395543175487,0.052924791086350974,0.006963788300835654,0.019498607242339833,0.033426183844011144,0.06406685236768803,0.016713091922005572,0.07938718662952646,0.10027855153203342,0.04456824512534819,0.03064066852367688,0.07381615598885793,0.036211699164345405,0.07103064066852367,0.05988857938718663,0.02924791086350975,0.05153203342618384,0.0766016713091922,10,15,8,2,1,1,1,13,17,5,6,3,2,0,12,6,8,5,4,2,0,4,2,2,1,1,1,0,4,3,3,0,0,1,0,2,2,1,2,3,2,0,1,1,2,0,0,0,0,16,19,9,3,1,4,2,22,23,9,6,5,2,0,7,11,4,7,3,2,0,1,7,8,3,0,0,0,7,4,4,1,1,0,0,2,6,2,1,3,3,0,0,0,0,0,0,0,0,7,6,11,4,4,2,1,9,8,11,1,5,4,0,7,10,8,1,6,1,1,0,5,5,5,1,1,0,2,3,6,1,2,4,0,2,3,1,2,0,1,0,0,1,0,0,0,0,0,2,1,2,0,2,1,0,4,9,2,1,1,2,0,2,4,4,2,3,2,0,2,2,1,1,2,3,0,1,2,1,0,0,0,0,1,0,3,1,1,1,0,0,0,0,0,0,0,0,1,3,6,1,1,2,0,4,3,3,3,1,6,0,2,6,5,1,1,2,0,1,1,0,0,0,0,0,0,2,1,0,0,1,0,1,0,3,0,1,2,0,0,0,0,0,0,0,0,2,2,2,0,1,2,0,0,7,4,2,2,1,0,4,1,5,1,0,0,0,0,2,1,1,0,2,0,0,6,2,0,1,1,0,1,5,1,0,2,1,0,0,0,0,0,0,0,0,0,0,0,1,0,0,0,2,0,0,0,0,0,0,1,0,0,0,1,0,0,0,0,0,0,0,0,0,0,0,0,0,0,0,0,0,0,0,0,0,0,0,0,0,0,0,0,0,0,-0.3584379358437936,-1.217573221757322,-1.1171548117154813,-1.6290097629009763,-2.0432357043235703,-1.112970711297071,-1.200836820083682,-1.2580195258019526,-1.3291492329149233,-0.401673640167364,-0.3472803347280335,-0.9609483960948396,-0.4560669456066946,-0.2719665271966527,-1.4602510460251046,-0.48535564853556484,-0.43654114365411434,-1.3417015341701535,-0.200836820083682,-0.37796373779637377
P39081,0.03514376996805112,0.03035143769968051,0.08945686900958466,0.051118210862619806,0.01597444089456869,0.08146964856230032,0.06389776357827476,0.03354632587859425,0.022364217252396165,0.054313099041533544,0.11501597444089456,0.0878594249201278,0.01597444089456869,0.03035143769968051,0.03194888178913738,0.08626198083067092,0.0670926517571885,0.009584664536741214,0.03514376996805112,0.04313099041533546,1,0,4,2,1,0,0,1,5,4,0,3,0,0,5,5,0,4,2,5,1,1,5,0,2,3,1,0,1,4,0,0,0,0,1,2,3,1,0,0,1,0,1,0,1,0,0,0,0,3,1,10,3,0,4,0,4,10,6,6,5,1,1,5,5,6,8,2,3,1,2,6,3,5,6,4,0,0,3,7,2,3,6,0,0,1,1,5,2,3,0,0,0,1,0,1,0,0,3,4,2,1,3,2,0,4,5,8,7,3,2,1,1,6,5,5,1,4,0,5,7,4,7,1,3,0,2,1,4,0,2,3,0,1,4,3,6,3,1,0,0,0,1,0,2,0,0,0,4,2,4,0,1,1,4,6,6,7,5,3,0,1,3,4,5,3,2,1,2,5,5,21,2,2,0,0,5,4,4,1,1,1,3,2,2,3,0,2,0,0,0,0,0,0,0,0,0,1,1,1,1,0,1,3,4,3,3,3,3,0,1,6,4,3,4,2,0,2,2,0,1,2,0,0,1,2,3,0,1,1,0,0,5,3,2,1,1,0,0,2,0,0,0,1,0,1,3,2,1,1,0,0,5,2,2,3,2,3,0,2,3,2,2,0,2,0,0,6,7,1,2,2,0,1,3,1,0,1,0,1,2,2,1,2,1,2,0,0,0,0,0,0,0,0,0,0,1,0,0,0,0,0,1,1,0,0,0,0,0,2,1,0,0,0,0,0,0,0,0,0,0,0,0,1,0,1,0,1,0,0,0,1,0,0,0,0,0,0,0,0,0,0,0,-0.2928,-0.528,-0.2096,-0.592,-1.6736,0.0896,-0.1152,-1.1968,-0.6832,-1.0256,-0.904,-0.1408,-0.704,-1.3232,-0.4928,0.1328,-0.1536,-2.016,-0.9392,-0.8064
P39113,0.052337752965806,0.04396371249127704,0.09979064898813678,0.05792044661549198,0.011165387299371946,0.04396371249127704,0.0418702023726448,0.041172365666434056,0.018143754361479414,0.04954640614096301,0.11095603628750872,0.07466852756454989,0.025819958129797628,0.0418702023726448,0.04884856943475227,0.104675505931612,0.06838799720865317,0.0034891835310537334,0.02372644801116539,0.03768318213538032,5,3,4,2,3,5,1,7,16,7,5,4,4,0,5,12,11,6,3,1,0,4,9,8,5,5,4,0,4,5,4,3,4,2,0,4,3,8,0,5,1,2,0,1,0,1,0,1,0,7,13,10,6,4,6,1,12,34,23,13,17,7,0,12,22,19,9,4,8,0,7,13,9,13,6,7,0,5,11,9,4,11,7,1,3,6,4,4,5,4,2,0,0,0,1,1,0,0,4,13,12,10,6,3,0,9,19,15,15,8,5,2,13,17,29,14,11,6,0,4,12,13,7,7,8,0,4,8,5,7,2,2,1,5,8,5,5,0,1,0,0,0,1,2,0,0,0,2,6,10,6,0,2,0,6,16,16,8,9,1,0,11,9,17,5,3,2,3,5,13,13,7,4,3,0,1,7,8,6,3,2,0,4,11,5,7,5,0,0,1,0,0,0,0,0,0,3,4,1,8,5,2,1,9,10,7,4,5,6,0,3,8,5,6,5,6,0,2,4,5,6,3,4,1,5,4,4,3,1,6,0,2,5,8,2,1,3,1,0,0,0,0,1,1,0,2,4,2,2,4,4,0,3,10,6,9,5,5,0,3,5,9,11,3,1,0,4,3,1,7,1,5,0,4,6,2,1,2,2,0,0,3,2,3,1,3,0,1,2,0,1,1,0,0,0,0,0,1,0,1,0,1,1,0,1,0,0,0,1,0,0,0,0,0,0,0,2,1,0,1,1,0,0,0,1,1,0,1,0,0,2,0,0,0,0,0,0,0,0,0,0,0,0,-0.50768156424581,-0.48533519553072624,0.00558659217877095,-0.5551675977653632,-1.4420391061452513,-0.1696927374301676,-0.5370111731843575,-1.3037709497206704,-0.3931564245810056,-1.1103351955307263,-0.9210893854748603,-0.6026536312849162,-0.513268156424581,-1.1892458100558658,-0.6389664804469274,0.32192737430167595,-0.14455307262569833,-1.8365921787709498,-1.0216480446927374,-1.1054469273743017
P39534,0.06481481481481481,0.09259259259259259,0.027777777777777776,0.05555555555555555,0.009259259259259259,0.018518518518518517,0.06481481481481481,0.05555555555555555,0.018518518518518517,0.06481481481481481,0.1111111111111111,0.027777777777777776,0.018518518518518517,0.027777777777777776,0.027777777777777776,0.10185185185185185,0.06481481481481481,0.018518518518518517,0.08333333333333333,0.046296296296296294,0,2,0,0,1,1,1,1,1,1,1,0,0,0,1,1,1,0,2,0,0,0,0,0,0,0,0,0,0,0,1,1,0,0,0,0,0,0,0,1,0,0,1,0,0,0,0,0,0,2,0,2,0,0,0,0,0,0,2,1,0,1,0,1,2,1,1,0,1,0,0,1,0,1,0,0,0,1,1,1,1,0,0,0,2,0,3,0,0,0,0,0,0,0,0,0,0,0,1,1,2,0,1,0,0,2,2,1,0,1,2,0,0,2,2,0,1,1,0,0,0,0,0,1,0,0,0,1,1,1,0,0,0,0,0,2,0,1,1,0,0,0,0,0,0,0,0,0,0,0,0,0,0,0,0,1,1,0,2,1,0,0,0,0,0,0,0,0,0,1,0,1,0,0,0,0,0,1,0,0,0,0,0,0,1,0,0,0,0,0,0,0,0,0,0,0,1,0,0,0,0,0,0,1,0,1,0,0,1,0,0,2,2,0,0,1,0,0,2,0,0,0,1,0,0,0,0,0,0,0,0,0,1,0,0,0,0,0,0,0,0,0,0,0,0,1,1,0,0,0,0,0,0,0,0,0,1,0,0,3,1,1,0,0,1,0,0,0,0,0,0,0,0,0,1,1,0,0,1,0,0,0,0,0,1,0,0,0,0,0,0,0,0,0,0,0,1,0,0,0,0,0,0,0,0,0,0,0,0,0,0,0,0,0,0,0,0,0,0,0,0,0,0,0,0,0,0,0,0,0,0,0,0,0,0,0,0,0,0,0,0,0,0,-0.5420560747663551,-0.8785046728971962,-0.8878504672897196,-1.2990654205607477,-1.8224299065420562,-0.6728971962616822,-0.7570093457943925,-1.6542056074766356,-1.0560747663551402,-1.0841121495327102,-0.9719626168224299,-0.794392523364486,-0.7009345794392523,-1.3177570093457944,-1.7102803738317758,-0.3177570093457944,-0.4672897196261682,-2.074766355140187,-0.8411214953271028,-0.9158878504672897
P39723,0.03054662379421222,0.03697749196141479,0.09485530546623794,0.06430868167202572,0.0,0.06270096463022508,0.11093247588424437,0.01607717041800643,0.022508038585209004,0.08360128617363344,0.1270096463022508,0.08520900321543408,0.01607717041800643,0.03054662379421222,0.024115755627009645,0.1045016077170418,0.04340836012861737,0.00482315112540193,0.017684887459807074,0.024115755627009645,0,1,1,0,0,1,0,0,1,5,1,1,1,0,1,3,1,2,1,3,0,2,3,1,1,0,2,0,0,2,1,1,0,1,0,0,2,2,0,2,0,0,0,0,0,0,0,0,0,0,2,5,4,2,1,0,1,5,8,11,6,4,0,1,6,8,4,2,13,0,2,9,7,7,6,5,0,2,7,5,5,2,4,0,0,5,2,6,3,5,0,0,0,0,0,0,0,0,2,1,2,2,0,0,0,4,9,4,2,0,5,0,1,5,4,5,1,3,0,3,4,4,0,1,6,0,0,3,3,0,1,4,0,3,10,7,7,4,2,0,0,0,0,0,0,0,0,0,5,1,2,0,2,0,3,13,5,6,4,5,0,2,6,1,2,1,7,0,0,6,3,5,3,2,0,2,5,2,0,2,2,0,0,6,2,6,1,3,0,0,0,0,0,0,0,0,0,0,2,1,2,1,0,1,3,6,4,6,2,0,1,2,2,2,4,3,0,0,7,2,1,0,0,0,1,1,0,1,1,2,0,0,12,1,2,2,1,0,0,0,0,0,0,0,0,1,0,1,0,1,1,0,5,4,6,11,8,4,0,1,2,3,3,2,4,0,3,7,2,5,3,3,0,1,4,3,3,0,5,0,1,3,1,2,4,2,0,0,0,0,0,0,0,0,0,0,0,0,0,0,0,0,0,0,0,0,0,0,0,0,0,0,0,0,0,0,0,0,0,0,0,0,0,0,0,0,0,0,0,0,0,0,0,0,0,0,0,0,0,0,0,0,0,-0.25925925925925924,0.5217391304347826,-0.18679549114331723,-0.23510466988727857,-2.7278582930756845,1.56682769726248,1.9098228663446055,-2.3107890499194848,-0.7359098228663447,-1.3301127214170692,-0.143317230273752,1.1400966183574879,-0.6006441223832528,-2.6264090177133657,-2.793880837359098,-0.22061191626409019,-0.5764895330112721,-3.247987117552335,-2.2270531400966185,-1.320450885668277
P39743,0.12655601659751037,0.03112033195020747,0.035269709543568464,0.03734439834024896,0.002074688796680498,0.07053941908713693,0.07261410788381743,0.07261410788381743,0.01037344398340249,0.03734439834024896,0.06639004149377593,0.06846473029045644,0.01867219917012448,0.03734439834024896,0.06846473029045644,0.05394190871369295,0.07053941908713693,0.004149377593360996,0.06016597510373444,0.056016597510373446,28,6,11,2,1,1,0,6,4,4,2,2,6,0,10,4,3,4,3,1,0,5,2,2,2,0,0,0,0,1,5,0,1,0,0,2,3,1,0,0,1,0,0,0,0,0,0,0,0,5,3,2,2,3,1,0,2,6,3,3,4,3,0,6,6,7,3,1,1,0,2,1,4,1,1,1,0,2,4,1,2,3,2,0,3,4,3,3,1,2,0,0,0,0,0,0,0,0,8,8,6,2,0,2,0,4,7,7,0,2,2,0,5,4,1,1,3,3,0,3,4,0,2,0,3,0,3,2,0,1,3,0,0,2,1,2,4,0,1,0,0,0,0,0,0,0,0,5,2,1,3,2,1,0,2,0,2,4,2,3,0,0,4,3,0,2,1,0,2,2,1,2,1,1,0,0,1,0,2,1,1,0,1,1,1,1,0,2,0,0,1,0,0,0,0,0,0,3,3,0,1,0,0,0,3,4,1,1,0,0,2,2,2,1,0,3,0,1,1,2,1,1,0,0,1,1,4,1,2,2,0,1,1,0,1,0,2,0,0,0,0,0,0,0,0,3,2,2,2,0,2,0,2,1,3,0,3,2,0,3,2,2,3,0,1,0,1,3,1,1,1,1,1,1,0,0,0,1,0,0,2,1,4,0,1,1,0,0,0,0,0,0,0,0,0,0,0,0,0,0,0,0,0,1,0,0,0,0,0,0,0,0,0,0,0,0,0,0,0,0,0,0,0,0,0,0,0,0,0,0,0,0,0,0,0,0,0,0,0,0,0,0,0,-0.4490644490644491,0.02079002079002079,-0.4885654885654886,-0.6216216216216216,-1.9002079002079002,0.4594594594594595,0.2972972972972973,-1.2224532224532225,-0.5176715176715176,-1.2328482328482329,-0.8794178794178794,0.17671517671517672,-0.7567567567567568,-1.4511434511434511,-0.6237006237006237,-0.05197505197505198,-0.4968814968814969,-2.0332640332640333,-0.9854469854469855,-0.9958419958419958
P39928,0.05901639344262295,0.04672131147540984,0.06557377049180328,0.05245901639344262,0.005737704918032787,0.03114754098360656,0.05983606557377049,0.05983606557377049,0.01639344262295082,0.06393442622950819,0.10081967213114754,0.06475409836065574,0.019672131147540985,0.03934426229508197,0.04016393442622951,0.10983606557377049,0.07704918032786885,0.004098360655737705,0.02459016393442623,0.05901639344262295,4,7,10,5,3,6,1,13,12,11,7,3,3,0,11,11,14,6,6,4,0,3,4,7,5,2,2,0,6,1,5,4,4,3,0,7,5,9,5,3,3,1,0,1,0,0,0,0,0,9,11,18,6,4,10,0,13,19,18,8,12,8,0,8,19,16,8,7,8,1,8,10,10,0,5,4,0,9,6,8,4,2,2,0,3,3,8,2,5,3,0,0,2,0,0,0,1,0,10,15,9,5,7,5,0,8,26,15,4,8,8,2,12,19,19,8,5,6,0,3,9,3,4,7,4,0,5,12,3,5,2,3,0,4,9,5,7,1,3,0,0,1,0,0,0,0,0,7,7,5,1,1,4,0,11,10,8,4,1,1,0,11,3,6,4,3,2,0,3,3,2,1,2,4,0,1,5,9,0,4,3,1,3,6,2,2,1,2,0,0,0,0,0,0,0,0,4,4,3,3,6,6,0,6,4,10,6,3,1,0,4,7,7,3,6,5,0,2,5,4,2,2,2,0,1,5,4,2,0,2,0,0,3,5,3,1,3,0,0,1,0,0,0,0,0,2,4,7,3,2,2,0,7,7,2,8,4,1,1,5,12,7,1,3,4,0,6,4,3,3,5,0,0,4,1,4,1,2,2,0,3,4,3,2,2,5,0,1,0,0,0,0,0,0,0,1,0,0,0,0,0,0,0,3,0,0,2,0,0,0,0,0,0,0,0,0,0,0,0,0,0,0,0,0,0,0,0,0,0,0,0,0,0,1,0,0,0,0,0,0,0,0,0,-0.40689089417555374,-0.7038556193601313,-0.7924528301886793,-0.874487284659557,-1.963084495488105,-0.4191960623461854,-0.5988515176374077,-1.5004101722723544,-1.0393765381460214,-0.5365053322395406,-0.5586546349466776,-0.8638228055783429,-0.4610336341263331,-1.3002461033634127,-1.3379819524200165,-0.33962264150943394,-0.4036095159967186,-2.4446267432321576,-1.3716160787530762,-0.5045118949958983
P39929,0.07083333333333333,0.03333333333333333,0.07916666666666666,0.058333333333333334,0.0,0.05,0.14583333333333334,0.0375,0.0125,0.0625,0.09166666666666666,0.09166666666666666,0.041666666666666664,0.0125,0.020833333333333332,0.0875,0.05,0.008333333333333333,0.0,0.04583333333333333,0,0,1,1,0,1,0,1,1,1,0,1,1,0,1,2,0,2,0,2,0,1,1,1,1,1,2,0,1,0,4,2,0,2,0,1,0,1,3,1,0,0,0,0,0,0,0,0,0,1,0,3,1,2,1,0,1,2,2,3,2,0,0,1,1,1,0,2,2,0,1,2,2,1,0,2,0,2,0,2,1,0,0,0,1,1,0,0,1,4,0,0,0,0,0,0,0,0,0,0,0,0,4,1,0,2,7,1,1,0,1,0,1,0,1,2,0,4,0,1,1,1,0,2,1,0,0,1,1,0,1,0,0,1,3,1,1,1,1,0,0,0,0,0,0,0,0,1,3,1,2,1,0,0,0,0,1,2,0,1,0,1,2,1,1,1,0,0,2,0,1,1,0,1,0,2,1,0,0,1,0,0,0,1,3,2,2,0,0,0,0,0,0,0,0,0,1,1,2,1,0,1,0,2,0,0,1,2,1,0,1,5,2,0,0,0,0,1,0,1,0,1,1,0,0,1,1,0,2,0,0,0,1,0,0,0,1,0,0,0,0,0,0,0,0,0,1,0,2,2,2,0,1,0,2,1,0,3,0,0,2,3,1,0,0,0,2,0,1,2,0,1,0,1,3,0,1,0,0,0,4,1,1,0,0,12,0,0,0,0,0,0,0,0,0,0,0,0,0,0,0,0,0,0,0,0,0,0,0,0,0,0,0,0,0,0,0,0,0,0,0,0,0,0,0,0,0,0,0,0,0,0,0,0,0,0,0,0,0,0,0,0,0,-0.301255230125523,-0.49372384937238495,-0.39330543933054396,-0.36401673640167365,-2.6861924686192467,0.5146443514644351,0.39748953974895396,-1.5815899581589958,-1.5439330543933054,-1.1255230125523012,-0.9539748953974896,0.16317991631799164,-0.28451882845188287,-2.225941422594142,-1.5564853556485356,-0.33472803347280333,-0.42677824267782427,-3.0460251046025104,-2.0543933054393304,-1.0627615062761506
P39979,0.08074534161490683,0.049689440993788817,0.043478260869565216,0.055900621118012424,0.0,0.018633540372670808,0.08695652173913043,0.049689440993788817,0.031055900621118012,0.031055900621118012,0.06832298136645963,0.08074534161490683,0.024844720496894408,0.037267080745341616,0.037267080745341616,0.018633540372670808,0.08074534161490683,0.031055900621118012,0.06832298136645963,0.10559006211180125,1,2,0,1,2,2,0,3,0,2,0,1,2,0,0,2,0,0,2,1,0,0,1,2,1,1,0,0,3,0,2,1,0,2,0,1,1,0,0,0,2,0,0,0,0,0,0,0,0,1,2,0,1,2,1,0,0,0,1,1,2,0,0,2,0,1,1,0,0,0,1,0,0,1,0,0,0,2,0,0,1,1,1,0,0,3,0,1,0,2,0,0,0,0,0,0,0,0,4,2,2,2,0,0,0,1,1,0,1,0,2,0,3,2,1,0,0,0,0,1,0,0,0,0,1,0,0,0,1,1,0,1,0,0,1,1,0,1,0,0,0,0,0,0,0,0,0,0,1,1,0,1,1,0,1,0,1,0,2,0,0,1,0,3,1,0,1,0,1,1,2,0,0,0,0,0,0,0,0,1,0,0,0,0,1,0,0,0,0,0,0,0,0,0,0,0,2,1,1,0,2,0,0,0,0,0,0,0,1,0,1,1,2,0,0,0,0,0,2,0,2,0,0,0,1,0,1,0,0,0,0,0,1,2,1,0,0,0,0,0,0,0,0,0,0,0,0,1,1,1,0,0,2,3,0,0,0,1,0,2,0,0,0,1,1,0,1,0,2,0,0,0,0,0,1,0,1,0,0,0,2,0,0,1,1,1,0,0,0,0,0,0,0,0,0,0,0,0,0,0,0,0,0,0,0,0,0,0,0,0,0,0,0,0,0,0,0,0,0,0,0,0,0,0,0,0,0,0,0,0,0,0,0,0,0,0,0,0,0,0,0,0,0,-0.4125,-0.70625,-1.5125,-1.2375,-2.25625,-0.975,-0.51875,-1.69375,-0.9125,-1.33125,-1.08125,-1.14375,-1.125,-1.46875,-1.96875,-1.15,-1.1125,-1.9625,-1.225,-1.075
P39996,0.05341246290801187,0.02967359050445104,0.07418397626112759,0.08011869436201781,0.017804154302670624,0.02967359050445104,0.04747774480712166,0.032640949554896145,0.011869436201780416,0.04747774480712166,0.11572700296735905,0.06231454005934718,0.017804154302670624,0.06824925816023739,0.032640949554896145,0.11572700296735905,0.0712166172106825,0.008902077151335312,0.04451038575667656,0.03857566765578635,4,1,1,0,0,1,0,0,3,4,0,1,1,0,5,2,4,2,0,2,1,1,0,1,0,1,1,0,0,1,0,0,1,1,0,0,2,0,0,0,0,0,0,0,0,0,1,0,0,0,2,3,0,1,1,0,4,5,3,4,2,1,2,1,5,7,1,2,6,0,1,5,4,2,2,0,0,0,1,3,2,0,2,0,2,9,3,0,0,0,0,0,1,1,0,0,0,0,0,3,7,1,1,0,0,2,6,7,2,0,3,0,2,6,7,1,1,3,0,1,4,2,0,0,1,0,1,4,1,2,1,0,0,1,2,2,5,0,2,1,0,1,0,0,0,0,0,2,1,2,2,0,0,1,0,1,2,4,3,2,0,1,1,0,3,3,1,0,2,1,0,0,0,0,1,1,0,2,1,0,1,0,1,0,1,1,0,0,0,0,0,1,0,0,0,0,0,1,1,1,0,0,0,0,3,2,0,1,3,0,1,4,1,1,0,0,0,2,0,1,2,1,0,0,1,0,0,1,0,0,0,0,2,0,0,0,2,0,0,0,0,0,0,0,0,1,1,2,0,1,0,0,0,3,5,3,1,3,0,0,2,1,0,2,1,0,1,2,1,0,1,1,0,0,2,1,0,0,0,0,1,0,0,0,3,3,0,0,0,1,0,0,0,0,0,0,0,0,0,0,0,0,0,0,1,0,1,0,2,0,0,0,1,0,0,0,0,0,0,0,0,0,0,1,0,0,0,0,0,0,0,0,0,0,0,0,0,0,0,0,0,0,0,-0.6369047619047619,-1.1101190476190477,-0.5386904761904762,-0.9226190476190477,-1.7083333333333333,-0.6607142857142857,-0.6934523809523809,-1.6636904761904763,-1.1577380952380953,-1.130952380952381,-1.005952380952381,-0.7083333333333334,-0.6845238095238095,-1.2172619047619047,-1.625,-0.10119047619047619,-0.3392857142857143,-2.255952380952381,-1.0714285714285714,-0.9940476190476191
P39998,0.0544464609800363,0.039927404718693285,0.06715063520871144,0.08166969147005444,0.012704174228675136,0.09074410163339383,0.039927404718693285,0.05989110707803993,0.014519056261343012,0.07259528130671507,0.09437386569872959,0.07259528130671507,0.018148820326678767,0.034482758620689655,0.030852994555353903,0.09437386569872959,0.04900181488203267,0.009074410163339383,0.012704174228675136,0.050816696914700546,0,7,3,1,0,3,1,5,6,2,4,4,5,0,3,2,1,5,1,1,1,2,4,2,0,0,1,0,4,3,3,2,0,0,0,1,4,3,2,2,2,0,0,0,0,0,1,0,0,4,6,2,3,4,2,0,6,6,6,6,1,6,0,5,5,5,5,1,2,1,6,1,5,2,2,2,0,5,1,3,3,1,1,0,2,6,3,1,1,6,1,0,0,0,0,0,0,0,4,3,5,2,4,4,0,3,7,4,1,1,1,0,5,2,1,3,2,1,0,3,3,5,3,4,1,1,1,3,1,2,0,1,0,0,3,3,3,1,0,0,0,1,1,0,0,1,0,3,5,2,1,1,2,0,2,4,6,2,3,2,0,3,4,3,4,2,3,1,1,5,5,7,5,1,0,1,3,3,4,3,0,0,1,3,0,1,1,1,0,0,1,0,1,0,0,0,4,3,2,1,2,2,0,1,1,2,2,4,3,0,2,1,3,2,2,1,0,1,2,2,4,2,1,1,3,1,1,2,1,0,0,0,0,1,2,0,0,0,0,0,0,0,0,0,0,0,2,0,1,1,1,0,4,6,4,2,1,2,0,4,2,2,1,0,2,0,1,4,0,7,1,1,0,0,2,0,0,2,1,0,1,3,0,5,0,3,0,0,0,0,1,0,0,0,0,0,0,0,0,0,0,0,1,0,1,0,0,0,0,1,0,0,0,0,0,0,0,1,1,0,0,0,0,0,0,0,1,0,0,0,0,1,0,0,0,0,0,0,0,0,0,0,0,-0.3690909090909091,-0.7054545454545454,-0.72,-0.7745454545454545,-1.969090909090909,-0.3145454545454546,-0.5218181818181818,-1.1763636363636363,-1.0709090909090908,-1.2363636363636363,-1.0709090909090908,-0.5345454545454545,-1.0327272727272727,-1.6218181818181818,-1.1127272727272728,-0.34545454545454546,-0.5963636363636363,-2.2745454545454544,-1.4254545454545455,-0.9363636363636364
P40054,0.0767590618336887,0.02771855010660981,0.06609808102345416,0.042643923240938165,0.010660980810234541,0.046908315565031986,0.06183368869936034,0.06183368869936034,0.023454157782515993,0.08742004264392324,0.09168443496801706,0.04904051172707889,0.021321961620469083,0.02771855010660981,0.03624733475479744,0.09381663113006397,0.06183368869936034,0.006396588486140725,0.029850746268656716,0.0767590618336887,4,6,3,2,1,3,0,7,1,4,5,1,6,2,7,4,4,5,2,1,0,1,5,3,4,2,2,0,3,0,2,1,0,0,0,2,3,0,2,2,1,0,0,0,0,0,0,0,0,4,4,8,5,2,0,0,1,3,5,2,4,5,0,8,6,5,3,5,0,0,2,3,1,2,4,1,0,1,3,2,2,0,1,0,7,2,4,2,1,3,0,2,1,0,0,0,0,0,5,9,3,4,1,3,0,4,7,6,2,2,3,0,3,5,1,4,1,0,1,2,3,5,3,0,2,0,1,3,4,1,0,2,0,1,2,1,0,0,0,0,1,0,0,0,0,0,0,0,0,3,1,1,3,0,6,3,7,2,1,3,0,5,4,1,1,0,1,0,1,6,3,2,0,0,0,5,0,0,0,0,1,0,1,1,2,1,0,1,0,0,0,0,0,1,0,0,3,2,3,1,1,1,0,3,1,1,1,1,1,0,2,2,1,1,2,1,0,1,2,0,1,0,0,0,0,0,0,0,0,0,0,1,2,1,0,0,0,0,0,0,0,0,0,0,0,2,3,3,4,0,0,0,2,5,4,1,0,1,0,0,2,4,1,1,1,0,1,3,0,0,0,1,1,0,2,1,0,0,0,0,0,3,1,1,0,1,0,0,0,0,0,0,0,0,1,2,0,0,0,0,0,0,0,0,0,0,0,1,0,0,0,0,0,0,0,0,0,0,0,0,0,0,1,0,0,0,0,0,0,0,0,0,0,0,0,0,0,0,0,0,0,0,0,-0.32051282051282054,-1.0982905982905984,-1.0876068376068375,-1.0982905982905984,-2.047008547008547,-0.8589743589743589,-0.9700854700854701,-1.5854700854700854,-1.2799145299145298,-1.0576923076923077,-0.9871794871794872,-1.0128205128205128,-1.047008547008547,-1.6346153846153846,-1.6282051282051282,-0.8226495726495726,-0.7692307692307693,-2.606837606837607,-1.5811965811965811,-0.782051282051282
P40073,0.07901907356948229,0.04904632152588556,0.08991825613079019,0.0653950953678474,0.005449591280653951,0.035422343324250684,0.035422343324250684,0.05722070844686648,0.01634877384196185,0.08991825613079019,0.05722070844686648,0.0326975476839237,0.01634877384196185,0.04632152588555858,0.043596730245231606,0.1008174386920981,0.07356948228882834,0.01907356948228883,0.051771117166212535,0.035422343324250684,3,3,2,0,1,1,0,6,1,3,2,0,2,0,3,1,4,4,1,2,0,1,1,3,2,0,1,0,1,1,1,2,3,0,0,1,3,2,1,0,1,0,0,0,0,0,0,0,0,3,4,2,2,2,3,0,2,5,4,5,1,2,0,3,8,4,4,0,3,1,2,3,5,1,1,1,0,0,3,2,1,2,0,0,1,1,4,1,0,0,0,0,0,1,0,0,0,0,2,4,7,3,0,2,0,3,6,8,1,5,2,0,2,6,3,2,0,1,0,2,3,6,1,1,5,0,0,1,1,0,0,0,0,2,2,1,1,2,1,0,0,1,0,0,0,0,0,1,1,1,1,2,0,0,0,3,3,3,1,0,0,7,6,1,6,0,2,0,0,2,3,3,1,1,0,1,0,0,2,0,0,0,2,3,1,1,0,1,0,0,0,0,0,0,0,0,0,0,0,1,3,1,0,3,1,3,0,1,0,0,0,2,1,1,1,0,0,1,1,2,2,0,0,0,2,2,1,0,1,0,0,0,0,0,0,0,0,0,0,0,0,0,0,0,0,1,2,3,1,0,1,0,2,2,2,2,0,1,1,3,1,2,1,0,1,0,0,0,3,1,0,0,0,1,1,0,0,0,0,0,2,1,0,0,0,2,0,0,0,0,0,0,0,0,0,0,0,0,0,0,0,0,1,0,0,0,0,0,0,1,0,0,0,0,0,0,0,0,0,0,0,0,0,0,0,0,0,0,0,0,0,0,0,0,0,0,0,0,0,0,0,0,0,-0.41530054644808745,-1.1092896174863387,-0.9180327868852459,-1.4153005464480874,-2.273224043715847,-0.5710382513661202,-1.040983606557377,-1.03551912568306,-1.092896174863388,-1.3469945355191257,-1.319672131147541,-1.144808743169399,-1.1967213114754098,-1.5601092896174864,-0.4672131147540984,0.06830601092896176,-0.42349726775956287,-2.489071038251366,-1.215846994535519,-1.0819672131147542
P40089,0.03225806451612903,0.03225806451612903,0.06451612903225806,0.06451612903225806,0.0,0.03225806451612903,0.10752688172043011,0.06451612903225806,0.021505376344086023,0.08602150537634409,0.12903225806451613,0.053763440860215055,0.03225806451612903,0.03225806451612903,0.053763440860215055,0.043010752688172046,0.043010752688172046,0.010752688172043012,0.0,0.0967741935483871,0,2,0,0,0,1,0,1,2,1,1,0,1,0,0,1,0,0,0,0,0,1,0,0,1,0,0,0,0,0,0,1,0,1,0,0,2,1,0,0,1,0,0,0,0,0,0,0,0,1,3,0,1,1,2,0,3,2,2,1,0,1,0,1,0,1,0,3,0,0,0,0,0,1,0,1,0,0,0,0,0,0,0,0,0,2,0,0,1,1,0,0,0,0,0,0,0,0,0,0,0,0,1,1,0,0,1,1,0,0,0,0,0,0,0,0,0,0,0,0,1,0,0,0,0,0,1,0,0,0,1,1,0,0,0,0,0,0,1,0,0,0,0,0,0,0,0,0,1,1,0,0,0,0,1,0,1,0,0,0,0,1,0,0,1,0,0,0,1,1,1,1,0,0,0,0,0,1,0,0,0,0,1,0,0,0,0,0,0,0,0,0,0,0,0,0,1,0,0,1,0,0,0,0,0,0,0,0,0,0,0,0,0,0,0,1,0,0,0,1,1,0,0,0,1,0,0,0,0,0,0,0,1,0,1,0,0,0,0,0,0,0,0,0,0,1,0,0,0,0,0,0,2,4,0,0,0,2,0,0,1,0,0,0,0,0,0,0,0,0,1,0,0,0,0,0,1,0,0,0,0,3,0,0,0,1,0,0,0,0,0,0,0,0,0,0,0,0,0,0,0,0,0,0,0,0,0,0,0,0,0,0,0,0,0,0,0,0,0,0,0,0,0,0,0,0,0,0,0,0,0,0,0,0,0,0,0,0,0,0,0,0,0,-1.423913043478261,-1.4130434782608696,-1.2065217391304348,-1.4891304347826086,-2.3260869565217392,-1.1956521739130435,-1.0978260869565217,-2.0217391304347827,-1.7717391304347827,-0.7934782608695652,-1.0543478260869565,-1.0978260869565217,-0.8913043478260869,-1.9891304347826086,-2.130434782608696,-0.9347826086956522,-0.8369565217391305,-3.25,-1.9565217391304348,-0.6413043478260869
P40151,0.05792163543441227,0.059625212947189095,0.05281090289608177,0.059625212947189095,0.015332197614991482,0.03577512776831346,0.07495741056218058,0.049403747870528106,0.022146507666098807,0.06643952299829642,0.11073253833049404,0.08517887563884156,0.022146507666098807,0.02555366269165247,0.044293015332197615,0.09028960817717206,0.039182282793867124,0.0068143100511073255,0.034071550255536626,0.04770017035775128,3,4,4,2,3,1,1,3,5,4,1,2,6,1,0,3,2,1,3,2,0,0,4,3,1,4,3,0,2,5,4,2,3,0,0,0,4,0,1,1,1,0,0,1,0,0,0,0,1,4,6,2,4,5,1,0,7,9,8,4,3,5,2,3,4,6,1,7,4,0,0,1,5,2,2,4,0,1,5,3,2,2,3,0,5,4,4,4,2,7,0,0,1,1,0,2,0,0,3,4,3,3,2,1,0,3,9,3,2,4,3,0,7,4,5,4,2,2,0,2,4,0,2,1,1,0,3,3,4,2,3,2,0,1,4,3,4,3,0,0,0,1,0,0,0,0,0,2,1,0,3,4,0,0,3,4,2,3,3,1,1,1,3,4,2,1,2,0,4,2,0,1,1,1,0,1,4,1,0,2,0,0,4,2,2,1,2,1,0,0,0,0,0,0,0,0,2,4,0,0,0,3,1,4,4,3,1,4,6,0,4,7,3,0,2,3,1,1,6,2,0,0,1,0,1,1,5,2,3,1,1,1,3,2,0,2,0,0,0,0,0,0,1,0,0,4,3,2,2,2,1,0,2,6,5,3,0,3,0,1,2,5,2,2,2,0,2,0,3,3,0,2,0,2,4,2,1,1,1,0,3,2,3,0,1,2,0,0,0,0,0,0,0,0,0,0,0,0,0,0,0,0,1,0,0,0,2,0,0,1,0,0,0,0,0,1,0,0,0,0,0,0,0,0,1,1,0,1,0,0,0,0,0,0,0,0,0,0,0,1,0,0,0,-0.4232081911262799,-0.40955631399317405,-1.0921501706484642,-0.8225255972696246,-2.7354948805460753,-0.6126279863481229,-0.1416382252559727,-1.5716723549488054,-1.5341296928327646,-0.6604095563139932,-0.7593856655290102,-0.23720136518771331,-0.8549488054607508,-1.863481228668942,-1.621160409556314,-0.6689419795221843,-0.8003412969283277,-3.0,-1.5017064846416381,-0.9453924914675768
P40161,0.03736263736263736,0.02857142857142857,0.054945054945054944,0.10329670329670329,0.006593406593406593,0.03736263736263736,0.11208791208791209,0.04835164835164835,0.008791208791208791,0.05714285714285714,0.0967032967032967,0.08791208791208792,0.017582417582417582,0.04835164835164835,0.035164835164835165,0.0945054945054945,0.05054945054945055,0.0,0.03076923076923077,0.04395604395604396,1,1,2,0,1,2,0,0,3,4,1,1,2,0,5,1,0,1,3,2,0,1,2,2,0,1,0,0,1,2,1,1,2,0,0,1,4,4,1,2,3,0,0,0,0,0,1,0,0,1,5,4,1,1,0,0,3,8,7,3,2,5,0,5,8,5,4,0,3,0,1,2,2,2,2,2,0,1,3,2,1,4,2,0,0,4,6,1,3,5,0,0,0,0,0,0,0,0,2,3,1,3,1,8,0,4,4,6,1,3,5,0,2,4,6,1,1,1,0,2,2,1,0,2,4,0,1,2,2,0,0,3,0,4,3,2,1,0,1,0,0,0,0,0,0,0,0,0,1,1,1,3,0,0,2,1,5,2,2,1,0,0,3,0,2,0,2,0,0,1,0,0,0,1,0,1,1,1,1,2,0,0,1,4,0,2,2,2,0,0,0,0,1,0,0,0,1,0,3,0,1,0,0,2,4,1,2,1,2,0,3,3,1,2,2,0,0,0,3,0,0,1,1,1,1,3,1,1,2,2,0,2,2,0,2,1,2,0,0,0,0,0,0,0,0,2,1,1,1,0,5,1,1,8,2,2,4,4,0,3,4,3,1,2,3,0,2,2,2,0,0,3,0,0,1,4,2,0,1,0,3,4,3,2,0,19,1,0,0,1,0,0,0,0,0,0,0,0,0,0,0,0,0,0,0,0,0,0,0,0,1,0,0,0,0,0,1,0,0,0,0,0,0,0,0,0,0,1,0,0,0,0,0,0,0,0,0,0,0,0,0,0,0,-0.5991189427312775,-0.9537444933920705,-0.3656387665198238,0.24669603524229075,-2.497797356828194,-0.3039647577092511,0.21585903083700442,-1.2114537444933922,-1.105726872246696,-1.2863436123348018,-1.3766519823788546,-0.4581497797356828,-1.1431718061674008,-1.6079295154185023,-1.0748898678414096,-0.08149779735682819,-0.6123348017621145,-2.8480176211453743,-1.4405286343612336,-1.0704845814977975
P40202,0.07228915662650602,0.028112449799196786,0.08032128514056225,0.04819277108433735,0.028112449799196786,0.028112449799196786,0.06827309236947791,0.06827309236947791,0.020080321285140562,0.07630522088353414,0.05622489959839357,0.08032128514056225,0.012048192771084338,0.0321285140562249,0.040160642570281124,0.08032128514056225,0.0642570281124498,0.01606425702811245,0.024096385542168676,0.07630522088353414,3,1,4,2,2,1,0,4,2,1,0,1,1,0,0,2,7,0,2,1,1,2,0,1,0,2,0,0,2,2,1,0,0,1,0,1,1,1,0,2,0,0,1,0,0,2,0,0,0,4,2,2,1,1,2,0,4,1,4,1,0,1,0,1,0,3,2,4,1,0,0,1,0,4,1,0,0,2,0,0,1,0,0,0,0,2,1,2,0,1,0,1,0,0,0,0,1,0,0,0,0,1,0,2,0,2,3,0,2,0,2,0,1,4,1,1,1,4,0,1,3,0,0,0,0,0,4,0,1,2,0,0,0,2,1,0,2,2,0,0,1,0,0,0,0,0,0,2,2,2,0,1,0,1,1,1,4,0,1,0,1,0,2,1,1,0,0,0,2,1,1,0,0,2,0,1,2,0,1,0,0,0,1,3,0,1,0,0,1,0,0,0,0,0,0,0,2,4,4,0,0,0,1,0,1,1,1,0,1,1,1,1,0,0,0,0,0,0,1,0,2,0,2,0,0,0,0,1,0,1,0,0,0,0,1,0,1,0,0,0,0,0,0,0,0,2,0,1,0,1,0,0,1,3,1,2,1,1,0,0,0,1,0,0,1,0,3,2,1,0,0,1,0,2,0,0,0,2,0,0,0,1,0,1,0,0,0,0,0,0,1,0,0,0,0,0,0,1,1,0,1,0,0,0,0,0,0,0,0,0,0,0,0,0,0,0,0,1,0,1,1,0,0,0,0,0,0,0,0,0,1,0,0,0,0,0,0,0,0,0,0,0,0,-0.4798387096774194,-1.4596774193548387,-0.8548387096774194,-0.9879032258064516,-2.004032258064516,-0.9435483870967742,-0.8830645161290323,-1.1774193548387097,-1.3709677419354838,-1.2096774193548387,-1.4959677419354838,-0.6935483870967742,-1.3709677419354838,-2.129032258064516,-1.560483870967742,-0.4314516129032258,-0.45564516129032256,-3.217741935483871,-1.9596774193548387,-0.8629032258064516
P40303,0.051181102362204724,0.06299212598425197,0.027559055118110236,0.051181102362204724,0.015748031496062992,0.06299212598425197,0.08661417322834646,0.05905511811023622,0.015748031496062992,0.05511811023622047,0.07086614173228346,0.07480314960629922,0.003937007874015748,0.023622047244094488,0.03937007874015748,0.09055118110236221,0.06692913385826772,0.003937007874015748,0.03543307086614173,0.10236220472440945,5,3,4,1,0,2,2,1,3,1,0,0,2,0,2,4,1,4,2,1,0,0,2,1,0,0,0,0,2,0,1,0,1,2,0,1,3,0,0,0,0,0,0,0,1,1,0,1,0,4,0,3,0,1,0,0,0,1,3,1,2,2,0,0,5,2,1,1,1,0,1,0,1,0,1,0,0,3,2,3,1,0,0,0,0,2,2,0,2,3,0,0,0,0,0,0,0,0,1,2,2,0,2,0,0,4,1,3,0,4,2,0,1,2,1,0,2,0,0,3,0,3,1,2,0,0,1,0,2,1,2,0,0,3,2,0,1,0,0,0,0,0,0,0,0,0,0,2,0,1,0,0,2,0,1,1,0,0,1,1,0,1,1,2,1,1,1,0,1,1,1,0,0,1,0,3,0,0,0,0,2,0,0,1,0,2,0,0,0,0,0,0,0,0,0,0,5,1,2,0,2,0,1,0,0,1,0,0,2,0,1,2,0,1,0,2,0,0,0,1,1,0,0,0,1,0,0,0,2,3,0,0,2,2,2,0,0,1,0,0,0,0,0,0,0,0,0,2,2,1,0,0,2,3,2,2,2,0,0,1,0,1,2,0,1,0,0,1,0,1,1,2,0,1,1,0,0,1,0,0,1,1,1,0,1,1,0,1,0,0,0,0,0,0,0,1,0,0,0,0,0,0,0,0,0,0,0,0,1,0,0,0,0,0,0,0,0,0,0,1,0,0,0,0,0,0,0,0,0,0,0,0,0,0,1,0,0,0,0,0,0,0,0,-0.37549407114624506,-1.308300395256917,-1.608695652173913,-1.66798418972332,-2.5454545454545454,-1.4387351778656126,-1.173913043478261,-1.4466403162055337,-1.7272727272727273,-1.4110671936758894,-1.6877470355731226,-1.2490118577075098,-1.3122529644268774,-2.110671936758893,-2.691699604743083,-0.8814229249011858,-0.7509881422924901,-3.474308300395257,-1.7509881422924902,-1.1462450592885376
P40316,0.04289544235924933,0.03753351206434316,0.08042895442359249,0.08847184986595175,0.002680965147453083,0.064343163538874,0.0938337801608579,0.05630026809651475,0.013404825737265416,0.03485254691689008,0.12064343163538874,0.0938337801608579,0.010723860589812333,0.01876675603217158,0.05630026809651475,0.08847184986595175,0.04289544235924933,0.0,0.024128686327077747,0.029490616621983913,3,1,0,3,0,2,0,2,2,3,1,1,4,0,1,1,2,1,1,1,0,0,2,2,2,0,1,0,0,0,1,0,0,1,0,0,1,1,0,4,4,0,0,0,0,0,0,0,0,4,3,4,1,0,1,0,4,8,2,4,2,4,0,1,1,2,4,4,1,0,1,2,2,2,1,3,0,2,1,2,0,4,1,0,2,3,2,3,1,3,0,0,0,0,0,0,1,0,0,4,1,0,0,2,0,1,3,3,1,1,0,1,3,1,0,1,0,4,0,2,4,2,2,1,0,0,0,3,4,3,1,2,0,1,1,1,2,0,5,0,0,0,0,0,0,0,0,0,2,1,2,1,2,0,3,4,2,1,3,1,0,1,2,1,3,1,0,0,2,3,2,2,1,2,0,1,2,4,1,1,0,0,1,2,0,3,2,0,0,0,0,0,0,0,0,0,2,2,1,1,0,0,0,1,5,2,3,1,0,0,0,5,1,2,5,1,0,0,2,0,1,0,1,0,1,4,2,0,0,0,0,1,2,1,1,0,1,0,0,0,0,0,0,0,0,0,1,0,0,1,3,0,2,2,1,1,2,5,0,0,0,4,0,2,3,0,3,1,0,3,6,1,0,2,2,1,0,1,2,0,0,4,3,5,1,6,0,0,0,0,0,0,0,0,0,0,0,0,0,0,0,0,0,0,0,0,0,0,0,0,0,0,0,0,0,0,0,0,0,0,0,0,0,0,0,0,0,0,0,0,0,1,0,0,0,0,0,0,0,0,0,0,0,-0.7016129032258065,-0.6639784946236559,-0.20967741935483872,-0.5564516129032258,-2.185483870967742,-0.10752688172043011,-0.13172043010752688,-1.4274193548387097,-1.0456989247311828,-1.6263440860215055,-1.3978494623655915,-0.27419354838709675,-0.9112903225806451,-1.9865591397849462,-1.196236559139785,-0.053763440860215055,-0.5672043010752689,-2.6693548387096775,-1.5779569892473118,-1.282258064516129
P40325,0.04040404040404041,0.09090909090909091,0.045454545454545456,0.03535353535353535,0.04040404040404041,0.0707070707070707,0.03535353535353535,0.06565656565656566,0.030303030303030304,0.020202020202020204,0.05555555555555555,0.030303030303030304,0.015151515151515152,0.015151515151515152,0.13636363636363635,0.09090909090909091,0.0707070707070707,0.015151515151515152,0.06060606060606061,0.03535353535353535,2,2,0,2,0,0,0,0,0,2,2,3,0,0,2,1,1,1,0,0,0,1,0,1,2,1,0,1,0,0,0,0,0,0,1,0,0,0,0,0,1,0,0,1,0,0,1,0,0,1,1,1,0,0,1,0,0,2,2,1,5,1,1,0,1,4,0,0,0,0,2,0,3,1,0,0,0,1,6,3,2,1,1,0,1,0,0,0,0,2,0,0,1,0,0,0,0,0,1,2,1,0,1,0,0,1,3,1,1,2,0,0,2,4,8,4,0,0,0,2,2,3,1,0,0,0,2,0,0,1,0,0,1,0,0,0,0,1,0,0,0,0,1,0,0,0,0,1,1,2,3,0,0,1,1,1,0,1,3,0,0,0,1,4,2,0,1,0,2,3,0,2,0,0,0,0,1,0,0,0,0,0,0,0,0,0,0,0,0,0,1,1,0,0,0,0,1,0,1,1,0,0,0,1,4,0,1,1,1,0,1,0,1,1,1,0,1,1,1,0,1,0,0,1,0,0,0,1,0,0,0,0,0,0,0,0,1,0,0,0,1,0,0,1,0,0,1,0,0,0,0,1,0,1,0,0,0,0,0,0,0,1,0,0,0,0,0,0,1,0,0,0,0,0,1,1,0,0,0,0,0,1,1,1,1,3,0,0,0,0,0,0,0,0,0,0,0,0,0,0,0,1,1,0,0,0,1,0,0,1,0,0,2,0,0,0,0,0,0,0,0,0,0,0,1,0,0,0,0,1,0,0,0,0,0,0,0,0,0,0,0,0,0,-0.27918781725888325,-0.34517766497461927,-0.3553299492385787,-0.751269035532995,-1.649746192893401,-0.09137055837563451,-0.4720812182741117,-1.0253807106598984,-0.9390862944162437,-1.6598984771573604,-1.5634517766497462,-0.2131979695431472,-1.015228426395939,-1.9035532994923858,-0.19796954314720813,0.09137055837563451,-0.2436548223350254,-2.3045685279187818,-1.1878172588832487,-1.284263959390863
P40416,0.07101449275362319,0.057971014492753624,0.04927536231884058,0.050724637681159424,0.005797101449275362,0.0391304347826087,0.042028985507246375,0.059420289855072465,0.015942028985507246,0.08115942028985507,0.11594202898550725,0.06811594202898551,0.021739130434782608,0.0536231884057971,0.03333333333333333,0.06376811594202898,0.06666666666666667,0.011594202898550725,0.02318840579710145,0.06956521739130435,2,8,10,1,2,1,0,8,7,9,4,5,2,1,5,10,8,3,4,1,2,1,3,3,2,4,5,0,3,4,3,3,1,3,0,1,3,0,1,1,3,0,1,0,0,0,0,0,0,8,12,8,6,6,2,1,14,13,12,3,8,2,0,8,10,3,6,5,5,0,3,5,5,4,1,3,0,9,4,3,3,2,2,0,2,3,4,2,5,2,0,0,0,0,0,1,0,0,3,5,8,3,3,2,0,10,8,6,6,3,4,0,3,7,3,0,4,1,0,0,4,3,1,3,0,0,4,6,1,2,2,2,0,0,6,1,2,2,0,0,1,1,0,0,0,0,0,4,3,2,2,2,1,0,3,9,6,1,0,1,0,2,3,3,0,3,2,0,4,4,0,1,1,1,0,1,7,1,0,1,1,0,2,5,1,1,2,0,0,0,0,0,0,0,0,0,2,5,3,5,3,2,0,4,11,2,3,5,5,0,4,4,1,1,1,0,0,5,0,2,1,1,1,0,1,4,0,1,0,1,0,6,1,1,1,0,0,0,0,0,0,0,0,0,0,4,3,1,1,1,1,0,4,3,3,4,2,3,0,2,3,0,1,0,2,0,1,4,0,2,1,1,0,2,4,3,1,1,0,0,0,1,1,2,1,1,0,0,0,0,0,0,0,0,1,0,1,0,0,0,0,0,1,0,0,0,0,0,0,0,0,0,0,0,0,0,0,0,0,0,0,0,0,1,0,0,0,0,0,0,0,0,0,0,0,0,0,0,0,0,0,0,0,-0.6966618287373004,-1.5152394775036284,-1.4876632801161103,-2.146589259796807,-2.825834542815675,-1.1988388969521044,-1.6415094339622642,-1.9550072568940493,-1.9593613933236576,-0.7358490566037735,-0.7285921625544267,-1.579100145137881,-0.8011611030478955,-1.2844702467343976,-2.6313497822931784,-0.5863570391872278,-0.8156748911465893,-2.8171262699564585,-1.7982583454281567,-0.8940493468795355
P40460,0.02170767004341534,0.04775687409551375,0.0824891461649783,0.04775687409551375,0.002894356005788712,0.06222865412445731,0.09696092619392185,0.03473227206946455,0.023154848046309694,0.08972503617945007,0.11143270622286541,0.10564399421128799,0.01881331403762663,0.02894356005788712,0.01881331403762663,0.09117221418234443,0.05788712011577424,0.00723589001447178,0.024602026049204053,0.02604920405209841,4,1,3,0,0,0,0,1,2,1,3,2,4,0,4,5,1,4,0,0,0,2,1,1,5,0,0,0,0,3,0,3,1,0,0,1,1,2,2,0,0,0,0,0,0,0,0,0,0,1,2,5,5,4,2,0,3,6,6,8,6,0,0,2,5,4,1,9,6,0,2,3,10,4,6,6,0,1,10,6,6,2,8,0,1,9,6,5,4,6,1,0,0,1,0,0,0,0,2,4,3,3,1,1,0,4,5,2,9,6,8,0,2,6,6,3,2,3,0,1,6,2,3,4,3,0,1,7,7,4,3,7,0,0,6,5,3,0,0,0,0,0,0,0,0,0,0,1,4,1,1,0,1,0,7,2,6,5,6,7,1,3,5,4,3,7,3,0,1,8,4,5,0,2,0,1,7,3,2,2,2,0,0,2,7,4,1,2,0,0,0,0,0,0,0,0,0,2,1,0,0,0,0,1,10,7,4,3,8,0,3,5,3,2,6,0,0,1,7,4,1,4,1,0,0,4,1,2,3,1,0,2,7,3,7,3,0,0,0,0,0,0,0,0,0,0,0,1,0,2,2,0,3,4,5,2,10,5,0,0,8,4,6,5,1,0,1,9,4,2,3,4,0,0,2,2,1,0,4,0,1,4,0,2,1,1,0,0,0,0,0,0,1,0,0,0,0,0,0,0,0,0,0,0,0,0,0,0,0,0,0,0,0,1,0,0,0,0,0,0,0,0,0,0,0,0,0,0,0,0,0,1,0,0,0,0,0,0,0,0,0,0,0,-0.591304347826087,0.3130434782608696,-0.4420289855072464,-0.9739130434782609,-3.263768115942029,1.3608695652173912,1.4246376811594204,-3.1565217391304348,-0.8782608695652174,-1.5246376811594202,-0.4492753623188406,1.0115942028985507,-0.6376811594202898,-3.1608695652173915,-4.101449275362318,-0.45507246376811594,-0.8898550724637682,-4.059420289855073,-2.652173913043478,-1.728985507246377
P40473,0.039886039886039885,0.05698005698005698,0.06837606837606838,0.037037037037037035,0.005698005698005698,0.09971509971509972,0.05698005698005698,0.045584045584045586,0.03133903133903134,0.05413105413105413,0.06837606837606838,0.04843304843304843,0.045584045584045586,0.017094017094017096,0.09401709401709402,0.1111111111111111,0.05982905982905983,0.002849002849002849,0.022792022792022793,0.03418803418803419,1,2,2,0,0,0,0,1,1,2,7,2,1,0,2,3,5,1,0,2,0,0,6,0,1,0,0,0,0,2,0,0,0,0,0,0,0,1,0,0,0,0,0,0,0,0,0,0,0,0,1,3,1,1,0,0,0,2,4,7,3,1,0,2,7,3,3,3,0,0,6,4,4,6,3,1,0,2,2,1,2,1,3,0,0,0,2,2,1,1,0,0,0,0,0,0,0,0,2,5,4,1,0,0,0,2,7,5,5,1,0,0,6,5,5,2,0,4,0,0,2,5,2,1,1,0,0,1,1,0,3,1,0,2,1,3,1,2,1,1,0,0,0,0,1,0,0,1,3,3,3,1,0,0,2,4,4,4,2,3,0,0,2,8,0,1,3,0,3,3,2,8,0,2,0,0,2,2,1,0,0,0,1,0,0,1,2,0,0,0,0,0,0,0,0,0,0,1,0,1,0,0,0,0,1,3,1,3,0,0,0,1,1,2,1,1,0,1,2,3,0,0,0,0,0,0,2,2,2,0,0,1,2,2,1,1,1,0,0,0,0,0,0,0,0,1,2,1,0,0,1,0,1,2,0,0,0,1,0,2,1,0,3,1,1,1,1,2,0,1,1,0,0,0,1,1,1,0,3,0,1,1,1,0,0,0,0,1,0,0,0,0,0,0,0,0,0,1,0,0,0,0,0,0,0,0,0,0,0,0,0,0,0,0,0,0,0,0,0,0,0,0,0,0,0,0,0,1,0,0,0,0,0,0,0,0,0,0,0,0,0,0,0,-0.5457142857142857,-0.5114285714285715,-0.20857142857142857,-0.8457142857142858,-2.037142857142857,0.13428571428571429,-0.2914285714285714,-1.3885714285714286,-0.6714285714285714,-1.4228571428571428,-1.3057142857142856,-0.28285714285714286,-0.6371428571428571,-1.7971428571428572,-0.7542857142857143,0.02,-0.24857142857142858,-2.4114285714285715,-1.262857142857143,-1.0714285714285714
P40485,0.043731778425655975,0.037900874635568516,0.08600583090379009,0.056851311953352766,0.0029154518950437317,0.11078717201166181,0.04227405247813411,0.029154518950437316,0.01749271137026239,0.056851311953352766,0.09766763848396501,0.06268221574344024,0.018950437317784258,0.043731778425655975,0.04227405247813411,0.11224489795918367,0.06268221574344024,0.0058309037900874635,0.02478134110787172,0.04518950437317784,0,3,5,1,0,0,0,2,6,3,2,4,4,0,0,3,9,3,4,1,1,2,5,4,4,2,2,0,0,1,3,0,1,0,0,0,0,2,3,1,0,0,0,0,0,0,0,0,0,2,8,5,6,0,2,0,6,9,5,6,5,6,0,8,5,8,3,4,3,0,4,8,5,4,4,4,0,5,5,4,3,0,1,0,2,3,7,5,7,3,0,0,0,0,0,0,0,0,3,5,5,5,2,0,0,4,11,7,4,3,1,0,4,6,16,9,4,3,0,1,5,7,10,3,1,0,2,7,3,2,1,2,0,1,4,2,3,0,0,0,0,0,1,0,0,1,0,2,3,2,3,1,1,0,4,6,12,9,1,8,0,0,8,5,6,2,2,0,2,11,2,30,3,2,0,4,2,3,2,2,1,0,2,5,1,2,0,2,0,0,0,0,0,0,0,0,1,2,1,3,1,3,0,3,3,3,3,2,7,0,4,5,2,3,2,0,1,2,2,1,1,1,0,0,0,3,1,0,1,2,0,1,3,0,1,0,1,0,0,0,0,0,0,0,0,1,0,3,1,1,0,0,4,2,1,5,3,1,0,4,3,3,2,0,1,0,1,9,4,1,1,3,0,0,3,3,0,2,0,0,0,1,0,5,0,0,0,0,0,0,0,0,0,0,0,0,0,0,0,0,0,0,0,0,0,0,0,0,0,0,0,1,0,0,0,0,0,0,0,0,0,0,0,0,0,0,0,0,0,0,0,1,0,0,0,0,0,0,0,0,0,0,0,-0.48759124087591244,-0.4642335766423358,-0.31386861313868614,-0.7021897810218978,-1.9226277372262774,0.08321167883211679,-0.1781021897810219,-1.3313868613138686,-0.7547445255474453,-1.2,-1.032116788321168,-0.16204379562043797,-0.6861313868613139,-1.364963503649635,-0.9357664233576642,0.049635036496350364,-0.2686131386861314,-2.2656934306569343,-1.108029197080292,-0.981021897810219
P40574,0.05714285714285714,0.061224489795918366,0.08163265306122448,0.04897959183673469,0.0326530612244898,0.053061224489795916,0.09795918367346938,0.012244897959183673,0.044897959183673466,0.053061224489795916,0.09795918367346938,0.11428571428571428,0.0163265306122449,0.00816326530612245,0.04897959183673469,0.0653061224489796,0.04897959183673469,0.004081632653061225,0.0163265306122449,0.036734693877551024,1,0,0,0,2,1,0,1,0,0,1,0,0,0,1,0,1,1,0,0,0,0,5,0,1,1,0,0,0,0,2,2,1,0,0,0,0,0,0,1,1,0,0,0,1,0,1,0,0,0,1,3,3,1,0,1,3,5,1,1,2,2,0,0,1,1,0,1,3,0,0,0,2,1,0,2,0,0,3,2,5,0,0,0,0,1,1,2,1,1,0,0,0,1,0,0,0,0,1,0,0,2,1,0,0,0,2,2,0,1,0,0,0,1,1,2,0,1,0,0,0,1,1,1,1,0,0,2,0,0,1,1,0,0,3,2,0,3,3,0,0,1,0,1,0,0,0,1,1,0,0,1,1,0,0,3,1,1,5,2,0,0,0,0,0,1,1,2,0,2,0,1,4,1,1,1,2,1,0,3,0,0,0,1,3,1,1,1,0,0,1,0,0,0,1,0,1,0,1,1,0,0,0,2,3,1,1,1,1,0,2,3,0,0,0,1,0,3,3,0,4,1,2,0,0,1,0,3,4,1,0,0,1,0,0,1,0,0,1,0,0,0,0,0,0,0,0,0,1,0,0,0,1,1,1,1,1,1,1,1,0,1,1,1,5,0,1,1,0,1,0,1,1,1,1,1,3,0,0,1,0,1,3,2,0,1,0,0,0,0,0,0,0,0,0,0,0,0,0,0,1,2,0,0,0,0,0,0,0,0,1,0,1,0,0,0,0,1,0,0,0,0,1,0,0,0,0,0,0,1,0,0,0,0,0,0,0,0,0,0,0,0,0,-0.3401639344262295,-0.16393442622950818,-0.2336065573770492,-0.5983606557377049,-2.0614754098360657,0.1885245901639344,0.12295081967213115,-1.5491803278688525,-0.8852459016393442,-1.5532786885245902,-1.278688524590164,0.01639344262295082,-1.0,-2.2336065573770494,-1.3360655737704918,0.05327868852459016,-0.3360655737704918,-2.8524590163934427,-1.778688524590164,-1.3319672131147542
P40582,0.07692307692307693,0.038461538461538464,0.029914529914529916,0.05982905982905983,0.0,0.03418803418803419,0.07264957264957266,0.04700854700854701,0.029914529914529916,0.06837606837606838,0.1111111111111111,0.0811965811965812,0.02564102564102564,0.05982905982905983,0.05555555555555555,0.08974358974358974,0.01282051282051282,0.01282051282051282,0.04700854700854701,0.04700854700854701,0,1,2,0,1,0,0,1,2,3,0,1,3,0,0,2,2,2,0,3,0,0,0,2,1,0,0,0,1,2,2,0,1,1,0,4,1,0,0,1,1,0,0,0,0,0,0,0,0,1,2,3,1,3,0,0,2,9,5,3,2,2,0,3,1,4,0,2,1,0,1,4,1,3,1,2,0,1,1,0,0,3,1,0,3,3,1,0,0,0,0,0,0,0,0,0,0,0,1,1,1,2,0,1,0,3,5,1,0,2,1,0,1,4,1,1,0,1,0,0,3,0,0,0,2,0,1,1,0,0,0,0,0,1,1,0,0,2,2,0,0,0,0,0,0,0,0,0,0,0,0,1,2,0,1,3,1,2,1,0,0,1,1,0,1,0,0,0,1,1,0,0,2,0,0,1,0,2,0,0,0,0,1,3,0,0,0,0,0,0,0,0,0,0,0,0,0,2,1,0,2,2,0,1,1,0,2,0,1,0,1,4,0,1,0,0,0,0,0,0,0,0,0,0,2,1,1,0,1,1,0,1,1,0,1,1,0,0,0,0,0,0,0,0,0,2,4,2,0,0,2,0,2,3,1,4,0,0,0,0,0,2,0,0,1,0,1,0,0,0,0,0,0,1,0,1,0,1,1,0,0,1,2,0,0,0,0,0,0,0,0,0,0,0,0,0,0,0,0,0,0,0,0,0,0,0,0,0,0,0,0,0,0,0,0,0,0,0,0,0,0,0,0,0,0,0,0,0,0,0,0,0,0,0,0,0,0,0,0,0,0,0,0,-0.5879828326180258,-1.2103004291845494,-1.1802575107296138,-1.2660944206008584,-1.9484978540772533,-0.9356223175965666,-0.7682403433476395,-1.849785407725322,-1.1630901287553648,-1.0772532188841202,-0.7339055793991416,-0.7381974248927039,-0.7296137339055794,-0.9484978540772532,-1.5965665236051503,-0.9356223175965666,-0.944206008583691,-1.6952789699570816,-0.9098712446351931,-1.0214592274678111
P40892,0.05612244897959184,0.03571428571428571,0.08673469387755102,0.0663265306122449,0.015306122448979591,0.01020408163265306,0.05612244897959184,0.09183673469387756,0.015306122448979591,0.11734693877551021,0.061224489795918366,0.061224489795918366,0.01020408163265306,0.02040816326530612,0.05612244897959184,0.04081632653061224,0.04591836734693878,0.00510204081632653,0.05102040816326531,0.09693877551020408,6,3,3,2,1,1,0,3,3,4,4,0,0,0,1,1,1,1,0,2,0,0,2,1,0,0,3,0,1,0,0,0,0,0,1,0,2,1,0,0,0,0,0,0,0,0,0,0,0,4,3,1,3,1,0,0,2,3,1,2,0,4,0,3,2,0,1,0,0,0,4,0,1,1,0,3,0,0,2,1,0,2,0,0,1,2,1,0,2,0,0,0,0,0,0,0,0,0,2,2,2,0,0,0,0,1,1,1,2,1,1,0,0,1,2,0,0,1,0,1,0,2,0,1,0,0,0,0,0,0,1,0,0,0,1,0,1,2,0,1,0,0,1,0,0,0,0,3,0,1,1,0,1,0,1,0,0,0,2,0,0,1,0,1,0,1,1,0,1,0,0,1,0,0,0,1,0,0,0,0,0,0,3,2,1,0,0,1,0,0,0,0,0,0,0,0,1,1,0,0,0,0,0,3,1,0,0,2,0,0,0,0,0,1,0,1,0,0,0,0,0,0,1,0,0,2,1,1,0,1,0,1,0,1,0,0,0,0,0,1,0,0,0,0,0,0,5,0,0,0,1,0,2,4,0,0,0,1,0,0,2,0,1,0,0,1,0,1,0,0,0,0,0,0,2,0,0,1,1,0,1,0,0,0,0,0,0,0,0,1,0,0,0,0,0,0,0,0,0,0,0,0,0,0,1,0,0,0,1,1,0,0,0,0,0,0,0,0,0,0,0,0,0,0,0,0,0,0,0,0,0,0,0,0,0,0,0,0,0,0,0,0,0,-0.48205128205128206,-1.3384615384615384,-0.8358974358974359,-1.3948717948717948,-2.1333333333333333,-1.3794871794871795,-1.2102564102564102,-0.676923076923077,-1.1897435897435897,-0.8564102564102564,-1.9384615384615385,-1.1333333333333333,-1.4923076923076923,-1.9692307692307693,-2.0923076923076924,-0.9435897435897436,-0.6974358974358974,-3.169230769230769,-1.8974358974358974,-0.4153846153846154
P40957,0.029372496662216287,0.036048064085447265,0.12550066755674233,0.06942590120160214,0.009345794392523364,0.06942590120160214,0.09746328437917223,0.020026702269692925,0.009345794392523364,0.044058744993324434,0.14018691588785046,0.1081441922563418,0.018691588785046728,0.029372496662216287,0.01335113484646195,0.07209612817089453,0.044058744993324434,0.00801068090787717,0.02403204272363151,0.03204272363150868,0,2,1,0,1,2,0,0,3,1,3,1,1,0,1,4,2,2,1,2,0,0,3,2,4,3,3,0,2,0,4,0,0,2,0,0,7,1,2,1,0,0,0,0,0,0,0,0,0,1,3,3,4,1,3,0,3,5,4,7,5,3,3,3,2,5,4,7,3,0,2,7,5,8,2,7,0,2,8,4,5,7,6,1,4,7,1,8,5,7,0,0,1,1,1,1,1,0,3,1,2,3,3,0,0,2,6,3,0,8,7,0,2,4,2,5,2,4,0,6,5,4,1,4,2,0,0,5,4,5,1,2,0,3,4,7,6,0,2,0,0,0,0,0,0,0,0,1,2,2,5,2,1,0,5,4,8,7,7,6,0,2,5,6,6,2,7,0,2,8,4,13,5,7,0,0,5,3,6,3,1,0,1,7,3,7,4,1,1,0,0,0,0,0,0,0,0,0,3,1,1,1,0,2,4,4,6,5,9,1,2,7,2,1,3,3,0,0,3,6,6,2,2,0,1,6,1,2,3,2,0,0,7,2,5,3,1,0,0,0,0,0,0,1,0,1,1,1,2,0,4,0,3,7,4,8,7,6,1,2,3,2,4,2,3,0,3,10,7,6,2,3,0,0,7,2,1,1,4,0,1,4,3,3,1,4,0,0,0,0,1,0,0,0,0,0,0,0,0,0,0,0,1,0,0,0,0,0,0,1,0,0,0,0,0,0,1,0,1,0,0,0,0,0,0,0,0,1,0,0,0,0,0,1,1,0,0,0,0,0,0,0,0,-0.5254010695187166,0.6229946524064172,-0.3195187165775401,-0.7393048128342246,-3.306149732620321,1.967914438502674,2.3275401069518717,-3.6524064171122994,-0.6844919786096256,-1.3649732620320856,0.06283422459893048,1.5401069518716577,-0.5387700534759359,-3.394385026737968,-4.689839572192513,-0.5240641711229946,-1.0213903743315509,-4.397058823529412,-2.979946524064171,-1.7593582887700534
P40963,0.020710059171597635,0.03550295857988166,0.04437869822485207,0.04142011834319527,0.029585798816568046,0.05325443786982249,0.04437869822485207,0.07100591715976332,0.01775147928994083,0.05621301775147929,0.1242603550295858,0.10059171597633136,0.014792899408284023,0.05029585798816568,0.03254437869822485,0.07692307692307693,0.05325443786982249,0.01775147928994083,0.06804733727810651,0.047337278106508875,0,1,1,2,0,1,0,2,3,2,2,2,2,1,2,5,1,1,0,1,0,1,1,0,0,1,0,0,2,2,3,0,2,1,0,0,3,0,1,0,0,0,0,0,0,0,0,0,0,1,3,3,0,2,2,0,6,7,3,3,0,0,3,3,6,2,2,2,3,0,1,1,5,4,3,0,0,2,2,4,2,2,0,0,1,2,1,0,1,1,0,1,1,2,2,0,0,0,2,4,5,1,2,0,0,1,5,3,2,5,3,0,3,3,1,0,2,1,0,1,3,5,0,0,2,0,1,3,2,1,1,0,0,0,3,2,0,1,1,1,1,0,0,0,0,0,0,1,1,0,0,2,0,0,1,2,2,2,1,0,0,1,3,3,4,3,0,0,0,0,1,3,1,1,1,1,2,0,0,2,1,0,2,1,0,0,0,1,0,0,2,0,0,0,0,0,1,1,2,0,3,0,0,0,0,4,3,4,0,1,3,2,2,2,1,2,0,0,1,3,0,1,1,0,1,2,2,2,0,0,0,0,0,1,1,0,0,0,0,0,0,0,0,0,0,0,1,0,0,1,1,0,1,3,4,2,0,1,0,1,0,1,2,0,0,1,1,1,0,0,0,0,0,0,1,1,1,0,0,0,0,2,1,0,1,0,0,1,0,0,0,0,0,0,0,3,0,0,0,0,0,0,2,0,0,0,0,1,1,0,0,0,0,1,0,0,1,0,0,0,0,1,0,0,0,0,0,0,0,0,0,0,0,0,0,0,0,0,0,0,0,0,0,-1.0059347181008902,-0.8130563798219584,-1.0118694362017804,-1.142433234421365,-1.8367952522255193,-0.49554896142433236,-0.5786350148367952,-1.7774480712166172,-0.9258160237388724,-1.2017804154302671,-1.083086053412463,-0.44807121661721067,-0.8753709198813057,-1.2759643916913948,-1.5934718100890208,-0.5845697329376854,-0.6201780415430267,-2.1097922848664687,-0.8694362017804155,-1.1572700296735905
P40969,0.03782894736842105,0.047697368421052634,0.049342105263157895,0.06907894736842106,0.023026315789473683,0.046052631578947366,0.05921052631578947,0.02631578947368421,0.019736842105263157,0.0625,0.12828947368421054,0.06743421052631579,0.02631578947368421,0.05592105263157895,0.03453947368421053,0.07730263157894737,0.05098684210526316,0.01644736842105263,0.049342105263157895,0.05263157894736842,1,1,1,1,1,0,0,1,8,9,6,3,1,0,0,5,1,3,0,3,1,1,3,0,1,0,0,0,1,3,3,0,3,1,0,2,1,2,1,0,1,0,0,2,0,0,0,0,0,1,5,2,0,3,3,0,4,6,15,4,11,7,0,8,7,4,6,4,9,2,4,3,8,2,4,1,0,1,5,6,4,2,3,0,3,4,6,2,3,5,1,0,0,1,1,0,0,0,2,8,4,1,1,3,0,4,11,5,5,1,7,1,3,4,3,2,4,0,0,1,8,2,4,0,4,0,2,5,3,2,0,1,0,5,2,4,3,1,1,1,1,1,0,0,1,2,0,0,4,2,0,2,0,1,2,13,7,2,2,1,1,4,6,1,2,2,2,0,1,4,1,1,1,1,1,1,4,2,1,0,1,0,1,1,1,0,1,2,0,0,0,1,0,0,0,0,1,3,0,1,1,1,0,3,4,2,2,2,6,0,2,5,4,2,2,0,2,0,6,3,0,1,0,0,0,2,1,1,2,1,1,2,2,1,2,0,0,1,0,0,0,1,0,0,0,0,7,3,2,3,0,0,0,4,3,2,1,2,0,1,6,2,4,1,3,0,1,4,2,2,2,0,0,0,0,2,2,1,1,0,2,2,2,3,1,4,0,1,0,0,1,1,0,0,0,0,1,0,0,0,1,0,1,0,1,1,0,0,1,0,1,0,0,0,0,1,0,1,0,1,0,0,2,0,0,0,0,0,0,0,0,1,0,0,1,0,0,0,0,0,0,0,0,-0.8962108731466227,-0.8336079077429983,-0.8550247116968699,-1.2981878088962109,-1.8780889621087316,-0.5584843492586491,-0.8088962108731467,-1.9818780889621088,-1.130148270181219,-1.0477759472817134,-1.0329489291598024,-0.7215815485996705,-0.7380560131795717,-1.3607907742998353,-1.6079077429983526,-0.5172981878088962,-0.5700164744645799,-2.3196046128500822,-1.0708401976935749,-0.9522240527182867
P41543,0.05672268907563025,0.0273109243697479,0.06512605042016807,0.04201680672268908,0.004201680672268907,0.031512605042016806,0.06932773109243698,0.04831932773109244,0.023109243697478993,0.06512605042016807,0.0819327731092437,0.04411764705882353,0.014705882352941176,0.07983193277310924,0.052521008403361345,0.09873949579831932,0.06722689075630252,0.018907563025210083,0.04411764705882353,0.06512605042016807,0,4,4,3,1,2,0,4,5,4,3,1,3,0,1,7,3,1,1,2,0,4,4,5,3,1,3,0,1,0,2,2,1,0,0,0,3,0,1,0,2,0,0,0,0,0,0,0,0,4,5,7,4,1,0,0,9,9,8,6,3,4,1,8,6,4,2,3,7,1,2,3,5,1,3,1,0,2,3,1,2,1,1,0,2,5,6,0,1,1,0,0,1,0,0,0,0,0,3,7,4,6,2,3,0,3,8,7,3,4,4,0,7,2,3,1,2,1,0,4,3,1,2,1,1,0,0,5,0,1,1,0,0,2,5,4,2,0,3,0,1,0,0,0,0,0,0,5,1,0,3,2,0,0,1,9,3,1,0,2,0,3,7,3,6,0,3,0,1,1,3,0,0,1,0,0,1,4,0,0,0,0,0,1,2,1,1,1,0,0,0,0,0,0,0,0,1,1,0,1,0,0,0,2,4,2,1,1,1,0,0,4,1,1,0,2,0,0,1,4,0,0,0,0,0,2,2,0,0,0,0,1,0,0,0,0,1,0,0,0,0,0,0,0,0,1,1,0,3,0,1,0,2,4,7,1,1,1,0,6,3,2,1,1,1,0,0,4,3,0,0,0,0,0,0,0,0,1,1,0,1,2,2,3,0,0,0,0,0,0,0,0,0,0,0,1,0,0,0,0,0,0,1,0,0,0,0,0,0,0,0,0,0,0,0,0,0,0,0,0,0,0,0,0,0,0,0,0,0,0,0,0,0,0,0,0,0,0,0,0,0,0,0,-0.5263157894736842,-0.9452631578947368,-0.8189473684210526,-1.174736842105263,-2.126315789473684,-0.5852631578947368,-0.6442105263157895,-1.6821052631578948,-0.968421052631579,-0.7957894736842105,-0.8778947368421053,-0.6863157894736842,-0.7157894736842105,-1.0021052631578948,-1.2042105263157894,-0.23157894736842105,-0.22736842105263158,-2.0926315789473686,-0.7242105263157895,-0.5263157894736842
P41546,0.07563025210084033,0.06722689075630252,0.07563025210084033,0.07983193277310924,0.01680672268907563,0.03361344537815126,0.07983193277310924,0.012605042016806723,0.02100840336134454,0.025210084033613446,0.1134453781512605,0.046218487394957986,0.02100840336134454,0.046218487394957986,0.0546218487394958,0.12184873949579832,0.07142857142857142,0.008403361344537815,0.008403361344537815,0.02100840336134454,1,3,0,0,2,1,0,1,2,0,1,1,2,0,0,0,0,2,0,1,0,0,0,0,0,0,1,0,0,0,2,0,2,0,0,0,2,0,1,0,1,0,0,0,0,0,0,0,0,0,1,1,1,0,2,0,1,3,6,2,1,2,0,4,3,2,5,0,1,1,1,1,2,1,1,1,0,0,0,0,0,2,2,0,1,3,2,2,1,1,0,0,0,0,0,0,0,0,3,1,1,0,1,0,0,1,2,3,0,0,1,0,1,2,2,2,2,3,1,2,5,3,1,0,1,0,1,3,0,0,0,0,0,0,2,2,1,1,1,0,0,0,1,1,1,0,0,2,0,1,0,0,1,0,1,2,0,1,1,3,0,0,1,3,2,0,0,1,1,0,0,1,0,2,0,0,1,0,1,0,0,0,2,3,2,0,1,0,0,0,0,0,0,0,0,0,0,0,0,0,1,0,0,0,2,2,1,0,0,0,0,0,2,1,1,2,0,0,0,0,1,1,1,0,0,1,0,2,2,2,0,0,3,0,0,1,1,0,0,0,0,0,0,0,0,1,2,0,0,0,0,0,1,3,5,2,1,2,0,1,0,3,0,1,0,0,0,1,2,0,0,2,0,0,0,4,0,0,1,0,0,1,0,1,1,0,1,0,1,0,0,0,0,0,0,0,0,0,0,0,0,0,1,0,0,0,0,0,0,1,0,0,0,0,0,0,1,0,0,0,0,0,0,0,0,0,1,0,0,0,0,0,0,0,0,0,0,0,0,0,0,0,0,-0.28270042194092826,-0.38396624472573837,-0.16033755274261605,-0.459915611814346,-2.0253164556962027,0.29535864978902954,0.05485232067510549,-1.139240506329114,-0.7637130801687764,-1.3544303797468353,-0.810126582278481,-0.08860759493670886,-0.6497890295358649,-1.8227848101265822,-0.6497890295358649,0.31645569620253167,-0.12236286919831224,-2.649789029535865,-1.649789029535865,-1.0464135021097047
P41695,0.03525954946131244,0.04995102840352596,0.07149853085210578,0.05288932419196866,0.0068560235063663075,0.04897159647404505,0.0832517140058766,0.043095004897159644,0.019588638589618023,0.06072477962781587,0.09500489715964741,0.07835455435847209,0.021547502448579822,0.043095004897159644,0.04897159647404505,0.08031341821743389,0.06464250734573947,0.009794319294809012,0.039177277179236046,0.04701273261508325,4,7,0,2,2,3,0,3,7,6,3,6,4,0,6,4,2,4,4,2,0,3,6,6,3,3,1,0,2,6,5,5,1,2,0,2,6,3,3,1,1,0,0,0,0,0,0,0,0,6,3,7,4,7,5,0,9,18,14,10,10,7,1,2,8,17,6,4,5,2,4,9,8,5,5,4,0,6,6,9,3,5,10,2,9,7,1,5,2,6,0,0,0,1,0,1,0,0,2,7,5,5,2,0,0,5,14,8,5,5,7,0,2,9,18,10,6,11,0,2,15,6,5,3,4,0,2,9,2,0,5,2,0,4,5,6,8,3,5,0,0,1,0,1,0,0,0,1,1,3,5,2,3,0,6,10,7,9,6,3,0,4,11,7,7,2,4,0,0,3,9,2,1,6,0,1,6,4,3,2,1,0,7,6,2,2,4,1,0,0,0,0,0,0,1,0,2,4,2,1,4,2,0,4,8,4,4,7,8,1,5,7,6,3,1,2,0,2,3,3,3,1,5,0,2,5,1,4,3,2,0,3,4,7,1,2,3,0,0,0,0,1,1,0,0,3,7,5,5,4,3,0,5,12,4,4,6,1,0,2,4,6,5,3,7,0,4,5,4,2,4,1,1,1,4,3,2,1,2,0,2,4,8,1,1,3,0,0,0,0,0,0,0,0,0,0,0,0,0,0,0,0,0,1,0,0,0,0,0,1,0,0,0,0,0,0,0,0,1,0,1,0,1,0,0,0,0,1,0,0,0,0,1,0,0,0,0,0,0,0,0,0,0,-0.7509803921568627,-0.4764705882352941,-0.5941176470588235,-0.8627450980392157,-2.0862745098039217,-0.3392156862745098,-0.39019607843137255,-1.5549019607843138,-0.8470588235294118,-1.2823529411764707,-1.0823529411764705,-0.19901960784313724,-0.946078431372549,-1.5362745098039217,-0.6431372549019608,0.011764705882352941,-0.5431372549019607,-2.615686274509804,-1.4284313725490196,-1.1676470588235295
P41697,0.05456852791878172,0.048223350253807105,0.06472081218274112,0.06598984771573604,0.006345177664974619,0.04568527918781726,0.07868020304568528,0.04060913705583756,0.017766497461928935,0.050761421319796954,0.09517766497461928,0.09771573604060914,0.0266497461928934,0.030456852791878174,0.04314720812182741,0.09137055837563451,0.06345177664974619,0.005076142131979695,0.01649746192893401,0.05710659898477157,5,3,5,0,1,3,0,2,2,5,4,4,4,1,3,6,7,4,3,4,0,1,2,2,2,3,3,1,3,4,4,1,4,4,0,4,2,5,2,3,4,0,0,0,0,0,0,0,0,3,5,2,4,2,7,0,3,8,7,7,3,7,0,10,6,7,3,4,4,0,3,5,8,4,5,3,0,3,7,5,1,3,4,0,2,6,5,5,5,6,0,0,0,1,0,0,0,0,2,6,6,3,8,6,0,7,8,8,3,4,5,0,4,8,11,4,3,3,0,5,3,3,3,4,1,0,4,3,3,2,7,4,0,1,5,2,3,1,2,0,0,0,0,0,0,0,0,4,1,3,3,1,2,0,1,3,5,5,2,4,0,4,5,2,3,9,0,0,3,3,6,5,1,1,0,3,4,2,3,1,2,0,3,4,0,1,2,3,0,0,0,0,0,1,0,0,0,5,7,3,2,0,0,3,6,5,7,7,4,0,6,5,3,1,3,1,0,1,3,1,2,1,3,0,2,7,4,3,1,2,0,5,5,3,1,0,2,0,0,0,0,0,0,0,0,3,2,4,1,5,2,0,7,8,4,2,2,5,0,3,4,3,4,1,2,0,1,4,3,3,1,2,0,2,7,2,1,2,0,0,2,6,2,2,3,5,2,1,0,0,0,0,0,1,0,0,0,0,1,0,0,0,0,0,0,1,0,0,1,0,0,0,0,0,0,0,0,0,0,0,0,0,0,0,0,0,1,0,0,0,0,0,0,0,0,0,0,1,0,0,0,0,0,-0.36721728081321475,0.029224904701397714,-0.19949174078780177,-0.3392630241423126,-2.235069885641677,0.7090216010165185,0.8106734434561627,-1.7509529860228716,-0.7128335451080051,-1.1245235069885642,-0.6493011435832274,0.5857687420584498,-0.5514612452350699,-1.9555273189326556,-1.7077509529860229,-0.04701397712833545,-0.2770012706480305,-2.6302414231257942,-1.5209656925031767,-1.0889453621346887
P41835,0.07777777777777778,0.02962962962962963,0.05,0.05185185185185185,0.027777777777777776,0.03148148148148148,0.053703703703703705,0.08148148148148149,0.012962962962962963,0.07037037037037037,0.09444444444444444,0.06296296296296296,0.022222222222222223,0.03148148148148148,0.046296296296296294,0.07592592592592592,0.07222222222222222,0.007407407407407408,0.022222222222222223,0.07777777777777778,6,8,6,3,2,4,3,3,5,11,5,1,2,0,4,6,5,3,3,1,1,2,4,4,1,2,0,1,1,4,1,2,0,0,0,4,9,3,1,0,2,0,1,1,0,1,0,1,0,10,3,3,3,2,6,1,7,8,8,1,6,3,0,8,4,6,2,2,5,1,2,1,4,2,2,1,0,5,0,3,4,3,1,0,3,1,4,0,1,2,1,1,1,0,0,0,0,0,6,7,6,5,2,3,0,6,9,2,1,2,2,0,5,5,5,0,0,4,0,1,2,0,2,1,0,0,1,0,3,1,3,0,1,5,6,2,0,0,1,0,2,1,0,1,0,0,0,3,3,1,0,2,2,0,4,4,2,1,1,1,1,5,3,0,0,3,0,1,2,4,1,2,0,0,0,1,1,1,0,1,1,0,0,1,0,1,0,0,0,0,1,0,0,1,0,0,2,4,3,1,0,0,0,1,0,2,2,2,1,1,2,3,2,1,1,3,0,2,1,1,2,0,1,0,2,2,2,0,0,0,1,0,1,0,1,1,0,0,0,1,0,1,0,0,0,4,1,4,2,0,3,0,6,6,2,2,2,3,0,5,1,1,0,0,1,1,1,2,1,0,0,0,0,0,1,1,0,0,1,0,1,2,0,1,1,0,0,0,0,0,0,0,1,0,1,1,1,0,0,1,0,1,1,1,0,2,0,0,0,0,0,0,0,0,0,1,0,1,0,0,0,1,0,0,1,0,0,0,0,1,1,0,0,0,0,0,0,0,0,0,0,0,0,-0.0018552875695732839,-1.3413729128014842,-1.4953617810760669,-1.4564007421150278,-2.1057513914656774,-1.1855287569573283,-1.2838589981447124,-1.4545454545454546,-1.588126159554731,-1.0946196660482375,-1.1595547309833023,-1.2708719851576995,-1.2300556586270872,-2.116883116883117,-1.8868274582560296,-0.8423005565862709,-0.8014842300556586,-2.914656771799629,-2.018552875695733,-0.7977736549165121
P41921,0.06832298136645963,0.037267080745341616,0.057971014492753624,0.049689440993788817,0.010351966873706004,0.022774327122153208,0.07246376811594203,0.08902691511387163,0.031055900621118012,0.06625258799171843,0.07039337474120083,0.08695652173913043,0.018633540372670808,0.035196687370600416,0.028985507246376812,0.060041407867494824,0.053830227743271224,0.008281573498964804,0.039337474120082816,0.09316770186335403,13,8,4,2,3,3,2,6,5,6,3,2,4,0,5,3,5,2,2,2,0,3,4,2,0,1,2,0,4,2,2,0,3,2,0,4,1,2,0,4,1,0,2,0,1,1,0,0,0,8,6,3,5,2,3,1,3,2,1,4,1,2,0,3,2,1,3,4,1,0,0,4,3,3,1,5,0,1,3,3,3,2,3,0,3,3,1,0,0,2,0,0,0,0,0,0,1,0,8,5,5,0,3,2,0,4,1,4,3,3,1,0,4,2,3,1,1,1,0,0,3,3,2,2,2,0,1,3,2,0,1,2,0,3,1,3,2,0,1,0,0,0,0,0,0,0,0,0,1,2,2,0,2,1,6,2,2,0,4,0,1,3,4,1,3,1,2,0,1,2,2,0,0,0,0,0,2,2,1,0,1,0,0,2,3,1,3,1,0,0,0,0,0,0,0,0,4,2,3,1,0,1,0,5,1,1,3,2,1,0,3,2,1,2,1,1,0,3,1,2,0,1,0,0,3,3,0,2,0,0,0,1,4,3,2,1,0,0,0,0,0,0,0,0,0,1,3,2,2,5,1,0,4,2,1,3,3,1,0,4,3,1,1,0,3,0,1,1,2,0,1,0,0,2,0,0,1,2,3,0,3,3,0,0,0,0,0,0,0,0,0,0,0,0,1,1,0,0,0,0,0,0,0,0,0,0,0,0,1,0,0,0,0,0,0,0,0,0,0,0,1,0,0,0,0,0,0,0,0,0,0,0,0,0,1,0,0,0,0,0,0,0,0,-0.44813278008298757,-1.2572614107883817,-1.1556016597510372,-1.2199170124481329,-1.8257261410788381,-1.1431535269709543,-0.9585062240663901,-1.1556016597510372,-1.008298755186722,-0.8755186721991701,-1.2219917012448134,-1.037344398340249,-0.8298755186721992,-1.2157676348547717,-1.7365145228215768,-0.8526970954356846,-0.7178423236514523,-2.319502074688797,-1.2759336099585061,-0.6701244813278008
P42884,0.07446808510638298,0.04521276595744681,0.034574468085106384,0.05053191489361702,0.005319148936170213,0.02925531914893617,0.07446808510638298,0.0851063829787234,0.02127659574468085,0.07180851063829788,0.08244680851063829,0.07180851063829788,0.02925531914893617,0.03723404255319149,0.0425531914893617,0.07712765957446809,0.047872340425531915,0.023936170212765957,0.034574468085106384,0.061170212765957445,6,5,3,1,0,3,0,4,4,5,3,2,2,0,6,4,2,2,2,2,0,1,1,2,2,2,2,0,1,2,1,0,1,0,0,2,4,3,1,0,1,0,0,0,1,0,0,0,0,3,5,3,3,2,4,0,3,6,4,1,1,5,0,2,5,1,0,4,5,0,0,2,0,1,1,4,0,4,2,2,0,4,0,0,0,3,4,0,2,1,0,0,0,0,1,0,0,0,4,3,5,2,2,2,0,6,5,0,0,4,0,0,2,1,4,2,0,1,0,4,2,0,0,0,2,0,3,2,1,0,2,0,0,1,3,3,1,1,1,0,0,0,0,0,0,0,0,2,2,2,0,0,1,1,2,0,3,0,2,1,0,1,0,3,0,0,0,0,2,1,1,1,2,0,0,3,1,0,0,1,0,0,1,4,1,0,2,1,0,0,0,0,0,0,0,0,3,1,4,3,1,1,0,2,2,2,1,2,0,0,3,2,0,1,1,1,0,0,1,1,1,0,0,0,1,1,4,1,1,1,0,0,1,0,0,0,1,0,0,0,0,0,0,0,0,0,4,1,1,0,0,0,3,3,3,3,1,2,1,4,3,1,2,1,1,0,0,1,0,2,0,0,0,1,1,0,2,0,1,0,2,1,1,1,0,0,0,0,0,0,0,0,0,0,0,0,0,0,0,0,0,0,0,0,0,0,0,0,0,0,0,1,0,0,0,1,0,0,0,0,0,0,0,0,0,0,0,0,0,0,0,0,0,0,0,0,0,0,0,0,0,0,0,-0.5466666666666666,-1.2026666666666668,-1.128,-1.3093333333333332,-2.136,-0.9173333333333333,-0.968,-1.544,-1.24,-1.264,-1.16,-0.896,-1.1146666666666667,-1.5786666666666667,-1.3786666666666667,-0.6986666666666667,-0.7946666666666666,-2.168,-1.3733333333333333,-1.08
P42935,0.05964467005076142,0.04568527918781726,0.03299492385786802,0.06979695431472081,0.01903553299492386,0.030456852791878174,0.07487309644670051,0.06218274111675127,0.027918781725888325,0.07614213197969544,0.09390862944162437,0.06472081218274112,0.01649746192893401,0.044416243654822336,0.03299492385786802,0.08121827411167512,0.06218274111675127,0.030456852791878174,0.02284263959390863,0.05203045685279188,5,8,5,1,7,1,0,6,8,7,0,7,5,0,10,10,3,0,2,4,1,3,2,4,3,2,3,0,1,3,3,3,1,0,1,2,5,1,2,2,2,0,1,1,1,0,0,0,0,7,10,6,5,1,2,0,7,7,8,3,8,6,1,5,13,6,4,6,6,1,0,8,3,2,1,3,0,5,7,9,5,2,5,0,2,9,6,5,2,3,0,0,1,2,1,0,2,0,8,7,10,3,0,5,0,4,13,7,3,6,9,2,4,5,3,2,0,5,0,1,4,0,1,5,2,0,3,1,1,1,1,4,1,5,2,5,3,1,4,0,1,1,0,0,0,0,0,2,3,3,2,2,2,0,7,3,5,5,7,2,2,4,5,1,2,2,0,0,1,4,2,1,3,2,0,0,4,0,5,2,1,0,1,3,1,0,1,5,1,0,0,0,0,0,0,0,1,1,2,4,1,1,1,2,2,6,1,4,3,0,3,5,4,3,0,3,0,3,6,3,2,0,2,0,2,2,1,0,1,2,0,2,1,0,4,3,3,0,2,0,0,0,1,0,0,3,4,3,1,1,3,2,5,4,7,5,1,2,1,6,5,2,1,2,2,0,6,6,2,4,1,0,0,0,1,4,2,1,0,1,4,4,4,5,0,8,0,0,1,0,0,0,0,0,1,0,2,1,0,0,0,0,3,1,0,0,0,0,1,1,0,1,0,0,0,0,1,0,0,0,0,0,0,0,0,0,0,1,0,1,1,0,0,0,0,0,0,0,0,0,0,0,0,-1.1664548919949174,-1.735705209656925,-1.5578144853875477,-1.5324015247776366,-0.8500635324015248,-1.7598475222363406,-1.9567979669631512,-1.841168996188056,-1.1296060991105463,-1.6264294790343075,-1.6848792884371029,-1.6543837357052096,-1.8170266836086404,-1.8170266836086404,-2.90851334180432,-0.2630241423125794,-0.6810673443456162,-2.3824650571791612,-1.9351969504447268,-1.1143583227445997
P43545,0.11409395973154363,0.03691275167785235,0.02348993288590604,0.050335570469798654,0.016778523489932886,0.03355704697986577,0.087248322147651,0.087248322147651,0.020134228187919462,0.0738255033557047,0.07718120805369127,0.0738255033557047,0.040268456375838924,0.026845637583892617,0.03691275167785235,0.053691275167785234,0.04697986577181208,0.006711409395973154,0.010067114093959731,0.08389261744966443,8,4,1,1,2,8,2,4,5,2,4,2,4,0,4,1,0,0,2,0,0,1,2,0,0,1,1,0,2,5,1,0,0,1,0,6,0,5,2,0,0,1,3,0,0,0,0,0,0,4,0,3,1,2,2,1,4,0,1,1,3,1,0,4,2,1,2,1,1,0,3,0,1,2,1,2,0,4,0,1,0,1,2,0,3,0,7,0,2,1,0,0,0,0,0,0,0,0,7,1,0,1,1,2,0,3,1,1,1,1,2,0,2,0,0,0,3,0,0,1,1,1,1,0,1,0,1,5,0,0,1,0,1,2,0,1,0,0,1,0,0,0,0,0,0,0,0,1,3,1,0,0,1,0,0,1,2,0,1,2,0,0,1,1,1,0,0,0,0,1,1,0,1,0,0,2,0,0,0,0,1,0,1,1,1,0,1,0,0,0,0,0,0,0,0,0,5,1,1,0,2,1,0,1,2,3,2,1,3,0,0,1,0,1,1,1,0,0,0,0,0,0,0,0,0,1,1,0,0,0,0,1,3,0,0,0,0,0,1,0,0,0,0,0,0,0,9,1,1,2,0,0,1,1,2,1,0,1,0,2,4,4,1,1,2,0,0,2,0,0,0,0,0,1,1,1,0,0,0,0,0,2,0,0,0,0,0,1,0,0,0,0,0,0,1,3,0,1,0,0,0,0,0,0,0,0,0,0,0,0,0,0,0,0,0,0,0,0,0,0,0,0,0,0,0,0,0,0,0,0,0,0,0,0,0,0,0,0,0,0,0,0,0,-0.1750841750841751,-1.1750841750841752,-1.4410774410774412,-1.5117845117845117,-2.3501683501683504,-1.0909090909090908,-0.8585858585858586,-1.6936026936026936,-1.8922558922558923,-1.0942760942760943,-1.2222222222222223,-0.9764309764309764,-0.8552188552188552,-2.111111111111111,-1.7171717171717171,-0.835016835016835,-0.9191919191919192,-2.942760942760943,-2.026936026936027,-0.8148148148148148
P43569,0.03806228373702422,0.06228373702422145,0.058823529411764705,0.07958477508650519,0.010380622837370242,0.03460207612456748,0.058823529411764705,0.05536332179930796,0.02422145328719723,0.058823529411764705,0.12110726643598616,0.0657439446366782,0.020761245674740483,0.031141868512110725,0.02768166089965398,0.0657439446366782,0.04152249134948097,0.02422145328719723,0.020761245674740483,0.10034602076124567,3,2,2,2,1,1,0,2,2,3,2,2,2,0,3,2,0,0,1,1,1,5,0,0,2,0,0,0,2,0,1,2,1,1,0,0,5,2,0,1,1,0,0,0,0,0,0,0,0,3,4,1,1,1,2,0,2,1,3,4,4,3,0,0,1,3,1,2,0,0,1,3,2,1,3,3,0,4,2,1,1,0,1,0,3,4,1,0,2,0,0,0,1,0,0,0,0,0,1,2,2,1,0,1,0,1,3,0,1,1,2,0,0,2,2,2,1,2,0,1,0,3,1,0,0,1,1,1,2,1,0,0,0,0,1,1,1,1,2,0,0,0,0,0,1,0,0,2,1,0,1,3,1,0,0,2,1,2,1,1,0,3,0,2,1,1,1,0,0,2,1,0,0,2,0,4,1,0,0,0,0,0,1,3,1,1,1,0,0,0,0,0,1,0,0,0,1,3,2,1,1,3,0,0,4,0,2,1,0,0,0,1,1,2,0,1,0,1,2,2,1,1,0,0,0,1,1,1,1,0,0,1,1,0,0,1,0,0,0,0,0,0,0,0,0,1,1,2,1,1,1,0,6,5,0,1,0,2,1,1,2,1,0,0,1,0,0,0,0,0,1,1,0,0,2,0,2,1,1,0,2,1,0,0,0,2,0,0,0,0,0,0,0,0,0,0,0,0,0,0,0,0,0,0,1,0,0,0,0,0,0,0,0,0,0,0,0,0,0,0,1,0,0,0,0,0,1,0,0,0,0,0,0,0,0,0,0,0,0,0,0,0,0,-1.21875,-1.4097222222222223,-1.9722222222222223,-1.9861111111111112,-3.6284722222222223,-1.5208333333333333,-1.4652777777777777,-2.392361111111111,-2.045138888888889,-1.4895833333333333,-1.5486111111111112,-1.6701388888888888,-1.5381944444444444,-2.420138888888889,-2.861111111111111,-1.5520833333333333,-1.6180555555555556,-4.055555555555555,-2.8020833333333335,-1.28125
P43605,0.042704626334519574,0.0711743772241993,0.06761565836298933,0.03202846975088968,0.010676156583629894,0.028469750889679714,0.05338078291814947,0.06761565836298933,0.028469750889679714,0.08540925266903915,0.060498220640569395,0.08896797153024912,0.021352313167259787,0.0071174377224199285,0.03914590747330961,0.10320284697508897,0.05693950177935943,0.021352313167259787,0.042704626334519574,0.0711743772241993,1,0,2,1,2,1,0,2,1,2,1,6,0,0,2,1,1,1,3,1,0,1,4,3,3,0,1,0,2,0,2,0,1,3,0,2,1,0,0,0,0,0,0,0,0,0,0,0,0,1,2,0,3,2,1,0,2,4,2,1,2,0,0,5,2,4,2,0,0,0,1,2,1,0,0,2,0,3,1,4,1,2,1,0,0,1,1,1,0,0,0,0,0,0,0,0,0,0,1,7,2,3,1,0,0,2,0,3,3,0,1,0,2,1,7,2,3,1,0,1,2,1,2,2,0,0,1,1,4,1,2,2,1,0,0,2,0,0,0,1,0,0,0,0,0,0,0,2,2,1,1,0,0,0,3,2,2,1,3,1,0,0,2,0,1,6,0,0,3,2,1,0,1,0,0,1,1,0,0,1,1,0,0,1,0,0,1,1,0,0,0,0,0,0,0,0,2,1,3,2,3,1,0,0,2,1,0,0,1,0,4,2,1,2,0,1,0,0,0,3,0,0,0,0,3,1,1,1,0,0,0,0,1,1,2,0,3,1,1,0,0,0,0,0,0,0,0,1,1,0,0,0,0,2,2,0,1,0,0,1,1,3,0,0,0,0,0,2,0,2,1,0,0,1,0,0,0,0,0,0,0,1,1,2,0,0,0,0,0,0,0,2,0,0,0,0,0,1,0,0,0,0,0,0,0,0,0,0,0,0,0,0,0,0,0,0,0,0,0,0,0,0,1,0,0,0,0,1,0,0,0,0,0,0,0,0,0,0,0,0,0,0,0,-0.4607142857142857,-0.5142857142857142,-0.5964285714285714,-0.9892857142857143,-1.5107142857142857,-0.34285714285714286,-0.5285714285714286,-1.3571428571428572,-0.9357142857142857,-0.9142857142857143,-1.0107142857142857,-0.22857142857142856,-0.7678571428571429,-1.3642857142857143,-1.1035714285714286,-0.15357142857142858,-0.2714285714285714,-1.8571428571428572,-0.9607142857142857,-0.6821428571428572
P43609,0.04488330341113106,0.03770197486535009,0.05206463195691203,0.06642728904847396,0.012567324955116697,0.05026929982046679,0.10233393177737882,0.05745062836624776,0.025134649910233394,0.059245960502693,0.08617594254937164,0.09156193895870736,0.01615798922800718,0.03590664272890485,0.03770197486535009,0.07899461400359066,0.0466786355475763,0.008976660682226212,0.025134649910233394,0.06463195691202872,2,2,1,4,2,7,0,0,3,4,4,3,1,0,3,3,0,2,1,3,0,1,10,1,1,3,4,0,2,2,0,1,2,1,0,4,1,1,6,4,2,0,0,0,1,0,0,1,0,1,3,1,6,1,2,0,5,7,5,2,3,4,0,3,9,1,4,4,5,0,4,3,6,1,3,0,0,3,3,8,1,2,6,0,1,4,1,3,2,2,1,0,0,0,0,1,1,0,3,1,4,3,3,2,0,2,4,6,1,6,2,0,1,2,2,2,0,2,0,3,5,1,1,2,1,1,1,3,0,1,1,3,0,4,5,3,3,3,3,0,0,1,0,0,0,0,0,4,2,3,1,0,3,2,2,6,4,4,5,4,1,1,0,1,2,2,4,0,0,0,1,0,1,2,0,1,1,4,0,3,1,0,1,2,3,1,1,2,0,0,1,0,0,0,0,0,3,5,2,4,1,0,0,3,1,3,1,2,1,0,4,3,2,1,2,4,1,3,2,0,0,0,0,0,4,1,1,2,0,1,0,1,3,6,2,1,2,0,0,0,0,0,0,0,0,5,2,1,2,1,4,0,2,5,2,4,3,2,1,4,4,4,2,0,3,0,4,6,1,1,1,3,0,4,1,3,0,1,3,0,4,4,2,1,1,2,0,0,1,0,0,0,0,0,0,0,0,0,0,0,0,0,0,1,1,1,0,0,0,0,0,1,0,0,0,0,0,0,0,0,0,0,0,0,1,0,0,0,0,0,0,1,0,0,1,0,0,0,0,0,0,0,0,-0.4226618705035971,-0.27697841726618705,-0.40467625899280574,-0.302158273381295,-1.7841726618705036,0.046762589928057555,0.24100719424460432,-1.2068345323741008,-0.60431654676259,-1.1258992805755397,-0.9334532374100719,-0.04136690647482014,-0.8003597122302158,-1.3453237410071943,-0.6294964028776978,-0.0017985611510791368,-0.39568345323741005,-2.3111510791366907,-1.1276978417266188,-1.0053956834532374
P43619,0.07457627118644068,0.030508474576271188,0.05084745762711865,0.061016949152542375,0.030508474576271188,0.023728813559322035,0.06440677966101695,0.0847457627118644,0.023728813559322035,0.0576271186440678,0.10508474576271186,0.0711864406779661,0.023728813559322035,0.03389830508474576,0.02711864406779661,0.07796610169491526,0.05084745762711865,0.01694915254237288,0.02711864406779661,0.06440677966101695,4,5,2,2,1,1,1,3,3,6,0,2,1,0,3,1,3,0,1,1,1,1,2,1,2,1,0,0,1,1,1,0,0,0,0,2,2,1,3,2,2,0,1,1,1,0,0,0,0,2,2,3,0,0,5,1,1,3,1,5,1,0,0,6,4,3,1,0,1,0,1,2,0,2,2,4,0,3,1,0,1,1,0,0,0,4,2,0,0,1,1,0,0,0,0,0,1,0,3,2,4,2,1,4,0,2,2,1,2,1,4,1,0,2,5,0,4,0,0,1,0,0,0,0,0,0,1,1,1,1,1,2,0,0,0,0,1,0,1,1,0,0,0,0,0,1,0,1,3,0,0,0,1,1,3,0,1,1,0,1,0,2,1,0,0,0,1,0,0,2,1,0,1,1,0,2,1,1,2,1,0,1,1,2,1,0,1,0,0,0,0,0,0,0,0,0,3,2,1,2,0,0,0,2,1,3,1,0,1,0,2,2,0,0,0,0,0,1,0,2,0,1,0,0,1,1,1,0,0,0,0,1,1,0,0,0,0,0,0,0,1,0,0,0,0,1,1,0,1,1,1,0,2,2,2,2,2,1,0,3,2,0,0,1,0,0,1,0,0,0,3,0,0,0,3,0,0,0,0,0,0,1,2,0,0,1,1,1,1,0,1,0,0,0,2,0,0,0,0,0,0,0,0,2,0,0,0,0,0,1,0,0,1,0,0,0,0,0,1,0,0,0,0,0,0,0,0,0,0,1,1,0,0,0,0,0,0,0,0,0,0,0,0,-0.09523809523809523,-1.336734693877551,-1.435374149659864,-1.380952380952381,-2.163265306122449,-1.0068027210884354,-1.0272108843537415,-1.469387755102041,-1.6428571428571428,-0.9183673469387755,-1.054421768707483,-1.0782312925170068,-1.0714285714285714,-1.9727891156462585,-1.846938775510204,-0.7653061224489796,-0.6904761904761905,-2.7857142857142856,-1.9217687074829932,-0.7312925170068028
P43639,0.04316546762589928,0.046762589928057555,0.02158273381294964,0.07913669064748201,0.03237410071942446,0.039568345323741004,0.12949640287769784,0.05755395683453238,0.02877697841726619,0.02877697841726619,0.07553956834532374,0.0539568345323741,0.025179856115107913,0.06474820143884892,0.046762589928057555,0.07913669064748201,0.03597122302158273,0.014388489208633094,0.04316546762589928,0.0539568345323741,0,3,2,1,0,3,0,1,1,2,0,2,3,0,2,1,0,1,1,3,0,0,3,0,0,0,1,2,0,1,0,0,1,0,0,0,2,0,2,0,4,0,0,1,0,0,0,0,0,2,2,2,1,2,1,1,2,3,3,2,2,2,0,0,2,2,1,2,2,0,0,0,1,0,2,2,0,2,1,3,0,0,1,0,0,2,2,2,2,2,1,0,1,2,0,0,0,0,2,1,1,3,0,1,0,2,2,2,1,1,1,1,3,1,1,2,1,2,0,0,3,1,0,2,0,0,0,2,1,2,1,0,0,0,1,1,2,1,3,0,0,1,0,0,0,0,0,1,1,0,0,0,1,0,3,2,0,0,1,1,0,1,1,1,1,0,1,0,0,0,0,0,0,0,0,1,2,1,0,1,0,0,2,2,0,0,0,2,0,0,1,2,0,0,0,0,1,1,1,1,0,1,0,2,1,0,2,0,1,1,0,1,2,1,2,0,1,1,0,0,0,1,1,0,1,0,1,0,1,1,0,2,0,0,0,0,0,0,0,0,0,0,0,0,0,2,1,2,0,0,1,0,1,3,0,0,1,3,1,1,2,4,0,0,0,0,2,1,3,0,0,2,1,0,1,1,1,0,0,0,2,2,4,3,0,12,0,0,0,0,0,1,0,0,0,0,0,0,0,0,0,0,2,2,0,0,0,0,1,2,1,0,0,0,0,0,0,0,0,0,0,0,1,0,0,0,0,0,0,0,0,0,0,0,0,0,0,0,0,0,0,0,0,-0.7220216606498195,-0.8592057761732852,-0.855595667870036,-0.7581227436823105,-1.7833935018050542,-0.4296028880866426,-0.4296028880866426,-1.5306859205776173,-0.8375451263537906,-1.3465703971119134,-1.1696750902527075,-0.6425992779783394,-0.7436823104693141,-1.2924187725631768,-1.1696750902527075,-0.4043321299638989,-0.5523465703971119,-1.9963898916967509,-0.9711191335740073,-1.1949458483754514
P46946,0.034782608695652174,0.06376811594202898,0.08115942028985507,0.06666666666666667,0.014492753623188406,0.0463768115942029,0.09565217391304348,0.03188405797101449,0.017391304347826087,0.0463768115942029,0.09855072463768116,0.08985507246376812,0.008695652173913044,0.0463768115942029,0.05217391304347826,0.08115942028985507,0.04057971014492753,0.005797101449275362,0.028985507246376812,0.04927536231884058,0,0,2,1,0,0,0,3,4,0,1,1,2,0,1,4,1,1,0,3,0,2,2,0,0,2,1,0,0,0,0,0,3,0,0,1,0,1,1,0,1,0,0,0,0,0,1,0,0,2,4,2,3,0,0,1,0,4,5,4,4,5,1,1,2,5,0,2,0,0,2,2,2,2,0,4,0,2,1,2,1,3,2,0,1,3,3,1,1,6,0,1,0,0,0,0,0,0,0,1,2,1,0,1,0,0,5,2,3,2,2,0,2,2,1,2,1,1,0,2,3,1,2,1,0,0,0,1,2,3,2,0,0,0,2,2,1,2,1,0,0,0,0,0,0,1,0,0,0,2,1,2,2,0,4,5,1,1,1,2,0,1,1,2,1,1,1,0,0,4,2,0,0,0,0,0,1,3,3,0,1,0,1,2,0,1,4,1,0,0,1,0,0,0,0,0,1,3,1,1,1,0,0,1,2,1,1,0,2,0,0,2,0,2,4,1,0,0,1,0,2,4,2,0,3,3,2,1,4,1,0,0,1,2,3,0,1,0,0,0,0,0,0,0,0,0,3,2,0,0,0,0,4,2,1,2,3,2,0,0,3,0,3,0,2,1,1,2,2,0,1,2,1,1,1,0,0,2,3,0,2,6,1,2,0,1,0,0,0,0,0,0,0,0,0,0,0,0,0,1,0,0,1,0,0,0,0,0,0,0,0,0,0,0,0,0,0,0,0,0,0,0,1,0,0,1,0,0,0,0,0,0,0,0,1,0,0,0,0,0,0,0,0,-0.7790697674418605,-0.6627906976744186,-0.3808139534883721,-0.75,-2.058139534883721,-0.27325581395348836,-0.21511627906976744,-1.7034883720930232,-0.9767441860465116,-1.433139534883721,-1.2819767441860466,-0.34593023255813954,-0.8284883720930233,-1.677325581395349,-1.3662790697674418,-0.22965116279069767,-0.5581395348837209,-2.5319767441860463,-1.316860465116279,-1.183139534883721
P46954,0.019300361881785282,0.024125452352231604,0.12062726176115803,0.06996381182147166,0.018094089264173704,0.04101326899879373,0.039806996381182146,0.020506634499396863,0.016887816646562123,0.05790108564535585,0.15078407720144751,0.07720144752714113,0.008443908323281062,0.06875753920386007,0.033775633293124246,0.10615199034981906,0.05186972255729795,0.013268998793727383,0.031363088057901084,0.030156815440289506,1,0,1,0,1,2,0,0,4,0,2,1,2,0,2,8,4,3,1,1,0,2,3,3,0,0,0,0,0,3,1,2,2,0,0,0,3,0,0,2,1,1,0,0,0,1,0,0,0,1,2,5,2,3,1,0,5,23,11,25,8,10,1,3,16,7,6,3,4,0,2,24,13,13,5,2,1,2,10,3,7,2,4,1,4,10,4,3,3,4,0,0,1,2,2,0,0,0,2,4,2,2,2,2,0,4,18,11,11,5,4,0,5,8,8,8,3,1,0,4,10,8,4,0,4,0,2,5,1,1,3,0,2,1,3,7,2,1,3,0,0,0,1,1,0,0,0,0,2,4,2,2,0,0,3,17,6,14,6,7,2,1,12,8,8,3,4,2,2,12,6,7,2,2,0,0,3,2,2,2,1,1,1,5,4,1,0,2,0,1,0,0,0,0,0,0,1,0,4,0,0,0,1,1,11,4,4,6,3,0,2,1,3,1,2,0,0,0,3,4,3,4,3,0,2,5,2,1,2,0,0,0,3,1,0,0,2,1,0,1,1,0,2,0,0,0,1,4,1,0,1,0,1,9,6,4,3,1,2,1,7,3,3,2,5,0,0,1,3,3,0,2,0,0,2,0,3,1,1,0,1,2,5,3,1,7,0,1,0,0,0,1,0,0,0,0,0,1,0,1,0,0,1,0,0,0,1,0,0,1,0,1,0,2,0,0,2,1,1,0,0,0,0,1,0,1,0,1,0,0,0,0,0,0,0,0,0,0,0,0,0,0,0,-0.7367149758454107,-0.7524154589371981,-0.21256038647342995,-0.7077294685990339,-1.9033816425120773,-0.28381642512077293,-0.6280193236714976,-1.5809178743961352,-0.8007246376811594,-1.1171497584541064,-0.9444444444444444,-0.5676328502415459,-0.6908212560386473,-1.2632850241545894,-0.9698067632850241,0.14009661835748793,-0.322463768115942,-2.2330917874396135,-1.1473429951690821,-1.1171497584541064
P46964,0.08461538461538462,0.03076923076923077,0.046153846153846156,0.023076923076923078,0.038461538461538464,0.038461538461538464,0.023076923076923078,0.03076923076923077,0.015384615384615385,0.09230769230769231,0.12307692307692308,0.06923076923076923,0.015384615384615385,0.13076923076923078,0.038461538461538464,0.06153846153846154,0.06153846153846154,0.0,0.015384615384615385,0.06153846153846154,0,3,1,0,0,0,1,1,5,1,2,0,0,0,0,0,1,0,0,0,0,0,1,0,0,0,0,0,1,2,0,1,1,0,0,0,0,0,0,0,0,0,0,1,0,0,0,0,0,3,3,0,1,2,0,0,4,7,3,2,1,1,1,2,0,1,2,1,2,1,2,3,0,0,0,1,0,0,3,0,0,0,0,0,1,0,1,0,0,0,0,1,1,0,0,0,0,0,1,0,0,0,2,0,0,2,1,0,0,0,0,0,1,1,3,0,1,0,0,1,0,0,0,0,0,1,0,1,0,0,0,1,0,0,1,0,1,0,0,0,0,0,0,1,0,0,0,1,1,0,0,1,0,0,1,3,0,0,1,1,1,0,0,0,0,0,0,0,0,0,0,0,0,0,0,0,0,1,0,0,0,0,0,0,0,0,1,0,0,0,1,0,0,0,0,0,0,0,1,0,0,0,0,1,1,4,0,1,0,0,0,1,1,0,0,0,0,0,0,0,0,1,0,0,0,0,1,0,0,0,0,0,1,0,0,0,0,0,0,0,0,0,0,0,0,0,1,0,0,0,0,0,0,1,0,1,0,0,0,0,1,0,0,0,0,0,0,1,0,0,0,0,0,0,1,0,0,0,0,0,0,0,0,0,0,0,0,0,0,0,0,0,0,0,0,1,0,0,0,0,0,0,1,1,1,0,0,0,0,0,0,0,0,0,0,0,1,0,0,0,0,0,0,0,0,0,0,0,0,0,0,0,0,0,0,0,0,0,0,0,0,0,0,-0.34108527131782945,-1.4651162790697674,-1.2945736434108528,-1.8449612403100775,-1.3255813953488371,-1.1550387596899225,-1.4728682170542635,-1.682170542635659,-1.5348837209302326,-0.6046511627906976,-0.4728682170542636,-1.1317829457364341,-0.4573643410852713,-0.689922480620155,-1.689922480620155,-0.3178294573643411,-0.26356589147286824,-2.2713178294573644,-1.0232558139534884,-0.3643410852713178
P47011,0.04736842105263158,0.039473684210526314,0.04473684210526316,0.06842105263157895,0.013157894736842105,0.05789473684210526,0.06842105263157895,0.02631578947368421,0.031578947368421054,0.06578947368421052,0.12894736842105264,0.07105263157894737,0.015789473684210527,0.060526315789473685,0.05526315789473684,0.05263157894736842,0.060526315789473685,0.015789473684210527,0.039473684210526314,0.03684210526315789,2,2,1,1,1,1,0,0,3,2,2,0,3,0,0,0,2,3,1,1,0,0,0,1,1,3,2,0,0,1,0,3,1,1,0,0,2,0,0,1,0,0,0,0,0,0,0,0,0,4,1,1,2,1,1,0,5,10,6,4,4,8,1,3,3,3,2,2,4,1,4,4,5,2,0,1,1,1,7,2,1,2,1,0,1,7,0,6,3,2,0,0,2,0,0,0,0,0,0,3,3,2,1,0,0,1,3,1,2,2,4,0,2,5,0,4,2,1,0,0,4,3,0,1,2,1,0,2,0,2,0,1,0,1,4,3,1,1,0,0,0,1,0,0,0,0,0,0,3,0,0,2,0,0,1,6,3,3,5,0,1,4,4,3,0,0,1,0,0,3,0,1,0,1,0,0,1,1,1,0,3,0,1,3,1,0,2,1,0,0,1,0,0,0,1,0,0,0,1,1,1,0,0,1,9,1,2,0,1,0,0,0,3,2,0,0,0,1,4,2,1,1,0,0,2,1,0,0,0,1,0,2,4,0,1,0,0,0,0,0,0,0,0,0,0,2,1,2,1,0,1,0,1,5,4,4,3,3,0,0,1,3,0,0,2,0,0,4,1,0,1,2,0,0,2,2,2,1,0,0,2,0,1,0,0,1,0,0,0,0,0,0,0,0,0,0,0,0,0,0,0,1,2,1,0,0,0,0,0,0,0,0,0,0,0,0,0,0,0,0,0,0,0,0,0,0,0,0,0,0,0,1,0,0,0,0,0,0,0,0,0,0,0,-0.683377308707124,-0.7044854881266491,-0.45910290237467016,-0.5488126649076517,-1.9419525065963061,-0.48812664907651715,-0.45118733509234826,-1.6015831134564644,-0.6860158311345647,-0.8839050131926122,-0.7282321899736148,-0.43799472295514513,-0.662269129287599,-0.8126649076517151,-0.8918205804749341,-0.33773087071240104,-0.48284960422163586,-1.517150395778364,-0.48021108179419525,-0.7889182058047494
P47017,0.05813953488372093,0.06976744186046512,0.05232558139534884,0.0872093023255814,0.005813953488372093,0.05813953488372093,0.09302325581395349,0.046511627906976744,0.01744186046511628,0.05813953488372093,0.06395348837209303,0.09302325581395349,0.040697674418604654,0.05813953488372093,0.01744186046511628,0.046511627906976744,0.03488372093023256,0.005813953488372093,0.040697674418604654,0.05232558139534884,0,1,1,1,0,0,0,2,2,1,0,0,0,0,0,0,3,1,2,0,0,0,0,0,0,1,1,0,0,1,0,1,0,1,0,2,1,1,1,2,0,0,0,0,0,0,0,1,0,2,1,0,1,1,0,0,2,2,1,3,2,0,0,1,3,0,0,2,0,0,2,0,1,1,0,1,0,0,0,0,0,3,2,0,2,0,1,0,0,0,0,0,0,0,0,0,0,0,1,2,0,0,0,1,0,0,1,1,2,2,1,0,1,1,1,0,0,1,0,1,0,0,1,0,2,0,1,1,0,2,1,0,0,0,0,1,0,0,1,0,0,0,0,0,0,0,0,0,0,2,0,0,1,0,0,1,0,0,0,1,0,0,0,0,2,0,1,0,0,0,1,2,2,0,0,1,0,1,1,1,1,0,1,2,0,0,0,2,0,0,0,0,0,0,0,0,0,0,1,0,1,2,0,1,3,1,0,1,0,0,0,1,0,1,0,0,0,0,1,1,0,1,1,0,2,1,0,0,0,2,0,2,1,1,0,1,2,0,0,0,0,0,0,0,0,0,1,2,0,1,3,1,0,1,2,0,0,1,0,2,2,0,0,1,0,0,0,1,0,1,1,0,0,0,3,1,0,0,1,0,1,0,1,1,2,1,0,0,0,0,0,0,0,0,0,0,0,0,0,0,0,0,0,0,0,0,0,0,0,0,0,0,0,0,0,0,0,0,0,0,0,0,0,0,0,0,0,0,0,0,0,0,1,0,0,0,0,0,0,0,0,0,0,-0.8245614035087719,-0.5672514619883041,-0.6081871345029239,-0.8245614035087719,-2.345029239766082,-0.3742690058479532,-0.21052631578947367,-1.3508771929824561,-1.1403508771929824,-1.1871345029239766,-1.2339181286549707,-0.09941520467836257,-0.7719298245614035,-1.9941520467836258,-1.4736842105263157,-0.4619883040935672,-0.5906432748538012,-2.8830409356725144,-1.608187134502924,-0.9883040935672515
P47025,0.0546218487394958,0.049019607843137254,0.0742296918767507,0.07142857142857142,0.011204481792717087,0.04061624649859944,0.06722689075630252,0.0546218487394958,0.01680672268907563,0.047619047619047616,0.10644257703081232,0.06582633053221289,0.00980392156862745,0.037815126050420166,0.025210084033613446,0.0938375350140056,0.08543417366946779,0.00980392156862745,0.028011204481792718,0.05042016806722689,6,4,3,2,0,5,0,2,5,4,3,5,3,1,7,2,7,2,4,3,1,1,3,2,2,2,5,0,1,1,0,0,2,0,0,5,6,4,3,4,2,0,0,1,1,0,0,0,0,4,2,6,3,2,7,0,3,6,6,3,2,7,0,5,6,9,7,6,3,0,4,3,3,7,2,4,0,6,2,1,4,1,4,0,3,6,3,5,1,5,0,1,0,2,0,1,0,0,2,8,7,5,0,4,0,7,6,10,5,3,6,0,8,10,10,2,2,2,0,5,5,6,0,1,4,0,2,8,4,2,2,2,0,1,2,3,3,2,2,0,0,1,0,1,0,0,0,1,4,3,1,1,3,1,1,7,3,5,6,1,1,3,7,2,3,2,3,1,2,2,3,1,3,1,0,1,6,2,2,3,0,0,3,3,2,3,2,3,0,0,0,0,0,0,0,0,3,3,5,1,0,2,0,8,1,3,4,0,4,1,3,5,3,0,3,1,0,0,4,2,1,3,1,0,0,2,5,2,2,1,0,0,0,4,3,1,1,0,0,0,0,0,0,0,0,3,2,1,3,1,3,1,3,2,8,3,2,2,1,0,6,4,6,2,1,0,2,6,5,1,3,1,0,3,2,3,1,2,2,0,2,4,3,1,3,1,0,0,0,0,0,0,0,0,0,0,1,0,0,0,0,0,0,2,0,0,0,0,0,1,0,1,1,0,0,0,1,0,0,0,0,0,1,0,0,0,0,0,0,0,0,0,0,0,0,0,0,0,0,0,0,0,0,-0.7924263674614306,-1.032258064516129,-0.94109396914446,-0.967741935483871,-1.4978962131837308,-0.9284712482468443,-1.0434782608695652,-1.546984572230014,-0.9719495091164095,-1.332398316970547,-1.2005610098176718,-0.9228611500701263,-1.3394109396914446,-1.7769985974754559,-1.9635343618513323,-0.011220196353436185,-0.45161290322580644,-2.305750350631136,-1.6493688639551192,-1.0701262272089762
P47037,0.04390243902439024,0.05203252032520325,0.06910569105691057,0.06341463414634146,0.0024390243902439024,0.05772357723577236,0.10650406504065041,0.03902439024390244,0.013008130081300813,0.07317073170731707,0.10975609756097561,0.1008130081300813,0.01788617886178862,0.03333333333333333,0.013008130081300813,0.07398373983739838,0.05365853658536585,0.0016260162601626016,0.01951219512195122,0.05609756097560976,3,5,9,3,3,4,0,6,6,5,3,5,8,0,6,6,4,3,4,8,0,5,8,3,4,7,4,0,1,6,4,2,5,4,0,3,10,5,1,1,5,0,1,0,1,0,0,0,0,9,9,6,8,3,7,1,9,14,11,4,9,6,0,13,7,11,3,6,13,0,3,8,9,3,2,7,0,8,6,6,12,8,9,0,6,2,10,13,13,8,0,0,0,0,0,0,0,0,4,6,6,5,7,4,0,8,4,4,6,9,11,0,3,7,5,3,7,3,1,1,9,2,2,2,2,0,5,7,7,3,4,4,0,6,19,3,5,7,9,0,0,1,0,0,0,0,0,3,4,1,7,4,3,0,5,9,12,9,10,7,0,3,8,3,1,4,9,0,4,7,5,6,3,1,0,2,5,3,3,5,5,0,1,9,6,5,1,1,0,0,0,0,0,0,0,0,4,5,3,6,1,2,0,6,10,9,4,9,4,0,4,7,3,4,4,7,0,4,7,3,9,5,5,0,1,12,4,9,1,4,0,6,9,4,7,3,3,0,0,0,0,0,0,0,0,4,4,5,2,4,4,1,9,9,12,6,7,16,0,3,7,4,4,4,9,0,5,13,6,2,4,4,0,4,6,5,4,8,6,0,2,10,3,3,8,2,0,0,0,0,0,0,0,0,0,0,1,0,0,0,0,0,1,0,0,0,0,0,0,0,0,0,1,0,0,0,0,0,0,0,0,0,0,0,0,0,0,0,0,0,0,0,0,0,0,0,0,0,0,0,0,0,0,-0.5589910496338486,0.3287225386493084,-0.4548413344182262,-0.7778681855166802,-2.9430431244914566,1.3449959316517495,1.6403580146460537,-3.1684296175752644,-0.7558991049633849,-1.113100081366965,-0.1562245728234337,1.0244100895036614,-0.5711960943856794,-2.810414971521562,-3.981285598047193,-0.6013018714401953,-1.0374288039056143,-3.744507729861676,-2.501220504475183,-1.5842148087876322
P47095,0.06967213114754098,0.01639344262295082,0.040983606557377046,0.06967213114754098,0.036885245901639344,0.03278688524590164,0.04918032786885246,0.05327868852459016,0.036885245901639344,0.09836065573770492,0.0778688524590164,0.0860655737704918,0.036885245901639344,0.045081967213114756,0.06967213114754098,0.04918032786885246,0.04918032786885246,0.00819672131147541,0.036885245901639344,0.036885245901639344,2,0,2,2,0,0,1,2,4,1,1,1,2,0,1,4,0,2,1,0,1,1,0,0,1,2,0,0,1,1,0,0,0,1,0,0,0,1,2,0,0,0,0,0,1,0,0,1,0,4,2,2,2,1,2,1,5,6,4,2,2,2,0,1,3,1,1,3,4,3,2,0,0,0,2,1,1,1,3,1,0,1,0,0,1,0,1,0,1,5,0,0,0,0,0,0,0,0,0,2,2,0,0,0,0,4,1,1,0,3,0,0,0,0,2,1,1,0,0,1,3,3,0,0,1,0,0,3,0,1,0,1,0,0,4,0,0,1,0,0,2,2,0,1,0,0,0,1,3,1,0,0,1,0,0,4,0,0,0,2,0,0,0,2,3,0,0,1,0,1,1,2,0,0,0,0,0,0,0,3,0,1,0,2,0,0,0,0,0,0,1,0,0,0,0,0,0,1,1,0,1,0,0,1,0,5,2,0,1,0,1,1,0,0,0,0,0,1,1,1,0,0,0,0,1,0,1,1,0,1,0,0,1,0,0,1,1,0,0,1,0,0,0,0,0,0,2,0,0,1,0,0,1,5,3,1,0,0,0,1,1,0,1,0,0,0,1,1,1,0,0,0,0,0,2,0,1,0,0,0,2,2,1,1,0,1,0,0,0,0,0,0,0,0,0,1,1,0,0,0,0,1,1,1,0,0,1,0,0,0,0,0,0,1,0,0,0,0,1,0,0,0,0,0,0,0,0,0,0,0,1,0,0,0,0,0,0,0,0,0,0,0,0,-0.5679012345679012,-1.2674897119341564,-1.2222222222222223,-1.4032921810699588,-1.954732510288066,-0.9835390946502057,-0.8888888888888888,-1.691358024691358,-0.9794238683127572,-1.2962962962962963,-1.1851851851851851,-1.0781893004115226,-1.0740740740740742,-1.7325102880658436,-1.7448559670781894,-0.8806584362139918,-0.7736625514403292,-2.5185185185185186,-1.308641975308642,-1.102880658436214
P47115,0.05508474576271186,0.08050847457627118,0.09322033898305085,0.06779661016949153,0.012711864406779662,0.03389830508474576,0.09745762711864407,0.025423728813559324,0.03389830508474576,0.038135593220338986,0.09745762711864407,0.07627118644067797,0.01694915254237288,0.029661016949152543,0.05084745762711865,0.09322033898305085,0.038135593220338986,0.00847457627118644,0.0211864406779661,0.029661016949152543,0,1,1,1,1,0,0,1,0,0,2,1,0,0,1,2,0,0,0,1,0,1,0,2,2,2,0,0,1,1,1,1,0,0,0,0,0,1,1,0,0,0,0,1,0,0,0,0,0,0,1,1,1,0,0,1,0,2,2,2,0,3,0,1,1,2,2,3,1,0,0,2,2,0,1,3,0,0,4,2,1,2,0,0,2,1,1,3,1,2,0,0,0,1,0,0,0,0,1,0,0,3,0,0,0,0,3,2,1,3,3,0,0,1,0,0,0,1,0,0,0,3,0,1,2,0,2,2,0,0,0,1,0,1,4,1,2,1,0,0,0,0,0,1,0,0,0,2,1,0,0,1,1,0,0,0,4,2,1,0,0,0,3,0,3,2,2,0,0,1,0,1,1,1,0,0,2,3,0,1,1,0,1,1,2,1,2,0,0,0,0,0,0,0,0,0,1,1,0,1,1,0,0,1,1,1,0,3,3,0,2,3,0,0,0,1,1,1,1,1,1,0,0,0,0,0,1,0,1,2,0,0,1,1,3,4,0,0,0,0,0,0,0,0,0,0,0,2,1,1,1,0,2,2,1,1,1,0,1,0,1,0,1,0,3,0,2,3,2,0,2,1,0,1,0,0,2,0,5,0,1,1,0,0,0,0,0,0,0,0,0,0,0,0,0,0,0,0,0,0,0,0,1,0,0,0,0,0,0,1,0,0,0,0,0,1,0,0,0,0,0,0,0,0,0,0,0,0,0,0,0,0,0,0,0,0,0,0,0,0,0,0,0,-0.6936170212765957,-0.49361702127659574,-0.1829787234042553,-0.6595744680851063,-2.072340425531915,-0.20851063829787234,-0.1276595744680851,-1.6085106382978724,-0.7787234042553192,-1.6,-1.3957446808510638,-0.2765957446808511,-0.8936170212765957,-1.8468085106382979,-1.323404255319149,-0.08936170212765958,-0.5234042553191489,-2.608510638297872,-1.421276595744681,-1.3574468085106384
P47129,0.02912621359223301,0.05177993527508091,0.09061488673139159,0.05501618122977346,0.0,0.08090614886731391,0.07766990291262135,0.025889967637540454,0.025889967637540454,0.04854368932038835,0.07766990291262135,0.08737864077669903,0.022653721682847898,0.03559870550161812,0.09061488673139159,0.09061488673139159,0.05501618122977346,0.0,0.019417475728155338,0.03559870550161812,0,1,1,0,0,1,0,0,1,3,2,3,0,0,1,1,2,0,0,0,0,0,0,1,1,2,1,0,0,2,0,1,0,0,0,1,1,0,1,0,1,0,0,0,0,0,0,0,0,0,2,1,0,1,0,0,2,7,5,3,1,4,0,1,2,5,6,2,2,0,2,2,2,3,1,1,0,0,2,2,4,3,0,0,1,3,0,3,2,3,0,0,0,0,0,0,0,0,0,2,1,1,1,0,0,2,4,3,1,1,2,0,1,4,1,3,2,1,0,2,1,1,5,2,2,0,1,0,2,3,2,0,0,0,1,3,0,1,0,0,0,0,0,0,0,0,0,1,2,0,4,0,2,0,0,4,3,2,4,3,0,0,1,1,3,2,0,0,4,5,2,4,1,0,0,1,3,1,1,0,1,0,1,0,2,0,2,1,0,0,0,0,0,0,0,0,1,0,0,0,1,1,0,0,4,4,1,1,1,0,0,4,1,0,1,1,0,1,6,1,2,1,1,0,1,2,2,1,1,1,0,1,1,0,0,0,0,0,0,0,0,0,0,0,0,1,2,1,0,0,0,0,0,2,0,2,1,2,0,2,1,3,1,1,1,0,0,2,0,1,0,1,0,0,2,0,2,1,0,0,0,1,4,0,0,7,0,0,0,0,0,0,0,0,0,0,0,0,0,0,0,0,0,0,0,0,0,0,0,0,0,0,0,0,0,0,0,0,0,0,0,0,0,0,0,0,0,0,0,0,0,0,0,0,0,0,0,0,0,0,0,0,0,-0.7824675324675324,-0.5422077922077922,-0.19480519480519481,-0.6590909090909091,-2.2532467532467533,-0.025974025974025976,-0.11363636363636363,-1.6785714285714286,-0.8863636363636364,-1.5974025974025974,-1.4253246753246753,-0.23376623376623376,-0.8116883116883117,-1.9155844155844155,-0.922077922077922,-0.08441558441558442,-0.4383116883116883,-2.6915584415584415,-1.4512987012987013,-1.224025974025974
P48361,0.06282722513089005,0.03228621291448516,0.07591623036649214,0.0462478184991274,0.006108202443280977,0.05846422338568935,0.03926701570680628,0.0506108202443281,0.027923211169284468,0.053228621291448515,0.06980802792321117,0.07853403141361257,0.02181500872600349,0.03577661431064572,0.05846422338568935,0.12216404886561955,0.07766143106457242,0.004363001745200698,0.037521815008726006,0.04101221640488656,7,7,9,3,4,1,0,5,6,11,8,5,0,0,8,7,21,4,2,3,0,8,4,5,7,4,2,0,2,10,3,0,5,2,0,1,2,4,2,2,3,0,0,0,0,0,0,0,0,3,10,6,10,4,3,0,10,12,8,5,8,6,1,10,11,19,15,3,4,1,10,6,9,5,3,5,0,7,6,8,4,4,4,0,2,3,8,6,4,2,0,0,2,1,0,1,0,0,6,5,12,7,6,4,0,8,9,20,12,8,4,2,11,22,33,15,9,8,0,7,11,12,9,4,2,0,1,5,8,1,6,2,0,2,3,7,5,3,4,0,0,1,0,0,0,1,0,9,6,14,5,6,3,0,3,7,15,4,7,5,0,4,6,14,5,6,1,1,11,7,6,14,2,1,0,0,7,2,4,4,0,0,1,2,2,5,0,1,0,0,0,1,0,0,0,0,2,4,2,3,1,2,0,6,12,6,7,3,7,1,5,7,5,3,2,4,0,3,3,3,3,3,0,0,1,11,3,4,1,1,0,4,1,0,1,1,2,0,0,0,0,0,0,0,0,4,3,2,2,1,1,0,3,4,1,2,2,3,0,2,9,6,2,1,4,0,4,10,2,3,1,1,1,2,3,2,2,1,0,0,3,4,3,2,0,2,0,0,0,0,0,0,0,0,0,0,0,0,0,0,0,1,0,2,0,0,0,0,0,1,0,1,0,0,0,0,0,0,0,0,0,0,1,0,0,0,0,0,0,0,0,0,1,0,0,0,0,0,0,0,0,0,0,-0.30655021834061136,-0.5947598253275109,-0.2131004366812227,-0.7615720524017467,-1.720524017467249,-0.13275109170305677,-0.37816593886462885,-1.1606986899563319,-0.7676855895196506,-1.193886462882096,-1.1423580786026202,-0.1930131004366812,-0.743231441048035,-1.4524017467248909,-0.9266375545851528,0.188646288209607,-0.08384279475982533,-2.1458515283842794,-1.1039301310043668,-0.9694323144104804
P48581,0.034912718204488775,0.04488778054862843,0.06483790523690773,0.07481296758104738,0.017456359102244388,0.0199501246882793,0.08728179551122195,0.04488778054862843,0.022443890274314215,0.08728179551122195,0.09476309226932668,0.0773067331670823,0.017456359102244388,0.05486284289276808,0.02493765586034913,0.09476309226932668,0.057356608478802994,0.0,0.02493765586034913,0.05486284289276808,0,1,0,1,0,1,0,4,2,2,1,2,4,0,2,2,3,1,1,1,1,2,2,1,1,0,1,0,0,1,1,0,0,2,0,2,5,3,0,0,3,0,0,1,0,0,0,0,0,2,6,3,4,1,6,0,7,7,5,5,2,3,0,2,3,3,1,2,3,2,2,3,1,1,1,2,0,1,3,5,2,1,3,0,0,3,2,1,5,1,0,0,0,1,0,0,0,0,0,3,5,1,0,0,0,4,9,2,1,3,1,1,1,4,6,0,2,4,0,1,2,1,0,2,1,0,1,1,1,1,3,0,1,2,2,2,2,3,1,0,1,0,0,0,0,2,0,1,2,2,0,1,3,0,1,1,0,2,4,0,0,1,3,1,0,1,2,0,0,1,1,1,0,3,0,0,1,1,3,0,0,0,0,1,0,1,1,4,0,0,0,0,0,0,0,0,0,1,1,1,0,0,1,2,4,3,0,3,1,0,2,4,3,1,0,0,0,2,0,2,2,1,0,0,1,3,0,0,1,0,0,0,4,2,0,1,0,0,1,0,0,1,0,0,0,0,1,0,0,2,2,0,4,5,4,1,0,3,0,1,4,1,4,2,2,0,2,0,2,0,1,0,0,1,4,3,1,0,2,1,0,2,5,1,1,3,0,0,0,0,0,0,0,0,0,1,0,0,0,1,0,0,0,0,0,1,0,0,0,1,0,0,0,0,0,0,0,0,1,0,0,0,0,0,0,0,0,0,0,1,0,0,0,1,0,0,0,0,0,0,0,0,0,-0.425,-0.765,-0.585,-0.805,-1.5975,-0.4125,-0.42,-1.5325,-1.0475,-0.8275,-0.85,-0.5475,-0.5825,-1.2675,-1.3375,-0.09,-0.0675,-2.23,-1.1125,-0.675
P50623,0.06369426751592357,0.03821656050955414,0.044585987261146494,0.050955414012738856,0.012738853503184714,0.05732484076433121,0.05732484076433121,0.06369426751592357,0.012738853503184714,0.03821656050955414,0.07643312101910828,0.10828025477707007,0.012738853503184714,0.03184713375796178,0.10191082802547771,0.07006369426751592,0.025477707006369428,0.03184713375796178,0.050955414012738856,0.050955414012738856,2,2,0,1,0,1,0,1,3,1,1,2,1,0,0,3,0,0,0,0,0,0,2,0,1,0,0,0,0,1,0,1,2,0,0,1,0,0,1,1,0,0,0,0,0,0,0,0,0,2,3,0,0,1,0,0,2,0,2,1,2,1,0,3,2,1,1,1,3,0,0,1,1,0,1,1,0,2,0,1,2,0,0,0,0,0,1,2,0,0,0,0,2,0,0,0,0,0,1,0,1,1,0,2,0,3,1,3,0,0,0,1,1,0,1,1,0,0,0,0,1,0,0,1,0,0,0,0,0,1,0,0,0,2,1,0,1,0,0,0,0,0,0,0,0,0,0,1,2,0,0,0,0,0,0,2,2,2,1,1,1,1,1,0,0,0,0,0,0,0,1,0,0,0,0,1,1,1,1,1,0,0,0,0,0,1,1,1,0,0,0,0,0,0,0,0,0,2,1,1,1,0,0,0,1,1,0,0,0,0,0,2,1,0,0,0,0,1,2,0,0,2,1,0,1,0,0,1,1,2,0,0,0,1,0,0,1,0,0,0,0,0,0,0,0,0,0,1,0,2,0,0,0,1,0,0,0,0,0,0,0,1,0,0,1,0,2,3,0,0,1,1,0,1,0,0,0,1,0,0,0,0,0,2,0,0,0,0,0,0,0,0,0,0,0,0,0,0,0,0,0,0,0,2,0,0,0,0,0,0,0,0,0,0,0,0,0,0,0,0,0,0,0,0,0,0,0,0,0,0,0,0,0,0,0,0,0,0,0,0,0,0,0,-1.3205128205128205,-1.4230769230769231,-1.0,-1.5512820512820513,-2.448717948717949,-1.1987179487179487,-1.1987179487179487,-2.4423076923076925,-1.4294871794871795,-1.5,-1.2756410256410255,-1.0256410256410255,-1.0384615384615385,-1.858974358974359,-1.8012820512820513,-0.8974358974358975,-1.185897435897436,-3.032051282051282,-1.5512820512820513,-1.4038461538461537
P51534,0.05449936628643853,0.036755386565272496,0.059569074778200254,0.049429657794676805,0.01394169835234474,0.04055766793409379,0.07984790874524715,0.026615969581749048,0.012674271229404309,0.09125475285171103,0.1394169835234474,0.07351077313054499,0.024081115335868188,0.045627376425855515,0.034220532319391636,0.08491761723700887,0.053231939163498096,0.0025348542458808617,0.024081115335868188,0.053231939163498096,4,3,2,2,3,1,1,6,14,5,4,0,1,0,1,3,4,2,0,3,0,0,5,3,1,0,4,0,1,4,3,1,2,3,1,2,3,4,2,3,4,0,0,1,0,0,0,0,0,3,8,4,6,5,7,0,11,22,15,7,8,17,0,3,12,17,5,6,3,0,4,10,5,1,4,5,0,6,6,3,4,1,0,0,6,5,5,7,5,3,0,2,0,1,2,0,0,0,1,4,0,3,2,2,0,6,13,7,9,5,4,3,6,6,4,4,9,4,0,0,5,5,0,1,3,0,4,6,5,4,1,3,0,3,3,3,2,2,3,0,0,1,0,0,0,0,0,1,2,1,1,2,2,0,5,13,6,2,1,3,1,2,7,4,0,5,4,0,0,2,1,0,1,1,0,0,5,1,1,0,1,2,1,5,2,2,0,4,0,0,0,0,0,0,0,0,3,6,2,0,0,2,0,2,8,7,5,3,3,0,0,11,2,0,1,2,0,2,3,3,1,3,0,0,0,4,2,0,1,0,0,2,3,0,1,1,0,1,2,0,0,1,0,0,0,3,6,3,1,2,3,0,3,9,5,2,3,3,1,0,7,2,3,2,0,1,3,4,4,2,1,1,0,2,3,2,2,2,1,0,4,7,1,1,1,1,0,0,1,0,0,0,0,0,1,1,1,0,0,1,0,0,1,2,0,0,0,0,0,1,0,0,0,0,0,0,2,1,0,0,0,0,0,0,0,0,0,0,0,0,0,0,0,0,0,0,0,0,0,0,0,0,0,-0.45685279187817257,-0.8096446700507615,-0.7449238578680203,-1.0203045685279188,-1.6713197969543148,-0.4352791878172589,-0.4682741116751269,-1.7626903553299493,-1.2093908629441625,-0.6979695431472082,-0.6104060913705583,-0.5088832487309645,-0.3769035532994924,-1.3274111675126903,-1.4708121827411167,-0.2880710659898477,-0.32614213197969544,-2.3553299492385786,-1.1903553299492386,-0.5596446700507615
P51601,0.053497942386831275,0.07818930041152264,0.02880658436213992,0.037037037037037035,0.012345679012345678,0.0411522633744856,0.09876543209876543,0.06172839506172839,0.03292181069958848,0.07818930041152264,0.09053497942386832,0.053497942386831275,0.0411522633744856,0.02880658436213992,0.0411522633744856,0.053497942386831275,0.06584362139917696,0.00411522633744856,0.02880658436213992,0.06995884773662552,3,2,2,1,0,0,0,2,4,1,4,2,1,0,1,2,2,0,2,1,1,0,1,0,0,1,0,0,2,1,2,1,1,0,0,0,0,1,0,2,2,0,0,0,0,0,0,0,0,3,2,2,0,2,3,0,2,1,4,1,1,2,0,2,2,3,0,2,2,1,1,3,2,2,1,0,0,1,2,1,1,1,2,0,0,1,2,1,1,1,0,0,0,0,0,0,0,0,2,2,3,0,2,1,0,3,2,3,2,3,1,0,2,3,1,0,0,1,0,0,0,2,0,0,0,0,0,1,0,3,1,0,0,1,1,0,1,0,2,0,0,0,2,0,0,0,0,0,1,0,1,2,1,0,1,2,2,1,2,0,0,2,1,0,1,0,0,0,0,0,1,0,0,1,0,0,1,2,0,0,1,0,0,0,0,0,0,1,1,0,0,0,0,0,0,0,0,4,2,0,0,0,0,3,1,0,1,0,0,0,2,3,0,0,1,0,0,2,4,0,0,1,0,0,2,0,0,1,0,0,0,1,1,0,1,1,1,0,0,0,0,0,0,0,0,0,3,0,0,1,0,0,1,1,0,0,0,2,0,1,3,0,0,0,1,0,2,0,0,0,1,1,0,1,0,1,1,0,2,0,2,1,2,1,1,3,0,0,1,0,0,0,0,0,0,0,0,0,0,0,0,0,0,1,0,0,0,0,0,0,1,1,0,0,0,0,0,0,0,0,0,0,0,0,0,0,0,0,0,0,0,0,0,0,0,0,0,0,0,0,0,0,0,-0.8429752066115702,-0.9380165289256198,-1.2107438016528926,-1.2727272727272727,-2.3677685950413223,-0.7851239669421488,-0.5743801652892562,-2.0661157024793386,-1.256198347107438,-1.1818181818181819,-1.2148760330578512,-0.9256198347107438,-0.9710743801652892,-1.7355371900826446,-1.6694214876033058,-0.8347107438016529,-0.7892561983471075,-3.041322314049587,-1.628099173553719,-1.0413223140495869
P52891,0.049586776859504134,0.0371900826446281,0.06060606060606061,0.05785123966942149,0.009641873278236915,0.04132231404958678,0.09917355371900827,0.028925619834710745,0.02066115702479339,0.0881542699724518,0.13360881542699724,0.05785123966942149,0.015151515151515152,0.03856749311294766,0.03305785123966942,0.08264462809917356,0.0440771349862259,0.012396694214876033,0.03856749311294766,0.05096418732782369,2,3,4,2,1,3,0,1,5,1,9,3,2,0,3,7,4,1,4,1,0,0,4,3,3,2,0,0,3,3,1,2,0,1,0,2,6,2,2,0,3,0,0,1,0,0,0,0,0,4,6,2,7,7,4,1,3,14,14,13,6,9,0,3,8,7,4,2,7,2,2,8,7,5,4,9,0,5,6,2,0,3,6,0,4,8,9,4,2,3,1,0,1,0,0,0,1,0,2,4,6,0,1,1,0,10,11,9,6,7,5,0,1,11,3,4,1,1,0,2,6,3,0,2,3,0,1,4,0,1,2,1,0,3,4,3,4,3,3,0,1,1,0,0,0,0,0,3,2,2,0,0,1,0,4,7,3,4,3,5,0,3,8,3,2,0,4,0,1,3,2,2,1,4,0,0,2,2,1,2,1,1,2,4,6,3,3,4,0,0,0,0,0,0,0,0,3,0,1,2,1,4,0,4,12,1,1,2,3,0,1,4,2,1,1,0,0,0,3,1,1,0,1,0,1,2,1,2,1,1,0,1,4,4,1,1,0,0,0,1,0,0,0,0,0,1,6,5,1,0,1,0,8,9,4,2,1,6,2,3,10,2,4,0,7,0,3,2,3,2,0,5,0,1,6,3,0,0,1,0,2,6,2,1,2,1,0,0,0,1,0,0,0,0,0,0,0,0,0,1,0,1,1,1,0,0,1,0,0,0,0,0,1,0,0,0,0,0,0,0,0,0,0,0,0,0,0,0,0,0,0,1,0,0,0,0,0,0,0,0,0,0,0,-0.4124137931034483,-0.5544827586206896,-0.7227586206896551,-0.6896551724137931,-1.7627586206896553,-0.12,-0.1310344827586207,-1.5944827586206896,-0.8234482758620689,-0.8248275862068966,-0.6496551724137931,-0.4124137931034483,-0.5103448275862069,-1.16,-1.3958620689655172,-0.2868965517241379,-0.4262068965517241,-1.8248275862068966,-0.9103448275862069,-0.7475862068965518
P52917,0.08237986270022883,0.043478260869565216,0.041189931350114416,0.06864988558352403,0.004576659038901602,0.029748283752860413,0.09153318077803203,0.07780320366132723,0.006864988558352402,0.05263157894736842,0.09382151029748284,0.08924485125858124,0.020594965675057208,0.032036613272311214,0.041189931350114416,0.07322654462242563,0.06636155606407322,0.009153318077803204,0.02745995423340961,0.04805491990846682,5,4,1,6,2,4,0,2,4,4,0,1,5,0,3,5,5,2,0,2,0,1,2,4,0,0,1,0,1,4,2,2,0,0,0,2,2,3,1,4,6,0,0,1,0,0,0,0,0,5,2,4,1,3,3,1,4,6,3,4,1,5,0,0,5,3,0,2,3,1,0,1,3,1,3,2,0,2,0,1,1,8,2,0,1,5,4,0,4,2,0,0,0,0,0,0,0,0,4,3,7,0,0,4,0,4,4,2,1,7,1,0,6,2,3,1,3,1,0,2,1,2,0,1,0,0,2,4,1,0,1,0,0,3,5,1,1,0,2,0,0,1,0,0,0,0,0,2,3,1,0,1,3,0,0,2,1,0,2,1,0,4,2,2,1,0,1,0,0,1,0,0,0,0,0,2,1,1,0,1,1,0,1,0,0,1,1,2,0,0,0,0,0,0,0,0,4,3,2,1,1,0,0,4,5,1,3,2,1,0,3,3,1,0,1,2,0,3,1,0,0,0,2,0,1,3,2,3,1,1,0,0,1,3,0,0,0,0,0,0,0,0,0,0,0,2,1,2,0,2,4,0,5,2,1,2,1,3,0,2,2,3,2,2,3,0,3,0,1,0,2,0,0,3,4,3,0,0,0,0,4,1,3,3,1,3,0,0,0,0,0,0,0,0,0,0,0,0,0,0,0,0,0,2,0,0,0,0,0,0,0,0,0,0,0,0,0,0,0,0,0,0,0,0,0,0,0,0,0,0,0,0,0,0,0,0,0,0,0,0,0,0,0,-0.6284403669724771,-0.7454128440366973,-1.3142201834862386,-1.0573394495412844,-2.7660550458715596,-0.8830275229357798,-0.6169724770642202,-1.7087155963302751,-1.68348623853211,-1.114678899082569,-1.0344036697247707,-0.7752293577981652,-0.963302752293578,-2.0756880733944953,-1.701834862385321,-0.7637614678899083,-0.9105504587155964,-3.3555045871559632,-2.0160550458715596,-1.036697247706422
P53081,0.08333333333333333,0.034722222222222224,0.052083333333333336,0.0625,0.020833333333333332,0.041666666666666664,0.04861111111111111,0.059027777777777776,0.027777777777777776,0.04513888888888889,0.08333333333333333,0.0763888888888889,0.017361111111111112,0.024305555555555556,0.03125,0.0625,0.0625,0.017361111111111112,0.034722222222222224,0.11458333333333333,3,2,4,2,2,3,1,2,1,1,2,2,0,0,4,5,4,3,3,3,0,3,0,0,1,1,1,1,2,1,4,0,2,1,0,3,0,0,4,0,2,0,1,0,0,0,0,0,0,2,0,5,1,7,1,0,4,4,0,1,1,2,0,1,3,0,0,1,0,0,1,0,2,1,1,2,0,1,2,1,1,0,1,0,3,0,0,0,1,1,1,0,0,1,0,0,0,0,4,1,3,1,0,1,0,4,3,1,0,2,3,0,1,1,1,0,1,1,1,0,3,1,1,0,1,0,4,0,2,1,0,1,0,2,1,0,1,1,0,0,0,0,0,0,0,1,0,2,0,3,0,1,3,0,1,3,2,1,0,1,1,1,1,1,2,1,0,0,1,2,2,1,0,0,1,1,2,0,0,0,0,0,1,1,0,2,0,0,0,1,0,0,1,0,0,0,2,3,2,2,0,0,0,4,0,0,2,1,0,0,2,3,1,0,1,0,0,0,2,0,1,1,0,0,1,1,0,0,0,0,0,1,1,1,0,0,0,0,0,0,0,0,0,0,0,2,1,5,1,0,1,0,1,1,1,1,0,0,0,0,0,0,1,1,1,0,3,2,1,2,0,0,0,0,1,0,2,0,0,0,0,0,1,1,1,0,0,0,0,0,0,0,1,0,1,1,0,0,0,0,0,0,0,0,0,0,0,0,1,0,0,0,0,0,0,1,0,0,0,0,0,0,0,0,0,0,0,0,0,0,1,1,0,0,0,0,0,0,0,0,0,0,0,-0.42160278745644597,-1.278745644599303,-0.7979094076655052,-1.0139372822299653,-2.0313588850174216,-0.8257839721254355,-0.7735191637630662,-1.3588850174216027,-1.0662020905923344,-0.8118466898954704,-0.8362369337979094,-0.7038327526132404,-1.0,-1.3066202090592334,-1.4250871080139373,-0.5226480836236934,-0.627177700348432,-2.1463414634146343,-1.1742160278745644,-0.7665505226480837
P53093,0.07659574468085106,0.03829787234042553,0.029787234042553193,0.04680851063829787,0.01702127659574468,0.029787234042553193,0.02553191489361702,0.05106382978723404,0.02127659574468085,0.08085106382978724,0.14042553191489363,0.029787234042553193,0.02553191489361702,0.04680851063829787,0.04680851063829787,0.11063829787234042,0.0425531914893617,0.02553191489361702,0.029787234042553193,0.0851063829787234,5,4,2,1,0,1,0,2,8,1,3,1,0,0,4,2,1,2,0,1,0,0,3,2,0,1,0,0,1,0,1,1,0,0,0,0,1,0,0,1,1,0,0,0,0,0,0,0,0,0,2,3,3,1,2,0,3,8,8,3,0,1,2,3,5,5,1,2,0,0,1,2,3,0,1,1,0,1,1,2,0,0,0,0,1,4,0,1,0,0,1,0,2,1,0,0,0,0,5,6,2,1,2,0,0,1,5,3,1,1,2,1,2,4,1,0,0,1,0,0,2,1,1,0,0,0,1,0,2,0,0,0,0,0,0,0,0,0,2,0,0,0,0,0,0,0,0,0,0,2,0,0,0,0,3,1,1,0,1,2,0,4,1,2,0,0,0,0,0,1,1,0,1,0,0,1,1,0,1,0,0,0,2,0,0,0,0,0,0,0,0,0,0,0,0,0,0,3,1,1,0,0,0,0,0,1,1,1,0,0,2,1,0,1,1,0,0,0,0,0,2,0,0,0,0,1,0,0,0,0,0,0,0,0,0,0,0,0,0,0,0,0,0,0,0,3,0,0,0,0,0,0,0,2,2,0,0,2,0,0,1,0,0,0,0,0,0,0,0,0,0,1,0,1,0,0,0,1,0,0,0,1,1,0,1,0,0,0,0,0,1,0,0,0,0,0,0,0,0,0,0,2,0,0,0,0,0,0,1,0,0,0,0,0,0,1,0,0,0,0,0,0,0,0,0,0,0,0,0,0,0,0,0,0,0,0,0,0,0,0,0,0,0,-0.36324786324786323,-1.393162393162393,-1.1623931623931625,-1.5085470085470085,-1.4487179487179487,-0.8760683760683761,-1.1752136752136753,-1.1623931623931625,-1.435897435897436,-0.2564102564102564,-0.17094017094017094,-1.1794871794871795,-0.2094017094017094,-0.4658119658119658,-1.1923076923076923,-0.2905982905982906,-0.3247863247863248,-1.5128205128205128,-0.7905982905982906,-0.24358974358974358
P53112,0.07624633431085044,0.03519061583577713,0.05865102639296188,0.08211143695014662,0.0,0.04105571847507331,0.10850439882697947,0.04105571847507331,0.002932551319648094,0.07331378299120235,0.06744868035190615,0.10557184750733138,0.03519061583577713,0.026392961876832845,0.04105571847507331,0.08211143695014662,0.04398826979472141,0.011730205278592375,0.017595307917888565,0.04985337243401759,0,1,4,1,0,2,0,3,2,2,0,3,1,0,3,3,0,1,2,3,0,2,2,1,1,1,3,0,0,0,1,1,2,0,0,0,4,4,1,2,1,0,0,0,0,0,0,0,0,2,1,3,3,2,2,0,5,2,6,1,1,2,0,3,3,1,2,1,7,0,0,1,0,1,0,1,0,1,1,2,1,2,2,0,2,2,1,2,4,1,0,0,0,0,0,0,0,0,3,4,4,2,1,4,0,1,4,3,1,0,2,0,1,0,0,1,0,1,0,2,0,0,1,1,1,0,2,2,1,1,1,0,0,0,4,4,1,3,3,0,0,0,0,0,0,0,0,2,2,1,2,0,1,0,1,2,1,1,0,1,0,3,1,0,1,0,1,0,0,1,2,1,0,2,0,0,1,0,1,0,0,0,1,2,2,1,3,2,0,0,0,0,0,0,0,0,0,2,0,0,1,1,0,0,3,3,0,0,4,0,4,1,1,0,3,0,0,2,2,0,2,0,3,0,0,3,2,1,1,2,0,1,1,2,0,3,0,0,0,0,0,0,0,0,0,1,1,0,2,0,2,0,3,3,2,0,5,2,0,4,3,2,0,1,3,0,2,0,3,0,0,1,0,1,3,3,4,3,3,0,2,2,0,1,2,1,0,0,0,0,0,0,0,0,0,0,0,0,0,0,0,0,0,0,0,0,0,0,0,0,0,0,0,0,0,0,0,0,0,0,0,0,0,0,0,0,0,0,0,0,0,0,0,0,0,0,0,0,0,0,0,0,0,-0.12941176470588237,-0.4441176470588235,-0.3911764705882353,-0.45294117647058824,-1.9852941176470589,0.08529411764705883,0.07647058823529412,-1.3441176470588236,-1.0470588235294118,-1.0029411764705882,-1.0088235294117647,-0.06470588235294118,-0.6764705882352942,-1.588235294117647,-0.7382352941176471,0.22058823529411764,-0.12352941176470589,-2.2323529411764707,-1.261764705882353,-0.8470588235294118
P53129,0.03571428571428571,0.040372670807453416,0.07142857142857142,0.052795031055900624,0.020186335403726708,0.043478260869565216,0.06055900621118013,0.037267080745341616,0.021739130434782608,0.055900621118012424,0.12732919254658384,0.07142857142857142,0.021739130434782608,0.05745341614906832,0.03881987577639751,0.11180124223602485,0.05124223602484472,0.006211180124223602,0.031055900621118012,0.043478260869565216,1,1,3,1,1,1,0,3,6,1,2,1,3,0,2,6,6,4,3,1,0,2,5,2,3,0,1,0,0,4,2,0,3,1,0,0,3,1,0,1,0,0,0,0,0,0,0,0,1,2,5,5,5,4,2,1,8,12,11,6,5,8,3,4,5,9,6,5,3,2,4,3,2,7,2,3,0,1,9,4,1,4,1,1,2,4,9,5,1,3,0,0,2,0,1,0,0,0,2,3,3,2,2,0,0,4,15,6,1,4,3,0,1,9,9,7,3,6,0,8,8,3,1,3,1,0,1,5,4,1,1,2,0,2,4,1,5,0,5,0,0,1,2,0,0,0,0,1,3,8,3,2,1,0,3,6,6,3,6,3,0,1,1,3,3,1,4,1,3,6,2,0,2,0,0,2,3,1,1,1,2,0,0,1,1,0,3,2,0,0,1,0,1,0,0,0,2,2,2,2,0,0,0,3,8,5,1,3,4,0,2,4,4,2,2,1,0,1,1,0,1,0,0,2,2,3,3,1,0,2,0,1,2,2,1,0,1,1,0,0,0,1,0,0,0,0,2,1,0,1,1,0,2,2,4,8,1,2,0,2,6,4,2,0,2,0,0,3,5,0,3,2,0,2,0,1,1,2,0,0,0,5,2,2,1,1,1,0,2,0,0,0,0,0,0,0,0,0,0,0,0,0,4,1,0,1,1,0,0,2,0,0,0,0,0,0,1,1,1,0,0,0,0,0,0,0,0,0,0,0,0,0,0,0,0,0,0,1,0,0,0,0,0,-0.3545878693623639,-0.744945567651633,-0.6298600311041991,-0.838258164852255,-1.7636080870917574,-0.38724727838258166,-0.5396578538102644,-1.2161741835147746,-0.8273716951788491,-1.010886469673406,-0.7853810264385692,-0.6360808709175739,-0.6842923794712286,-1.2301710730948678,-0.9704510108864697,0.06220839813374806,-0.2223950233281493,-2.1586314152410577,-1.0544323483670295,-0.8351477449455676
P53163,0.0979381443298969,0.02577319587628866,0.02577319587628866,0.04639175257731959,0.0,0.010309278350515464,0.07731958762886598,0.061855670103092786,0.005154639175257732,0.06701030927835051,0.09278350515463918,0.11855670103092783,0.02577319587628866,0.02577319587628866,0.05154639175257732,0.09278350515463918,0.09278350515463918,0.005154639175257732,0.0,0.07731958762886598,7,1,3,1,0,2,0,0,2,2,0,3,1,0,1,3,2,0,2,0,0,1,0,0,0,0,1,0,3,1,2,0,0,0,0,3,1,0,0,1,3,0,0,0,0,0,0,0,0,2,2,3,1,3,0,0,2,0,3,1,1,0,0,2,4,4,0,1,1,0,0,1,1,0,0,0,0,3,2,2,0,1,1,0,1,1,0,2,0,1,0,0,0,0,0,0,0,0,1,0,0,0,2,0,0,5,2,2,1,1,2,0,0,3,6,1,1,1,0,0,2,0,0,0,0,0,1,1,2,0,2,0,0,0,3,0,0,0,0,0,0,0,0,0,0,0,0,1,1,0,0,0,0,0,1,1,1,0,1,0,0,0,2,0,0,0,0,0,0,0,0,0,0,0,0,0,0,0,0,0,0,0,0,0,0,0,1,0,0,0,0,0,0,0,0,0,2,1,1,0,1,5,0,3,0,1,0,1,2,0,0,1,1,1,2,1,0,0,0,1,0,0,0,0,2,1,0,0,0,0,0,1,0,0,0,0,0,0,0,0,0,0,0,0,0,1,3,1,0,0,1,0,0,2,3,0,2,0,0,0,0,0,0,0,0,0,1,1,0,0,0,0,0,1,2,0,1,0,0,0,1,1,0,0,2,1,0,0,0,0,0,0,0,0,0,0,0,0,0,0,0,0,0,0,0,0,0,0,0,0,0,0,0,0,0,0,0,0,0,0,0,0,0,0,0,0,0,0,0,0,0,0,0,0,0,0,0,0,0,0,0,0,0,0.27979274611398963,-1.077720207253886,-1.2279792746113989,-1.2538860103626943,-2.2124352331606216,-0.7461139896373057,-0.35751295336787564,-1.450777202072539,-1.782383419689119,-1.16580310880829,-1.3005181347150259,-0.23834196891191708,-1.1191709844559585,-2.1139896373056994,-1.16580310880829,-0.2538860103626943,-0.37823834196891193,-2.948186528497409,-2.093264248704663,-0.7098445595854922
P53178,0.039603960396039604,0.04455445544554455,0.0297029702970297,0.04950495049504951,0.0297029702970297,0.06435643564356436,0.06435643564356436,0.07425742574257425,0.019801980198019802,0.07920792079207921,0.09900990099009901,0.04950495049504951,0.019801980198019802,0.0594059405940594,0.039603960396039604,0.08415841584158416,0.04455445544554455,0.0049504950495049506,0.0297029702970297,0.07425742574257425,0,1,0,1,1,0,1,2,5,0,4,2,2,0,3,0,0,2,0,2,0,0,0,2,0,0,0,0,0,2,0,0,0,2,0,0,0,0,0,0,0,0,2,0,3,0,0,0,0,1,2,5,0,2,0,2,4,5,2,0,5,1,0,1,1,0,1,0,3,0,0,1,0,2,0,2,0,2,3,0,2,0,3,0,1,1,2,1,0,1,0,0,0,0,0,0,0,0,2,4,1,0,1,0,0,4,0,2,1,0,1,0,0,2,1,1,0,1,0,1,1,2,0,2,0,0,0,0,1,0,0,0,0,2,1,1,1,2,0,0,0,0,0,0,0,0,0,1,1,1,0,0,0,1,0,2,0,0,1,0,0,2,2,0,0,1,1,0,0,0,1,3,0,1,0,2,0,0,0,0,0,0,0,2,1,0,0,0,0,0,1,0,0,0,0,0,0,2,1,1,0,0,0,1,2,1,0,2,0,0,0,0,1,0,0,0,0,1,1,1,0,0,0,0,0,0,0,0,0,0,0,1,1,1,1,0,1,0,0,0,0,0,0,0,0,0,3,0,0,0,0,1,1,3,1,0,0,1,0,0,3,2,1,0,0,0,2,0,0,0,0,0,1,0,1,0,1,0,0,0,0,1,1,0,0,0,0,0,0,0,0,0,0,0,0,2,0,0,0,0,0,0,0,0,0,0,1,0,2,0,0,1,0,0,0,0,0,0,0,0,0,0,0,0,0,0,0,0,0,0,0,0,0,0,0,0,0,0,0,0,0,0,0,-0.10945273631840796,-1.0248756218905473,-1.1741293532338308,-1.6119402985074627,-2.5621890547263684,-0.7711442786069652,-0.9651741293532339,-1.691542288557214,-1.6069651741293531,-0.9751243781094527,-0.9253731343283582,-0.835820895522388,-1.1840796019900497,-1.7462686567164178,-1.5870646766169154,-0.835820895522388,-0.945273631840796,-3.1641791044776117,-1.7412935323383085,-0.8905472636815921
P53184,0.041666666666666664,0.032407407407407406,0.041666666666666664,0.09722222222222222,0.009259259259259259,0.027777777777777776,0.05555555555555555,0.037037037037037035,0.05555555555555555,0.07407407407407407,0.06481481481481481,0.08333333333333333,0.023148148148148147,0.023148148148148147,0.046296296296296294,0.05555555555555555,0.06944444444444445,0.023148148148148147,0.046296296296296294,0.09259259259259259,2,3,1,2,0,0,0,0,2,2,2,3,1,0,1,2,2,0,0,0,0,0,1,1,0,0,1,0,1,2,0,1,0,1,0,0,1,0,2,0,1,0,0,0,1,1,0,0,0,1,0,4,0,1,2,0,3,0,2,1,1,2,0,2,2,0,1,2,0,0,0,2,1,3,2,1,0,0,2,1,1,0,0,0,1,0,1,2,1,3,0,0,0,0,0,0,0,0,2,2,0,1,1,1,0,1,4,1,3,0,2,0,0,1,5,0,1,3,0,0,0,1,1,1,0,0,0,0,2,2,0,0,0,1,2,1,0,1,1,0,0,0,0,0,0,0,0,0,1,0,0,1,0,0,2,2,0,2,0,1,0,1,1,2,1,0,2,0,1,1,1,0,2,2,0,2,0,2,0,0,1,0,1,0,1,0,2,0,0,0,0,0,0,0,0,0,0,1,0,0,1,0,2,1,0,1,1,0,1,0,3,1,1,0,0,0,0,0,2,1,2,0,0,0,0,0,0,0,0,0,0,3,1,1,0,1,0,0,0,0,0,0,0,0,0,3,3,0,0,1,1,0,1,1,1,0,0,1,0,0,4,0,1,1,0,0,0,1,2,1,0,0,0,1,0,1,1,0,3,0,2,0,2,0,1,0,0,0,0,0,0,0,0,0,0,0,0,0,0,0,0,0,0,0,0,0,0,0,0,0,0,0,0,1,0,1,0,0,0,0,0,0,0,0,0,0,0,0,0,0,0,0,0,0,0,0,0,0,0,0,0,0,0,-0.14883720930232558,-0.7813953488372093,-0.7488372093023256,-0.7023255813953488,-1.669767441860465,-0.4697674418604651,-0.4883720930232558,-0.9627906976744186,-0.6837209302325581,-0.7302325581395349,-0.8744186046511628,-0.7116279069767442,-0.6883720930232559,-1.1813953488372093,-0.8930232558139535,-0.4604651162790698,-0.3488372093023256,-1.655813953488372,-0.8790697674418605,-0.4558139534883721
P53215,0.046413502109704644,0.029535864978902954,0.0759493670886076,0.04219409282700422,0.02531645569620253,0.029535864978902954,0.07172995780590717,0.04219409282700422,0.02109704641350211,0.07172995780590717,0.0970464135021097,0.0970464135021097,0.012658227848101266,0.08438818565400844,0.03375527426160337,0.05907172995780591,0.05063291139240506,0.012658227848101266,0.05485232067510549,0.04219409282700422,0,1,1,0,0,0,1,2,2,2,1,2,1,0,1,0,0,1,1,0,0,0,2,1,0,0,1,0,0,0,0,0,2,0,0,0,2,0,1,0,0,0,1,1,0,0,2,1,0,1,2,0,2,0,1,2,1,6,4,2,2,4,0,5,2,3,1,0,2,1,1,3,1,2,3,0,0,3,1,2,0,2,2,0,1,0,1,4,0,1,0,0,0,0,0,0,0,0,1,4,0,0,1,1,1,1,3,2,1,2,1,0,0,1,2,1,1,1,0,1,2,2,0,0,0,0,0,2,0,1,0,0,0,2,3,0,1,1,1,0,0,0,0,1,0,0,0,0,1,1,0,0,0,0,2,4,3,3,2,0,0,0,4,1,1,0,2,0,0,2,1,0,0,0,0,2,1,1,0,0,1,0,0,0,0,0,0,1,0,0,0,0,0,0,0,0,1,1,1,1,0,1,1,2,2,2,1,0,0,0,1,1,0,1,1,1,0,0,1,1,0,0,0,0,1,1,1,1,1,1,0,0,1,1,1,1,0,0,0,0,0,0,0,0,0,0,1,1,0,1,0,0,0,2,1,2,1,1,0,0,2,0,0,0,2,0,0,3,2,1,2,0,0,0,1,0,0,1,0,0,0,1,1,1,0,0,0,0,0,0,0,0,0,0,0,0,0,1,0,0,0,0,0,0,0,1,0,0,0,0,0,0,0,0,0,0,1,0,0,0,0,0,0,1,1,0,0,0,0,0,0,1,0,0,0,0,0,0,0,0,0,0,0,-0.7923728813559322,-0.940677966101695,-0.7966101694915254,-1.2627118644067796,-1.9364406779661016,-0.6652542372881356,-0.7457627118644068,-1.8855932203389831,-0.9745762711864406,-1.2033898305084745,-1.1101694915254237,-0.6864406779661016,-0.8813559322033898,-1.076271186440678,-1.8983050847457628,-0.5847457627118644,-0.6059322033898306,-2.080508474576271,-0.7796610169491526,-1.0042372881355932
P53226,0.04753199268738574,0.05850091407678245,0.06398537477148081,0.056672760511883,0.007312614259597806,0.04021937842778794,0.05850091407678245,0.06581352833638025,0.02376599634369287,0.0712979890310786,0.062157221206581355,0.04753199268738574,0.025594149908592323,0.04753199268738574,0.062157221206581355,0.12614259597806216,0.0603290676416819,0.005484460694698354,0.025594149908592323,0.043875685557586835,4,1,3,2,0,5,0,5,4,3,0,2,3,1,7,1,7,2,2,0,0,0,4,5,1,2,0,0,1,5,2,0,1,1,0,2,6,2,0,1,1,0,0,0,0,0,0,0,0,4,7,3,3,4,0,0,8,14,11,2,4,2,1,8,3,8,2,6,3,0,0,2,3,4,0,2,0,1,1,4,3,1,2,0,2,3,2,4,2,0,0,1,3,0,0,0,0,0,2,5,9,4,1,3,0,3,4,3,2,4,1,0,4,7,11,4,6,5,0,3,4,3,2,4,3,0,2,4,7,3,0,0,0,2,3,5,2,1,2,0,0,0,0,0,0,0,0,0,2,2,3,1,1,0,1,7,4,4,0,1,0,1,3,2,5,1,4,0,3,3,0,1,2,1,0,1,3,1,3,0,2,0,2,2,2,3,1,1,0,0,0,0,0,0,0,0,2,1,0,0,1,3,0,2,6,4,2,1,0,0,2,2,6,3,1,2,0,2,1,1,1,2,3,0,1,1,1,0,0,0,0,1,4,0,2,0,0,0,0,0,0,0,0,0,0,3,1,2,0,3,0,0,2,7,3,1,1,6,1,2,1,4,3,0,1,0,1,3,4,1,0,2,0,1,1,1,1,1,2,0,0,3,0,0,1,0,0,0,0,0,0,0,0,0,0,1,0,0,0,0,0,0,0,2,0,0,0,1,0,0,0,0,0,0,0,0,0,0,0,0,0,0,0,0,0,0,0,0,0,0,0,0,0,0,0,0,0,0,0,0,0,0,0,-0.4065934065934066,-0.673992673992674,-0.3076923076923077,-0.7564102564102564,-1.8663003663003663,-0.315018315018315,-0.39194139194139194,-1.1355311355311355,-0.8736263736263736,-1.26007326007326,-1.2820512820512822,-0.3882783882783883,-0.8351648351648352,-1.598901098901099,-1.065934065934066,0.15018315018315018,-0.1794871794871795,-2.3553113553113554,-1.304029304029304,-1.02014652014652
P53238,0.08059701492537313,0.05970149253731343,0.06567164179104477,0.050746268656716415,0.005970149253731343,0.06567164179104477,0.056716417910447764,0.03880597014925373,0.03283582089552239,0.04776119402985075,0.07761194029850746,0.07164179104477612,0.011940298507462687,0.05373134328358209,0.05970149253731343,0.05970149253731343,0.05970149253731343,0.005970149253731343,0.03880597014925373,0.056716417910447764,1,2,1,2,1,0,0,5,3,2,0,4,2,0,3,2,3,2,2,0,0,0,1,3,2,1,1,0,1,1,1,1,3,0,0,2,2,0,2,1,1,0,0,0,1,0,0,0,0,2,2,1,1,0,3,0,2,10,2,4,3,3,0,7,2,2,2,2,0,0,2,1,2,3,0,0,0,2,1,3,3,2,1,0,3,0,1,2,3,2,0,0,1,0,0,0,0,0,2,5,3,2,2,3,0,2,0,3,1,2,0,1,1,1,1,3,0,0,0,2,5,2,2,1,2,0,2,2,1,0,0,1,0,0,2,0,0,1,1,0,0,0,0,0,0,0,0,0,3,2,2,1,0,0,0,7,4,1,0,3,0,2,1,0,4,2,2,0,2,5,2,3,1,0,0,1,1,0,3,0,1,0,2,1,0,0,0,1,0,0,0,0,0,0,0,0,1,2,1,0,2,2,1,0,2,2,1,1,2,0,1,3,0,3,0,2,0,2,1,2,0,3,0,0,1,2,2,1,0,0,0,0,2,1,0,1,0,0,0,0,0,0,0,0,0,1,2,4,1,1,0,0,0,2,2,0,2,1,0,3,0,0,0,0,0,0,0,1,0,3,0,1,0,2,1,2,0,1,1,0,2,0,1,1,1,0,0,0,0,0,0,0,0,0,0,0,0,0,0,0,0,0,0,0,1,0,0,0,0,0,0,0,0,0,0,0,0,0,0,0,0,0,0,0,0,0,0,0,0,0,0,0,0,0,0,0,0,0,0,0,0,0,0,-0.9221556886227545,-0.7455089820359282,-1.1047904191616766,-0.7425149700598802,-2.3802395209580838,-0.5508982035928144,-0.2994011976047904,-1.7664670658682635,-1.0389221556886228,-1.5479041916167664,-1.1616766467065869,-0.31736526946107785,-0.6976047904191617,-1.4401197604790419,-1.7335329341317365,-0.7125748502994012,-1.026946107784431,-2.697604790419162,-1.5449101796407185,-1.5119760479041917
P53253,0.035256410256410256,0.03418803418803419,0.08226495726495726,0.04700854700854701,0.010683760683760684,0.03739316239316239,0.060897435897435896,0.029914529914529916,0.026709401709401708,0.057692307692307696,0.10683760683760683,0.08440170940170941,0.014957264957264958,0.06837606837606838,0.030982905982905984,0.1282051282051282,0.06517094017094018,0.002136752136752137,0.026709401709401708,0.050213675213675216,1,4,5,4,1,2,0,3,13,7,5,0,4,0,2,7,6,3,1,2,1,3,2,5,3,0,1,0,1,5,2,2,2,0,0,2,1,3,1,2,0,0,0,0,2,0,0,0,0,3,9,6,3,2,0,1,8,16,13,12,7,6,3,4,18,11,12,3,7,0,3,10,10,5,2,8,0,5,3,9,6,4,4,0,2,9,5,6,6,1,1,1,1,0,1,0,1,0,5,7,5,2,4,3,0,6,13,17,7,8,10,1,10,15,18,6,6,4,1,5,6,11,3,5,3,0,2,3,1,1,6,3,0,2,4,3,2,4,5,0,0,0,2,0,0,0,0,3,6,1,2,2,1,1,5,9,8,4,4,4,0,6,9,15,4,1,3,0,2,4,6,4,2,1,0,2,5,2,2,2,1,0,4,6,2,4,0,2,0,0,0,0,0,0,0,0,3,5,1,1,1,1,0,1,8,8,3,5,1,0,2,6,4,4,3,3,0,2,8,2,2,1,1,0,1,8,6,3,3,1,0,0,3,1,4,2,2,0,0,0,0,0,1,0,0,2,1,4,2,1,2,0,1,5,1,7,7,5,0,1,6,4,4,1,1,0,0,4,4,2,4,4,0,1,2,1,2,5,3,1,2,3,3,1,1,1,0,0,1,0,0,0,0,0,0,0,0,0,1,0,0,0,1,1,0,0,0,0,1,1,1,0,1,0,0,1,0,0,0,0,0,0,0,0,1,0,0,0,0,0,0,1,0,0,0,0,0,0,0,0,0,0,0,-0.47807486631016044,-0.06524064171122995,-0.5668449197860963,-1.0085561497326203,-2.7732620320855617,0.8310160427807487,0.9518716577540107,-2.7390374331550804,-0.9732620320855615,-1.4245989304812834,-0.5668449197860963,0.4909090909090909,-0.6224598930481283,-2.6449197860962568,-3.1572192513368984,-0.2737967914438503,-0.7262032085561497,-3.5497326203208557,-2.2149732620320854,-1.441711229946524
P53617,0.06434782608695652,0.05217391304347826,0.06086956521739131,0.05565217391304348,0.008695652173913044,0.07478260869565218,0.03304347826086956,0.05565217391304348,0.02608695652173913,0.059130434782608696,0.0782608695652174,0.057391304347826085,0.017391304347826087,0.02782608695652174,0.08347826086956522,0.10956521739130434,0.04869565217391304,0.008695652173913044,0.034782608695652174,0.043478260869565216,4,6,3,3,0,2,0,6,7,5,1,3,2,1,4,5,4,5,4,2,0,3,4,1,3,3,1,0,2,1,1,0,0,0,0,3,0,2,1,1,0,0,0,0,1,0,0,0,0,8,5,6,9,1,2,0,9,8,11,3,2,2,0,5,6,6,4,7,2,0,3,2,2,8,2,2,0,1,2,4,3,1,1,0,0,5,3,2,1,3,0,0,1,0,0,1,0,0,4,7,6,2,3,0,0,3,8,7,6,2,3,0,6,5,3,4,1,2,0,3,5,5,4,1,1,0,1,6,3,5,1,3,0,0,5,3,0,0,1,1,0,0,0,0,0,0,0,1,1,6,1,0,1,1,7,7,2,4,1,3,0,3,8,2,1,3,2,0,1,7,8,10,1,0,0,2,1,3,1,3,0,0,1,2,0,2,1,0,0,0,0,0,0,0,0,0,0,4,3,0,0,0,0,4,1,1,3,3,2,0,2,0,4,4,4,2,0,0,4,4,0,2,1,0,1,2,3,0,0,1,0,1,0,0,1,6,0,0,0,0,0,0,0,0,0,1,2,0,0,0,2,0,2,4,4,2,0,2,1,1,5,2,0,0,0,0,1,2,0,2,1,1,0,0,2,1,2,2,3,0,0,3,0,1,0,1,0,0,0,0,0,0,0,1,0,0,0,0,0,0,0,0,0,0,0,1,0,0,1,0,0,0,0,0,0,0,0,0,0,0,0,0,0,0,1,0,0,0,0,0,0,0,0,1,0,0,0,0,0,0,0,1,0,-0.16376306620209058,-0.4442508710801394,-0.35714285714285715,-0.7491289198606271,-2.1289198606271778,0.11498257839721254,-0.4094076655052265,-0.8031358885017421,-0.9686411149825784,-1.2020905923344947,-1.2282229965156795,-0.43031358885017423,-0.6010452961672473,-1.3449477351916377,-0.09059233449477352,0.078397212543554,-0.2682926829268293,-2.494773519163763,-0.9425087108013938,-0.8554006968641115
P53633,0.056818181818181816,0.017045454545454544,0.056818181818181816,0.005681818181818182,0.011363636363636364,0.05113636363636364,0.056818181818181816,0.06818181818181818,0.005681818181818182,0.06818181818181818,0.13636363636363635,0.056818181818181816,0.017045454545454544,0.07954545454545454,0.03409090909090909,0.09090909090909091,0.0625,0.005681818181818182,0.028409090909090908,0.09090909090909091,3,4,1,0,1,0,1,6,6,0,2,1,1,0,2,0,1,1,0,2,0,2,0,0,0,0,0,0,0,1,1,0,0,0,0,1,0,0,0,0,0,0,1,0,0,0,0,0,0,4,3,4,0,0,0,0,3,4,4,2,1,1,0,5,1,2,1,2,0,0,0,2,2,4,0,1,0,0,0,3,1,1,1,0,0,0,1,1,0,1,0,1,0,0,0,0,0,0,3,4,0,2,0,0,0,0,2,3,2,2,0,1,0,5,0,0,0,0,0,1,2,1,0,0,0,0,0,4,0,0,0,0,0,0,1,0,0,0,1,0,0,0,0,0,0,0,0,0,2,0,0,0,1,0,1,2,2,0,1,1,0,1,2,1,0,1,0,0,0,1,3,0,0,0,0,0,0,0,0,0,0,0,0,0,1,0,0,0,0,0,0,0,0,0,0,0,0,0,0,0,0,0,0,0,0,2,3,1,0,0,1,1,0,2,0,0,0,0,1,0,0,0,0,0,0,1,0,0,0,0,0,0,0,1,0,0,0,0,0,0,0,0,0,0,0,0,1,0,0,1,0,0,1,1,0,0,0,0,0,0,1,1,0,1,0,0,0,1,0,0,0,0,0,0,0,0,0,0,0,0,1,1,0,0,0,1,0,0,0,0,0,0,0,0,0,2,0,0,0,0,0,0,0,0,0,0,0,0,0,0,0,0,0,0,0,0,0,0,0,0,0,0,0,0,0,0,0,0,0,0,0,0,0,0,0,0,0,0,0,0,0,0,0,-0.4057142857142857,-1.1714285714285715,-1.262857142857143,-1.7485714285714287,-1.737142857142857,-1.0971428571428572,-1.52,-1.497142857142857,-1.5485714285714285,-0.36,-0.14285714285714285,-1.262857142857143,-0.5257142857142857,-0.3942857142857143,-1.6914285714285715,-0.35428571428571426,-0.32571428571428573,-2.045714285714286,-1.0,-0.19428571428571428
P53739,0.040313549832026875,0.055991041433370664,0.07502799552071669,0.051511758118701005,0.008958566629339306,0.03919372900335946,0.06942889137737962,0.04927211646136618,0.03583426651735722,0.043673012318029114,0.0683090705487122,0.0671892497200448,0.02127659574468085,0.04927211646136618,0.05711086226203808,0.13773796192609183,0.06382978723404255,0.004479283314669653,0.02463605823068309,0.036954087346024636,2,3,8,0,2,1,0,1,9,6,1,2,1,0,8,5,8,6,4,1,1,4,3,3,1,2,0,0,3,4,2,1,3,2,0,2,2,4,1,0,5,0,0,0,0,1,0,0,0,3,5,4,3,5,4,0,5,12,12,7,5,8,0,6,17,10,10,5,8,0,3,4,5,2,4,1,0,4,6,5,3,3,2,0,1,2,5,10,3,2,0,0,0,0,0,1,0,0,3,6,9,6,4,4,1,5,10,22,7,6,5,0,9,10,14,12,3,0,0,6,8,8,12,2,3,0,2,5,7,3,5,1,1,3,2,2,5,3,3,0,0,2,1,0,0,0,0,2,2,8,1,2,2,0,6,6,8,1,2,3,0,3,8,9,6,5,1,0,3,4,5,4,3,6,0,0,2,6,1,4,2,0,2,4,4,7,3,3,0,0,0,0,0,0,0,0,3,2,5,2,0,2,0,4,10,4,1,6,3,0,0,9,5,4,6,3,0,0,1,7,0,1,1,0,3,7,3,2,2,1,0,0,1,1,5,2,2,0,1,0,1,0,0,0,0,3,1,0,1,2,1,0,3,2,3,2,1,3,0,7,6,2,1,0,4,2,1,6,3,6,3,12,0,2,4,3,0,0,3,1,0,3,6,3,2,4,1,0,1,0,0,0,0,0,0,1,0,0,0,0,0,0,0,1,0,1,0,1,0,0,0,0,1,1,0,0,0,1,0,0,0,0,0,0,1,0,0,0,0,0,0,0,0,0,0,0,0,0,0,0,0,0,0,-0.8172645739910314,-0.7757847533632287,-0.5964125560538116,-0.9719730941704036,-2.096412556053812,-0.5493273542600897,-0.6087443946188341,-1.5448430493273542,-0.899103139013453,-1.4652466367713004,-1.3385650224215246,-0.5414798206278026,-1.1659192825112108,-1.751121076233184,-0.6827354260089686,-0.03139013452914798,-0.554932735426009,-2.9069506726457397,-1.6154708520179373,-1.3195067264573992
P53853,0.04924242424242424,0.03787878787878788,0.01893939393939394,0.09848484848484848,0.007575757575757576,0.03409090909090909,0.125,0.06060606060606061,0.01893939393939394,0.06439393939393939,0.06439393939393939,0.09848484848484848,0.01893939393939394,0.05303030303030303,0.041666666666666664,0.07575757575757576,0.026515151515151516,0.01893939393939394,0.041666666666666664,0.045454545454545456,0,0,0,0,0,0,0,1,2,3,1,3,2,0,0,1,1,1,0,1,0,0,2,0,2,1,1,0,1,2,1,0,2,0,0,4,2,0,0,2,4,0,0,1,0,0,0,0,0,0,4,2,1,2,2,0,3,1,3,0,0,3,0,4,3,0,1,3,3,0,1,3,0,0,0,2,0,0,1,2,1,0,1,0,4,1,2,0,3,3,0,0,0,0,0,0,0,0,0,2,0,3,1,2,0,2,3,1,0,0,4,0,0,2,1,1,1,1,0,1,1,0,0,1,0,0,1,1,1,1,2,0,0,3,2,3,0,0,0,0,0,0,0,0,0,0,0,0,2,0,0,0,1,0,1,1,2,2,1,1,0,0,1,0,0,0,0,0,0,0,1,0,0,1,0,0,1,1,0,0,0,0,1,1,1,3,1,1,0,0,0,0,0,0,0,0,0,2,0,1,1,1,1,1,1,1,2,1,2,0,2,1,1,0,2,1,0,1,2,0,0,0,0,0,1,1,1,0,3,2,0,0,2,1,0,1,0,0,0,0,0,0,0,0,0,0,2,2,1,1,6,0,3,1,4,1,0,1,0,2,2,4,0,0,2,0,0,0,0,0,0,4,0,2,2,1,1,1,1,0,0,2,3,1,1,6,1,0,0,0,0,1,0,0,0,0,0,0,0,0,0,0,1,0,0,0,0,0,0,0,0,0,0,0,0,0,0,0,0,0,0,0,1,0,0,0,0,0,0,0,0,0,0,0,0,0,0,0,0,0,0,0,0,-0.8897338403041825,-0.623574144486692,-0.6349809885931559,-0.22053231939163498,-2.2319391634980987,-0.2737642585551331,0.24334600760456274,-1.638783269961977,-1.0114068441064639,-1.2129277566539924,-1.1977186311787071,-0.21673003802281368,-1.0456273764258555,-1.414448669201521,-1.102661596958175,-0.4752851711026616,-0.6159695817490495,-2.2927756653992395,-1.2053231939163498,-1.2015209125475286
P53862,0.046511627906976744,0.03488372093023256,0.03488372093023256,0.050387596899224806,0.03488372093023256,0.007751937984496124,0.027131782945736434,0.015503875968992248,0.015503875968992248,0.046511627906976744,0.12403100775193798,0.015503875968992248,0.015503875968992248,0.1434108527131783,0.023255813953488372,0.2364341085271318,0.046511627906976744,0.011627906976744186,0.003875968992248062,0.06589147286821706,0,0,1,1,0,2,0,1,5,4,0,0,0,1,1,3,4,0,0,1,0,0,2,0,0,0,0,1,1,0,0,0,0,0,0,1,0,1,0,1,1,0,0,0,0,0,0,0,0,1,6,0,1,0,0,0,4,19,7,1,1,1,1,2,8,9,3,1,1,2,0,1,4,0,0,0,0,0,4,0,0,0,1,1,2,1,2,0,0,0,0,2,0,0,1,0,0,0,0,1,5,0,0,0,0,3,5,12,2,5,1,1,3,10,9,2,1,1,0,1,1,1,0,1,1,1,0,0,1,0,1,0,1,1,0,1,2,0,1,0,0,1,1,0,0,0,0,1,0,1,0,0,0,0,0,2,1,1,0,1,0,0,4,2,0,0,1,0,0,0,0,0,0,0,0,0,1,0,0,0,0,0,1,0,0,0,0,0,0,1,0,0,1,0,0,0,0,0,0,0,0,2,0,0,2,2,1,0,0,0,0,1,0,0,0,0,0,0,0,0,0,0,0,0,1,0,0,0,0,0,0,1,0,1,0,0,0,0,2,0,0,0,0,0,0,1,3,1,0,1,0,0,0,0,0,0,0,2,0,0,2,2,0,1,1,0,0,0,2,0,0,0,0,0,0,0,0,0,1,0,0,1,1,0,0,1,0,0,0,0,0,0,0,0,1,1,2,1,0,0,0,0,1,0,0,0,0,0,0,1,0,0,0,0,0,1,1,0,0,0,0,0,0,0,0,0,0,0,0,0,0,0,0,0,0,0,0,0,0,0,0,0,0,-0.5603112840466926,-1.54863813229572,-1.1245136186770428,-1.6342412451361867,-1.4630350194552528,-1.2140077821011672,-1.4202334630350195,-1.9027237354085602,-1.4591439688715953,-1.0038910505836576,-0.9688715953307393,-1.3463035019455254,-0.7587548638132295,-0.7937743190661478,-1.9844357976653697,-0.12840466926070038,-0.0622568093385214,-2.245136186770428,-1.0116731517509727,-0.8871595330739299
P53886,0.04862700228832952,0.041189931350114416,0.05148741418764302,0.06350114416475973,0.011441647597254004,0.033752860411899316,0.05663615560640732,0.05434782608695652,0.018306636155606407,0.07551487414187644,0.11784897025171624,0.06178489702517163,0.020594965675057208,0.04462242562929062,0.041189931350114416,0.10812356979405034,0.05434782608695652,0.010869565217391304,0.034324942791762014,0.05148741418764302,11,11,10,11,4,6,0,7,19,12,12,6,9,3,13,15,16,10,5,5,1,6,10,9,3,3,4,0,1,7,4,2,5,3,1,1,7,6,2,4,5,0,0,0,1,0,0,0,0,15,28,18,8,5,6,0,28,35,22,13,14,18,4,12,22,22,11,12,8,0,10,17,12,7,5,3,1,5,19,15,4,4,3,1,10,13,18,9,10,10,0,2,3,1,2,2,1,0,13,11,15,8,3,4,1,17,32,18,11,16,17,1,14,30,24,8,5,10,0,8,12,9,7,4,4,0,7,7,7,4,6,3,0,4,7,11,6,4,6,0,0,1,2,0,1,0,0,6,8,12,4,3,2,0,12,15,11,6,5,10,0,7,11,8,7,3,3,1,4,6,4,3,2,4,0,3,10,5,1,1,2,1,3,4,3,3,3,3,0,0,0,0,0,0,1,0,3,5,4,0,2,3,0,11,10,14,6,6,9,1,1,17,13,6,0,8,1,3,4,4,2,3,1,0,0,5,7,3,1,3,0,4,6,5,0,2,4,0,0,3,0,0,0,0,0,5,5,5,4,5,4,0,4,21,8,6,3,7,2,7,17,8,2,8,3,1,4,10,2,1,5,2,0,1,8,8,2,2,6,0,6,12,3,4,4,5,0,0,0,0,0,0,0,0,0,0,1,0,1,0,0,1,2,2,1,1,0,0,1,0,1,0,1,1,0,0,0,0,0,1,1,0,0,1,0,1,0,1,0,0,2,0,0,0,0,0,0,0,0,0,0,0,0,-0.5002862049227247,-0.884373211219233,-0.6657126502575844,-1.026903262736119,-1.6685746994848312,-0.5437893531768746,-0.6691471093302804,-1.4716657126502575,-1.1036061820263308,-0.8958214081282198,-0.7567258156840297,-0.6788780767029193,-0.5014310246136233,-1.2180881511161992,-1.3039496279336005,-0.14424728105323412,-0.31196336576989125,-2.1161991986262163,-1.075558099599313,-0.7658843732112193
P53895,0.05536332179930796,0.0726643598615917,0.0726643598615917,0.04498269896193772,0.0034602076124567475,0.04152249134948097,0.03806228373702422,0.06920415224913495,0.01730103806228374,0.07958477508650519,0.08304498269896193,0.03460207612456748,0.02768166089965398,0.08304498269896193,0.031141868512110725,0.07612456747404844,0.06920415224913495,0.010380622837370242,0.03460207612456748,0.05536332179930796,0,2,3,1,2,0,0,1,7,5,0,2,1,0,5,4,1,1,1,1,0,1,1,2,1,0,0,0,2,1,1,1,0,0,0,0,1,1,1,1,0,0,0,0,0,0,0,0,0,3,5,3,1,1,1,0,4,10,7,3,2,2,1,0,3,4,2,2,4,0,0,1,2,2,2,0,0,4,1,0,3,0,0,0,0,2,0,3,1,0,0,0,1,0,0,0,0,0,3,5,4,0,2,1,0,1,4,1,1,2,1,0,4,1,5,2,0,0,0,2,2,0,2,2,1,0,0,2,1,1,2,0,0,2,1,1,0,1,2,0,0,0,0,0,0,0,0,2,0,0,2,0,2,0,2,2,0,2,2,2,0,4,0,2,1,1,0,0,1,4,2,1,1,0,0,1,2,1,0,1,0,0,0,0,2,0,0,1,0,0,0,0,0,0,0,0,0,4,3,0,0,0,0,2,3,2,1,0,0,0,1,1,0,1,2,1,0,1,2,2,1,0,0,0,0,2,0,1,0,0,0,0,0,1,0,0,0,0,0,0,0,0,0,0,0,0,0,1,1,0,0,0,2,3,0,0,0,0,0,1,1,0,2,0,1,0,1,0,0,2,0,2,0,0,0,3,0,0,1,0,0,1,0,1,1,0,0,0,0,0,0,0,0,0,0,0,0,0,0,0,0,1,0,0,0,0,0,0,0,0,0,0,0,0,0,0,0,0,0,0,0,0,0,0,0,0,0,0,0,0,0,0,0,0,0,0,0,0,0,0,0,0,0,-0.8020833333333334,-0.9618055555555556,-0.7569444444444444,-1.40625,-2.1840277777777777,-0.7291666666666666,-0.9652777777777778,-1.5277777777777777,-1.15625,-1.0868055555555556,-1.2152777777777777,-0.9444444444444444,-0.6944444444444444,-1.1597222222222223,-1.8402777777777777,-0.6215277777777778,-0.4722222222222222,-2.388888888888889,-1.0659722222222223,-0.9305555555555556
P53971,0.04145077720207254,0.049740932642487044,0.043523316062176166,0.04870466321243523,0.09533678756476684,0.03419689119170984,0.07253886010362694,0.04766839378238342,0.03316062176165803,0.039378238341968914,0.06839378238341969,0.09015544041450778,0.019689119170984457,0.031088082901554404,0.06528497409326425,0.07564766839378238,0.05906735751295337,0.0051813471502590676,0.024870466321243522,0.054922279792746116,1,4,2,1,3,3,1,6,4,8,5,2,2,0,4,4,6,2,8,4,2,0,3,1,0,1,3,2,3,2,4,2,2,4,0,3,4,3,2,2,2,1,2,5,7,2,7,0,0,3,7,8,2,3,5,6,6,7,6,5,6,4,4,3,6,4,5,1,9,2,4,7,1,4,7,1,6,6,4,5,4,5,1,0,1,5,3,5,3,5,0,5,5,4,0,2,2,0,2,3,5,1,3,3,2,3,10,4,4,6,5,2,3,8,1,2,4,6,2,4,5,3,2,5,2,2,7,4,4,1,2,2,0,6,6,8,2,2,5,2,3,4,3,2,4,1,1,4,2,1,1,2,2,5,5,3,4,3,2,5,3,1,0,1,0,1,4,4,2,0,1,2,1,2,2,4,2,2,2,7,1,1,1,2,2,1,1,2,1,0,3,9,3,4,1,0,3,5,5,3,1,2,7,7,5,3,5,4,3,4,3,4,3,3,2,2,3,3,5,1,0,2,1,3,2,8,2,2,3,2,4,2,1,5,3,1,1,0,2,1,4,0,0,0,0,2,3,6,1,2,0,1,4,5,3,6,1,2,3,2,4,6,3,2,5,4,3,2,4,2,1,1,3,1,5,2,1,1,2,0,2,4,4,2,3,3,1,1,0,1,1,1,1,0,0,3,3,1,3,2,1,3,4,2,2,4,1,2,3,8,6,7,2,1,1,1,3,0,0,2,0,2,3,6,1,3,3,1,2,0,2,1,1,0,1,0,0,0,0,0,1,0,0,-1.0466804979253113,-0.6815352697095436,-0.23236514522821577,-0.17012448132780084,1.7531120331950207,-0.25311203319502074,-0.3392116182572614,-0.33713692946058094,-0.20850622406639005,-1.704356846473029,-1.7105809128630705,-0.9564315352697096,-1.7105809128630705,-1.6234439834024896,-0.3412863070539419,-0.10269709543568464,-0.43983402489626555,-1.962655601659751,-1.2510373443983402,-1.2738589211618256
P54786,0.04246284501061571,0.04883227176220807,0.07430997876857749,0.07643312101910828,0.0021231422505307855,0.037154989384288746,0.08492569002123142,0.03397027600849257,0.028662420382165606,0.054140127388535034,0.07855626326963906,0.07112526539278131,0.018046709129511677,0.02335456475583864,0.037154989384288746,0.13800424628450106,0.07006369426751592,0.004246284501061571,0.01910828025477707,0.05732484076433121,1,4,7,3,0,3,0,4,2,4,1,2,8,0,3,6,5,3,7,4,0,0,8,7,7,1,3,0,2,1,0,0,4,2,0,4,4,6,4,1,3,0,0,0,0,0,0,1,0,4,4,9,5,2,1,0,5,8,7,2,2,5,0,7,6,12,6,6,9,0,1,5,6,5,1,1,0,4,4,8,2,7,5,0,5,9,6,4,4,5,0,0,0,0,0,0,0,0,4,4,7,9,3,4,0,7,4,14,7,11,6,0,12,9,18,13,5,6,0,4,6,8,7,3,6,0,6,4,2,0,9,3,1,3,4,8,7,2,4,0,0,0,0,0,0,0,0,0,4,0,3,1,4,0,4,4,9,7,6,3,0,3,11,10,3,2,5,0,5,4,8,3,2,2,0,1,2,3,1,2,1,0,4,4,5,5,0,5,0,0,0,0,0,0,0,0,5,3,2,2,1,3,0,1,6,4,2,3,4,0,1,8,5,4,2,1,0,0,0,2,1,2,4,0,2,8,6,4,5,4,0,6,4,4,2,1,0,0,0,0,1,0,0,0,0,4,2,4,4,2,7,1,4,5,8,0,6,6,0,4,9,13,5,3,3,0,2,10,3,1,1,7,0,1,1,2,2,2,2,0,2,4,8,2,2,10,0,0,0,0,0,0,0,0,0,0,0,0,0,0,0,0,0,0,0,0,0,0,1,0,0,0,0,0,0,0,0,0,0,0,0,0,0,0,0,0,0,0,0,0,0,0,0,0,1,0,0,0,0,0,0,0,0,-0.3889479277364506,-0.4038257173219979,-0.11583421891604676,-0.4155154091392136,-1.9213602550478215,-0.005313496280552604,0.06482465462274177,-1.3113708820403827,-0.7715196599362381,-1.3825717321997875,-1.341126461211477,0.10095642933049948,-0.8278427205100957,-1.8235919234856535,-0.8012752391073327,0.26992561105207225,-0.053134962805526036,-2.4229543039319874,-1.4229543039319872,-1.022316684378321
P54861,0.04227212681638045,0.05019815059445178,0.05812417437252312,0.07529722589167767,0.013210039630118891,0.036988110964332896,0.071334214002642,0.05416116248348745,0.011889035667107,0.07926023778071334,0.1202113606340819,0.07529722589167767,0.01453104359313078,0.02906208718626156,0.04491413474240423,0.07793923381770146,0.05680317040951123,0.001321003963011889,0.02906208718626156,0.05812417437252312,8,8,1,0,2,1,1,3,12,11,2,4,5,0,2,5,3,1,3,5,0,1,3,2,2,0,4,0,0,3,3,1,2,1,0,1,6,1,1,1,2,0,0,2,0,0,3,0,0,1,7,6,5,3,2,0,1,10,11,6,8,13,2,6,5,7,6,7,9,0,3,10,5,2,4,1,0,4,5,8,3,3,3,0,8,11,4,3,4,8,1,0,0,1,1,0,0,0,7,6,3,1,3,5,2,5,8,3,6,7,6,0,5,6,2,2,4,0,0,4,5,2,1,3,2,0,6,4,4,2,2,0,0,2,4,4,3,3,2,0,0,0,0,0,0,0,0,1,5,3,1,1,1,0,4,4,4,5,4,4,0,2,7,4,2,1,0,0,1,2,4,0,2,0,0,1,3,1,0,2,2,0,1,3,1,1,0,4,0,0,1,0,0,0,0,0,3,7,4,1,1,1,1,3,6,4,4,1,3,0,7,7,1,2,3,3,0,2,2,2,1,0,0,1,2,3,3,0,3,2,0,0,2,2,1,6,0,0,0,0,1,0,0,0,0,1,4,3,4,0,2,1,8,10,7,2,1,6,0,4,5,2,3,0,1,0,1,2,1,3,0,3,0,5,3,3,0,1,3,1,3,7,3,1,2,4,0,0,0,0,0,0,1,0,0,0,0,0,0,0,0,0,0,0,0,1,2,0,1,0,0,1,0,0,0,0,1,0,0,0,0,0,0,0,1,2,0,0,0,0,1,0,0,0,0,0,0,0,0,0,0,0,0,-0.6587301587301587,-0.48148148148148145,-0.6904761904761905,-0.8531746031746031,-2.085978835978836,-0.14153439153439154,-0.22354497354497355,-1.66005291005291,-1.097883597883598,-0.7936507936507936,-0.6759259259259259,-0.22354497354497355,-0.6613756613756614,-1.4497354497354498,-1.5582010582010581,-0.3253968253968254,-0.5013227513227513,-2.4814814814814814,-1.2738095238095237,-0.8888888888888888
P57743,0.0449438202247191,0.06741573033707865,0.0449438202247191,0.0898876404494382,0.02247191011235955,0.02247191011235955,0.11235955056179775,0.0449438202247191,0.011235955056179775,0.06741573033707865,0.1348314606741573,0.02247191011235955,0.02247191011235955,0.02247191011235955,0.02247191011235955,0.06741573033707865,0.07865168539325842,0.0,0.02247191011235955,0.07865168539325842,1,1,0,0,1,2,0,0,0,1,1,0,0,0,0,0,0,0,0,2,0,0,1,0,0,0,0,0,0,2,0,0,0,1,0,0,0,1,0,0,1,0,0,0,0,0,0,0,0,0,1,1,1,0,0,0,1,0,2,0,0,1,0,3,0,1,0,1,2,0,0,1,1,0,0,0,1,0,2,0,0,0,0,0,1,1,0,0,0,1,0,0,0,0,0,0,0,0,1,0,1,0,1,0,0,1,1,2,0,0,1,0,0,1,0,0,0,0,0,0,0,0,0,0,0,0,1,0,0,0,0,0,0,2,1,2,0,0,0,1,0,0,0,0,0,0,0,0,0,0,0,0,0,0,0,0,1,1,1,0,0,0,1,0,0,0,1,0,0,1,0,0,0,0,0,0,0,0,0,0,0,0,0,0,0,0,0,0,0,0,0,0,1,0,0,0,1,0,0,0,0,0,0,0,2,1,0,1,0,0,0,0,0,0,0,0,0,0,0,0,0,0,0,0,0,0,0,0,0,1,0,0,0,1,0,0,1,0,0,0,0,0,0,0,0,2,0,0,0,1,0,0,1,1,0,1,0,0,0,0,3,0,0,0,1,0,0,0,0,1,0,0,0,0,0,0,0,0,0,0,0,1,1,1,0,2,0,0,0,0,0,1,0,0,0,0,0,0,0,0,0,0,0,0,0,0,0,0,0,0,0,0,0,0,0,0,0,1,0,0,0,0,0,0,0,0,1,0,0,0,0,0,0,0,0,0,0,0,0,0,0,0,0,-1.5227272727272727,-1.2272727272727273,-1.1363636363636365,-1.3977272727272727,-2.340909090909091,-1.1590909090909092,-0.9318181818181818,-2.0681818181818183,-1.75,-0.6477272727272727,-1.1022727272727273,-1.0568181818181819,-0.9545454545454546,-1.9772727272727273,-2.397727272727273,-1.0568181818181819,-0.8181818181818182,-3.1818181818181817,-1.8863636363636365,-0.6363636363636364
P61829,0.13157894736842105,0.013157894736842105,0.02631578947368421,0.013157894736842105,0.013157894736842105,0.013157894736842105,0.013157894736842105,0.13157894736842105,0.0,0.11842105263157894,0.15789473684210525,0.02631578947368421,0.039473684210526314,0.07894736842105263,0.02631578947368421,0.06578947368421052,0.039473684210526314,0.0,0.013157894736842105,0.07894736842105263,2,5,0,1,0,0,0,6,3,2,1,0,0,0,1,2,0,0,0,1,0,0,1,0,0,0,0,0,0,0,0,0,0,0,0,0,0,1,0,0,0,0,0,0,0,0,0,0,0,3,7,3,0,0,0,0,5,3,1,0,0,0,0,1,1,1,0,1,0,0,0,0,1,0,1,0,0,0,0,0,0,0,0,0,0,0,0,0,0,0,0,0,1,0,0,0,0,0,1,0,1,0,0,1,0,2,1,0,1,0,0,1,0,1,0,0,0,0,0,0,0,0,0,0,0,0,1,0,0,0,0,0,0,0,0,0,0,1,0,0,0,0,0,0,0,0,0,0,0,0,0,0,0,0,0,1,0,0,0,0,0,0,0,0,0,0,0,0,0,0,0,0,0,0,0,0,0,1,0,0,0,0,0,0,0,0,0,0,0,0,0,0,0,0,0,0,1,0,0,0,0,0,0,0,0,1,0,0,0,0,1,0,0,0,0,0,0,0,0,0,0,0,0,0,0,0,0,0,0,0,0,0,0,0,0,0,0,0,0,0,0,0,0,0,0,0,0,0,0,0,0,0,0,0,0,0,0,0,0,0,1,0,0,0,0,0,0,0,0,0,0,0,0,0,1,0,0,0,0,0,0,0,0,0,0,0,0,0,0,0,0,0,0,0,0,0,0,0,0,0,0,0,1,0,0,0,0,0,0,0,0,0,0,0,0,0,0,0,0,0,0,0,0,0,0,0,0,0,0,0,0,0,0,0,0,0,0,0,0,0,0,0,0,0.4266666666666667,-2.64,-2.2266666666666666,-3.0533333333333332,-2.2133333333333334,-1.8666666666666667,-2.28,-0.8,-2.8933333333333335,-0.10666666666666667,-0.37333333333333335,-2.12,-0.04,-1.0666666666666667,-2.6666666666666665,-0.8533333333333334,-0.9466666666666667,-3.026666666666667,-1.92,-0.30666666666666664
P80667,0.06476683937823834,0.04145077720207254,0.07772020725388601,0.031088082901554404,0.0,0.025906735751295335,0.06476683937823834,0.10103626943005181,0.007772020725388601,0.06476683937823834,0.06735751295336788,0.06735751295336788,0.03367875647668394,0.05181347150259067,0.054404145077720206,0.10362694300518134,0.054404145077720206,0.010362694300518135,0.054404145077720206,0.023316062176165803,5,2,6,0,0,1,0,3,5,2,3,2,2,0,5,7,7,3,1,2,0,1,0,1,1,2,1,0,1,1,3,1,1,1,0,0,1,2,0,0,0,0,0,0,0,0,0,0,0,4,6,5,0,1,1,0,6,5,6,1,5,3,0,7,1,1,7,0,2,0,2,1,0,1,1,2,0,1,3,4,4,3,0,0,1,3,2,0,1,2,0,0,0,0,0,0,0,0,4,2,10,2,4,1,0,3,8,4,1,2,2,0,3,2,8,2,0,3,0,4,3,5,3,0,0,0,2,0,1,0,0,0,0,3,3,1,3,2,2,0,0,0,0,0,0,0,0,0,2,3,3,0,0,0,1,1,2,0,3,2,0,3,2,2,3,1,2,0,1,0,4,1,0,2,0,0,1,2,1,0,0,0,1,2,2,0,0,0,0,0,0,0,0,0,0,0,0,3,0,0,2,0,0,2,4,1,1,1,0,0,3,5,1,0,1,2,0,0,3,1,1,1,0,0,0,3,2,0,4,0,0,0,0,0,1,0,0,0,0,0,0,0,0,0,0,1,2,1,1,1,0,0,2,3,3,1,2,0,0,2,3,0,0,0,3,0,0,2,1,1,0,0,0,1,1,0,0,1,0,0,1,2,1,0,0,1,0,0,0,0,0,0,0,0,0,0,0,0,0,0,0,0,0,0,0,0,0,0,0,0,0,0,0,0,0,0,0,0,0,0,0,0,0,0,0,0,0,0,0,0,0,0,0,0,0,0,0,0,0,0,0,0,0,-0.4077922077922078,-0.6987012987012987,-0.6441558441558441,-1.0857142857142856,-2.220779220779221,-0.3246753246753247,-0.44935064935064933,-1.0831168831168831,-0.948051948051948,-1.348051948051948,-1.2857142857142858,-0.6155844155844156,-1.148051948051948,-1.464935064935065,-0.3116883116883117,0.18701298701298702,-0.2883116883116883,-2.4675324675324677,-1.2025974025974027,-1.0935064935064935
P81449,0.09375,0.03125,0.07291666666666667,0.041666666666666664,0.010416666666666666,0.020833333333333332,0.11458333333333333,0.03125,0.010416666666666666,0.03125,0.11458333333333333,0.11458333333333333,0.020833333333333332,0.052083333333333336,0.041666666666666664,0.052083333333333336,0.03125,0.0,0.03125,0.08333333333333333,0,1,0,1,0,0,0,3,1,0,1,1,0,0,0,0,2,0,0,1,0,2,1,0,0,0,1,1,0,0,0,0,0,1,0,0,0,0,0,2,1,0,0,0,0,0,0,0,0,0,3,1,1,1,1,0,2,1,1,0,0,0,0,2,0,0,0,0,2,0,0,3,0,0,0,0,0,1,1,0,0,0,1,0,0,1,0,0,0,1,0,0,0,0,0,0,0,0,1,0,0,1,0,1,0,0,0,0,0,0,0,0,1,0,1,0,1,0,0,1,0,0,0,0,0,0,0,1,0,0,0,0,0,1,0,0,1,1,0,0,0,0,0,0,0,0,0,0,1,1,1,0,0,0,0,1,1,0,1,1,0,0,0,0,0,0,0,0,0,0,0,0,0,0,0,0,1,0,0,0,0,0,0,0,0,0,0,1,0,0,0,0,0,1,0,0,0,0,1,1,0,1,0,2,1,2,0,1,0,0,0,0,0,0,0,0,0,0,0,0,0,0,0,0,2,0,0,0,1,0,0,0,1,0,0,0,1,0,0,0,0,0,0,0,0,1,1,0,0,0,0,0,0,0,0,2,0,1,0,0,0,0,1,0,0,0,0,0,0,0,1,0,0,0,2,0,0,2,0,0,1,1,1,0,1,0,0,0,0,0,0,0,0,0,0,0,0,0,0,0,0,0,0,0,0,0,0,0,0,0,0,0,0,0,0,0,0,0,0,0,0,0,0,1,0,0,0,0,0,0,0,0,0,0,0,0,0,0,0,0,0,0,0,-0.22105263157894736,-0.7263157894736842,-0.5473684210526316,-0.8842105263157894,-1.9473684210526316,-0.21052631578947367,-0.15789473684210525,-1.4631578947368422,-0.8526315789473684,-1.168421052631579,-1.0315789473684212,-0.22105263157894736,-0.7578947368421053,-1.3894736842105264,-1.368421052631579,-0.18947368421052632,-0.43157894736842106,-2.231578947368421,-0.9894736842105263,-0.8736842105263158
Q00582,0.025806451612903226,0.03225806451612903,0.08709677419354839,0.04838709677419355,0.016129032258064516,0.03870967741935484,0.06451612903225806,0.035483870967741936,0.02258064516129032,0.07741935483870968,0.10967741935483871,0.09032258064516129,0.04516129032258064,0.07096774193548387,0.01935483870967742,0.1032258064516129,0.035483870967741936,0.00967741935483871,0.016129032258064516,0.05161290322580645,0,1,0,0,0,0,1,0,6,0,1,1,3,0,1,2,1,2,2,0,0,1,1,2,1,0,0,0,1,0,1,0,1,0,0,0,3,1,1,0,0,0,0,0,0,0,0,1,0,0,6,2,4,1,2,0,5,6,4,3,3,4,1,1,0,4,1,2,1,1,1,3,5,1,3,2,0,1,1,1,0,4,1,0,0,3,3,1,3,1,0,1,0,0,0,0,0,0,1,0,2,0,0,0,0,1,3,2,4,1,2,0,0,3,3,3,3,3,1,2,2,2,1,1,3,0,2,2,1,1,1,1,0,1,1,1,1,1,1,0,1,1,1,0,0,0,0,1,2,1,0,1,0,0,0,9,2,1,0,0,0,0,3,4,4,0,1,0,0,1,2,3,0,2,0,0,2,3,0,0,0,0,2,1,2,1,1,0,0,0,0,0,0,0,0,0,0,1,2,0,1,1,0,4,0,0,5,2,1,0,0,3,2,0,0,1,1,0,1,0,1,1,0,0,0,4,1,1,1,1,0,0,3,0,0,0,0,0,0,0,0,0,0,0,0,0,0,0,1,0,2,0,4,2,2,1,1,1,0,1,2,3,0,1,0,0,1,3,1,1,0,0,0,1,3,0,1,1,0,0,0,0,0,1,1,0,0,0,0,0,0,0,0,0,0,1,1,0,0,0,0,1,0,0,0,0,0,0,0,0,0,1,0,0,0,0,0,0,0,0,0,0,0,0,0,0,0,0,0,0,0,0,1,0,0,0,0,0,0,0,0,0,0,-0.8381877022653722,-1.0679611650485437,-0.8964401294498382,-1.116504854368932,-1.7055016181229774,-0.7540453074433657,-0.5760517799352751,-2.0841423948220066,-1.2718446601941749,-0.7734627831715211,-1.0097087378640777,-0.7249190938511327,-0.9255663430420712,-1.3203883495145632,-2.071197411003236,-0.598705501618123,-0.6893203883495146,-2.896440129449838,-1.3786407766990292,-0.7993527508090615
Q00684,0.06715063520871144,0.056261343012704176,0.07985480943738657,0.056261343012704176,0.012704174228675136,0.038112522686025406,0.050816696914700546,0.06533575317604355,0.032667876588021776,0.06170598911070781,0.07622504537205081,0.0544464609800363,0.016333938294010888,0.050816696914700546,0.04900181488203267,0.07985480943738657,0.05263157894736842,0.007259528130671506,0.038112522686025406,0.0544464609800363,6,7,4,3,5,2,0,3,5,4,3,3,4,1,2,5,7,0,3,0,0,4,1,4,5,0,2,0,1,3,0,3,5,1,1,0,1,1,1,1,2,0,0,0,0,0,0,0,0,9,5,2,2,1,2,0,5,4,6,5,1,5,1,5,8,4,7,0,2,1,4,4,5,4,4,1,0,2,3,3,0,2,0,0,5,7,0,5,1,3,0,1,0,1,0,0,1,0,3,3,5,3,4,1,0,6,6,0,5,3,5,0,5,6,6,2,4,3,1,1,3,3,2,1,1,0,1,2,2,1,2,1,0,1,2,1,1,0,4,0,1,0,0,0,0,0,1,4,5,2,5,2,0,0,5,2,6,2,2,3,0,3,4,6,1,0,2,0,4,7,2,6,0,0,0,2,2,1,1,2,0,0,0,2,1,0,1,2,0,0,0,0,0,0,0,0,2,2,2,0,2,0,0,1,8,4,2,1,2,0,2,1,3,0,0,1,0,3,1,1,1,2,1,0,1,4,2,4,2,1,0,0,0,1,0,1,1,0,0,0,0,1,0,0,0,2,1,1,3,0,1,0,1,2,6,5,0,2,1,1,1,1,1,2,1,0,1,4,1,1,1,1,0,1,4,0,0,0,0,0,2,5,3,1,1,1,0,0,0,0,0,0,0,0,1,0,1,0,0,0,0,0,0,1,0,0,0,0,1,0,0,0,0,0,0,1,0,0,0,0,0,0,0,0,0,0,0,0,0,0,0,0,1,0,0,0,0,1,0,0,0,0,0,-0.64,-0.48,-0.6018181818181818,-0.7854545454545454,-1.6363636363636365,-0.3181818181818182,-0.48545454545454547,-1.4018181818181819,-0.5945454545454546,-1.069090909090909,-0.9745454545454545,-0.5036363636363637,-0.9454545454545454,-1.2636363636363637,-0.8654545454545455,-0.08727272727272728,-0.5036363636363637,-2.249090909090909,-0.9509090909090909,-0.9218181818181819
Q01389,0.046008119079837616,0.039918809201623814,0.061569688768606225,0.052097428958051424,0.0040595399188092015,0.029093369418132613,0.05142083897158322,0.035182679296346414,0.02029769959404601,0.04939106901217862,0.07442489851150202,0.09675236806495263,0.018267929634641408,0.03924221921515562,0.06901217861975643,0.15967523680649526,0.07577807848443843,0.008795669824086604,0.02571041948579161,0.04330175913396482,6,6,9,1,2,2,0,5,8,12,5,8,4,1,7,3,15,6,15,4,0,0,4,5,2,5,4,0,4,4,6,3,2,3,0,5,5,3,5,2,3,0,0,0,0,0,0,0,0,2,10,11,6,2,11,0,10,21,24,13,10,8,0,16,18,27,9,14,11,0,3,11,11,6,4,6,0,7,11,13,6,4,4,1,2,5,7,4,3,6,1,2,1,0,0,0,1,0,12,9,11,9,8,7,0,9,17,22,9,10,6,0,21,25,43,15,15,8,0,9,16,13,3,5,4,0,5,18,20,9,13,4,0,4,10,9,5,4,5,0,0,0,0,0,0,0,0,2,7,5,1,4,2,0,4,12,10,3,8,5,2,3,7,13,6,7,6,0,2,7,5,1,5,2,0,5,5,6,2,4,1,0,1,6,8,3,2,5,0,0,0,0,0,0,0,0,3,8,9,2,2,0,0,8,16,17,6,7,1,0,5,10,15,11,10,5,0,3,3,1,8,3,5,0,3,12,8,2,2,2,0,0,6,3,2,0,3,0,0,1,0,0,0,0,0,1,2,5,1,4,0,0,5,12,10,5,3,4,1,4,10,14,3,8,3,0,4,3,7,2,1,4,0,0,5,3,1,4,0,0,1,6,11,2,2,1,0,0,0,0,0,0,1,0,0,1,0,0,0,1,0,1,0,1,0,0,0,0,0,0,0,0,0,0,0,0,0,0,0,0,0,0,0,0,0,0,0,0,0,0,2,0,0,0,0,0,0,0,0,0,0,0,0,-0.6418415707515234,-0.7887610020311442,-0.5612728503723764,-0.9783344617467841,-2.05416384563304,-0.5538253215978335,-0.6384563303994584,-1.5687203791469195,-1.019634394041977,-1.4306025727826677,-1.3283683141503047,-0.4278943805010156,-0.985781990521327,-1.7271496276235612,-0.8463100880162492,0.12322274881516587,-0.37237643872714965,-2.7379823967501693,-1.5294515910629656,-1.2457684495599188
Q01454,0.06040992448759439,0.03344120819848975,0.06256742179072276,0.07227615965480043,0.012944983818770227,0.028047464940668825,0.07335490830636461,0.04962243797195254,0.025889967637540454,0.061488673139158574,0.0970873786407767,0.06903991370010787,0.020496224379719527,0.045307443365695796,0.039913700107874865,0.09169363538295577,0.05609492988133765,0.011866235167206042,0.034519956850053934,0.05393743257820928,4,12,7,3,1,3,2,7,13,12,4,3,4,0,3,8,6,4,2,3,0,1,6,1,2,3,1,0,3,3,5,2,0,5,0,1,2,1,5,2,3,0,0,3,0,0,0,0,1,4,9,3,4,8,4,1,6,16,10,8,7,8,4,8,6,11,3,8,6,0,5,6,11,6,2,1,0,5,2,5,3,3,4,0,5,8,9,4,2,7,0,0,2,0,1,0,1,0,8,10,4,1,3,0,0,11,13,6,3,4,2,0,8,10,9,6,4,7,1,4,5,8,3,1,4,0,4,7,2,5,3,1,0,6,5,6,3,2,5,0,1,1,0,0,1,0,0,4,5,5,1,4,3,0,3,5,5,5,4,8,0,3,4,8,5,4,4,0,4,4,2,1,0,4,0,2,1,3,1,2,0,0,0,4,4,3,1,3,0,0,0,0,0,0,0,0,4,5,5,1,1,1,0,3,4,4,3,2,3,0,0,2,7,4,2,3,1,4,5,2,1,1,1,0,2,1,3,2,2,2,0,3,2,5,2,1,1,0,0,0,0,0,0,0,0,8,2,2,4,1,3,1,3,7,4,8,1,7,0,4,9,4,3,2,4,1,4,3,4,2,2,4,0,1,3,1,1,2,2,0,6,9,2,2,0,9,0,0,0,0,0,0,0,0,0,0,1,0,0,0,0,0,1,1,0,1,3,0,0,0,0,0,0,0,0,0,1,0,0,0,0,0,0,1,0,0,0,0,0,0,0,0,0,2,0,0,0,0,0,0,0,1,0,-0.7591792656587473,-1.193304535637149,-0.9751619870410367,-1.0064794816414686,-1.2170626349892009,-1.0302375809935205,-1.111231101511879,-1.437365010799136,-0.908207343412527,-1.2019438444924406,-1.1436285097192225,-0.8866090712742981,-1.2861771058315334,-1.5205183585313176,-1.9967602591792657,-0.04535637149028078,-0.38228941684665224,-1.9654427645788337,-1.4125269978401729,-0.8725701943844493
Q02100,0.03400309119010819,0.0401854714064915,0.1267387944358578,0.03709428129829984,0.00463678516228748,0.03245749613601236,0.04482225656877898,0.04327666151468315,0.021638330757341576,0.05255023183925812,0.06800618238021638,0.06027820710973725,0.012364760432766615,0.02472952086553323,0.07109737248840804,0.17001545595054096,0.08809891808346214,0.0,0.01854714064914992,0.04945904173106646,2,2,3,3,3,0,0,4,4,6,2,0,0,0,3,5,8,6,3,0,0,4,4,4,2,1,2,0,0,0,2,1,2,0,0,0,0,2,2,0,1,0,0,1,0,0,0,0,0,1,7,5,3,1,1,1,6,11,13,5,2,1,0,6,14,12,8,0,3,0,3,4,10,2,4,3,0,1,0,2,2,2,0,0,1,2,0,1,2,1,0,0,0,0,0,0,0,0,5,2,10,5,1,1,0,6,11,13,12,2,2,0,8,9,22,8,4,2,1,5,5,12,4,4,3,0,2,2,3,3,2,1,0,0,1,4,3,3,2,1,0,0,1,0,0,0,0,2,3,7,6,0,1,0,1,4,7,3,0,3,0,2,11,8,7,1,6,0,4,2,5,3,1,3,0,1,2,4,2,2,1,0,1,5,3,2,1,3,0,0,0,0,0,0,0,0,3,1,0,0,0,1,0,1,2,1,3,1,0,0,4,6,3,2,2,0,0,2,2,2,4,1,0,0,1,2,6,0,9,2,0,0,2,0,1,0,1,0,0,0,0,0,0,0,0,0,1,0,0,0,1,0,1,5,3,1,1,1,0,1,1,2,1,3,3,0,1,1,2,2,1,4,0,0,2,0,3,3,0,0,0,2,2,2,2,0,0,0,1,0,0,0,0,0,0,0,0,0,0,0,0,0,1,0,0,1,0,0,0,0,0,1,0,0,0,0,0,0,0,0,0,0,0,0,0,0,0,0,0,0,0,0,0,0,0,0,0,0,0,0,0,0,0,-0.043343653250773995,-0.24922600619195046,-0.12693498452012383,-0.7229102167182663,-2.1021671826625385,0.43962848297213625,-0.34210526315789475,-0.7043343653250774,-0.38699690402476783,-1.411764705882353,-1.303405572755418,-0.23529411764705882,-0.7662538699690402,-1.8204334365325077,1.410216718266254,0.8622291021671826,0.30959752321981426,-2.761609907120743,-1.3978328173374612,-0.9845201238390093
Q02884,0.046052631578947366,0.06140350877192982,0.041666666666666664,0.05263157894736842,0.0,0.039473684210526314,0.06140350877192982,0.05921052631578947,0.03070175438596491,0.07456140350877193,0.09649122807017543,0.07675438596491228,0.02631578947368421,0.03070175438596491,0.06140350877192982,0.10307017543859649,0.05921052631578947,0.006578947368421052,0.021929824561403508,0.05043859649122807,1,1,1,2,1,0,0,5,13,4,4,4,0,0,4,0,3,2,2,1,0,2,0,3,2,2,1,0,0,2,3,0,2,4,0,1,0,0,0,0,1,0,0,0,0,0,0,0,0,1,8,5,6,4,0,0,9,4,8,3,3,6,0,2,8,5,4,2,1,0,1,3,4,3,1,0,0,4,3,3,1,4,0,0,2,4,4,0,2,2,0,0,0,0,0,0,0,0,1,6,1,0,4,1,0,5,5,2,1,4,3,0,3,2,5,1,3,5,0,2,1,3,2,2,3,0,1,4,4,2,2,1,0,2,5,3,2,1,2,0,0,0,0,0,0,0,0,1,6,2,0,0,0,0,1,3,1,1,2,2,0,0,4,2,3,1,3,0,2,4,2,2,0,1,0,0,2,1,0,3,0,0,0,2,2,0,0,1,0,0,0,0,0,0,0,0,2,5,1,1,0,0,0,3,7,2,0,1,1,0,2,2,1,1,5,4,0,2,0,1,1,0,0,0,3,3,2,1,2,2,0,1,2,2,2,0,1,0,0,0,0,0,0,0,0,0,4,2,1,2,1,0,1,1,5,3,1,2,0,2,4,4,2,1,0,0,0,2,0,1,1,0,0,1,0,2,0,0,1,0,4,0,2,0,1,1,0,0,0,0,0,0,0,0,0,0,0,0,0,0,0,0,0,0,0,0,0,0,0,0,0,0,0,0,0,0,0,0,0,0,0,0,0,0,0,0,0,0,0,0,0,0,0,0,0,0,0,0,0,0,0,0,0,-0.4593406593406593,-0.6175824175824176,-0.4879120879120879,-0.8219780219780219,-1.5736263736263736,-0.4087912087912088,-0.6,-1.1758241758241759,-0.8637362637362638,-0.9626373626373627,-0.8461538461538461,-0.3868131868131868,-0.5824175824175825,-1.3582417582417583,-0.8285714285714286,-0.026373626373626374,-0.16923076923076924,-2.145054945054945,-1.1494505494505494,-0.8153846153846154
Q02895,0.049707602339181284,0.05555555555555555,0.04093567251461988,0.05263157894736842,0.011695906432748537,0.03508771929824561,0.0847953216374269,0.04678362573099415,0.03216374269005848,0.07894736842105263,0.1023391812865497,0.07894736842105263,0.029239766081871343,0.038011695906432746,0.03216374269005848,0.06432748538011696,0.05263157894736842,0.014619883040935672,0.04093567251461988,0.05847953216374269,1,4,1,0,0,2,0,3,5,3,1,2,1,0,0,1,3,2,1,2,0,2,2,1,0,2,1,0,2,0,1,3,1,2,0,1,0,0,1,0,1,0,0,0,0,0,0,0,0,3,2,2,3,3,1,0,1,3,2,5,2,4,0,3,5,3,1,4,2,0,1,4,2,2,1,1,1,1,2,3,1,1,2,0,2,3,2,1,4,3,0,0,0,0,0,0,0,0,1,2,2,1,3,0,0,3,2,4,2,3,5,0,3,3,4,3,0,1,1,1,2,1,1,0,1,0,1,4,0,0,0,2,0,0,2,0,1,1,1,0,1,0,0,1,0,0,0,1,2,1,0,0,0,0,4,4,3,2,1,2,0,0,1,3,0,1,0,0,0,2,1,1,1,0,0,1,0,1,1,3,0,0,2,2,0,0,0,1,0,1,0,0,0,0,0,0,0,2,2,3,0,0,0,2,2,2,0,1,1,0,2,7,1,0,0,0,0,0,4,0,1,1,1,0,2,1,2,0,0,1,0,2,0,3,0,1,2,0,0,0,0,0,0,0,0,2,2,2,1,2,0,0,1,1,4,2,1,2,0,1,2,1,0,1,0,1,0,2,0,0,0,1,0,0,1,3,1,1,1,0,2,4,1,0,1,3,0,0,0,0,0,0,0,0,0,1,0,0,1,0,0,0,0,0,0,0,0,0,0,0,0,0,0,0,0,0,0,0,0,1,0,0,0,0,0,1,0,0,0,0,0,0,0,0,0,0,0,0,0,0,0,0,0,-0.6334310850439883,-1.2258064516129032,-1.1935483870967742,-1.2991202346041055,-2.070381231671554,-0.9178885630498533,-0.9266862170087976,-1.5923753665689149,-1.2697947214076246,-1.2463343108504399,-1.1055718475073313,-0.9090909090909091,-1.1319648093841643,-1.5894428152492668,-1.4838709677419355,-0.8123167155425219,-0.9178885630498533,-2.2434017595307916,-1.4428152492668622,-1.0234604105571847
Q02908,0.0466786355475763,0.07540394973070018,0.02872531418312388,0.05745062836624776,0.019748653500897665,0.03590664272890485,0.06463195691202872,0.07360861759425494,0.025134649910233394,0.059245960502693,0.08797127468581688,0.07540394973070018,0.02333931777378815,0.02333931777378815,0.04847396768402154,0.05565529622980251,0.06642728904847396,0.005385996409335727,0.06104129263913824,0.06642728904847396,5,5,4,2,1,3,1,5,4,3,2,4,4,1,4,4,7,1,4,1,0,2,4,0,2,1,4,0,3,3,3,2,1,1,0,0,1,1,1,3,3,0,0,1,0,0,1,0,1,4,6,5,4,2,3,0,5,2,6,0,2,6,0,2,5,3,4,1,5,0,3,2,1,1,1,3,0,4,4,4,0,3,3,1,3,4,6,1,9,2,0,0,0,1,0,1,0,0,6,5,4,2,2,0,1,6,5,5,0,4,5,0,4,7,6,3,4,2,0,3,3,3,1,1,1,0,6,3,2,2,3,0,0,1,4,1,1,4,1,1,1,0,1,0,0,0,0,2,1,3,2,3,1,0,2,5,0,1,3,3,1,1,0,3,1,1,1,1,1,2,1,1,1,0,0,2,2,0,0,0,0,0,2,4,1,0,0,1,0,0,0,0,0,0,0,0,3,5,4,2,3,1,0,4,4,1,4,3,3,0,3,3,5,3,4,2,1,1,2,3,1,0,0,0,0,4,5,1,1,0,0,1,2,2,0,1,0,0,0,0,2,0,0,0,0,1,1,0,1,2,1,1,2,1,5,3,2,4,0,4,6,1,0,2,1,0,2,1,0,0,0,0,0,3,3,6,1,3,2,1,0,2,3,0,2,0,0,1,0,0,0,0,0,0,0,0,2,0,0,0,0,0,0,0,1,0,0,0,2,0,1,0,0,1,0,0,1,0,0,0,0,0,0,0,1,1,0,0,0,0,0,0,0,0,0,0,0,0,0,1,0,0,0,-0.49460431654676257,-0.33992805755395683,-1.0521582733812949,-1.0017985611510791,-1.893884892086331,-0.6366906474820144,-0.37410071942446044,-1.2661870503597121,-1.0017985611510791,-0.8399280575539568,-0.9766187050359713,-0.4226618705035971,-0.8201438848920863,-1.4784172661870503,-1.341726618705036,-0.6438848920863309,-0.658273381294964,-2.4280575539568345,-1.1097122302158273,-0.814748201438849
Q02939,0.04873294346978557,0.03313840155945419,0.06042884990253411,0.05458089668615984,0.003898635477582846,0.05263157894736842,0.06627680311890838,0.03898635477582846,0.017543859649122806,0.06237816764132553,0.1364522417153996,0.08187134502923976,0.031189083820662766,0.04093567251461988,0.03508771929824561,0.07797270955165692,0.056530214424951264,0.009746588693957114,0.031189083820662766,0.06042884990253411,2,4,3,1,1,2,0,2,5,3,1,3,3,1,1,6,3,2,2,2,0,1,1,5,2,2,1,0,1,1,0,1,1,2,0,2,3,1,2,1,2,0,0,0,0,0,0,0,0,4,3,4,5,3,4,0,3,12,7,6,4,4,0,6,8,2,5,3,3,0,3,9,3,1,0,2,0,4,4,4,2,4,1,0,1,6,3,3,1,3,0,0,0,1,0,0,0,0,2,2,4,1,1,2,0,8,7,4,3,6,2,0,0,6,5,1,3,4,0,4,4,2,1,3,0,0,1,3,4,1,0,0,0,1,3,4,4,2,1,0,0,0,0,0,0,0,0,1,3,3,3,0,3,0,5,8,3,4,2,3,0,2,2,2,4,0,4,0,2,3,0,0,2,0,0,0,5,0,2,1,1,0,2,0,0,1,0,1,0,0,0,0,0,0,0,0,1,3,0,2,1,0,0,3,1,6,3,1,1,0,1,5,2,2,0,2,0,1,4,1,2,0,0,0,1,2,1,0,4,2,0,0,3,1,0,0,2,0,0,0,0,1,0,0,0,3,3,2,0,0,0,0,2,3,4,1,3,4,0,1,3,6,0,1,0,0,2,3,3,1,1,1,0,0,0,3,2,0,0,1,2,2,2,1,2,0,0,0,0,0,0,0,0,0,0,0,0,0,0,0,0,0,0,0,0,0,0,0,1,0,0,0,0,0,0,0,1,0,0,0,0,0,0,0,0,0,0,0,0,0,0,0,0,0,0,0,0,0,0,0,0,0,0,-0.556640625,-0.794921875,-0.80078125,-1.029296875,-1.978515625,-0.302734375,-0.60546875,-1.615234375,-1.07421875,-0.90234375,-0.67578125,-0.54296875,-0.484375,-1.197265625,-1.4296875,-0.333984375,-0.318359375,-2.025390625,-1.005859375,-0.8125
Q03034,0.0636182902584493,0.027833001988071572,0.02584493041749503,0.05964214711729622,0.02186878727634195,0.02584493041749503,0.06958250497017893,0.06560636182902585,0.02982107355864811,0.07554671968190854,0.09343936381709742,0.0775347912524851,0.02385685884691849,0.041749502982107355,0.06759443339960239,0.05765407554671968,0.05765407554671968,0.013916500994035786,0.033797216699801194,0.06759443339960239,2,7,2,1,4,3,0,6,13,3,4,1,1,2,3,3,3,1,1,4,0,1,4,3,0,0,2,0,3,4,2,0,2,3,0,0,5,3,0,1,1,0,0,0,0,0,1,0,0,7,8,9,4,2,3,0,9,12,6,4,0,8,2,3,6,4,5,2,2,0,1,5,5,2,3,0,1,1,1,0,0,1,1,0,2,5,0,3,5,4,0,1,2,0,1,0,0,0,3,6,3,3,4,2,1,2,5,5,1,0,3,0,5,1,2,2,3,0,0,0,3,2,2,2,1,0,1,5,2,0,1,1,1,3,3,5,0,0,1,1,0,1,0,0,0,0,0,0,2,0,1,2,1,0,3,3,2,1,3,1,0,4,0,0,1,2,6,0,1,1,1,0,1,1,0,0,3,1,0,1,1,0,2,0,0,1,1,0,0,0,0,1,0,0,0,0,3,2,1,1,0,1,0,5,3,3,3,0,3,0,3,1,3,0,3,0,0,0,0,0,1,0,0,0,0,0,2,1,0,1,1,1,2,1,0,2,2,0,0,2,0,0,0,1,0,4,4,0,0,2,0,0,5,5,3,3,0,2,0,4,4,1,1,0,1,1,3,0,1,0,0,0,0,1,4,3,0,0,1,1,2,2,3,0,1,2,0,0,0,0,0,1,0,0,0,1,0,0,0,0,0,3,0,0,1,0,1,0,0,1,0,0,0,0,0,0,0,1,0,0,0,0,2,0,0,0,0,0,0,0,1,0,0,0,0,0,0,0,0,0,0,0,0,-0.6294820717131474,-1.0617529880478087,-1.2709163346613546,-1.207171314741036,-2.2808764940239046,-0.9342629482071713,-0.8426294820717132,-1.5059760956175299,-1.049800796812749,-1.0836653386454183,-1.0597609561752988,-0.8466135458167331,-0.8127490039840638,-1.4621513944223108,-1.1613545816733069,-0.8565737051792829,-0.7450199203187251,-2.262948207171315,-1.2848605577689243,-0.8924302788844621
Q03063,0.07964601769911504,0.05309734513274336,0.07300884955752213,0.046460176991150445,0.0022123893805309734,0.0420353982300885,0.061946902654867256,0.05752212389380531,0.02654867256637168,0.035398230088495575,0.0420353982300885,0.061946902654867256,0.030973451327433628,0.01991150442477876,0.08185840707964602,0.14380530973451328,0.06637168141592921,0.004424778761061947,0.035398230088495575,0.035398230088495575,1,2,5,3,0,1,0,2,4,3,1,1,1,0,3,8,7,2,3,2,0,4,2,3,1,0,1,0,3,1,1,2,3,0,0,0,0,0,1,3,3,0,0,0,0,0,0,0,0,3,3,3,1,1,1,0,3,4,4,3,1,2,0,0,4,8,6,3,2,0,4,2,6,0,1,0,0,3,2,1,1,0,0,0,3,1,3,1,1,0,0,0,0,0,0,0,0,0,2,1,8,1,2,2,0,3,5,11,3,2,2,0,7,9,10,3,6,3,0,3,2,5,3,3,0,0,4,2,0,3,4,1,0,2,0,4,4,0,4,0,0,0,0,0,0,0,0,6,1,3,1,4,1,0,0,3,3,1,2,1,0,4,2,10,2,0,3,0,3,1,4,2,0,0,0,0,2,3,0,0,0,0,1,1,0,0,0,1,0,0,1,0,0,0,0,0,0,2,5,3,2,0,0,1,1,1,4,1,2,0,1,1,1,3,1,1,0,0,3,2,2,1,0,1,1,2,2,1,2,1,0,2,1,0,0,1,0,0,0,0,0,0,0,0,0,0,3,2,2,1,2,0,3,0,0,1,0,1,0,1,2,2,0,1,3,0,2,0,1,2,0,2,0,0,1,1,2,0,2,0,2,2,2,1,1,4,0,0,0,0,0,0,0,0,0,0,0,0,0,0,0,0,0,1,0,0,0,0,0,0,0,0,0,0,0,0,0,0,0,0,0,0,0,0,0,0,0,0,0,0,0,0,0,0,0,0,0,0,0,0,0,0,0,-0.35698447893569846,-0.6718403547671841,-0.21951219512195122,-0.8048780487804879,-1.975609756097561,-0.2660753880266075,-0.35476718403547675,-1.1729490022172948,-0.926829268292683,-1.6984478935698448,-1.6119733924611974,-0.3991130820399113,-0.9490022172949002,-1.93569844789357,-0.9223946784922394,0.25277161862527714,-0.3348115299334812,-2.5121951219512195,-1.458980044345898,-1.2549889135254988
Q03071,0.06060606060606061,0.030303030303030304,0.020202020202020204,0.08080808080808081,0.0,0.020202020202020204,0.13131313131313133,0.030303030303030304,0.010101010101010102,0.08080808080808081,0.1111111111111111,0.0707070707070707,0.04040404040404041,0.04040404040404041,0.04040404040404041,0.1111111111111111,0.030303030303030304,0.0,0.050505050505050504,0.04040404040404041,0,1,2,0,1,0,0,0,1,1,0,0,1,0,0,0,1,0,1,0,0,0,0,0,0,0,0,0,0,1,1,0,0,1,0,0,1,0,0,0,0,0,0,0,0,0,0,0,0,0,0,0,0,0,1,0,1,1,0,1,0,3,0,3,3,1,0,0,2,0,0,0,2,0,1,0,0,1,0,0,0,0,0,0,0,4,1,1,0,1,0,0,0,0,0,0,0,0,2,2,0,0,1,0,0,0,1,3,0,0,1,0,0,0,0,0,1,1,0,0,1,0,0,0,0,0,0,1,1,0,0,0,0,2,1,1,0,2,0,0,0,0,0,0,0,0,0,0,0,0,0,0,0,0,0,0,1,0,0,0,0,0,0,1,1,0,1,0,0,0,0,0,0,0,0,0,1,0,0,0,0,0,0,0,0,0,0,0,0,0,0,0,0,0,0,0,0,0,0,0,1,0,0,0,1,1,1,0,1,0,1,1,0,0,0,1,0,0,0,0,0,0,0,0,0,0,0,0,0,0,0,0,1,0,0,0,1,0,0,0,0,0,0,0,0,2,0,0,0,0,0,0,0,2,2,1,1,1,0,1,1,0,0,0,1,0,0,0,1,0,0,0,0,0,1,1,0,0,1,0,0,0,1,0,1,3,0,0,0,0,0,0,0,0,0,0,0,0,0,0,0,0,0,0,0,0,0,0,0,0,0,0,0,0,0,0,0,0,0,0,0,0,0,0,0,0,0,0,0,0,0,0,0,0,0,0,0,0,0,0,0,0,0,-0.9081632653061225,-1.3877551020408163,-0.9081632653061225,-0.8775510204081632,-2.204081632653061,-0.8367346938775511,-0.35714285714285715,-2.2857142857142856,-1.4489795918367347,-0.9693877551020408,-1.1428571428571428,-0.6530612244897959,-0.7755102040816326,-1.7857142857142858,-1.6734693877551021,-0.5816326530612245,-0.6530612244897959,-2.9591836734693877,-1.653061224489796,-0.9081632653061225
Q03654,0.0711864406779661,0.059322033898305086,0.05423728813559322,0.05254237288135593,0.005084745762711864,0.061016949152542375,0.10847457627118644,0.03898305084745763,0.015254237288135594,0.04915254237288136,0.08813559322033898,0.10677966101694915,0.025423728813559324,0.020338983050847456,0.05254237288135593,0.061016949152542375,0.04745762711864407,0.006779661016949152,0.030508474576271188,0.04576271186440678,5,2,2,2,5,0,0,2,5,5,0,2,4,0,2,2,4,3,5,3,0,3,3,3,1,2,3,0,3,3,2,0,3,2,0,1,4,1,1,1,2,0,1,0,0,0,0,0,0,5,4,4,2,1,2,0,4,4,6,5,5,4,0,5,3,4,2,3,4,0,2,4,2,2,2,4,0,3,2,2,2,9,1,0,5,4,4,2,5,1,0,0,0,0,0,0,0,0,2,4,5,2,4,0,0,5,5,1,2,1,1,0,2,1,6,1,2,4,1,2,5,1,2,1,0,0,1,4,1,3,3,3,0,7,4,1,3,1,4,0,0,0,1,0,0,0,0,3,2,1,1,1,4,0,2,4,3,3,4,3,0,2,2,0,2,4,2,0,0,2,3,4,2,1,1,2,4,2,0,3,1,0,0,6,1,1,0,4,0,0,1,0,0,0,0,0,0,1,5,3,1,2,0,2,2,2,5,4,5,0,3,2,2,2,1,4,0,4,4,1,1,2,1,0,2,4,6,5,8,2,0,2,1,1,2,3,3,0,0,0,0,0,0,0,0,1,5,2,4,1,2,1,3,8,3,1,3,4,0,3,5,1,1,0,2,0,1,1,2,3,3,3,0,1,3,1,3,1,3,0,1,3,4,4,2,6,0,0,0,0,0,0,0,0,0,0,0,1,0,0,0,0,0,1,0,0,0,0,0,0,0,0,0,1,0,0,0,0,0,0,0,0,0,0,0,0,0,0,0,0,0,0,0,0,0,0,0,0,0,0,0,0,0,-0.33276740237691,-0.042444821731748725,-0.26825127334465193,-0.2869269949066214,-2.0831918505942273,0.41256366723259763,0.6842105263157895,-1.4057724957555178,-0.6910016977928692,-1.1103565365025467,-0.9898132427843803,0.23089983022071306,-0.8913412563667232,-1.865874363327674,-0.13412563667232597,0.1307300509337861,-0.1833616298811545,-2.436332767402377,-1.5246179966044142,-0.9507640067911715
Q03790,0.061052631578947365,0.04,0.09473684210526316,0.05052631578947368,0.002105263157894737,0.042105263157894736,0.05473684210526316,0.05263157894736842,0.010526315789473684,0.056842105263157895,0.07578947368421053,0.0968421052631579,0.008421052631578947,0.04842105263157895,0.056842105263157895,0.13263157894736843,0.05473684210526316,0.014736842105263158,0.01263157894736842,0.03368421052631579,0,1,3,0,1,1,0,2,3,5,4,0,1,0,4,4,2,3,0,1,0,1,1,5,2,2,3,0,2,3,2,1,1,1,0,2,1,2,1,2,1,0,1,0,0,0,0,0,0,3,2,3,4,4,4,0,8,5,6,3,3,3,0,6,4,6,3,3,1,0,2,4,2,2,3,3,0,3,2,2,1,2,0,0,4,1,3,1,3,4,0,0,0,0,0,0,0,0,3,4,3,5,1,1,1,2,6,5,3,3,2,0,4,7,3,5,4,0,0,3,4,3,1,3,1,0,2,1,6,2,4,1,0,0,4,1,0,0,0,0,0,0,0,0,0,0,0,0,4,2,3,0,1,0,4,4,2,2,3,3,0,0,4,3,1,2,2,0,3,4,1,2,1,4,0,1,4,2,3,0,1,0,1,1,1,6,1,1,0,0,0,0,0,0,0,0,0,1,0,1,4,2,0,2,6,2,2,0,6,0,4,1,7,3,2,0,0,1,2,0,4,1,0,0,0,6,3,0,2,0,0,0,3,0,0,0,0,0,0,0,0,0,0,0,0,0,2,4,1,0,0,0,2,4,3,2,1,0,0,0,1,2,0,5,1,0,0,3,1,4,1,0,0,0,2,2,1,2,0,0,0,2,2,1,1,0,0,0,0,0,0,0,0,0,0,1,0,0,0,0,0,0,0,0,0,0,0,0,0,0,0,0,0,0,0,0,0,0,0,0,0,0,0,0,0,0,0,0,0,0,0,0,0,0,0,0,0,0,0,0,0,0,0,-0.2848101265822785,-0.6329113924050633,0.06751054852320675,-0.620253164556962,-1.8459915611814346,-0.046413502109704644,-0.4345991561181435,-0.8481012658227848,-0.7489451476793249,-1.3080168776371308,-1.2278481012658229,-0.2869198312236287,-0.7679324894514767,-1.4493670886075949,-0.569620253164557,0.37130801687763715,-0.02531645569620253,-2.1033755274261603,-1.2046413502109705,-1.029535864978903
Q03818,0.05333333333333334,0.06,0.08666666666666667,0.07333333333333333,0.0,0.04666666666666667,0.11333333333333333,0.04,0.02,0.07333333333333333,0.12666666666666668,0.11333333333333333,0.02,0.013333333333333334,0.006666666666666667,0.06,0.06,0.006666666666666667,0.0,0.02666666666666667,0,2,1,0,0,0,0,2,0,1,2,0,0,0,0,1,0,1,0,0,0,0,0,0,1,0,0,0,0,0,0,0,1,0,0,0,1,1,0,2,1,0,0,0,0,0,0,0,0,1,2,0,1,0,2,0,2,2,0,1,0,3,0,1,0,0,1,0,0,0,3,0,2,0,1,0,0,0,0,0,1,2,1,0,0,0,2,2,1,2,0,0,0,0,0,0,0,0,0,1,1,0,0,2,0,0,2,0,0,2,0,0,0,0,0,0,0,1,0,0,2,1,0,1,2,0,0,1,0,0,1,1,0,0,0,1,0,1,0,0,0,0,0,0,0,0,0,1,0,1,0,0,1,0,1,3,0,2,1,0,0,2,0,0,1,1,0,0,0,1,0,0,0,1,0,1,1,0,1,0,1,0,0,1,0,1,2,0,0,0,0,0,0,0,0,0,1,0,0,0,1,0,0,1,1,0,1,1,3,0,1,0,0,0,1,0,0,0,1,0,1,1,0,0,0,4,0,0,1,1,0,0,0,4,1,0,1,0,0,0,0,0,0,0,0,0,0,0,0,0,0,0,0,0,1,0,0,1,0,0,3,1,3,1,1,0,0,3,1,0,1,1,0,1,1,1,1,1,2,0,0,0,1,2,1,0,0,0,0,0,0,0,0,0,0,0,0,0,0,0,0,0,0,0,0,0,0,0,0,0,0,0,0,0,0,0,0,0,0,0,0,0,0,0,0,0,0,0,0,0,0,0,0,0,0,0,0,0,0,0,0,0,0,-0.5369127516778524,-0.04697986577181208,-0.09395973154362416,-0.3221476510067114,-2.4563758389261743,0.4228187919463087,0.42953020134228187,-1.919463087248322,-1.1006711409395973,-1.3288590604026846,-0.8523489932885906,0.10738255033557047,-0.697986577181208,-2.1946308724832213,-1.8053691275167785,-0.3221476510067114,-0.37583892617449666,-2.9328859060402683,-1.778523489932886,-1.167785234899329
Q03860,0.06993006993006994,0.02097902097902098,0.04195804195804196,0.06293706293706294,0.006993006993006993,0.013986013986013986,0.02097902097902098,0.06993006993006994,0.006993006993006993,0.13286713286713286,0.11888111888111888,0.02097902097902098,0.02097902097902098,0.11188811188811189,0.04195804195804196,0.0979020979020979,0.02097902097902098,0.0,0.055944055944055944,0.06293706293706294,1,5,0,0,0,0,0,2,7,3,1,1,1,0,1,1,1,0,1,0,0,0,1,0,0,0,0,0,1,2,0,0,0,0,0,0,0,0,0,0,0,0,0,0,0,0,0,0,0,3,2,3,1,3,0,0,4,5,5,1,1,1,0,3,7,3,0,0,1,0,2,1,5,0,0,0,0,0,2,0,0,0,0,0,0,2,0,0,0,2,0,1,0,0,0,0,0,0,2,2,1,0,0,0,0,5,3,4,4,0,0,0,1,2,0,0,0,0,0,0,0,0,0,0,0,0,0,0,1,0,0,0,0,0,0,0,0,0,1,0,0,0,0,0,0,0,0,0,2,0,0,0,0,0,1,0,0,1,0,0,0,0,5,0,0,0,0,0,0,0,0,0,0,0,0,0,0,0,0,0,0,0,0,0,0,0,0,0,0,0,0,0,0,0,0,0,0,1,0,0,0,0,0,0,2,0,1,0,1,0,0,1,0,0,0,0,0,0,0,0,0,0,0,0,0,0,0,0,0,0,0,0,0,0,0,0,0,0,0,0,0,0,0,0,0,0,2,0,0,0,0,0,0,0,1,0,0,1,1,0,0,0,0,0,0,0,0,0,0,0,0,0,0,0,0,0,0,0,0,0,2,1,0,0,0,4,0,0,0,0,0,0,0,0,0,1,0,0,0,0,0,0,0,0,0,0,0,0,0,0,0,0,0,0,0,0,0,0,0,0,0,0,0,0,0,0,0,0,0,0,0,0,0,0,0,0,0,0,0,0,0,0,0,-0.30985915492957744,-1.5492957746478873,-1.4014084507042253,-1.7535211267605635,-1.6267605633802817,-1.204225352112676,-1.3028169014084507,-1.5070422535211268,-1.6338028169014085,-0.38028169014084506,-0.2887323943661972,-1.3380281690140845,-0.24647887323943662,-0.21830985915492956,-1.5704225352112675,-0.4154929577464789,-0.5774647887323944,-1.9507042253521127,-0.5845070422535211,-0.3380281690140845
Q03898,0.020618556701030927,0.06529209621993128,0.0859106529209622,0.048109965635738834,0.006872852233676976,0.05154639175257732,0.07216494845360824,0.041237113402061855,0.01718213058419244,0.07216494845360824,0.09965635738831616,0.10996563573883161,0.027491408934707903,0.030927835051546393,0.054982817869415807,0.09621993127147767,0.061855670103092786,0.0,0.003436426116838488,0.03436426116838488,0,1,0,0,0,1,0,1,1,2,1,1,1,0,1,0,0,0,1,1,0,1,1,0,0,2,1,0,0,4,0,1,0,0,0,1,0,2,1,1,1,0,0,0,0,0,0,0,0,0,0,0,3,0,1,0,1,4,1,4,2,4,0,3,2,5,4,1,1,0,0,2,2,2,1,2,0,6,2,5,1,1,2,0,2,1,3,1,5,0,0,0,0,0,0,0,1,0,0,1,1,1,2,2,0,1,4,4,2,5,0,0,0,4,2,1,1,0,0,1,2,4,1,2,0,0,1,1,1,3,1,0,0,0,2,0,0,1,1,0,0,1,0,0,0,0,0,1,2,0,0,0,0,0,0,1,3,0,5,1,0,0,3,2,1,3,1,1,0,2,0,5,1,0,0,2,3,1,1,1,0,0,0,2,1,1,1,0,0,0,0,0,0,0,0,0,0,2,1,1,3,2,0,0,4,3,1,4,4,1,2,4,0,1,0,1,0,0,3,4,0,2,1,0,0,3,0,1,0,0,0,0,2,1,0,0,0,0,0,0,0,0,0,0,0,1,1,1,0,0,0,0,1,2,3,1,0,1,0,1,3,0,3,1,0,0,1,0,1,0,0,1,0,0,4,1,2,1,1,0,0,0,1,0,1,2,0,0,0,0,0,0,0,0,0,0,0,0,0,0,0,0,0,0,0,0,1,0,0,0,0,0,0,0,0,0,0,0,0,0,0,0,0,0,0,0,0,0,0,0,1,0,0,0,0,0,0,0,0,0,0,0,0,-0.7448275862068966,-0.5344827586206896,-0.2620689655172414,-0.8551724137931035,-2.0724137931034483,-0.24482758620689654,-0.3103448275862069,-1.6517241379310346,-1.103448275862069,-1.3551724137931034,-1.1655172413793105,-0.2206896551724138,-0.6689655172413793,-1.8758620689655172,-1.2862068965517242,-0.09655172413793103,-0.38620689655172413,-2.720689655172414,-1.606896551724138,-1.110344827586207
Q03954,0.04242424242424243,0.05454545454545454,0.04242424242424243,0.09090909090909091,0.006060606060606061,0.048484848484848485,0.12121212121212122,0.030303030303030304,0.0,0.01818181818181818,0.15151515151515152,0.10303030303030303,0.048484848484848485,0.006060606060606061,0.024242424242424242,0.07272727272727272,0.05454545454545454,0.0,0.01818181818181818,0.06666666666666667,0,0,0,0,0,1,0,1,1,1,1,1,0,0,2,0,2,1,0,2,0,0,0,0,0,0,0,0,0,0,0,0,1,0,0,0,1,3,0,1,3,0,0,0,0,0,1,0,0,0,2,2,0,1,2,0,0,0,0,0,0,3,0,0,0,1,1,1,2,0,0,0,1,0,2,0,0,0,2,1,1,1,1,0,1,2,1,2,1,2,0,0,0,0,0,0,0,0,1,1,2,0,0,1,0,0,0,0,1,0,1,0,3,2,2,1,1,0,0,0,2,0,1,0,1,0,2,0,0,0,1,1,0,1,3,0,1,1,0,0,0,0,0,0,0,0,0,0,0,1,0,0,0,1,1,0,2,0,0,1,0,0,0,2,0,1,0,0,0,1,0,0,0,0,0,0,1,0,0,2,0,0,0,2,0,0,0,0,0,0,0,0,0,0,0,0,0,1,1,0,0,1,0,2,1,1,0,3,2,0,0,0,0,1,1,0,0,0,0,1,0,1,1,0,0,3,1,0,1,1,0,2,0,0,0,1,0,0,0,0,0,0,0,0,0,0,1,1,0,0,3,0,3,1,1,1,2,2,0,0,0,3,0,0,2,0,2,1,1,0,0,0,0,1,2,0,1,0,0,0,1,2,1,1,0,2,0,0,0,0,0,0,0,0,0,0,0,0,0,0,0,0,0,0,0,0,0,0,0,0,0,0,0,0,0,0,0,0,0,0,0,0,0,1,0,0,0,0,0,0,0,0,0,0,0,0,0,0,0,0,0,0,0,-0.4024390243902439,-0.18902439024390244,-0.3475609756097561,-0.45121951219512196,-1.920731707317073,0.12195121951219512,0.07317073170731707,-1.4085365853658536,-1.0182926829268293,-0.926829268292683,-0.7560975609756098,-0.024390243902439025,-0.676829268292683,-1.646341463414634,-1.5609756097560976,-0.036585365853658534,-0.1951219512195122,-2.475609756097561,-1.4390243902439024,-0.8719512195121951
Q04003,0.037422037422037424,0.07068607068607069,0.06444906444906445,0.04781704781704782,0.010395010395010396,0.035343035343035345,0.09563409563409564,0.02702702702702703,0.018711018711018712,0.079002079002079,0.06860706860706861,0.11226611226611227,0.031185031185031187,0.02286902286902287,0.04781704781704782,0.09355509355509356,0.06444906444906445,0.006237006237006237,0.014553014553014554,0.05197505197505198,1,2,0,3,0,0,1,2,3,1,3,6,1,0,1,3,0,1,0,2,1,1,2,3,2,0,2,0,1,0,0,3,2,1,0,0,1,1,2,1,1,0,0,0,0,1,0,0,0,1,4,2,1,3,2,0,5,4,6,1,1,3,0,5,4,2,1,5,2,0,1,5,4,2,1,1,0,0,4,5,2,6,5,0,3,2,3,2,2,4,0,0,0,1,0,0,0,0,2,6,3,1,2,1,0,2,4,5,2,6,3,1,3,5,3,1,4,3,0,0,2,2,2,2,0,0,2,2,4,3,4,2,0,0,5,3,2,2,2,0,0,0,1,0,0,0,0,1,1,0,0,0,1,0,1,2,4,3,3,1,0,1,4,3,3,3,2,0,1,2,2,0,1,3,0,0,4,1,1,0,1,0,1,1,2,1,2,2,0,0,0,1,0,1,0,0,1,3,2,1,0,0,0,3,4,1,5,3,4,0,4,1,5,1,3,2,0,0,2,5,0,1,1,1,3,8,2,1,10,1,0,1,2,3,1,2,1,0,0,0,0,0,0,0,0,1,0,2,4,1,2,0,0,3,2,0,3,4,0,1,5,5,1,1,3,0,0,1,0,2,2,2,1,1,2,3,0,3,0,0,5,1,4,0,0,4,0,0,0,0,0,0,0,0,0,0,0,0,0,0,0,0,0,0,0,0,0,0,0,1,1,0,1,0,0,0,0,0,1,0,0,0,0,0,1,0,0,0,0,0,0,0,0,0,0,0,0,0,0,0,0,0,0,-0.6520833333333333,-0.5354166666666667,-0.4354166666666667,-0.86875,-2.0125,-0.25833333333333336,-0.21041666666666667,-1.7583333333333333,-1.0895833333333333,-1.2833333333333334,-1.2020833333333334,-0.20416666666666666,-0.675,-1.85,-1.3125,-0.12916666666666668,-0.36041666666666666,-2.63125,-1.5125,-0.98125
Q04048,0.05238649592549476,0.050058207217694994,0.04540162980209546,0.05238649592549476,0.01629802095459837,0.03608847497089639,0.0989522700814901,0.03259604190919674,0.01629802095459837,0.07683352735739232,0.10942956926658906,0.06752037252619325,0.01979045401629802,0.04307334109429569,0.03143189755529686,0.08847497089639116,0.047729918509895226,0.02211874272409779,0.048894062863795114,0.04423748544819558,3,1,2,0,6,5,0,2,5,10,4,2,4,0,5,2,4,4,3,1,0,0,4,5,1,3,1,1,1,3,6,0,5,3,0,0,2,2,1,3,5,0,0,0,2,0,0,0,0,6,7,4,7,6,2,0,7,18,8,6,7,7,0,8,11,8,6,10,9,0,1,8,8,2,4,4,0,4,6,3,0,1,7,0,5,11,8,1,4,5,0,0,1,2,0,1,1,0,3,11,9,3,1,2,0,9,8,5,5,3,6,2,6,4,4,3,2,8,1,3,8,6,3,2,3,0,3,4,4,5,2,4,1,4,11,2,5,3,2,0,0,2,0,1,0,1,0,0,1,0,2,1,2,0,3,10,8,3,4,7,1,2,8,5,3,1,5,3,0,6,1,1,0,1,0,0,7,3,0,1,2,0,1,4,1,0,3,2,0,0,0,0,0,1,0,0,1,4,2,0,2,1,1,4,3,9,3,1,3,2,3,8,3,3,3,2,0,1,5,4,2,0,0,0,0,3,2,4,0,0,0,4,7,7,0,0,2,1,0,0,0,0,0,1,0,4,3,2,3,2,1,1,7,9,12,5,2,6,0,4,5,5,6,2,1,0,1,4,3,0,4,2,0,3,2,4,2,0,4,0,2,5,3,5,1,4,0,0,0,0,0,0,1,0,0,0,0,0,0,0,0,0,0,0,1,2,0,0,1,0,0,0,2,1,0,0,1,0,0,0,0,0,0,0,0,1,0,1,0,0,1,0,2,1,0,0,0,0,0,0,0,0,0,-0.2715617715617716,-0.26107226107226106,-0.6351981351981352,-0.7132867132867133,-1.8648018648018647,-0.10722610722610723,0.14918414918414918,-1.7447552447552448,-0.6596736596736597,-0.8671328671328671,-0.44871794871794873,-0.09324009324009325,-0.6981351981351981,-1.0617715617715617,-1.662004662004662,-0.5641025641025641,-0.8671328671328671,-1.5792540792540792,-0.44755244755244755,-0.9347319347319347
Q04411,0.050518134715025906,0.04792746113989637,0.08160621761658031,0.06476683937823834,0.02072538860103627,0.025906735751295335,0.05569948186528497,0.04145077720207254,0.027202072538860103,0.06606217616580311,0.10233160621761658,0.07772020725388601,0.019430051813471502,0.06606217616580311,0.031088082901554404,0.08678756476683938,0.05699481865284974,0.006476683937823834,0.03626943005181347,0.034974093264248704,4,3,5,3,2,1,0,2,7,5,6,4,1,0,4,3,6,1,3,2,0,2,6,3,2,1,1,1,3,2,3,1,2,1,0,0,4,0,1,2,1,0,0,0,0,0,0,0,0,2,3,2,5,3,3,0,8,12,11,4,9,8,0,4,9,9,11,6,7,3,4,7,11,4,1,4,0,4,9,2,4,3,3,0,3,5,5,5,3,6,1,1,0,0,1,0,0,0,2,5,3,2,2,2,0,3,11,10,6,5,5,1,3,12,4,5,3,3,0,1,10,5,1,2,4,0,3,4,1,3,4,5,1,4,4,3,1,1,2,2,1,1,0,0,1,1,1,3,2,2,3,1,0,0,2,12,5,4,4,6,0,3,8,4,4,3,2,0,2,5,2,2,2,1,1,2,3,1,0,0,2,0,3,1,4,1,5,1,0,0,1,1,0,1,0,0,6,6,3,0,4,0,0,1,6,8,6,2,3,0,0,3,3,0,3,2,2,1,1,2,3,2,0,1,2,3,2,1,3,2,1,2,3,2,3,2,1,0,0,1,1,0,0,0,0,1,6,2,3,0,2,0,2,4,7,5,1,4,1,2,3,3,2,3,0,0,0,4,1,3,0,5,0,4,5,2,1,2,0,0,2,6,0,2,1,0,0,0,1,1,0,1,0,0,0,0,2,0,0,0,0,0,0,3,0,0,1,0,0,3,0,0,0,1,0,1,0,0,0,0,0,0,1,0,2,0,0,0,0,0,1,0,0,0,0,0,0,0,1,0,0,0,0,-0.5460440985732814,-0.7146562905317769,-0.38780804150453957,-0.8975356679636836,-2.033722438391699,-0.35019455252918286,-0.6718547341115434,-1.4747081712062258,-0.8054474708171206,-1.191958495460441,-1.1452658884565499,-0.6316472114137484,-0.814526588845655,-1.4422827496757458,-1.0155642023346303,0.005188067444876783,-0.23476005188067445,-2.4280155642023344,-1.2684824902723735,-1.0376134889753568
Q04461,0.05194805194805195,0.08441558441558442,0.0735930735930736,0.06060606060606061,0.004329004329004329,0.04112554112554113,0.08441558441558442,0.06493506493506493,0.01948051948051948,0.05627705627705628,0.07142857142857142,0.05627705627705628,0.021645021645021644,0.032467532467532464,0.05411255411255411,0.08441558441558442,0.06926406926406926,0.004329004329004329,0.030303030303030304,0.03463203463203463,1,2,1,1,2,4,1,2,5,1,0,2,2,0,4,2,3,2,4,1,0,0,1,3,3,1,3,0,1,2,0,1,2,1,0,1,2,3,1,3,1,0,1,0,0,0,0,0,0,2,2,2,2,2,3,0,2,8,6,3,3,1,0,4,5,4,2,2,3,0,5,1,2,3,1,1,0,4,5,1,2,3,2,1,1,2,2,3,1,2,0,0,0,0,0,0,0,0,3,1,7,4,0,2,0,4,1,5,4,4,3,0,4,4,10,1,3,2,0,0,2,2,2,0,1,0,0,0,3,3,4,1,0,1,2,1,3,4,3,0,0,0,0,0,0,0,0,2,4,1,2,1,1,0,2,2,2,2,2,1,0,1,1,5,1,0,3,0,3,3,2,2,2,2,0,0,1,3,0,1,0,0,2,5,0,2,1,2,0,0,0,0,0,0,0,0,2,3,1,0,1,1,0,3,2,2,2,4,3,0,2,6,2,1,0,0,0,1,3,2,1,1,1,0,0,3,3,3,1,2,0,1,2,3,0,1,1,0,0,0,0,1,0,0,0,2,0,4,2,0,0,0,0,5,5,2,3,1,0,2,3,0,0,2,4,0,2,1,0,2,0,4,0,3,5,1,0,1,2,0,2,3,2,0,2,2,0,0,0,0,0,0,0,0,0,0,0,0,1,0,0,0,0,0,0,0,0,0,0,0,0,0,0,0,0,0,0,0,1,0,0,0,0,0,0,0,0,0,0,0,0,0,0,0,0,0,0,0,0,0,0,0,0,-0.5401301518438177,-0.3470715835140998,-0.14533622559652928,-0.5227765726681128,-2.156182212581345,-0.09327548806941431,-0.13665943600867678,-1.2689804772234274,-0.89587852494577,-1.4837310195227766,-1.4273318872017353,-0.19739696312364424,-0.8980477223427332,-1.7483731019522777,-1.1062906724511932,0.0,-0.31670281995661603,-2.386117136659436,-1.3015184381778742,-1.1648590021691974
Q04477,0.03286384976525822,0.046948356807511735,0.07981220657276995,0.0892018779342723,0.0,0.023474178403755867,0.1267605633802817,0.03286384976525822,0.009389671361502348,0.07511737089201878,0.13145539906103287,0.11267605633802817,0.014084507042253521,0.018779342723004695,0.023474178403755867,0.07981220657276995,0.018779342723004695,0.004694835680751174,0.023474178403755867,0.056338028169014086,0,1,1,1,0,0,0,0,0,1,2,1,2,0,0,0,0,1,0,0,0,0,3,0,0,0,1,0,1,1,1,0,0,0,0,1,4,1,2,1,0,0,0,0,0,0,0,0,0,1,0,0,1,1,2,0,2,2,0,2,1,3,0,2,1,1,0,2,1,0,1,0,0,1,1,3,0,3,2,2,0,2,2,0,2,5,3,2,1,1,0,0,0,0,0,0,0,0,1,2,0,1,1,1,0,0,1,0,1,3,1,0,0,1,0,0,0,1,0,0,0,0,0,0,2,0,0,1,3,0,0,1,0,0,1,1,0,2,2,0,0,0,0,0,0,0,0,0,0,0,0,0,2,0,0,1,2,0,2,1,0,0,0,2,0,0,2,0,0,1,0,0,0,1,0,0,1,0,0,1,1,0,0,3,0,2,2,1,0,0,0,0,0,0,0,0,1,2,0,0,1,2,0,1,3,2,0,3,0,0,3,3,0,1,2,0,0,0,1,2,0,0,0,0,0,0,1,2,0,0,0,1,1,0,1,0,1,0,0,0,0,0,0,0,0,0,1,0,1,0,2,0,2,3,2,1,1,7,0,1,1,0,0,1,2,0,1,1,2,1,2,1,0,1,4,2,1,0,0,0,0,2,0,1,2,0,0,0,0,0,0,0,0,0,0,0,0,0,0,0,0,0,0,0,0,0,0,0,0,0,0,0,0,0,0,0,0,0,0,0,0,0,0,0,0,0,0,0,0,0,0,0,0,0,0,0,0,0,0,0,0,0,0,-0.5566037735849056,-0.32547169811320753,-0.12264150943396226,-0.33490566037735847,-2.3207547169811322,0.33962264150943394,0.42452830188679247,-1.8820754716981132,-0.8537735849056604,-1.0188679245283019,-0.7688679245283019,0.09905660377358491,-0.6792452830188679,-1.8066037735849056,-1.849056603773585,-0.2028301886792453,-0.37264150943396224,-2.688679245283019,-1.4339622641509433,-1.0047169811320755
Q04673,0.0455531453362256,0.06073752711496746,0.039045553145336226,0.0650759219088937,0.04338394793926247,0.0455531453362256,0.06290672451193059,0.04772234273318872,0.039045553145336226,0.0650759219088937,0.08893709327548807,0.0737527114967462,0.021691973969631236,0.039045553145336226,0.04772234273318872,0.07592190889370933,0.049891540130151846,0.004338394793926247,0.019522776572668113,0.0650759219088937,0,2,1,2,1,1,0,5,3,5,2,2,3,1,3,2,0,3,2,2,0,1,1,2,1,5,0,0,3,2,1,2,0,2,1,3,2,1,1,1,1,1,0,1,0,0,0,0,0,3,4,4,2,4,4,0,6,9,6,1,4,3,0,7,7,0,1,3,3,1,4,0,2,2,2,1,0,1,1,5,1,1,2,0,1,1,1,5,3,1,1,1,1,0,1,0,1,0,4,4,1,3,1,1,0,6,7,4,3,1,1,1,0,4,3,1,1,0,0,0,1,2,2,0,0,3,2,4,1,0,3,0,0,1,2,1,0,0,3,1,1,1,0,1,0,1,0,0,4,3,2,1,0,0,0,4,1,2,2,1,1,3,3,3,0,1,1,0,0,3,1,4,1,2,0,0,1,1,3,3,1,1,1,1,0,1,0,0,0,0,0,2,1,0,0,0,0,3,2,1,1,1,0,1,3,1,1,2,3,0,0,4,1,3,2,1,1,2,2,3,1,0,0,0,2,2,2,1,6,0,0,0,1,2,0,2,2,0,0,2,0,0,0,1,0,0,3,1,0,2,3,1,2,3,3,2,0,0,0,1,1,2,0,1,1,1,2,3,1,0,2,0,0,0,1,1,1,0,2,1,3,2,2,1,0,5,1,1,0,0,0,1,1,1,0,1,1,0,1,0,0,1,0,2,0,0,2,1,0,1,0,0,0,0,1,1,1,0,1,0,0,0,0,0,1,0,0,0,0,1,1,0,0,0,2,0,0,1,0,0,0,0,0,-0.5021739130434782,-0.7195652173913043,-0.6521739130434783,-0.9239130434782609,-1.5804347826086957,-0.34782608695652173,-0.4782608695652174,-1.4652173913043478,-0.8565217391304348,-1.1152173913043477,-1.0891304347826087,-0.48478260869565215,-0.7956521739130434,-1.6130434782608696,-1.2847826086956522,-0.21521739130434783,-0.38913043478260867,-2.5456521739130435,-1.367391304347826,-0.9021739130434783
Q04868,0.040293040293040296,0.02197802197802198,0.0989010989010989,0.04395604395604396,0.014652014652014652,0.040293040293040296,0.040293040293040296,0.02564102564102564,0.03663003663003663,0.0695970695970696,0.12454212454212454,0.047619047619047616,0.014652014652014652,0.05860805860805861,0.040293040293040296,0.13553113553113552,0.05128205128205128,0.003663003663003663,0.02564102564102564,0.06593406593406594,1,0,1,2,1,0,0,5,4,2,0,0,1,0,4,1,0,1,1,0,0,0,3,3,0,0,0,0,0,0,0,0,0,0,2,0,0,2,0,1,0,0,0,0,0,0,0,0,0,3,2,3,3,1,1,0,5,5,4,4,4,4,0,3,3,5,3,0,2,0,1,4,2,4,0,1,0,1,1,1,3,0,1,0,0,2,3,1,0,0,0,0,0,0,0,0,0,0,0,5,2,0,0,2,0,1,9,3,2,1,0,0,1,2,4,2,2,2,0,1,1,4,3,0,1,0,0,2,2,0,0,0,0,1,0,1,3,1,1,0,0,0,2,0,0,0,0,0,2,2,0,0,0,0,1,4,7,4,0,1,0,1,3,2,2,1,2,1,1,4,3,1,0,1,0,0,1,0,1,0,0,0,1,1,1,1,0,0,0,0,0,0,0,0,0,0,0,2,0,0,0,0,0,0,3,0,0,2,0,0,0,2,2,0,0,0,0,1,1,0,2,0,0,0,0,0,0,0,0,0,0,0,0,0,1,1,0,0,1,0,0,1,0,0,0,1,1,0,0,0,0,0,1,1,0,2,0,0,0,0,4,0,1,0,1,1,0,4,0,0,1,1,0,1,1,0,0,0,1,0,0,1,0,0,0,0,0,0,0,0,0,0,0,0,0,0,0,1,0,0,0,0,0,0,0,0,0,0,0,1,0,1,0,0,0,0,0,0,0,1,0,0,0,0,0,0,0,0,0,0,0,0,0,0,0,0,0,0,0,0,0,0,0,-0.7647058823529411,-1.1470588235294117,-0.5661764705882353,-1.25,-1.8272058823529411,-0.6764705882352942,-0.8676470588235294,-1.7683823529411764,-1.0147058823529411,-0.8933823529411765,-1.1580882352941178,-0.9117647058823529,-0.7095588235294118,-1.3198529411764706,-1.6102941176470589,-0.22794117647058823,-0.36764705882352944,-2.5294117647058822,-1.125,-0.8345588235294118
Q04921,0.03309692671394799,0.04964539007092199,0.08037825059101655,0.09219858156028368,0.01182033096926714,0.030732860520094562,0.06619385342789598,0.04964539007092199,0.02127659574468085,0.07328605200945626,0.09929078014184398,0.08747044917257683,0.01182033096926714,0.026004728132387706,0.03309692671394799,0.07328605200945626,0.0591016548463357,0.002364066193853428,0.04018912529550828,0.0591016548463357,0,3,1,0,1,0,0,1,4,6,1,1,3,0,2,0,2,2,1,0,0,2,1,1,2,0,4,0,1,4,2,2,3,3,0,1,0,2,0,1,1,0,1,1,0,0,0,0,0,3,3,1,3,4,1,0,2,10,5,1,1,4,0,3,7,3,2,4,2,0,3,2,2,3,0,1,0,2,1,1,1,2,0,0,0,6,4,3,3,3,0,1,0,0,0,0,0,0,0,3,2,4,5,1,0,4,3,2,2,0,4,1,1,0,2,3,3,2,0,0,1,1,3,4,3,0,2,3,5,0,0,1,0,2,2,3,1,1,2,0,1,0,0,0,0,0,0,0,2,1,1,1,0,1,2,2,2,3,1,1,0,5,1,0,1,0,2,0,0,2,3,2,1,3,0,1,1,0,1,3,1,0,3,3,4,0,1,2,0,0,0,0,0,0,0,0,1,1,2,0,1,2,0,3,2,2,2,2,3,0,4,3,2,2,1,1,1,0,3,1,1,1,1,0,1,2,3,1,2,1,0,1,1,1,0,0,2,1,0,0,0,0,0,0,0,1,2,0,1,2,1,1,3,2,4,1,2,4,0,0,5,2,2,2,4,0,1,2,1,0,1,1,0,0,3,3,2,0,0,0,1,4,1,2,2,3,0,0,1,0,0,0,0,0,0,2,0,1,0,0,0,0,0,1,1,0,0,0,0,0,0,0,0,0,0,0,0,0,0,0,0,0,0,0,0,0,0,0,0,0,0,0,0,0,0,0,0,0,0,0,0,0,0,-1.0402843601895735,-0.7061611374407583,-0.6161137440758294,-0.8388625592417062,-2.1943127962085307,-0.46208530805687204,-0.22748815165876776,-1.8696682464454977,-1.085308056872038,-1.0118483412322274,-1.1161137440758293,-0.36018957345971564,-0.9146919431279621,-1.4644549763033174,-1.6374407582938388,-0.6350710900473934,-0.6232227488151659,-2.6824644549763033,-1.3601895734597156,-0.9928909952606635
Q05080,0.04783258594917788,0.061285500747384154,0.06427503736920777,0.059790732436472344,0.005979073243647235,0.053811659192825115,0.06576980568011959,0.04484304932735426,0.02242152466367713,0.05530642750373692,0.07772795216741404,0.08221225710014948,0.0343796711509716,0.029895366218236172,0.03736920777279522,0.11659192825112108,0.059790732436472344,0.01046337817638266,0.028400597907324365,0.04185351270553064,3,5,1,2,2,1,0,3,6,3,1,5,2,0,1,6,5,1,1,4,0,0,3,2,2,0,4,0,3,0,7,1,2,4,0,1,2,2,2,0,2,1,0,0,0,0,0,0,0,2,4,1,3,3,5,0,2,10,7,4,3,2,0,2,4,11,4,1,3,0,10,3,7,3,2,2,0,5,4,2,4,4,6,0,0,0,4,1,3,1,1,1,0,0,0,0,0,0,0,5,4,1,3,2,0,6,3,9,6,2,2,0,7,6,21,7,4,7,0,4,5,5,3,4,2,0,3,3,3,2,2,1,0,2,1,8,7,3,4,1,0,0,0,0,0,0,0,3,5,5,2,3,1,0,1,3,2,8,6,3,1,3,5,5,4,1,4,0,2,2,2,0,2,2,0,0,8,2,1,2,1,0,1,1,4,3,2,1,0,0,0,0,0,0,0,0,4,1,6,2,1,0,0,4,4,1,6,4,0,0,1,1,5,5,0,5,0,2,3,4,2,3,1,0,2,2,2,6,5,0,0,1,6,3,1,1,2,0,0,0,0,0,0,0,0,2,0,1,1,4,0,0,1,2,3,2,5,1,0,1,5,6,2,6,3,0,1,8,2,0,3,1,0,1,2,1,1,2,2,0,3,4,2,1,0,2,0,1,0,2,0,0,0,0,0,0,0,0,1,1,0,0,0,0,0,0,0,0,0,1,0,0,1,0,0,0,0,0,0,0,0,0,0,0,0,0,0,0,0,0,0,0,0,0,0,0,0,0,0,0,0,0,0,-0.43263473053892215,-0.011976047904191617,-0.28592814371257486,-0.35479041916167664,-1.6092814371257484,0.6017964071856288,0.5479041916167665,-1.281437125748503,-0.19461077844311378,-1.125748502994012,-0.8158682634730539,0.3188622754491018,-0.3473053892215569,-1.2919161676646707,-0.7035928143712575,-0.0718562874251497,-0.4491017964071856,-1.7604790419161678,-0.8667664670658682,-1.0239520958083832
Q05567,0.06281833616298811,0.035653650254668934,0.044142614601018676,0.04923599320882852,0.015280135823429542,0.025466893039049237,0.04923599320882852,0.07979626485568761,0.03225806451612903,0.06281833616298811,0.100169779286927,0.06791171477079797,0.030560271646859084,0.04074702886247878,0.04923599320882852,0.0730050933786078,0.05263157894736842,0.011884550084889643,0.04584040747028863,0.07130730050933787,8,10,6,3,2,1,1,8,7,3,1,6,3,1,6,5,10,4,3,2,0,2,6,3,0,1,1,1,2,4,1,1,1,2,0,0,4,1,0,2,2,0,1,0,1,0,0,0,0,5,5,9,4,2,4,0,4,7,8,8,5,5,0,7,6,2,5,3,3,0,3,7,3,2,2,1,0,2,1,8,2,2,2,0,3,4,2,5,0,5,1,1,0,1,0,0,0,0,11,5,4,3,4,2,1,8,4,4,3,3,2,1,7,3,3,2,4,0,0,3,4,2,1,4,1,0,3,6,1,3,2,1,0,1,2,5,0,1,1,1,0,1,0,0,0,0,0,1,3,6,1,1,0,0,5,8,6,4,1,2,0,2,3,1,2,1,3,0,2,1,2,0,0,0,0,1,3,2,1,0,0,0,1,0,1,1,0,0,0,1,0,1,0,0,0,0,2,3,2,0,2,1,0,2,6,2,1,2,4,0,6,3,3,1,1,0,1,1,3,2,2,0,0,0,2,1,2,0,0,0,0,2,1,3,0,0,0,0,0,0,0,0,0,0,0,3,2,2,3,0,1,0,2,4,3,1,0,3,0,2,4,1,1,3,1,0,1,5,0,0,0,0,1,0,2,0,1,0,1,0,4,2,0,1,1,1,0,0,1,1,0,0,0,0,1,1,1,0,0,0,0,0,1,0,0,0,1,0,0,1,0,0,1,2,0,0,0,0,0,0,0,0,0,0,0,0,0,0,0,0,0,0,0,0,0,0,0,0,0,0,0,0,0,-0.31462585034013607,-1.2261904761904763,-1.227891156462585,-1.3724489795918366,-2.2738095238095237,-1.2568027210884354,-0.9727891156462585,-1.5051020408163265,-1.1224489795918366,-0.9404761904761905,-1.0714285714285714,-1.0918367346938775,-0.7653061224489796,-1.566326530612245,-1.7261904761904763,-0.8690476190476191,-0.8452380952380952,-2.8418367346938775,-1.3928571428571428,-0.8282312925170068
Q05568,0.04451038575667656,0.05637982195845697,0.03857566765578635,0.02967359050445104,0.03857566765578635,0.04747774480712166,0.06231454005934718,0.04747774480712166,0.020771513353115726,0.06528189910979229,0.12166172106824925,0.08902077151335312,0.032640949554896145,0.05341246290801187,0.04154302670623145,0.07418397626112759,0.04451038575667656,0.011869436201780416,0.04154302670623145,0.03857566765578635,1,1,2,0,1,0,0,3,6,5,0,1,0,0,0,1,2,0,1,2,0,1,1,0,1,0,0,0,0,1,2,0,2,0,1,1,3,0,1,1,1,0,0,1,1,0,0,0,0,3,4,1,1,2,3,1,3,8,6,4,4,2,2,2,5,4,1,2,2,0,2,1,5,1,1,1,1,2,1,4,1,2,1,1,1,1,2,1,1,0,0,0,2,1,0,1,1,0,0,4,0,1,2,2,0,4,6,2,3,3,3,3,0,5,2,3,1,0,0,2,0,1,0,1,0,1,1,2,2,1,1,1,0,0,0,1,2,2,2,0,0,0,0,0,0,0,0,0,3,0,1,0,2,1,1,0,0,3,1,0,0,2,3,2,0,2,1,0,2,0,0,0,3,0,0,0,2,4,0,0,1,1,0,0,1,1,0,1,0,0,1,0,1,0,0,0,1,1,2,0,1,0,0,2,2,2,2,1,0,0,4,8,0,0,1,1,0,0,1,2,2,0,1,0,2,0,3,1,1,0,0,0,0,1,1,1,0,0,0,3,0,1,0,0,0,0,2,1,0,0,0,0,0,3,1,0,2,0,0,1,1,1,0,1,1,0,0,2,1,0,2,1,0,0,3,0,3,0,0,1,1,1,0,0,2,0,0,0,0,0,0,0,0,0,0,0,0,0,0,0,0,2,4,0,0,0,1,0,0,1,0,1,0,0,0,0,0,1,1,0,0,0,0,0,0,0,1,0,0,0,1,0,0,0,0,0,0,0,0,0,0,0,0,-0.7946428571428571,-0.41964285714285715,-0.9702380952380952,-1.2708333333333333,-1.3988095238095237,-0.3333333333333333,-0.6577380952380952,-1.8958333333333333,-0.8779761904761905,-0.9315476190476191,-0.43452380952380953,-0.6577380952380952,-0.8125,-0.8214285714285714,-1.2321428571428572,-0.2708333333333333,-0.7023809523809523,-1.8482142857142858,-0.9672619047619048,-0.8958333333333334
Q05580,0.0406885758998435,0.051643192488262914,0.07668231611893583,0.048513302034428794,0.0297339593114241,0.04225352112676056,0.06259780907668232,0.04538341158059468,0.03442879499217527,0.03755868544600939,0.08763693270735524,0.09389671361502347,0.010954616588419406,0.046948356807511735,0.050078247261345854,0.10328638497652583,0.06572769953051644,0.003129890453834116,0.03442879499217527,0.03442879499217527,2,3,3,1,0,2,0,1,3,2,4,3,1,0,1,4,5,3,2,1,2,0,3,2,2,1,3,0,1,3,3,1,2,1,0,1,1,2,1,0,2,0,0,4,1,0,0,0,0,3,1,2,3,2,1,3,1,5,5,9,4,3,3,6,6,10,3,3,2,0,4,7,2,6,5,3,2,2,5,4,3,2,3,0,3,2,3,1,1,3,2,0,2,2,0,0,0,0,3,4,5,1,1,2,1,4,7,8,4,4,3,0,6,10,11,3,4,3,0,2,5,2,3,4,2,0,2,3,3,2,5,3,1,1,2,3,1,1,4,0,1,1,0,0,0,0,0,1,1,1,3,4,0,0,3,5,6,1,3,4,0,2,2,3,1,5,2,0,2,4,3,4,4,1,1,3,6,2,2,4,1,0,0,3,3,3,2,2,0,0,1,1,0,1,0,0,1,2,3,1,4,1,1,4,4,4,8,4,1,0,1,4,4,5,0,2,0,1,2,2,2,3,2,0,4,4,1,3,2,1,0,2,0,2,3,2,0,2,0,1,0,0,0,0,0,0,3,3,1,0,1,0,0,2,3,0,1,2,1,1,3,5,2,3,2,0,1,1,4,2,1,2,0,1,4,3,1,0,1,0,1,1,3,2,4,2,0,1,3,0,0,0,0,0,0,0,1,1,0,0,0,2,4,2,3,0,1,0,0,1,0,1,2,0,0,0,0,0,0,0,0,0,0,0,0,0,0,1,0,0,0,0,0,0,0,0,0,0,0,0,0,0,0,-1.1551724137931034,-0.40282131661442006,-0.8714733542319749,-1.5031347962382444,-1.1865203761755485,-0.31191222570532917,-0.493730407523511,-1.5642633228840126,0.032915360501567396,-1.9890282131661443,-1.8307210031347962,0.032915360501567396,-1.6144200626959249,-1.85423197492163,-1.3934169278996866,-0.02037617554858934,-0.493730407523511,-3.19435736677116,-1.5031347962382444,-1.8072100313479624
Q05791,0.05555555555555555,0.03888888888888889,0.06111111111111111,0.08888888888888889,0.011111111111111112,0.03888888888888889,0.09166666666666666,0.019444444444444445,0.022222222222222223,0.058333333333333334,0.1,0.06666666666666667,0.011111111111111112,0.04722222222222222,0.05555555555555555,0.06666666666666667,0.041666666666666664,0.019444444444444445,0.03888888888888889,0.06666666666666667,3,3,0,0,0,1,0,2,3,2,2,2,6,0,0,0,0,2,2,1,0,1,1,0,2,1,0,0,0,3,1,1,0,0,0,2,2,0,5,2,0,0,1,0,0,0,0,0,0,3,5,2,1,3,3,0,2,5,5,2,5,6,0,2,2,3,2,3,3,0,1,2,2,0,0,0,0,1,6,0,2,1,0,0,2,5,2,5,4,4,0,0,0,0,0,0,0,0,1,3,2,1,0,3,0,0,2,2,0,0,3,0,1,0,3,3,0,3,1,0,3,1,3,0,2,0,0,3,1,0,1,1,0,0,0,4,3,0,3,1,0,0,0,1,0,0,0,0,2,0,1,1,1,0,2,5,2,0,1,4,0,3,4,1,0,0,1,0,0,3,2,0,2,1,0,1,3,1,1,0,0,0,1,1,3,0,1,2,0,0,0,0,0,1,0,0,0,2,1,1,0,0,0,9,5,2,0,1,3,0,3,0,1,1,0,0,0,0,2,2,1,1,0,0,1,1,0,0,0,0,0,0,1,0,0,0,0,0,0,0,0,0,0,0,0,0,2,0,1,0,3,1,2,5,2,1,1,0,0,1,1,4,1,1,2,0,3,3,2,1,2,4,1,1,4,1,2,0,0,0,2,2,1,3,1,3,0,0,0,0,1,0,0,0,0,0,0,0,1,0,0,0,0,0,0,0,0,0,0,0,0,0,0,0,0,0,0,0,1,0,1,0,0,0,1,0,0,0,0,0,0,0,0,0,0,0,0,0,0,0,0,0,0,-0.935933147632312,-1.1002785515320335,-0.724233983286908,-0.5793871866295265,-2.181058495821727,-0.5821727019498607,-0.4373259052924791,-2.0083565459610027,-1.256267409470752,-1.3342618384401115,-1.350974930362117,-0.7158774373259053,-1.181058495821727,-1.501392757660167,-1.3231197771587744,-0.44846796657381616,-0.6016713091922006,-2.4233983286908076,-1.1977715877437325,-1.2061281337047354
Q06169,0.0497131931166348,0.05162523900573614,0.06118546845124283,0.0497131931166348,0.0019120458891013384,0.022944550669216062,0.08221797323135756,0.04780114722753346,0.0076481835564053535,0.055449330783938815,0.10707456978967496,0.06883365200764818,0.021032504780114723,0.032504780114722756,0.04397705544933078,0.08604206500956023,0.08604206500956023,0.02676864244741874,0.030592734225621414,0.06692160611854685,0,2,2,3,4,1,0,2,3,3,3,5,5,0,2,5,7,2,1,2,0,1,3,3,0,3,3,0,1,1,6,2,2,1,0,1,1,0,4,0,2,0,0,0,0,0,0,0,0,4,5,6,3,3,3,0,6,9,6,2,4,3,1,5,11,5,2,3,4,0,2,2,3,0,2,1,0,3,3,1,4,3,2,0,4,1,2,2,1,3,0,0,1,0,0,0,0,0,4,4,2,2,1,2,0,6,10,10,1,5,2,0,3,11,4,5,3,1,0,2,5,3,0,1,5,0,4,3,1,0,0,2,0,3,2,1,1,1,5,0,0,0,0,0,0,0,0,1,2,4,1,1,0,0,4,4,3,3,0,1,0,4,2,4,4,1,1,0,0,0,0,0,0,1,0,1,0,0,4,2,1,0,1,3,3,1,3,2,0,0,0,0,0,0,0,0,1,6,1,3,3,0,0,2,2,1,1,1,0,0,0,3,2,2,1,4,0,3,3,5,1,0,1,0,3,0,2,2,2,0,0,1,3,1,1,1,1,0,0,0,0,0,0,0,0,1,2,4,1,1,2,0,4,3,6,0,1,2,0,1,2,6,1,1,1,0,1,2,2,0,2,2,0,2,0,2,1,0,2,0,1,6,5,0,1,1,0,0,0,0,0,0,0,0,0,0,0,0,0,0,0,0,0,1,0,0,0,0,0,0,0,0,0,0,0,0,0,0,0,0,0,0,0,0,0,0,0,0,0,0,0,0,0,0,0,0,0,0,0,0,0,0,0,-0.5076628352490421,-0.7298850574712644,-0.5804597701149425,-1.0421455938697317,-1.8467432950191571,-0.49233716475095785,-0.524904214559387,-1.4827586206896552,-1.0574712643678161,-0.9348659003831418,-0.9080459770114943,-0.48659003831417624,-0.6417624521072797,-1.2126436781609196,-1.1685823754789273,-0.1111111111111111,-0.09578544061302682,-1.9003831417624522,-0.975095785440613,-0.7624521072796935
Q06178,0.05236907730673317,0.06234413965087282,0.034912718204488775,0.06982543640897755,0.00997506234413965,0.03740648379052369,0.06982543640897755,0.04738154613466334,0.05236907730673317,0.07481296758104738,0.08478802992518704,0.06234413965087282,0.022443890274314215,0.02743142144638404,0.06483790523690773,0.08229426433915212,0.03740648379052369,0.007481296758104738,0.0399002493765586,0.059850374064837904,3,4,0,0,2,0,0,6,4,1,1,1,2,0,2,5,2,2,3,1,0,1,2,0,0,3,0,0,1,0,3,1,2,0,0,4,3,1,0,1,2,0,1,0,0,0,0,0,0,0,2,3,3,2,4,0,1,13,5,5,5,3,1,1,2,3,1,5,1,0,0,5,2,2,3,1,0,2,1,2,3,1,1,0,5,3,3,3,0,2,1,1,0,0,0,0,0,0,2,1,3,0,1,1,1,2,7,1,2,3,3,0,3,5,5,1,1,2,0,3,1,0,1,0,3,0,3,4,1,1,0,3,0,0,3,3,1,0,1,0,0,0,0,0,0,0,0,1,2,1,1,0,3,0,1,3,3,1,0,5,0,0,3,2,1,1,0,0,0,3,0,6,2,0,0,2,2,0,1,3,0,0,1,1,3,1,0,0,0,0,0,0,0,0,0,0,1,2,1,1,2,1,0,1,3,0,4,0,2,0,0,2,2,2,1,2,0,2,1,3,0,0,2,0,0,3,2,1,3,1,0,2,0,0,1,1,0,1,0,0,0,0,0,0,0,1,3,6,1,0,2,0,3,3,3,0,1,2,0,3,1,3,1,0,2,0,2,1,2,2,0,0,0,0,0,1,1,1,0,0,1,2,1,1,0,3,0,1,0,1,0,0,0,0,1,1,1,0,0,0,0,0,0,0,0,0,0,0,0,0,0,0,1,0,0,0,0,0,0,0,0,0,0,0,0,0,0,0,0,0,0,0,0,0,0,0,0,0,0,0,0,0,0,-0.695,-0.7875,-0.93,-1.0075,-2.335,-0.67,-0.6,-1.8025,-0.9025,-1.13,-1.2425,-0.68,-1.1025,-1.6475,-1.1275,-0.615,-0.7475,-2.5,-1.4225,-1.0675
Q06407,0.03964321110009911,0.053518334985133795,0.0753221010901883,0.07234886025768088,0.02081268582755203,0.035678889990089196,0.062438057482656094,0.02973240832507433,0.027750247770069375,0.05550049554013875,0.09514370664023786,0.08523290386521308,0.01288404360753221,0.02576808721506442,0.04757185332011893,0.1337958374628345,0.05946481665014866,0.002973240832507433,0.018830525272547076,0.04558969276511397,1,2,2,3,1,0,0,4,4,8,7,1,6,0,1,4,5,4,5,7,0,1,8,6,3,1,1,0,2,2,3,2,4,0,0,1,4,4,4,0,2,0,0,1,0,1,1,0,0,1,6,7,5,3,3,0,7,12,7,3,14,10,0,10,17,14,8,7,6,0,2,0,4,5,7,4,0,0,11,3,3,9,7,0,4,6,3,4,6,5,0,0,0,0,2,0,0,1,3,8,6,5,2,7,1,6,7,19,6,4,3,1,10,7,15,9,7,5,0,5,9,7,5,4,3,0,4,5,6,5,3,2,0,3,5,7,3,2,8,0,0,1,2,0,3,1,1,2,5,3,2,4,0,0,2,12,10,2,7,2,0,4,3,11,5,0,3,3,4,6,3,2,3,6,0,1,4,3,0,4,3,0,5,4,2,5,4,2,0,0,0,0,0,1,1,0,1,4,4,3,2,1,1,3,8,10,4,3,2,1,3,8,6,3,4,3,1,3,6,2,4,0,2,1,3,7,5,4,2,2,0,2,5,7,3,5,0,1,0,0,0,0,0,0,1,1,5,4,1,1,4,1,2,9,7,0,4,5,1,3,6,3,4,2,4,4,1,6,5,5,0,5,1,4,0,7,4,0,8,0,2,4,1,4,6,1,0,0,0,0,0,1,0,0,0,0,0,0,0,0,0,1,1,1,0,0,0,0,1,1,0,0,0,0,0,0,0,2,0,0,1,0,2,2,1,0,1,1,1,0,0,2,0,0,0,0,0,1,0,0,2,0,0,-0.8521825396825397,-0.32142857142857145,-0.6299603174603174,-0.7956349206349206,-0.9444444444444444,-0.03273809523809524,-0.18353174603174602,-1.2807539682539681,0.005952380952380952,-1.2410714285714286,-0.9613095238095238,-0.19940476190476192,-0.9345238095238095,-1.1964285714285714,-0.32242063492063494,0.15376984126984128,-0.38392857142857145,-2.3015873015873014,-1.054563492063492,-1.2380952380952381
Q06410,0.02877697841726619,0.03357314148681055,0.07913669064748201,0.08633093525179857,0.009592326139088728,0.06235011990407674,0.08633093525179857,0.02877697841726619,0.007194244604316547,0.07673860911270983,0.1223021582733813,0.10311750599520383,0.014388489208633094,0.0407673860911271,0.011990407673860911,0.05275779376498801,0.05755395683453238,0.009592326139088728,0.02877697841726619,0.05995203836930456,0,2,0,2,1,1,0,5,2,0,3,4,1,0,0,0,2,1,0,0,0,1,1,2,3,0,2,0,0,1,1,0,1,0,0,1,3,3,2,3,1,0,0,0,0,0,0,0,0,3,3,0,0,0,4,0,0,4,6,7,2,3,0,0,2,4,1,5,4,0,5,3,2,4,4,4,0,3,2,6,2,2,1,0,2,0,5,3,6,2,1,0,0,0,0,0,0,0,0,1,0,1,0,3,0,0,1,6,3,2,9,0,1,5,0,1,0,1,1,0,5,1,1,1,1,0,0,1,2,1,1,3,0,1,4,1,0,0,3,0,0,1,1,0,0,0,0,2,3,2,1,2,2,0,0,6,3,1,3,3,0,1,4,1,1,1,1,1,1,1,3,2,3,0,0,1,2,0,2,0,3,0,2,3,2,1,1,0,0,0,0,0,0,0,0,0,0,1,1,4,0,1,0,1,5,1,2,2,1,0,2,4,2,1,1,2,0,3,2,1,0,0,0,0,3,1,0,0,3,1,0,1,3,1,2,1,3,1,0,0,0,0,0,0,0,1,5,0,1,0,2,0,4,3,0,5,3,1,0,1,6,0,3,1,1,0,2,4,2,0,0,2,0,0,5,3,1,1,4,0,2,3,0,2,2,0,0,0,1,0,0,0,1,0,0,0,0,0,0,0,0,0,1,0,0,0,1,0,0,0,0,1,0,0,0,0,0,0,0,0,0,0,0,0,0,0,0,0,0,0,0,0,0,1,0,0,0,0,0,0,0,0,0,-0.3870192307692308,-0.3269230769230769,-0.36538461538461536,-0.41346153846153844,-2.2764423076923075,0.33653846153846156,0.44711538461538464,-1.90625,-0.8581730769230769,-1.0480769230769231,-0.6442307692307693,0.05048076923076923,-0.7355769230769231,-1.7043269230769231,-1.8509615384615385,-0.18028846153846154,-0.4567307692307692,-2.737980769230769,-1.2932692307692308,-0.8942307692307693
Q06440,0.06605222734254992,0.03686635944700461,0.041474654377880185,0.06605222734254992,0.0,0.03686635944700461,0.09370199692780339,0.05683563748079877,0.018433179723502304,0.04915514592933948,0.06758832565284179,0.10291858678955453,0.010752688172043012,0.03686635944700461,0.0629800307219662,0.09370199692780339,0.055299539170506916,0.013824884792626729,0.021505376344086023,0.06912442396313365,3,6,6,1,2,2,0,5,3,6,3,8,4,0,4,6,7,2,7,3,0,5,0,1,5,1,4,0,3,6,1,2,1,1,0,2,1,4,4,1,5,0,0,0,0,0,0,0,0,4,7,5,6,3,6,0,5,3,5,1,6,4,0,4,6,5,3,5,2,0,3,2,2,2,2,2,0,4,4,3,6,2,7,0,4,5,4,1,2,6,0,0,0,0,0,0,0,0,0,10,5,1,2,1,0,7,6,6,2,3,6,0,6,5,6,2,4,2,0,4,2,0,0,0,4,0,3,6,3,0,4,4,0,2,3,2,2,2,1,0,0,0,0,0,0,0,0,3,3,4,2,3,4,0,4,2,3,0,3,4,0,1,2,1,0,1,1,0,3,4,1,1,1,0,0,2,1,1,0,1,1,0,3,5,0,3,2,2,0,0,0,0,0,0,0,0,7,2,4,3,0,2,0,7,6,3,3,2,2,0,1,5,2,1,2,2,0,2,1,1,1,0,3,0,3,4,1,0,0,3,0,3,2,6,1,2,4,0,0,0,0,0,0,0,0,3,1,5,3,4,2,0,3,4,2,4,4,2,0,3,6,5,2,1,2,0,2,7,1,1,2,2,0,3,2,3,0,3,2,0,4,3,3,4,4,2,0,0,0,0,0,0,0,0,0,0,0,0,0,0,0,0,0,0,0,0,0,0,0,0,0,0,0,0,0,0,0,0,0,0,0,0,0,0,0,0,0,0,0,0,0,0,0,0,0,0,0,0,0,0,0,0,0,-0.8076923076923077,-0.9938461538461538,-0.9569230769230769,-0.9584615384615385,-1.4784615384615385,-0.943076923076923,-1.1,-1.4446153846153846,-0.9769230769230769,-1.4353846153846155,-1.403076923076923,-0.82,-1.5292307692307692,-1.903076923076923,-1.373846153846154,0.2353846153846154,-0.34923076923076923,-2.3584615384615386,-1.9876923076923076,-0.9584615384615385
Q06549,0.07042253521126761,0.04929577464788732,0.056338028169014086,0.035211267605633804,0.06338028169014084,0.028169014084507043,0.056338028169014086,0.07746478873239436,0.02112676056338028,0.056338028169014086,0.07042253521126761,0.04225352112676056,0.056338028169014086,0.04225352112676056,0.035211267605633804,0.09859154929577464,0.028169014084507043,0.007042253521126761,0.02112676056338028,0.08450704225352113,1,1,2,0,3,0,1,1,1,0,0,0,1,0,0,3,2,0,2,0,1,1,1,0,0,0,1,0,0,2,2,0,1,0,0,0,1,0,1,0,0,0,0,3,0,1,0,0,0,2,1,2,1,0,2,0,1,2,1,1,0,2,0,3,0,1,0,0,0,1,0,0,2,0,2,0,0,0,0,0,0,0,0,0,1,0,0,1,1,0,1,0,0,0,1,0,0,0,0,1,2,1,1,0,1,2,3,1,0,0,1,0,2,2,3,1,0,0,0,0,1,0,0,0,0,0,0,0,1,1,0,1,0,1,0,0,0,0,0,0,1,0,0,0,1,0,0,2,0,1,0,0,0,0,0,1,2,1,0,0,0,0,2,2,0,0,0,0,0,0,1,0,0,0,0,0,0,0,0,0,1,1,1,0,0,0,0,1,0,0,0,0,0,0,0,0,1,0,0,0,0,0,0,2,0,0,1,0,0,0,1,0,0,0,1,0,0,2,0,0,0,0,0,0,0,1,0,0,0,0,0,1,0,0,0,0,1,0,1,0,0,0,0,0,0,0,0,1,1,0,0,2,1,0,0,1,0,0,0,0,0,0,0,0,1,0,0,1,0,1,0,0,0,1,0,0,0,0,0,0,0,1,1,0,0,0,0,1,0,0,0,0,0,0,2,0,0,0,1,0,0,1,0,1,0,0,0,1,0,0,0,0,0,0,0,0,0,1,0,0,1,0,0,0,0,1,0,0,0,0,0,0,0,0,0,0,0,0,0,0,0,0,0,-0.3829787234042553,-1.297872340425532,-0.8865248226950354,-1.3333333333333333,-1.4893617021276595,-0.7730496453900709,-1.0141843971631206,-1.3900709219858156,-0.9148936170212766,-1.1702127659574468,-1.0921985815602837,-1.0567375886524824,-0.8723404255319149,-1.5673758865248226,-1.4893617021276595,-0.425531914893617,-0.6666666666666666,-2.75177304964539,-1.3687943262411348,-0.9574468085106383
Q06675,0.035326086956521736,0.043478260869565216,0.03804347826086957,0.10054347826086957,0.002717391304347826,0.04619565217391304,0.09239130434782608,0.021739130434782608,0.021739130434782608,0.08695652173913043,0.11141304347826086,0.09239130434782608,0.016304347826086956,0.06793478260869565,0.04076086956521739,0.07608695652173914,0.029891304347826088,0.008152173913043478,0.01358695652173913,0.05434782608695652,1,1,0,1,0,0,0,1,8,4,1,0,3,0,1,1,1,1,0,1,0,2,0,1,0,0,2,0,0,2,1,0,2,0,0,1,3,0,0,1,1,0,0,0,0,0,0,0,0,1,5,1,2,1,1,0,4,6,9,5,1,8,0,5,2,1,4,1,3,1,1,2,3,1,1,2,0,2,4,1,0,3,2,0,5,6,4,6,3,6,0,0,0,0,0,0,0,0,0,4,1,1,0,2,0,3,4,1,1,0,3,0,0,2,2,0,1,1,0,0,2,1,2,1,0,0,0,2,1,1,0,2,0,0,3,0,0,1,5,0,0,0,1,0,0,0,0,0,1,2,0,1,2,0,0,4,0,1,2,3,0,0,2,1,1,2,1,0,1,3,1,2,1,0,0,1,1,1,0,2,0,0,0,4,0,2,0,0,0,0,0,0,0,0,0,0,0,3,0,0,2,1,0,2,4,0,0,5,4,0,1,2,1,0,1,1,0,1,0,0,1,0,0,0,2,2,1,1,7,1,0,1,1,2,0,2,1,0,0,0,0,0,0,0,0,1,3,1,1,1,0,0,1,7,3,2,4,9,0,0,3,1,0,1,2,0,1,3,1,2,2,2,0,1,3,1,0,0,2,0,0,9,1,3,0,0,0,0,0,0,0,0,0,0,0,0,0,0,0,0,0,0,0,0,0,0,0,0,1,0,0,0,0,0,0,0,0,0,0,0,0,0,0,0,0,0,0,0,0,0,0,0,0,0,0,0,0,0,0,0,0,0,0,-0.8419618528610354,-0.8392370572207084,-0.6784741144414169,-0.6348773841961853,-2.111716621253406,-0.38419618528610355,-0.3405994550408719,-1.8637602179836512,-1.0735694822888284,-0.9727520435967303,-0.9618528610354223,-0.46866485013623976,-0.6103542234332425,-1.326975476839237,-1.4768392370572208,-0.4332425068119891,-0.5749318801089919,-2.332425068119891,-1.1907356948228882,-0.8474114441416893
Q06704,0.04500548847420417,0.03512623490669594,0.08232711306256861,0.059275521405049394,0.003293084522502744,0.04720087815587267,0.14270032930845225,0.01756311745334797,0.012074643249176729,0.048298572996706916,0.13062568605927552,0.14489571899012074,0.010976948408342482,0.009879253567508232,0.012074643249176729,0.09110867178924259,0.052689352360043906,0.0021953896816684962,0.020856201975850714,0.031833150384193196,0,1,1,1,2,3,0,1,4,3,2,5,5,0,1,1,1,2,7,5,0,1,4,1,2,3,3,0,2,1,1,3,2,0,0,2,4,3,0,4,5,0,0,0,0,0,0,0,0,2,4,2,3,2,3,0,4,3,4,4,4,6,0,5,4,9,5,3,7,0,2,5,8,4,5,7,0,6,2,3,3,7,10,0,4,7,11,7,6,11,0,0,0,0,0,0,0,0,0,5,6,2,2,2,0,3,4,7,9,6,3,0,5,7,5,4,5,6,0,1,4,4,4,6,4,0,2,7,4,2,4,11,0,1,8,2,3,3,7,0,0,1,0,0,0,0,0,2,3,3,2,0,1,0,1,5,4,3,2,11,0,0,5,3,4,4,1,0,3,4,2,2,5,3,0,4,7,6,6,4,6,0,3,6,5,2,7,2,0,0,0,0,0,0,0,0,1,3,3,6,1,6,0,6,6,11,3,6,9,0,2,5,6,2,5,2,0,1,1,1,3,9,7,0,2,9,4,2,4,3,0,2,5,7,6,9,6,0,0,0,0,0,0,0,0,3,4,2,0,2,3,0,1,3,5,9,8,12,0,4,10,8,6,6,3,1,3,8,1,4,4,1,0,4,14,4,6,3,5,0,2,8,10,3,6,4,2,0,0,0,1,0,1,0,0,0,0,0,0,0,0,0,0,0,1,0,0,0,0,0,0,0,0,0,0,0,0,0,0,1,0,0,0,0,0,0,0,0,0,0,0,0,0,1,0,0,0,0,0,0,0,0,0,-0.4758241758241758,0.5747252747252747,-0.26043956043956046,-0.5197802197802198,-2.7956043956043954,1.8956043956043955,2.279120879120879,-3.2527472527472527,-0.49230769230769234,-1.2076923076923076,0.04285714285714286,1.476923076923077,-0.4043956043956044,-3.0065934065934066,-4.05054945054945,-0.46373626373626375,-0.9659340659340659,-3.6153846153846154,-2.574725274725275,-1.620879120879121
Q06706,0.06893995552260934,0.04892512972572276,0.04447739065974796,0.07116382505559674,0.010378057820607857,0.03780578206078577,0.08747220163083766,0.04447739065974796,0.017790956263899184,0.06078576723498888,0.09636767976278725,0.06449221645663454,0.01927353595255745,0.04151223128243143,0.033358042994810974,0.07412898443291327,0.05189028910303929,0.007412898443291327,0.04002965159377316,0.0793180133432172,8,12,11,3,2,9,0,14,12,15,9,2,10,0,12,12,9,3,8,8,0,7,3,0,3,7,7,0,6,7,2,2,5,5,2,12,6,5,1,10,7,1,0,0,2,0,0,0,0,15,12,9,10,4,11,1,16,13,11,2,10,13,1,10,16,8,3,4,18,1,7,8,8,11,5,4,1,4,5,5,5,2,3,0,8,12,15,9,6,4,1,0,1,1,0,0,0,0,7,13,10,5,5,10,1,12,15,14,14,3,14,1,9,11,3,5,3,2,0,2,5,4,7,2,1,0,3,5,10,2,5,1,1,8,12,8,4,4,6,1,1,0,0,0,0,0,0,5,8,4,1,6,5,0,3,7,5,7,4,5,0,2,7,2,3,4,6,0,7,4,5,1,2,2,1,4,3,5,1,4,3,0,1,8,3,2,1,2,0,2,0,0,0,0,0,0,3,3,7,4,9,2,0,4,5,5,3,3,7,0,9,11,4,3,3,5,0,4,4,3,0,2,1,0,8,3,5,2,6,1,1,0,5,5,1,3,5,0,1,1,1,0,0,1,0,6,12,10,4,3,5,0,12,14,9,9,1,5,0,9,13,7,4,5,3,0,2,7,4,0,2,2,0,3,4,8,2,4,6,0,9,7,5,0,3,12,0,1,1,0,0,0,1,0,1,2,2,0,0,0,0,1,0,1,0,1,0,0,0,3,0,0,0,1,0,0,0,0,0,0,0,0,0,0,0,0,0,0,0,2,0,0,0,0,0,0,0,0,0,0,0,0,0,-0.29154302670623145,-0.5534124629080118,-0.6832344213649851,-0.6698813056379822,-1.586053412462908,-0.09050445103857567,-0.09495548961424333,-1.3093471810089021,-0.8597922848664689,-0.9554896142433235,-0.6980712166172107,-0.3367952522255193,-0.5415430267062314,-1.2781899109792285,-1.357566765578635,-0.21513353115727002,-0.41617210682492584,-1.9770029673590503,-0.9591988130563798,-0.7514836795252225
Q06708,0.05227272727272727,0.042045454545454546,0.06363636363636363,0.06704545454545455,0.014772727272727272,0.04090909090909091,0.06363636363636363,0.035227272727272725,0.017045454545454544,0.07727272727272727,0.14204545454545456,0.06363636363636363,0.022727272727272728,0.038636363636363635,0.035227272727272725,0.09204545454545454,0.045454545454545456,0.005681818181818182,0.031818181818181815,0.048863636363636366,2,5,1,2,3,2,0,6,12,5,5,5,5,2,4,8,6,1,2,3,0,1,2,1,1,2,2,0,3,2,4,1,2,3,0,2,5,3,3,2,1,0,0,0,0,1,0,0,0,5,9,12,3,7,4,1,12,16,18,15,6,9,1,5,15,8,9,6,7,0,4,12,3,6,5,3,0,4,4,9,1,2,9,1,3,3,7,7,1,1,0,2,1,0,1,1,0,0,2,7,5,2,2,3,0,9,19,9,4,7,1,0,3,8,4,5,1,4,1,2,8,6,2,0,6,0,4,6,1,2,1,2,0,3,6,6,3,5,5,2,0,2,0,0,0,0,0,1,7,1,1,1,0,0,7,10,7,4,5,3,1,6,6,4,3,2,3,0,3,4,2,0,1,3,0,2,5,1,2,0,2,0,3,4,2,5,1,0,0,0,0,0,0,0,0,0,2,6,2,1,0,3,0,1,9,5,2,3,2,0,1,6,1,2,3,4,0,0,3,4,2,2,0,0,0,2,2,1,2,2,0,3,6,6,0,0,3,0,0,2,0,0,0,0,0,3,4,2,0,2,4,0,5,11,3,2,4,1,1,2,6,3,4,1,9,1,1,8,7,2,1,1,0,1,3,0,3,1,0,1,1,3,3,2,0,4,1,1,1,1,0,0,0,0,0,2,1,0,0,0,0,1,0,3,1,0,1,0,0,0,0,0,1,0,0,0,0,1,0,1,0,0,0,0,0,1,0,0,0,0,0,0,0,0,0,0,0,0,0,0,0,0,0,-0.3003412969283277,-0.7838452787258248,-0.676905574516496,-0.745164960182025,-1.4061433447098977,-0.3583617747440273,-0.38111490329920367,-1.6473265073947667,-1.0591581342434584,-0.5312855517633674,-0.3185437997724687,-0.5005688282138794,-0.4869169510807736,-1.2434584755403868,-1.1319681456200228,-0.16040955631399317,-0.4323094425483504,-2.4436860068259385,-1.3560864618885096,-0.44368600682593856
Q07457,0.055714285714285716,0.05285714285714286,0.06142857142857143,0.07,0.018571428571428572,0.041428571428571426,0.11142857142857143,0.014285714285714285,0.018571428571428572,0.06571428571428571,0.11428571428571428,0.11714285714285715,0.011428571428571429,0.03,0.008571428571428572,0.09857142857142857,0.06142857142857143,0.002857142857142857,0.015714285714285715,0.03,1,3,0,0,0,2,0,3,3,5,1,4,4,0,0,4,2,1,3,1,0,3,2,1,2,0,0,0,0,2,1,3,3,2,0,0,3,5,1,2,2,0,0,0,1,0,0,0,0,0,2,5,3,3,6,0,4,2,5,1,5,8,0,1,1,3,1,7,9,1,4,1,5,3,4,2,0,4,3,7,1,3,5,0,4,9,10,5,6,7,0,0,0,0,0,2,1,0,1,3,0,1,2,2,0,3,6,5,3,2,10,1,1,4,5,5,3,4,0,0,3,4,2,2,2,0,1,7,8,5,5,3,0,2,5,3,5,5,3,0,0,2,1,0,0,0,0,0,6,2,0,1,1,1,2,3,0,2,6,6,1,2,3,4,3,2,4,0,1,5,1,1,2,3,0,0,3,1,3,2,1,0,4,2,4,1,2,0,1,0,0,1,0,0,0,0,3,3,2,0,1,0,0,5,6,3,7,3,7,0,3,8,4,1,6,3,1,2,4,2,3,2,2,1,0,7,6,2,1,2,0,2,3,3,3,2,3,1,0,1,0,0,0,0,1,1,3,2,4,4,2,0,1,5,3,3,3,6,1,1,9,5,2,7,2,1,1,5,5,2,0,4,0,4,8,2,2,3,4,2,4,0,2,2,7,3,0,0,1,0,0,1,0,0,0,0,0,0,0,0,0,1,0,2,1,0,0,0,1,1,0,0,1,0,0,0,0,0,0,0,1,0,0,1,1,0,1,0,0,0,0,0,0,1,0,0,0,0,0,1,0,0,0,-0.5565092989985694,0.5579399141630901,-0.37625178826895567,-0.753934191702432,-2.876967095851216,1.7696709585121602,2.200286123032904,-3.536480686695279,-0.6924177396280401,-1.4163090128755365,-0.06437768240343347,1.4649499284692418,-0.5007153075822603,-3.336194563662375,-4.434907010014306,-0.5507868383404864,-1.0829756795422032,-4.017167381974249,-2.8183118741058655,-1.7553648068669527
Q07540,0.06321839080459771,0.05172413793103448,0.05172413793103448,0.05172413793103448,0.011494252873563218,0.034482758620689655,0.08620689655172414,0.05172413793103448,0.028735632183908046,0.04597701149425287,0.10919540229885058,0.05747126436781609,0.022988505747126436,0.028735632183908046,0.05747126436781609,0.08045977011494253,0.05172413793103448,0.011494252873563218,0.022988505747126436,0.08045977011494253,3,2,0,2,0,0,0,1,1,3,1,1,0,1,1,1,2,1,0,0,0,1,1,1,0,1,1,0,1,0,0,0,0,2,0,0,1,2,1,0,2,0,0,0,0,0,0,0,0,1,1,2,0,1,1,0,0,1,1,3,0,3,1,3,0,2,1,1,2,0,1,2,0,0,2,1,0,1,0,1,1,1,0,0,1,2,1,0,0,1,0,0,1,0,0,0,1,0,2,3,1,2,1,0,0,1,2,0,0,1,2,0,3,0,1,0,1,1,0,1,0,0,1,0,0,0,0,0,1,0,2,1,0,1,1,0,0,0,1,0,0,0,0,0,0,0,0,0,0,1,0,0,2,0,4,2,1,1,0,0,0,1,1,0,0,2,0,0,0,0,0,0,1,0,0,0,1,0,2,1,0,0,1,1,0,0,0,0,0,0,0,0,0,0,0,0,0,1,1,0,1,0,0,0,0,2,0,0,0,0,1,1,0,0,0,0,0,0,4,1,0,0,0,0,1,1,0,2,0,0,0,2,1,0,0,0,0,0,0,0,0,0,0,0,0,1,1,0,1,0,3,0,0,3,3,1,1,0,0,0,3,1,0,0,0,0,0,1,1,0,0,0,0,0,0,0,0,0,0,0,1,1,1,1,0,0,0,0,0,0,0,0,0,0,0,0,0,0,0,0,0,0,0,0,0,1,0,0,0,0,0,0,0,0,0,0,0,0,0,0,0,0,0,0,0,0,0,0,0,0,1,0,0,0,0,0,0,0,0,0,0,0,0,-0.7167630057803468,-0.8554913294797688,-0.7283236994219653,-1.1040462427745665,-2.277456647398844,-0.5722543352601156,-0.6242774566473989,-1.6358381502890174,-1.23121387283237,-1.2947976878612717,-1.2023121387283238,-0.8323699421965318,-1.0289017341040463,-1.6589595375722543,-2.069364161849711,-0.41040462427745666,-0.5433526011560693,-2.5433526011560694,-1.4566473988439306,-1.254335260115607
Q08581,0.02192448233861145,0.02679658952496955,0.1218026796589525,0.08404384896467722,0.00243605359317905,0.05237515225334957,0.12911084043848964,0.018270401948842874,0.018270401948842874,0.06577344701583435,0.11084043848964677,0.11814859926918392,0.014616321559074299,0.018270401948842874,0.015834348355663823,0.0828258221680877,0.04506699147381242,0.00243605359317905,0.01705237515225335,0.0341047503045067,1,1,0,1,2,1,0,1,3,3,2,1,2,0,0,1,2,2,0,4,0,1,2,0,2,5,1,0,1,5,1,2,1,1,0,2,1,2,3,2,2,0,0,0,0,0,0,0,0,0,3,3,1,1,2,0,0,3,3,3,8,6,0,2,7,7,4,5,9,0,4,7,6,5,3,10,0,3,7,2,6,3,11,0,4,5,7,9,4,9,1,0,0,0,0,0,0,0,1,1,2,1,1,3,0,2,4,9,4,5,5,0,2,7,4,4,2,4,0,1,12,4,4,2,2,0,1,5,1,4,2,3,0,1,8,7,4,5,2,0,0,0,0,1,0,0,0,2,3,1,3,2,1,0,4,4,12,14,4,7,0,2,4,1,5,3,4,1,3,6,4,7,4,3,0,2,5,3,3,2,9,0,2,12,4,6,3,4,0,0,0,0,0,0,0,0,1,3,2,0,1,3,0,1,5,3,6,7,8,0,1,3,4,3,1,1,0,1,6,1,5,1,6,0,1,3,0,2,1,3,0,2,5,7,12,5,5,0,0,0,0,0,0,0,0,1,1,1,5,4,2,0,2,4,4,6,7,11,0,2,7,5,7,5,5,0,2,12,6,4,9,8,0,2,5,6,3,0,9,0,3,3,4,6,6,7,0,0,0,0,0,0,1,0,0,0,0,0,0,0,0,0,0,0,0,0,0,0,0,0,0,0,0,0,0,0,0,0,0,0,1,0,0,0,0,0,0,0,0,0,0,0,1,0,0,0,0,0,0,0,0,0,0,-0.5597560975609757,0.49146341463414633,-0.12439024390243902,-0.5670731707317073,-3.125609756097561,1.748780487804878,2.1439024390243904,-3.428048780487805,-0.7121951219512195,-1.4048780487804877,-0.20365853658536584,1.4670731707317073,-0.6134146341463415,-3.3658536585365852,-4.396341463414634,-0.4170731707317073,-0.9585365853658536,-4.192682926829268,-2.798780487804878,-1.724390243902439
Q08601,0.05787037037037037,0.034722222222222224,0.07175925925925926,0.06944444444444445,0.006944444444444444,0.11342592592592593,0.02546296296296296,0.09259259259259259,0.016203703703703703,0.05555555555555555,0.0625,0.037037037037037035,0.037037037037037035,0.02546296296296296,0.07407407407407407,0.06481481481481481,0.04398148148148148,0.004629629629629629,0.06018518518518518,0.046296296296296294,1,1,2,4,2,3,0,0,3,4,1,1,3,0,5,6,4,7,1,0,1,2,3,4,4,0,1,0,3,3,2,1,1,1,0,2,2,0,2,2,3,0,0,0,0,0,0,0,0,2,3,5,2,3,2,0,11,9,5,4,1,1,0,4,2,4,3,0,1,0,3,6,1,5,1,1,0,2,1,0,3,0,0,0,1,1,0,2,2,2,0,1,0,0,0,0,0,0,3,5,5,5,2,1,0,3,5,2,4,3,1,0,3,3,6,6,2,0,0,2,3,3,11,0,0,1,2,1,0,0,0,0,0,0,2,0,1,0,1,0,0,0,0,1,0,0,0,3,0,7,1,2,4,0,2,8,2,6,1,1,1,5,4,5,1,0,2,0,8,6,4,2,1,4,0,1,0,1,0,0,0,0,0,0,2,2,1,1,0,0,0,1,0,0,0,0,2,2,4,1,1,0,0,0,3,1,2,0,0,0,2,1,1,1,0,0,0,1,1,3,0,0,0,0,1,0,1,0,1,0,0,1,0,0,0,1,0,0,0,0,0,0,0,0,0,2,1,1,1,0,1,0,1,3,0,0,0,2,0,2,1,1,2,0,0,0,1,2,1,3,0,0,0,1,1,1,1,1,1,0,2,1,4,0,0,3,0,0,0,0,0,0,0,0,0,0,0,0,1,0,0,0,0,0,0,0,0,0,0,0,0,0,0,1,0,0,0,1,0,0,0,0,0,0,0,0,0,0,0,0,0,0,0,0,0,0,0,0,0,0,0,0,0,-0.5939675174013921,-1.0348027842227379,-0.4872389791183295,-1.2041763341067286,-2.491879350348028,0.34106728538283065,-1.148491879350348,-0.6728538283062645,-0.6241299303944315,-1.7238979118329467,-1.7865429234338748,-1.1090487238979119,-0.48259860788863107,-1.5893271461716938,0.14849187935034802,-0.2877030162412993,-0.642691415313225,-2.5962877030162415,-0.6194895591647331,-1.419953596287703
Q08904,0.07875457875457875,0.05860805860805861,0.045787545787545784,0.04945054945054945,0.023809523809523808,0.045787545787545784,0.04945054945054945,0.038461538461538464,0.040293040293040296,0.06227106227106227,0.10256410256410256,0.04395604395604396,0.01282051282051282,0.02564102564102564,0.056776556776556776,0.07509157509157509,0.06593406593406594,0.016483516483516484,0.029304029304029304,0.07875457875457875,4,3,5,5,0,1,1,7,4,3,4,2,4,1,5,6,3,4,1,3,0,3,4,2,4,2,3,1,2,1,2,1,1,0,0,1,3,2,2,0,0,0,2,0,2,2,0,0,0,5,8,3,5,2,2,3,8,4,2,10,5,0,0,7,4,3,4,4,4,0,9,4,4,3,0,4,0,2,3,5,1,2,0,1,2,4,2,2,0,2,0,0,1,0,0,1,0,0,4,5,6,3,2,0,1,4,5,6,4,2,3,1,3,2,1,0,4,4,0,3,5,0,1,0,1,1,3,2,3,2,1,1,0,1,5,3,2,2,2,1,0,0,0,0,0,0,0,5,5,3,4,0,2,1,3,6,8,2,2,1,0,1,3,3,2,2,0,0,3,4,4,1,0,0,0,1,0,0,1,2,1,0,1,5,1,1,0,1,0,1,0,0,0,1,0,0,0,3,3,1,1,2,0,2,3,1,1,1,1,0,3,5,3,1,1,1,0,1,3,0,1,1,0,0,1,1,3,1,4,1,0,1,2,0,0,1,0,0,0,1,1,0,0,0,0,1,1,1,1,1,1,0,3,7,5,3,2,2,0,1,3,1,0,0,3,0,1,1,1,1,2,1,0,1,1,1,0,0,1,1,0,3,0,0,2,0,0,0,1,0,0,0,0,0,0,0,2,0,1,0,0,1,0,1,0,0,1,0,1,1,0,0,0,1,0,0,1,0,1,0,0,0,0,1,0,0,1,0,0,0,0,0,0,0,0,0,0,0,0,0,0,0,0,-0.5541284403669725,-0.43486238532110094,-0.43302752293577984,-0.7559633027522936,-1.1376146788990826,-0.2018348623853211,-0.781651376146789,-1.7688073394495414,-0.30275229357798167,-0.8348623853211009,-0.48256880733944957,-0.9357798165137615,-0.3743119266055046,-0.8807339449541285,-0.6623853211009174,0.1688073394495413,-0.22385321100917432,-1.6073394495412845,-0.8220183486238533,-0.9926605504587156
Q08931,0.09774436090225563,0.03759398496240601,0.09022556390977443,0.03759398496240601,0.0,0.03759398496240601,0.03759398496240601,0.06015037593984962,0.022556390977443608,0.03007518796992481,0.07518796992481203,0.15789473684210525,0.015037593984962405,0.03007518796992481,0.015037593984962405,0.10526315789473684,0.07518796992481203,0.0,0.007518796992481203,0.06766917293233082,2,2,0,3,1,0,0,1,2,2,1,0,0,0,0,0,2,1,0,0,0,0,0,1,0,1,1,0,2,1,1,2,1,0,0,1,0,1,0,1,0,0,0,0,0,0,0,0,0,3,1,1,0,1,1,0,3,0,1,0,0,0,0,3,1,0,0,1,0,0,0,0,1,1,0,0,0,0,0,0,1,0,1,0,0,0,0,0,0,0,0,0,0,0,0,0,0,0,2,1,1,0,1,2,0,1,1,1,0,1,0,0,2,0,4,0,1,0,0,0,0,1,0,0,0,0,0,0,3,1,1,0,0,0,0,1,0,0,0,0,0,0,0,0,0,0,0,0,1,0,0,2,0,0,2,1,0,0,0,0,0,0,2,1,0,0,0,0,1,1,0,0,1,1,0,1,0,0,0,2,0,0,0,0,0,2,1,1,0,0,0,0,0,0,0,0,1,1,0,0,2,0,0,0,0,1,1,1,0,0,1,0,1,0,3,1,0,2,2,0,0,1,1,0,1,2,1,1,1,0,0,0,0,0,1,0,0,0,0,0,0,0,0,0,0,0,0,1,0,0,0,0,0,0,0,0,0,0,0,1,1,0,0,0,0,0,0,0,0,2,0,1,0,0,0,1,1,1,0,0,0,0,0,0,1,0,0,0,0,0,0,0,0,0,0,0,0,0,0,0,0,0,0,0,0,0,0,0,0,0,0,0,0,0,0,0,0,0,0,0,0,0,0,0,0,0,0,0,0,0,0,0,0,0,0,0,0,0,0,0,0,0,0,-0.2803030303030303,-0.5227272727272727,-0.1590909090909091,-0.946969696969697,-1.9166666666666667,-0.32575757575757575,-0.38636363636363635,-1.2121212121212122,-1.0833333333333333,-1.4696969696969697,-1.3106060606060606,-0.07575757575757576,-0.8257575757575758,-1.893939393939394,-1.4848484848484849,0.18181818181818182,-0.19696969696969696,-2.696969696969697,-1.5833333333333333,-1.053030303030303
Q12020,0.03826530612244898,0.05612244897959184,0.07908163265306123,0.06377551020408163,0.007653061224489796,0.03316326530612245,0.08928571428571429,0.03571428571428571,0.02040816326530612,0.0663265306122449,0.08418367346938775,0.09948979591836735,0.02040816326530612,0.03571428571428571,0.025510204081632654,0.07908163265306123,0.07142857142857142,0.01020408163265306,0.02040816326530612,0.06377551020408163,1,2,1,2,0,0,0,2,0,4,2,1,3,0,1,2,3,2,2,1,0,3,3,3,1,1,1,0,1,0,2,1,2,1,0,1,1,0,0,1,3,0,0,0,0,0,0,0,0,1,1,4,2,2,0,0,2,3,1,2,3,4,0,1,3,0,3,3,4,0,3,2,1,2,3,2,0,4,0,2,1,3,4,0,4,4,3,1,2,2,0,0,1,0,0,0,0,0,1,3,1,3,2,1,0,4,3,0,2,4,0,0,2,2,4,5,1,2,0,1,4,3,1,3,1,0,2,2,2,1,1,2,0,2,0,4,0,2,2,0,0,0,0,0,0,0,0,2,2,0,2,2,0,0,0,6,1,2,3,4,1,3,1,3,2,0,1,0,0,1,1,0,1,1,1,0,5,1,1,0,1,0,0,2,1,2,1,1,0,0,1,0,0,0,0,0,0,3,3,1,0,3,0,1,1,3,4,2,3,0,3,1,4,1,2,1,0,1,4,0,1,0,1,0,0,2,4,1,1,1,0,0,0,1,1,5,1,1,0,0,0,0,0,0,0,1,1,2,2,1,2,0,1,1,3,1,1,2,0,1,4,3,0,2,1,0,0,3,2,0,0,1,0,3,5,1,1,2,0,0,2,2,2,2,1,3,0,0,1,0,0,0,0,0,0,0,0,0,0,0,0,0,1,2,0,0,0,0,0,0,0,0,0,0,0,0,0,0,0,0,0,0,0,0,0,0,0,0,0,0,0,0,0,0,0,0,0,0,0,0,0,0,0,-0.710997442455243,-0.7058823529411765,-0.38107416879795397,-0.8158567774936062,-2.0127877237851663,-0.3734015345268542,-0.2915601023017903,-1.6956521739130435,-1.061381074168798,-1.2301790281329923,-1.1687979539641944,-0.3734015345268542,-0.7237851662404092,-1.6675191815856778,-1.565217391304348,-0.19437340153452684,-0.35294117647058826,-2.501278772378517,-1.3734015345268542,-0.959079283887468
Q12033,0.06202723146747353,0.037821482602118005,0.0680786686838124,0.05446293494704992,0.009077155824508321,0.05446293494704992,0.08169440242057488,0.025718608169440244,0.01059001512859304,0.07110438729198185,0.11951588502269289,0.08623298033282904,0.012102874432677761,0.04236006051437216,0.030257186081694403,0.08169440242057488,0.060514372163388806,0.007564296520423601,0.04236006051437216,0.04236006051437216,1,1,3,2,2,1,0,1,7,1,4,2,1,0,3,4,2,3,4,2,1,3,2,2,2,4,0,0,1,4,2,2,2,1,0,1,3,1,4,1,5,1,0,0,0,0,0,0,0,0,5,6,4,1,4,0,2,9,9,7,9,8,0,8,10,8,3,4,6,0,3,4,4,6,3,6,0,6,6,3,2,2,2,0,4,5,5,3,2,2,0,1,0,1,0,0,1,0,2,3,4,3,5,3,0,8,7,6,3,3,6,1,3,6,9,2,3,5,1,1,6,3,1,1,0,0,1,7,0,1,3,2,0,2,4,3,3,3,2,0,1,0,1,0,0,0,0,1,3,1,3,0,4,0,4,9,10,2,0,0,1,2,7,4,3,0,1,0,0,7,2,1,2,2,0,1,2,0,2,3,5,0,1,3,3,0,2,2,0,0,0,0,0,0,0,0,1,2,3,1,3,2,0,1,6,5,5,5,5,1,0,3,3,0,2,1,0,2,1,2,2,1,1,0,2,4,3,0,1,2,0,1,5,1,5,0,0,0,0,0,0,0,0,0,0,4,1,2,0,1,2,0,4,6,8,5,2,1,0,4,3,3,1,1,1,0,3,6,4,2,2,1,0,1,5,1,2,1,0,0,1,6,0,2,2,1,0,0,0,1,0,0,0,0,1,1,0,0,0,0,0,0,0,0,0,0,0,0,0,1,1,0,0,1,0,0,0,0,0,0,0,0,0,0,0,0,0,0,0,0,0,0,1,0,0,0,0,0,0,0,0,0,0,-0.43787878787878787,-0.1893939393939394,-0.5696969696969697,-0.7106060606060606,-2.536363636363636,0.7333333333333333,0.8818181818181818,-2.4954545454545456,-1.018181818181818,-1.356060606060606,-0.6393939393939394,0.38181818181818183,-0.8454545454545455,-2.293939393939394,-2.81969696969697,-0.3484848484848485,-0.7106060606060606,-3.2954545454545454,-1.837878787878788,-1.4363636363636363
Q12051,0.03283582089552239,0.03582089552238806,0.08656716417910448,0.05970149253731343,0.0,0.04477611940298507,0.05970149253731343,0.03582089552238806,0.03880597014925373,0.09850746268656717,0.15223880597014924,0.05373134328358209,0.029850746268656716,0.03880597014925373,0.03880597014925373,0.06567164179104477,0.056716417910447764,0.005970149253731343,0.03283582089552239,0.03283582089552239,0,1,1,0,0,0,0,2,4,2,4,1,2,0,0,0,0,2,1,1,0,2,0,0,1,0,1,0,0,1,1,2,1,1,0,0,0,3,0,0,0,0,0,0,0,0,0,0,0,2,3,0,3,1,1,0,4,9,6,8,2,8,0,0,5,4,3,1,2,0,1,6,7,3,2,2,0,2,7,1,0,0,0,0,1,4,1,2,4,5,0,0,0,0,0,0,0,0,0,4,2,0,2,0,0,2,6,1,3,4,2,0,1,3,3,5,1,1,0,6,3,2,1,0,0,0,0,1,1,2,0,0,0,0,1,1,2,0,1,0,0,0,0,0,0,0,0,0,4,1,1,3,0,0,1,7,3,3,1,1,0,7,5,3,0,0,1,0,0,3,4,1,0,1,0,1,1,1,0,0,0,0,0,1,1,2,1,1,0,0,0,0,0,0,0,0,0,1,0,0,0,2,0,0,6,3,3,1,1,0,0,2,2,0,1,0,0,0,2,2,0,0,1,0,0,1,0,0,0,0,0,0,0,2,0,0,0,0,0,0,0,0,0,0,0,0,2,0,0,0,0,0,1,5,0,0,1,2,0,0,3,2,2,0,0,0,0,2,1,3,1,1,0,0,3,1,1,0,1,0,1,3,0,2,1,0,0,0,0,0,0,0,0,0,0,0,0,0,0,0,0,0,0,0,0,0,0,0,0,0,0,0,0,0,0,0,0,0,0,0,0,0,0,0,0,0,0,0,0,0,0,0,0,0,0,0,0,0,0,0,0,0,0,-0.6287425149700598,-1.31437125748503,-1.3562874251497006,-1.2694610778443114,-2.1736526946107784,-1.029940119760479,-0.9341317365269461,-1.9461077844311376,-1.3862275449101797,-1.0209580838323353,-0.7335329341317365,-1.0449101796407185,-0.8802395209580839,-1.718562874251497,-2.2275449101796405,-0.7425149700598802,-0.8922155688622755,-3.161676646706587,-1.5089820359281436,-1.155688622754491
Q12060,0.055327868852459015,0.0430327868852459,0.09836065573770492,0.06147540983606557,0.006147540983606557,0.022540983606557378,0.07377049180327869,0.055327868852459015,0.020491803278688523,0.06762295081967214,0.10860655737704918,0.06762295081967214,0.020491803278688523,0.02663934426229508,0.05327868852459016,0.09631147540983606,0.045081967213114756,0.00819672131147541,0.028688524590163935,0.040983606557377046,0,4,3,1,1,2,0,4,8,6,2,2,4,0,1,2,2,0,3,4,1,1,3,3,2,2,1,0,0,1,1,0,2,0,0,2,1,0,0,2,1,0,0,0,0,0,1,1,0,1,6,4,5,2,0,0,5,7,7,6,2,3,0,4,9,4,5,4,3,0,1,2,4,5,2,1,0,4,2,1,3,2,1,0,4,4,2,3,1,6,0,0,0,0,0,0,0,0,6,5,2,2,0,1,0,3,3,8,1,2,7,0,4,3,3,1,1,2,0,1,1,3,4,0,2,0,3,3,3,1,1,1,0,1,3,5,3,1,0,0,0,1,0,0,0,0,0,1,3,1,3,0,0,0,4,4,1,1,3,5,0,3,4,2,3,3,2,0,2,7,4,3,1,0,0,1,2,1,1,0,3,0,0,2,0,1,2,0,0,0,0,0,0,0,0,0,1,5,1,1,1,3,0,1,2,4,1,3,0,0,2,4,2,1,1,1,0,0,1,0,2,1,1,0,1,2,3,0,2,1,0,1,1,0,2,0,2,0,0,0,0,0,0,0,0,2,3,2,0,0,0,2,1,5,3,4,1,1,0,2,2,2,1,0,1,0,3,4,3,1,2,0,0,2,1,2,0,2,0,0,1,4,1,4,1,3,0,0,0,0,0,0,0,0,0,0,0,0,0,0,0,0,1,0,0,0,0,0,0,0,0,0,0,0,0,0,0,0,0,0,0,0,1,0,0,0,0,0,0,0,0,0,0,0,1,0,0,0,0,0,0,0,0,-0.5646817248459959,-0.8357289527720739,-0.37166324435318276,-0.8809034907597536,-1.9568788501026695,-0.44969199178644764,-0.5133470225872689,-1.457905544147844,-0.997946611909651,-1.1396303901437372,-1.0492813141683779,-0.49691991786447637,-0.6940451745379876,-1.591375770020534,-1.3141683778234086,-0.11704312114989733,-0.34496919917864477,-2.406570841889117,-1.2936344969199178,-0.9404517453798767
Q12066,0.0371900826446281,0.05165289256198347,0.07644628099173553,0.05371900826446281,0.006198347107438017,0.03925619834710744,0.05785123966942149,0.03305785123966942,0.022727272727272728,0.0640495867768595,0.10537190082644628,0.07851239669421488,0.02066115702479339,0.07231404958677685,0.0371900826446281,0.10537190082644628,0.0371900826446281,0.014462809917355372,0.05165289256198347,0.03512396694214876,2,0,3,0,1,1,0,4,3,3,2,0,0,0,2,5,3,0,3,2,0,0,3,1,0,0,0,0,0,1,0,0,0,2,0,0,2,2,2,1,1,0,0,1,0,0,0,0,0,3,5,4,1,1,2,0,2,9,9,9,4,3,0,5,8,5,6,5,4,0,1,6,5,4,3,2,0,2,5,2,2,2,1,1,0,2,1,3,4,4,0,0,0,0,0,0,0,0,1,4,4,1,1,5,0,1,9,7,5,3,4,0,0,7,2,4,3,1,0,2,6,3,2,3,0,0,2,4,5,1,1,0,0,0,4,1,1,4,1,0,0,0,0,1,0,0,0,0,2,1,1,0,0,0,7,6,7,0,4,4,0,2,2,3,4,1,0,1,1,6,0,4,1,3,0,1,1,2,1,3,1,0,0,1,1,3,0,0,0,0,0,0,0,0,0,0,0,1,3,1,0,0,0,0,7,6,3,2,1,0,3,6,2,1,1,2,0,0,2,2,1,1,0,0,0,4,2,2,2,1,0,0,1,1,1,1,2,0,0,0,1,0,0,0,0,1,0,1,0,0,0,1,2,2,0,2,2,2,0,3,1,2,1,0,2,0,0,5,2,3,1,0,0,0,4,4,0,2,1,0,3,0,3,1,1,2,0,0,0,0,0,0,0,0,0,0,0,0,0,0,0,0,0,1,0,0,0,0,1,0,0,0,0,0,0,0,0,0,1,0,0,0,0,0,0,0,0,0,0,0,0,0,0,0,0,0,0,0,0,0,0,0,0,-0.6873706004140787,-0.5424430641821946,-0.4409937888198758,-0.8385093167701864,-1.9420289855072463,-0.4803312629399586,-0.6438923395445134,-1.639751552795031,-0.6790890269151139,-0.9606625258799172,-0.9399585921325052,-0.4554865424430642,-0.7039337474120083,-0.7888198757763976,-1.3519668737060042,-0.09523809523809523,-0.14699792960662525,-1.8095238095238095,-0.5341614906832298,-0.8902691511387164
Q12084,0.05172413793103448,0.04741379310344827,0.09051724137931035,0.09482758620689655,0.008620689655172414,0.03879310344827586,0.06896551724137931,0.04741379310344827,0.017241379310344827,0.11206896551724138,0.09051724137931035,0.06465517241379311,0.02586206896551724,0.021551724137931036,0.021551724137931036,0.05172413793103448,0.04310344827586207,0.004310344827586207,0.04741379310344827,0.05172413793103448,3,1,1,2,2,0,0,3,1,2,3,1,0,0,1,0,0,0,0,0,1,1,0,0,0,2,0,0,2,2,0,0,1,0,0,1,3,1,0,0,0,0,1,0,0,0,0,0,0,2,2,1,0,3,1,0,1,3,1,2,1,3,0,0,2,0,4,2,1,0,2,3,2,0,0,4,0,0,3,0,1,3,0,0,1,3,3,2,0,1,0,0,0,0,0,0,0,0,2,1,0,1,0,0,0,2,3,1,0,0,3,0,1,1,0,0,2,2,0,0,0,1,3,0,1,0,0,2,2,0,0,1,0,1,2,1,3,0,1,0,1,0,0,0,0,0,0,1,1,0,0,0,2,0,1,1,2,0,2,1,0,1,2,3,1,1,1,0,1,2,4,1,0,0,0,0,0,0,0,1,1,0,0,2,1,2,0,0,0,0,0,0,0,0,0,0,0,2,0,0,0,0,0,0,1,1,4,2,0,0,0,1,0,0,0,1,0,0,0,0,1,0,0,0,0,1,0,0,1,4,0,1,1,3,0,1,1,0,0,0,0,0,0,0,0,1,2,0,0,0,2,0,2,2,2,2,1,3,0,1,2,3,0,0,3,0,0,2,2,3,0,0,0,0,0,0,0,0,1,0,1,1,1,0,0,0,0,0,0,0,0,0,0,0,0,1,0,0,0,0,1,0,0,0,0,0,0,0,0,0,0,0,0,0,0,0,0,0,0,0,0,0,0,0,0,0,0,0,0,0,0,0,0,0,0,0,0,0,0,0,0,0,0,-0.9523809523809523,-0.7922077922077922,-1.1645021645021645,-1.1125541125541125,-2.7186147186147185,-0.9177489177489178,-0.8181818181818182,-2.1991341991341993,-1.2294372294372293,-1.0649350649350648,-1.077922077922078,-0.7792207792207793,-1.2207792207792207,-1.8354978354978355,-2.038961038961039,-0.9523809523809523,-0.9826839826839827,-3.017316017316017,-1.567099567099567,-1.0865800865800865
Q12102,0.046565774155995346,0.03958090803259604,0.06286379511059371,0.06868451688009314,0.011641443538998836,0.024447031431897557,0.0640279394644936,0.047729918509895226,0.013969732246798603,0.08498253783469151,0.09662398137369034,0.09429569266589057,0.012805587892898719,0.02910360884749709,0.04190919674039581,0.09313154831199069,0.06286379511059371,0.010477299185098952,0.027939464493597205,0.06635622817229336,5,2,11,3,2,3,0,3,6,7,4,9,3,3,10,6,8,0,4,2,1,4,5,4,0,0,3,0,2,3,1,1,1,3,0,3,4,5,2,1,3,0,0,0,0,0,0,1,0,5,8,4,2,2,5,0,11,11,16,6,10,7,0,7,10,10,5,8,6,0,3,6,6,1,2,8,0,8,3,8,3,7,3,0,5,8,2,3,0,3,0,1,1,0,2,0,1,0,5,7,7,3,4,6,1,6,11,7,7,3,6,1,6,11,6,2,5,4,0,4,1,1,3,2,2,0,4,6,6,5,3,3,0,2,6,3,0,3,4,0,0,0,0,0,1,0,0,3,4,1,7,1,0,0,3,10,1,2,3,0,0,2,2,4,1,4,3,0,3,1,0,4,5,0,0,0,2,3,2,3,3,0,4,6,2,2,2,2,1,0,0,0,0,0,0,0,5,5,7,0,1,2,0,3,9,5,3,2,2,1,6,8,3,2,5,1,0,0,1,2,3,3,3,0,5,5,5,1,3,1,0,1,3,4,2,2,1,0,0,0,0,0,0,0,0,2,9,1,1,1,2,0,0,13,10,4,3,3,0,2,4,4,3,1,2,0,2,4,2,2,1,2,0,1,5,2,0,3,0,0,1,4,0,4,3,10,1,0,1,0,0,0,0,1,1,0,0,0,0,0,0,0,1,0,0,1,0,0,0,0,0,0,0,0,0,0,1,1,0,0,1,0,0,1,0,0,0,0,0,0,2,0,0,0,0,0,0,0,0,1,0,0,0,-0.5769230769230769,-0.789044289044289,-0.5920745920745921,-0.6421911421911422,-1.8065268065268065,-0.5081585081585082,-0.3333333333333333,-1.196969696969697,-0.8881118881118881,-0.627039627039627,-0.7004662004662005,-0.4184149184149184,-0.5652680652680653,-1.2097902097902098,-1.0815850815850816,-0.3006993006993007,-0.4172494172494173,-2.289044289044289,-1.0687645687645688,-0.6072261072261073
Q12134,0.03292181069958848,0.0411522633744856,0.053497942386831275,0.05761316872427984,0.012345679012345678,0.07818930041152264,0.053497942386831275,0.03292181069958848,0.03292181069958848,0.06172839506172839,0.12757201646090535,0.09465020576131687,0.02880658436213992,0.0411522633744856,0.02880658436213992,0.06584362139917696,0.0411522633744856,0.00411522633744856,0.04526748971193416,0.06584362139917696,0,1,1,0,0,0,0,0,4,2,1,2,1,0,0,1,0,3,1,1,0,0,1,1,0,1,0,0,1,0,0,2,0,1,0,1,2,2,1,0,0,0,0,1,0,0,0,0,0,0,2,1,1,2,3,1,5,3,1,3,1,2,0,0,4,2,2,3,0,0,1,5,0,2,1,1,0,2,1,3,2,1,1,0,2,2,0,0,0,2,0,0,0,0,1,0,0,0,1,1,1,1,0,0,0,3,1,1,1,3,1,0,1,1,2,1,3,2,0,0,1,2,3,1,2,0,2,1,1,2,1,0,0,1,1,0,1,0,0,0,0,0,0,0,0,0,0,0,1,1,0,1,1,0,2,4,2,1,2,1,1,1,1,2,1,0,0,0,1,2,2,1,0,1,0,1,0,2,1,2,0,0,0,3,0,0,1,1,0,0,0,0,0,0,0,0,0,3,1,1,1,1,0,0,1,2,0,0,0,0,1,2,2,2,0,0,0,2,3,0,1,2,0,0,1,0,1,1,1,0,1,1,1,0,0,0,0,0,0,0,0,1,0,0,0,1,2,1,0,0,1,0,0,1,3,4,2,1,0,0,1,2,0,0,0,0,0,0,0,0,1,1,0,0,1,0,0,0,0,0,0,2,1,0,0,2,0,0,0,0,0,0,0,0,0,0,0,0,0,0,0,0,1,0,0,0,0,0,0,0,0,0,0,0,0,0,1,1,0,0,0,0,0,0,0,0,0,0,0,0,0,0,0,0,0,0,0,0,0,0,0,0,0,-0.9173553719008265,-0.8057851239669421,-0.859504132231405,-1.2396694214876034,-2.0826446280991737,-0.32231404958677684,-0.628099173553719,-1.9462809917355373,-0.987603305785124,-1.0082644628099173,-1.0702479338842976,-0.5619834710743802,-0.512396694214876,-1.4297520661157024,-1.7066115702479339,-0.5991735537190083,-0.628099173553719,-2.3884297520661155,-1.0082644628099173,-0.8636363636363636
Q12154,0.05084745762711865,0.025423728813559324,0.06497175141242938,0.07062146892655367,0.01977401129943503,0.0480225988700565,0.07062146892655367,0.07627118644067797,0.01977401129943503,0.062146892655367235,0.11016949152542373,0.06779661016949153,0.03672316384180791,0.0480225988700565,0.031073446327683617,0.06497175141242938,0.06497175141242938,0.005649717514124294,0.01694915254237288,0.04519774011299435,5,1,3,2,1,0,1,2,4,2,0,3,2,0,1,6,0,1,0,3,0,3,2,0,1,0,1,1,2,2,1,0,1,0,0,1,0,5,0,1,1,0,1,1,0,0,0,0,0,2,3,3,0,2,2,0,1,3,5,6,3,2,0,2,3,1,5,2,2,1,0,2,3,5,3,1,0,1,1,2,1,0,3,0,5,2,6,2,0,3,0,1,0,0,0,0,0,0,1,1,2,1,1,1,0,5,5,4,4,1,7,1,0,4,4,0,1,0,0,2,4,0,0,0,0,0,2,0,0,1,1,0,0,2,2,2,1,2,0,0,0,0,2,0,0,0,0,1,2,1,0,2,2,0,2,5,1,2,1,2,0,1,3,1,0,1,2,0,3,1,1,1,1,1,0,1,1,1,2,1,0,0,1,1,0,3,0,0,0,0,0,0,0,1,0,0,3,1,1,1,0,2,0,1,0,2,1,0,2,0,2,2,0,0,0,0,0,0,2,3,0,1,0,0,1,1,0,1,0,0,1,1,1,1,0,0,1,0,0,0,0,1,0,0,0,1,4,1,4,0,1,0,1,2,2,1,0,3,0,1,8,2,0,0,2,1,0,2,1,0,1,2,0,1,1,0,1,0,1,0,1,3,1,0,0,0,0,0,0,0,0,0,0,0,0,1,0,0,0,0,1,0,1,0,0,0,0,0,0,1,1,0,0,0,0,0,0,0,1,0,0,0,0,0,0,0,1,0,0,0,0,0,0,0,0,0,0,0,0,0,0,0,0,-0.6572237960339944,-1.226628895184136,-1.2351274787535411,-1.065155807365439,-2.3739376770538243,-0.7563739376770539,-0.7422096317280453,-1.5269121813031161,-1.6487252124645893,-1.0,-0.7875354107648725,-0.8923512747875354,-0.773371104815864,-1.660056657223796,-1.5070821529745042,-0.7478753541076487,-0.7082152974504249,-2.7677053824362607,-1.594900849858357,-0.8243626062322946
Q12159,0.08849557522123894,0.12831858407079647,0.0752212389380531,0.048672566371681415,0.0,0.03982300884955752,0.048672566371681415,0.09292035398230089,0.0,0.035398230088495575,0.06637168141592921,0.09734513274336283,0.022123893805309734,0.022123893805309734,0.06637168141592921,0.061946902654867256,0.02654867256637168,0.0,0.008849557522123894,0.07079646017699115,4,0,0,3,7,2,0,0,3,1,0,3,1,0,2,0,2,0,0,1,0,3,2,1,0,2,0,0,3,1,2,4,5,1,0,1,1,0,1,1,0,0,0,0,0,0,0,0,0,0,0,0,2,4,1,0,4,0,2,1,1,2,0,2,1,0,0,4,1,0,2,1,0,0,0,0,0,1,2,1,2,0,3,0,2,0,0,0,2,2,0,0,0,0,0,0,0,0,4,2,1,1,1,0,0,0,1,0,1,0,0,0,0,1,0,1,0,1,0,1,0,0,0,1,0,0,3,0,0,0,2,1,0,1,1,0,0,1,0,0,0,0,0,0,0,0,0,2,0,2,0,3,0,0,1,2,1,0,2,1,0,4,0,1,0,1,0,0,0,1,1,0,0,0,0,1,2,0,0,1,0,0,0,0,0,0,0,0,0,0,0,0,0,0,0,0,5,4,1,0,1,1,0,2,2,1,0,3,1,0,1,0,1,1,1,0,0,1,3,3,2,0,0,0,3,3,0,3,0,1,0,2,3,0,1,1,0,0,0,0,0,0,0,0,0,1,2,1,2,0,0,0,0,2,3,1,0,1,0,0,0,0,0,0,0,0,0,0,1,0,1,0,0,1,1,1,0,1,1,0,0,2,0,0,0,0,0,0,0,0,0,0,0,0,0,0,0,0,0,0,0,0,0,0,0,0,0,0,0,0,0,0,0,0,0,0,0,0,0,0,0,0,0,0,0,0,0,0,0,0,0,0,0,0,0,0,0,0,0,0,0,0,0,-0.6933333333333334,0.1111111111111111,-0.7511111111111111,-0.6844444444444444,-2.6977777777777776,-0.39555555555555555,-0.37777777777777777,-0.9822222222222222,-1.208888888888889,-1.808888888888889,-1.8133333333333332,-0.057777777777777775,-0.9022222222222223,-1.7333333333333334,-0.6844444444444444,-0.3288888888888889,-0.9288888888888889,-3.151111111111111,-1.1244444444444444,-1.4355555555555555
Q12191,0.05865102639296188,0.026392961876832845,0.0967741935483871,0.07331378299120235,0.0,0.06451612903225806,0.1495601173020528,0.04398826979472141,0.002932551319648094,0.04105571847507331,0.05571847507331378,0.10850439882697947,0.020527859237536656,0.017595307917888565,0.02346041055718475,0.07331378299120235,0.08797653958944282,0.008797653958944282,0.0,0.0469208211143695,1,1,0,2,1,2,0,0,2,3,1,2,0,0,2,1,3,4,0,1,0,1,1,2,1,0,1,0,2,1,0,1,1,1,0,2,1,2,4,0,4,0,0,0,0,0,0,0,0,0,0,1,1,0,1,0,1,0,1,0,1,4,0,4,1,1,0,2,1,0,0,1,0,1,2,1,0,0,2,1,0,1,2,0,1,2,3,2,2,7,0,0,0,0,0,0,0,0,0,2,6,0,1,1,0,0,2,1,1,1,3,0,1,1,4,6,0,3,0,2,4,3,1,2,2,0,2,0,1,1,1,0,0,1,0,1,2,0,4,0,0,0,0,0,0,0,0,1,2,0,1,1,3,0,1,3,1,1,0,5,0,2,3,4,1,0,0,0,1,1,1,2,2,2,0,1,1,1,4,4,0,0,2,1,3,3,0,1,0,0,0,0,0,0,0,0,3,0,2,1,1,3,0,1,0,1,1,2,1,0,0,1,1,1,1,0,0,0,1,1,0,5,1,0,3,2,1,1,3,1,0,2,0,1,2,0,2,0,0,0,0,0,0,0,0,2,3,2,1,2,3,0,0,0,2,1,0,3,0,1,1,3,2,2,3,0,4,3,3,4,0,3,0,2,0,0,1,1,3,0,5,2,2,4,5,3,0,0,0,0,0,0,0,0,0,0,0,0,0,0,0,0,0,0,0,0,0,0,0,0,0,0,0,0,0,0,0,0,0,0,0,0,0,0,0,0,0,0,0,0,0,0,0,0,0,0,0,0,0,0,0,0,0,-0.3558823529411765,0.34411764705882353,-0.2411764705882353,0.058823529411764705,-2.5911764705882354,1.0058823529411764,1.3588235294117648,-1.723529411764706,-0.9558823529411765,-1.285294117647059,-0.788235294117647,0.8382352941176471,-0.6823529411764706,-2.338235294117647,-1.9323529411764706,-0.20294117647058824,-0.47352941176470587,-2.791176470588235,-1.8852941176470588,-1.25
Q12230,0.09970674486803519,0.04985337243401759,0.026392961876832845,0.07624633431085044,0.0,0.0469208211143695,0.12023460410557185,0.0469208211143695,0.020527859237536656,0.04398826979472141,0.08504398826979472,0.06158357771260997,0.01466275659824047,0.02346041055718475,0.04985337243401759,0.08211143695014662,0.0469208211143695,0.008797653958944282,0.03225806451612903,0.06451612903225806,3,3,2,3,2,2,0,1,4,4,2,3,4,0,2,1,1,1,0,2,0,1,2,0,3,1,0,0,3,2,1,1,0,1,0,3,1,6,1,1,5,0,0,0,0,0,0,0,0,2,3,1,1,2,1,0,4,3,0,2,2,2,0,3,3,3,1,1,3,0,4,0,2,0,3,2,0,2,0,2,0,1,4,0,3,3,1,1,2,2,0,0,0,0,0,0,0,0,3,3,1,1,3,6,0,1,3,1,4,3,1,0,2,1,4,3,1,0,0,1,1,1,1,0,2,0,1,2,1,1,0,1,0,2,3,0,0,0,1,0,0,0,0,0,0,0,0,1,2,1,1,0,2,0,0,0,2,0,0,4,0,1,2,0,0,0,1,0,0,2,1,0,1,1,0,1,2,1,0,1,0,0,3,1,2,1,0,0,0,0,0,0,0,0,0,0,2,4,1,0,0,1,0,1,0,5,1,1,0,0,1,2,2,1,2,0,0,0,0,1,1,0,0,0,1,1,0,0,0,2,0,0,1,4,0,3,0,0,0,0,0,0,0,0,0,4,3,1,1,1,5,0,3,3,2,1,0,1,0,8,4,1,0,2,0,0,1,1,0,0,0,2,0,0,1,3,0,2,0,0,4,1,2,1,0,9,0,0,0,0,0,0,0,0,0,0,0,0,0,0,0,0,0,0,0,0,0,0,0,0,0,0,0,0,0,0,0,0,0,0,0,0,0,0,0,0,0,0,0,0,0,0,0,0,0,0,0,0,0,0,0,0,0,-0.20588235294117646,-0.22647058823529412,-0.4117647058823529,-0.5411764705882353,-1.911764705882353,0.3323529411764706,0.2,-1.3058823529411765,-0.6558823529411765,-1.2205882352941178,-1.1529411764705881,-0.11176470588235295,-0.6970588235294117,-1.6941176470588235,-0.9647058823529412,0.041176470588235294,-0.2676470588235294,-2.2588235294117647,-1.1676470588235295,-1.0
Q12263,0.042907180385288964,0.06567425569176882,0.05779334500875657,0.049912434325744305,0.0035026269702276708,0.03677758318739054,0.09807355516637478,0.047285464098073555,0.016637478108581436,0.0647985989492119,0.09457092819614711,0.10332749562171628,0.013134851138353765,0.03064798598949212,0.043782837127845885,0.1042031523642732,0.053415061295971976,0.005253940455341506,0.021015761821366025,0.047285464098073555,1,3,3,2,4,3,1,6,6,8,5,5,4,0,6,11,9,4,3,4,0,4,6,2,2,3,2,1,3,6,1,1,5,5,0,0,7,5,6,4,3,0,0,0,2,0,0,0,0,5,9,11,5,4,3,0,8,18,13,8,11,9,0,8,12,14,3,6,8,0,7,5,6,4,9,6,0,6,7,6,5,12,6,0,7,4,6,3,7,6,0,0,0,0,0,0,0,0,5,10,10,4,4,3,1,4,13,13,7,14,5,0,14,11,12,3,8,5,0,4,3,4,3,3,2,0,1,7,4,3,6,4,0,3,8,5,2,6,3,1,0,0,0,0,0,0,0,2,4,5,3,3,8,0,8,8,5,4,2,0,0,3,2,4,3,2,5,0,2,5,0,3,3,1,0,3,5,4,2,8,4,0,3,6,5,0,4,3,0,0,0,1,0,0,0,0,2,1,6,3,4,4,0,6,11,9,9,6,7,0,2,10,8,2,3,2,0,3,8,3,2,4,2,0,3,12,8,5,9,6,0,5,8,4,3,6,7,0,0,0,0,0,0,0,0,2,7,3,3,2,4,0,5,11,3,4,4,8,0,4,10,4,3,3,4,0,5,0,4,0,4,8,0,4,10,4,5,3,8,0,3,2,3,7,7,7,0,0,0,0,0,1,0,0,0,0,0,0,0,0,0,0,0,0,0,0,0,0,0,0,2,1,0,0,0,0,0,0,0,0,0,0,0,1,0,0,0,0,0,0,0,0,0,0,0,0,0,0,0,0,0,0,0,-0.8466257668711656,-0.3514460999123576,-0.5933391761612621,-0.8404907975460123,-2.135845749342682,0.0,0.010517090271691499,-1.8545135845749343,-0.8615249780893953,-1.21034180543383,-0.9141104294478528,-0.09728308501314636,-0.8063102541630149,-1.7493426818580193,-1.2226117440841366,-0.12094653812445223,-0.5775635407537248,-2.9114811568799297,-1.63102541630149,-1.1989482909728308
Q12306,0.0594059405940594,0.0594059405940594,0.0297029702970297,0.0891089108910891,0.0,0.04950495049504951,0.1188118811881188,0.04950495049504951,0.019801980198019802,0.07920792079207921,0.0594059405940594,0.0891089108910891,0.039603960396039604,0.039603960396039604,0.04950495049504951,0.0594059405940594,0.04950495049504951,0.0,0.019801980198019802,0.039603960396039604,1,1,0,0,0,0,0,1,0,0,1,0,0,0,0,0,0,0,0,0,0,0,1,0,0,1,0,0,0,1,0,0,0,0,0,0,3,4,1,0,0,0,0,0,0,0,0,0,0,0,0,0,0,0,2,0,0,1,1,0,1,2,0,0,0,1,1,0,1,0,0,1,1,0,0,1,0,3,3,0,0,1,0,0,0,0,1,1,0,1,0,0,0,0,0,0,0,0,1,0,0,0,1,1,0,0,1,0,0,1,0,0,2,0,0,0,1,0,0,0,0,0,0,0,1,0,0,0,0,0,1,0,0,0,2,2,0,1,0,0,0,0,0,0,0,0,0,0,0,0,0,0,2,0,0,0,0,1,1,0,0,0,0,0,0,0,1,0,1,0,0,0,0,0,0,0,0,0,0,1,0,0,1,0,0,0,1,1,0,0,0,0,0,0,0,0,0,1,0,1,0,3,0,1,2,1,1,1,0,0,0,0,0,0,0,0,0,1,0,0,0,0,0,0,1,2,0,0,0,0,0,0,0,0,0,0,0,0,0,0,0,0,0,0,0,0,0,0,1,0,0,0,0,1,1,0,3,1,0,1,2,2,0,0,3,0,0,0,0,1,0,1,0,1,0,0,1,0,0,0,0,1,1,0,0,0,0,0,0,0,0,0,0,0,0,0,0,0,0,0,0,0,0,0,0,0,0,0,0,0,0,0,0,0,0,0,0,0,0,0,0,0,0,0,0,0,0,0,0,0,0,0,0,0,0,0,0,0,0,0,0,0,0,-0.73,-0.67,-0.78,-0.41,-2.19,-0.07,0.02,-1.3,-0.8,-1.44,-1.37,-0.11,-0.87,-1.96,-1.34,-0.34,-0.56,-2.7,-1.57,-1.27
Q12329,0.04533333333333334,0.048,0.058666666666666666,0.06133333333333333,0.0026666666666666666,0.05333333333333334,0.11466666666666667,0.064,0.032,0.04,0.064,0.06666666666666667,0.010666666666666666,0.024,0.09333333333333334,0.06133333333333333,0.048,0.0,0.064,0.048,2,2,3,2,1,2,0,1,5,1,0,2,0,0,0,2,1,3,2,3,0,4,3,1,3,0,0,0,0,3,1,1,0,2,0,0,2,3,1,0,3,0,0,0,0,0,0,0,0,5,3,1,3,2,2,0,5,3,2,2,4,4,0,1,4,3,1,1,1,0,1,3,4,3,1,1,0,2,4,2,1,1,3,0,0,3,3,1,0,3,0,0,0,0,0,0,0,0,0,0,2,4,1,1,0,2,4,4,3,1,0,0,3,3,6,1,1,2,0,3,2,1,1,0,0,1,0,1,2,2,2,2,0,2,3,1,2,0,4,0,0,0,0,0,0,0,0,2,3,2,2,1,2,0,3,3,1,4,1,0,0,0,2,4,0,3,3,0,2,1,3,1,2,0,0,1,2,1,0,0,0,0,1,0,1,0,0,2,0,0,0,0,1,0,0,0,0,1,2,0,1,0,0,2,3,1,2,3,2,0,1,0,3,2,0,1,0,1,2,1,1,0,0,0,1,1,1,0,1,1,0,1,1,1,0,3,3,0,0,0,0,0,0,0,0,3,0,1,0,1,2,0,3,2,2,2,2,4,0,3,3,0,1,2,2,0,1,1,1,0,1,2,0,0,2,0,1,1,1,0,3,6,2,2,2,7,0,0,0,0,0,0,0,0,0,0,0,0,0,0,0,0,0,0,0,0,0,0,0,0,0,0,0,0,0,0,0,1,0,0,0,0,0,0,0,0,0,0,0,0,0,0,0,0,0,0,0,0,0,0,0,0,0,-0.7058823529411765,-0.5561497326203209,-0.3235294117647059,-0.6363636363636364,-2.4919786096256686,-0.23529411764705882,-0.18983957219251338,-1.3475935828877006,-0.7593582887700535,-1.5828877005347595,-1.6122994652406417,-0.3716577540106952,-1.2005347593582887,-1.6497326203208555,-1.1283422459893049,-0.27807486631016043,-0.5855614973262032,-2.43048128342246,-1.2486631016042782,-1.1871657754010696
Q12334,0.04035874439461883,0.05829596412556054,0.06278026905829596,0.11210762331838565,0.004484304932735426,0.004484304932735426,0.1031390134529148,0.04035874439461883,0.03139013452914798,0.08071748878923767,0.06726457399103139,0.14349775784753363,0.017937219730941704,0.004484304932735426,0.02242152466367713,0.08071748878923767,0.04932735426008968,0.008968609865470852,0.026905829596412557,0.04035874439461883,0,0,0,1,0,0,0,0,1,0,1,1,2,0,0,1,1,0,1,1,0,1,2,0,0,1,2,0,0,1,0,1,1,0,0,1,1,3,0,0,3,0,0,0,0,0,0,0,0,1,0,1,0,1,1,0,1,1,1,2,3,1,0,2,0,1,0,2,1,0,1,1,1,1,1,0,1,1,1,2,1,2,1,0,4,1,0,0,1,0,0,0,0,0,0,0,0,0,0,0,0,1,1,2,0,1,1,2,0,3,1,0,0,1,1,1,1,1,0,1,0,0,1,1,1,0,0,2,3,0,5,0,0,0,0,3,2,1,1,0,0,0,0,0,0,0,0,0,1,1,3,1,0,0,0,1,1,1,0,0,0,0,0,0,1,1,0,0,1,0,0,0,0,1,0,0,1,0,0,1,3,0,1,0,0,0,1,3,0,0,0,0,0,0,1,0,0,0,1,0,0,1,0,2,3,1,1,1,2,0,0,4,2,1,2,1,0,1,0,1,0,1,0,0,1,2,4,1,2,2,0,2,1,1,0,1,2,0,0,0,0,0,0,0,0,0,4,1,1,0,4,0,0,2,1,1,0,0,0,2,2,0,1,3,3,0,1,0,0,0,1,1,0,0,3,2,0,1,1,0,2,1,3,1,2,4,0,0,0,0,0,0,0,0,0,0,0,0,0,0,0,0,0,0,0,0,0,0,0,0,0,0,0,0,0,0,0,0,0,0,0,0,0,0,0,0,0,0,0,0,0,1,0,0,0,0,0,0,0,0,0,0,0,-0.7567567567567568,-0.5585585585585585,-0.23423423423423423,-0.36036036036036034,-2.18018018018018,-0.2927927927927928,0.036036036036036036,-1.5765765765765767,-0.9054054054054054,-1.5,-1.490990990990991,-0.11711711711711711,-0.990990990990991,-1.9774774774774775,-1.4684684684684686,-0.12162162162162163,-0.509009009009009,-2.7027027027027026,-1.5405405405405406,-1.2072072072072073
Q12346,0.04265402843601896,0.07109004739336493,0.061611374407582936,0.037914691943127965,0.014218009478672985,0.009478672985781991,0.037914691943127965,0.052132701421800945,0.014218009478672985,0.07109004739336493,0.0947867298578199,0.061611374407582936,0.04265402843601896,0.07109004739336493,0.06635071090047394,0.06635071090047394,0.06635071090047394,0.023696682464454975,0.04739336492890995,0.04739336492890995,0,4,1,0,0,0,0,3,4,3,2,0,1,0,0,2,2,1,0,0,0,0,1,0,2,0,0,0,0,0,1,0,1,1,0,0,0,0,0,0,1,0,0,0,0,0,0,0,0,1,2,2,2,1,1,0,5,14,1,4,3,0,0,3,2,2,0,2,2,0,2,2,2,2,0,0,0,1,1,4,1,0,1,0,0,0,0,0,1,0,0,0,0,0,0,0,0,0,1,4,1,1,2,0,0,1,3,2,1,2,0,0,2,4,2,1,1,2,0,1,1,0,0,0,1,1,2,2,0,0,0,2,0,0,0,1,1,2,0,0,0,0,0,0,2,0,0,2,0,1,0,0,0,0,0,2,3,0,1,0,0,0,0,1,0,2,0,0,0,2,1,0,1,0,0,0,0,2,0,0,1,0,0,1,1,0,0,0,0,0,0,0,0,1,0,0,1,3,0,0,0,0,0,0,3,0,1,2,0,0,3,1,2,1,1,0,2,0,0,0,0,1,0,0,1,0,1,0,0,0,0,0,1,1,1,0,2,0,0,0,0,0,0,0,0,0,0,0,0,0,0,0,0,1,1,0,0,0,0,1,0,3,1,0,0,0,0,0,1,0,1,1,0,0,1,1,0,1,0,0,0,0,2,1,0,0,0,0,0,0,0,0,0,0,0,0,0,0,0,0,0,0,0,0,0,0,0,0,0,0,0,0,0,0,0,0,0,0,0,0,0,0,0,2,1,0,0,0,0,0,0,0,0,0,0,0,0,0,0,0,0,0,0,-0.7285714285714285,-1.0523809523809524,-0.8904761904761904,-1.5238095238095237,-1.8476190476190477,-0.861904761904762,-1.119047619047619,-1.7619047619047619,-1.138095238095238,-0.8571428571428571,-0.7523809523809524,-0.8,-0.45714285714285713,-0.9428571428571428,-1.5142857142857142,-0.5333333333333333,-0.4142857142857143,-1.8666666666666667,-0.7714285714285715,-0.7523809523809524
Q12358,0.055825242718446605,0.05339805825242718,0.04611650485436893,0.06796116504854369,0.0024271844660194173,0.043689320388349516,0.06796116504854369,0.055825242718446605,0.04611650485436893,0.04611650485436893,0.0970873786407767,0.06310679611650485,0.0024271844660194173,0.04854368932038835,0.06553398058252427,0.07281553398058252,0.050970873786407765,0.012135922330097087,0.038834951456310676,0.06310679611650485,4,2,4,2,1,2,0,1,5,1,4,3,3,0,1,3,2,3,1,2,0,0,3,1,0,3,2,0,2,3,0,2,2,0,0,2,3,3,0,0,2,0,0,0,0,0,0,0,0,4,4,3,4,3,3,0,4,2,4,4,3,3,0,1,4,5,0,1,4,0,5,7,4,2,2,0,0,2,4,1,0,3,2,0,1,4,3,5,0,4,0,0,0,0,0,1,0,0,0,1,1,1,0,2,0,1,7,3,4,3,2,1,1,4,4,4,1,2,0,1,3,0,3,0,2,0,0,0,1,0,1,2,0,3,3,2,2,0,1,0,0,0,0,0,0,0,0,4,0,3,0,2,2,0,3,4,2,4,1,6,0,1,4,1,1,0,2,0,2,2,0,2,1,0,0,2,2,1,2,1,0,0,1,1,0,1,2,1,0,0,0,0,0,0,0,0,1,5,1,0,2,0,0,6,1,2,2,1,2,0,0,2,3,0,1,0,0,2,1,1,0,0,1,0,1,5,1,1,2,0,0,1,1,1,0,1,0,0,0,0,0,0,0,0,0,2,5,0,2,1,1,0,6,1,3,2,1,0,0,1,4,2,1,0,1,0,1,4,3,0,2,1,0,2,0,2,0,0,0,0,3,1,0,3,1,0,0,0,0,0,0,0,0,0,0,0,0,0,0,0,0,0,0,0,0,0,0,0,0,0,0,0,0,0,0,0,0,0,0,0,0,0,0,0,0,0,1,0,0,0,0,0,0,0,0,0,0,0,0,0,0,0,0,-0.5961070559610706,-0.7518248175182481,-0.9294403892944039,-0.7834549878345499,-2.272506082725061,-0.5742092457420924,-0.5474452554744526,-1.4768856447688565,-0.6885644768856448,-1.2822384428223845,-1.072992700729927,-0.8734793187347932,-1.0291970802919708,-1.2043795620437956,-1.072992700729927,-0.5936739659367397,-0.5571776155717761,-2.0413625304136254,-0.9294403892944039,-1.002433090024331
Q12365,0.02857142857142857,0.08311688311688312,0.07272727272727272,0.08051948051948052,0.005194805194805195,0.04935064935064935,0.09350649350649351,0.04155844155844156,0.023376623376623377,0.03896103896103896,0.1012987012987013,0.07792207792207792,0.015584415584415584,0.04155844155844156,0.03896103896103896,0.08571428571428572,0.04935064935064935,0.005194805194805195,0.04415584415584416,0.023376623376623377,2,0,2,0,0,1,0,0,5,4,0,1,2,0,0,1,3,2,1,0,0,1,0,0,0,1,1,0,0,0,1,0,2,0,0,0,0,0,2,2,2,0,0,0,0,0,0,0,0,1,3,1,1,1,1,0,4,7,2,2,2,6,0,1,3,2,3,6,1,0,0,2,5,0,1,1,0,1,0,3,2,0,2,0,2,3,5,4,3,4,0,0,0,0,0,0,0,0,1,2,0,1,1,0,0,0,4,3,3,3,3,0,1,3,1,3,2,2,0,1,4,3,1,1,6,0,0,3,5,1,5,1,0,0,2,2,1,3,2,0,0,0,0,0,0,0,0,1,6,2,0,0,0,0,1,3,2,2,1,3,0,1,3,2,2,1,4,0,0,0,1,0,1,1,0,0,5,1,2,0,0,0,1,3,0,2,4,1,0,1,0,0,0,0,0,0,0,1,2,0,0,2,0,1,2,4,0,1,3,0,0,4,4,4,4,2,0,2,3,2,0,2,1,1,1,2,3,2,1,2,0,0,1,0,1,3,1,0,0,0,0,0,0,0,0,0,0,0,1,1,1,0,2,2,1,2,0,3,0,2,2,0,2,1,1,0,4,3,3,2,2,1,0,3,1,5,4,3,1,0,0,1,1,5,2,3,1,0,1,0,0,0,0,0,0,0,0,0,0,1,0,0,0,0,0,0,1,0,0,0,0,0,0,0,0,0,0,0,0,0,0,0,0,0,0,0,0,0,0,0,0,0,0,0,0,0,0,0,0,0,0,0,0,-0.3151041666666667,0.1640625,-0.22916666666666666,-0.3151041666666667,-2.3411458333333335,0.5911458333333334,0.7473958333333334,-1.3697916666666667,-0.8229166666666666,-1.3359375,-0.8723958333333334,0.46875,-0.859375,-1.9036458333333333,-1.4166666666666667,0.1328125,-0.3151041666666667,-2.5989583333333335,-1.4088541666666667,-1.2552083333333333
Q12390,0.07725321888412018,0.055793991416309016,0.030042918454935622,0.04291845493562232,0.008583690987124463,0.030042918454935622,0.07725321888412018,0.07296137339055794,0.02575107296137339,0.060085836909871244,0.10300429184549356,0.07725321888412018,0.03862660944206009,0.030042918454935622,0.055793991416309016,0.04291845493562232,0.05150214592274678,0.012875536480686695,0.04291845493562232,0.06437768240343347,1,3,1,1,1,0,0,5,3,3,1,1,1,0,2,4,3,0,0,1,1,0,2,2,1,0,1,0,2,1,0,1,1,2,0,0,3,0,0,0,1,1,0,0,0,0,0,0,0,4,4,4,2,2,2,0,2,2,3,0,1,2,0,4,2,0,2,2,3,0,1,1,0,0,0,0,0,3,0,0,1,2,1,0,3,5,0,0,0,0,0,0,0,0,0,0,0,0,0,1,2,2,0,2,0,2,2,4,0,2,2,0,0,2,0,2,1,0,0,1,1,1,0,2,0,0,1,1,1,1,1,1,0,1,1,2,0,0,0,0,0,0,0,0,0,1,0,0,0,1,0,1,0,0,2,0,1,1,2,0,0,1,2,1,0,1,0,0,0,1,2,0,0,0,0,1,1,1,0,0,1,0,1,0,0,0,1,0,0,0,0,0,0,0,0,0,0,4,2,1,1,0,0,3,0,0,0,0,1,0,0,0,0,1,2,0,0,0,1,1,2,2,1,0,1,0,1,2,0,0,0,2,1,0,0,2,0,0,0,0,0,0,0,0,0,2,2,1,0,2,1,0,4,3,2,0,1,2,0,0,2,0,0,0,0,0,0,0,0,0,0,0,0,0,1,0,2,0,0,0,0,2,0,0,0,0,0,0,0,0,0,0,1,0,0,0,0,0,0,0,0,0,0,0,0,0,0,0,0,0,0,0,0,0,0,0,0,0,0,0,0,0,0,0,0,0,0,0,0,1,0,0,0,0,1,0,0,0,0,0,0,0,0,-0.6422413793103449,-1.2974137931034482,-1.146551724137931,-1.2155172413793103,-1.9396551724137931,-0.9482758620689655,-0.7370689655172413,-1.9008620689655173,-1.043103448275862,-1.228448275862069,-0.9051724137931034,-0.7931034482758621,-0.8103448275862069,-1.1077586206896552,-1.521551724137931,-1.0301724137931034,-0.9137931034482759,-1.9439655172413792,-0.9482758620689655,-1.0646551724137931
Q12440,0.031652989449003514,0.041031652989449004,0.08089097303634232,0.06565064478311841,0.01406799531066823,0.032825322391559206,0.06330597889800703,0.02579132473622509,0.023446658851113716,0.0738569753810082,0.1324736225087925,0.07854630715123095,0.021101992966002344,0.05509964830011723,0.03634232121922626,0.06565064478311841,0.05861664712778429,0.015240328253223915,0.03985932004689332,0.044548651817116064,1,3,0,0,1,1,0,2,4,6,6,4,3,0,0,4,4,0,4,0,1,6,2,3,1,2,4,0,2,4,3,1,0,1,0,2,6,0,3,1,1,0,0,1,0,0,0,0,0,2,6,7,5,4,2,1,11,13,12,10,6,9,0,9,11,11,11,5,5,0,1,11,11,7,4,3,0,3,10,4,4,4,4,0,1,11,12,4,9,6,0,1,1,0,1,2,0,0,1,2,2,7,1,4,0,3,12,9,5,8,5,1,5,9,7,5,2,3,0,1,11,5,2,3,5,0,3,8,0,4,4,0,0,2,5,4,4,1,0,1,0,0,0,1,1,0,0,0,6,1,4,1,2,0,3,10,12,6,5,12,1,2,5,4,7,6,3,0,2,9,1,1,1,0,0,1,5,0,3,1,2,0,2,5,1,2,2,2,0,0,0,0,0,0,0,0,0,4,2,1,3,3,0,2,10,7,7,4,7,1,1,4,2,1,1,3,0,2,9,3,1,1,0,0,3,2,1,2,0,2,1,0,3,1,1,4,1,0,0,2,0,0,0,0,0,1,4,1,1,1,1,0,6,11,6,2,1,5,2,0,10,4,2,1,3,1,2,6,3,2,1,1,0,0,8,3,2,2,1,1,2,3,3,1,0,3,1,0,1,0,1,0,0,0,1,0,0,0,0,0,0,0,1,0,1,1,2,0,0,0,0,0,0,0,0,0,1,1,0,0,1,0,1,1,1,0,0,0,0,0,0,0,0,0,0,0,0,0,0,0,0,0,0,-0.8321596244131455,-0.6643192488262911,-0.5610328638497653,-0.8016431924882629,-1.9694835680751173,-0.30164319248826293,-0.3215962441314554,-1.8345070422535212,-0.960093896713615,-0.8028169014084507,-0.6502347417840375,-0.29694835680751175,-0.5352112676056338,-1.1631455399061033,-1.5892018779342723,-0.38497652582159625,-0.4448356807511737,-2.323943661971831,-0.9847417840375586,-0.8098591549295775
Q12446,0.09636650868878358,0.04897314375987362,0.0631911532385466,0.04107424960505529,0.001579778830963665,0.06477093206951026,0.03475513428120063,0.061611374407582936,0.017377567140600316,0.02843601895734597,0.06635071090047394,0.037914691943127965,0.014218009478672985,0.03317535545023697,0.1769352290679305,0.07424960505529225,0.07424960505529225,0.004739336492890996,0.017377567140600316,0.04265402843601896,10,8,8,3,3,1,0,9,11,7,2,2,1,1,5,5,7,4,1,1,0,2,3,4,2,2,1,0,1,4,1,2,6,0,0,2,2,1,2,1,1,0,0,0,0,0,0,0,0,12,11,7,5,4,2,0,20,48,11,5,4,3,0,8,4,4,8,2,3,0,2,1,7,4,0,0,0,2,1,1,4,0,1,0,2,2,1,1,1,1,0,0,0,0,0,0,1,0,3,8,3,4,2,3,0,7,7,2,0,3,1,0,4,5,8,6,1,2,0,3,10,6,5,1,1,0,0,0,1,1,3,3,0,5,3,0,0,0,2,0,0,0,0,0,0,0,0,5,1,3,1,1,0,0,3,15,4,4,0,3,0,5,3,4,7,3,1,0,0,8,3,5,1,2,0,0,1,1,3,0,1,0,0,1,2,2,0,2,0,0,0,0,0,0,0,0,3,0,1,0,1,2,0,2,6,1,1,0,0,0,1,2,1,0,1,0,0,3,4,2,3,1,1,0,2,4,1,4,2,0,0,1,2,1,1,1,0,0,0,0,0,0,0,0,0,0,5,2,1,3,1,0,0,4,4,2,0,0,0,0,1,2,1,0,3,0,1,3,1,0,1,1,0,2,0,0,0,2,1,0,2,0,2,1,2,0,0,0,0,0,0,0,0,0,0,0,0,0,0,0,0,0,0,0,0,0,0,0,0,0,0,0,0,0,0,0,0,0,0,0,0,0,0,0,0,0,0,0,0,0,0,0,0,0,1,0,0,0,0,0,0,0,0,0.24050632911392406,-0.5585443037974683,-1.1772151898734178,-1.5158227848101267,-2.8797468354430378,0.3971518987341772,-0.7658227848101266,-0.6787974683544303,-0.9050632911392406,-1.9462025316455696,-1.5348101265822784,-0.6724683544303798,-1.2183544303797469,-2.412974683544304,2.259493670886076,0.7689873417721519,0.4272151898734177,-3.324367088607595,-1.6455696202531647,-0.9509493670886076
Q12462,0.09322033898305085,0.059322033898305086,0.046610169491525424,0.05084745762711865,0.012711864406779662,0.05508474576271186,0.0211864406779661,0.0423728813559322,0.0211864406779661,0.03389830508474576,0.1483050847457627,0.07203389830508475,0.01694915254237288,0.05508474576271186,0.01694915254237288,0.06779661016949153,0.0423728813559322,0.0211864406779661,0.03389830508474576,0.08898305084745763,2,3,3,2,0,1,0,3,7,2,2,2,0,0,2,4,2,0,0,1,0,0,2,2,0,0,2,1,3,1,0,1,1,1,0,0,1,0,1,0,0,0,0,0,0,0,0,0,0,2,2,3,1,3,0,0,2,1,3,3,9,0,0,2,1,2,1,0,2,0,3,0,1,2,2,0,1,3,4,1,1,4,0,0,0,0,1,0,0,0,0,0,0,0,0,0,0,0,2,6,1,0,2,1,0,2,1,2,2,1,0,0,1,2,0,2,1,0,0,0,2,1,1,1,0,0,1,0,0,0,0,1,0,1,0,0,1,0,1,1,0,0,0,0,0,0,0,1,0,0,3,0,0,0,1,3,0,2,1,0,0,3,0,2,2,1,1,0,1,2,1,0,0,0,0,1,2,0,0,0,0,0,0,1,2,0,0,2,0,1,0,0,1,0,0,0,3,5,2,0,1,0,0,3,5,0,0,0,1,0,1,0,0,0,0,0,0,0,0,1,0,0,2,0,2,2,0,1,0,0,0,0,0,0,1,1,0,0,0,0,0,0,0,0,0,1,0,0,1,0,0,0,0,1,1,0,0,0,0,2,1,0,0,0,0,0,0,1,3,0,0,1,0,1,0,0,0,0,0,0,1,0,0,2,0,0,0,1,0,0,0,0,0,0,0,0,1,0,1,0,0,0,0,0,0,0,0,0,0,0,0,0,0,0,0,0,0,0,1,0,0,0,0,0,0,0,0,0,0,0,0,0,0,0,0,0,0,0,0,0,0,0,0,-0.32340425531914896,-0.7574468085106383,-1.025531914893617,-1.4425531914893617,-1.6382978723404256,-0.6553191489361702,-0.9829787234042553,-1.348936170212766,-1.3148936170212766,-0.7106382978723405,-0.3148936170212766,-0.5829787234042553,-0.5404255319148936,-1.0595744680851065,-1.7106382978723405,-0.28085106382978725,-0.451063829787234,-1.7106382978723405,-1.0468085106382978,-0.6382978723404256
Q12514,0.02857142857142857,0.044642857142857144,0.05892857142857143,0.09107142857142857,0.010714285714285714,0.05357142857142857,0.09464285714285714,0.019642857142857142,0.017857142857142856,0.05,0.08214285714285714,0.10535714285714286,0.02142857142857143,0.048214285714285716,0.05714285714285714,0.0875,0.05,0.010714285714285714,0.03571428571428571,0.03214285714285714,0,2,0,1,0,0,0,1,3,3,2,2,2,0,1,0,1,2,2,2,0,0,0,3,0,0,2,0,0,0,1,1,2,1,0,0,1,2,2,4,1,0,0,0,0,0,1,0,0,1,1,1,1,1,4,0,2,9,6,6,5,4,0,3,2,9,1,4,6,0,1,5,6,3,2,3,0,1,2,2,1,4,7,0,0,4,3,4,5,10,1,0,1,0,1,0,1,0,0,5,2,3,1,1,0,2,3,8,5,1,3,1,4,8,2,5,3,2,0,0,2,3,1,1,3,1,2,6,2,1,3,2,0,3,7,2,4,2,3,0,0,0,0,0,0,0,0,0,1,0,0,0,2,1,2,9,1,1,4,4,0,3,5,5,1,3,2,0,1,4,2,2,1,2,0,0,1,1,3,1,2,0,1,4,4,2,2,1,0,0,0,0,0,1,0,0,1,3,2,0,2,1,0,1,5,4,1,1,7,0,0,4,5,0,2,3,0,0,4,4,0,2,1,0,1,7,5,2,3,0,0,2,4,4,1,2,0,0,0,0,0,0,0,0,0,1,1,2,0,1,2,0,1,3,2,5,3,7,2,1,4,3,2,2,6,0,2,5,1,6,2,3,0,5,3,3,3,4,0,0,1,3,3,5,3,3,0,1,0,0,0,0,0,0,0,0,1,0,0,0,0,0,0,1,0,0,0,0,0,0,0,0,0,0,0,0,1,0,0,0,0,0,0,0,0,0,1,1,0,0,0,0,1,0,0,0,0,0,0,0,0,0,0,-0.34525939177101966,-0.08765652951699464,-0.46869409660107336,-0.24150268336314848,-2.3130590339892665,0.6386404293381037,0.8497316636851521,-1.6135957066189623,-0.6618962432915921,-1.257602862254025,-0.7352415026833632,0.4400715563506261,-0.6654740608228981,-1.6797853309481217,-0.6708407871198568,-0.007155635062611807,-0.2003577817531306,-2.48479427549195,-1.3631484794275492,-1.2110912343470484
Q3E7C1,0.06944444444444445,0.041666666666666664,0.06944444444444445,0.08333333333333333,0.013888888888888888,0.041666666666666664,0.09722222222222222,0.013888888888888888,0.027777777777777776,0.06944444444444445,0.1388888888888889,0.08333333333333333,0.041666666666666664,0.013888888888888888,0.041666666666666664,0.05555555555555555,0.013888888888888888,0.0,0.013888888888888888,0.06944444444444445,0,0,0,0,1,0,0,1,1,0,0,0,2,0,0,0,0,0,0,0,0,0,0,0,0,0,0,0,1,1,1,0,1,0,0,0,1,0,0,0,0,0,0,0,0,0,0,0,0,1,1,0,0,1,0,0,1,1,0,1,1,0,0,0,1,0,0,0,0,0,1,1,2,0,1,0,0,0,0,0,1,0,0,0,1,0,1,1,0,1,1,0,0,0,0,0,0,0,0,0,0,0,0,0,0,0,1,0,3,0,1,0,0,0,0,0,1,0,0,0,0,0,0,0,0,0,1,0,0,0,0,0,0,0,0,0,0,0,1,0,0,0,0,0,0,0,0,0,2,0,0,0,0,0,0,1,0,0,0,1,0,0,1,0,0,0,1,0,0,0,0,0,0,1,0,1,0,1,0,0,0,0,0,0,0,0,0,1,0,0,0,0,0,0,0,0,0,1,1,0,1,1,0,0,0,1,0,0,0,0,0,2,0,0,0,0,0,0,1,0,0,0,0,0,1,0,0,0,0,0,0,0,0,0,0,0,0,0,0,0,0,0,0,0,0,0,0,0,0,1,0,0,1,0,0,1,0,1,0,0,1,1,0,0,0,0,0,0,0,0,1,0,0,0,0,0,0,0,0,0,0,2,1,0,0,2,0,0,0,0,1,0,0,0,0,0,0,0,0,0,0,0,0,0,0,0,0,0,0,0,0,0,0,0,0,1,0,0,0,0,0,0,0,0,0,0,0,0,0,0,0,0,0,0,0,0,0,0,0,0,0,0,0,-0.9436619718309859,-0.7746478873239436,-0.7887323943661971,-0.676056338028169,-2.4225352112676055,-0.22535211267605634,0.09859154929577464,-2.2816901408450705,-1.1690140845070423,-0.9436619718309859,-1.0845070422535212,-0.5070422535211268,-0.7323943661971831,-1.7183098591549295,-1.6338028169014085,-0.5915492957746479,-0.7183098591549296,-2.6056338028169015,-1.4788732394366197,-0.8309859154929577
Q92331,0.057777777777777775,0.047407407407407405,0.06518518518518518,0.06814814814814815,0.002962962962962963,0.04,0.1037037037037037,0.04296296296296296,0.013333333333333334,0.05333333333333334,0.08888888888888889,0.0874074074074074,0.016296296296296295,0.047407407407407405,0.037037037037037035,0.1037037037037037,0.05185185185185185,0.008888888888888889,0.017777777777777778,0.045925925925925926,4,3,6,2,2,2,0,1,5,8,2,4,4,0,3,5,5,2,2,4,0,2,3,0,2,2,1,0,4,2,2,1,2,1,0,4,3,2,3,0,1,0,0,0,0,0,0,0,0,6,4,2,1,5,2,0,5,8,5,5,2,8,0,5,2,9,7,5,7,0,3,2,5,2,3,3,0,4,1,2,1,3,6,0,2,3,5,5,6,8,0,0,0,0,0,0,1,0,3,6,4,3,0,0,0,4,6,6,4,3,5,0,1,10,2,3,3,5,0,2,7,3,1,5,2,0,1,5,2,2,4,2,0,4,6,4,4,2,3,0,0,0,0,0,0,0,0,2,3,2,1,1,2,0,2,4,4,3,1,6,0,1,2,2,2,3,4,0,1,4,0,4,2,1,0,0,4,2,1,4,3,0,0,5,0,1,4,4,0,0,1,0,0,0,0,0,0,3,4,1,1,3,0,2,2,6,1,4,4,0,3,3,2,2,3,2,0,2,1,3,1,1,2,0,2,3,5,2,1,4,0,6,4,4,1,1,2,0,0,0,0,0,0,0,0,4,5,3,2,3,4,0,6,8,6,2,2,2,1,3,6,4,4,0,1,0,1,3,3,2,1,5,1,1,4,2,3,3,2,0,5,6,4,2,1,0,0,0,0,0,0,0,0,0,0,0,0,0,0,0,0,0,0,0,0,1,0,0,0,0,0,0,0,0,0,0,0,0,0,0,0,0,0,0,0,0,0,0,0,0,0,0,0,1,0,0,0,0,0,0,0,0,0,-0.5682492581602374,-0.4094955489614243,-0.3353115727002967,-0.3516320474777448,-2.234421364985163,0.004451038575667656,0.11275964391691394,-1.4658753709198813,-0.6824925816023739,-1.0489614243323442,-0.870919881305638,-0.21513353115727002,-0.7670623145400594,-1.3071216617210681,-1.0237388724035608,-0.002967359050445104,-0.3219584569732938,-2.3590504451038576,-1.2210682492581602,-0.9347181008902077
Q99210,0.03017241379310345,0.02586206896551724,0.05172413793103448,0.07758620689655173,0.017241379310344827,0.021551724137931036,0.09051724137931035,0.06896551724137931,0.008620689655172414,0.11206896551724138,0.07327586206896551,0.08620689655172414,0.021551724137931036,0.03879310344827586,0.04741379310344827,0.04741379310344827,0.05603448275862069,0.008620689655172414,0.05603448275862069,0.0603448275862069,3,0,1,3,0,1,0,1,2,0,0,0,2,0,2,2,2,1,1,2,0,2,1,1,0,0,0,0,0,1,1,1,0,0,0,2,3,0,0,1,0,0,0,1,0,0,0,0,0,3,2,1,0,1,2,0,4,7,2,2,4,4,0,2,0,2,1,1,1,0,0,0,1,1,0,3,0,1,3,1,1,1,3,0,0,2,4,2,0,1,0,0,0,0,0,0,0,0,2,2,1,0,1,0,0,2,2,0,0,1,1,0,2,0,2,1,1,2,0,2,0,1,0,1,0,0,0,2,1,1,1,2,0,3,0,1,0,0,2,1,0,2,0,0,0,0,0,0,1,1,1,1,2,0,0,2,0,1,1,0,0,0,0,2,1,1,0,0,1,0,1,0,0,0,0,0,1,0,0,0,0,0,0,1,0,0,1,2,0,0,0,0,0,0,0,0,0,0,2,0,0,0,0,1,3,2,0,2,1,0,0,1,0,0,1,1,1,1,1,0,1,0,1,0,0,1,0,1,0,0,0,0,4,1,0,0,0,0,0,0,0,0,0,0,0,0,0,3,0,0,1,1,1,5,2,2,1,1,0,0,3,1,0,2,1,1,0,2,0,0,0,0,0,1,1,1,0,0,0,0,0,2,2,0,1,3,0,1,0,0,0,0,0,0,0,0,1,0,0,0,0,0,2,0,0,1,0,0,0,0,0,0,0,0,0,0,0,0,0,0,0,0,0,0,0,0,0,0,0,0,0,0,0,0,0,0,0,0,0,0,0,0,0,-0.7142857142857143,-1.5454545454545454,-2.090909090909091,-1.9653679653679654,-2.445887445887446,-1.4242424242424243,-1.393939393939394,-2.1125541125541125,-1.852813852813853,-1.696969696969697,-1.4891774891774892,-1.6883116883116882,-1.670995670995671,-2.2987012987012987,-2.4155844155844157,-1.1428571428571428,-1.3766233766233766,-3.0606060606060606,-2.316017316017316,-1.3852813852813852
Q99288,0.029940119760479042,0.08982035928143713,0.06287425149700598,0.0688622754491018,0.014970059880239521,0.029940119760479042,0.08083832335329341,0.059880239520958084,0.03592814371257485,0.04790419161676647,0.0718562874251497,0.05688622754491018,0.020958083832335328,0.04790419161676647,0.03592814371257485,0.05688622754491018,0.05389221556886228,0.011976047904191617,0.04491017964071856,0.07784431137724551,3,0,3,1,1,2,0,1,1,0,2,1,2,0,2,0,1,2,3,1,0,2,5,4,0,3,1,0,0,3,2,0,1,1,0,1,1,0,1,2,1,2,0,0,0,0,0,0,0,2,2,2,3,4,1,0,4,2,3,2,2,1,0,3,1,1,0,2,4,1,3,1,1,2,2,1,0,3,3,1,1,1,0,0,1,1,2,2,0,3,0,0,0,0,0,0,0,0,3,1,2,4,0,2,0,2,2,4,0,1,1,0,0,3,2,2,1,2,0,0,3,0,1,2,0,0,0,1,2,1,3,0,0,2,1,1,1,3,4,0,0,0,0,0,1,0,0,0,1,2,1,0,1,0,4,2,3,3,1,2,0,2,2,1,0,0,3,0,0,2,0,0,0,2,0,2,4,1,2,0,1,0,0,0,1,0,1,3,0,0,0,0,0,0,0,0,1,2,0,3,2,1,0,1,6,2,2,3,1,0,1,4,3,1,0,1,0,0,2,1,0,2,0,0,1,0,3,0,1,1,0,0,0,1,2,1,0,0,0,0,0,0,0,0,0,1,1,0,3,0,1,0,2,1,0,0,0,2,0,4,0,1,1,1,1,0,0,2,2,1,1,1,0,2,4,1,1,0,1,0,2,2,2,1,2,0,2,0,2,1,0,0,1,0,0,0,0,0,0,0,0,0,0,0,1,1,0,0,0,0,0,0,0,0,0,0,0,0,0,0,0,0,1,0,0,0,0,0,0,0,0,1,0,0,0,0,0,0,0,0,0,0,0,-0.8138138138138138,-0.6546546546546547,-0.6006006006006006,-0.984984984984985,-2.066066066066066,-0.46846846846846846,-0.4804804804804805,-1.5915915915915917,-0.8498498498498499,-1.3663663663663663,-1.3333333333333333,-0.5615615615615616,-0.8918918918918919,-1.5375375375375375,-1.6576576576576576,-0.45345345345345345,-0.5735735735735735,-2.3183183183183185,-1.12012012012012,-1.093093093093093
Q99312,0.05333333333333334,0.06888888888888889,0.042222222222222223,0.07333333333333333,0.008888888888888889,0.04666666666666667,0.07555555555555556,0.06222222222222222,0.022222222222222223,0.06444444444444444,0.10888888888888888,0.04666666666666667,0.011111111111111112,0.04666666666666667,0.04,0.07555555555555556,0.044444444444444446,0.013333333333333334,0.03333333333333333,0.06222222222222222,2,5,3,3,1,4,0,5,6,3,4,2,5,0,2,2,0,2,1,1,0,0,3,0,1,1,2,0,3,2,2,2,1,0,0,1,3,1,1,0,5,0,0,0,0,0,1,0,0,4,8,0,2,4,1,1,5,2,6,6,2,4,0,6,6,1,4,3,3,1,1,7,3,2,2,5,0,2,2,1,3,2,1,0,1,2,3,2,2,5,1,0,0,1,0,0,0,0,7,8,0,0,0,2,0,5,3,2,4,0,1,0,4,0,2,1,1,2,0,3,1,2,1,1,0,0,2,3,1,0,1,3,0,3,4,1,2,0,1,0,1,0,0,0,0,0,0,0,1,3,0,1,1,0,3,4,9,1,3,0,0,2,1,4,0,2,3,0,0,3,0,0,1,0,0,0,2,1,1,2,0,0,1,2,1,1,1,2,0,0,0,0,0,0,0,0,2,1,1,2,3,0,0,2,7,0,2,2,2,0,1,1,1,1,2,1,0,0,2,4,0,0,1,0,1,3,2,1,1,0,0,3,2,0,0,1,0,0,0,0,0,0,0,0,0,2,2,1,0,1,3,0,0,3,4,3,2,4,1,2,4,3,0,1,1,0,1,4,3,0,1,0,0,1,2,0,0,1,2,0,0,4,4,3,2,1,0,0,0,0,1,0,0,0,1,0,0,0,0,0,0,0,0,0,0,0,0,0,0,1,0,0,0,0,0,1,0,0,0,0,0,0,0,1,0,0,0,0,0,0,0,0,0,0,0,0,0,0,0,0,0,0,0,-0.6169265033407573,-0.8641425389755011,-0.9643652561247216,-0.9866369710467706,-1.8841870824053453,-0.5991091314031181,-0.7060133630289532,-1.6325167037861916,-1.21826280623608,-1.153674832962138,-1.0267260579064588,-0.6614699331848553,-0.8819599109131403,-1.4610244988864143,-1.4966592427616927,-0.5211581291759465,-0.5924276169265034,-2.267260579064588,-1.1848552338530067,-0.9844097995545658
