Identifier A,Identifier B,Interaction,negative_source,config_probability,degree_a,degree_b,common_neighbor_count,l3_path_count,shortest_path_distance
P00447,P23337,1,,,,,,,
P00812,P38822,1,,,,,,,
P00830,P06701,1,,,,,,,
P00830,P06843,1,,,,,,,
P00830,P12753,1,,,,,,,
P00830,P16522,1,,,,,,,
P00830,P21304,1,,,,,,,
P00830,P22216,1,,,,,,,
P00830,P24719,1,,,,,,,
P00830,P25342,1,,,,,,,
P00830,P32468,1,,,,,,,
P00830,P39743,1,,,,,,,
P00830,P61829,1,,,,,,,
P00830,P81449,1,,,,,,,
P00830,Q12446,1,,,,,,,
P00927,P25454,1,,,,,,,
P02829,P04821,1,,,,,,,
P02829,P12753,1,,,,,,,
P02829,P15442,1,,,,,,,
P02829,P23561,1,,,,,,,
P02829,P25638,1,,,,,,,
P02829,P32468,1,,,,,,,
P02829,P32797,1,,,,,,,
P02829,Q08601,1,,,,,,,
P03962,P25367,1,,,,,,,
P04386,P04387,1,,,,,,,
P04807,P25342,1,,,,,,,
P04807,P39743,1,,,,,,,
P04821,P38272,1,,,,,,,
P05453,P30771,1,,,,,,,
P05453,P31539,1,,,,,,,
P05453,P53617,1,,,,,,,
P05453,Q92331,1,,,,,,,
P06700,P11978,1,,,,,,,
P06700,P54786,1,,,,,,,
P06700,Q00684,1,,,,,,,
P06701,P09938,1,,,,,,,
P06701,P11978,1,,,,,,,
P06701,P15992,1,,,,,,,
P06701,P17709,1,,,,,,,
P06701,P32861,1,,,,,,,
P06701,P54786,1,,,,,,,
P06778,P25454,1,,,,,,,
P06778,Q12306,1,,,,,,,
P06782,P11075,1,,,,,,,
P06782,P12904,1,,,,,,,
P06782,P24719,1,,,,,,,
P06782,P40151,1,,,,,,,
P06782,P46954,1,,,,,,,
P06786,P32458,1,,,,,,,
P06786,P34730,1,,,,,,,
P06786,P43639,1,,,,,,,
P06786,Q12159,1,,,,,,,
P06786,Q12306,1,,,,,,,
P06843,P16522,1,,,,,,,
P06843,P17709,1,,,,,,,
P06843,P43639,1,,,,,,,
P07270,Q02939,1,,,,,,,
P07272,P32796,1,,,,,,,
P08638,P16522,1,,,,,,,
P08964,Q06410,1,,,,,,,
P09201,Q00582,1,,,,,,,
P09798,P16522,1,,,,,,,
P09798,P38042,1,,,,,,,
P09798,P53886,1,,,,,,,
P09798,Q12440,1,,,,,,,
P09938,P21524,1,,,,,,,
P0C0X0,P39998,1,,,,,,,
P10862,P21264,1,,,,,,,
P10862,P32849,1,,,,,,,
P10862,P57743,1,,,,,,,
P11075,P14291,1,,,,,,,
P11746,Q12020,1,,,,,,,
P11978,P15992,1,,,,,,,
P11978,P34730,1,,,,,,,
P11978,P54786,1,,,,,,,
P12753,P16474,1,,,,,,,
P12753,P32829,1,,,,,,,
P12753,P32908,1,,,,,,,
P12753,P46946,1,,,,,,,
P12753,Q04477,1,,,,,,,
P12904,P34730,1,,,,,,,
P12904,P43639,1,,,,,,,
P12904,P47129,1,,,,,,,
P12904,Q00684,1,,,,,,,
P14291,P20050,1,,,,,,,
P14291,P31111,1,,,,,,,
P14291,P50623,1,,,,,,,
P14291,Q12306,1,,,,,,,
P14741,P15992,1,,,,,,,
P14741,P21264,1,,,,,,,
P14741,P32505,1,,,,,,,
P14741,P40089,1,,,,,,,
P14741,P47017,1,,,,,,,
P14741,Q12329,1,,,,,,,
P14904,P15992,1,,,,,,,
P14904,P19262,1,,,,,,,
P15873,P17709,1,,,,,,,
P15873,P43605,1,,,,,,,
P15992,P16649,1,,,,,,,
P15992,P21304,1,,,,,,,
P15992,P25342,1,,,,,,,
P15992,P32458,1,,,,,,,
P15992,P32468,1,,,,,,,
P15992,P39928,1,,,,,,,
P15992,Q00684,1,,,,,,,
P15992,Q04477,1,,,,,,,
P16474,P22216,1,,,,,,,
P16474,P24719,1,,,,,,,
P16474,P32361,1,,,,,,,
P16474,P32797,1,,,,,,,
P16474,P39743,1,,,,,,,
P16474,P41695,1,,,,,,,
P16474,Q04477,1,,,,,,,
P16522,P33419,1,,,,,,,
P16522,P38042,1,,,,,,,
P16522,P53886,1,,,,,,,
P16522,Q12440,1,,,,,,,
P16649,Q02100,1,,,,,,,
P17065,P32389,1,,,,,,,
P17106,P22216,1,,,,,,,
P17106,P32389,1,,,,,,,
P17106,P32504,1,,,,,,,
P17106,P40969,1,,,,,,,
P17106,Q06675,1,,,,,,,
P17555,P39743,1,,,,,,,
P17709,P25342,1,,,,,,,
P17709,P38272,1,,,,,,,
P17709,P39743,1,,,,,,,
P17709,Q00684,1,,,,,,,
P19262,P20967,1,,,,,,,
P19262,P38822,1,,,,,,,
P19262,P39743,1,,,,,,,
P19262,Q06410,1,,,,,,,
P19262,Q12306,1,,,,,,,
P21264,P53895,1,,,,,,,
P21304,P32908,1,,,,,,,
P21374,P32523,1,,,,,,,
P21374,Q03654,1,,,,,,,
P21374,Q04048,1,,,,,,,
P21524,Q08601,1,,,,,,,
P22216,P32797,1,,,,,,,
P22216,P34730,1,,,,,,,
P22216,P40969,1,,,,,,,
P22216,P47037,1,,,,,,,
P22804,Q03860,1,,,,,,,
P23337,P47011,1,,,,,,,
P23561,P32917,1,,,,,,,
P23561,P41697,1,,,,,,,
P23561,P47017,1,,,,,,,
P24279,P29469,1,,,,,,,
P24279,Q12306,1,,,,,,,
P24719,Q12329,1,,,,,,,
P25293,Q12159,1,,,,,,,
P25293,Q12263,1,,,,,,,
P25342,P32458,1,,,,,,,
P25342,P32468,1,,,,,,,
P25342,P34730,1,,,,,,,
P25342,Q12263,1,,,,,,,
P25454,P50623,1,,,,,,,
P25454,Q12306,1,,,,,,,
P26343,Q04411,1,,,,,,,
P27515,P47115,1,,,,,,,
P27515,Q12084,1,,,,,,,
P27515,Q12306,1,,,,,,,
P27895,P39723,1,,,,,,,
P28743,P33419,1,,,,,,,
P28795,P80667,1,,,,,,,
P29340,Q05568,1,,,,,,,
P29469,Q12306,1,,,,,,,
P30771,P47017,1,,,,,,,
P30822,P32618,1,,,,,,,
P30822,P39723,1,,,,,,,
P30822,P39998,1,,,,,,,
P30822,P47129,1,,,,,,,
P30822,Q12390,1,,,,,,,
P31111,Q12306,1,,,,,,,
P32458,P32468,1,,,,,,,
P32458,P50623,1,,,,,,,
P32458,P54786,1,,,,,,,
P32458,Q04921,1,,,,,,,
P32458,Q12134,1,,,,,,,
P32458,Q12263,1,,,,,,,
P32458,Q12329,1,,,,,,,
P32468,P38272,1,,,,,,,
P32468,P38339,1,,,,,,,
P32468,P38785,1,,,,,,,
P32468,P40460,1,,,,,,,
P32468,Q04477,1,,,,,,,
P32468,Q12263,1,,,,,,,
P32523,Q03654,1,,,,,,,
P32523,Q04048,1,,,,,,,
P32618,P47037,1,,,,,,,
P32618,P53253,1,,,,,,,
P32618,Q03954,1,,,,,,,
P32618,Q07457,1,,,,,,,
P32628,Q02939,1,,,,,,,
P32639,P57743,1,,,,,,,
P32796,P35056,1,,,,,,,
P32796,P40202,1,,,,,,,
P32797,Q12306,1,,,,,,,
P32829,P46946,1,,,,,,,
P32829,P53971,1,,,,,,,
P32861,P39743,1,,,,,,,
P32861,P40316,1,,,,,,,
P32861,Q12446,1,,,,,,,
P32908,P36094,1,,,,,,,
P32908,P40460,1,,,,,,,
P32908,P40957,1,,,,,,,
P32908,P47037,1,,,,,,,
P32908,P53253,1,,,,,,,
P32908,Q03954,1,,,,,,,
P32908,Q04477,1,,,,,,,
P32908,Q07457,1,,,,,,,
P32908,Q12306,1,,,,,,,
P33338,P39743,1,,,,,,,
P33338,Q12134,1,,,,,,,
P33338,Q12446,1,,,,,,,
P33419,P36094,1,,,,,,,
P33419,P38822,1,,,,,,,
P33419,P52891,1,,,,,,,
P33419,Q06410,1,,,,,,,
P33419,Q12365,1,,,,,,,
P33420,P38822,1,,,,,,,
P33420,P38930,1,,,,,,,
P33420,P40460,1,,,,,,,
P33420,Q06410,1,,,,,,,
P34730,P39928,1,,,,,,,
P34730,Q00684,1,,,,,,,
P34730,Q03898,1,,,,,,,
P35056,P53112,1,,,,,,,
P35056,P80667,1,,,,,,,
P35191,P38523,1,,,,,,,
P35191,P39743,1,,,,,,,
P35191,P40054,1,,,,,,,
P36036,Q12159,1,,,,,,,
P36068,P38272,1,,,,,,,
P36068,P40485,1,,,,,,,
P36068,P53971,1,,,,,,,
P38042,P53886,1,,,,,,,
P38042,Q12440,1,,,,,,,
P38147,P40054,1,,,,,,,
P38147,P40316,1,,,,,,,
P38147,P47017,1,,,,,,,
P38247,Q00582,1,,,,,,,
P38339,Q05080,1,,,,,,,
P38339,Q12446,1,,,,,,,
P38523,Q05580,1,,,,,,,
P38523,Q06410,1,,,,,,,
P38748,P53253,1,,,,,,,
P38785,P54786,1,,,,,,,
P38785,Q05080,1,,,,,,,
P38822,P39996,1,,,,,,,
P38822,P43605,1,,,,,,,
P38822,P53184,1,,,,,,,
P38822,Q00582,1,,,,,,,
P38822,Q04048,1,,,,,,,
P38822,Q06704,1,,,,,,,
P38822,Q12154,1,,,,,,,
P38822,Q12446,1,,,,,,,
P38853,P39723,1,,,,,,,
P38874,P42935,1,,,,,,,
P38874,Q02884,1,,,,,,,
P38874,Q02908,1,,,,,,,
P38874,Q04868,1,,,,,,,
P38874,Q06706,1,,,,,,,
P38930,P43639,1,,,,,,,
P39007,P41543,1,,,,,,,
P39007,P46964,1,,,,,,,
P39081,Q06410,1,,,,,,,
P39081,Q12102,1,,,,,,,
P39081,Q12159,1,,,,,,,
P39113,P46954,1,,,,,,,
P39723,Q06440,1,,,,,,,
P39743,P39928,1,,,,,,,
P39743,P40325,1,,,,,,,
P39743,P47129,1,,,,,,,
P39743,Q12134,1,,,,,,,
P39743,Q12446,1,,,,,,,
P39929,P52917,1,,,,,,,
P39929,P80667,1,,,,,,,
P39929,Q12033,1,,,,,,,
P39996,P40582,1,,,,,,,
P39998,Q12020,1,,,,,,,
P40054,Q05580,1,,,,,,,
P40073,Q03790,1,,,,,,,
P40073,Q05080,1,,,,,,,
P40073,Q12446,1,,,,,,,
P40089,P47017,1,,,,,,,
P40089,P57743,1,,,,,,,
P40316,P52891,1,,,,,,,
P40460,Q03954,1,,,,,,,
P40460,Q04477,1,,,,,,,
P40582,Q12066,1,,,,,,,
P40963,Q04003,1,,,,,,,
P40969,P50623,1,,,,,,,
P41543,P46964,1,,,,,,,
P41921,P52891,1,,,,,,,
P42935,Q02884,1,,,,,,,
P42935,Q02908,1,,,,,,,
P42935,Q04868,1,,,,,,,
P42935,Q06706,1,,,,,,,
P47017,P57743,1,,,,,,,
P47025,P54861,1,,,,,,,
P47037,Q07457,1,,,,,,,
P47095,Q06410,1,,,,,,,
P48361,Q03818,1,,,,,,,
P50623,Q12306,1,,,,,,,
P52917,Q12033,1,,,,,,,
P53112,P80667,1,,,,,,,
P53112,Q12334,1,,,,,,,
P53886,Q12440,1,,,,,,,
P80667,Q05568,1,,,,,,,
Q00684,Q12329,1,,,,,,,
Q02884,Q02908,1,,,,,,,
Q02884,Q04868,1,,,,,,,
Q02884,Q06706,1,,,,,,,
Q02908,Q04868,1,,,,,,,
Q02908,Q06706,1,,,,,,,
Q02939,Q3E7C1,1,,,,,,,
Q03654,Q04048,1,,,,,,,
Q03654,Q06410,1,,,,,,,
Q03790,Q06169,1,,,,,,,
Q03818,Q12306,1,,,,,,,
Q03954,Q12263,1,,,,,,,
Q04868,Q06706,1,,,,,,,
Q05080,Q06410,1,,,,,,,
Q05080,Q12446,1,,,,,,,
Q05791,Q06708,1,,,,,,,
Q06169,Q12066,1,,,,,,,
Q07457,Q08581,1,,,,,,,
Q08601,Q12329,1,,,,,,,
Q12329,Q12446,1,,,,,,,
Q12446,Q92331,1,,,,,,,
P28743,P39113,0,topology_cl3,0.0014970059880239522,1.0,1.0,0.0,0.0,-1.0
P08964,Q3E7C1,0,topology_cl3,0.0014970059880239522,1.0,1.0,0.0,0.0,-1.0
P47115,Q12365,0,topology_cl3,0.0014970059880239522,1.0,1.0,0.0,0.0,6.0
P40963,Q06440,0,topology_cl3,0.0014970059880239522,1.0,1.0,0.0,0.0,-1.0
P25638,P48361,0,topology_cl3,0.0014970059880239522,1.0,1.0,0.0,0.0,5.0
P27895,Q12084,0,topology_cl3,0.0014970059880239522,1.0,1.0,0.0,0.0,-1.0
P08638,P15442,0,topology_cl3,0.0014970059880239522,1.0,1.0,0.0,0.0,5.0
P54861,Q12334,0,topology_cl3,0.0014970059880239522,1.0,1.0,0.0,0.0,-1.0
P03962,Q12390,0,topology_cl3,0.0014970059880239522,1.0,1.0,0.0,0.0,-1.0
P32628,Q05791,0,topology_cl3,0.0014970059880239522,1.0,1.0,0.0,0.0,-1.0
P40202,P41695,0,topology_cl3,0.0014970059880239522,1.0,1.0,0.0,0.0,-1.0
P25638,P38247,0,topology_cl3,0.0014970059880239522,1.0,1.0,0.0,0.0,-1.0
P09201,P32628,0,topology_cl3,0.0014970059880239522,1.0,1.0,0.0,0.0,-1.0
P00927,Q12154,0,topology_cl3,0.0014970059880239522,1.0,1.0,0.0,0.0,5.0
P27895,P54861,0,topology_cl3,0.0014970059880239522,1.0,1.0,0.0,0.0,-1.0
P41695,Q3E7C1,0,topology_cl3,0.0014970059880239522,1.0,1.0,0.0,0.0,-1.0
P20967,Q12390,0,topology_cl3,0.0014970059880239522,1.0,1.0,0.0,0.0,5.0
P25638,Q04411,0,topology_cl3,0.0014970059880239522,1.0,1.0,0.0,0.0,-1.0
P40957,Q05791,0,topology_cl3,0.0014970059880239522,1.0,1.0,0.0,0.0,-1.0
P20050,Q12390,0,topology_cl3,0.0014970059880239522,1.0,1.0,0.0,0.0,-1.0
P00447,P40957,0,topology_cl3,0.0014970059880239522,1.0,1.0,0.0,0.0,-1.0
P03962,Q12154,0,topology_cl3,0.0014970059880239522,1.0,1.0,0.0,0.0,-1.0
P26343,P40202,0,topology_cl3,0.0014970059880239522,1.0,1.0,0.0,0.0,-1.0
P00447,P36036,0,topology_cl3,0.0014970059880239522,1.0,1.0,0.0,0.0,-1.0
Q06440,Q08581,0,topology_cl3,0.0014970059880239522,1.0,1.0,0.0,0.0,5.0
P27895,Q03898,0,topology_cl3,0.0014970059880239522,1.0,1.0,0.0,0.0,6.0
P53184,Q03860,0,topology_cl3,0.0014970059880239522,1.0,1.0,0.0,0.0,-1.0
P0C0X0,Q04921,0,topology_cl3,0.0014970059880239522,1.0,1.0,0.0,0.0,-1.0
P40485,Q08581,0,topology_cl3,0.0014970059880239522,1.0,1.0,0.0,0.0,-1.0
P22804,P32504,0,topology_cl3,0.0014970059880239522,1.0,1.0,0.0,0.0,-1.0
P00447,Q08581,0,topology_cl3,0.0014970059880239522,1.0,1.0,0.0,0.0,-1.0
P15442,P32504,0,topology_cl3,0.0014970059880239522,1.0,1.0,0.0,0.0,5.0
P40151,P48361,0,topology_cl3,0.0014970059880239522,1.0,1.0,0.0,0.0,6.0
P08964,P26343,0,topology_cl3,0.0014970059880239522,1.0,1.0,0.0,0.0,-1.0
P53895,Q3E7C1,0,topology_cl3,0.0014970059880239522,1.0,1.0,0.0,0.0,-1.0
P25638,Q04003,0,topology_cl3,0.0014970059880239522,1.0,1.0,0.0,0.0,-1.0
P38853,Q04921,0,topology_cl3,0.0014970059880239522,1.0,1.0,0.0,0.0,-1.0
P20967,P26343,0,topology_cl3,0.0014970059880239522,1.0,1.0,0.0,0.0,-1.0
P20050,P40325,0,topology_cl3,0.0014970059880239522,1.0,1.0,0.0,0.0,5.0
P38748,P54861,0,topology_cl3,0.0014970059880239522,1.0,1.0,0.0,0.0,-1.0
P38853,Q12154,0,topology_cl3,0.0014970059880239522,1.0,1.0,0.0,0.0,-1.0
P38748,Q02100,0,topology_cl3,0.0014970059880239522,1.0,1.0,0.0,0.0,6.0
P11746,Q03898,0,topology_cl3,0.0014970059880239522,1.0,1.0,0.0,0.0,-1.0
P40151,Q06675,0,topology_cl3,0.0014970059880239522,1.0,1.0,0.0,0.0,6.0
P25367,Q03898,0,topology_cl3,0.0014970059880239522,1.0,1.0,0.0,0.0,-1.0
P20967,P53895,0,topology_cl3,0.0014970059880239522,1.0,1.0,0.0,0.0,6.0
P28795,P38853,0,topology_cl3,0.0014970059880239522,1.0,1.0,0.0,0.0,-1.0
P40963,P53184,0,topology_cl3,0.0014970059880239522,1.0,1.0,0.0,0.0,-1.0
P54861,Q12102,0,topology_cl3,0.0014970059880239522,1.0,1.0,0.0,0.0,-1.0
P04387,P32917,0,topology_cl3,0.0014970059880239522,1.0,1.0,0.0,0.0,-1.0
P81449,Q04003,0,topology_cl3,0.0014970059880239522,1.0,1.0,0.0,0.0,-1.0
P81449,Q06675,0,topology_cl3,0.0014970059880239522,1.0,1.0,0.0,0.0,4.0
P47011,P48361,0,topology_cl3,0.0014970059880239522,1.0,1.0,0.0,0.0,-1.0
P08964,P36036,0,topology_cl3,0.0014970059880239522,1.0,1.0,0.0,0.0,4.0
P04386,P47025,0,topology_cl3,0.0014970059880239522,1.0,1.0,0.0,0.0,-1.0
P25367,P40963,0,topology_cl3,0.0014970059880239522,1.0,1.0,0.0,0.0,-1.0
P09201,P39113,0,topology_cl3,0.0014970059880239522,1.0,1.0,0.0,0.0,-1.0
P04386,P41921,0,topology_cl3,0.0014970059880239522,1.0,1.0,0.0,0.0,-1.0
P53617,Q03898,0,topology_cl3,0.0014970059880239522,1.0,1.0,0.0,0.0,-1.0
P07270,Q05791,0,topology_cl3,0.0014970059880239522,1.0,1.0,0.0,0.0,-1.0
P11746,P47115,0,topology_cl3,0.0014970059880239522,1.0,1.0,0.0,0.0,-1.0
P04387,P28795,0,topology_cl3,0.0014970059880239522,1.0,1.0,0.0,0.0,-1.0
P38853,P54861,0,topology_cl3,0.0014970059880239522,1.0,1.0,0.0,0.0,-1.0
P31539,P61829,0,topology_cl3,0.0014970059880239522,1.0,1.0,0.0,0.0,5.0
P28743,Q06440,0,topology_cl3,0.0014970059880239522,1.0,1.0,0.0,0.0,-1.0
P48361,Q04003,0,topology_cl3,0.0014970059880239522,1.0,1.0,0.0,0.0,-1.0
P20967,P28743,0,topology_cl3,0.0014970059880239522,1.0,1.0,0.0,0.0,4.0
P00812,P38853,0,topology_cl3,0.0014970059880239522,1.0,1.0,0.0,0.0,-1.0
P27895,P40957,0,topology_cl3,0.0014970059880239522,1.0,1.0,0.0,0.0,6.0
P11746,Q12390,0,topology_cl3,0.0014970059880239522,1.0,1.0,0.0,0.0,4.0
P47025,Q06440,0,topology_cl3,0.0014970059880239522,1.0,1.0,0.0,0.0,-1.0
P25638,P47115,0,topology_cl3,0.0014970059880239522,1.0,1.0,0.0,0.0,5.0
P40151,Q3E7C1,0,topology_cl3,0.0014970059880239522,1.0,1.0,0.0,0.0,-1.0
P40151,P61829,0,topology_cl3,0.0014970059880239522,1.0,1.0,0.0,0.0,4.0
P22804,P41697,0,topology_cl3,0.0014970059880239522,1.0,1.0,0.0,0.0,-1.0
P38853,Q06704,0,topology_cl3,0.0014970059880239522,1.0,1.0,0.0,0.0,-1.0
P32639,Q05791,0,topology_cl3,0.0014970059880239522,1.0,1.0,0.0,0.0,-1.0
P48361,P53184,0,topology_cl3,0.0014970059880239522,1.0,1.0,0.0,0.0,5.0
P81449,Q12084,0,topology_cl3,0.0014970059880239522,1.0,1.0,0.0,0.0,6.0
P40202,Q3E7C1,0,topology_cl3,0.0014970059880239522,1.0,1.0,0.0,0.0,-1.0
P32504,P32505,0,topology_cl3,0.0014970059880239522,1.0,1.0,0.0,0.0,-1.0
P04386,Q03898,0,topology_cl3,0.0014970059880239522,1.0,1.0,0.0,0.0,-1.0
P25367,P47095,0,topology_cl3,0.0014970059880239522,1.0,1.0,0.0,0.0,-1.0
P00927,Q12102,0,topology_cl3,0.0014970059880239522,1.0,1.0,0.0,0.0,6.0
P32361,P38853,0,topology_cl3,0.0014970059880239522,1.0,1.0,0.0,0.0,6.0
P00447,P47025,0,topology_cl3,0.0014970059880239522,1.0,1.0,0.0,0.0,-1.0
P41921,P53895,0,topology_cl3,0.0014970059880239522,1.0,1.0,0.0,0.0,-1.0
P17065,Q3E7C1,0,topology_cl3,0.0014970059880239522,1.0,1.0,0.0,0.0,-1.0
P04386,P40957,0,topology_cl3,0.0014970059880239522,1.0,1.0,0.0,0.0,-1.0
P38748,P61829,0,topology_cl3,0.0014970059880239522,1.0,1.0,0.0,0.0,5.0
P20050,P29340,0,topology_cl3,0.0014970059880239522,1.0,1.0,0.0,0.0,-1.0
P00447,P47115,0,topology_cl3,0.0014970059880239522,1.0,1.0,0.0,0.0,-1.0
P38748,P53184,0,topology_cl3,0.0014970059880239522,1.0,1.0,0.0,0.0,6.0
P40325,Q08581,0,topology_cl3,0.0014970059880239522,1.0,1.0,0.0,0.0,6.0
P00447,P22804,0,topology_cl3,0.0014970059880239522,1.0,1.0,0.0,0.0,-1.0
P26343,P32917,0,topology_cl3,0.0014970059880239522,1.0,1.0,0.0,0.0,-1.0
P40963,Q02100,0,topology_cl3,0.0014970059880239522,1.0,1.0,0.0,0.0,-1.0
P31539,Q12365,0,topology_cl3,0.0014970059880239522,1.0,1.0,0.0,0.0,6.0
P32639,Q12390,0,topology_cl3,0.0014970059880239522,1.0,1.0,0.0,0.0,-1.0
P40485,Q04003,0,topology_cl3,0.0014970059880239522,1.0,1.0,0.0,0.0,-1.0
P40957,P81449,0,topology_cl3,0.0014970059880239522,1.0,1.0,0.0,0.0,4.0
P0C0X0,P32628,0,topology_cl3,0.0014970059880239522,1.0,1.0,0.0,0.0,-1.0
P27895,P38748,0,topology_cl3,0.0014970059880239522,1.0,1.0,0.0,0.0,5.0
Q04411,Q12102,0,topology_cl3,0.0014970059880239522,1.0,1.0,0.0,0.0,-1.0
P11746,P38853,0,topology_cl3,0.0014970059880239522,1.0,1.0,0.0,0.0,5.0
P28743,P47025,0,topology_cl3,0.0014970059880239522,1.0,1.0,0.0,0.0,-1.0
P32361,P40957,0,topology_cl3,0.0014970059880239522,1.0,1.0,0.0,0.0,4.0
P17555,P47025,0,topology_cl3,0.0014970059880239522,1.0,1.0,0.0,0.0,-1.0
P11746,Q08581,0,topology_cl3,0.0014970059880239522,1.0,1.0,0.0,0.0,6.0
P04387,Q04003,0,topology_cl3,0.0014970059880239522,1.0,1.0,0.0,0.0,-1.0
P15442,P36036,0,topology_cl3,0.0014970059880239522,1.0,1.0,0.0,0.0,6.0
P07272,P25367,0,topology_cl3,0.0014970059880239522,1.0,1.0,0.0,0.0,-1.0
P0C0X0,P53184,0,topology_cl3,0.0014970059880239522,1.0,1.0,0.0,0.0,-1.0
P25638,P32505,0,topology_cl3,0.0014970059880239522,1.0,1.0,0.0,0.0,5.0
P17065,P25367,0,topology_cl3,0.0014970059880239522,1.0,1.0,0.0,0.0,-1.0
Q04411,Q08581,0,topology_cl3,0.0014970059880239522,1.0,1.0,0.0,0.0,-1.0
Q04003,Q05791,0,topology_cl3,0.0014970059880239522,1.0,1.0,0.0,0.0,-1.0
P25367,Q12084,0,topology_cl3,0.0014970059880239522,1.0,1.0,0.0,0.0,-1.0
P0C0X0,P38853,0,topology_cl3,0.0014970059880239522,1.0,1.0,0.0,0.0,4.0
P08964,P39113,0,topology_cl3,0.0014970059880239522,1.0,1.0,0.0,0.0,-1.0
P32639,Q12084,0,topology_cl3,0.0014970059880239522,1.0,1.0,0.0,0.0,-1.0
P08964,P61829,0,topology_cl3,0.0014970059880239522,1.0,1.0,0.0,0.0,5.0
P00927,Q02100,0,topology_cl3,0.0014970059880239522,1.0,1.0,0.0,0.0,6.0
P27895,P53617,0,topology_cl3,0.0014970059880239522,1.0,1.0,0.0,0.0,-1.0
P15442,P40963,0,topology_cl3,0.0014970059880239522,1.0,1.0,0.0,0.0,-1.0
P29340,P47095,0,topology_cl3,0.0014970059880239522,1.0,1.0,0.0,0.0,-1.0
P00927,P28743,0,topology_cl3,0.0014970059880239522,1.0,1.0,0.0,0.0,6.0
P27895,Q12334,0,topology_cl3,0.0014970059880239522,1.0,1.0,0.0,0.0,-1.0
P32504,P47025,0,topology_cl3,0.0014970059880239522,1.0,1.0,0.0,0.0,-1.0
P31539,P32505,0,topology_cl3,0.0014970059880239522,1.0,1.0,0.0,0.0,5.0
P48361,Q04921,0,topology_cl3,0.0014970059880239522,1.0,1.0,0.0,0.0,5.0
P31539,Q12334,0,topology_cl3,0.0014970059880239522,1.0,1.0,0.0,0.0,-1.0
P00447,P15442,0,topology_cl3,0.0014970059880239522,1.0,1.0,0.0,0.0,-1.0
P03962,P39113,0,topology_cl3,0.0014970059880239522,1.0,1.0,0.0,0.0,-1.0
P40202,P47025,0,topology_cl3,0.0014970059880239522,1.0,1.0,0.0,0.0,-1.0
P17065,P32917,0,topology_cl3,0.0014970059880239522,1.0,1.0,0.0,0.0,-1.0
P22804,Q12154,0,topology_cl3,0.0014970059880239522,1.0,1.0,0.0,0.0,-1.0
P15442,Q12154,0,topology_cl3,0.0014970059880239522,1.0,1.0,0.0,0.0,6.0
P11746,P20050,0,topology_cl3,0.0014970059880239522,1.0,1.0,0.0,0.0,-1.0
P03962,Q12365,0,topology_cl3,0.0014970059880239522,1.0,1.0,0.0,0.0,-1.0
P47011,Q04411,0,topology_cl3,0.0014970059880239522,1.0,1.0,0.0,0.0,-1.0
P32917,P47011,0,topology_cl3,0.0014970059880239522,1.0,1.0,0.0,0.0,-1.0
P17555,P25638,0,topology_cl3,0.0014970059880239522,1.0,1.0,0.0,0.0,5.0
P41695,Q06675,0,topology_cl3,0.0014970059880239522,1.0,1.0,0.0,0.0,4.0
P11746,P32361,0,topology_cl3,0.0014970059880239522,1.0,1.0,0.0,0.0,-1.0
P38247,P54861,0,topology_cl3,0.0014970059880239522,1.0,1.0,0.0,0.0,-1.0
P08638,P40957,0,topology_cl3,0.0014970059880239522,1.0,1.0,0.0,0.0,5.0
P81449,Q03860,0,topology_cl3,0.0014970059880239522,1.0,1.0,0.0,0.0,-1.0
P20050,Q12154,0,topology_cl3,0.0014970059880239522,1.0,1.0,0.0,0.0,5.0
P00927,P32639,0,topology_cl3,0.0014970059880239522,1.0,1.0,0.0,0.0,-1.0
P26343,P47115,0,topology_cl3,0.0014970059880239522,1.0,1.0,0.0,0.0,-1.0
P00447,Q12390,0,topology_cl3,0.0014970059880239522,1.0,1.0,0.0,0.0,-1.0
P32505,Q03860,0,topology_cl3,0.0014970059880239522,1.0,1.0,0.0,0.0,-1.0
P08638,Q05791,0,topology_cl3,0.0014970059880239522,1.0,1.0,0.0,0.0,-1.0
P00447,P53184,0,topology_cl3,0.0014970059880239522,1.0,1.0,0.0,0.0,-1.0
P31539,P40202,0,topology_cl3,0.0014970059880239522,1.0,1.0,0.0,0.0,-1.0
P32628,P47025,0,topology_cl3,0.0014970059880239522,1.0,1.0,0.0,0.0,-1.0
P07270,P41697,0,topology_cl3,0.0014970059880239522,1.0,1.0,0.0,0.0,-1.0
P08638,P17555,0,topology_cl3,0.0014970059880239522,1.0,1.0,0.0,0.0,4.0
P11746,P28743,0,topology_cl3,0.0014970059880239522,1.0,1.0,0.0,0.0,-1.0
P32504,Q12390,0,topology_cl3,0.0014970059880239522,1.0,1.0,0.0,0.0,6.0
P17555,P32628,0,topology_cl3,0.0014970059880239522,1.0,1.0,0.0,0.0,-1.0
P25367,Q12390,0,topology_cl3,0.0014970059880239522,1.0,1.0,0.0,0.0,-1.0
P53895,P81449,0,topology_cl3,0.0014970059880239522,1.0,1.0,0.0,0.0,6.0
P32504,Q05791,0,topology_cl3,0.0014970059880239522,1.0,1.0,0.0,0.0,-1.0
P32849,P61829,0,topology_cl3,0.0014970059880239522,1.0,1.0,0.0,0.0,-1.0
P17065,P47011,0,topology_cl3,0.0014970059880239522,1.0,1.0,0.0,0.0,-1.0
Q06675,Q12084,0,topology_cl3,0.0014970059880239522,1.0,1.0,0.0,0.0,6.0
P28743,P31539,0,topology_cl3,0.0014970059880239522,1.0,1.0,0.0,0.0,6.0
P28795,P31539,0,topology_cl3,0.0014970059880239522,1.0,1.0,0.0,0.0,-1.0
P32849,Q3E7C1,0,topology_cl3,0.0014970059880239522,1.0,1.0,0.0,0.0,-1.0
P40325,P41697,0,topology_cl3,0.0014970059880239522,1.0,1.0,0.0,0.0,6.0
P07272,Q12365,0,topology_cl3,0.0014970059880239522,1.0,1.0,0.0,0.0,-1.0
P20050,P40963,0,topology_cl3,0.0014970059880239522,1.0,1.0,0.0,0.0,-1.0
P40963,P41695,0,topology_cl3,0.0014970059880239522,1.0,1.0,0.0,0.0,-1.0
P08638,Q03860,0,topology_cl3,0.0014970059880239522,1.0,1.0,0.0,0.0,-1.0
P47115,P53184,0,topology_cl3,0.0014970059880239522,1.0,1.0,0.0,0.0,5.0
P32849,P40202,0,topology_cl3,0.0014970059880239522,1.0,1.0,0.0,0.0,-1.0
P40957,Q06675,0,topology_cl3,0.0014970059880239522,1.0,1.0,0.0,0.0,5.0
P39113,P40957,0,topology_cl3,0.0014970059880239522,1.0,1.0,0.0,0.0,-1.0
P40957,P47025,0,topology_cl3,0.0014970059880239522,1.0,1.0,0.0,0.0,-1.0
P81449,Q12334,0,topology_cl3,0.0014970059880239522,1.0,1.0,0.0,0.0,-1.0
P47115,P53617,0,topology_cl3,0.0014970059880239522,1.0,1.0,0.0,0.0,-1.0
P25638,P40957,0,topology_cl3,0.0014970059880239522,1.0,1.0,0.0,0.0,4.0
P40485,Q04921,0,topology_cl3,0.0014970059880239522,1.0,1.0,0.0,0.0,5.0
P28795,P54861,0,topology_cl3,0.0014970059880239522,1.0,1.0,0.0,0.0,-1.0
P32917,Q12084,0,topology_cl3,0.0014970059880239522,1.0,1.0,0.0,0.0,6.0
P47011,Q04921,0,topology_cl3,0.0014970059880239522,1.0,1.0,0.0,0.0,-1.0
P07272,P41921,0,topology_cl3,0.0014970059880239522,1.0,1.0,0.0,0.0,-1.0
P11746,Q06704,0,topology_cl3,0.0014970059880239522,1.0,1.0,0.0,0.0,-1.0
P39113,Q03860,0,topology_cl3,0.0014970059880239522,1.0,1.0,0.0,0.0,-1.0
P29340,P32849,0,topology_cl3,0.0014970059880239522,1.0,1.0,0.0,0.0,-1.0
Q06440,Q12084,0,topology_cl3,0.0014970059880239522,1.0,1.0,0.0,0.0,-1.0
P17065,P40485,0,topology_cl3,0.0014970059880239522,1.0,1.0,0.0,0.0,-1.0
P07272,P53184,0,topology_cl3,0.0014970059880239522,1.0,1.0,0.0,0.0,-1.0
P00927,Q06675,0,topology_cl3,0.0014970059880239522,1.0,1.0,0.0,0.0,5.0
P07270,P29340,0,topology_cl3,0.0014970059880239522,1.0,1.0,0.0,0.0,-1.0
P09201,Q06675,0,topology_cl3,0.0014970059880239522,1.0,1.0,0.0,0.0,-1.0
P48361,Q03898,0,topology_cl3,0.0014970059880239522,1.0,1.0,0.0,0.0,5.0
P54861,Q12084,0,topology_cl3,0.0014970059880239522,1.0,1.0,0.0,0.0,-1.0
Q02100,Q12154,0,topology_cl3,0.0014970059880239522,1.0,1.0,0.0,0.0,6.0
P40151,P53184,0,topology_cl3,0.0014970059880239522,1.0,1.0,0.0,0.0,6.0
P40963,P47011,0,topology_cl3,0.0014970059880239522,1.0,1.0,0.0,0.0,-1.0
P00447,P41697,0,topology_cl3,0.0014970059880239522,1.0,1.0,0.0,0.0,-1.0
P00447,Q05791,0,topology_cl3,0.0014970059880239522,1.0,1.0,0.0,0.0,-1.0
P08638,P53184,0,topology_cl3,0.0014970059880239522,1.0,1.0,0.0,0.0,4.0
P07270,P47115,0,topology_cl3,0.0014970059880239522,1.0,1.0,0.0,0.0,-1.0
P28743,Q03898,0,topology_cl3,0.0014970059880239522,1.0,1.0,0.0,0.0,6.0
P81449,Q06440,0,topology_cl3,0.0014970059880239522,1.0,1.0,0.0,0.0,6.0
P08638,P47115,0,topology_cl3,0.0014970059880239522,1.0,1.0,0.0,0.0,-1.0
P38748,P38853,0,topology_cl3,0.0014970059880239522,1.0,1.0,0.0,0.0,5.0
P32917,P41695,0,topology_cl3,0.0014970059880239522,1.0,1.0,0.0,0.0,5.0
P00447,P54861,0,topology_cl3,0.0014970059880239522,1.0,1.0,0.0,0.0,-1.0
P31539,Q04921,0,topology_cl3,0.0014970059880239522,1.0,1.0,0.0,0.0,6.0
P07272,Q12102,0,topology_cl3,0.0014970059880239522,1.0,1.0,0.0,0.0,-1.0
Q06440,Q06675,0,topology_cl3,0.0014970059880239522,1.0,1.0,0.0,0.0,-1.0
P27895,P31539,0,topology_cl3,0.0014970059880239522,1.0,1.0,0.0,0.0,-1.0
P40202,P61829,0,topology_cl3,0.0014970059880239522,1.0,1.0,0.0,0.0,-1.0
P11746,P32639,0,topology_cl3,0.0014970059880239522,1.0,1.0,0.0,0.0,-1.0
P32639,Q06675,0,topology_cl3,0.0014970059880239522,1.0,1.0,0.0,0.0,-1.0
P32849,P54861,0,topology_cl3,0.0014970059880239522,1.0,1.0,0.0,0.0,-1.0
P38853,Q12334,0,topology_cl3,0.0014970059880239522,1.0,1.0,0.0,0.0,-1.0
P08964,P28795,0,topology_cl3,0.0014970059880239522,1.0,1.0,0.0,0.0,-1.0
P27895,Q04003,0,topology_cl3,0.0014970059880239522,1.0,1.0,0.0,0.0,-1.0
Q12084,Q12154,0,topology_cl3,0.0014970059880239522,1.0,1.0,0.0,0.0,5.0
P32505,P32849,0,topology_cl3,0.0014970059880239522,1.0,1.0,0.0,0.0,4.0
P32505,Q12154,0,topology_cl3,0.0014970059880239522,1.0,1.0,0.0,0.0,5.0
P38247,Q12365,0,topology_cl3,0.0014970059880239522,1.0,1.0,0.0,0.0,4.0
P0C0X0,P40963,0,topology_cl3,0.0014970059880239522,1.0,1.0,0.0,0.0,-1.0
P36036,P53895,0,topology_cl3,0.0014970059880239522,1.0,1.0,0.0,0.0,-1.0
P31539,P32849,0,topology_cl3,0.0014970059880239522,1.0,1.0,0.0,0.0,6.0
P25367,P61829,0,topology_cl3,0.0014970059880239522,1.0,1.0,0.0,0.0,-1.0
P03962,Q06704,0,topology_cl3,0.0014970059880239522,1.0,1.0,0.0,0.0,-1.0
P26343,P29340,0,topology_cl3,0.0014970059880239522,1.0,1.0,0.0,0.0,-1.0
P48361,Q12365,0,topology_cl3,0.0014970059880239522,1.0,1.0,0.0,0.0,6.0
P28795,Q03860,0,topology_cl3,0.0014970059880239522,1.0,1.0,0.0,0.0,-1.0
P54861,Q3E7C1,0,topology_cl3,0.0014970059880239522,1.0,1.0,0.0,0.0,-1.0
P08638,Q06440,0,topology_cl3,0.0014970059880239522,1.0,1.0,0.0,0.0,-1.0
P32361,P40963,0,topology_cl3,0.0014970059880239522,1.0,1.0,0.0,0.0,-1.0
P38853,P39113,0,topology_cl3,0.0014970059880239522,1.0,1.0,0.0,0.0,-1.0
P26343,Q03860,0,topology_cl3,0.0014970059880239522,1.0,1.0,0.0,0.0,-1.0
P41695,P53617,0,topology_cl3,0.0014970059880239522,1.0,1.0,0.0,0.0,6.0
P04387,Q12365,0,topology_cl3,0.0014970059880239522,1.0,1.0,0.0,0.0,-1.0
P26343,Q12084,0,topology_cl3,0.0014970059880239522,1.0,1.0,0.0,0.0,-1.0
P26343,P53895,0,topology_cl3,0.0014970059880239522,1.0,1.0,0.0,0.0,-1.0
P08964,Q04921,0,topology_cl3,0.0014970059880239522,1.0,1.0,0.0,0.0,6.0
P22804,P25367,0,topology_cl3,0.0014970059880239522,1.0,1.0,0.0,0.0,-1.0
P40325,P54861,0,topology_cl3,0.0014970059880239522,1.0,1.0,0.0,0.0,-1.0
P40485,Q03898,0,topology_cl3,0.0014970059880239522,1.0,1.0,0.0,0.0,6.0
P08964,P40325,0,topology_cl3,0.0014970059880239522,1.0,1.0,0.0,0.0,4.0
P22804,P36036,0,topology_cl3,0.0014970059880239522,1.0,1.0,0.0,0.0,-1.0
P32628,P38853,0,topology_cl3,0.0014970059880239522,1.0,1.0,0.0,0.0,-1.0
P47025,Q12365,0,topology_cl3,0.0014970059880239522,1.0,1.0,0.0,0.0,-1.0
P07272,P20050,0,topology_cl3,0.0014970059880239522,1.0,1.0,0.0,0.0,-1.0
P0C0X0,P25638,0,topology_cl3,0.0014970059880239522,1.0,1.0,0.0,0.0,-1.0
P20967,P40957,0,topology_cl3,0.0014970059880239522,1.0,1.0,0.0,0.0,4.0
P08964,Q06440,0,topology_cl3,0.0014970059880239522,1.0,1.0,0.0,0.0,-1.0
P08964,Q04411,0,topology_cl3,0.0014970059880239522,1.0,1.0,0.0,0.0,-1.0
P15442,Q12102,0,topology_cl3,0.0014970059880239522,1.0,1.0,0.0,0.0,-1.0
P17555,Q03898,0,topology_cl3,0.0014970059880239522,1.0,1.0,0.0,0.0,4.0
Q12102,Q12365,0,topology_cl3,0.0014970059880239522,1.0,1.0,0.0,0.0,4.0
P08964,P15442,0,topology_cl3,0.0014970059880239522,1.0,1.0,0.0,0.0,6.0
P32917,P39113,0,topology_cl3,0.0014970059880239522,1.0,1.0,0.0,0.0,-1.0
P38748,Q12102,0,topology_cl3,0.0014970059880239522,1.0,1.0,0.0,0.0,-1.0
P38748,Q06704,0,topology_cl3,0.0014970059880239522,1.0,1.0,0.0,0.0,6.0
P04387,P53184,0,topology_cl3,0.0014970059880239522,1.0,1.0,0.0,0.0,-1.0
P32361,P54861,0,topology_cl3,0.0014970059880239522,1.0,1.0,0.0,0.0,-1.0
P26343,P81449,0,topology_cl3,0.0014970059880239522,1.0,1.0,0.0,0.0,-1.0
P11746,P36036,0,topology_cl3,0.0014970059880239522,1.0,1.0,0.0,0.0,-1.0
Q06708,Q08581,0,topology_cl3,0.0014970059880239522,1.0,1.0,0.0,0.0,-1.0
P00447,P29340,0,topology_cl3,0.0014970059880239522,1.0,1.0,0.0,0.0,-1.0
P38853,P41695,0,topology_cl3,0.0014970059880239522,1.0,1.0,0.0,0.0,6.0
P29340,P32361,0,topology_cl3,0.0014970059880239522,1.0,1.0,0.0,0.0,-1.0
P20967,P32849,0,topology_cl3,0.0014970059880239522,1.0,1.0,0.0,0.0,-1.0
P47095,Q06708,0,topology_cl3,0.0014970059880239522,1.0,1.0,0.0,0.0,-1.0
Q04411,Q3E7C1,0,topology_cl3,0.0014970059880239522,1.0,1.0,0.0,0.0,-1.0
P38748,P47095,0,topology_cl3,0.0014970059880239522,1.0,1.0,0.0,0.0,6.0
P09201,P15442,0,topology_cl3,0.0014970059880239522,1.0,1.0,0.0,0.0,-1.0
P26343,P47095,0,topology_cl3,0.0014970059880239522,1.0,1.0,0.0,0.0,-1.0
P38853,Q08581,0,topology_cl3,0.0014970059880239522,1.0,1.0,0.0,0.0,5.0
P48361,Q06675,0,topology_cl3,0.0014970059880239522,1.0,1.0,0.0,0.0,6.0
P32361,Q12084,0,topology_cl3,0.0014970059880239522,1.0,1.0,0.0,0.0,5.0
P36036,P61829,0,topology_cl3,0.0014970059880239522,1.0,1.0,0.0,0.0,6.0
P20050,P40485,0,topology_cl3,0.0014970059880239522,1.0,1.0,0.0,0.0,-1.0
P22804,Q12390,0,topology_cl3,0.0014970059880239522,1.0,1.0,0.0,0.0,-1.0
P27895,P40485,0,topology_cl3,0.0014970059880239522,1.0,1.0,0.0,0.0,-1.0
P04386,P54861,0,topology_cl3,0.0014970059880239522,1.0,1.0,0.0,0.0,-1.0
Q06704,Q08581,0,topology_cl3,0.0014970059880239522,1.0,1.0,0.0,0.0,6.0
P28795,P32628,0,topology_cl3,0.0014970059880239522,1.0,1.0,0.0,0.0,-1.0
P47011,Q12102,0,topology_cl3,0.0014970059880239522,1.0,1.0,0.0,0.0,-1.0
P09201,Q3E7C1,0,topology_cl3,0.0014970059880239522,1.0,1.0,0.0,0.0,-1.0
P04386,P81449,0,topology_cl3,0.0014970059880239522,1.0,1.0,0.0,0.0,-1.0
P36036,P47025,0,topology_cl3,0.0014970059880239522,1.0,1.0,0.0,0.0,-1.0
P41921,P47115,0,topology_cl3,0.0014970059880239522,1.0,1.0,0.0,0.0,-1.0
P17065,P47025,0,topology_cl3,0.0014970059880239522,1.0,1.0,0.0,0.0,-1.0
Q04003,Q12390,0,topology_cl3,0.0014970059880239522,1.0,1.0,0.0,0.0,-1.0
P38853,P53184,0,topology_cl3,0.0014970059880239522,1.0,1.0,0.0,0.0,-1.0
P28743,Q12365,0,topology_cl3,0.0014970059880239522,1.0,1.0,1.0,0.0,2.0
P28795,Q04921,0,topology_cl3,0.0014970059880239522,1.0,1.0,0.0,0.0,-1.0
P32504,P53895,0,topology_cl3,0.0014970059880239522,1.0,1.0,0.0,0.0,-1.0
P27895,P40151,0,topology_cl3,0.0014970059880239522,1.0,1.0,0.0,0.0,6.0
P25638,P47095,0,topology_cl3,0.0014970059880239522,1.0,1.0,0.0,0.0,6.0
P15442,Q02100,0,topology_cl3,0.0014970059880239522,1.0,1.0,0.0,0.0,5.0
P38748,Q12084,0,topology_cl3,0.0014970059880239522,1.0,1.0,0.0,0.0,5.0
P08638,P08964,0,topology_cl3,0.0014970059880239522,1.0,1.0,0.0,0.0,4.0
P15442,P53895,0,topology_cl3,0.0014970059880239522,1.0,1.0,0.0,0.0,6.0
P39113,P61829,0,topology_cl3,0.0014970059880239522,1.0,1.0,0.0,0.0,5.0
P03962,P40325,0,topology_cl3,0.0014970059880239522,1.0,1.0,0.0,0.0,-1.0
P07270,P08964,0,topology_cl3,0.0014970059880239522,1.0,1.0,0.0,0.0,-1.0
P11746,P20967,0,topology_cl3,0.0014970059880239522,1.0,1.0,0.0,0.0,-1.0
P47115,Q12334,0,topology_cl3,0.0014970059880239522,1.0,1.0,0.0,0.0,-1.0
P32849,P40151,0,topology_cl3,0.0014970059880239522,1.0,1.0,0.0,0.0,-1.0
P25367,Q06704,0,topology_cl3,0.0014970059880239522,1.0,1.0,0.0,0.0,-1.0
P31539,Q03898,0,topology_cl3,0.0014970059880239522,1.0,1.0,0.0,0.0,-1.0
P32849,Q04921,0,topology_cl3,0.0014970059880239522,1.0,1.0,0.0,0.0,6.0
P40151,P41921,0,topology_cl3,0.0014970059880239522,1.0,1.0,0.0,0.0,-1.0
P00927,Q04411,0,topology_cl3,0.0014970059880239522,1.0,1.0,0.0,0.0,-1.0
P53617,Q12334,0,topology_cl3,0.0014970059880239522,1.0,1.0,0.0,0.0,-1.0
Q06440,Q12365,0,topology_cl3,0.0014970059880239522,1.0,1.0,0.0,0.0,-1.0
P61829,Q12390,0,topology_cl3,0.0014970059880239522,1.0,1.0,0.0,0.0,5.0
P17555,P40202,0,topology_cl3,0.0014970059880239522,1.0,1.0,0.0,0.0,-1.0
P11746,P41695,0,topology_cl3,0.0014970059880239522,1.0,1.0,0.0,0.0,-1.0
P09201,P32505,0,topology_cl3,0.0014970059880239522,1.0,1.0,0.0,0.0,6.0
P81449,Q12365,0,topology_cl3,0.0014970059880239522,1.0,1.0,0.0,0.0,4.0
P03962,P40151,0,topology_cl3,0.0014970059880239522,1.0,1.0,0.0,0.0,-1.0
P53895,Q02100,0,topology_cl3,0.0014970059880239522,1.0,1.0,0.0,0.0,5.0
P40325,Q05791,0,topology_cl3,0.0014970059880239522,1.0,1.0,0.0,0.0,-1.0
P00447,P25367,0,topology_cl3,0.0014970059880239522,1.0,1.0,0.0,0.0,-1.0
P09201,P25638,0,topology_cl3,0.0014970059880239522,1.0,1.0,0.0,0.0,-1.0
P27895,Q06708,0,topology_cl3,0.0014970059880239522,1.0,1.0,0.0,0.0,-1.0
P40963,Q12154,0,topology_cl3,0.0014970059880239522,1.0,1.0,0.0,0.0,-1.0
P20050,Q04411,0,topology_cl3,0.0014970059880239522,1.0,1.0,0.0,0.0,-1.0
P07270,Q04411,0,topology_cl3,0.0014970059880239522,1.0,1.0,0.0,0.0,-1.0
P00447,P32505,0,topology_cl3,0.0014970059880239522,1.0,1.0,0.0,0.0,-1.0
P20967,P47115,0,topology_cl3,0.0014970059880239522,1.0,1.0,0.0,0.0,4.0
P17065,P38247,0,topology_cl3,0.0014970059880239522,1.0,1.0,0.0,0.0,-1.0
P04387,P20967,0,topology_cl3,0.0014970059880239522,1.0,1.0,0.0,0.0,-1.0
P00927,Q3E7C1,0,topology_cl3,0.0014970059880239522,1.0,1.0,0.0,0.0,-1.0
P04386,Q05791,0,topology_cl3,0.0014970059880239522,1.0,1.0,0.0,0.0,-1.0
P32361,Q12154,0,topology_cl3,0.0014970059880239522,1.0,1.0,0.0,0.0,5.0
P32628,Q04411,0,topology_cl3,0.0014970059880239522,1.0,1.0,0.0,0.0,-1.0
P27895,P36036,0,topology_cl3,0.0014970059880239522,1.0,1.0,0.0,0.0,-1.0
P00812,P17065,0,topology_cl3,0.0014970059880239522,1.0,1.0,0.0,0.0,-1.0
P40963,Q12365,0,topology_cl3,0.0014970059880239522,1.0,1.0,0.0,0.0,-1.0
P32639,Q12154,0,topology_cl3,0.0014970059880239522,1.0,1.0,0.0,0.0,-1.0
P32917,Q12154,0,topology_cl3,0.0014970059880239522,1.0,1.0,0.0,0.0,-1.0
P32917,Q12365,0,topology_cl3,0.0014970059880239522,1.0,1.0,0.0,0.0,-1.0
P04386,Q06675,0,topology_cl3,0.0014970059880239522,1.0,1.0,0.0,0.0,-1.0
P09201,P11746,0,topology_cl3,0.0014970059880239522,1.0,1.0,0.0,0.0,-1.0
P32917,Q02100,0,topology_cl3,0.0014970059880239522,1.0,1.0,0.0,0.0,6.0
P11746,Q06708,0,topology_cl3,0.0014970059880239522,1.0,1.0,0.0,0.0,-1.0
P28743,P28795,0,topology_cl3,0.0014970059880239522,1.0,1.0,0.0,0.0,-1.0
P40963,P41921,0,topology_cl3,0.0014970059880239522,1.0,1.0,0.0,0.0,-1.0
P07272,P08964,0,topology_cl3,0.0014970059880239522,1.0,1.0,0.0,0.0,-1.0
P32628,Q12102,0,topology_cl3,0.0014970059880239522,1.0,1.0,0.0,0.0,-1.0
P40325,Q03860,0,topology_cl3,0.0014970059880239522,1.0,1.0,0.0,0.0,-1.0
P11746,P28795,0,topology_cl3,0.0014970059880239522,1.0,1.0,0.0,0.0,-1.0
P38853,Q12102,0,topology_cl3,0.0014970059880239522,1.0,1.0,0.0,0.0,-1.0
P32639,P40325,0,topology_cl3,0.0014970059880239522,1.0,1.0,0.0,0.0,-1.0
P20967,P32628,0,topology_cl3,0.0014970059880239522,1.0,1.0,0.0,0.0,-1.0
P20050,P47115,0,topology_cl3,0.0014970059880239522,1.0,1.0,0.0,0.0,4.0
P40485,P61829,0,topology_cl3,0.0014970059880239522,1.0,1.0,0.0,0.0,5.0
P27895,Q03860,0,topology_cl3,0.0014970059880239522,1.0,1.0,0.0,0.0,-1.0
P32504,P40151,0,topology_cl3,0.0014970059880239522,1.0,1.0,0.0,0.0,6.0
P04386,P38748,0,topology_cl3,0.0014970059880239522,1.0,1.0,0.0,0.0,-1.0
P39113,P53184,0,topology_cl3,0.0014970059880239522,1.0,1.0,0.0,0.0,-1.0
P81449,Q02100,0,topology_cl3,0.0014970059880239522,1.0,1.0,0.0,0.0,5.0
P38247,P38853,0,topology_cl3,0.0014970059880239522,1.0,1.0,0.0,0.0,-1.0
Q05791,Q06704,0,topology_cl3,0.0014970059880239522,1.0,1.0,0.0,0.0,-1.0
P40957,Q04411,0,topology_cl3,0.0014970059880239522,1.0,1.0,0.0,0.0,-1.0
P00447,P41695,0,topology_cl3,0.0014970059880239522,1.0,1.0,0.0,0.0,-1.0
P17065,P61829,0,topology_cl3,0.0014970059880239522,1.0,1.0,0.0,0.0,5.0
Q04411,Q12154,0,topology_cl3,0.0014970059880239522,1.0,1.0,0.0,0.0,-1.0
P00447,Q06675,0,topology_cl3,0.0014970059880239522,1.0,1.0,0.0,0.0,-1.0
P11746,P40963,0,topology_cl3,0.0014970059880239522,1.0,1.0,0.0,0.0,-1.0
P25638,P32504,0,topology_cl3,0.0014970059880239522,1.0,1.0,0.0,0.0,5.0
P38748,P41695,0,topology_cl3,0.0014970059880239522,1.0,1.0,0.0,0.0,5.0
P04387,P48361,0,topology_cl3,0.0014970059880239522,1.0,1.0,0.0,0.0,-1.0
P40325,Q3E7C1,0,topology_cl3,0.0014970059880239522,1.0,1.0,0.0,0.0,-1.0
P08638,P27895,0,topology_cl3,0.0014970059880239522,1.0,1.0,0.0,0.0,-1.0
P04387,P17065,0,topology_cl3,0.0014970059880239522,1.0,1.0,0.0,0.0,-1.0
P47115,P61829,0,topology_cl3,0.0014970059880239522,1.0,1.0,0.0,0.0,6.0
P07270,P40202,0,topology_cl3,0.0014970059880239522,1.0,1.0,0.0,0.0,-1.0
P26343,Q3E7C1,0,topology_cl3,0.0014970059880239522,1.0,1.0,0.0,0.0,-1.0
P29340,P40957,0,topology_cl3,0.0014970059880239522,1.0,1.0,0.0,0.0,-1.0
P47115,Q05791,0,topology_cl3,0.0014970059880239522,1.0,1.0,0.0,0.0,-1.0
P54861,Q03860,0,topology_cl3,0.0014970059880239522,1.0,1.0,0.0,0.0,-1.0
Q03860,Q04411,0,topology_cl3,0.0014970059880239522,1.0,1.0,0.0,0.0,-1.0
P07270,Q12390,0,topology_cl3,0.0014970059880239522,1.0,1.0,0.0,0.0,-1.0
P32361,P39113,0,topology_cl3,0.0014970059880239522,1.0,1.0,0.0,0.0,5.0
P41697,Q12365,0,topology_cl3,0.0014970059880239522,1.0,1.0,0.0,0.0,-1.0
P00927,Q06440,0,topology_cl3,0.0014970059880239522,1.0,1.0,0.0,0.0,-1.0
P40202,P47115,0,topology_cl3,0.0014970059880239522,1.0,1.0,0.0,0.0,-1.0
P36036,P39113,0,topology_cl3,0.0014970059880239522,1.0,1.0,0.0,0.0,-1.0
P36036,P41695,0,topology_cl3,0.0014970059880239522,1.0,1.0,0.0,0.0,6.0
P08964,Q12154,0,topology_cl3,0.0014970059880239522,1.0,1.0,0.0,0.0,4.0
P00812,P41921,0,topology_cl3,0.0014970059880239522,1.0,1.0,0.0,0.0,4.0
P20050,P40202,0,topology_cl3,0.0014970059880239522,1.0,1.0,0.0,0.0,-1.0
P32917,P40485,0,topology_cl3,0.0014970059880239522,1.0,1.0,0.0,0.0,6.0
P48361,Q12390,0,topology_cl3,0.0014970059880239522,1.0,1.0,0.0,0.0,-1.0
Q06708,Q12102,0,topology_cl3,0.0014970059880239522,1.0,1.0,0.0,0.0,-1.0
P04387,P40202,0,topology_cl3,0.0014970059880239522,1.0,1.0,0.0,0.0,-1.0
P00927,P81449,0,topology_cl3,0.0014970059880239522,1.0,1.0,0.0,0.0,6.0
P04387,Q08581,0,topology_cl3,0.0014970059880239522,1.0,1.0,0.0,0.0,-1.0
P15442,Q06704,0,topology_cl3,0.0014970059880239522,1.0,1.0,0.0,0.0,6.0
P40202,P48361,0,topology_cl3,0.0014970059880239522,1.0,1.0,0.0,0.0,-1.0
P47115,Q12154,0,topology_cl3,0.0014970059880239522,1.0,1.0,0.0,0.0,5.0
P40485,Q3E7C1,0,topology_cl3,0.0014970059880239522,1.0,1.0,0.0,0.0,-1.0
P15442,P32361,0,topology_cl3,0.0014970059880239522,1.0,1.0,0.0,0.0,4.0
P31539,P41697,0,topology_cl3,0.0014970059880239522,1.0,1.0,0.0,0.0,5.0
P09201,P32639,0,topology_cl3,0.0014970059880239522,1.0,1.0,0.0,0.0,-1.0
P38748,P47011,0,topology_cl3,0.0014970059880239522,1.0,1.0,0.0,0.0,-1.0
P08964,P25367,0,topology_cl3,0.0014970059880239522,1.0,1.0,0.0,0.0,-1.0
Q05791,Q3E7C1,0,topology_cl3,0.0014970059880239522,1.0,1.0,0.0,0.0,-1.0
Q06675,Q12102,0,topology_cl3,0.0014970059880239522,1.0,1.0,0.0,0.0,-1.0
P32917,Q12390,0,topology_cl3,0.0014970059880239522,1.0,1.0,0.0,0.0,-1.0
P03962,P20967,0,topology_cl3,0.0014970059880239522,1.0,1.0,0.0,0.0,-1.0
P11746,P22804,0,topology_cl3,0.0014970059880239522,1.0,1.0,0.0,0.0,-1.0
P40957,P47115,0,topology_cl3,0.0014970059880239522,1.0,1.0,0.0,0.0,4.0
P07270,P0C0X0,0,topology_cl3,0.0014970059880239522,1.0,1.0,0.0,0.0,-1.0
P38748,Q03898,0,topology_cl3,0.0014970059880239522,1.0,1.0,0.0,0.0,6.0
P40151,P53617,0,topology_cl3,0.0014970059880239522,1.0,1.0,0.0,0.0,-1.0
P32639,P40963,0,topology_cl3,0.0014970059880239522,1.0,1.0,0.0,0.0,-1.0
P36036,P40957,0,topology_cl3,0.0014970059880239522,1.0,1.0,0.0,0.0,5.0
P00927,Q12084,0,topology_cl3,0.0014970059880239522,1.0,1.0,0.0,0.0,4.0
P04387,P81449,0,topology_cl3,0.0014970059880239522,1.0,1.0,0.0,0.0,-1.0
Q12390,Q3E7C1,0,topology_cl3,0.0014970059880239522,1.0,1.0,0.0,0.0,-1.0
P38748,P40963,0,topology_cl3,0.0014970059880239522,1.0,1.0,0.0,0.0,-1.0
P41695,Q03898,0,topology_cl3,0.0014970059880239522,1.0,1.0,0.0,0.0,4.0
P22804,P28795,0,topology_cl3,0.0014970059880239522,1.0,1.0,0.0,0.0,-1.0
P61829,Q12084,0,topology_cl3,0.0014970059880239522,1.0,1.0,0.0,0.0,6.0
P07270,Q12334,0,topology_cl3,0.0014970059880239522,1.0,1.0,0.0,0.0,-1.0
P08638,P41921,0,topology_cl3,0.0014970059880239522,1.0,1.0,0.0,0.0,4.0
P22804,Q12084,0,topology_cl3,0.0014970059880239522,1.0,1.0,0.0,0.0,-1.0
Q12334,Q3E7C1,0,topology_cl3,0.0014970059880239522,1.0,1.0,0.0,0.0,-1.0
P32639,P36036,0,topology_cl3,0.0014970059880239522,1.0,1.0,0.0,0.0,-1.0
P31539,P38748,0,topology_cl3,0.0014970059880239522,1.0,1.0,0.0,0.0,-1.0
P00812,P20050,0,topology_cl3,0.0014970059880239522,1.0,1.0,0.0,0.0,5.0
P32639,P47095,0,topology_cl3,0.0014970059880239522,1.0,1.0,0.0,0.0,-1.0
P07272,P17065,0,topology_cl3,0.0014970059880239522,1.0,1.0,0.0,0.0,-1.0
P08638,P40202,0,topology_cl3,0.0014970059880239522,1.0,1.0,0.0,0.0,-1.0
P32917,Q04921,0,topology_cl3,0.0014970059880239522,1.0,1.0,0.0,0.0,5.0
P00812,P32849,0,topology_cl3,0.0014970059880239522,1.0,1.0,0.0,0.0,-1.0
P07270,P08638,0,topology_cl3,0.0014970059880239522,1.0,1.0,0.0,0.0,-1.0
P0C0X0,P40151,0,topology_cl3,0.0014970059880239522,1.0,1.0,0.0,0.0,6.0
P47115,P54861,0,topology_cl3,0.0014970059880239522,1.0,1.0,0.0,0.0,-1.0
P00812,Q03898,0,topology_cl3,0.0014970059880239522,1.0,1.0,0.0,0.0,6.0
P09201,Q04003,0,topology_cl3,0.0014970059880239522,1.0,1.0,0.0,0.0,-1.0
P22804,P48361,0,topology_cl3,0.0014970059880239522,1.0,1.0,0.0,0.0,-1.0
P32361,Q06675,0,topology_cl3,0.0014970059880239522,1.0,1.0,0.0,0.0,4.0
P00927,P40202,0,topology_cl3,0.0014970059880239522,1.0,1.0,0.0,0.0,-1.0
P32917,Q3E7C1,0,topology_cl3,0.0014970059880239522,1.0,1.0,0.0,0.0,-1.0
P40957,Q06708,0,topology_cl3,0.0014970059880239522,1.0,1.0,0.0,0.0,-1.0
P41697,Q08581,0,topology_cl3,0.0014970059880239522,1.0,1.0,0.0,0.0,6.0
P29340,Q12084,0,topology_cl3,0.0014970059880239522,1.0,1.0,0.0,0.0,-1.0
P32917,P47025,0,topology_cl3,0.0014970059880239522,1.0,1.0,0.0,0.0,-1.0
P38247,P41921,0,topology_cl3,0.0014970059880239522,1.0,1.0,0.0,0.0,5.0
P08638,P31539,0,topology_cl3,0.0014970059880239522,1.0,1.0,0.0,0.0,6.0
P31539,P40963,0,topology_cl3,0.0014970059880239522,1.0,1.0,0.0,0.0,-1.0
P20050,P38247,0,topology_cl3,0.0014970059880239522,1.0,1.0,0.0,0.0,6.0
P38247,Q04921,0,topology_cl3,0.0014970059880239522,1.0,1.0,0.0,0.0,6.0
P17065,Q02100,0,topology_cl3,0.0014970059880239522,1.0,1.0,0.0,0.0,-1.0
P47011,Q06708,0,topology_cl3,0.0014970059880239522,1.0,1.0,0.0,0.0,-1.0
P20967,P48361,0,topology_cl3,0.0014970059880239522,1.0,1.0,0.0,0.0,4.0
P25638,Q12084,0,topology_cl3,0.0014970059880239522,1.0,1.0,0.0,0.0,5.0
P09201,P25367,0,topology_cl3,0.0014970059880239522,1.0,1.0,0.0,0.0,-1.0
P53184,P81449,0,topology_cl3,0.0014970059880239522,1.0,1.0,0.0,0.0,4.0
P47115,Q3E7C1,0,topology_cl3,0.0014970059880239522,1.0,1.0,0.0,0.0,-1.0
P25367,P40151,0,topology_cl3,0.0014970059880239522,1.0,1.0,0.0,0.0,-1.0
P54861,Q12390,0,topology_cl3,0.0014970059880239522,1.0,1.0,0.0,0.0,-1.0
Q03898,Q06708,0,topology_cl3,0.0014970059880239522,1.0,1.0,0.0,0.0,-1.0
P15442,P48361,0,topology_cl3,0.0014970059880239522,1.0,1.0,0.0,0.0,5.0
P26343,P40963,0,topology_cl3,0.0014970059880239522,1.0,1.0,0.0,0.0,-1.0
P03962,P20050,0,topology_cl3,0.0014970059880239522,1.0,1.0,0.0,0.0,-1.0
P32639,P38748,0,topology_cl3,0.0014970059880239522,1.0,1.0,0.0,0.0,-1.0
P28795,P32505,0,topology_cl3,0.0014970059880239522,1.0,1.0,0.0,0.0,-1.0
P08638,P47025,0,topology_cl3,0.0014970059880239522,1.0,1.0,0.0,0.0,-1.0
P07270,P32504,0,topology_cl3,0.0014970059880239522,1.0,1.0,0.0,0.0,-1.0
P53184,Q06708,0,topology_cl3,0.0014970059880239522,1.0,1.0,0.0,0.0,-1.0
P47025,Q04411,0,topology_cl3,0.0014970059880239522,1.0,1.0,0.0,0.0,-1.0
P0C0X0,P39113,0,topology_cl3,0.0014970059880239522,1.0,1.0,0.0,0.0,-1.0
P47115,Q04003,0,topology_cl3,0.0014970059880239522,1.0,1.0,0.0,0.0,-1.0
P04387,P41697,0,topology_cl3,0.0014970059880239522,1.0,1.0,0.0,0.0,-1.0
P20050,P20967,0,topology_cl3,0.0014970059880239522,1.0,1.0,0.0,0.0,4.0
P09201,P53895,0,topology_cl3,0.0014970059880239522,1.0,1.0,0.0,0.0,-1.0
P40485,Q06675,0,topology_cl3,0.0014970059880239522,1.0,1.0,0.0,0.0,-1.0
P22804,P32505,0,topology_cl3,0.0014970059880239522,1.0,1.0,0.0,0.0,-1.0
P08964,P48361,0,topology_cl3,0.0014970059880239522,1.0,1.0,0.0,0.0,5.0
P00812,P54861,0,topology_cl3,0.0014970059880239522,1.0,1.0,0.0,0.0,-1.0
P28743,P29340,0,topology_cl3,0.0014970059880239522,1.0,1.0,0.0,0.0,-1.0
P38247,P47011,0,topology_cl3,0.0014970059880239522,1.0,1.0,0.0,0.0,-1.0
P03962,P0C0X0,0,topology_cl3,0.0014970059880239522,1.0,1.0,0.0,0.0,-1.0
P08638,P29340,0,topology_cl3,0.0014970059880239522,1.0,1.0,0.0,0.0,-1.0
P04387,P41695,0,topology_cl3,0.0014970059880239522,1.0,1.0,0.0,0.0,-1.0
Q02100,Q03860,0,topology_cl3,0.0014970059880239522,1.0,1.0,0.0,0.0,-1.0
P00812,P47025,0,topology_cl3,0.0014970059880239522,1.0,1.0,0.0,0.0,-1.0
P17555,Q04003,0,topology_cl3,0.0014970059880239522,1.0,1.0,0.0,0.0,-1.0
P11746,P32628,0,topology_cl3,0.0014970059880239522,1.0,1.0,0.0,0.0,-1.0
P40957,P48361,0,topology_cl3,0.0014970059880239522,1.0,1.0,0.0,0.0,4.0
P40202,Q12365,0,topology_cl3,0.0014970059880239522,1.0,1.0,0.0,0.0,-1.0
P32361,Q04921,0,topology_cl3,0.0014970059880239522,1.0,1.0,0.0,0.0,5.0
Q02100,Q12365,0,topology_cl3,0.0014970059880239522,1.0,1.0,0.0,0.0,-1.0
P41921,Q3E7C1,0,topology_cl3,0.0014970059880239522,1.0,1.0,0.0,0.0,-1.0
P47115,P48361,0,topology_cl3,0.0014970059880239522,1.0,1.0,0.0,0.0,4.0
P15442,Q06440,0,topology_cl3,0.0014970059880239522,1.0,1.0,0.0,0.0,-1.0
P38247,P38748,0,topology_cl3,0.0014970059880239522,1.0,1.0,0.0,0.0,-1.0
P38748,Q05791,0,topology_cl3,0.0014970059880239522,1.0,1.0,0.0,0.0,-1.0
P00927,P32505,0,topology_cl3,0.0014970059880239522,1.0,1.0,0.0,0.0,6.0
P36036,P40202,0,topology_cl3,0.0014970059880239522,1.0,1.0,0.0,0.0,-1.0
P47011,Q12154,0,topology_cl3,0.0014970059880239522,1.0,1.0,0.0,0.0,-1.0
P39113,Q12334,0,topology_cl3,0.0014970059880239522,1.0,1.0,0.0,0.0,-1.0
P28795,P41697,0,topology_cl3,0.0014970059880239522,1.0,1.0,0.0,0.0,-1.0
P00812,Q06708,0,topology_cl3,0.0014970059880239522,1.0,1.0,0.0,0.0,-1.0
P38748,P81449,0,topology_cl3,0.0014970059880239522,1.0,1.0,0.0,0.0,5.0
P07272,P32628,0,topology_cl3,0.0014970059880239522,1.0,1.0,0.0,0.0,-1.0
Q06440,Q06704,0,topology_cl3,0.0014970059880239522,1.0,1.0,0.0,0.0,-1.0
P00812,P41697,0,topology_cl3,0.0014970059880239522,1.0,1.0,0.0,0.0,-1.0
P32361,P47025,0,topology_cl3,0.0014970059880239522,1.0,1.0,0.0,0.0,-1.0
P32628,Q06708,0,topology_cl3,0.0014970059880239522,1.0,1.0,0.0,0.0,-1.0
P03962,P40202,0,topology_cl3,0.0014970059880239522,1.0,1.0,0.0,0.0,-1.0
P17555,P20050,0,topology_cl3,0.0014970059880239522,1.0,1.0,0.0,0.0,5.0
P07272,Q12334,0,topology_cl3,0.0014970059880239522,1.0,1.0,0.0,0.0,4.0
Q02100,Q05791,0,topology_cl3,0.0014970059880239522,1.0,1.0,0.0,0.0,-1.0
P28795,Q12154,0,topology_cl3,0.0014970059880239522,1.0,1.0,0.0,0.0,-1.0
P04387,P38853,0,topology_cl3,0.0014970059880239522,1.0,1.0,0.0,0.0,-1.0
P11746,Q03860,0,topology_cl3,0.0014970059880239522,1.0,1.0,0.0,0.0,-1.0
P47095,P54861,0,topology_cl3,0.0014970059880239522,1.0,1.0,0.0,0.0,-1.0
P15442,P25367,0,topology_cl3,0.0014970059880239522,1.0,1.0,0.0,0.0,-1.0
P53895,Q05791,0,topology_cl3,0.0014970059880239522,1.0,1.0,0.0,0.0,-1.0
P00447,P31539,0,topology_cl3,0.0014970059880239522,1.0,1.0,0.0,0.0,-1.0
P20967,P39113,0,topology_cl3,0.0014970059880239522,1.0,1.0,0.0,0.0,-1.0
P00812,P38748,0,topology_cl3,0.0014970059880239522,1.0,1.0,0.0,0.0,6.0
P47025,Q06704,0,topology_cl3,0.0014970059880239522,1.0,1.0,0.0,0.0,-1.0
P11746,Q02100,0,topology_cl3,0.0014970059880239522,1.0,1.0,0.0,0.0,-1.0
P00927,Q08581,0,topology_cl3,0.0014970059880239522,1.0,1.0,0.0,0.0,5.0
P17065,P41697,0,topology_cl3,0.0014970059880239522,1.0,1.0,0.0,0.0,-1.0
P40485,Q02100,0,topology_cl3,0.0014970059880239522,1.0,1.0,0.0,0.0,6.0
P04387,P17555,0,topology_cl3,0.0014970059880239522,1.0,1.0,0.0,0.0,-1.0
P11746,Q12365,0,topology_cl3,0.0014970059880239522,1.0,1.0,0.0,0.0,-1.0
P08964,P53617,0,topology_cl3,0.0014970059880239522,1.0,1.0,0.0,0.0,6.0
Q02100,Q04411,0,topology_cl3,0.0014970059880239522,1.0,1.0,0.0,0.0,-1.0
P00812,P81449,0,topology_cl3,0.0014970059880239522,1.0,1.0,0.0,0.0,4.0
P25367,P28743,0,topology_cl3,0.0014970059880239522,1.0,1.0,0.0,0.0,-1.0
P08638,P40325,0,topology_cl3,0.0014970059880239522,1.0,1.0,0.0,0.0,4.0
P09201,P41921,0,topology_cl3,0.0014970059880239522,1.0,1.0,0.0,0.0,5.0
P04387,P32361,0,topology_cl3,0.0014970059880239522,1.0,1.0,0.0,0.0,-1.0
P20050,P31539,0,topology_cl3,0.0014970059880239522,1.0,1.0,0.0,0.0,-1.0
P07272,P61829,0,topology_cl3,0.0014970059880239522,1.0,1.0,0.0,0.0,-1.0
P47011,Q12084,0,topology_cl3,0.0014970059880239522,1.0,1.0,0.0,0.0,-1.0
Q06704,Q12390,0,topology_cl3,0.0014970059880239522,1.0,1.0,0.0,0.0,6.0
P0C0X0,P32361,0,topology_cl3,0.0014970059880239522,1.0,1.0,0.0,0.0,6.0
P03962,Q06675,0,topology_cl3,0.0014970059880239522,1.0,1.0,0.0,0.0,-1.0
P26343,P32628,0,topology_cl3,0.0014970059880239522,1.0,1.0,0.0,0.0,-1.0
P47011,Q06675,0,topology_cl3,0.0014970059880239522,1.0,1.0,0.0,0.0,-1.0
P40485,P48361,0,topology_cl3,0.0014970059880239522,1.0,1.0,0.0,0.0,-1.0
P32504,P53617,0,topology_cl3,0.0014970059880239522,1.0,1.0,0.0,0.0,-1.0
P00447,P17065,0,topology_cl3,0.0014970059880239522,1.0,1.0,0.0,0.0,-1.0
P39113,Q04411,0,topology_cl3,0.0014970059880239522,1.0,1.0,0.0,0.0,-1.0
P03962,P11746,0,topology_cl3,0.0014970059880239522,1.0,1.0,0.0,0.0,-1.0
P20967,P41695,0,topology_cl3,0.0014970059880239522,1.0,1.0,0.0,0.0,4.0
P32504,P47115,0,topology_cl3,0.0014970059880239522,1.0,1.0,0.0,0.0,6.0
P31539,Q12102,0,topology_cl3,0.0014970059880239522,1.0,1.0,0.0,0.0,-1.0
P32504,Q12365,0,topology_cl3,0.0014970059880239522,1.0,1.0,0.0,0.0,6.0
P03962,P08964,0,topology_cl3,0.0014970059880239522,1.0,1.0,0.0,0.0,-1.0
P32505,Q04003,0,topology_cl3,0.0014970059880239522,1.0,1.0,0.0,0.0,-1.0
P03962,P41697,0,topology_cl3,0.0014970059880239522,1.0,1.0,0.0,0.0,-1.0
P38853,P47025,0,topology_cl3,0.0014970059880239522,1.0,1.0,0.0,0.0,-1.0
P11746,Q04411,0,topology_cl3,0.0014970059880239522,1.0,1.0,0.0,0.0,-1.0
P17065,P47095,0,topology_cl3,0.0014970059880239522,1.0,1.0,0.0,0.0,-1.0
P07272,P53895,0,topology_cl3,0.0014970059880239522,1.0,1.0,0.0,0.0,-1.0
P38748,Q3E7C1,0,topology_cl3,0.0014970059880239522,1.0,1.0,0.0,0.0,-1.0
P22804,P40151,0,topology_cl3,0.0014970059880239522,1.0,1.0,0.0,0.0,-1.0
P25638,Q05791,0,topology_cl3,0.0014970059880239522,1.0,1.0,0.0,0.0,-1.0
P08964,P41697,0,topology_cl3,0.0014970059880239522,1.0,1.0,0.0,0.0,-1.0
P36036,Q06704,0,topology_cl3,0.0014970059880239522,1.0,1.0,0.0,0.0,6.0
P26343,P47011,0,topology_cl3,0.0014970059880239522,1.0,1.0,0.0,0.0,-1.0
P47025,P53617,0,topology_cl3,0.0014970059880239522,1.0,1.0,0.0,0.0,-1.0
P07272,P40957,0,topology_cl3,0.0014970059880239522,1.0,1.0,0.0,0.0,-1.0
P54861,P61829,0,topology_cl3,0.0014970059880239522,1.0,1.0,0.0,0.0,-1.0
P32504,Q02100,0,topology_cl3,0.0014970059880239522,1.0,1.0,0.0,0.0,-1.0
P47025,Q3E7C1,0,topology_cl3,0.0014970059880239522,1.0,1.0,0.0,0.0,-1.0
P22804,P40963,0,topology_cl3,0.0014970059880239522,1.0,1.0,0.0,0.0,-1.0
P29340,P32639,0,topology_cl3,0.0014970059880239522,1.0,1.0,0.0,0.0,-1.0
P25367,Q04003,0,topology_cl3,0.0014970059880239522,1.0,1.0,0.0,0.0,-1.0
P07270,P47011,0,topology_cl3,0.0014970059880239522,1.0,1.0,0.0,0.0,-1.0
P53184,Q02100,0,topology_cl3,0.0014970059880239522,1.0,1.0,0.0,0.0,6.0
P25367,P31539,0,topology_cl3,0.0014970059880239522,1.0,1.0,0.0,0.0,-1.0
P00927,P15442,0,topology_cl3,0.0014970059880239522,1.0,1.0,0.0,0.0,5.0
P32849,Q06708,0,topology_cl3,0.0014970059880239522,1.0,1.0,0.0,0.0,-1.0
P25638,P26343,0,topology_cl3,0.0014970059880239522,1.0,1.0,0.0,0.0,-1.0
P11746,P32849,0,topology_cl3,0.0014970059880239522,1.0,1.0,0.0,0.0,-1.0
P04386,P17065,0,topology_cl3,0.0014970059880239522,1.0,1.0,0.0,0.0,-1.0
P32361,Q06440,0,topology_cl3,0.0014970059880239522,1.0,1.0,0.0,0.0,6.0
P07272,P47115,0,topology_cl3,0.0014970059880239522,1.0,1.0,0.0,0.0,-1.0
P53895,Q06440,0,topology_cl3,0.0014970059880239522,1.0,1.0,0.0,0.0,-1.0
P00927,P38247,0,topology_cl3,0.0014970059880239522,1.0,1.0,0.0,0.0,6.0
P32504,P40202,0,topology_cl3,0.0014970059880239522,1.0,1.0,0.0,0.0,-1.0
P22804,P54861,0,topology_cl3,0.0014970059880239522,1.0,1.0,0.0,0.0,-1.0
P41921,Q03898,0,topology_cl3,0.0014970059880239522,1.0,1.0,0.0,0.0,-1.0
P29340,Q08581,0,topology_cl3,0.0014970059880239522,1.0,1.0,0.0,0.0,-1.0
P20967,P32917,0,topology_cl3,0.0014970059880239522,1.0,1.0,0.0,0.0,6.0
P20967,P41921,0,topology_cl3,0.0014970059880239522,1.0,1.0,0.0,0.0,5.0
P00927,P61829,0,topology_cl3,0.0014970059880239522,1.0,1.0,0.0,0.0,6.0
P15442,P39113,0,topology_cl3,0.0014970059880239522,1.0,1.0,0.0,0.0,-1.0
P17065,P32639,0,topology_cl3,0.0014970059880239522,1.0,1.0,0.0,0.0,-1.0
P0C0X0,P17555,0,topology_cl3,0.0014970059880239522,1.0,1.0,0.0,0.0,5.0
P09201,P81449,0,topology_cl3,0.0014970059880239522,1.0,1.0,0.0,0.0,5.0
P07272,Q05791,0,topology_cl3,0.0014970059880239522,1.0,1.0,0.0,0.0,-1.0
P38247,Q12334,0,topology_cl3,0.0014970059880239522,1.0,1.0,0.0,0.0,-1.0
P07272,P31539,0,topology_cl3,0.0014970059880239522,1.0,1.0,0.0,0.0,-1.0
P61829,Q06675,0,topology_cl3,0.0014970059880239522,1.0,1.0,0.0,0.0,4.0
P27895,P48361,0,topology_cl3,0.0014970059880239522,1.0,1.0,0.0,0.0,-1.0
P08638,P48361,0,topology_cl3,0.0014970059880239522,1.0,1.0,0.0,0.0,-1.0
Q06708,Q12365,0,topology_cl3,0.0014970059880239522,1.0,1.0,0.0,0.0,-1.0
P31539,P81449,0,topology_cl3,0.0014970059880239522,1.0,1.0,0.0,0.0,5.0
P28743,P48361,0,topology_cl3,0.0014970059880239522,1.0,1.0,0.0,0.0,6.0
P26343,P36036,0,topology_cl3,0.0014970059880239522,1.0,1.0,0.0,0.0,-1.0
P32361,Q04003,0,topology_cl3,0.0014970059880239522,1.0,1.0,0.0,0.0,-1.0
P32505,P54861,0,topology_cl3,0.0014970059880239522,1.0,1.0,0.0,0.0,-1.0
P32917,Q05791,0,topology_cl3,0.0014970059880239522,1.0,1.0,0.0,0.0,-1.0
P40963,Q03898,0,topology_cl3,0.0014970059880239522,1.0,1.0,0.0,0.0,-1.0
P08964,Q12390,0,topology_cl3,0.0014970059880239522,1.0,1.0,0.0,0.0,6.0
Q02100,Q06440,0,topology_cl3,0.0014970059880239522,1.0,1.0,0.0,0.0,-1.0
P32628,Q06675,0,topology_cl3,0.0014970059880239522,1.0,1.0,0.0,0.0,-1.0
P20050,P38748,0,topology_cl3,0.0014970059880239522,1.0,1.0,0.0,0.0,5.0
P07272,Q03860,0,topology_cl3,0.0014970059880239522,1.0,1.0,0.0,0.0,-1.0
P04386,Q04003,0,topology_cl3,0.0014970059880239522,1.0,1.0,0.0,0.0,-1.0
P25367,P28795,0,topology_cl3,0.0014970059880239522,1.0,1.0,0.0,0.0,-1.0
P40202,P81449,0,topology_cl3,0.0014970059880239522,1.0,1.0,0.0,0.0,-1.0
P04387,P09201,0,topology_cl3,0.0014970059880239522,1.0,1.0,0.0,0.0,-1.0
P00812,P25638,0,topology_cl3,0.0014970059880239522,1.0,1.0,0.0,0.0,6.0
P25638,P27895,0,topology_cl3,0.0014970059880239522,1.0,1.0,0.0,0.0,-1.0
P53617,Q04921,0,topology_cl3,0.0014970059880239522,1.0,1.0,0.0,0.0,6.0
P41921,Q12154,0,topology_cl3,0.0014970059880239522,1.0,1.0,0.0,0.0,4.0
P0C0X0,P27895,0,topology_cl3,0.0014970059880239522,1.0,1.0,0.0,0.0,4.0
P00447,Q06440,0,topology_cl3,0.0014970059880239522,1.0,1.0,0.0,0.0,-1.0
P32849,P41695,0,topology_cl3,0.0014970059880239522,1.0,1.0,0.0,0.0,-1.0
P00927,P09201,0,topology_cl3,0.0014970059880239522,1.0,1.0,0.0,0.0,6.0
P20050,Q08581,0,topology_cl3,0.0014970059880239522,1.0,1.0,0.0,0.0,5.0
P32505,P40963,0,topology_cl3,0.0014970059880239522,1.0,1.0,0.0,0.0,-1.0
P81449,Q06704,0,topology_cl3,0.0014970059880239522,1.0,1.0,0.0,0.0,4.0
P38247,Q12102,0,topology_cl3,0.0014970059880239522,1.0,1.0,0.0,0.0,6.0
P28795,Q02100,0,topology_cl3,0.0014970059880239522,1.0,1.0,0.0,0.0,-1.0
P11746,P47011,0,topology_cl3,0.0014970059880239522,1.0,1.0,0.0,0.0,-1.0
P04386,P36036,0,topology_cl3,0.0014970059880239522,1.0,1.0,0.0,0.0,-1.0
P22804,Q06440,0,topology_cl3,0.0014970059880239522,1.0,1.0,0.0,0.0,-1.0
P00927,P28795,0,topology_cl3,0.0014970059880239522,1.0,1.0,0.0,0.0,-1.0
Q03860,Q06675,0,topology_cl3,0.0014970059880239522,1.0,1.0,0.0,0.0,-1.0
P38853,Q06675,0,topology_cl3,0.0014970059880239522,1.0,1.0,0.0,0.0,-1.0
P28743,P41695,0,topology_cl3,0.0014970059880239522,1.0,1.0,0.0,0.0,6.0
P17065,P32361,0,topology_cl3,0.0014970059880239522,1.0,1.0,0.0,0.0,5.0
P07270,P32628,0,topology_cl3,0.0014970059880239522,1.0,1.0,1.0,0.0,2.0
Q05791,Q12102,0,topology_cl3,0.0014970059880239522,1.0,1.0,0.0,0.0,-1.0
P47115,Q03898,0,topology_cl3,0.0014970059880239522,1.0,1.0,0.0,0.0,5.0
P07272,P28795,0,topology_cl3,0.0014970059880239522,1.0,1.0,0.0,0.0,4.0
P40202,P47011,0,topology_cl3,0.0014970059880239522,1.0,1.0,0.0,0.0,-1.0
P32628,P41695,0,topology_cl3,0.0014970059880239522,1.0,1.0,0.0,0.0,-1.0
P25638,Q06704,0,topology_cl3,0.0014970059880239522,1.0,1.0,0.0,0.0,6.0
P38853,P61829,0,topology_cl3,0.0014970059880239522,1.0,1.0,0.0,0.0,6.0
P28743,Q04411,0,topology_cl3,0.0014970059880239522,1.0,1.0,0.0,0.0,-1.0
P32628,Q3E7C1,0,topology_cl3,0.0014970059880239522,1.0,1.0,1.0,0.0,2.0
P40957,Q12084,0,topology_cl3,0.0014970059880239522,1.0,1.0,0.0,0.0,4.0
P00447,P00812,0,topology_cl3,0.0014970059880239522,1.0,1.0,0.0,0.0,-1.0
P15442,Q12084,0,topology_cl3,0.0014970059880239522,1.0,1.0,0.0,0.0,5.0
P04387,P38748,0,topology_cl3,0.0014970059880239522,1.0,1.0,0.0,0.0,-1.0
P53895,P61829,0,topology_cl3,0.0014970059880239522,1.0,1.0,0.0,0.0,6.0
P32849,P40325,0,topology_cl3,0.0014970059880239522,1.0,1.0,0.0,0.0,-1.0
P28795,P40963,0,topology_cl3,0.0014970059880239522,1.0,1.0,0.0,0.0,-1.0
P32628,P47115,0,topology_cl3,0.0014970059880239522,1.0,1.0,0.0,0.0,-1.0
Q06704,Q12102,0,topology_cl3,0.0014970059880239522,1.0,1.0,0.0,0.0,5.0
Q12084,Q12102,0,topology_cl3,0.0014970059880239522,1.0,1.0,0.0,0.0,6.0
P32628,Q12084,0,topology_cl3,0.0014970059880239522,1.0,1.0,0.0,0.0,-1.0
P15442,P53617,0,topology_cl3,0.0014970059880239522,1.0,1.0,0.0,0.0,6.0
P40151,Q04921,0,topology_cl3,0.0014970059880239522,1.0,1.0,0.0,0.0,5.0
P25367,P40202,0,topology_cl3,0.0014970059880239522,1.0,1.0,0.0,0.0,-1.0
P04387,P32639,0,topology_cl3,0.0014970059880239522,1.0,1.0,0.0,0.0,-1.0
P32505,P38748,0,topology_cl3,0.0014970059880239522,1.0,1.0,0.0,0.0,6.0
P09201,Q04411,0,topology_cl3,0.0014970059880239522,1.0,1.0,0.0,0.0,-1.0
P17555,P41697,0,topology_cl3,0.0014970059880239522,1.0,1.0,0.0,0.0,6.0
P20967,Q08581,0,topology_cl3,0.0014970059880239522,1.0,1.0,0.0,0.0,5.0
Q03860,Q12102,0,topology_cl3,0.0014970059880239522,1.0,1.0,0.0,0.0,-1.0
P41921,Q05791,0,topology_cl3,0.0014970059880239522,1.0,1.0,0.0,0.0,-1.0
P08638,Q12084,0,topology_cl3,0.0014970059880239522,1.0,1.0,0.0,0.0,-1.0
P08638,P0C0X0,0,topology_cl3,0.0014970059880239522,1.0,1.0,0.0,0.0,-1.0
Q12334,Q12365,0,topology_cl3,0.0014970059880239522,1.0,1.0,0.0,0.0,-1.0
P48361,Q12102,0,topology_cl3,0.0014970059880239522,1.0,1.0,0.0,0.0,6.0
P40325,Q12154,0,topology_cl3,0.0014970059880239522,1.0,1.0,0.0,0.0,4.0
P40202,P54861,0,topology_cl3,0.0014970059880239522,1.0,1.0,0.0,0.0,-1.0
P38853,P40963,0,topology_cl3,0.0014970059880239522,1.0,1.0,0.0,0.0,-1.0
P38247,Q06708,0,topology_cl3,0.0014970059880239522,1.0,1.0,0.0,0.0,-1.0
P27895,P38247,0,topology_cl3,0.0014970059880239522,1.0,1.0,0.0,0.0,-1.0
P32361,P40151,0,topology_cl3,0.0014970059880239522,1.0,1.0,0.0,0.0,4.0
P40325,Q12084,0,topology_cl3,0.0014970059880239522,1.0,1.0,0.0,0.0,5.0
P03962,P40957,0,topology_cl3,0.0014970059880239522,1.0,1.0,0.0,0.0,-1.0
P00927,P31539,0,topology_cl3,0.0014970059880239522,1.0,1.0,0.0,0.0,-1.0
P32628,Q08581,0,topology_cl3,0.0014970059880239522,1.0,1.0,0.0,0.0,-1.0
P29340,P53617,0,topology_cl3,0.0014970059880239522,1.0,1.0,0.0,0.0,-1.0
P40325,P40957,0,topology_cl3,0.0014970059880239522,1.0,1.0,0.0,0.0,5.0
P00447,Q04003,0,topology_cl3,0.0014970059880239522,1.0,1.0,0.0,0.0,-1.0
P09201,Q08581,0,topology_cl3,0.0014970059880239522,1.0,1.0,0.0,0.0,-1.0
P25638,P81449,0,topology_cl3,0.0014970059880239522,1.0,1.0,0.0,0.0,4.0
P09201,P40151,0,topology_cl3,0.0014970059880239522,1.0,1.0,0.0,0.0,-1.0
P47115,Q06708,0,topology_cl3,0.0014970059880239522,1.0,1.0,0.0,0.0,-1.0
P22804,Q12102,0,topology_cl3,0.0014970059880239522,1.0,1.0,0.0,0.0,-1.0
P28795,P61829,0,topology_cl3,0.0014970059880239522,1.0,1.0,0.0,0.0,-1.0
P00927,P17555,0,topology_cl3,0.0014970059880239522,1.0,1.0,0.0,0.0,5.0
P47011,Q12334,0,topology_cl3,0.0014970059880239522,1.0,1.0,0.0,0.0,-1.0
P32505,P47025,0,topology_cl3,0.0014970059880239522,1.0,1.0,0.0,0.0,-1.0
P40957,Q12154,0,topology_cl3,0.0014970059880239522,1.0,1.0,0.0,0.0,5.0
P41697,Q06440,0,topology_cl3,0.0014970059880239522,1.0,1.0,0.0,0.0,-1.0
P61829,Q3E7C1,0,topology_cl3,0.0014970059880239522,1.0,1.0,0.0,0.0,-1.0
P09201,P40202,0,topology_cl3,0.0014970059880239522,1.0,1.0,0.0,0.0,-1.0
P17065,Q12102,0,topology_cl3,0.0014970059880239522,1.0,1.0,0.0,0.0,-1.0
P27895,Q12102,0,topology_cl3,0.0014970059880239522,1.0,1.0,0.0,0.0,-1.0
P32504,Q06675,0,topology_cl3,0.0014970059880239522,1.0,1.0,1.0,0.0,2.0
P17065,P53895,0,topology_cl3,0.0014970059880239522,1.0,1.0,0.0,0.0,-1.0
P38247,P47025,0,topology_cl3,0.0014970059880239522,1.0,1.0,0.0,0.0,-1.0
P20050,P26343,0,topology_cl3,0.0014970059880239522,1.0,1.0,0.0,0.0,-1.0
P00447,P40963,0,topology_cl3,0.0014970059880239522,1.0,1.0,0.0,0.0,-1.0
P41697,Q02100,0,topology_cl3,0.0014970059880239522,1.0,1.0,0.0,0.0,6.0
P31539,P41921,0,topology_cl3,0.0014970059880239522,1.0,1.0,0.0,0.0,-1.0
P40963,P41697,0,topology_cl3,0.0014970059880239522,1.0,1.0,0.0,0.0,-1.0
P08638,Q04921,0,topology_cl3,0.0014970059880239522,1.0,1.0,0.0,0.0,5.0
P32849,Q06675,0,topology_cl3,0.0014970059880239522,1.0,1.0,0.0,0.0,-1.0
P07272,P40963,0,topology_cl3,0.0014970059880239522,1.0,1.0,0.0,0.0,-1.0
Q04411,Q12334,0,topology_cl3,0.0014970059880239522,1.0,1.0,0.0,0.0,-1.0
Q05791,Q12365,0,topology_cl3,0.0014970059880239522,1.0,1.0,0.0,0.0,-1.0
P07270,P09201,0,topology_cl3,0.0014970059880239522,1.0,1.0,0.0,0.0,-1.0
P40151,P47095,0,topology_cl3,0.0014970059880239522,1.0,1.0,0.0,0.0,-1.0
P36036,Q04411,0,topology_cl3,0.0014970059880239522,1.0,1.0,0.0,0.0,-1.0
P32504,P41695,0,topology_cl3,0.0014970059880239522,1.0,1.0,0.0,0.0,4.0
P61829,Q05791,0,topology_cl3,0.0014970059880239522,1.0,1.0,0.0,0.0,-1.0
P15442,P32628,0,topology_cl3,0.0014970059880239522,1.0,1.0,0.0,0.0,-1.0
P07270,P17065,0,topology_cl3,0.0014970059880239522,1.0,1.0,0.0,0.0,-1.0
P61829,Q02100,0,topology_cl3,0.0014970059880239522,1.0,1.0,0.0,0.0,5.0
P25367,Q12365,0,topology_cl3,0.0014970059880239522,1.0,1.0,0.0,0.0,-1.0
P47115,Q02100,0,topology_cl3,0.0014970059880239522,1.0,1.0,0.0,0.0,-1.0
P48361,P61829,0,topology_cl3,0.0014970059880239522,1.0,1.0,0.0,0.0,6.0
P15442,Q08581,0,topology_cl3,0.0014970059880239522,1.0,1.0,0.0,0.0,5.0
P28743,P32849,0,topology_cl3,0.0014970059880239522,1.0,1.0,0.0,0.0,-1.0
P40963,Q06704,0,topology_cl3,0.0014970059880239522,1.0,1.0,0.0,0.0,-1.0
P17065,P27895,0,topology_cl3,0.0014970059880239522,1.0,1.0,0.0,0.0,-1.0
P38247,P53895,0,topology_cl3,0.0014970059880239522,1.0,1.0,0.0,0.0,-1.0
P15442,P38748,0,topology_cl3,0.0014970059880239522,1.0,1.0,0.0,0.0,5.0
P28743,P81449,0,topology_cl3,0.0014970059880239522,1.0,1.0,0.0,0.0,4.0
P17065,P40202,0,topology_cl3,0.0014970059880239522,1.0,1.0,0.0,0.0,-1.0
P07270,P38853,0,topology_cl3,0.0014970059880239522,1.0,1.0,0.0,0.0,-1.0
Q04921,Q06708,0,topology_cl3,0.0014970059880239522,1.0,1.0,0.0,0.0,-1.0
P38247,P40325,0,topology_cl3,0.0014970059880239522,1.0,1.0,0.0,0.0,5.0
P07272,Q12390,0,topology_cl3,0.0014970059880239522,1.0,1.0,0.0,0.0,-1.0
P38853,Q03898,0,topology_cl3,0.0014970059880239522,1.0,1.0,0.0,0.0,6.0
P11746,P32917,0,topology_cl3,0.0014970059880239522,1.0,1.0,0.0,0.0,-1.0
P29340,P32628,0,topology_cl3,0.0014970059880239522,1.0,1.0,0.0,0.0,-1.0
P48361,Q06440,0,topology_cl3,0.0014970059880239522,1.0,1.0,0.0,0.0,-1.0
P04386,Q06708,0,topology_cl3,0.0014970059880239522,1.0,1.0,0.0,0.0,-1.0
P20967,Q06708,0,topology_cl3,0.0014970059880239522,1.0,1.0,0.0,0.0,-1.0
P00927,P41695,0,topology_cl3,0.0014970059880239522,1.0,1.0,0.0,0.0,5.0
P39113,Q02100,0,topology_cl3,0.0014970059880239522,1.0,1.0,0.0,0.0,-1.0
P47025,Q03898,0,topology_cl3,0.0014970059880239522,1.0,1.0,0.0,0.0,-1.0
Q03898,Q04411,0,topology_cl3,0.0014970059880239522,1.0,1.0,0.0,0.0,-1.0
P0C0X0,P20967,0,topology_cl3,0.0014970059880239522,1.0,1.0,0.0,0.0,6.0
P00927,Q12390,0,topology_cl3,0.0014970059880239522,1.0,1.0,0.0,0.0,-1.0
P47025,Q12334,0,topology_cl3,0.0014970059880239522,1.0,1.0,0.0,0.0,-1.0
P03962,P32639,0,topology_cl3,0.0014970059880239522,1.0,1.0,0.0,0.0,-1.0
P22804,P32628,0,topology_cl3,0.0014970059880239522,1.0,1.0,0.0,0.0,-1.0
P27895,Q06704,0,topology_cl3,0.0014970059880239522,1.0,1.0,0.0,0.0,-1.0
P27895,P28795,0,topology_cl3,0.0014970059880239522,1.0,1.0,0.0,0.0,-1.0
P40963,Q04411,0,topology_cl3,0.0014970059880239522,1.0,1.0,0.0,0.0,-1.0
P25638,Q06440,0,topology_cl3,0.0014970059880239522,1.0,1.0,0.0,0.0,-1.0
P17555,P32505,0,topology_cl3,0.0014970059880239522,1.0,1.0,0.0,0.0,5.0
P17065,Q05791,0,topology_cl3,0.0014970059880239522,1.0,1.0,0.0,0.0,-1.0
P00812,P47095,0,topology_cl3,0.0014970059880239522,1.0,1.0,0.0,0.0,4.0
P17555,P25367,0,topology_cl3,0.0014970059880239522,1.0,1.0,0.0,0.0,-1.0
P32505,P38247,0,topology_cl3,0.0014970059880239522,1.0,1.0,0.0,0.0,6.0
P07270,P38748,0,topology_cl3,0.0014970059880239522,1.0,1.0,0.0,0.0,-1.0
P25638,P29340,0,topology_cl3,0.0014970059880239522,1.0,1.0,0.0,0.0,-1.0
P25638,Q12102,0,topology_cl3,0.0014970059880239522,1.0,1.0,0.0,0.0,-1.0
P38853,P53895,0,topology_cl3,0.0014970059880239522,1.0,1.0,0.0,0.0,-1.0
P17065,P41921,0,topology_cl3,0.0014970059880239522,1.0,1.0,0.0,0.0,-1.0
P32628,P61829,0,topology_cl3,0.0014970059880239522,1.0,1.0,0.0,0.0,-1.0
P00812,P40151,0,topology_cl3,0.0014970059880239522,1.0,1.0,0.0,0.0,6.0
P00812,Q12390,0,topology_cl3,0.0014970059880239522,1.0,1.0,0.0,0.0,6.0
P00927,P48361,0,topology_cl3,0.0014970059880239522,1.0,1.0,0.0,0.0,4.0
Q02100,Q08581,0,topology_cl3,0.0014970059880239522,1.0,1.0,0.0,0.0,6.0
P28795,P32504,0,topology_cl3,0.0014970059880239522,1.0,1.0,0.0,0.0,-1.0
P25638,P53184,0,topology_cl3,0.0014970059880239522,1.0,1.0,0.0,0.0,6.0
P32505,P41921,0,topology_cl3,0.0014970059880239522,1.0,1.0,0.0,0.0,6.0
P31539,P32504,0,topology_cl3,0.0014970059880239522,1.0,1.0,0.0,0.0,-1.0
P31539,P40485,0,topology_cl3,0.0014970059880239522,1.0,1.0,0.0,0.0,-1.0
P40485,P53895,0,topology_cl3,0.0014970059880239522,1.0,1.0,0.0,0.0,-1.0
P17555,P28743,0,topology_cl3,0.0014970059880239522,1.0,1.0,0.0,0.0,5.0
P39113,Q12390,0,topology_cl3,0.0014970059880239522,1.0,1.0,0.0,0.0,6.0
P07270,Q06440,0,topology_cl3,0.0014970059880239522,1.0,1.0,0.0,0.0,-1.0
P40957,P53617,0,topology_cl3,0.0014970059880239522,1.0,1.0,0.0,0.0,-1.0
P17555,Q3E7C1,0,topology_cl3,0.0014970059880239522,1.0,1.0,0.0,0.0,-1.0
P20967,P25638,0,topology_cl3,0.0014970059880239522,1.0,1.0,0.0,0.0,5.0
P29340,P41921,0,topology_cl3,0.0014970059880239522,1.0,1.0,0.0,0.0,-1.0
P29340,P32917,0,topology_cl3,0.0014970059880239522,1.0,1.0,0.0,0.0,-1.0
P41695,Q12390,0,topology_cl3,0.0014970059880239522,1.0,1.0,0.0,0.0,5.0
P20050,P53184,0,topology_cl3,0.0014970059880239522,1.0,1.0,0.0,0.0,5.0
Q04921,Q12102,0,topology_cl3,0.0014970059880239522,1.0,1.0,0.0,0.0,5.0
P25638,P47011,0,topology_cl3,0.0014970059880239522,1.0,1.0,0.0,0.0,-1.0
P00447,Q06708,0,topology_cl3,0.0014970059880239522,1.0,1.0,0.0,0.0,-1.0
P04386,P32639,0,topology_cl3,0.0014970059880239522,1.0,1.0,0.0,0.0,-1.0
P53895,Q03860,0,topology_cl3,0.0014970059880239522,1.0,1.0,0.0,0.0,-1.0
P15442,P27895,0,topology_cl3,0.0014970059880239522,1.0,1.0,0.0,0.0,-1.0
P40485,Q06708,0,topology_cl3,0.0014970059880239522,1.0,1.0,0.0,0.0,-1.0
P38748,Q04411,0,topology_cl3,0.0014970059880239522,1.0,1.0,0.0,0.0,-1.0
P25367,P53617,0,topology_cl3,0.0014970059880239522,1.0,1.0,0.0,0.0,-1.0
P40485,Q12390,0,topology_cl3,0.0014970059880239522,1.0,1.0,0.0,0.0,-1.0
P47025,Q12102,0,topology_cl3,0.0014970059880239522,1.0,1.0,0.0,0.0,-1.0
P20050,Q06675,0,topology_cl3,0.0014970059880239522,1.0,1.0,0.0,0.0,5.0
P09201,P17065,0,topology_cl3,0.0014970059880239522,1.0,1.0,0.0,0.0,-1.0
P40151,Q12102,0,topology_cl3,0.0014970059880239522,1.0,1.0,0.0,0.0,-1.0
P17065,P47115,0,topology_cl3,0.0014970059880239522,1.0,1.0,0.0,0.0,-1.0
P53184,Q04921,0,topology_cl3,0.0014970059880239522,1.0,1.0,0.0,0.0,5.0
P04386,Q06440,0,topology_cl3,0.0014970059880239522,1.0,1.0,0.0,0.0,-1.0
P25638,P61829,0,topology_cl3,0.0014970059880239522,1.0,1.0,0.0,0.0,4.0
P38853,Q04411,0,topology_cl3,0.0014970059880239522,1.0,1.0,0.0,0.0,-1.0
P32505,Q06704,0,topology_cl3,0.0014970059880239522,1.0,1.0,0.0,0.0,5.0
P08638,P36036,0,topology_cl3,0.0014970059880239522,1.0,1.0,0.0,0.0,6.0
P61829,Q03860,0,topology_cl3,0.0014970059880239522,1.0,1.0,0.0,0.0,-1.0
P41697,P81449,0,topology_cl3,0.0014970059880239522,1.0,1.0,0.0,0.0,5.0
P11746,Q06440,0,topology_cl3,0.0014970059880239522,1.0,1.0,0.0,0.0,5.0
P25367,P41695,0,topology_cl3,0.0014970059880239522,1.0,1.0,0.0,0.0,-1.0
P07272,P40325,0,topology_cl3,0.0014970059880239522,1.0,1.0,0.0,0.0,-1.0
P40202,P53895,0,topology_cl3,0.0014970059880239522,1.0,1.0,0.0,0.0,-1.0
P40485,P47115,0,topology_cl3,0.0014970059880239522,1.0,1.0,0.0,0.0,-1.0
P28795,P32361,0,topology_cl3,0.0014970059880239522,1.0,1.0,0.0,0.0,-1.0
Q06440,Q12154,0,topology_cl3,0.0014970059880239522,1.0,1.0,0.0,0.0,-1.0
P32505,P40151,0,topology_cl3,0.0014970059880239522,1.0,1.0,0.0,0.0,5.0
P20050,P41695,0,topology_cl3,0.0014970059880239522,1.0,1.0,0.0,0.0,5.0
P40202,P41921,0,topology_cl3,0.0014970059880239522,1.0,1.0,0.0,0.0,-1.0
P40957,Q06704,0,topology_cl3,0.0014970059880239522,1.0,1.0,0.0,0.0,5.0
P00447,P40202,0,topology_cl3,0.0014970059880239522,1.0,1.0,0.0,0.0,-1.0
P25638,P39113,0,topology_cl3,0.0014970059880239522,1.0,1.0,0.0,0.0,-1.0
Q03898,Q12334,0,topology_cl3,0.0014970059880239522,1.0,1.0,0.0,0.0,-1.0
P48361,Q06704,0,topology_cl3,0.0014970059880239522,1.0,1.0,0.0,0.0,5.0
P39113,Q06440,0,topology_cl3,0.0014970059880239522,1.0,1.0,0.0,0.0,-1.0
P00447,P47011,0,topology_cl3,0.0014970059880239522,1.0,1.0,1.0,0.0,2.0
P11746,P31539,0,topology_cl3,0.0014970059880239522,1.0,1.0,0.0,0.0,-1.0
P41695,P47115,0,topology_cl3,0.0014970059880239522,1.0,1.0,0.0,0.0,5.0
P08638,P53617,0,topology_cl3,0.0014970059880239522,1.0,1.0,0.0,0.0,6.0
P29340,Q12334,0,topology_cl3,0.0014970059880239522,1.0,1.0,0.0,0.0,4.0
P28743,Q05791,0,topology_cl3,0.0014970059880239522,1.0,1.0,0.0,0.0,-1.0
P32505,Q06708,0,topology_cl3,0.0014970059880239522,1.0,1.0,0.0,0.0,-1.0
P15442,P26343,0,topology_cl3,0.0014970059880239522,1.0,1.0,0.0,0.0,-1.0
P08964,P53184,0,topology_cl3,0.0014970059880239522,1.0,1.0,0.0,0.0,4.0
P04386,P09201,0,topology_cl3,0.0014970059880239522,1.0,1.0,0.0,0.0,-1.0
P17065,P32505,0,topology_cl3,0.0014970059880239522,1.0,1.0,0.0,0.0,-1.0
P25638,P53895,0,topology_cl3,0.0014970059880239522,1.0,1.0,0.0,0.0,6.0
P53895,Q12365,0,topology_cl3,0.0014970059880239522,1.0,1.0,0.0,0.0,-1.0
Q04411,Q06440,0,topology_cl3,0.0014970059880239522,1.0,1.0,0.0,0.0,-1.0
P0C0X0,Q12102,0,topology_cl3,0.0014970059880239522,1.0,1.0,0.0,0.0,-1.0
Q12084,Q12334,0,topology_cl3,0.0014970059880239522,1.0,1.0,0.0,0.0,-1.0
P32361,Q12334,0,topology_cl3,0.0014970059880239522,1.0,1.0,0.0,0.0,-1.0
P25367,Q03860,0,topology_cl3,0.0014970059880239522,1.0,1.0,0.0,0.0,-1.0
P25638,Q03860,0,topology_cl3,0.0014970059880239522,1.0,1.0,0.0,0.0,-1.0
P20050,Q03860,0,topology_cl3,0.0014970059880239522,1.0,1.0,0.0,0.0,-1.0
P32505,Q08581,0,topology_cl3,0.0014970059880239522,1.0,1.0,0.0,0.0,6.0
P53617,Q12365,0,topology_cl3,0.0014970059880239522,1.0,1.0,0.0,0.0,6.0
P41921,Q06704,0,topology_cl3,0.0014970059880239522,1.0,1.0,0.0,0.0,4.0
P08638,P32505,0,topology_cl3,0.0014970059880239522,1.0,1.0,0.0,0.0,6.0
P27895,P32849,0,topology_cl3,0.0014970059880239522,1.0,1.0,0.0,0.0,-1.0
P47115,Q04921,0,topology_cl3,0.0014970059880239522,1.0,1.0,0.0,0.0,5.0
P11746,Q04003,0,topology_cl3,0.0014970059880239522,1.0,1.0,0.0,0.0,-1.0
P09201,P40485,0,topology_cl3,0.0014970059880239522,1.0,1.0,0.0,0.0,-1.0
P40957,P40963,0,topology_cl3,0.0014970059880239522,1.0,1.0,0.0,0.0,-1.0
P32917,Q03860,0,topology_cl3,0.0014970059880239522,1.0,1.0,0.0,0.0,-1.0
P17555,Q12390,0,topology_cl3,0.0014970059880239522,1.0,1.0,0.0,0.0,4.0
P25367,P38748,0,topology_cl3,0.0014970059880239522,1.0,1.0,0.0,0.0,-1.0
P03962,P07270,0,topology_cl3,0.0014970059880239522,1.0,1.0,0.0,0.0,-1.0
P28743,P32505,0,topology_cl3,0.0014970059880239522,1.0,1.0,0.0,0.0,6.0
P04387,P25638,0,topology_cl3,0.0014970059880239522,1.0,1.0,0.0,0.0,-1.0
P11746,P61829,0,topology_cl3,0.0014970059880239522,1.0,1.0,0.0,0.0,-1.0
P40957,P41697,0,topology_cl3,0.0014970059880239522,1.0,1.0,0.0,0.0,5.0
P41697,Q04411,0,topology_cl3,0.0014970059880239522,1.0,1.0,0.0,0.0,-1.0
P03962,Q03898,0,topology_cl3,0.0014970059880239522,1.0,1.0,0.0,0.0,-1.0
P00927,P03962,0,topology_cl3,0.0014970059880239522,1.0,1.0,0.0,0.0,-1.0
P28743,Q12390,0,topology_cl3,0.0014970059880239522,1.0,1.0,0.0,0.0,-1.0
P53184,P61829,0,topology_cl3,0.0014970059880239522,1.0,1.0,0.0,0.0,4.0
P17065,Q12154,0,topology_cl3,0.0014970059880239522,1.0,1.0,0.0,0.0,-1.0
P61829,Q12102,0,topology_cl3,0.0014970059880239522,1.0,1.0,0.0,0.0,6.0
P09201,P54861,0,topology_cl3,0.0014970059880239522,1.0,1.0,0.0,0.0,-1.0
P00927,P38748,0,topology_cl3,0.0014970059880239522,1.0,1.0,0.0,0.0,5.0
P32628,P81449,0,topology_cl3,0.0014970059880239522,1.0,1.0,0.0,0.0,-1.0
P53617,Q06704,0,topology_cl3,0.0014970059880239522,1.0,1.0,0.0,0.0,5.0
P40325,Q04921,0,topology_cl3,0.0014970059880239522,1.0,1.0,0.0,0.0,4.0
Q02100,Q06704,0,topology_cl3,0.0014970059880239522,1.0,1.0,0.0,0.0,6.0
P04387,P53895,0,topology_cl3,0.0014970059880239522,1.0,1.0,0.0,0.0,-1.0
P17555,P32504,0,topology_cl3,0.0014970059880239522,1.0,1.0,0.0,0.0,5.0
P39113,Q08581,0,topology_cl3,0.0014970059880239522,1.0,1.0,0.0,0.0,-1.0
P32639,P53184,0,topology_cl3,0.0014970059880239522,1.0,1.0,0.0,0.0,-1.0
P41921,P47025,0,topology_cl3,0.0014970059880239522,1.0,1.0,0.0,0.0,-1.0
P04386,Q06704,0,topology_cl3,0.0014970059880239522,1.0,1.0,0.0,0.0,-1.0
P0C0X0,Q12154,0,topology_cl3,0.0014970059880239522,1.0,1.0,0.0,0.0,-1.0
P04386,P38853,0,topology_cl3,0.0014970059880239522,1.0,1.0,0.0,0.0,-1.0
P47095,P47115,0,topology_cl3,0.0014970059880239522,1.0,1.0,0.0,0.0,5.0
P07270,P27895,0,topology_cl3,0.0014970059880239522,1.0,1.0,0.0,0.0,-1.0
P53184,Q03898,0,topology_cl3,0.0014970059880239522,1.0,1.0,0.0,0.0,6.0
P00927,P04386,0,topology_cl3,0.0014970059880239522,1.0,1.0,0.0,0.0,-1.0
P39113,P41695,0,topology_cl3,0.0014970059880239522,1.0,1.0,0.0,0.0,5.0
P09201,P31539,0,topology_cl3,0.0014970059880239522,1.0,1.0,0.0,0.0,6.0
Q06675,Q08581,0,topology_cl3,0.0014970059880239522,1.0,1.0,0.0,0.0,5.0
Q04003,Q06704,0,topology_cl3,0.0014970059880239522,1.0,1.0,0.0,0.0,-1.0
P32504,Q06704,0,topology_cl3,0.0014970059880239522,1.0,1.0,0.0,0.0,6.0
P25367,P32505,0,topology_cl3,0.0014970059880239522,1.0,1.0,0.0,0.0,-1.0
P17555,Q04921,0,topology_cl3,0.0014970059880239522,1.0,1.0,0.0,0.0,4.0
P28795,P40485,0,topology_cl3,0.0014970059880239522,1.0,1.0,0.0,0.0,-1.0
Q04921,Q12390,0,topology_cl3,0.0014970059880239522,1.0,1.0,0.0,0.0,6.0
Q06708,Q12154,0,topology_cl3,0.0014970059880239522,1.0,1.0,0.0,0.0,-1.0
P08964,P40963,0,topology_cl3,0.0014970059880239522,1.0,1.0,0.0,0.0,-1.0
P27895,P29340,0,topology_cl3,0.0014970059880239522,1.0,1.0,0.0,0.0,-1.0
P03962,Q12084,0,topology_cl3,0.0014970059880239522,1.0,1.0,0.0,0.0,-1.0
P25638,Q12334,0,topology_cl3,0.0014970059880239522,1.0,1.0,0.0,0.0,-1.0
P29340,P53895,0,topology_cl3,0.0014970059880239522,1.0,1.0,0.0,0.0,-1.0
P41697,P47115,0,topology_cl3,0.0014970059880239522,1.0,1.0,0.0,0.0,6.0
P32849,Q12102,0,topology_cl3,0.0014970059880239522,1.0,1.0,0.0,0.0,-1.0
P40963,Q05791,0,topology_cl3,0.0014970059880239522,1.0,1.0,0.0,0.0,-1.0
P40151,P40957,0,topology_cl3,0.0014970059880239522,1.0,1.0,0.0,0.0,6.0
P41695,Q12154,0,topology_cl3,0.0014970059880239522,1.0,1.0,0.0,0.0,5.0
P22804,Q05791,0,topology_cl3,0.0014970059880239522,1.0,1.0,0.0,0.0,-1.0
P47095,Q03898,0,topology_cl3,0.0014970059880239522,1.0,1.0,0.0,0.0,6.0
P47025,P53895,0,topology_cl3,0.0014970059880239522,1.0,1.0,0.0,0.0,-1.0
P04386,P40151,0,topology_cl3,0.0014970059880239522,1.0,1.0,0.0,0.0,-1.0
P07272,Q3E7C1,0,topology_cl3,0.0014970059880239522,1.0,1.0,0.0,0.0,-1.0
P40202,Q03898,0,topology_cl3,0.0014970059880239522,1.0,1.0,0.0,0.0,-1.0
P32917,P40957,0,topology_cl3,0.0014970059880239522,1.0,1.0,0.0,0.0,5.0
P32639,Q04411,0,topology_cl3,0.0014970059880239522,1.0,1.0,0.0,0.0,-1.0
P20050,Q12102,0,topology_cl3,0.0014970059880239522,1.0,1.0,0.0,0.0,6.0
P28743,P38748,0,topology_cl3,0.0014970059880239522,1.0,1.0,0.0,0.0,5.0
P31539,P47115,0,topology_cl3,0.0014970059880239522,1.0,1.0,0.0,0.0,-1.0
P20967,P40485,0,topology_cl3,0.0014970059880239522,1.0,1.0,0.0,0.0,6.0
P08964,P54861,0,topology_cl3,0.0014970059880239522,1.0,1.0,0.0,0.0,-1.0
P28795,P36036,0,topology_cl3,0.0014970059880239522,1.0,1.0,0.0,0.0,-1.0
Q06704,Q12334,0,topology_cl3,0.0014970059880239522,1.0,1.0,0.0,0.0,-1.0
P00927,P04387,0,topology_cl3,0.0014970059880239522,1.0,1.0,0.0,0.0,-1.0
P53184,Q05791,0,topology_cl3,0.0014970059880239522,1.0,1.0,0.0,0.0,-1.0
P09201,P32504,0,topology_cl3,0.0014970059880239522,1.0,1.0,0.0,0.0,-1.0
P38853,Q06440,0,topology_cl3,0.0014970059880239522,1.0,1.0,1.0,0.0,2.0
P26343,P38748,0,topology_cl3,0.0014970059880239522,1.0,1.0,0.0,0.0,-1.0
Q05791,Q12154,0,topology_cl3,0.0014970059880239522,1.0,1.0,0.0,0.0,-1.0
P38247,P48361,0,topology_cl3,0.0014970059880239522,1.0,1.0,0.0,0.0,6.0
P41921,Q06440,0,topology_cl3,0.0014970059880239522,1.0,1.0,0.0,0.0,-1.0
P32628,Q12390,0,topology_cl3,0.0014970059880239522,1.0,1.0,0.0,0.0,-1.0
P53617,Q12390,0,topology_cl3,0.0014970059880239522,1.0,1.0,0.0,0.0,-1.0
P47011,Q3E7C1,0,topology_cl3,0.0014970059880239522,1.0,1.0,0.0,0.0,-1.0
P26343,P53617,0,topology_cl3,0.0014970059880239522,1.0,1.0,0.0,0.0,-1.0
P29340,P53184,0,topology_cl3,0.0014970059880239522,1.0,1.0,0.0,0.0,-1.0
P11746,P54861,0,topology_cl3,0.0014970059880239522,1.0,1.0,0.0,0.0,-1.0
P28743,Q04921,0,topology_cl3,0.0014970059880239522,1.0,1.0,0.0,0.0,6.0
P0C0X0,P54861,0,topology_cl3,0.0014970059880239522,1.0,1.0,0.0,0.0,-1.0
P41695,P41921,0,topology_cl3,0.0014970059880239522,1.0,1.0,0.0,0.0,6.0
P31539,P39113,0,topology_cl3,0.0014970059880239522,1.0,1.0,0.0,0.0,-1.0
P28795,Q04003,0,topology_cl3,0.0014970059880239522,1.0,1.0,0.0,0.0,-1.0
P28795,Q08581,0,topology_cl3,0.0014970059880239522,1.0,1.0,0.0,0.0,-1.0
P11746,P26343,0,topology_cl3,0.0014970059880239522,1.0,1.0,0.0,0.0,-1.0
P53184,Q04411,0,topology_cl3,0.0014970059880239522,1.0,1.0,0.0,0.0,-1.0
P00812,P29340,0,topology_cl3,0.0014970059880239522,1.0,1.0,0.0,0.0,-1.0
P39113,Q06704,0,topology_cl3,0.0014970059880239522,1.0,1.0,0.0,0.0,-1.0
P08638,P11746,0,topology_cl3,0.0014970059880239522,1.0,1.0,0.0,0.0,-1.0
P47115,Q06675,0,topology_cl3,0.0014970059880239522,1.0,1.0,0.0,0.0,6.0
P32639,P47011,0,topology_cl3,0.0014970059880239522,1.0,1.0,0.0,0.0,-1.0
P41695,Q08581,0,topology_cl3,0.0014970059880239522,1.0,1.0,0.0,0.0,5.0
P40957,Q04921,0,topology_cl3,0.0014970059880239522,1.0,1.0,0.0,0.0,5.0
P11746,Q12084,0,topology_cl3,0.0014970059880239522,1.0,1.0,0.0,0.0,-1.0
P15442,P41695,0,topology_cl3,0.0014970059880239522,1.0,1.0,0.0,0.0,4.0
P32628,P36036,0,topology_cl3,0.0014970059880239522,1.0,1.0,0.0,0.0,-1.0
P32917,P47095,0,topology_cl3,0.0014970059880239522,1.0,1.0,0.0,0.0,-1.0
P27895,Q04411,0,topology_cl3,0.0014970059880239522,1.0,1.0,0.0,0.0,-1.0
P20967,Q04003,0,topology_cl3,0.0014970059880239522,1.0,1.0,0.0,0.0,-1.0
Q03860,Q03898,0,topology_cl3,0.0014970059880239522,1.0,1.0,0.0,0.0,-1.0
P32361,Q12102,0,topology_cl3,0.0014970059880239522,1.0,1.0,0.0,0.0,6.0
P07270,P20967,0,topology_cl3,0.0014970059880239522,1.0,1.0,0.0,0.0,-1.0
P00812,P08964,0,topology_cl3,0.0014970059880239522,1.0,1.0,0.0,0.0,4.0
P47095,Q02100,0,topology_cl3,0.0014970059880239522,1.0,1.0,0.0,0.0,6.0
P22804,P53895,0,topology_cl3,0.0014970059880239522,1.0,1.0,0.0,0.0,-1.0
P32917,P36036,0,topology_cl3,0.0014970059880239522,1.0,1.0,0.0,0.0,-1.0
P00812,P07272,0,topology_cl3,0.0014970059880239522,1.0,1.0,0.0,0.0,-1.0
Q06708,Q12390,0,topology_cl3,0.0014970059880239522,1.0,1.0,0.0,0.0,-1.0
P40485,Q12365,0,topology_cl3,0.0014970059880239522,1.0,1.0,0.0,0.0,-1.0
P17065,Q04411,0,topology_cl3,0.0014970059880239522,1.0,1.0,0.0,0.0,-1.0
P20050,Q12365,0,topology_cl3,0.0014970059880239522,1.0,1.0,0.0,0.0,6.0
P07270,P20050,0,topology_cl3,0.0014970059880239522,1.0,1.0,0.0,0.0,-1.0
P22804,Q08581,0,topology_cl3,0.0014970059880239522,1.0,1.0,0.0,0.0,-1.0
P09201,Q02100,0,topology_cl3,0.0014970059880239522,1.0,1.0,0.0,0.0,-1.0
P20050,P32505,0,topology_cl3,0.0014970059880239522,1.0,1.0,0.0,0.0,6.0
P04387,P15442,0,topology_cl3,0.0014970059880239522,1.0,1.0,0.0,0.0,-1.0
P08964,Q12084,0,topology_cl3,0.0014970059880239522,1.0,1.0,0.0,0.0,5.0
Q12102,Q12390,0,topology_cl3,0.0014970059880239522,1.0,1.0,0.0,0.0,-1.0
P40151,Q12084,0,topology_cl3,0.0014970059880239522,1.0,1.0,0.0,0.0,6.0
P22804,P32917,0,topology_cl3,0.0014970059880239522,1.0,1.0,0.0,0.0,-1.0
P27895,Q08581,0,topology_cl3,0.0014970059880239522,1.0,1.0,0.0,0.0,5.0
P38247,Q03898,0,topology_cl3,0.0014970059880239522,1.0,1.0,0.0,0.0,-1.0
P07272,P39113,0,topology_cl3,0.0014970059880239522,1.0,1.0,0.0,0.0,-1.0
P26343,Q04003,0,topology_cl3,0.0014970059880239522,1.0,1.0,0.0,0.0,-1.0
Q04411,Q12084,0,topology_cl3,0.0014970059880239522,1.0,1.0,0.0,0.0,-1.0
P22804,P41921,0,topology_cl3,0.0014970059880239522,1.0,1.0,0.0,0.0,-1.0
Q08581,Q12365,0,topology_cl3,0.0014970059880239522,1.0,1.0,0.0,0.0,5.0
P28795,P47025,0,topology_cl3,0.0014970059880239522,1.0,1.0,0.0,0.0,-1.0
P40963,Q06708,0,topology_cl3,0.0014970059880239522,1.0,1.0,0.0,0.0,-1.0
Q06675,Q06708,0,topology_cl3,0.0014970059880239522,1.0,1.0,0.0,0.0,-1.0
P00812,P11746,0,topology_cl3,0.0014970059880239522,1.0,1.0,0.0,0.0,-1.0
P00927,P32917,0,topology_cl3,0.0014970059880239522,1.0,1.0,0.0,0.0,6.0
P25367,P40957,0,topology_cl3,0.0014970059880239522,1.0,1.0,0.0,0.0,-1.0
P07272,P81449,0,topology_cl3,0.0014970059880239522,1.0,1.0,0.0,0.0,-1.0
P07272,P32849,0,topology_cl3,0.0014970059880239522,1.0,1.0,0.0,0.0,-1.0
P0C0X0,P22804,0,topology_cl3,0.0014970059880239522,1.0,1.0,0.0,0.0,-1.0
P00812,P32504,0,topology_cl3,0.0014970059880239522,1.0,1.0,0.0,0.0,6.0
P31539,P36036,0,topology_cl3,0.0014970059880239522,1.0,1.0,0.0,0.0,-1.0
P04386,P28743,0,topology_cl3,0.0014970059880239522,1.0,1.0,0.0,0.0,-1.0
P39113,P40963,0,topology_cl3,0.0014970059880239522,1.0,1.0,0.0,0.0,-1.0
P25367,Q06708,0,topology_cl3,0.0014970059880239522,1.0,1.0,0.0,0.0,-1.0
P47115,P53895,0,topology_cl3,0.0014970059880239522,1.0,1.0,0.0,0.0,-1.0
P07270,P53617,0,topology_cl3,0.0014970059880239522,1.0,1.0,0.0,0.0,-1.0
Q04003,Q08581,0,topology_cl3,0.0014970059880239522,1.0,1.0,0.0,0.0,-1.0
P11746,P53617,0,topology_cl3,0.0014970059880239522,1.0,1.0,0.0,0.0,-1.0
P25367,Q12102,0,topology_cl3,0.0014970059880239522,1.0,1.0,0.0,0.0,-1.0
P08964,P11746,0,topology_cl3,0.0014970059880239522,1.0,1.0,0.0,0.0,-1.0
P22804,P53617,0,topology_cl3,0.0014970059880239522,1.0,1.0,0.0,0.0,-1.0
P22804,P47115,0,topology_cl3,0.0014970059880239522,1.0,1.0,0.0,0.0,-1.0
P00927,P32628,0,topology_cl3,0.0014970059880239522,1.0,1.0,0.0,0.0,-1.0
P25367,Q06675,0,topology_cl3,0.0014970059880239522,1.0,1.0,0.0,0.0,-1.0
P38247,Q04003,0,topology_cl3,0.0014970059880239522,1.0,1.0,0.0,0.0,-1.0
P04387,P53617,0,topology_cl3,0.0014970059880239522,1.0,1.0,0.0,0.0,-1.0
Q03860,Q3E7C1,0,topology_cl3,0.0014970059880239522,1.0,1.0,0.0,0.0,-1.0
P40151,Q03898,0,topology_cl3,0.0014970059880239522,1.0,1.0,0.0,0.0,4.0
P29340,Q06708,0,topology_cl3,0.0014970059880239522,1.0,1.0,0.0,0.0,-1.0
P25638,Q12390,0,topology_cl3,0.0014970059880239522,1.0,1.0,0.0,0.0,-1.0
P17555,P54861,0,topology_cl3,0.0014970059880239522,1.0,1.0,0.0,0.0,-1.0
P40325,P53184,0,topology_cl3,0.0014970059880239522,1.0,1.0,0.0,0.0,4.0
P32639,Q04003,0,topology_cl3,0.0014970059880239522,1.0,1.0,0.0,0.0,-1.0
P25367,Q3E7C1,0,topology_cl3,0.0014970059880239522,1.0,1.0,0.0,0.0,-1.0
P81449,Q06708,0,topology_cl3,0.0014970059880239522,1.0,1.0,0.0,0.0,-1.0
P40151,P81449,0,topology_cl3,0.0014970059880239522,1.0,1.0,0.0,0.0,4.0
P40485,P41695,0,topology_cl3,0.0014970059880239522,1.0,1.0,0.0,0.0,6.0
P40325,P47011,0,topology_cl3,0.0014970059880239522,1.0,1.0,0.0,0.0,-1.0
P07272,P27895,0,topology_cl3,0.0014970059880239522,1.0,1.0,0.0,0.0,-1.0
P04387,P07272,0,topology_cl3,0.0014970059880239522,1.0,1.0,0.0,0.0,-1.0
P40325,P47095,0,topology_cl3,0.0014970059880239522,1.0,1.0,0.0,0.0,4.0
P04387,Q06708,0,topology_cl3,0.0014970059880239522,1.0,1.0,0.0,0.0,-1.0
P40325,Q12365,0,topology_cl3,0.0014970059880239522,1.0,1.0,0.0,0.0,5.0
P07272,P09201,0,topology_cl3,0.0014970059880239522,1.0,1.0,0.0,0.0,-1.0
P40151,P47011,0,topology_cl3,0.0014970059880239522,1.0,1.0,0.0,0.0,-1.0
P47011,P47095,0,topology_cl3,0.0014970059880239522,1.0,1.0,0.0,0.0,-1.0
P17555,P29340,0,topology_cl3,0.0014970059880239522,1.0,1.0,0.0,0.0,-1.0
P08638,P25638,0,topology_cl3,0.0014970059880239522,1.0,1.0,0.0,0.0,5.0
P28743,P40963,0,topology_cl3,0.0014970059880239522,1.0,1.0,0.0,0.0,-1.0
P04386,Q12390,0,topology_cl3,0.0014970059880239522,1.0,1.0,0.0,0.0,-1.0
P0C0X0,Q06440,0,topology_cl3,0.0014970059880239522,1.0,1.0,0.0,0.0,4.0
P38247,P40151,0,topology_cl3,0.0014970059880239522,1.0,1.0,0.0,0.0,-1.0
P04386,P17555,0,topology_cl3,0.0014970059880239522,1.0,1.0,0.0,0.0,-1.0
P29340,P81449,0,topology_cl3,0.0014970059880239522,1.0,1.0,0.0,0.0,-1.0
P04386,P11746,0,topology_cl3,0.0014970059880239522,1.0,1.0,0.0,0.0,-1.0
P09201,P47095,0,topology_cl3,0.0014970059880239522,1.0,1.0,0.0,0.0,5.0
P40151,P47115,0,topology_cl3,0.0014970059880239522,1.0,1.0,0.0,0.0,6.0
P29340,Q04003,0,topology_cl3,0.0014970059880239522,1.0,1.0,0.0,0.0,-1.0
P04386,Q12102,0,topology_cl3,0.0014970059880239522,1.0,1.0,0.0,0.0,-1.0
P40485,Q12084,0,topology_cl3,0.0014970059880239522,1.0,1.0,0.0,0.0,-1.0
P22804,P31539,0,topology_cl3,0.0014970059880239522,1.0,1.0,0.0,0.0,-1.0
P32505,P53184,0,topology_cl3,0.0014970059880239522,1.0,1.0,0.0,0.0,5.0
P03962,P48361,0,topology_cl3,0.0014970059880239522,1.0,1.0,0.0,0.0,-1.0
P08964,P53895,0,topology_cl3,0.0014970059880239522,1.0,1.0,0.0,0.0,-1.0
P29340,P32505,0,topology_cl3,0.0014970059880239522,1.0,1.0,0.0,0.0,-1.0
P22804,Q06675,0,topology_cl3,0.0014970059880239522,1.0,1.0,0.0,0.0,-1.0
P32917,P53895,0,topology_cl3,0.0014970059880239522,1.0,1.0,0.0,0.0,5.0
P17555,P38748,0,topology_cl3,0.0014970059880239522,1.0,1.0,0.0,0.0,6.0
P15442,P40485,0,topology_cl3,0.0014970059880239522,1.0,1.0,0.0,0.0,5.0
P32849,P40963,0,topology_cl3,0.0014970059880239522,1.0,1.0,0.0,0.0,-1.0
P27895,P40202,0,topology_cl3,0.0014970059880239522,1.0,1.0,0.0,0.0,-1.0
P47025,P81449,0,topology_cl3,0.0014970059880239522,1.0,1.0,0.0,0.0,-1.0
P00812,P40485,0,topology_cl3,0.0014970059880239522,1.0,1.0,0.0,0.0,-1.0
P53895,Q04921,0,topology_cl3,0.0014970059880239522,1.0,1.0,0.0,0.0,5.0
Q04411,Q06708,0,topology_cl3,0.0014970059880239522,1.0,1.0,0.0,0.0,-1.0
P15442,P40202,0,topology_cl3,0.0014970059880239522,1.0,1.0,0.0,0.0,-1.0
P31539,P53617,0,topology_cl3,0.0014970059880239522,1.0,1.0,1.0,0.0,2.0
P27895,P53895,0,topology_cl3,0.0014970059880239522,1.0,1.0,0.0,0.0,-1.0
P40963,P47095,0,topology_cl3,0.0014970059880239522,1.0,1.0,0.0,0.0,-1.0
P25367,P41697,0,topology_cl3,0.0014970059880239522,1.0,1.0,0.0,0.0,-1.0
P32628,Q04921,0,topology_cl3,0.0014970059880239522,1.0,1.0,0.0,0.0,-1.0
P15442,P17065,0,topology_cl3,0.0014970059880239522,1.0,1.0,0.0,0.0,6.0
P40202,Q12084,0,topology_cl3,0.0014970059880239522,1.0,1.0,0.0,0.0,-1.0
P38247,Q04411,0,topology_cl3,0.0014970059880239522,1.0,1.0,0.0,0.0,-1.0
P39113,P48361,0,topology_cl3,0.0014970059880239522,1.0,1.0,0.0,0.0,-1.0
P25638,P36036,0,topology_cl3,0.0014970059880239522,1.0,1.0,0.0,0.0,6.0
P20050,P36036,0,topology_cl3,0.0014970059880239522,1.0,1.0,0.0,0.0,5.0
P04386,P26343,0,topology_cl3,0.0014970059880239522,1.0,1.0,0.0,0.0,-1.0
P40485,P47011,0,topology_cl3,0.0014970059880239522,1.0,1.0,0.0,0.0,-1.0
P47025,Q12154,0,topology_cl3,0.0014970059880239522,1.0,1.0,0.0,0.0,-1.0
Q04003,Q06675,0,topology_cl3,0.0014970059880239522,1.0,1.0,0.0,0.0,-1.0
P09201,P28743,0,topology_cl3,0.0014970059880239522,1.0,1.0,0.0,0.0,4.0
P09201,Q12102,0,topology_cl3,0.0014970059880239522,1.0,1.0,0.0,0.0,6.0
P22804,Q06704,0,topology_cl3,0.0014970059880239522,1.0,1.0,0.0,0.0,-1.0
P07270,P53184,0,topology_cl3,0.0014970059880239522,1.0,1.0,0.0,0.0,-1.0
P38247,Q3E7C1,0,topology_cl3,0.0014970059880239522,1.0,1.0,0.0,0.0,-1.0
P15442,Q05791,0,topology_cl3,0.0014970059880239522,1.0,1.0,0.0,0.0,-1.0
P20050,P32361,0,topology_cl3,0.0014970059880239522,1.0,1.0,0.0,0.0,5.0
P04386,P53617,0,topology_cl3,0.0014970059880239522,1.0,1.0,0.0,0.0,-1.0
P27895,Q02100,0,topology_cl3,0.0014970059880239522,1.0,1.0,0.0,0.0,-1.0
P40202,P41697,0,topology_cl3,0.0014970059880239522,1.0,1.0,0.0,0.0,-1.0
P28743,Q3E7C1,0,topology_cl3,0.0014970059880239522,1.0,1.0,0.0,0.0,-1.0
P17555,Q12102,0,topology_cl3,0.0014970059880239522,1.0,1.0,0.0,0.0,5.0
P09201,P61829,0,topology_cl3,0.0014970059880239522,1.0,1.0,0.0,0.0,5.0
P38853,P47115,0,topology_cl3,0.0014970059880239522,1.0,1.0,0.0,0.0,-1.0
P03962,P47095,0,topology_cl3,0.0014970059880239522,1.0,1.0,0.0,0.0,-1.0
P31539,P41695,0,topology_cl3,0.0014970059880239522,1.0,1.0,0.0,0.0,6.0
P40202,P40485,0,topology_cl3,0.0014970059880239522,1.0,1.0,0.0,0.0,-1.0
P40202,Q12102,0,topology_cl3,0.0014970059880239522,1.0,1.0,0.0,0.0,-1.0
P54861,Q12365,0,topology_cl3,0.0014970059880239522,1.0,1.0,0.0,0.0,-1.0
P15442,P53184,0,topology_cl3,0.0014970059880239522,1.0,1.0,0.0,0.0,6.0
P22804,Q04411,0,topology_cl3,0.0014970059880239522,1.0,1.0,0.0,0.0,-1.0
P36036,Q3E7C1,0,topology_cl3,0.0014970059880239522,1.0,1.0,0.0,0.0,-1.0
P04387,Q05791,0,topology_cl3,0.0014970059880239522,1.0,1.0,0.0,0.0,-1.0
P32504,Q03860,0,topology_cl3,0.0014970059880239522,1.0,1.0,0.0,0.0,-1.0
P0C0X0,P47011,0,topology_cl3,0.0014970059880239522,1.0,1.0,0.0,0.0,-1.0
P32639,P40485,0,topology_cl3,0.0014970059880239522,1.0,1.0,0.0,0.0,-1.0
P47025,Q05791,0,topology_cl3,0.0014970059880239522,1.0,1.0,0.0,0.0,-1.0
P28795,Q06440,0,topology_cl3,0.0014970059880239522,1.0,1.0,0.0,0.0,-1.0
P28743,P38853,0,topology_cl3,0.0014970059880239522,1.0,1.0,0.0,0.0,-1.0
P26343,P41695,0,topology_cl3,0.0014970059880239522,1.0,1.0,0.0,0.0,-1.0
P36036,Q12365,0,topology_cl3,0.0014970059880239522,1.0,1.0,0.0,0.0,5.0
P07270,P26343,0,topology_cl3,0.0014970059880239522,1.0,1.0,0.0,0.0,-1.0
P00447,P48361,0,topology_cl3,0.0014970059880239522,1.0,1.0,0.0,0.0,-1.0
P25638,P47025,0,topology_cl3,0.0014970059880239522,1.0,1.0,0.0,0.0,-1.0
P17065,P48361,0,topology_cl3,0.0014970059880239522,1.0,1.0,0.0,0.0,-1.0
P47115,Q06704,0,topology_cl3,0.0014970059880239522,1.0,1.0,0.0,0.0,5.0
P32639,Q06704,0,topology_cl3,0.0014970059880239522,1.0,1.0,0.0,0.0,-1.0
P20050,P32504,0,topology_cl3,0.0014970059880239522,1.0,1.0,0.0,0.0,5.0
P04386,P41697,0,topology_cl3,0.0014970059880239522,1.0,1.0,0.0,0.0,-1.0
P25367,P36036,0,topology_cl3,0.0014970059880239522,1.0,1.0,0.0,0.0,-1.0
P41695,Q04921,0,topology_cl3,0.0014970059880239522,1.0,1.0,0.0,0.0,5.0
P41695,P41697,0,topology_cl3,0.0014970059880239522,1.0,1.0,0.0,0.0,5.0
P08964,Q02100,0,topology_cl3,0.0014970059880239522,1.0,1.0,0.0,0.0,6.0
P40957,Q12102,0,topology_cl3,0.0014970059880239522,1.0,1.0,0.0,0.0,6.0
Q06440,Q06708,0,topology_cl3,0.0014970059880239522,1.0,1.0,0.0,0.0,-1.0
P32361,Q02100,0,topology_cl3,0.0014970059880239522,1.0,1.0,0.0,0.0,5.0
P53184,Q06704,0,topology_cl3,0.0014970059880239522,1.0,1.0,1.0,0.0,2.0
P32504,P38853,0,topology_cl3,0.0014970059880239522,1.0,1.0,0.0,0.0,-1.0
P00447,Q3E7C1,0,topology_cl3,0.0014970059880239522,1.0,1.0,0.0,0.0,-1.0
P28743,P47115,0,topology_cl3,0.0014970059880239522,1.0,1.0,0.0,0.0,6.0
P17555,P48361,0,topology_cl3,0.0014970059880239522,1.0,1.0,0.0,0.0,5.0
P41695,Q12084,0,topology_cl3,0.0014970059880239522,1.0,1.0,0.0,0.0,5.0
P47115,Q06440,0,topology_cl3,0.0014970059880239522,1.0,1.0,0.0,0.0,-1.0
P40202,P40963,0,topology_cl3,0.0014970059880239522,1.0,1.0,0.0,0.0,-1.0
P32917,P53617,0,topology_cl3,0.0014970059880239522,1.0,1.0,0.0,0.0,5.0
P53895,Q12334,0,topology_cl3,0.0014970059880239522,1.0,1.0,0.0,0.0,-1.0
P07270,P17555,0,topology_cl3,0.0014970059880239522,1.0,1.0,0.0,0.0,-1.0
P07272,P40202,0,topology_cl3,0.0014970059880239522,1.0,1.0,1.0,0.0,2.0
P41921,P53184,0,topology_cl3,0.0014970059880239522,1.0,1.0,0.0,0.0,4.0
P04386,P07272,0,topology_cl3,0.0014970059880239522,1.0,1.0,0.0,0.0,-1.0
P09201,P0C0X0,0,topology_cl3,0.0014970059880239522,1.0,1.0,0.0,0.0,-1.0
P28743,P32361,0,topology_cl3,0.0014970059880239522,1.0,1.0,0.0,0.0,6.0
P07270,P38247,0,topology_cl3,0.0014970059880239522,1.0,1.0,0.0,0.0,-1.0
P29340,P40963,0,topology_cl3,0.0014970059880239522,1.0,1.0,0.0,0.0,-1.0
P39113,P40485,0,topology_cl3,0.0014970059880239522,1.0,1.0,0.0,0.0,-1.0
P04386,Q04411,0,topology_cl3,0.0014970059880239522,1.0,1.0,0.0,0.0,-1.0
P22804,P47095,0,topology_cl3,0.0014970059880239522,1.0,1.0,0.0,0.0,-1.0
P25367,P40325,0,topology_cl3,0.0014970059880239522,1.0,1.0,0.0,0.0,-1.0
P08638,P54861,0,topology_cl3,0.0014970059880239522,1.0,1.0,0.0,0.0,-1.0
Q06675,Q06704,0,topology_cl3,0.0014970059880239522,1.0,1.0,0.0,0.0,6.0
P00812,P31539,0,topology_cl3,0.0014970059880239522,1.0,1.0,0.0,0.0,5.0
P09201,P17555,0,topology_cl3,0.0014970059880239522,1.0,1.0,0.0,0.0,5.0
P00812,Q12084,0,topology_cl3,0.0014970059880239522,1.0,1.0,0.0,0.0,5.0
P31539,P53895,0,topology_cl3,0.0014970059880239522,1.0,1.0,0.0,0.0,6.0
P61829,Q12365,0,topology_cl3,0.0014970059880239522,1.0,1.0,0.0,0.0,4.0
P32849,Q06704,0,topology_cl3,0.0014970059880239522,1.0,1.0,0.0,0.0,-1.0
P41921,P61829,0,topology_cl3,0.0014970059880239522,1.0,1.0,0.0,0.0,5.0
P39113,Q03898,0,topology_cl3,0.0014970059880239522,1.0,1.0,0.0,0.0,5.0
P07272,Q08581,0,topology_cl3,0.0014970059880239522,1.0,1.0,0.0,0.0,-1.0
P81449,Q12390,0,topology_cl3,0.0014970059880239522,1.0,1.0,0.0,0.0,5.0
P00927,P17065,0,topology_cl3,0.0014970059880239522,1.0,1.0,0.0,0.0,6.0
P32849,P39113,0,topology_cl3,0.0014970059880239522,1.0,1.0,0.0,0.0,-1.0
P32504,P48361,0,topology_cl3,0.0014970059880239522,1.0,1.0,0.0,0.0,6.0
P36036,Q03860,0,topology_cl3,0.0014970059880239522,1.0,1.0,0.0,0.0,-1.0
P08638,P40485,0,topology_cl3,0.0014970059880239522,1.0,1.0,0.0,0.0,6.0
P07270,P48361,0,topology_cl3,0.0014970059880239522,1.0,1.0,0.0,0.0,-1.0
P03962,P53895,0,topology_cl3,0.0014970059880239522,1.0,1.0,0.0,0.0,-1.0
P47095,P81449,0,topology_cl3,0.0014970059880239522,1.0,1.0,0.0,0.0,5.0
P08638,P38247,0,topology_cl3,0.0014970059880239522,1.0,1.0,0.0,0.0,5.0
P47025,Q02100,0,topology_cl3,0.0014970059880239522,1.0,1.0,0.0,0.0,-1.0
P03962,P41695,0,topology_cl3,0.0014970059880239522,1.0,1.0,0.0,0.0,-1.0
P40151,Q12365,0,topology_cl3,0.0014970059880239522,1.0,1.0,0.0,0.0,6.0
P32628,P54861,0,topology_cl3,0.0014970059880239522,1.0,1.0,0.0,0.0,-1.0
P32505,Q12390,0,topology_cl3,0.0014970059880239522,1.0,1.0,0.0,0.0,-1.0
P40963,Q08581,0,topology_cl3,0.0014970059880239522,1.0,1.0,0.0,0.0,-1.0
P03962,Q03860,0,topology_cl3,0.0014970059880239522,1.0,1.0,0.0,0.0,-1.0
P25367,P40485,0,topology_cl3,0.0014970059880239522,1.0,1.0,0.0,0.0,-1.0
P32639,Q12334,0,topology_cl3,0.0014970059880239522,1.0,1.0,0.0,0.0,-1.0
P07270,P07272,0,topology_cl3,0.0014970059880239522,1.0,1.0,0.0,0.0,-1.0
P04386,P39113,0,topology_cl3,0.0014970059880239522,1.0,1.0,0.0,0.0,-1.0
P32505,P61829,0,topology_cl3,0.0014970059880239522,1.0,1.0,0.0,0.0,5.0
P38748,P53895,0,topology_cl3,0.0014970059880239522,1.0,1.0,0.0,0.0,-1.0
P28743,Q02100,0,topology_cl3,0.0014970059880239522,1.0,1.0,0.0,0.0,-1.0
P17065,Q03898,0,topology_cl3,0.0014970059880239522,1.0,1.0,0.0,0.0,5.0
Q04411,Q12390,0,topology_cl3,0.0014970059880239522,1.0,1.0,0.0,0.0,-1.0
P08638,Q04411,0,topology_cl3,0.0014970059880239522,1.0,1.0,0.0,0.0,-1.0
P25367,P26343,0,topology_cl3,0.0014970059880239522,1.0,1.0,0.0,0.0,-1.0
P39113,Q12084,0,topology_cl3,0.0014970059880239522,1.0,1.0,0.0,0.0,-1.0
P27895,Q06440,0,topology_cl3,0.0014970059880239522,1.0,1.0,1.0,0.0,2.0
P00927,P32361,0,topology_cl3,0.0014970059880239522,1.0,1.0,0.0,0.0,5.0
P08964,P20050,0,topology_cl3,0.0014970059880239522,1.0,1.0,0.0,0.0,5.0
P81449,Q3E7C1,0,topology_cl3,0.0014970059880239522,1.0,1.0,0.0,0.0,-1.0
P11746,P53895,0,topology_cl3,0.0014970059880239522,1.0,1.0,0.0,0.0,-1.0
P61829,P81449,0,topology_cl3,0.0014970059880239522,1.0,1.0,1.0,0.0,2.0
P25638,Q03898,0,topology_cl3,0.0014970059880239522,1.0,1.0,0.0,0.0,5.0
P04387,P26343,0,topology_cl3,0.0014970059880239522,1.0,1.0,0.0,0.0,-1.0
P03962,P38247,0,topology_cl3,0.0014970059880239522,1.0,1.0,0.0,0.0,-1.0
Q06440,Q12334,0,topology_cl3,0.0014970059880239522,1.0,1.0,0.0,0.0,-1.0
P07270,Q06704,0,topology_cl3,0.0014970059880239522,1.0,1.0,0.0,0.0,-1.0
P32849,Q03898,0,topology_cl3,0.0014970059880239522,1.0,1.0,0.0,0.0,-1.0
P00447,P40151,0,topology_cl3,0.0014970059880239522,1.0,1.0,0.0,0.0,-1.0
P40151,Q12390,0,topology_cl3,0.0014970059880239522,1.0,1.0,0.0,0.0,5.0
P81449,Q03898,0,topology_cl3,0.0014970059880239522,1.0,1.0,0.0,0.0,4.0
P40325,Q03898,0,topology_cl3,0.0014970059880239522,1.0,1.0,0.0,0.0,4.0
P28795,Q12102,0,topology_cl3,0.0014970059880239522,1.0,1.0,0.0,0.0,-1.0
P04387,Q12084,0,topology_cl3,0.0014970059880239522,1.0,1.0,0.0,0.0,-1.0
P32628,P40202,0,topology_cl3,0.0014970059880239522,1.0,1.0,0.0,0.0,-1.0
P00927,P29340,0,topology_cl3,0.0014970059880239522,1.0,1.0,0.0,0.0,-1.0
P17555,P47095,0,topology_cl3,0.0014970059880239522,1.0,1.0,0.0,0.0,4.0
P07272,P36036,0,topology_cl3,0.0014970059880239522,1.0,1.0,0.0,0.0,-1.0
Q02100,Q04003,0,topology_cl3,0.0014970059880239522,1.0,1.0,0.0,0.0,-1.0
P29340,Q12365,0,topology_cl3,0.0014970059880239522,1.0,1.0,0.0,0.0,-1.0
P31539,Q02100,0,topology_cl3,0.0014970059880239522,1.0,1.0,0.0,0.0,-1.0
P08964,P17555,0,topology_cl3,0.0014970059880239522,1.0,1.0,0.0,0.0,4.0
P07270,P81449,0,topology_cl3,0.0014970059880239522,1.0,1.0,0.0,0.0,-1.0
P32505,Q12102,0,topology_cl3,0.0014970059880239522,1.0,1.0,0.0,0.0,-1.0
P08964,Q06675,0,topology_cl3,0.0014970059880239522,1.0,1.0,0.0,0.0,-1.0
P32917,P40202,0,topology_cl3,0.0014970059880239522,1.0,1.0,0.0,0.0,-1.0
P00447,P32361,0,topology_cl3,0.0014970059880239522,1.0,1.0,0.0,0.0,-1.0
P08638,Q06675,0,topology_cl3,0.0014970059880239522,1.0,1.0,0.0,0.0,5.0
P27895,P28743,0,topology_cl3,0.0014970059880239522,1.0,1.0,0.0,0.0,-1.0
P11746,P32504,0,topology_cl3,0.0014970059880239522,1.0,1.0,0.0,0.0,-1.0
P00447,P07270,0,topology_cl3,0.0014970059880239522,1.0,1.0,0.0,0.0,-1.0
P08964,P47095,0,topology_cl3,0.0014970059880239522,1.0,1.0,1.0,0.0,2.0
P48361,P81449,0,topology_cl3,0.0014970059880239522,1.0,1.0,0.0,0.0,6.0
Q03860,Q12390,0,topology_cl3,0.0014970059880239522,1.0,1.0,0.0,0.0,-1.0
P04387,P20050,0,topology_cl3,0.0014970059880239522,1.0,1.0,0.0,0.0,-1.0
P32639,Q12102,0,topology_cl3,0.0014970059880239522,1.0,1.0,0.0,0.0,-1.0
Q03898,Q06704,0,topology_cl3,0.0014970059880239522,1.0,1.0,0.0,0.0,6.0
P07270,Q06708,0,topology_cl3,0.0014970059880239522,1.0,1.0,0.0,0.0,-1.0
P03962,P28743,0,topology_cl3,0.0014970059880239522,1.0,1.0,0.0,0.0,-1.0
P00812,P47011,0,topology_cl3,0.0014970059880239522,1.0,1.0,0.0,0.0,-1.0
P53895,Q06675,0,topology_cl3,0.0014970059880239522,1.0,1.0,0.0,0.0,-1.0
P03962,P32361,0,topology_cl3,0.0014970059880239522,1.0,1.0,0.0,0.0,-1.0
P00812,P40963,0,topology_cl3,0.0014970059880239522,1.0,1.0,0.0,0.0,-1.0
P28795,Q3E7C1,0,topology_cl3,0.0014970059880239522,1.0,1.0,0.0,0.0,-1.0
P20050,P41697,0,topology_cl3,0.0014970059880239522,1.0,1.0,0.0,0.0,6.0
P39113,P47025,0,topology_cl3,0.0014970059880239522,1.0,1.0,0.0,0.0,-1.0
P17065,P40963,0,topology_cl3,0.0014970059880239522,1.0,1.0,0.0,0.0,-1.0
P61829,Q03898,0,topology_cl3,0.0014970059880239522,1.0,1.0,0.0,0.0,4.0
P17065,Q06708,0,topology_cl3,0.0014970059880239522,1.0,1.0,0.0,0.0,-1.0
P53895,Q06704,0,topology_cl3,0.0014970059880239522,1.0,1.0,0.0,0.0,6.0
P41695,P47095,0,topology_cl3,0.0014970059880239522,1.0,1.0,0.0,0.0,5.0
P0C0X0,P32505,0,topology_cl3,0.0014970059880239522,1.0,1.0,0.0,0.0,-1.0
P41697,Q12154,0,topology_cl3,0.0014970059880239522,1.0,1.0,0.0,0.0,-1.0
P32917,P54861,0,topology_cl3,0.0014970059880239522,1.0,1.0,0.0,0.0,-1.0
P15442,P29340,0,topology_cl3,0.0014970059880239522,1.0,1.0,0.0,0.0,-1.0
P26343,P38247,0,topology_cl3,0.0014970059880239522,1.0,1.0,0.0,0.0,-1.0
P28795,P53184,0,topology_cl3,0.0014970059880239522,1.0,1.0,0.0,0.0,-1.0
P28795,P81449,0,topology_cl3,0.0014970059880239522,1.0,1.0,0.0,0.0,-1.0
P47011,Q06440,0,topology_cl3,0.0014970059880239522,1.0,1.0,0.0,0.0,-1.0
P00927,P20967,0,topology_cl3,0.0014970059880239522,1.0,1.0,0.0,0.0,4.0
P11746,P39113,0,topology_cl3,0.0014970059880239522,1.0,1.0,0.0,0.0,-1.0
P38748,P47025,0,topology_cl3,0.0014970059880239522,1.0,1.0,0.0,0.0,-1.0
P47025,Q06708,0,topology_cl3,0.0014970059880239522,1.0,1.0,0.0,0.0,-1.0
P17065,Q08581,0,topology_cl3,0.0014970059880239522,1.0,1.0,0.0,0.0,6.0
Q03860,Q04921,0,topology_cl3,0.0014970059880239522,1.0,1.0,0.0,0.0,-1.0
P17555,P28795,0,topology_cl3,0.0014970059880239522,1.0,1.0,0.0,0.0,-1.0
P32639,P47115,0,topology_cl3,0.0014970059880239522,1.0,1.0,0.0,0.0,-1.0
P40325,P47115,0,topology_cl3,0.0014970059880239522,1.0,1.0,0.0,0.0,5.0
P40963,P54861,0,topology_cl3,0.0014970059880239522,1.0,1.0,0.0,0.0,-1.0
P25367,P47025,0,topology_cl3,0.0014970059880239522,1.0,1.0,0.0,0.0,-1.0
P31539,Q12390,0,topology_cl3,0.0014970059880239522,1.0,1.0,0.0,0.0,-1.0
P40202,Q06675,0,topology_cl3,0.0014970059880239522,1.0,1.0,0.0,0.0,-1.0
P04386,P15442,0,topology_cl3,0.0014970059880239522,1.0,1.0,0.0,0.0,-1.0
P22804,Q06708,0,topology_cl3,0.0014970059880239522,1.0,1.0,0.0,0.0,-1.0
P32361,P81449,0,topology_cl3,0.0014970059880239522,1.0,1.0,0.0,0.0,4.0
P08964,Q08581,0,topology_cl3,0.0014970059880239522,1.0,1.0,0.0,0.0,6.0
P15442,Q3E7C1,0,topology_cl3,0.0014970059880239522,1.0,1.0,0.0,0.0,-1.0
P40485,P54861,0,topology_cl3,0.0014970059880239522,1.0,1.0,0.0,0.0,-1.0
P40325,Q06440,0,topology_cl3,0.0014970059880239522,1.0,1.0,0.0,0.0,5.0
P03962,P41921,0,topology_cl3,0.0014970059880239522,1.0,1.0,0.0,0.0,-1.0
P22804,Q12334,0,topology_cl3,0.0014970059880239522,1.0,1.0,0.0,0.0,-1.0
P0C0X0,P31539,0,topology_cl3,0.0014970059880239522,1.0,1.0,0.0,0.0,-1.0
P08638,P17065,0,topology_cl3,0.0014970059880239522,1.0,1.0,0.0,0.0,6.0
P0C0X0,P47025,0,topology_cl3,0.0014970059880239522,1.0,1.0,0.0,0.0,-1.0
P38748,Q12390,0,topology_cl3,0.0014970059880239522,1.0,1.0,0.0,0.0,4.0
P32361,Q04411,0,topology_cl3,0.0014970059880239522,1.0,1.0,0.0,0.0,-1.0
P07272,P26343,0,topology_cl3,0.0014970059880239522,1.0,1.0,0.0,0.0,-1.0
Q06708,Q3E7C1,0,topology_cl3,0.0014970059880239522,1.0,1.0,0.0,0.0,-1.0
P40957,Q03860,0,topology_cl3,0.0014970059880239522,1.0,1.0,0.0,0.0,-1.0
Q05791,Q06675,0,topology_cl3,0.0014970059880239522,1.0,1.0,0.0,0.0,-1.0
P04387,P40325,0,topology_cl3,0.0014970059880239522,1.0,1.0,0.0,0.0,-1.0
P41697,P53184,0,topology_cl3,0.0014970059880239522,1.0,1.0,0.0,0.0,-1.0
P08964,P38748,0,topology_cl3,0.0014970059880239522,1.0,1.0,0.0,0.0,6.0
P00447,P61829,0,topology_cl3,0.0014970059880239522,1.0,1.0,0.0,0.0,-1.0
P40957,Q3E7C1,0,topology_cl3,0.0014970059880239522,1.0,1.0,0.0,0.0,-1.0
P28743,P32628,0,topology_cl3,0.0014970059880239522,1.0,1.0,0.0,0.0,-1.0
P25638,P32628,0,topology_cl3,0.0014970059880239522,1.0,1.0,0.0,0.0,-1.0
P53895,Q12390,0,topology_cl3,0.0014970059880239522,1.0,1.0,0.0,0.0,-1.0
P41695,Q06440,0,topology_cl3,0.0014970059880239522,1.0,1.0,0.0,0.0,6.0
Q06440,Q12102,0,topology_cl3,0.0014970059880239522,1.0,1.0,0.0,0.0,-1.0
P00812,P27895,0,topology_cl3,0.0014970059880239522,1.0,1.0,0.0,0.0,-1.0
P04387,P47011,0,topology_cl3,0.0014970059880239522,1.0,1.0,0.0,0.0,-1.0
P08964,Q05791,0,topology_cl3,0.0014970059880239522,1.0,1.0,0.0,0.0,-1.0
P32361,P32849,0,topology_cl3,0.0014970059880239522,1.0,1.0,0.0,0.0,-1.0
P27895,P81449,0,topology_cl3,0.0014970059880239522,1.0,1.0,0.0,0.0,6.0
Q06675,Q12365,0,topology_cl3,0.0014970059880239522,1.0,1.0,0.0,0.0,6.0
P11746,Q06675,0,topology_cl3,0.0014970059880239522,1.0,1.0,0.0,0.0,-1.0
P07270,P41921,0,topology_cl3,0.0014970059880239522,1.0,1.0,0.0,0.0,-1.0
P00927,P40485,0,topology_cl3,0.0014970059880239522,1.0,1.0,0.0,0.0,-1.0
P11746,P47025,0,topology_cl3,0.0014970059880239522,1.0,1.0,0.0,0.0,-1.0
P03962,P61829,0,topology_cl3,0.0014970059880239522,1.0,1.0,0.0,0.0,-1.0
P48361,Q3E7C1,0,topology_cl3,0.0014970059880239522,1.0,1.0,0.0,0.0,-1.0
P41921,Q04921,0,topology_cl3,0.0014970059880239522,1.0,1.0,0.0,0.0,-1.0
P09201,P40325,0,topology_cl3,0.0014970059880239522,1.0,1.0,0.0,0.0,5.0
P38748,Q06440,0,topology_cl3,0.0014970059880239522,1.0,1.0,0.0,0.0,5.0
P28795,P53617,0,topology_cl3,0.0014970059880239522,1.0,1.0,0.0,0.0,-1.0
P41697,Q06675,0,topology_cl3,0.0014970059880239522,1.0,1.0,0.0,0.0,6.0
P32504,Q12102,0,topology_cl3,0.0014970059880239522,1.0,1.0,0.0,0.0,-1.0
P22804,P38247,0,topology_cl3,0.0014970059880239522,1.0,1.0,0.0,0.0,-1.0
P32849,P53617,0,topology_cl3,0.0014970059880239522,1.0,1.0,0.0,0.0,6.0
P0C0X0,Q05791,0,topology_cl3,0.0014970059880239522,1.0,1.0,0.0,0.0,-1.0
P20050,P47025,0,topology_cl3,0.0014970059880239522,1.0,1.0,0.0,0.0,-1.0
Q04003,Q04921,0,topology_cl3,0.0014970059880239522,1.0,1.0,0.0,0.0,-1.0
P00812,P28795,0,topology_cl3,0.0014970059880239522,1.0,1.0,0.0,0.0,-1.0
P08638,P41697,0,topology_cl3,0.0014970059880239522,1.0,1.0,0.0,0.0,6.0
P22804,P41695,0,topology_cl3,0.0014970059880239522,1.0,1.0,0.0,0.0,-1.0
P38853,P40485,0,topology_cl3,0.0014970059880239522,1.0,1.0,0.0,0.0,-1.0
P32639,P40202,0,topology_cl3,0.0014970059880239522,1.0,1.0,0.0,0.0,-1.0
P39113,Q12365,0,topology_cl3,0.0014970059880239522,1.0,1.0,0.0,0.0,-1.0
P47115,Q03860,0,topology_cl3,0.0014970059880239522,1.0,1.0,0.0,0.0,-1.0
P41697,Q03898,0,topology_cl3,0.0014970059880239522,1.0,1.0,0.0,0.0,6.0
P00447,P03962,0,topology_cl3,0.0014970059880239522,1.0,1.0,0.0,0.0,-1.0
P08964,P81449,0,topology_cl3,0.0014970059880239522,1.0,1.0,0.0,0.0,5.0
P47025,Q08581,0,topology_cl3,0.0014970059880239522,1.0,1.0,0.0,0.0,-1.0
P41697,P47011,0,topology_cl3,0.0014970059880239522,1.0,1.0,0.0,0.0,-1.0
P17065,P40151,0,topology_cl3,0.0014970059880239522,1.0,1.0,0.0,0.0,-1.0
P08638,P41695,0,topology_cl3,0.0014970059880239522,1.0,1.0,0.0,0.0,5.0
Q04003,Q04411,0,topology_cl3,0.0014970059880239522,1.0,1.0,0.0,0.0,-1.0
P47025,Q04921,0,topology_cl3,0.0014970059880239522,1.0,1.0,0.0,0.0,-1.0
P32504,P32639,0,topology_cl3,0.0014970059880239522,1.0,1.0,0.0,0.0,-1.0
P32505,Q05791,0,topology_cl3,0.0014970059880239522,1.0,1.0,0.0,0.0,-1.0
P41695,P47025,0,topology_cl3,0.0014970059880239522,1.0,1.0,0.0,0.0,-1.0
P47011,P47025,0,topology_cl3,0.0014970059880239522,1.0,1.0,0.0,0.0,-1.0
P41697,P41921,0,topology_cl3,0.0014970059880239522,1.0,1.0,0.0,0.0,6.0
P04387,P36036,0,topology_cl3,0.0014970059880239522,1.0,1.0,0.0,0.0,-1.0
P41921,P47095,0,topology_cl3,0.0014970059880239522,1.0,1.0,0.0,0.0,4.0
P17555,P32917,0,topology_cl3,0.0014970059880239522,1.0,1.0,0.0,0.0,6.0
P0C0X0,Q12365,0,topology_cl3,0.0014970059880239522,1.0,1.0,0.0,0.0,-1.0
P40325,P40963,0,topology_cl3,0.0014970059880239522,1.0,1.0,0.0,0.0,-1.0
P09201,P40963,0,topology_cl3,0.0014970059880239522,1.0,1.0,0.0,0.0,-1.0
P28795,P38247,0,topology_cl3,0.0014970059880239522,1.0,1.0,0.0,0.0,-1.0
P47095,Q03860,0,topology_cl3,0.0014970059880239522,1.0,1.0,0.0,0.0,-1.0
P27895,P47115,0,topology_cl3,0.0014970059880239522,1.0,1.0,0.0,0.0,-1.0
P41921,Q03860,0,topology_cl3,0.0014970059880239522,1.0,1.0,0.0,0.0,-1.0
P32505,P48361,0,topology_cl3,0.0014970059880239522,1.0,1.0,0.0,0.0,-1.0
P27895,P53184,0,topology_cl3,0.0014970059880239522,1.0,1.0,0.0,0.0,-1.0
P0C0X0,Q08581,0,topology_cl3,0.0014970059880239522,1.0,1.0,0.0,0.0,5.0
P03962,P17555,0,topology_cl3,0.0014970059880239522,1.0,1.0,0.0,0.0,-1.0
P29340,P40485,0,topology_cl3,0.0014970059880239522,1.0,1.0,0.0,0.0,-1.0
P38748,Q12365,0,topology_cl3,0.0014970059880239522,1.0,1.0,0.0,0.0,5.0
P00812,Q12102,0,topology_cl3,0.0014970059880239522,1.0,1.0,0.0,0.0,5.0
P0C0X0,P53895,0,topology_cl3,0.0014970059880239522,1.0,1.0,0.0,0.0,-1.0
Q05791,Q12084,0,topology_cl3,0.0014970059880239522,1.0,1.0,0.0,0.0,-1.0
P17065,Q03860,0,topology_cl3,0.0014970059880239522,1.0,1.0,0.0,0.0,-1.0
P04386,P32504,0,topology_cl3,0.0014970059880239522,1.0,1.0,0.0,0.0,-1.0
P28795,P40202,0,topology_cl3,0.0014970059880239522,1.0,1.0,0.0,0.0,4.0
P26343,P47025,0,topology_cl3,0.0014970059880239522,1.0,1.0,0.0,0.0,-1.0
P04386,P20967,0,topology_cl3,0.0014970059880239522,1.0,1.0,0.0,0.0,-1.0
P32505,P40202,0,topology_cl3,0.0014970059880239522,1.0,1.0,0.0,0.0,-1.0
P28743,P36036,0,topology_cl3,0.0014970059880239522,1.0,1.0,0.0,0.0,5.0
P54861,Q03898,0,topology_cl3,0.0014970059880239522,1.0,1.0,0.0,0.0,-1.0
P17555,P39113,0,topology_cl3,0.0014970059880239522,1.0,1.0,0.0,0.0,6.0
P38748,P39113,0,topology_cl3,0.0014970059880239522,1.0,1.0,0.0,0.0,-1.0
P31539,Q06704,0,topology_cl3,0.0014970059880239522,1.0,1.0,0.0,0.0,5.0
P17065,Q04003,0,topology_cl3,0.0014970059880239522,1.0,1.0,0.0,0.0,-1.0
P32849,P47095,0,topology_cl3,0.0014970059880239522,1.0,1.0,0.0,0.0,-1.0
P04387,P40485,0,topology_cl3,0.0014970059880239522,1.0,1.0,0.0,0.0,-1.0
P32849,P32917,0,topology_cl3,0.0014970059880239522,1.0,1.0,0.0,0.0,5.0
P32628,P41697,0,topology_cl3,0.0014970059880239522,1.0,1.0,0.0,0.0,-1.0
P47011,Q12390,0,topology_cl3,0.0014970059880239522,1.0,1.0,0.0,0.0,-1.0
P38748,Q06675,0,topology_cl3,0.0014970059880239522,1.0,1.0,0.0,0.0,6.0
P31539,P40957,0,topology_cl3,0.0014970059880239522,1.0,1.0,0.0,0.0,-1.0
P25638,Q04921,0,topology_cl3,0.0014970059880239522,1.0,1.0,0.0,0.0,4.0
P15442,P47115,0,topology_cl3,0.0014970059880239522,1.0,1.0,0.0,0.0,5.0
P27895,P47011,0,topology_cl3,0.0014970059880239522,1.0,1.0,0.0,0.0,-1.0
P26343,P27895,0,topology_cl3,0.0014970059880239522,1.0,1.0,0.0,0.0,-1.0
P08638,Q12154,0,topology_cl3,0.0014970059880239522,1.0,1.0,0.0,0.0,4.0
P20050,Q05791,0,topology_cl3,0.0014970059880239522,1.0,1.0,0.0,0.0,-1.0
Q12154,Q12390,0,topology_cl3,0.0014970059880239522,1.0,1.0,0.0,0.0,6.0
P32628,P53895,0,topology_cl3,0.0014970059880239522,1.0,1.0,0.0,0.0,-1.0
P20967,P81449,0,topology_cl3,0.0014970059880239522,1.0,1.0,0.0,0.0,4.0
P04387,P28743,0,topology_cl3,0.0014970059880239522,1.0,1.0,0.0,0.0,-1.0
P15442,P32849,0,topology_cl3,0.0014970059880239522,1.0,1.0,0.0,0.0,6.0
P20967,P38748,0,topology_cl3,0.0014970059880239522,1.0,1.0,0.0,0.0,5.0
P04386,P53184,0,topology_cl3,0.0014970059880239522,1.0,1.0,0.0,0.0,-1.0
P54861,Q02100,0,topology_cl3,0.0014970059880239522,1.0,1.0,0.0,0.0,-1.0
P07272,Q03898,0,topology_cl3,0.0014970059880239522,1.0,1.0,0.0,0.0,-1.0
P08638,P26343,0,topology_cl3,0.0014970059880239522,1.0,1.0,0.0,0.0,-1.0
P25638,P41695,0,topology_cl3,0.0014970059880239522,1.0,1.0,0.0,0.0,4.0
P08964,P47011,0,topology_cl3,0.0014970059880239522,1.0,1.0,0.0,0.0,-1.0
P08638,P32504,0,topology_cl3,0.0014970059880239522,1.0,1.0,0.0,0.0,5.0
P40957,Q02100,0,topology_cl3,0.0014970059880239522,1.0,1.0,0.0,0.0,5.0
P11746,Q04921,0,topology_cl3,0.0014970059880239522,1.0,1.0,0.0,0.0,-1.0
Q03898,Q05791,0,topology_cl3,0.0014970059880239522,1.0,1.0,0.0,0.0,-1.0
P04386,P08964,0,topology_cl3,0.0014970059880239522,1.0,1.0,0.0,0.0,-1.0
Q12154,Q3E7C1,0,topology_cl3,0.0014970059880239522,1.0,1.0,0.0,0.0,-1.0
P40485,Q12334,0,topology_cl3,0.0014970059880239522,1.0,1.0,0.0,0.0,-1.0
P48361,Q05791,0,topology_cl3,0.0014970059880239522,1.0,1.0,0.0,0.0,-1.0
P28795,P32639,0,topology_cl3,0.0014970059880239522,1.0,1.0,0.0,0.0,-1.0
Q04921,Q08581,0,topology_cl3,0.0014970059880239522,1.0,1.0,0.0,0.0,6.0
P38853,Q04003,0,topology_cl3,0.0014970059880239522,1.0,1.0,0.0,0.0,-1.0
P20967,P32504,0,topology_cl3,0.0014970059880239522,1.0,1.0,0.0,0.0,6.0
P40151,P47025,0,topology_cl3,0.0014970059880239522,1.0,1.0,0.0,0.0,-1.0
P32505,P40325,0,topology_cl3,0.0014970059880239522,1.0,1.0,0.0,0.0,5.0
P00927,P41697,0,topology_cl3,0.0014970059880239522,1.0,1.0,0.0,0.0,6.0
P32505,P41697,0,topology_cl3,0.0014970059880239522,1.0,1.0,0.0,0.0,4.0
P11746,P81449,0,topology_cl3,0.0014970059880239522,1.0,1.0,0.0,0.0,-1.0
P47025,Q03860,0,topology_cl3,0.0014970059880239522,1.0,1.0,0.0,0.0,-1.0
P28795,Q12365,0,topology_cl3,0.0014970059880239522,1.0,1.0,0.0,0.0,-1.0
P29340,P38247,0,topology_cl3,0.0014970059880239522,1.0,1.0,0.0,0.0,-1.0
P40202,Q12390,0,topology_cl3,0.0014970059880239522,1.0,1.0,0.0,0.0,-1.0
P25638,P28743,0,topology_cl3,0.0014970059880239522,1.0,1.0,0.0,0.0,6.0
P00447,P32504,0,topology_cl3,0.0014970059880239522,1.0,1.0,0.0,0.0,-1.0
P17555,P40325,0,topology_cl3,0.0014970059880239522,1.0,1.0,1.0,0.0,2.0
P29340,P41695,0,topology_cl3,0.0014970059880239522,1.0,1.0,0.0,0.0,-1.0
P04387,Q3E7C1,0,topology_cl3,0.0014970059880239522,1.0,1.0,0.0,0.0,-1.0
P03962,Q04411,0,topology_cl3,0.0014970059880239522,1.0,1.0,0.0,0.0,-1.0
P38853,Q06708,0,topology_cl3,0.0014970059880239522,1.0,1.0,0.0,0.0,-1.0
P25638,P40151,0,topology_cl3,0.0014970059880239522,1.0,1.0,0.0,0.0,6.0
P32504,Q04921,0,topology_cl3,0.0014970059880239522,1.0,1.0,0.0,0.0,5.0
P40202,Q06704,0,topology_cl3,0.0014970059880239522,1.0,1.0,0.0,0.0,-1.0
P32628,P40957,0,topology_cl3,0.0014970059880239522,1.0,1.0,0.0,0.0,-1.0
P28795,Q06708,0,topology_cl3,0.0014970059880239522,1.0,1.0,0.0,0.0,-1.0
P40957,P47095,0,topology_cl3,0.0014970059880239522,1.0,1.0,0.0,0.0,5.0
P00447,P20967,0,topology_cl3,0.0014970059880239522,1.0,1.0,0.0,0.0,-1.0
P15442,P17555,0,topology_cl3,0.0014970059880239522,1.0,1.0,0.0,0.0,5.0
P31539,P32361,0,topology_cl3,0.0014970059880239522,1.0,1.0,0.0,0.0,6.0
P40325,Q04003,0,topology_cl3,0.0014970059880239522,1.0,1.0,0.0,0.0,-1.0
P20050,P27895,0,topology_cl3,0.0014970059880239522,1.0,1.0,0.0,0.0,-1.0
P32504,P47011,0,topology_cl3,0.0014970059880239522,1.0,1.0,0.0,0.0,-1.0
P11746,P53184,0,topology_cl3,0.0014970059880239522,1.0,1.0,0.0,0.0,-1.0
P04387,P40151,0,topology_cl3,0.0014970059880239522,1.0,1.0,0.0,0.0,-1.0
P08638,P32917,0,topology_cl3,0.0014970059880239522,1.0,1.0,0.0,0.0,6.0
P32361,P32505,0,topology_cl3,0.0014970059880239522,1.0,1.0,0.0,0.0,5.0
P00447,P28743,0,topology_cl3,0.0014970059880239522,1.0,1.0,0.0,0.0,-1.0
P31539,Q04003,0,topology_cl3,0.0014970059880239522,1.0,1.0,0.0,0.0,-1.0
P03962,P81449,0,topology_cl3,0.0014970059880239522,1.0,1.0,0.0,0.0,-1.0
Q05791,Q12334,0,topology_cl3,0.0014970059880239522,1.0,1.0,0.0,0.0,-1.0
P15442,P32639,0,topology_cl3,0.0014970059880239522,1.0,1.0,0.0,0.0,5.0
P41921,Q08581,0,topology_cl3,0.0014970059880239522,1.0,1.0,0.0,0.0,6.0
P08638,P28795,0,topology_cl3,0.0014970059880239522,1.0,1.0,0.0,0.0,-1.0
P47095,Q04411,0,topology_cl3,0.0014970059880239522,1.0,1.0,0.0,0.0,-1.0
P00927,Q03860,0,topology_cl3,0.0014970059880239522,1.0,1.0,0.0,0.0,-1.0
P04387,P32628,0,topology_cl3,0.0014970059880239522,1.0,1.0,0.0,0.0,-1.0
P32917,Q12334,0,topology_cl3,0.0014970059880239522,1.0,1.0,0.0,0.0,-1.0
P39113,P54861,0,topology_cl3,0.0014970059880239522,1.0,1.0,0.0,0.0,-1.0
P00447,Q02100,0,topology_cl3,0.0014970059880239522,1.0,1.0,0.0,0.0,-1.0
P09201,P38247,0,topology_cl3,0.0014970059880239522,1.0,1.0,1.0,0.0,2.0
P15442,P40325,0,topology_cl3,0.0014970059880239522,1.0,1.0,0.0,0.0,5.0
P09201,P41695,0,topology_cl3,0.0014970059880239522,1.0,1.0,0.0,0.0,6.0
P17065,P17555,0,topology_cl3,0.0014970059880239522,1.0,1.0,0.0,0.0,6.0
P00812,P07270,0,topology_cl3,0.0014970059880239522,1.0,1.0,0.0,0.0,-1.0
P17065,Q12084,0,topology_cl3,0.0014970059880239522,1.0,1.0,0.0,0.0,-1.0
P03962,P17065,0,topology_cl3,0.0014970059880239522,1.0,1.0,0.0,0.0,-1.0
P00812,Q04921,0,topology_cl3,0.0014970059880239522,1.0,1.0,0.0,0.0,5.0
P00927,P22804,0,topology_cl3,0.0014970059880239522,1.0,1.0,0.0,0.0,-1.0
P53617,Q05791,0,topology_cl3,0.0014970059880239522,1.0,1.0,0.0,0.0,-1.0
Q06704,Q3E7C1,0,topology_cl3,0.0014970059880239522,1.0,1.0,0.0,0.0,-1.0
P07270,Q12365,0,topology_cl3,0.0014970059880239522,1.0,1.0,0.0,0.0,-1.0
P08638,P47095,0,topology_cl3,0.0014970059880239522,1.0,1.0,0.0,0.0,4.0
P07270,Q12154,0,topology_cl3,0.0014970059880239522,1.0,1.0,0.0,0.0,-1.0
P40151,P41695,0,topology_cl3,0.0014970059880239522,1.0,1.0,0.0,0.0,4.0
P32505,Q12084,0,topology_cl3,0.0014970059880239522,1.0,1.0,0.0,0.0,-1.0
P32505,Q02100,0,topology_cl3,0.0014970059880239522,1.0,1.0,0.0,0.0,4.0
P07270,P40485,0,topology_cl3,0.0014970059880239522,1.0,1.0,0.0,0.0,-1.0
P07272,P0C0X0,0,topology_cl3,0.0014970059880239522,1.0,1.0,0.0,0.0,-1.0
P41695,P81449,0,topology_cl3,0.0014970059880239522,1.0,1.0,0.0,0.0,4.0
P40325,Q12334,0,topology_cl3,0.0014970059880239522,1.0,1.0,0.0,0.0,-1.0
P40485,Q12154,0,topology_cl3,0.0014970059880239522,1.0,1.0,0.0,0.0,-1.0
P22804,P32849,0,topology_cl3,0.0014970059880239522,1.0,1.0,0.0,0.0,-1.0
P17065,P38748,0,topology_cl3,0.0014970059880239522,1.0,1.0,0.0,0.0,-1.0
P40325,P40485,0,topology_cl3,0.0014970059880239522,1.0,1.0,0.0,0.0,5.0
P00447,P00927,0,topology_cl3,0.0014970059880239522,1.0,1.0,0.0,0.0,-1.0
P04387,Q06440,0,topology_cl3,0.0014970059880239522,1.0,1.0,0.0,0.0,-1.0
P28795,P47011,0,topology_cl3,0.0014970059880239522,1.0,1.0,0.0,0.0,-1.0
P53617,P53895,0,topology_cl3,0.0014970059880239522,1.0,1.0,0.0,0.0,6.0
P26343,Q12154,0,topology_cl3,0.0014970059880239522,1.0,1.0,0.0,0.0,-1.0
P32361,Q06708,0,topology_cl3,0.0014970059880239522,1.0,1.0,0.0,0.0,-1.0
P48361,P53617,0,topology_cl3,0.0014970059880239522,1.0,1.0,0.0,0.0,-1.0
P03962,P07272,0,topology_cl3,0.0014970059880239522,1.0,1.0,0.0,0.0,-1.0
P00447,P32628,0,topology_cl3,0.0014970059880239522,1.0,1.0,0.0,0.0,-1.0
P53617,Q03860,0,topology_cl3,0.0014970059880239522,1.0,1.0,0.0,0.0,-1.0
P32849,Q12365,0,topology_cl3,0.0014970059880239522,1.0,1.0,0.0,0.0,-1.0
P04387,P22804,0,topology_cl3,0.0014970059880239522,1.0,1.0,0.0,0.0,-1.0
P47025,Q06675,0,topology_cl3,0.0014970059880239522,1.0,1.0,0.0,0.0,-1.0
P00812,Q04411,0,topology_cl3,0.0014970059880239522,1.0,1.0,0.0,0.0,-1.0
P39113,Q04921,0,topology_cl3,0.0014970059880239522,1.0,1.0,0.0,0.0,6.0
P61829,Q04411,0,topology_cl3,0.0014970059880239522,1.0,1.0,0.0,0.0,-1.0
P36036,P81449,0,topology_cl3,0.0014970059880239522,1.0,1.0,0.0,0.0,6.0
P32917,P48361,0,topology_cl3,0.0014970059880239522,1.0,1.0,0.0,0.0,6.0
P40151,P40963,0,topology_cl3,0.0014970059880239522,1.0,1.0,0.0,0.0,-1.0
P08964,P09201,0,topology_cl3,0.0014970059880239522,1.0,1.0,0.0,0.0,5.0
P20050,P25638,0,topology_cl3,0.0014970059880239522,1.0,1.0,0.0,0.0,5.0
P03962,P32628,0,topology_cl3,0.0014970059880239522,1.0,1.0,0.0,0.0,-1.0
P27895,P41695,0,topology_cl3,0.0014970059880239522,1.0,1.0,0.0,0.0,6.0
P20967,P32361,0,topology_cl3,0.0014970059880239522,1.0,1.0,0.0,0.0,4.0
P32361,Q3E7C1,0,topology_cl3,0.0014970059880239522,1.0,1.0,0.0,0.0,-1.0
P32505,P47011,0,topology_cl3,0.0014970059880239522,1.0,1.0,0.0,0.0,-1.0
P40485,P53184,0,topology_cl3,0.0014970059880239522,1.0,1.0,0.0,0.0,-1.0
P32639,Q3E7C1,0,topology_cl3,0.0014970059880239522,1.0,1.0,0.0,0.0,-1.0
P00447,P38853,0,topology_cl3,0.0014970059880239522,1.0,1.0,0.0,0.0,-1.0
P29340,P39113,0,topology_cl3,0.0014970059880239522,1.0,1.0,0.0,0.0,-1.0
P04386,P40963,0,topology_cl3,0.0014970059880239522,1.0,1.0,0.0,0.0,-1.0
P04386,Q3E7C1,0,topology_cl3,0.0014970059880239522,1.0,1.0,0.0,0.0,-1.0
P20050,P54861,0,topology_cl3,0.0014970059880239522,1.0,1.0,0.0,0.0,-1.0
P08964,Q06704,0,topology_cl3,0.0014970059880239522,1.0,1.0,0.0,0.0,4.0
P07272,Q04921,0,topology_cl3,0.0014970059880239522,1.0,1.0,0.0,0.0,-1.0
P29340,P47115,0,topology_cl3,0.0014970059880239522,1.0,1.0,0.0,0.0,-1.0
P00812,Q06675,0,topology_cl3,0.0014970059880239522,1.0,1.0,0.0,0.0,6.0
P32361,Q05791,0,topology_cl3,0.0014970059880239522,1.0,1.0,0.0,0.0,-1.0
P27895,P40963,0,topology_cl3,0.0014970059880239522,1.0,1.0,0.0,0.0,-1.0
P26343,P32505,0,topology_cl3,0.0014970059880239522,1.0,1.0,0.0,0.0,-1.0
P31539,P47095,0,topology_cl3,0.0014970059880239522,1.0,1.0,0.0,0.0,6.0
P38853,P81449,0,topology_cl3,0.0014970059880239522,1.0,1.0,0.0,0.0,6.0
P08638,Q08581,0,topology_cl3,0.0014970059880239522,1.0,1.0,0.0,0.0,6.0
P26343,P32504,0,topology_cl3,0.0014970059880239522,1.0,1.0,0.0,0.0,-1.0
P20967,P28795,0,topology_cl3,0.0014970059880239522,1.0,1.0,0.0,0.0,-1.0
P32361,P32917,0,topology_cl3,0.0014970059880239522,1.0,1.0,0.0,0.0,5.0
P09201,P38748,0,topology_cl3,0.0014970059880239522,1.0,1.0,0.0,0.0,-1.0
P26343,P54861,0,topology_cl3,0.0014970059880239522,1.0,1.0,0.0,0.0,-1.0
P17555,P27895,0,topology_cl3,0.0014970059880239522,1.0,1.0,0.0,0.0,5.0
P07270,Q03898,0,topology_cl3,0.0014970059880239522,1.0,1.0,0.0,0.0,-1.0
P04386,P25638,0,topology_cl3,0.0014970059880239522,1.0,1.0,0.0,0.0,-1.0
P29340,Q06440,0,topology_cl3,0.0014970059880239522,1.0,1.0,0.0,0.0,-1.0
P38748,Q04921,0,topology_cl3,0.0014970059880239522,1.0,1.0,0.0,0.0,6.0
P28743,Q12334,0,topology_cl3,0.0014970059880239522,1.0,1.0,0.0,0.0,-1.0
P09201,Q06708,0,topology_cl3,0.0014970059880239522,1.0,1.0,0.0,0.0,-1.0
P20050,P22804,0,topology_cl3,0.0014970059880239522,1.0,1.0,0.0,0.0,-1.0
P00927,Q04921,0,topology_cl3,0.0014970059880239522,1.0,1.0,0.0,0.0,4.0
P20967,P31539,0,topology_cl3,0.0014970059880239522,1.0,1.0,0.0,0.0,6.0
P26343,Q06708,0,topology_cl3,0.0014970059880239522,1.0,1.0,0.0,0.0,-1.0
P07272,P48361,0,topology_cl3,0.0014970059880239522,1.0,1.0,0.0,0.0,-1.0
P32504,Q08581,0,topology_cl3,0.0014970059880239522,1.0,1.0,0.0,0.0,5.0
P25367,P53895,0,topology_cl3,0.0014970059880239522,1.0,1.0,0.0,0.0,-1.0
P40151,Q06708,0,topology_cl3,0.0014970059880239522,1.0,1.0,0.0,0.0,-1.0
P0C0X0,P28743,0,topology_cl3,0.0014970059880239522,1.0,1.0,0.0,0.0,-1.0
P32849,Q05791,0,topology_cl3,0.0014970059880239522,1.0,1.0,0.0,0.0,-1.0
P41695,Q06708,0,topology_cl3,0.0014970059880239522,1.0,1.0,0.0,0.0,-1.0
P00812,Q12154,0,topology_cl3,0.0014970059880239522,1.0,1.0,1.0,0.0,2.0
P00812,Q12334,0,topology_cl3,0.0014970059880239522,1.0,1.0,0.0,0.0,-1.0
P07272,P40485,0,topology_cl3,0.0014970059880239522,1.0,1.0,0.0,0.0,-1.0
Q04003,Q12154,0,topology_cl3,0.0014970059880239522,1.0,1.0,0.0,0.0,-1.0
P0C0X0,P40202,0,topology_cl3,0.0014970059880239522,1.0,1.0,0.0,0.0,-1.0
P28795,Q04411,0,topology_cl3,0.0014970059880239522,1.0,1.0,0.0,0.0,-1.0
P17555,Q03860,0,topology_cl3,0.0014970059880239522,1.0,1.0,0.0,0.0,-1.0
P32917,Q08581,0,topology_cl3,0.0014970059880239522,1.0,1.0,0.0,0.0,6.0
P17065,P28795,0,topology_cl3,0.0014970059880239522,1.0,1.0,0.0,0.0,-1.0
P00812,P40325,0,topology_cl3,0.0014970059880239522,1.0,1.0,0.0,0.0,4.0
P29340,P36036,0,topology_cl3,0.0014970059880239522,1.0,1.0,0.0,0.0,-1.0
P00927,P38853,0,topology_cl3,0.0014970059880239522,1.0,1.0,0.0,0.0,-1.0
P0C0X0,Q06708,0,topology_cl3,0.0014970059880239522,1.0,1.0,0.0,0.0,-1.0
P40485,P47025,0,topology_cl3,0.0014970059880239522,1.0,1.0,0.0,0.0,-1.0
P41697,Q04921,0,topology_cl3,0.0014970059880239522,1.0,1.0,0.0,0.0,5.0
P08964,P38853,0,topology_cl3,0.0014970059880239522,1.0,1.0,0.0,0.0,-1.0
P53184,Q06675,0,topology_cl3,0.0014970059880239522,1.0,1.0,0.0,0.0,6.0
P00812,Q06704,0,topology_cl3,0.0014970059880239522,1.0,1.0,1.0,0.0,2.0
P22804,P47025,0,topology_cl3,0.0014970059880239522,1.0,1.0,0.0,0.0,-1.0
P03962,Q08581,0,topology_cl3,0.0014970059880239522,1.0,1.0,0.0,0.0,-1.0
P04386,P08638,0,topology_cl3,0.0014970059880239522,1.0,1.0,0.0,0.0,-1.0
Q04411,Q06704,0,topology_cl3,0.0014970059880239522,1.0,1.0,0.0,0.0,-1.0
P25638,P40202,0,topology_cl3,0.0014970059880239522,1.0,1.0,0.0,0.0,-1.0
P38748,P40151,0,topology_cl3,0.0014970059880239522,1.0,1.0,0.0,0.0,-1.0
P41695,Q12102,0,topology_cl3,0.0014970059880239522,1.0,1.0,0.0,0.0,6.0
P28795,P47115,0,topology_cl3,0.0014970059880239522,1.0,1.0,0.0,0.0,-1.0
P29340,Q03860,0,topology_cl3,0.0014970059880239522,1.0,1.0,0.0,0.0,-1.0
Q02100,Q03898,0,topology_cl3,0.0014970059880239522,1.0,1.0,0.0,0.0,5.0
P38247,P39113,0,topology_cl3,0.0014970059880239522,1.0,1.0,0.0,0.0,-1.0
P28795,P38748,0,topology_cl3,0.0014970059880239522,1.0,1.0,0.0,0.0,-1.0
P22804,Q02100,0,topology_cl3,0.0014970059880239522,1.0,1.0,0.0,0.0,-1.0
P20050,P38853,0,topology_cl3,0.0014970059880239522,1.0,1.0,0.0,0.0,-1.0
P53184,Q12154,0,topology_cl3,0.0014970059880239522,1.0,1.0,1.0,0.0,2.0
P41921,Q12390,0,topology_cl3,0.0014970059880239522,1.0,1.0,0.0,0.0,-1.0
Q03898,Q12390,0,topology_cl3,0.0014970059880239522,1.0,1.0,0.0,0.0,5.0
P00447,Q04921,0,topology_cl3,0.0014970059880239522,1.0,1.0,0.0,0.0,-1.0
P36036,Q03898,0,topology_cl3,0.0014970059880239522,1.0,1.0,0.0,0.0,4.0
P32917,P38748,0,topology_cl3,0.0014970059880239522,1.0,1.0,0.0,0.0,6.0
P32849,P38853,0,topology_cl3,0.0014970059880239522,1.0,1.0,0.0,0.0,-1.0
P07272,P20967,0,topology_cl3,0.0014970059880239522,1.0,1.0,0.0,0.0,-1.0
P09201,P47011,0,topology_cl3,0.0014970059880239522,1.0,1.0,0.0,0.0,-1.0
P17065,P54861,0,topology_cl3,0.0014970059880239522,1.0,1.0,0.0,0.0,-1.0
Q03860,Q04003,0,topology_cl3,0.0014970059880239522,1.0,1.0,0.0,0.0,-1.0
P26343,Q04921,0,topology_cl3,0.0014970059880239522,1.0,1.0,0.0,0.0,-1.0
P28795,P40957,0,topology_cl3,0.0014970059880239522,1.0,1.0,0.0,0.0,-1.0
P00927,P41921,0,topology_cl3,0.0014970059880239522,1.0,1.0,0.0,0.0,-1.0
P32628,Q03898,0,topology_cl3,0.0014970059880239522,1.0,1.0,0.0,0.0,-1.0
P32849,P38247,0,topology_cl3,0.0014970059880239522,1.0,1.0,0.0,0.0,-1.0
P29340,P41697,0,topology_cl3,0.0014970059880239522,1.0,1.0,0.0,0.0,-1.0
P03962,P36036,0,topology_cl3,0.0014970059880239522,1.0,1.0,0.0,0.0,-1.0
P53617,Q3E7C1,0,topology_cl3,0.0014970059880239522,1.0,1.0,0.0,0.0,-1.0
P47025,P47115,0,topology_cl3,0.0014970059880239522,1.0,1.0,0.0,0.0,-1.0
P40963,Q06675,0,topology_cl3,0.0014970059880239522,1.0,1.0,0.0,0.0,-1.0
P00927,P40151,0,topology_cl3,0.0014970059880239522,1.0,1.0,0.0,0.0,6.0
P15442,P38247,0,topology_cl3,0.0014970059880239522,1.0,1.0,0.0,0.0,-1.0
P40325,Q12102,0,topology_cl3,0.0014970059880239522,1.0,1.0,0.0,0.0,5.0
P11746,P40485,0,topology_cl3,0.0014970059880239522,1.0,1.0,0.0,0.0,-1.0
P04386,Q02100,0,topology_cl3,0.0014970059880239522,1.0,1.0,0.0,0.0,-1.0
P38247,P81449,0,topology_cl3,0.0014970059880239522,1.0,1.0,0.0,0.0,5.0
P04387,Q12334,0,topology_cl3,0.0014970059880239522,1.0,1.0,0.0,0.0,-1.0
P41695,P48361,0,topology_cl3,0.0014970059880239522,1.0,1.0,0.0,0.0,5.0
Q02100,Q3E7C1,0,topology_cl3,0.0014970059880239522,1.0,1.0,0.0,0.0,-1.0
P40485,P40963,0,topology_cl3,0.0014970059880239522,1.0,1.0,0.0,0.0,-1.0
P40963,Q03860,0,topology_cl3,0.0014970059880239522,1.0,1.0,0.0,0.0,-1.0
P07270,P40963,0,topology_cl3,0.0014970059880239522,1.0,1.0,0.0,0.0,-1.0
Q12102,Q3E7C1,0,topology_cl3,0.0014970059880239522,1.0,1.0,0.0,0.0,-1.0
P20967,P47025,0,topology_cl3,0.0014970059880239522,1.0,1.0,0.0,0.0,-1.0
P00812,P48361,0,topology_cl3,0.0014970059880239522,1.0,1.0,0.0,0.0,5.0
P28743,P54861,0,topology_cl3,0.0014970059880239522,1.0,1.0,0.0,0.0,-1.0
P04386,P38247,0,topology_cl3,0.0014970059880239522,1.0,1.0,0.0,0.0,-1.0
P38853,P40957,0,topology_cl3,0.0014970059880239522,1.0,1.0,0.0,0.0,6.0
Q12365,Q12390,0,topology_cl3,0.0014970059880239522,1.0,1.0,0.0,0.0,-1.0
Q03898,Q12084,0,topology_cl3,0.0014970059880239522,1.0,1.0,0.0,0.0,5.0
P04387,P31539,0,topology_cl3,0.0014970059880239522,1.0,1.0,0.0,0.0,-1.0
P40963,Q12102,0,topology_cl3,0.0014970059880239522,1.0,1.0,0.0,0.0,-1.0
P32917,P53184,0,topology_cl3,0.0014970059880239522,1.0,1.0,0.0,0.0,-1.0
P38247,P41697,0,topology_cl3,0.0014970059880239522,1.0,1.0,0.0,0.0,-1.0
P04386,P22804,0,topology_cl3,0.0014970059880239522,1.0,1.0,0.0,0.0,-1.0
P04387,P32505,0,topology_cl3,0.0014970059880239522,1.0,1.0,0.0,0.0,-1.0
Q08581,Q12154,0,topology_cl3,0.0014970059880239522,1.0,1.0,0.0,0.0,6.0
P32849,P41921,0,topology_cl3,0.0014970059880239522,1.0,1.0,0.0,0.0,-1.0
P29340,P47011,0,topology_cl3,0.0014970059880239522,1.0,1.0,0.0,0.0,-1.0
P32917,P40325,0,topology_cl3,0.0014970059880239522,1.0,1.0,0.0,0.0,6.0
P32504,Q12154,0,topology_cl3,0.0014970059880239522,1.0,1.0,0.0,0.0,6.0
P41697,Q3E7C1,0,topology_cl3,0.0014970059880239522,1.0,1.0,0.0,0.0,-1.0
P17065,P29340,0,topology_cl3,0.0014970059880239522,1.0,1.0,0.0,0.0,-1.0
P17555,P47011,0,topology_cl3,0.0014970059880239522,1.0,1.0,0.0,0.0,-1.0
P03962,Q12334,0,topology_cl3,0.0014970059880239522,1.0,1.0,0.0,0.0,-1.0
P0C0X0,P41921,0,topology_cl3,0.0014970059880239522,1.0,1.0,0.0,0.0,-1.0
P08964,P22804,0,topology_cl3,0.0014970059880239522,1.0,1.0,0.0,0.0,-1.0
P08638,Q3E7C1,0,topology_cl3,0.0014970059880239522,1.0,1.0,0.0,0.0,-1.0
P07272,P53617,0,topology_cl3,0.0014970059880239522,1.0,1.0,0.0,0.0,-1.0
P40957,P41695,0,topology_cl3,0.0014970059880239522,1.0,1.0,0.0,0.0,4.0
P15442,P25638,0,topology_cl3,0.0014970059880239522,1.0,1.0,1.0,0.0,2.0
P28795,P53895,0,topology_cl3,0.0014970059880239522,1.0,1.0,0.0,0.0,-1.0
P08964,P47025,0,topology_cl3,0.0014970059880239522,1.0,1.0,0.0,0.0,-1.0
P17555,Q06708,0,topology_cl3,0.0014970059880239522,1.0,1.0,0.0,0.0,-1.0
P53895,Q12154,0,topology_cl3,0.0014970059880239522,1.0,1.0,0.0,0.0,6.0
P40151,P40485,0,topology_cl3,0.0014970059880239522,1.0,1.0,0.0,0.0,-1.0
P40957,Q03898,0,topology_cl3,0.0014970059880239522,1.0,1.0,0.0,0.0,5.0
P40963,P61829,0,topology_cl3,0.0014970059880239522,1.0,1.0,0.0,0.0,-1.0
P20967,Q02100,0,topology_cl3,0.0014970059880239522,1.0,1.0,0.0,0.0,5.0
P40151,Q02100,0,topology_cl3,0.0014970059880239522,1.0,1.0,0.0,0.0,6.0
P20967,P40151,0,topology_cl3,0.0014970059880239522,1.0,1.0,0.0,0.0,6.0
P36036,Q06675,0,topology_cl3,0.0014970059880239522,1.0,1.0,0.0,0.0,6.0
P40957,Q04003,0,topology_cl3,0.0014970059880239522,1.0,1.0,0.0,0.0,-1.0
P03962,P47115,0,topology_cl3,0.0014970059880239522,1.0,1.0,0.0,0.0,-1.0
P00927,P53617,0,topology_cl3,0.0014970059880239522,1.0,1.0,0.0,0.0,-1.0
P03962,P38748,0,topology_cl3,0.0014970059880239522,1.0,1.0,0.0,0.0,-1.0
P04386,Q12365,0,topology_cl3,0.0014970059880239522,1.0,1.0,0.0,0.0,-1.0
Q04921,Q12365,0,topology_cl3,0.0014970059880239522,1.0,1.0,0.0,0.0,6.0
P61829,Q04921,0,topology_cl3,0.0014970059880239522,1.0,1.0,0.0,0.0,4.0
P47095,Q04921,0,topology_cl3,0.0014970059880239522,1.0,1.0,0.0,0.0,6.0
P47011,P53184,0,topology_cl3,0.0014970059880239522,1.0,1.0,0.0,0.0,-1.0
Q04411,Q04921,0,topology_cl3,0.0014970059880239522,1.0,1.0,0.0,0.0,-1.0
P40202,Q12154,0,topology_cl3,0.0014970059880239522,1.0,1.0,0.0,0.0,-1.0
P54861,Q06675,0,topology_cl3,0.0014970059880239522,1.0,1.0,0.0,0.0,-1.0
P0C0X0,Q12084,0,topology_cl3,0.0014970059880239522,1.0,1.0,0.0,0.0,-1.0
P0C0X0,Q3E7C1,0,topology_cl3,0.0014970059880239522,1.0,1.0,0.0,0.0,-1.0
P04387,Q03898,0,topology_cl3,0.0014970059880239522,1.0,1.0,0.0,0.0,-1.0
P17555,Q06704,0,topology_cl3,0.0014970059880239522,1.0,1.0,0.0,0.0,4.0
P00927,P47095,0,topology_cl3,0.0014970059880239522,1.0,1.0,0.0,0.0,5.0
Q03860,Q12084,0,topology_cl3,0.0014970059880239522,1.0,1.0,0.0,0.0,-1.0
P07270,P28795,0,topology_cl3,0.0014970059880239522,1.0,1.0,0.0,0.0,-1.0
P0C0X0,P32639,0,topology_cl3,0.0014970059880239522,1.0,1.0,0.0,0.0,-1.0
P22804,P32639,0,topology_cl3,0.0014970059880239522,1.0,1.0,0.0,0.0,-1.0
P53617,P61829,0,topology_cl3,0.0014970059880239522,1.0,1.0,0.0,0.0,5.0
P28743,P53617,0,topology_cl3,0.0014970059880239522,1.0,1.0,0.0,0.0,6.0
P36036,Q04921,0,topology_cl3,0.0014970059880239522,1.0,1.0,0.0,0.0,4.0
P25638,P40963,0,topology_cl3,0.0014970059880239522,1.0,1.0,0.0,0.0,-1.0
P31539,P32917,0,topology_cl3,0.0014970059880239522,1.0,1.0,0.0,0.0,5.0
P04386,P61829,0,topology_cl3,0.0014970059880239522,1.0,1.0,0.0,0.0,-1.0
P00927,P54861,0,topology_cl3,0.0014970059880239522,1.0,1.0,0.0,0.0,-1.0
P40963,Q12084,0,topology_cl3,0.0014970059880239522,1.0,1.0,0.0,0.0,-1.0
P25367,P81449,0,topology_cl3,0.0014970059880239522,1.0,1.0,0.0,0.0,-1.0
P39113,Q3E7C1,0,topology_cl3,0.0014970059880239522,1.0,1.0,0.0,0.0,-1.0
P08964,P29340,0,topology_cl3,0.0014970059880239522,1.0,1.0,0.0,0.0,-1.0
P17555,P31539,0,topology_cl3,0.0014970059880239522,1.0,1.0,0.0,0.0,5.0
P29340,P32504,0,topology_cl3,0.0014970059880239522,1.0,1.0,0.0,0.0,-1.0
Q06704,Q06708,0,topology_cl3,0.0014970059880239522,1.0,1.0,0.0,0.0,-1.0
P17065,Q12365,0,topology_cl3,0.0014970059880239522,1.0,1.0,0.0,0.0,-1.0
P09201,Q05791,0,topology_cl3,0.0014970059880239522,1.0,1.0,0.0,0.0,-1.0
P00447,P38748,0,topology_cl3,0.0014970059880239522,1.0,1.0,0.0,0.0,-1.0
P15442,P61829,0,topology_cl3,0.0014970059880239522,1.0,1.0,0.0,0.0,4.0
P17555,Q04411,0,topology_cl3,0.0014970059880239522,1.0,1.0,0.0,0.0,-1.0
P08638,P40151,0,topology_cl3,0.0014970059880239522,1.0,1.0,0.0,0.0,5.0
P47095,P53617,0,topology_cl3,0.0014970059880239522,1.0,1.0,0.0,0.0,6.0
Q03860,Q12154,0,topology_cl3,0.0014970059880239522,1.0,1.0,0.0,0.0,-1.0
P40485,P47095,0,topology_cl3,0.0014970059880239522,1.0,1.0,0.0,0.0,-1.0
Q06704,Q12154,0,topology_cl3,0.0014970059880239522,1.0,1.0,1.0,0.0,2.0
P31539,Q08581,0,topology_cl3,0.0014970059880239522,1.0,1.0,0.0,0.0,-1.0
P0C0X0,Q06675,0,topology_cl3,0.0014970059880239522,1.0,1.0,0.0,0.0,-1.0
P38853,P47095,0,topology_cl3,0.0014970059880239522,1.0,1.0,0.0,0.0,-1.0
P17065,P40957,0,topology_cl3,0.0014970059880239522,1.0,1.0,0.0,0.0,6.0
P32361,P40202,0,topology_cl3,0.0014970059880239522,1.0,1.0,0.0,0.0,-1.0
P20050,P41921,0,topology_cl3,0.0014970059880239522,1.0,1.0,0.0,0.0,-1.0
Q02100,Q12334,0,topology_cl3,0.0014970059880239522,1.0,1.0,0.0,0.0,-1.0
P32504,Q12334,0,topology_cl3,0.0014970059880239522,1.0,1.0,0.0,0.0,-1.0
P47011,P53895,0,topology_cl3,0.0014970059880239522,1.0,1.0,0.0,0.0,-1.0
P29340,P40151,0,topology_cl3,0.0014970059880239522,1.0,1.0,0.0,0.0,-1.0
P00812,P0C0X0,0,topology_cl3,0.0014970059880239522,1.0,1.0,0.0,0.0,-1.0
P20050,P28795,0,topology_cl3,0.0014970059880239522,1.0,1.0,0.0,0.0,-1.0
Q03898,Q04921,0,topology_cl3,0.0014970059880239522,1.0,1.0,0.0,0.0,4.0
P40202,Q04921,0,topology_cl3,0.0014970059880239522,1.0,1.0,0.0,0.0,-1.0
P32639,Q04921,0,topology_cl3,0.0014970059880239522,1.0,1.0,0.0,0.0,6.0
P26343,Q12102,0,topology_cl3,0.0014970059880239522,1.0,1.0,0.0,0.0,-1.0
P00927,P32504,0,topology_cl3,0.0014970059880239522,1.0,1.0,0.0,0.0,5.0
Q02100,Q06708,0,topology_cl3,0.0014970059880239522,1.0,1.0,0.0,0.0,-1.0
P20967,P22804,0,topology_cl3,0.0014970059880239522,1.0,1.0,0.0,0.0,-1.0
P54861,P81449,0,topology_cl3,0.0014970059880239522,1.0,1.0,0.0,0.0,-1.0
P32917,P40151,0,topology_cl3,0.0014970059880239522,1.0,1.0,0.0,0.0,-1.0
P20050,Q06708,0,topology_cl3,0.0014970059880239522,1.0,1.0,0.0,0.0,-1.0
P32504,P47095,0,topology_cl3,0.0014970059880239522,1.0,1.0,0.0,0.0,-1.0
P15442,P40151,0,topology_cl3,0.0014970059880239522,1.0,1.0,0.0,0.0,6.0
P25638,P31539,0,topology_cl3,0.0014970059880239522,1.0,1.0,0.0,0.0,6.0
P07272,P17555,0,topology_cl3,0.0014970059880239522,1.0,1.0,0.0,0.0,-1.0
P32917,P47115,0,topology_cl3,0.0014970059880239522,1.0,1.0,0.0,0.0,6.0
P27895,P47025,0,topology_cl3,0.0014970059880239522,1.0,1.0,0.0,0.0,-1.0
P08638,P39113,0,topology_cl3,0.0014970059880239522,1.0,1.0,0.0,0.0,6.0
P11746,P32505,0,topology_cl3,0.0014970059880239522,1.0,1.0,0.0,0.0,-1.0
P11746,P29340,0,topology_cl3,0.0014970059880239522,1.0,1.0,0.0,0.0,-1.0
P17555,P38247,0,topology_cl3,0.0014970059880239522,1.0,1.0,0.0,0.0,5.0
P03962,P53617,0,topology_cl3,0.0014970059880239522,1.0,1.0,0.0,0.0,-1.0
P27895,P41921,0,topology_cl3,0.0014970059880239522,1.0,1.0,0.0,0.0,-1.0
P20967,P32505,0,topology_cl3,0.0014970059880239522,1.0,1.0,0.0,0.0,5.0
P0C0X0,P47115,0,topology_cl3,0.0014970059880239522,1.0,1.0,0.0,0.0,-1.0
P07270,P25367,0,topology_cl3,0.0014970059880239522,1.0,1.0,0.0,0.0,-1.0
P08638,P22804,0,topology_cl3,0.0014970059880239522,1.0,1.0,0.0,0.0,-1.0
P07270,P11746,0,topology_cl3,0.0014970059880239522,1.0,1.0,0.0,0.0,-1.0
P47011,P47115,0,topology_cl3,0.0014970059880239522,1.0,1.0,0.0,0.0,-1.0
P00812,P41695,0,topology_cl3,0.0014970059880239522,1.0,1.0,0.0,0.0,5.0
P28743,Q08581,0,topology_cl3,0.0014970059880239522,1.0,1.0,0.0,0.0,5.0
P00447,P0C0X0,0,topology_cl3,0.0014970059880239522,1.0,1.0,0.0,0.0,-1.0
P08638,P09201,0,topology_cl3,0.0014970059880239522,1.0,1.0,0.0,0.0,5.0
P41921,Q12084,0,topology_cl3,0.0014970059880239522,1.0,1.0,0.0,0.0,-1.0
P32639,P53895,0,topology_cl3,0.0014970059880239522,1.0,1.0,0.0,0.0,4.0
P08638,Q06708,0,topology_cl3,0.0014970059880239522,1.0,1.0,0.0,0.0,-1.0
Q05791,Q06440,0,topology_cl3,0.0014970059880239522,1.0,1.0,0.0,0.0,-1.0
P00812,P32628,0,topology_cl3,0.0014970059880239522,1.0,1.0,0.0,0.0,-1.0
P00812,P04386,0,topology_cl3,0.0014970059880239522,1.0,1.0,0.0,0.0,-1.0
P32639,P40151,0,topology_cl3,0.0014970059880239522,1.0,1.0,0.0,0.0,-1.0
P00447,P26343,0,topology_cl3,0.0014970059880239522,1.0,1.0,0.0,0.0,-1.0
P00812,Q03860,0,topology_cl3,0.0014970059880239522,1.0,1.0,0.0,0.0,-1.0
P53895,Q03898,0,topology_cl3,0.0014970059880239522,1.0,1.0,0.0,0.0,6.0
P38748,P53617,0,topology_cl3,0.0014970059880239522,1.0,1.0,0.0,0.0,-1.0
P20967,P36036,0,topology_cl3,0.0014970059880239522,1.0,1.0,0.0,0.0,5.0
P32917,Q04411,0,topology_cl3,0.0014970059880239522,1.0,1.0,0.0,0.0,-1.0
P15442,P81449,0,topology_cl3,0.0014970059880239522,1.0,1.0,0.0,0.0,4.0
P20967,P47011,0,topology_cl3,0.0014970059880239522,1.0,1.0,0.0,0.0,-1.0
P41697,Q12084,0,topology_cl3,0.0014970059880239522,1.0,1.0,0.0,0.0,6.0
Q04921,Q12334,0,topology_cl3,0.0014970059880239522,1.0,1.0,0.0,0.0,-1.0
P22804,P61829,0,topology_cl3,0.0014970059880239522,1.0,1.0,0.0,0.0,-1.0
P00447,P28795,0,topology_cl3,0.0014970059880239522,1.0,1.0,0.0,0.0,-1.0
P08964,P32628,0,topology_cl3,0.0014970059880239522,1.0,1.0,0.0,0.0,-1.0
P03962,P32504,0,topology_cl3,0.0014970059880239522,1.0,1.0,0.0,0.0,-1.0
P41695,Q05791,0,topology_cl3,0.0014970059880239522,1.0,1.0,0.0,0.0,-1.0
P27895,P32505,0,topology_cl3,0.0014970059880239522,1.0,1.0,0.0,0.0,-1.0
P09201,P47025,0,topology_cl3,0.0014970059880239522,1.0,1.0,0.0,0.0,-1.0
P32504,P61829,0,topology_cl3,0.0014970059880239522,1.0,1.0,0.0,0.0,4.0
P00927,P08638,0,topology_cl3,0.0014970059880239522,1.0,1.0,0.0,0.0,-1.0
P40485,Q03860,0,topology_cl3,0.0014970059880239522,1.0,1.0,0.0,0.0,-1.0
P00927,P40963,0,topology_cl3,0.0014970059880239522,1.0,1.0,0.0,0.0,-1.0
P08638,Q03898,0,topology_cl3,0.0014970059880239522,1.0,1.0,0.0,0.0,5.0
P28743,P32504,0,topology_cl3,0.0014970059880239522,1.0,1.0,0.0,0.0,6.0
P17065,P26343,0,topology_cl3,0.0014970059880239522,1.0,1.0,0.0,0.0,-1.0
P25367,P38247,0,topology_cl3,0.0014970059880239522,1.0,1.0,0.0,0.0,-1.0
P41921,Q12334,0,topology_cl3,0.0014970059880239522,1.0,1.0,0.0,0.0,-1.0
Q05791,Q08581,0,topology_cl3,0.0014970059880239522,1.0,1.0,0.0,0.0,-1.0
P31539,Q06708,0,topology_cl3,0.0014970059880239522,1.0,1.0,0.0,0.0,-1.0
P0C0X0,Q12334,0,topology_cl3,0.0014970059880239522,1.0,1.0,0.0,0.0,-1.0
P04387,P32504,0,topology_cl3,0.0014970059880239522,1.0,1.0,0.0,0.0,-1.0
P09201,Q12084,0,topology_cl3,0.0014970059880239522,1.0,1.0,0.0,0.0,6.0
P40151,Q06704,0,topology_cl3,0.0014970059880239522,1.0,1.0,0.0,0.0,6.0
P36036,Q06708,0,topology_cl3,0.0014970059880239522,1.0,1.0,0.0,0.0,-1.0
P04387,P0C0X0,0,topology_cl3,0.0014970059880239522,1.0,1.0,0.0,0.0,-1.0
P32849,Q12390,0,topology_cl3,0.0014970059880239522,1.0,1.0,0.0,0.0,-1.0
P22804,P25638,0,topology_cl3,0.0014970059880239522,1.0,1.0,0.0,0.0,-1.0
P41921,Q06708,0,topology_cl3,0.0014970059880239522,1.0,1.0,0.0,0.0,-1.0
P29340,P47025,0,topology_cl3,0.0014970059880239522,1.0,1.0,0.0,0.0,-1.0
P32361,Q06704,0,topology_cl3,0.0014970059880239522,1.0,1.0,0.0,0.0,5.0
P00447,P27895,0,topology_cl3,0.0014970059880239522,1.0,1.0,0.0,0.0,-1.0
P08964,P32504,0,topology_cl3,0.0014970059880239522,1.0,1.0,0.0,0.0,-1.0
P09201,P47115,0,topology_cl3,0.0014970059880239522,1.0,1.0,0.0,0.0,6.0
P41695,Q06704,0,topology_cl3,0.0014970059880239522,1.0,1.0,0.0,0.0,5.0
P00447,Q12365,0,topology_cl3,0.0014970059880239522,1.0,1.0,0.0,0.0,-1.0
P32628,Q03860,0,topology_cl3,0.0014970059880239522,1.0,1.0,0.0,0.0,-1.0
P38748,Q12334,0,topology_cl3,0.0014970059880239522,1.0,1.0,0.0,0.0,-1.0
Q12084,Q12390,0,topology_cl3,0.0014970059880239522,1.0,1.0,0.0,0.0,-1.0
P26343,Q05791,0,topology_cl3,0.0014970059880239522,1.0,1.0,0.0,0.0,-1.0
P26343,Q08581,0,topology_cl3,0.0014970059880239522,1.0,1.0,0.0,0.0,-1.0
P41695,Q04411,0,topology_cl3,0.0014970059880239522,1.0,1.0,0.0,0.0,-1.0
P22804,P38748,0,topology_cl3,0.0014970059880239522,1.0,1.0,0.0,0.0,-1.0
P32504,P40485,0,topology_cl3,0.0014970059880239522,1.0,1.0,0.0,0.0,-1.0
P48361,Q12334,0,topology_cl3,0.0014970059880239522,1.0,1.0,0.0,0.0,-1.0
P32361,P47011,0,topology_cl3,0.0014970059880239522,1.0,1.0,0.0,0.0,-1.0
Q08581,Q12390,0,topology_cl3,0.0014970059880239522,1.0,1.0,0.0,0.0,4.0
P04386,P47095,0,topology_cl3,0.0014970059880239522,1.0,1.0,0.0,0.0,-1.0
P38748,P40485,0,topology_cl3,0.0014970059880239522,1.0,1.0,0.0,0.0,-1.0
P0C0X0,P41697,0,topology_cl3,0.0014970059880239522,1.0,1.0,0.0,0.0,-1.0
P07272,P08638,0,topology_cl3,0.0014970059880239522,1.0,1.0,0.0,0.0,-1.0
P00927,Q12365,0,topology_cl3,0.0014970059880239522,1.0,1.0,0.0,0.0,6.0
P09201,P20050,0,topology_cl3,0.0014970059880239522,1.0,1.0,0.0,0.0,6.0
P31539,P40325,0,topology_cl3,0.0014970059880239522,1.0,1.0,0.0,0.0,5.0
P20050,P32639,0,topology_cl3,0.0014970059880239522,1.0,1.0,0.0,0.0,-1.0
P41697,Q04003,0,topology_cl3,0.0014970059880239522,1.0,1.0,0.0,0.0,-1.0
P00447,Q04411,0,topology_cl3,0.0014970059880239522,1.0,1.0,0.0,0.0,-1.0
P38748,Q08581,0,topology_cl3,0.0014970059880239522,1.0,1.0,0.0,0.0,4.0
P32628,Q02100,0,topology_cl3,0.0014970059880239522,1.0,1.0,0.0,0.0,-1.0
P31539,P38853,0,topology_cl3,0.0014970059880239522,1.0,1.0,0.0,0.0,-1.0
P47011,Q03860,0,topology_cl3,0.0014970059880239522,1.0,1.0,0.0,0.0,-1.0
P25367,P54861,0,topology_cl3,0.0014970059880239522,1.0,1.0,0.0,0.0,-1.0
P38247,Q12390,0,topology_cl3,0.0014970059880239522,1.0,1.0,0.0,0.0,-1.0
P38247,P47115,0,topology_cl3,0.0014970059880239522,1.0,1.0,0.0,0.0,6.0
P40957,Q12390,0,topology_cl3,0.0014970059880239522,1.0,1.0,0.0,0.0,5.0
Q06675,Q12390,0,topology_cl3,0.0014970059880239522,1.0,1.0,0.0,0.0,6.0
P15442,P31539,0,topology_cl3,0.0014970059880239522,1.0,1.0,0.0,0.0,6.0
P25367,P32361,0,topology_cl3,0.0014970059880239522,1.0,1.0,0.0,0.0,-1.0
P40202,Q03860,0,topology_cl3,0.0014970059880239522,1.0,1.0,0.0,0.0,-1.0
P17065,Q12334,0,topology_cl3,0.0014970059880239522,1.0,1.0,0.0,0.0,-1.0
P15442,Q06675,0,topology_cl3,0.0014970059880239522,1.0,1.0,0.0,0.0,5.0
P40151,Q04411,0,topology_cl3,0.0014970059880239522,1.0,1.0,0.0,0.0,-1.0
Q08581,Q3E7C1,0,topology_cl3,0.0014970059880239522,1.0,1.0,0.0,0.0,-1.0
P07272,Q04003,0,topology_cl3,0.0014970059880239522,1.0,1.0,0.0,0.0,-1.0
P04386,P32361,0,topology_cl3,0.0014970059880239522,1.0,1.0,0.0,0.0,-1.0
P0C0X0,P15442,0,topology_cl3,0.0014970059880239522,1.0,1.0,0.0,0.0,-1.0
P41697,Q12334,0,topology_cl3,0.0014970059880239522,1.0,1.0,0.0,0.0,-1.0
P32505,Q12365,0,topology_cl3,0.0014970059880239522,1.0,1.0,0.0,0.0,6.0
P40151,P40325,0,topology_cl3,0.0014970059880239522,1.0,1.0,0.0,0.0,5.0
P40151,Q06440,0,topology_cl3,0.0014970059880239522,1.0,1.0,0.0,0.0,6.0
P07272,P38247,0,topology_cl3,0.0014970059880239522,1.0,1.0,0.0,0.0,-1.0
P40957,P47011,0,topology_cl3,0.0014970059880239522,1.0,1.0,0.0,0.0,-1.0
P32639,Q06440,0,topology_cl3,0.0014970059880239522,1.0,1.0,0.0,0.0,-1.0
Q03860,Q12334,0,topology_cl3,0.0014970059880239522,1.0,1.0,0.0,0.0,-1.0
P40325,Q04411,0,topology_cl3,0.0014970059880239522,1.0,1.0,0.0,0.0,-1.0
P11746,P17065,0,topology_cl3,0.0014970059880239522,1.0,1.0,0.0,0.0,-1.0
P25638,P53617,0,topology_cl3,0.0014970059880239522,1.0,1.0,0.0,0.0,6.0
P11746,Q12334,0,topology_cl3,0.0014970059880239522,1.0,1.0,0.0,0.0,-1.0
P40202,Q04411,0,topology_cl3,0.0014970059880239522,1.0,1.0,0.0,0.0,-1.0
P20967,Q04411,0,topology_cl3,0.0014970059880239522,1.0,1.0,0.0,0.0,-1.0
P15442,Q03898,0,topology_cl3,0.0014970059880239522,1.0,1.0,0.0,0.0,5.0
P03962,P32917,0,topology_cl3,0.0014970059880239522,1.0,1.0,0.0,0.0,-1.0
P11746,P17555,0,topology_cl3,0.0014970059880239522,1.0,1.0,0.0,0.0,6.0
P38247,Q02100,0,topology_cl3,0.0014970059880239522,1.0,1.0,0.0,0.0,-1.0
P07270,P32361,0,topology_cl3,0.0014970059880239522,1.0,1.0,0.0,0.0,-1.0
P08638,P38748,0,topology_cl3,0.0014970059880239522,1.0,1.0,0.0,0.0,6.0
Q04921,Q06675,0,topology_cl3,0.0014970059880239522,1.0,1.0,0.0,0.0,5.0
P22804,P81449,0,topology_cl3,0.0014970059880239522,1.0,1.0,0.0,0.0,-1.0
P38748,P41921,0,topology_cl3,0.0014970059880239522,1.0,1.0,0.0,0.0,6.0
P40485,P41697,0,topology_cl3,0.0014970059880239522,1.0,1.0,0.0,0.0,6.0
P28743,P40325,0,topology_cl3,0.0014970059880239522,1.0,1.0,0.0,0.0,5.0
P40957,P53895,0,topology_cl3,0.0014970059880239522,1.0,1.0,0.0,0.0,6.0
P00927,P26343,0,topology_cl3,0.0014970059880239522,1.0,1.0,0.0,0.0,-1.0
P03962,P08638,0,topology_cl3,0.0014970059880239522,1.0,1.0,0.0,0.0,-1.0
Q06675,Q12334,0,topology_cl3,0.0014970059880239522,1.0,1.0,0.0,0.0,-1.0
P07272,P47011,0,topology_cl3,0.0014970059880239522,1.0,1.0,0.0,0.0,-1.0
P38247,P53617,0,topology_cl3,0.0014970059880239522,1.0,1.0,0.0,0.0,6.0
P41697,P47095,0,topology_cl3,0.0014970059880239522,1.0,1.0,0.0,0.0,-1.0
P32504,P32849,0,topology_cl3,0.0014970059880239522,1.0,1.0,0.0,0.0,-1.0
P48361,P53895,0,topology_cl3,0.0014970059880239522,1.0,1.0,0.0,0.0,-1.0
P38748,P40325,0,topology_cl3,0.0014970059880239522,1.0,1.0,0.0,0.0,6.0
P25367,Q04411,0,topology_cl3,0.0014970059880239522,1.0,1.0,0.0,0.0,-1.0
P47011,Q04003,0,topology_cl3,0.0014970059880239522,1.0,1.0,0.0,0.0,-1.0
P0C0X0,P41695,0,topology_cl3,0.0014970059880239522,1.0,1.0,0.0,0.0,6.0
P07272,P11746,0,topology_cl3,0.0014970059880239522,1.0,1.0,0.0,0.0,-1.0
P39113,Q06675,0,topology_cl3,0.0014970059880239522,1.0,1.0,0.0,0.0,-1.0
P00927,P25638,0,topology_cl3,0.0014970059880239522,1.0,1.0,0.0,0.0,5.0
P28743,Q06675,0,topology_cl3,0.0014970059880239522,1.0,1.0,0.0,0.0,6.0
P00812,P53617,0,topology_cl3,0.0014970059880239522,1.0,1.0,0.0,0.0,5.0
P11746,P47095,0,topology_cl3,0.0014970059880239522,1.0,1.0,0.0,0.0,-1.0
P25367,Q06440,0,topology_cl3,0.0014970059880239522,1.0,1.0,0.0,0.0,-1.0
P20967,Q12084,0,topology_cl3,0.0014970059880239522,1.0,1.0,0.0,0.0,4.0
P0C0X0,P48361,0,topology_cl3,0.0014970059880239522,1.0,1.0,0.0,0.0,-1.0
P20050,Q03898,0,topology_cl3,0.0014970059880239522,1.0,1.0,0.0,0.0,5.0
P04387,Q04921,0,topology_cl3,0.0014970059880239522,1.0,1.0,0.0,0.0,-1.0
P40151,Q08581,0,topology_cl3,0.0014970059880239522,1.0,1.0,0.0,0.0,-1.0
P00447,P20050,0,topology_cl3,0.0014970059880239522,1.0,1.0,0.0,0.0,-1.0
P39113,P41697,0,topology_cl3,0.0014970059880239522,1.0,1.0,0.0,0.0,-1.0
P03962,P22804,0,topology_cl3,0.0014970059880239522,1.0,1.0,0.0,0.0,-1.0
P32504,P36036,0,topology_cl3,0.0014970059880239522,1.0,1.0,0.0,0.0,6.0
P08964,Q03860,0,topology_cl3,0.0014970059880239522,1.0,1.0,0.0,0.0,-1.0
P81449,Q04411,0,topology_cl3,0.0014970059880239522,1.0,1.0,0.0,0.0,-1.0
P15442,P47025,0,topology_cl3,0.0014970059880239522,1.0,1.0,0.0,0.0,-1.0
P07270,P32505,0,topology_cl3,0.0014970059880239522,1.0,1.0,0.0,0.0,-1.0
P00812,P03962,0,topology_cl3,0.0014970059880239522,1.0,1.0,0.0,0.0,-1.0
P17065,P32849,0,topology_cl3,0.0014970059880239522,1.0,1.0,0.0,0.0,-1.0
P00812,P53895,0,topology_cl3,0.0014970059880239522,1.0,1.0,0.0,0.0,6.0
P53184,Q3E7C1,0,topology_cl3,0.0014970059880239522,1.0,1.0,0.0,0.0,-1.0
P17555,Q12154,0,topology_cl3,0.0014970059880239522,1.0,1.0,0.0,0.0,4.0
P09201,Q03898,0,topology_cl3,0.0014970059880239522,1.0,1.0,0.0,0.0,-1.0
P47095,P48361,0,topology_cl3,0.0014970059880239522,1.0,1.0,0.0,0.0,5.0
P32639,P39113,0,topology_cl3,0.0014970059880239522,1.0,1.0,0.0,0.0,-1.0
P38748,Q12154,0,topology_cl3,0.0014970059880239522,1.0,1.0,0.0,0.0,6.0
P47095,P53895,0,topology_cl3,0.0014970059880239522,1.0,1.0,0.0,0.0,-1.0
P40151,P41697,0,topology_cl3,0.0014970059880239522,1.0,1.0,0.0,0.0,-1.0
P41697,P54861,0,topology_cl3,0.0014970059880239522,1.0,1.0,0.0,0.0,-1.0
P28795,P48361,0,topology_cl3,0.0014970059880239522,1.0,1.0,0.0,0.0,-1.0
P09201,Q12390,0,topology_cl3,0.0014970059880239522,1.0,1.0,0.0,0.0,-1.0
P41921,P81449,0,topology_cl3,0.0014970059880239522,1.0,1.0,0.0,0.0,5.0
P41697,Q06708,0,topology_cl3,0.0014970059880239522,1.0,1.0,0.0,0.0,-1.0
P04386,P20050,0,topology_cl3,0.0014970059880239522,1.0,1.0,0.0,0.0,-1.0
P25638,P40485,0,topology_cl3,0.0014970059880239522,1.0,1.0,0.0,0.0,5.0
P53895,Q04411,0,topology_cl3,0.0014970059880239522,1.0,1.0,0.0,0.0,-1.0
P25367,P29340,0,topology_cl3,0.0014970059880239522,1.0,1.0,0.0,0.0,-1.0
Q02100,Q12102,0,topology_cl3,0.0014970059880239522,1.0,1.0,0.0,0.0,-1.0
P11746,P25638,0,topology_cl3,0.0014970059880239522,1.0,1.0,0.0,0.0,-1.0
P04387,P47025,0,topology_cl3,0.0014970059880239522,1.0,1.0,0.0,0.0,-1.0
P40151,Q03860,0,topology_cl3,0.0014970059880239522,1.0,1.0,0.0,0.0,-1.0
P15442,P54861,0,topology_cl3,0.0014970059880239522,1.0,1.0,0.0,0.0,-1.0
P27895,P47095,0,topology_cl3,0.0014970059880239522,1.0,1.0,0.0,0.0,-1.0
P32505,Q04411,0,topology_cl3,0.0014970059880239522,1.0,1.0,0.0,0.0,-1.0
P32628,P48361,0,topology_cl3,0.0014970059880239522,1.0,1.0,0.0,0.0,-1.0
P0C0X0,P25367,0,topology_cl3,0.0014970059880239522,1.0,1.0,0.0,0.0,-1.0
P39113,P47115,0,topology_cl3,0.0014970059880239522,1.0,1.0,0.0,0.0,-1.0
P53895,P54861,0,topology_cl3,0.0014970059880239522,1.0,1.0,0.0,0.0,-1.0
P48361,Q02100,0,topology_cl3,0.0014970059880239522,1.0,1.0,0.0,0.0,-1.0
P11746,P41697,0,topology_cl3,0.0014970059880239522,1.0,1.0,0.0,0.0,-1.0
P03962,P31539,0,topology_cl3,0.0014970059880239522,1.0,1.0,0.0,0.0,-1.0
P17555,Q06675,0,topology_cl3,0.0014970059880239522,1.0,1.0,0.0,0.0,5.0
P38748,Q03860,0,topology_cl3,0.0014970059880239522,1.0,1.0,0.0,0.0,-1.0
P08638,P32361,0,topology_cl3,0.0014970059880239522,1.0,1.0,0.0,0.0,5.0
P32849,P38748,0,topology_cl3,0.0014970059880239522,1.0,1.0,0.0,0.0,-1.0
P38247,P61829,0,topology_cl3,0.0014970059880239522,1.0,1.0,0.0,0.0,5.0
P20050,P39113,0,topology_cl3,0.0014970059880239522,1.0,1.0,0.0,0.0,5.0
P00812,P08638,0,topology_cl3,0.0014970059880239522,1.0,1.0,0.0,0.0,4.0
P0C0X0,P17065,0,topology_cl3,0.0014970059880239522,1.0,1.0,0.0,0.0,-1.0
P32849,P47011,0,topology_cl3,0.0014970059880239522,1.0,1.0,0.0,0.0,-1.0
P36036,P54861,0,topology_cl3,0.0014970059880239522,1.0,1.0,0.0,0.0,-1.0
Q03860,Q06440,0,topology_cl3,0.0014970059880239522,1.0,1.0,0.0,0.0,-1.0
Q04411,Q12365,0,topology_cl3,0.0014970059880239522,1.0,1.0,0.0,0.0,-1.0
P47095,Q06704,0,topology_cl3,0.0014970059880239522,1.0,1.0,0.0,0.0,4.0
P11746,P38247,0,topology_cl3,0.0014970059880239522,1.0,1.0,0.0,0.0,-1.0
P08964,Q03898,0,topology_cl3,0.0014970059880239522,1.0,1.0,0.0,0.0,6.0
Q12334,Q12390,0,topology_cl3,0.0014970059880239522,1.0,1.0,0.0,0.0,-1.0
P09201,P32917,0,topology_cl3,0.0014970059880239522,1.0,1.0,0.0,0.0,-1.0
P40151,Q05791,0,topology_cl3,0.0014970059880239522,1.0,1.0,0.0,0.0,-1.0
P53184,Q12390,0,topology_cl3,0.0014970059880239522,1.0,1.0,0.0,0.0,6.0
P03962,P38853,0,topology_cl3,0.0014970059880239522,1.0,1.0,0.0,0.0,-1.0
P04386,P53895,0,topology_cl3,0.0014970059880239522,1.0,1.0,0.0,0.0,-1.0
P29340,P48361,0,topology_cl3,0.0014970059880239522,1.0,1.0,0.0,0.0,-1.0
P41695,P53184,0,topology_cl3,0.0014970059880239522,1.0,1.0,0.0,0.0,5.0
P32849,Q12334,0,topology_cl3,0.0014970059880239522,1.0,1.0,0.0,0.0,-1.0
P00927,P36036,0,topology_cl3,0.0014970059880239522,1.0,1.0,0.0,0.0,5.0
Q03860,Q08581,0,topology_cl3,0.0014970059880239522,1.0,1.0,0.0,0.0,-1.0
P08638,P53895,0,topology_cl3,0.0014970059880239522,1.0,1.0,0.0,0.0,-1.0
P00927,P07270,0,topology_cl3,0.0014970059880239522,1.0,1.0,0.0,0.0,-1.0
P27895,P32639,0,topology_cl3,0.0014970059880239522,1.0,1.0,0.0,0.0,-1.0
P31539,P47025,0,topology_cl3,0.0014970059880239522,1.0,1.0,0.0,0.0,-1.0
P17555,P36036,0,topology_cl3,0.0014970059880239522,1.0,1.0,0.0,0.0,6.0
P07270,Q08581,0,topology_cl3,0.0014970059880239522,1.0,1.0,0.0,0.0,-1.0
P47095,Q12390,0,topology_cl3,0.0014970059880239522,1.0,1.0,0.0,0.0,6.0
Q04003,Q3E7C1,0,topology_cl3,0.0014970059880239522,1.0,1.0,0.0,0.0,-1.0
P47025,P53184,0,topology_cl3,0.0014970059880239522,1.0,1.0,0.0,0.0,-1.0
Q06704,Q12084,0,topology_cl3,0.0014970059880239522,1.0,1.0,0.0,0.0,5.0
P47115,Q12102,0,topology_cl3,0.0014970059880239522,1.0,1.0,0.0,0.0,6.0
P32849,P47115,0,topology_cl3,0.0014970059880239522,1.0,1.0,0.0,0.0,-1.0
P00447,P81449,0,topology_cl3,0.0014970059880239522,1.0,1.0,0.0,0.0,-1.0
P26343,P48361,0,topology_cl3,0.0014970059880239522,1.0,1.0,0.0,0.0,-1.0
P17065,P81449,0,topology_cl3,0.0014970059880239522,1.0,1.0,0.0,0.0,5.0
P53184,P53617,0,topology_cl3,0.0014970059880239522,1.0,1.0,0.0,0.0,5.0
P27895,Q06675,0,topology_cl3,0.0014970059880239522,1.0,1.0,0.0,0.0,-1.0
P20050,P25367,0,topology_cl3,0.0014970059880239522,1.0,1.0,0.0,0.0,-1.0
P32849,P41697,0,topology_cl3,0.0014970059880239522,1.0,1.0,0.0,0.0,5.0
P17555,Q12084,0,topology_cl3,0.0014970059880239522,1.0,1.0,0.0,0.0,5.0
P00447,P07272,0,topology_cl3,0.0014970059880239522,1.0,1.0,0.0,0.0,-1.0
P28795,P47095,0,topology_cl3,0.0014970059880239522,1.0,1.0,0.0,0.0,-1.0
Q05791,Q12390,0,topology_cl3,0.0014970059880239522,1.0,1.0,0.0,0.0,-1.0
P07270,P32639,0,topology_cl3,0.0014970059880239522,1.0,1.0,0.0,0.0,-1.0
P32504,P32628,0,topology_cl3,0.0014970059880239522,1.0,1.0,0.0,0.0,-1.0
P09201,P38853,0,topology_cl3,0.0014970059880239522,1.0,1.0,0.0,0.0,-1.0
P17065,P39113,0,topology_cl3,0.0014970059880239522,1.0,1.0,0.0,0.0,-1.0
P20967,Q03860,0,topology_cl3,0.0014970059880239522,1.0,1.0,0.0,0.0,-1.0
P0C0X0,P32504,0,topology_cl3,0.0014970059880239522,1.0,1.0,0.0,0.0,-1.0
Q04003,Q12084,0,topology_cl3,0.0014970059880239522,1.0,1.0,0.0,0.0,-1.0
P32505,P32917,0,topology_cl3,0.0014970059880239522,1.0,1.0,0.0,0.0,4.0
P17555,P22804,0,topology_cl3,0.0014970059880239522,1.0,1.0,0.0,0.0,-1.0
P25638,Q08581,0,topology_cl3,0.0014970059880239522,1.0,1.0,0.0,0.0,5.0
P39113,P40202,0,topology_cl3,0.0014970059880239522,1.0,1.0,0.0,0.0,-1.0
P32361,Q12390,0,topology_cl3,0.0014970059880239522,1.0,1.0,0.0,0.0,5.0
P40325,Q06708,0,topology_cl3,0.0014970059880239522,1.0,1.0,0.0,0.0,-1.0
P17065,Q06704,0,topology_cl3,0.0014970059880239522,1.0,1.0,0.0,0.0,-1.0
P20050,Q3E7C1,0,topology_cl3,0.0014970059880239522,1.0,1.0,0.0,0.0,-1.0
P22804,P26343,0,topology_cl3,0.0014970059880239522,1.0,1.0,0.0,0.0,-1.0
P28743,P40957,0,topology_cl3,0.0014970059880239522,1.0,1.0,0.0,0.0,4.0
P00927,P07272,0,topology_cl3,0.0014970059880239522,1.0,1.0,0.0,0.0,-1.0
P40202,Q06440,0,topology_cl3,0.0014970059880239522,1.0,1.0,0.0,0.0,-1.0
P61829,Q04003,0,topology_cl3,0.0014970059880239522,1.0,1.0,0.0,0.0,-1.0
P08638,Q04003,0,topology_cl3,0.0014970059880239522,1.0,1.0,0.0,0.0,-1.0
P47011,Q12365,0,topology_cl3,0.0014970059880239522,1.0,1.0,0.0,0.0,-1.0
P08964,P0C0X0,0,topology_cl3,0.0014970059880239522,1.0,1.0,0.0,0.0,-1.0
P07272,P41697,0,topology_cl3,0.0014970059880239522,1.0,1.0,0.0,0.0,-1.0
P36036,P47095,0,topology_cl3,0.0014970059880239522,1.0,1.0,0.0,0.0,4.0
P39113,P40325,0,topology_cl3,0.0014970059880239522,1.0,1.0,0.0,0.0,6.0
P31539,Q3E7C1,0,topology_cl3,0.0014970059880239522,1.0,1.0,0.0,0.0,-1.0
P03962,P32505,0,topology_cl3,0.0014970059880239522,1.0,1.0,0.0,0.0,-1.0
P03962,P40485,0,topology_cl3,0.0014970059880239522,1.0,1.0,0.0,0.0,-1.0
P25638,P38853,0,topology_cl3,0.0014970059880239522,1.0,1.0,0.0,0.0,-1.0
P38247,Q06675,0,topology_cl3,0.0014970059880239522,1.0,1.0,0.0,0.0,-1.0
P08638,Q12102,0,topology_cl3,0.0014970059880239522,1.0,1.0,0.0,0.0,5.0
P54861,Q05791,0,topology_cl3,0.0014970059880239522,1.0,1.0,0.0,0.0,-1.0
P04386,Q03860,0,topology_cl3,0.0014970059880239522,1.0,1.0,0.0,0.0,-1.0
P11746,Q3E7C1,0,topology_cl3,0.0014970059880239522,1.0,1.0,0.0,0.0,-1.0
P40202,P53184,0,topology_cl3,0.0014970059880239522,1.0,1.0,0.0,0.0,-1.0
P32628,P41921,0,topology_cl3,0.0014970059880239522,1.0,1.0,0.0,0.0,-1.0
P53617,Q06708,0,topology_cl3,0.0014970059880239522,1.0,1.0,0.0,0.0,-1.0
P20967,P40202,0,topology_cl3,0.0014970059880239522,1.0,1.0,0.0,0.0,-1.0
P04386,P32917,0,topology_cl3,0.0014970059880239522,1.0,1.0,0.0,0.0,-1.0
P29340,Q3E7C1,0,topology_cl3,0.0014970059880239522,1.0,1.0,0.0,0.0,-1.0
P40202,Q02100,0,topology_cl3,0.0014970059880239522,1.0,1.0,0.0,0.0,-1.0
P32849,Q12084,0,topology_cl3,0.0014970059880239522,1.0,1.0,0.0,0.0,-1.0
P36036,P41697,0,topology_cl3,0.0014970059880239522,1.0,1.0,0.0,0.0,-1.0
P40202,P40957,0,topology_cl3,0.0014970059880239522,1.0,1.0,0.0,0.0,-1.0
P36036,Q06440,0,topology_cl3,0.0014970059880239522,1.0,1.0,0.0,0.0,-1.0
P32849,P36036,0,topology_cl3,0.0014970059880239522,1.0,1.0,0.0,0.0,-1.0
P32361,P38247,0,topology_cl3,0.0014970059880239522,1.0,1.0,0.0,0.0,6.0
P04386,P07270,0,topology_cl3,0.0014970059880239522,1.0,1.0,0.0,0.0,-1.0
P38853,P41697,0,topology_cl3,0.0014970059880239522,1.0,1.0,0.0,0.0,-1.0
P00447,P09201,0,topology_cl3,0.0014970059880239522,1.0,1.0,0.0,0.0,-1.0
P07272,P38748,0,topology_cl3,0.0014970059880239522,1.0,1.0,0.0,0.0,-1.0
P26343,Q03898,0,topology_cl3,0.0014970059880239522,1.0,1.0,0.0,0.0,-1.0
P40325,Q06704,0,topology_cl3,0.0014970059880239522,1.0,1.0,0.0,0.0,4.0
P36036,P47115,0,topology_cl3,0.0014970059880239522,1.0,1.0,0.0,0.0,5.0
P27895,P32504,0,topology_cl3,0.0014970059880239522,1.0,1.0,0.0,0.0,-1.0
P32504,Q3E7C1,0,topology_cl3,0.0014970059880239522,1.0,1.0,0.0,0.0,-1.0
P40325,P47025,0,topology_cl3,0.0014970059880239522,1.0,1.0,0.0,0.0,-1.0
P00927,P39113,0,topology_cl3,0.0014970059880239522,1.0,1.0,0.0,0.0,-1.0
P40485,Q12102,0,topology_cl3,0.0014970059880239522,1.0,1.0,0.0,0.0,-1.0
P29340,Q12154,0,topology_cl3,0.0014970059880239522,1.0,1.0,0.0,0.0,-1.0
P38247,Q06440,0,topology_cl3,0.0014970059880239522,1.0,1.0,0.0,0.0,-1.0
P00447,P04387,0,topology_cl3,0.0014970059880239522,1.0,1.0,0.0,0.0,-1.0
P54861,Q08581,0,topology_cl3,0.0014970059880239522,1.0,1.0,0.0,0.0,-1.0
P27895,Q04921,0,topology_cl3,0.0014970059880239522,1.0,1.0,0.0,0.0,-1.0
P25638,P32639,0,topology_cl3,0.0014970059880239522,1.0,1.0,0.0,0.0,5.0
Q04921,Q06704,0,topology_cl3,0.0014970059880239522,1.0,1.0,0.0,0.0,5.0
P00812,P32639,0,topology_cl3,0.0014970059880239522,1.0,1.0,0.0,0.0,-1.0
P36036,P38748,0,topology_cl3,0.0014970059880239522,1.0,1.0,0.0,0.0,6.0
P09201,P20967,0,topology_cl3,0.0014970059880239522,1.0,1.0,0.0,0.0,4.0
P48361,Q06708,0,topology_cl3,0.0014970059880239522,1.0,1.0,0.0,0.0,-1.0
P00447,Q12084,0,topology_cl3,0.0014970059880239522,1.0,1.0,0.0,0.0,-1.0
P00447,Q03860,0,topology_cl3,0.0014970059880239522,1.0,1.0,0.0,0.0,-1.0
P07270,P47025,0,topology_cl3,0.0014970059880239522,1.0,1.0,0.0,0.0,-1.0
P36036,P40325,0,topology_cl3,0.0014970059880239522,1.0,1.0,0.0,0.0,6.0
P09201,P36036,0,topology_cl3,0.0014970059880239522,1.0,1.0,0.0,0.0,-1.0
P00812,P39113,0,topology_cl3,0.0014970059880239522,1.0,1.0,0.0,0.0,-1.0
P17065,Q06440,0,topology_cl3,0.0014970059880239522,1.0,1.0,0.0,0.0,-1.0
P32505,P47115,0,topology_cl3,0.0014970059880239522,1.0,1.0,0.0,0.0,-1.0
P11746,P40325,0,topology_cl3,0.0014970059880239522,1.0,1.0,0.0,0.0,6.0
P04387,P38247,0,topology_cl3,0.0014970059880239522,1.0,1.0,0.0,0.0,-1.0
P17065,P41695,0,topology_cl3,0.0014970059880239522,1.0,1.0,0.0,0.0,5.0
P32639,Q12365,0,topology_cl3,0.0014970059880239522,1.0,1.0,0.0,0.0,-1.0
P32361,P36036,0,topology_cl3,0.0014970059880239522,1.0,1.0,0.0,0.0,6.0
P00812,P17555,0,topology_cl3,0.0014970059880239522,1.0,1.0,0.0,0.0,4.0
P40963,P81449,0,topology_cl3,0.0014970059880239522,1.0,1.0,0.0,0.0,-1.0
P07270,P41695,0,topology_cl3,0.0014970059880239522,1.0,1.0,0.0,0.0,-1.0
P04386,Q12084,0,topology_cl3,0.0014970059880239522,1.0,1.0,0.0,0.0,-1.0
P41921,P53617,0,topology_cl3,0.0014970059880239522,1.0,1.0,0.0,0.0,-1.0
P25367,P47115,0,topology_cl3,0.0014970059880239522,1.0,1.0,0.0,0.0,-1.0
P15442,P41921,0,topology_cl3,0.0014970059880239522,1.0,1.0,0.0,0.0,-1.0
P47095,Q3E7C1,0,topology_cl3,0.0014970059880239522,1.0,1.0,0.0,0.0,-1.0
P20967,P61829,0,topology_cl3,0.0014970059880239522,1.0,1.0,0.0,0.0,4.0
P32505,P53617,0,topology_cl3,0.0014970059880239522,1.0,1.0,0.0,0.0,5.0
P32361,P53184,0,topology_cl3,0.0014970059880239522,1.0,1.0,0.0,0.0,5.0
P40957,P61829,0,topology_cl3,0.0014970059880239522,1.0,1.0,0.0,0.0,4.0
Q03898,Q08581,0,topology_cl3,0.0014970059880239522,1.0,1.0,0.0,0.0,5.0
P20050,P47011,0,topology_cl3,0.0014970059880239522,1.0,1.0,0.0,0.0,-1.0
P07272,P32504,0,topology_cl3,0.0014970059880239522,1.0,1.0,0.0,0.0,-1.0
P36036,P38853,0,topology_cl3,0.0014970059880239522,1.0,1.0,0.0,0.0,-1.0
P38748,P41697,0,topology_cl3,0.0014970059880239522,1.0,1.0,0.0,0.0,6.0
Q12084,Q3E7C1,0,topology_cl3,0.0014970059880239522,1.0,1.0,0.0,0.0,-1.0
P08964,P32505,0,topology_cl3,0.0014970059880239522,1.0,1.0,0.0,0.0,6.0
P41921,Q12102,0,topology_cl3,0.0014970059880239522,1.0,1.0,0.0,0.0,5.0
P36036,Q08581,0,topology_cl3,0.0014970059880239522,1.0,1.0,0.0,0.0,6.0
P25638,Q06675,0,topology_cl3,0.0014970059880239522,1.0,1.0,0.0,0.0,5.0
P09201,Q04921,0,topology_cl3,0.0014970059880239522,1.0,1.0,0.0,0.0,6.0
P08638,Q12390,0,topology_cl3,0.0014970059880239522,1.0,1.0,0.0,0.0,6.0
P32505,Q06675,0,topology_cl3,0.0014970059880239522,1.0,1.0,0.0,0.0,-1.0
P20050,P32628,0,topology_cl3,0.0014970059880239522,1.0,1.0,0.0,0.0,-1.0
P29340,P54861,0,topology_cl3,0.0014970059880239522,1.0,1.0,0.0,0.0,-1.0
P09201,P32361,0,topology_cl3,0.0014970059880239522,1.0,1.0,0.0,0.0,6.0
Q04003,Q12365,0,topology_cl3,0.0014970059880239522,1.0,1.0,0.0,0.0,-1.0
Q04921,Q12084,0,topology_cl3,0.0014970059880239522,1.0,1.0,0.0,0.0,5.0
P32504,P40957,0,topology_cl3,0.0014970059880239522,1.0,1.0,0.0,0.0,5.0
P20050,P47095,0,topology_cl3,0.0014970059880239522,1.0,1.0,0.0,0.0,5.0
P08964,P40957,0,topology_cl3,0.0014970059880239522,1.0,1.0,0.0,0.0,5.0
P17065,P36036,0,topology_cl3,0.0014970059880239522,1.0,1.0,0.0,0.0,-1.0
P0C0X0,Q02100,0,topology_cl3,0.0014970059880239522,1.0,1.0,0.0,0.0,-1.0
P04387,P47095,0,topology_cl3,0.0014970059880239522,1.0,1.0,0.0,0.0,-1.0
P53617,Q08581,0,topology_cl3,0.0014970059880239522,1.0,1.0,0.0,0.0,-1.0
P53184,Q06440,0,topology_cl3,0.0014970059880239522,1.0,1.0,0.0,0.0,-1.0
P32504,P32917,0,topology_cl3,0.0014970059880239522,1.0,1.0,0.0,0.0,6.0
P0C0X0,Q03860,0,topology_cl3,0.0014970059880239522,1.0,1.0,0.0,0.0,-1.0
P36036,P53184,0,topology_cl3,0.0014970059880239522,1.0,1.0,0.0,0.0,6.0
P40151,P53895,0,topology_cl3,0.0014970059880239522,1.0,1.0,0.0,0.0,6.0
P26343,Q06704,0,topology_cl3,0.0014970059880239522,1.0,1.0,0.0,0.0,-1.0
P25367,P41921,0,topology_cl3,0.0014970059880239522,1.0,1.0,0.0,0.0,-1.0
P07270,P54861,0,topology_cl3,0.0014970059880239522,1.0,1.0,0.0,0.0,-1.0
P25638,Q06708,0,topology_cl3,0.0014970059880239522,1.0,1.0,0.0,0.0,-1.0
P32639,P32917,0,topology_cl3,0.0014970059880239522,1.0,1.0,0.0,0.0,4.0
P26343,P32639,0,topology_cl3,0.0014970059880239522,1.0,1.0,0.0,0.0,-1.0
P26343,P38853,0,topology_cl3,0.0014970059880239522,1.0,1.0,0.0,0.0,-1.0
P29340,P40325,0,topology_cl3,0.0014970059880239522,1.0,1.0,0.0,0.0,-1.0
P07270,Q12084,0,topology_cl3,0.0014970059880239522,1.0,1.0,0.0,0.0,-1.0
P47011,Q06704,0,topology_cl3,0.0014970059880239522,1.0,1.0,0.0,0.0,-1.0
P17065,Q12390,0,topology_cl3,0.0014970059880239522,1.0,1.0,0.0,0.0,-1.0
P17065,P22804,0,topology_cl3,0.0014970059880239522,1.0,1.0,0.0,0.0,-1.0
Q04003,Q06440,0,topology_cl3,0.0014970059880239522,1.0,1.0,0.0,0.0,-1.0
P08638,P25367,0,topology_cl3,0.0014970059880239522,1.0,1.0,0.0,0.0,-1.0
P11746,P48361,0,topology_cl3,0.0014970059880239522,1.0,1.0,0.0,0.0,-1.0
P07270,Q3E7C1,0,topology_cl3,0.0014970059880239522,1.0,1.0,1.0,0.0,2.0
P00812,P53184,0,topology_cl3,0.0014970059880239522,1.0,1.0,1.0,0.0,2.0
P11746,P15442,0,topology_cl3,0.0014970059880239522,1.0,1.0,0.0,0.0,-1.0
P25367,P38853,0,topology_cl3,0.0014970059880239522,1.0,1.0,0.0,0.0,-1.0
P32849,P48361,0,topology_cl3,0.0014970059880239522,1.0,1.0,0.0,0.0,-1.0
P32917,Q06675,0,topology_cl3,0.0014970059880239522,1.0,1.0,0.0,0.0,6.0
P20050,P48361,0,topology_cl3,0.0014970059880239522,1.0,1.0,0.0,0.0,4.0
P28795,Q12084,0,topology_cl3,0.0014970059880239522,1.0,1.0,0.0,0.0,-1.0
P26343,P40325,0,topology_cl3,0.0014970059880239522,1.0,1.0,0.0,0.0,-1.0
P32639,P38247,0,topology_cl3,0.0014970059880239522,1.0,1.0,0.0,0.0,-1.0
P32628,P47095,0,topology_cl3,0.0014970059880239522,1.0,1.0,0.0,0.0,-1.0
P32849,Q04411,0,topology_cl3,0.0014970059880239522,1.0,1.0,0.0,0.0,-1.0
P39113,P41921,0,topology_cl3,0.0014970059880239522,1.0,1.0,0.0,0.0,-1.0
P20050,P32849,0,topology_cl3,0.0014970059880239522,1.0,1.0,0.0,0.0,-1.0
P32505,P39113,0,topology_cl3,0.0014970059880239522,1.0,1.0,0.0,0.0,6.0
P04386,P27895,0,topology_cl3,0.0014970059880239522,1.0,1.0,0.0,0.0,-1.0
P03962,Q05791,0,topology_cl3,0.0014970059880239522,1.0,1.0,0.0,0.0,-1.0
P32504,Q06708,0,topology_cl3,0.0014970059880239522,1.0,1.0,0.0,0.0,-1.0
P15442,P20050,0,topology_cl3,0.0014970059880239522,1.0,1.0,0.0,0.0,5.0
P40485,P53617,0,topology_cl3,0.0014970059880239522,1.0,1.0,0.0,0.0,-1.0
P27895,Q12365,0,topology_cl3,0.0014970059880239522,1.0,1.0,0.0,0.0,-1.0
P32504,P38247,0,topology_cl3,0.0014970059880239522,1.0,1.0,0.0,0.0,-1.0
P15442,P28743,0,topology_cl3,0.0014970059880239522,1.0,1.0,0.0,0.0,6.0
P26343,P28795,0,topology_cl3,0.0014970059880239522,1.0,1.0,0.0,0.0,-1.0
P40202,P53617,0,topology_cl3,0.0014970059880239522,1.0,1.0,0.0,0.0,-1.0
P08964,Q06708,0,topology_cl3,0.0014970059880239522,1.0,1.0,0.0,0.0,-1.0
P15442,Q12390,0,topology_cl3,0.0014970059880239522,1.0,1.0,0.0,0.0,-1.0
P22804,Q04921,0,topology_cl3,0.0014970059880239522,1.0,1.0,0.0,0.0,-1.0
P29340,Q04411,0,topology_cl3,0.0014970059880239522,1.0,1.0,0.0,0.0,-1.0
Q03898,Q12154,0,topology_cl3,0.0014970059880239522,1.0,1.0,0.0,0.0,6.0
P40963,Q3E7C1,0,topology_cl3,0.0014970059880239522,1.0,1.0,0.0,0.0,-1.0
P31539,P47011,0,topology_cl3,0.0014970059880239522,1.0,1.0,0.0,0.0,-1.0
P32504,Q03898,0,topology_cl3,0.0014970059880239522,1.0,1.0,0.0,0.0,4.0
P04386,P47011,0,topology_cl3,0.0014970059880239522,1.0,1.0,0.0,0.0,-1.0
P28743,P47011,0,topology_cl3,0.0014970059880239522,1.0,1.0,0.0,0.0,-1.0
P31539,P48361,0,topology_cl3,0.0014970059880239522,1.0,1.0,0.0,0.0,-1.0
P32504,P41921,0,topology_cl3,0.0014970059880239522,1.0,1.0,0.0,0.0,-1.0
P08964,P41695,0,topology_cl3,0.0014970059880239522,1.0,1.0,0.0,0.0,5.0
P04387,P29340,0,topology_cl3,0.0014970059880239522,1.0,1.0,0.0,0.0,-1.0
P09201,P22804,0,topology_cl3,0.0014970059880239522,1.0,1.0,0.0,0.0,-1.0
P40151,Q12334,0,topology_cl3,0.0014970059880239522,1.0,1.0,0.0,0.0,-1.0
P36036,Q12084,0,topology_cl3,0.0014970059880239522,1.0,1.0,0.0,0.0,5.0
P20967,P32639,0,topology_cl3,0.0014970059880239522,1.0,1.0,0.0,0.0,-1.0
P08964,P31539,0,topology_cl3,0.0014970059880239522,1.0,1.0,0.0,0.0,6.0
P36036,P40963,0,topology_cl3,0.0014970059880239522,1.0,1.0,0.0,0.0,-1.0
P04386,P29340,0,topology_cl3,0.0014970059880239522,1.0,1.0,0.0,0.0,-1.0
P61829,Q12334,0,topology_cl3,0.0014970059880239522,1.0,1.0,0.0,0.0,-1.0
P08964,P25638,0,topology_cl3,0.0014970059880239522,1.0,1.0,0.0,0.0,6.0
P15442,Q04921,0,topology_cl3,0.0014970059880239522,1.0,1.0,0.0,0.0,4.0
P25638,P41921,0,topology_cl3,0.0014970059880239522,1.0,1.0,0.0,0.0,-1.0
P08964,P32917,0,topology_cl3,0.0014970059880239522,1.0,1.0,0.0,0.0,-1.0
P09201,P53617,0,topology_cl3,0.0014970059880239522,1.0,1.0,0.0,0.0,6.0
P29340,Q02100,0,topology_cl3,0.0014970059880239522,1.0,1.0,0.0,0.0,-1.0
P00812,P36036,0,topology_cl3,0.0014970059880239522,1.0,1.0,0.0,0.0,6.0
P15442,P28795,0,topology_cl3,0.0014970059880239522,1.0,1.0,0.0,0.0,-1.0
P07270,P32917,0,topology_cl3,0.0014970059880239522,1.0,1.0,0.0,0.0,-1.0
P07270,P22804,0,topology_cl3,0.0014970059880239522,1.0,1.0,0.0,0.0,-1.0
P32628,Q06704,0,topology_cl3,0.0014970059880239522,1.0,1.0,0.0,0.0,-1.0
P38853,Q05791,0,topology_cl3,0.0014970059880239522,1.0,1.0,0.0,0.0,-1.0
Q06440,Q3E7C1,0,topology_cl3,0.0014970059880239522,1.0,1.0,0.0,0.0,-1.0
P04387,P32849,0,topology_cl3,0.0014970059880239522,1.0,1.0,0.0,0.0,-1.0
P11746,P40957,0,topology_cl3,0.0014970059880239522,1.0,1.0,0.0,0.0,-1.0
P03962,P54861,0,topology_cl3,0.0014970059880239522,1.0,1.0,0.0,0.0,-1.0
P32849,P53184,0,topology_cl3,0.0014970059880239522,1.0,1.0,0.0,0.0,-1.0
P31539,P32639,0,topology_cl3,0.0014970059880239522,1.0,1.0,0.0,0.0,5.0
P47011,Q08581,0,topology_cl3,0.0014970059880239522,1.0,1.0,0.0,0.0,-1.0
P17555,Q12334,0,topology_cl3,0.0014970059880239522,1.0,1.0,0.0,0.0,-1.0
P38247,P40485,0,topology_cl3,0.0014970059880239522,1.0,1.0,0.0,0.0,-1.0
P07270,P28743,0,topology_cl3,0.0014970059880239522,1.0,1.0,0.0,0.0,-1.0
P00812,P26343,0,topology_cl3,0.0014970059880239522,1.0,1.0,0.0,0.0,-1.0
Q03898,Q06675,0,topology_cl3,0.0014970059880239522,1.0,1.0,0.0,0.0,4.0
P22804,P40202,0,topology_cl3,0.0014970059880239522,1.0,1.0,0.0,0.0,-1.0
P32639,P40957,0,topology_cl3,0.0014970059880239522,1.0,1.0,0.0,0.0,-1.0
P32361,P47095,0,topology_cl3,0.0014970059880239522,1.0,1.0,0.0,0.0,5.0
P07272,P32505,0,topology_cl3,0.0014970059880239522,1.0,1.0,0.0,0.0,-1.0
P17555,P53184,0,topology_cl3,0.0014970059880239522,1.0,1.0,0.0,0.0,4.0
P11746,P40202,0,topology_cl3,0.0014970059880239522,1.0,1.0,0.0,0.0,-1.0
P28743,P32917,0,topology_cl3,0.0014970059880239522,1.0,1.0,0.0,0.0,-1.0
P31539,Q03860,0,topology_cl3,0.0014970059880239522,1.0,1.0,0.0,0.0,-1.0
P28795,Q12390,0,topology_cl3,0.0014970059880239522,1.0,1.0,0.0,0.0,-1.0
P25638,P40325,0,topology_cl3,0.0014970059880239522,1.0,1.0,0.0,0.0,5.0
P0C0X0,P40957,0,topology_cl3,0.0014970059880239522,1.0,1.0,0.0,0.0,6.0
P20967,P53617,0,topology_cl3,0.0014970059880239522,1.0,1.0,0.0,0.0,6.0
Q02100,Q12084,0,topology_cl3,0.0014970059880239522,1.0,1.0,0.0,0.0,-1.0
P17555,Q05791,0,topology_cl3,0.0014970059880239522,1.0,1.0,0.0,0.0,-1.0
P0C0X0,P61829,0,topology_cl3,0.0014970059880239522,1.0,1.0,0.0,0.0,6.0
P32917,Q06704,0,topology_cl3,0.0014970059880239522,1.0,1.0,0.0,0.0,-1.0
P22804,P40485,0,topology_cl3,0.0014970059880239522,1.0,1.0,0.0,0.0,-1.0
P00927,P53895,0,topology_cl3,0.0014970059880239522,1.0,1.0,0.0,0.0,-1.0
P25638,P28795,0,topology_cl3,0.0014970059880239522,1.0,1.0,0.0,0.0,-1.0
P32849,P40485,0,topology_cl3,0.0014970059880239522,1.0,1.0,0.0,0.0,-1.0
P32505,Q12334,0,topology_cl3,0.0014970059880239522,1.0,1.0,0.0,0.0,-1.0
P17555,P47115,0,topology_cl3,0.0014970059880239522,1.0,1.0,0.0,0.0,5.0
P09201,P48361,0,topology_cl3,0.0014970059880239522,1.0,1.0,0.0,0.0,6.0
Q03898,Q3E7C1,0,topology_cl3,0.0014970059880239522,1.0,1.0,0.0,0.0,-1.0
P53617,Q12102,0,topology_cl3,0.0014970059880239522,1.0,1.0,0.0,0.0,-1.0
P08964,P17065,0,topology_cl3,0.0014970059880239522,1.0,1.0,0.0,0.0,-1.0
P00927,P27895,0,topology_cl3,0.0014970059880239522,1.0,1.0,0.0,0.0,-1.0
P26343,P39113,0,topology_cl3,0.0014970059880239522,1.0,1.0,0.0,0.0,-1.0
P32628,P53617,0,topology_cl3,0.0014970059880239522,1.0,1.0,0.0,0.0,-1.0
P29340,P31539,0,topology_cl3,0.0014970059880239522,1.0,1.0,0.0,0.0,-1.0
P22804,Q04003,0,topology_cl3,0.0014970059880239522,1.0,1.0,0.0,0.0,-1.0
P03962,P09201,0,topology_cl3,0.0014970059880239522,1.0,1.0,0.0,0.0,-1.0
P32628,P47011,0,topology_cl3,0.0014970059880239522,1.0,1.0,0.0,0.0,-1.0
P38247,Q12084,0,topology_cl3,0.0014970059880239522,1.0,1.0,0.0,0.0,6.0
P28743,P32639,0,topology_cl3,0.0014970059880239522,1.0,1.0,0.0,0.0,-1.0
P40151,Q04003,0,topology_cl3,0.0014970059880239522,1.0,1.0,0.0,0.0,-1.0
P28795,P40325,0,topology_cl3,0.0014970059880239522,1.0,1.0,0.0,0.0,-1.0
P00812,P47115,0,topology_cl3,0.0014970059880239522,1.0,1.0,0.0,0.0,5.0
P54861,Q04921,0,topology_cl3,0.0014970059880239522,1.0,1.0,0.0,0.0,-1.0
P07270,P31539,0,topology_cl3,0.0014970059880239522,1.0,1.0,0.0,0.0,-1.0
P04387,P11746,0,topology_cl3,0.0014970059880239522,1.0,1.0,0.0,0.0,-1.0
P17555,Q06440,0,topology_cl3,0.0014970059880239522,1.0,1.0,0.0,0.0,5.0
P41921,Q04411,0,topology_cl3,0.0014970059880239522,1.0,1.0,0.0,0.0,-1.0
P00812,P00927,0,topology_cl3,0.0014970059880239522,1.0,1.0,0.0,0.0,5.0
P15442,P38853,0,topology_cl3,0.0014970059880239522,1.0,1.0,0.0,0.0,-1.0
P04387,P40957,0,topology_cl3,0.0014970059880239522,1.0,1.0,0.0,0.0,-1.0
P25367,P27895,0,topology_cl3,0.0014970059880239522,1.0,1.0,0.0,0.0,-1.0
P28743,P53895,0,topology_cl3,0.0014970059880239522,1.0,1.0,0.0,0.0,-1.0
P04387,Q03860,0,topology_cl3,0.0014970059880239522,1.0,1.0,0.0,0.0,-1.0
P31539,Q12154,0,topology_cl3,0.0014970059880239522,1.0,1.0,0.0,0.0,5.0
P04387,Q06675,0,topology_cl3,0.0014970059880239522,1.0,1.0,0.0,0.0,-1.0
P08964,P40151,0,topology_cl3,0.0014970059880239522,1.0,1.0,0.0,0.0,-1.0
P47115,Q04411,0,topology_cl3,0.0014970059880239522,1.0,1.0,0.0,0.0,-1.0
P04386,P40202,0,topology_cl3,0.0014970059880239522,1.0,1.0,0.0,0.0,-1.0
P20967,P27895,0,topology_cl3,0.0014970059880239522,1.0,1.0,0.0,0.0,6.0
P08964,Q04003,0,topology_cl3,0.0014970059880239522,1.0,1.0,0.0,0.0,-1.0
P38247,P47095,0,topology_cl3,0.0014970059880239522,1.0,1.0,0.0,0.0,5.0
P32504,P40325,0,topology_cl3,0.0014970059880239522,1.0,1.0,0.0,0.0,5.0
P39113,P47011,0,topology_cl3,0.0014970059880239522,1.0,1.0,0.0,0.0,-1.0
P32849,P40957,0,topology_cl3,0.0014970059880239522,1.0,1.0,0.0,0.0,-1.0
P28795,Q03898,0,topology_cl3,0.0014970059880239522,1.0,1.0,0.0,0.0,-1.0
P00927,P40325,0,topology_cl3,0.0014970059880239522,1.0,1.0,0.0,0.0,5.0
P28795,Q05791,0,topology_cl3,0.0014970059880239522,1.0,1.0,0.0,0.0,-1.0
P47011,Q03898,0,topology_cl3,0.0014970059880239522,1.0,1.0,0.0,0.0,-1.0
P38853,Q03860,0,topology_cl3,0.0014970059880239522,1.0,1.0,0.0,0.0,-1.0
P07272,P15442,0,topology_cl3,0.0014970059880239522,1.0,1.0,0.0,0.0,-1.0
P25367,P32639,0,topology_cl3,0.0014970059880239522,1.0,1.0,0.0,0.0,-1.0
P09201,P29340,0,topology_cl3,0.0014970059880239522,1.0,1.0,0.0,0.0,-1.0
P61829,Q12154,0,topology_cl3,0.0014970059880239522,1.0,1.0,0.0,0.0,4.0
P29340,P61829,0,topology_cl3,0.0014970059880239522,1.0,1.0,0.0,0.0,-1.0
P47095,Q12154,0,topology_cl3,0.0014970059880239522,1.0,1.0,0.0,0.0,4.0
P04387,Q12154,0,topology_cl3,0.0014970059880239522,1.0,1.0,0.0,0.0,-1.0
P20050,Q04921,0,topology_cl3,0.0014970059880239522,1.0,1.0,0.0,0.0,4.0
P22804,P27895,0,topology_cl3,0.0014970059880239522,1.0,1.0,0.0,0.0,-1.0
P41695,P47011,0,topology_cl3,0.0014970059880239522,1.0,1.0,0.0,0.0,-1.0
P08638,P40963,0,topology_cl3,0.0014970059880239522,1.0,1.0,0.0,0.0,-1.0
P20967,Q12334,0,topology_cl3,0.0014970059880239522,1.0,1.0,0.0,0.0,-1.0
P29340,Q03898,0,topology_cl3,0.0014970059880239522,1.0,1.0,0.0,0.0,-1.0
P41695,Q02100,0,topology_cl3,0.0014970059880239522,1.0,1.0,0.0,0.0,5.0
P48361,Q12154,0,topology_cl3,0.0014970059880239522,1.0,1.0,0.0,0.0,5.0
P03962,P15442,0,topology_cl3,0.0014970059880239522,1.0,1.0,0.0,0.0,-1.0
P20050,Q06440,0,topology_cl3,0.0014970059880239522,1.0,1.0,0.0,0.0,-1.0
Q02100,Q06675,0,topology_cl3,0.0014970059880239522,1.0,1.0,0.0,0.0,-1.0
P0C0X0,P32849,0,topology_cl3,0.0014970059880239522,1.0,1.0,0.0,0.0,-1.0
P29340,Q06675,0,topology_cl3,0.0014970059880239522,1.0,1.0,0.0,0.0,-1.0
Q06675,Q3E7C1,0,topology_cl3,0.0014970059880239522,1.0,1.0,0.0,0.0,-1.0
P20967,Q12102,0,topology_cl3,0.0014970059880239522,1.0,1.0,0.0,0.0,4.0
P00927,P47011,0,topology_cl3,0.0014970059880239522,1.0,1.0,0.0,0.0,-1.0
P22804,P29340,0,topology_cl3,0.0014970059880239522,1.0,1.0,0.0,0.0,-1.0
P04386,Q12154,0,topology_cl3,0.0014970059880239522,1.0,1.0,0.0,0.0,-1.0
P0C0X0,P32917,0,topology_cl3,0.0014970059880239522,1.0,1.0,0.0,0.0,-1.0
P32505,P38853,0,topology_cl3,0.0014970059880239522,1.0,1.0,0.0,0.0,-1.0
P39113,Q05791,0,topology_cl3,0.0014970059880239522,1.0,1.0,0.0,0.0,-1.0
P39113,P47095,0,topology_cl3,0.0014970059880239522,1.0,1.0,0.0,0.0,-1.0
P04386,P48361,0,topology_cl3,0.0014970059880239522,1.0,1.0,0.0,0.0,-1.0
P20967,Q03898,0,topology_cl3,0.0014970059880239522,1.0,1.0,0.0,0.0,5.0
P25367,P32849,0,topology_cl3,0.0014970059880239522,1.0,1.0,0.0,0.0,-1.0
P17555,P53617,0,topology_cl3,0.0014970059880239522,1.0,1.0,0.0,0.0,5.0
P40202,Q05791,0,topology_cl3,0.0014970059880239522,1.0,1.0,0.0,0.0,-1.0
P26343,Q12390,0,topology_cl3,0.0014970059880239522,1.0,1.0,0.0,0.0,-1.0
P53617,Q02100,0,topology_cl3,0.0014970059880239522,1.0,1.0,0.0,0.0,-1.0
P38748,Q06708,0,topology_cl3,0.0014970059880239522,1.0,1.0,0.0,0.0,-1.0
P22804,P39113,0,topology_cl3,0.0014970059880239522,1.0,1.0,0.0,0.0,-1.0
P07272,P22804,0,topology_cl3,0.0014970059880239522,1.0,1.0,0.0,0.0,-1.0
Q03898,Q04003,0,topology_cl3,0.0014970059880239522,1.0,1.0,0.0,0.0,-1.0
P00447,P32917,0,topology_cl3,0.0014970059880239522,1.0,1.0,0.0,0.0,-1.0
P41695,Q04003,0,topology_cl3,0.0014970059880239522,1.0,1.0,0.0,0.0,-1.0
P40202,Q06708,0,topology_cl3,0.0014970059880239522,1.0,1.0,0.0,0.0,-1.0
P32639,P61829,0,topology_cl3,0.0014970059880239522,1.0,1.0,0.0,0.0,-1.0
P09201,Q12365,0,topology_cl3,0.0014970059880239522,1.0,1.0,0.0,0.0,4.0
P26343,Q06440,0,topology_cl3,0.0014970059880239522,1.0,1.0,0.0,0.0,-1.0
P17065,P20967,0,topology_cl3,0.0014970059880239522,1.0,1.0,0.0,0.0,-1.0
P31539,Q12084,0,topology_cl3,0.0014970059880239522,1.0,1.0,0.0,0.0,-1.0
P32505,P81449,0,topology_cl3,0.0014970059880239522,1.0,1.0,0.0,0.0,5.0
P00927,Q06704,0,topology_cl3,0.0014970059880239522,1.0,1.0,0.0,0.0,5.0
P03962,Q06708,0,topology_cl3,0.0014970059880239522,1.0,1.0,0.0,0.0,-1.0
P03962,P32849,0,topology_cl3,0.0014970059880239522,1.0,1.0,0.0,0.0,-1.0
P40963,P47025,0,topology_cl3,0.0014970059880239522,1.0,1.0,0.0,0.0,-1.0
P27895,P41697,0,topology_cl3,0.0014970059880239522,1.0,1.0,0.0,0.0,-1.0
Q04003,Q06708,0,topology_cl3,0.0014970059880239522,1.0,1.0,0.0,0.0,-1.0
P20967,P41697,0,topology_cl3,0.0014970059880239522,1.0,1.0,0.0,0.0,6.0
P41695,Q12365,0,topology_cl3,0.0014970059880239522,1.0,1.0,0.0,0.0,6.0
P20967,Q05791,0,topology_cl3,0.0014970059880239522,1.0,1.0,0.0,0.0,-1.0
P04387,P39113,0,topology_cl3,0.0014970059880239522,1.0,1.0,0.0,0.0,-1.0
P22804,P40957,0,topology_cl3,0.0014970059880239522,1.0,1.0,0.0,0.0,-1.0
P27895,Q3E7C1,0,topology_cl3,0.0014970059880239522,1.0,1.0,0.0,0.0,-1.0
P48361,Q08581,0,topology_cl3,0.0014970059880239522,1.0,1.0,0.0,0.0,5.0
P0C0X0,P47095,0,topology_cl3,0.0014970059880239522,1.0,1.0,0.0,0.0,-1.0
P26343,P32361,0,topology_cl3,0.0014970059880239522,1.0,1.0,0.0,0.0,-1.0
P81449,Q08581,0,topology_cl3,0.0014970059880239522,1.0,1.0,0.0,0.0,5.0
P15442,P20967,0,topology_cl3,0.0014970059880239522,1.0,1.0,0.0,0.0,5.0
Q04921,Q05791,0,topology_cl3,0.0014970059880239522,1.0,1.0,0.0,0.0,-1.0
P32917,P38247,0,topology_cl3,0.0014970059880239522,1.0,1.0,0.0,0.0,-1.0
P15442,P40957,0,topology_cl3,0.0014970059880239522,1.0,1.0,0.0,0.0,4.0
P28743,Q12084,0,topology_cl3,0.0014970059880239522,1.0,1.0,0.0,0.0,6.0
P0C0X0,P40325,0,topology_cl3,0.0014970059880239522,1.0,1.0,0.0,0.0,5.0
P08638,P38853,0,topology_cl3,0.0014970059880239522,1.0,1.0,0.0,0.0,-1.0
P04386,P41695,0,topology_cl3,0.0014970059880239522,1.0,1.0,0.0,0.0,-1.0
P54861,Q06708,0,topology_cl3,0.0014970059880239522,1.0,1.0,0.0,0.0,-1.0
P22804,P28743,0,topology_cl3,0.0014970059880239522,1.0,1.0,0.0,0.0,-1.0
P00447,P40485,0,topology_cl3,0.0014970059880239522,1.0,1.0,0.0,0.0,-1.0
P40202,Q12334,0,topology_cl3,0.0014970059880239522,1.0,1.0,0.0,0.0,4.0
P04387,P41921,0,topology_cl3,0.0014970059880239522,1.0,1.0,0.0,0.0,-1.0
P07272,P40151,0,topology_cl3,0.0014970059880239522,1.0,1.0,0.0,0.0,-1.0
P40325,P48361,0,topology_cl3,0.0014970059880239522,1.0,1.0,0.0,0.0,5.0
P00447,P40325,0,topology_cl3,0.0014970059880239522,1.0,1.0,0.0,0.0,-1.0
P53184,Q12102,0,topology_cl3,0.0014970059880239522,1.0,1.0,0.0,0.0,5.0
P32917,P38853,0,topology_cl3,0.0014970059880239522,1.0,1.0,0.0,0.0,-1.0
P08964,P40485,0,topology_cl3,0.0014970059880239522,1.0,1.0,0.0,0.0,-1.0
P07272,P47095,0,topology_cl3,0.0014970059880239522,1.0,1.0,0.0,0.0,-1.0
P47095,Q05791,0,topology_cl3,0.0014970059880239522,1.0,1.0,0.0,0.0,-1.0
P28743,P41697,0,topology_cl3,0.0014970059880239522,1.0,1.0,0.0,0.0,-1.0
P53184,P53895,0,topology_cl3,0.0014970059880239522,1.0,1.0,0.0,0.0,6.0
P26343,P41697,0,topology_cl3,0.0014970059880239522,1.0,1.0,0.0,0.0,-1.0
P17555,P32849,0,topology_cl3,0.0014970059880239522,1.0,1.0,0.0,0.0,-1.0
P28743,Q06708,0,topology_cl3,0.0014970059880239522,1.0,1.0,0.0,0.0,-1.0
P25367,P32917,0,topology_cl3,0.0014970059880239522,1.0,1.0,0.0,0.0,-1.0
P32361,P41695,0,topology_cl3,0.0014970059880239522,1.0,1.0,1.0,0.0,2.0
P32504,P39113,0,topology_cl3,0.0014970059880239522,1.0,1.0,0.0,0.0,-1.0
P25367,Q02100,0,topology_cl3,0.0014970059880239522,1.0,1.0,0.0,0.0,-1.0
P53895,Q06708,0,topology_cl3,0.0014970059880239522,1.0,1.0,0.0,0.0,-1.0
P00927,P47115,0,topology_cl3,0.0014970059880239522,1.0,1.0,0.0,0.0,4.0
P04386,P40485,0,topology_cl3,0.0014970059880239522,1.0,1.0,0.0,0.0,-1.0
P41697,P61829,0,topology_cl3,0.0014970059880239522,1.0,1.0,0.0,0.0,5.0
P00812,Q06440,0,topology_cl3,0.0014970059880239522,1.0,1.0,0.0,0.0,-1.0
P11746,Q12154,0,topology_cl3,0.0014970059880239522,1.0,1.0,0.0,0.0,-1.0
Q08581,Q12102,0,topology_cl3,0.0014970059880239522,1.0,1.0,0.0,0.0,-1.0
P53895,Q08581,0,topology_cl3,0.0014970059880239522,1.0,1.0,0.0,0.0,-1.0
P17065,P40325,0,topology_cl3,0.0014970059880239522,1.0,1.0,0.0,0.0,6.0
P17065,P28743,0,topology_cl3,0.0014970059880239522,1.0,1.0,0.0,0.0,-1.0
P27895,P40325,0,topology_cl3,0.0014970059880239522,1.0,1.0,0.0,0.0,5.0
P04386,P25367,0,topology_cl3,0.0014970059880239522,1.0,1.0,0.0,0.0,-1.0
P32849,P81449,0,topology_cl3,0.0014970059880239522,1.0,1.0,0.0,0.0,-1.0
P32639,P81449,0,topology_cl3,0.0014970059880239522,1.0,1.0,0.0,0.0,-1.0
P32849,Q04003,0,topology_cl3,0.0014970059880239522,1.0,1.0,0.0,0.0,-1.0
P11746,P27895,0,topology_cl3,0.0014970059880239522,1.0,1.0,0.0,0.0,5.0
P26343,P28743,0,topology_cl3,0.0014970059880239522,1.0,1.0,0.0,0.0,-1.0
P32917,Q06440,0,topology_cl3,0.0014970059880239522,1.0,1.0,0.0,0.0,-1.0
P31539,Q06675,0,topology_cl3,0.0014970059880239522,1.0,1.0,0.0,0.0,-1.0
P15442,Q04003,0,topology_cl3,0.0014970059880239522,1.0,1.0,0.0,0.0,-1.0
P53895,Q12084,0,topology_cl3,0.0014970059880239522,1.0,1.0,0.0,0.0,-1.0
P20050,P28743,0,topology_cl3,0.0014970059880239522,1.0,1.0,0.0,0.0,6.0
P32628,Q12334,0,topology_cl3,0.0014970059880239522,1.0,1.0,0.0,0.0,-1.0
P41697,Q05791,0,topology_cl3,0.0014970059880239522,1.0,1.0,0.0,0.0,-1.0
P28743,Q12102,0,topology_cl3,0.0014970059880239522,1.0,1.0,0.0,0.0,4.0
P47025,Q12390,0,topology_cl3,0.0014970059880239522,1.0,1.0,0.0,0.0,-1.0
P40485,Q05791,0,topology_cl3,0.0014970059880239522,1.0,1.0,0.0,0.0,-1.0
P38748,P48361,0,topology_cl3,0.0014970059880239522,1.0,1.0,0.0,0.0,5.0
P11746,P40151,0,topology_cl3,0.0014970059880239522,1.0,1.0,0.0,0.0,-1.0
P29340,Q05791,0,topology_cl3,0.0014970059880239522,1.0,1.0,0.0,0.0,-1.0
P32361,P32628,0,topology_cl3,0.0014970059880239522,1.0,1.0,0.0,0.0,-1.0
P32917,Q04003,0,topology_cl3,0.0014970059880239522,1.0,1.0,0.0,0.0,-1.0
P07272,P25638,0,topology_cl3,0.0014970059880239522,1.0,1.0,0.0,0.0,-1.0
P04387,P08638,0,topology_cl3,0.0014970059880239522,1.0,1.0,0.0,0.0,-1.0
P48361,P54861,0,topology_cl3,0.0014970059880239522,1.0,1.0,0.0,0.0,-1.0
P17555,P26343,0,topology_cl3,0.0014970059880239522,1.0,1.0,0.0,0.0,-1.0
P32917,P40963,0,topology_cl3,0.0014970059880239522,1.0,1.0,0.0,0.0,-1.0
P07270,P39113,0,topology_cl3,0.0014970059880239522,1.0,1.0,0.0,0.0,-1.0
P47115,Q12084,0,topology_cl3,0.0014970059880239522,1.0,1.0,1.0,0.0,2.0
P27895,Q05791,0,topology_cl3,0.0014970059880239522,1.0,1.0,0.0,0.0,-1.0
P81449,Q04921,0,topology_cl3,0.0014970059880239522,1.0,1.0,0.0,0.0,4.0
P38748,Q04003,0,topology_cl3,0.0014970059880239522,1.0,1.0,0.0,0.0,-1.0
P0C0X0,Q06704,0,topology_cl3,0.0014970059880239522,1.0,1.0,0.0,0.0,-1.0
P00812,Q3E7C1,0,topology_cl3,0.0014970059880239522,1.0,1.0,0.0,0.0,-1.0
P41921,Q04003,0,topology_cl3,0.0014970059880239522,1.0,1.0,0.0,0.0,-1.0
P03962,P47011,0,topology_cl3,0.0014970059880239522,1.0,1.0,0.0,0.0,-1.0
P38853,Q02100,0,topology_cl3,0.0014970059880239522,1.0,1.0,0.0,0.0,-1.0
P04386,P28795,0,topology_cl3,0.0014970059880239522,1.0,1.0,0.0,0.0,-1.0
P38853,P40325,0,topology_cl3,0.0014970059880239522,1.0,1.0,0.0,0.0,5.0
P40325,P53895,0,topology_cl3,0.0014970059880239522,1.0,1.0,0.0,0.0,6.0
P47011,P81449,0,topology_cl3,0.0014970059880239522,1.0,1.0,0.0,0.0,-1.0
P00447,Q12102,0,topology_cl3,0.0014970059880239522,1.0,1.0,0.0,0.0,-1.0
P03962,Q12102,0,topology_cl3,0.0014970059880239522,1.0,1.0,0.0,0.0,-1.0
P32628,P38748,0,topology_cl3,0.0014970059880239522,1.0,1.0,0.0,0.0,-1.0
P32361,P61829,0,topology_cl3,0.0014970059880239522,1.0,1.0,0.0,0.0,4.0
P32361,P38748,0,topology_cl3,0.0014970059880239522,1.0,1.0,0.0,0.0,5.0
P40325,Q02100,0,topology_cl3,0.0014970059880239522,1.0,1.0,0.0,0.0,5.0
P04386,Q12334,0,topology_cl3,0.0014970059880239522,1.0,1.0,0.0,0.0,-1.0
P38853,P48361,0,topology_cl3,0.0014970059880239522,1.0,1.0,0.0,0.0,-1.0
P08638,Q02100,0,topology_cl3,0.0014970059880239522,1.0,1.0,0.0,0.0,6.0
P00812,P32505,0,topology_cl3,0.0014970059880239522,1.0,1.0,0.0,0.0,5.0
P32628,P39113,0,topology_cl3,0.0014970059880239522,1.0,1.0,0.0,0.0,-1.0
P27895,P32628,0,topology_cl3,0.0014970059880239522,1.0,1.0,0.0,0.0,-1.0
P32504,P38748,0,topology_cl3,0.0014970059880239522,1.0,1.0,0.0,0.0,6.0
P32505,P47095,0,topology_cl3,0.0014970059880239522,1.0,1.0,0.0,0.0,6.0
Q03898,Q12102,0,topology_cl3,0.0014970059880239522,1.0,1.0,0.0,0.0,5.0
P07270,P40957,0,topology_cl3,0.0014970059880239522,1.0,1.0,0.0,0.0,-1.0
P32628,P32917,0,topology_cl3,0.0014970059880239522,1.0,1.0,0.0,0.0,-1.0
P32917,P41697,0,topology_cl3,0.0014970059880239522,1.0,1.0,1.0,0.0,2.0
P00447,P53617,0,topology_cl3,0.0014970059880239522,1.0,1.0,0.0,0.0,-1.0
P32639,P41921,0,topology_cl3,0.0014970059880239522,1.0,1.0,0.0,0.0,6.0
P17555,P32639,0,topology_cl3,0.0014970059880239522,1.0,1.0,0.0,0.0,-1.0
P04387,P61829,0,topology_cl3,0.0014970059880239522,1.0,1.0,0.0,0.0,-1.0
P54861,Q06704,0,topology_cl3,0.0014970059880239522,1.0,1.0,0.0,0.0,-1.0
P07270,P40325,0,topology_cl3,0.0014970059880239522,1.0,1.0,0.0,0.0,-1.0
P32628,Q12154,0,topology_cl3,0.0014970059880239522,1.0,1.0,0.0,0.0,-1.0
P17065,P25638,0,topology_cl3,0.0014970059880239522,1.0,1.0,0.0,0.0,6.0
P0C0X0,P20050,0,topology_cl3,0.0014970059880239522,1.0,1.0,0.0,0.0,-1.0
P40151,P40202,0,topology_cl3,0.0014970059880239522,1.0,1.0,0.0,0.0,-1.0
P38853,Q12365,0,topology_cl3,0.0014970059880239522,1.0,1.0,0.0,0.0,-1.0
P15442,P47095,0,topology_cl3,0.0014970059880239522,1.0,1.0,0.0,0.0,6.0
P40485,Q04411,0,topology_cl3,0.0014970059880239522,1.0,1.0,0.0,0.0,-1.0
P15442,P32505,0,topology_cl3,0.0014970059880239522,1.0,1.0,0.0,0.0,5.0
P00447,P32639,0,topology_cl3,0.0014970059880239522,1.0,1.0,0.0,0.0,-1.0
P38247,P40957,0,topology_cl3,0.0014970059880239522,1.0,1.0,0.0,0.0,6.0
P00447,P04386,0,topology_cl3,0.0014970059880239522,1.0,1.0,0.0,0.0,-1.0
P53184,Q12334,0,topology_cl3,0.0014970059880239522,1.0,1.0,0.0,0.0,-1.0
P26343,Q02100,0,topology_cl3,0.0014970059880239522,1.0,1.0,0.0,0.0,-1.0
P00927,Q06708,0,topology_cl3,0.0014970059880239522,1.0,1.0,0.0,0.0,-1.0
P38748,P40202,0,topology_cl3,0.0014970059880239522,1.0,1.0,0.0,0.0,-1.0
P07270,P40151,0,topology_cl3,0.0014970059880239522,1.0,1.0,0.0,0.0,-1.0
P38853,P40202,0,topology_cl3,0.0014970059880239522,1.0,1.0,0.0,0.0,-1.0
P47095,P53184,0,topology_cl3,0.0014970059880239522,1.0,1.0,0.0,0.0,4.0
Q12084,Q12365,0,topology_cl3,0.0014970059880239522,1.0,1.0,0.0,0.0,6.0
P22804,Q3E7C1,0,topology_cl3,0.0014970059880239522,1.0,1.0,0.0,0.0,-1.0
P32628,P40963,0,topology_cl3,0.0014970059880239522,1.0,1.0,0.0,0.0,-1.0
P41697,Q12390,0,topology_cl3,0.0014970059880239522,1.0,1.0,0.0,0.0,-1.0
P40485,P40957,0,topology_cl3,0.0014970059880239522,1.0,1.0,0.0,0.0,6.0
P07272,P32361,0,topology_cl3,0.0014970059880239522,1.0,1.0,0.0,0.0,-1.0
P04387,Q06704,0,topology_cl3,0.0014970059880239522,1.0,1.0,0.0,0.0,-1.0
Q03860,Q05791,0,topology_cl3,0.0014970059880239522,1.0,1.0,0.0,0.0,-1.0
P32628,Q04003,0,topology_cl3,0.0014970059880239522,1.0,1.0,0.0,0.0,-1.0
P20050,P53617,0,topology_cl3,0.0014970059880239522,1.0,1.0,0.0,0.0,-1.0
P0C0X0,P28795,0,topology_cl3,0.0014970059880239522,1.0,1.0,0.0,0.0,-1.0
P20050,P81449,0,topology_cl3,0.0014970059880239522,1.0,1.0,0.0,0.0,6.0
P31539,P32628,0,topology_cl3,0.0014970059880239522,1.0,1.0,0.0,0.0,-1.0
Q04921,Q12154,0,topology_cl3,0.0014970059880239522,1.0,1.0,0.0,0.0,5.0
P29340,Q12390,0,topology_cl3,0.0014970059880239522,1.0,1.0,0.0,0.0,-1.0
P07270,Q04003,0,topology_cl3,0.0014970059880239522,1.0,1.0,0.0,0.0,-1.0
P32504,P40963,0,topology_cl3,0.0014970059880239522,1.0,1.0,0.0,0.0,-1.0
P00447,P25638,0,topology_cl3,0.0014970059880239522,1.0,1.0,0.0,0.0,-1.0
P03962,Q06440,0,topology_cl3,0.0014970059880239522,1.0,1.0,0.0,0.0,-1.0
P20967,Q06675,0,topology_cl3,0.0014970059880239522,1.0,1.0,0.0,0.0,6.0
P53184,Q08581,0,topology_cl3,0.0014970059880239522,1.0,1.0,0.0,0.0,6.0
P17065,P38853,0,topology_cl3,0.0014970059880239522,1.0,1.0,0.0,0.0,-1.0
P40963,P53895,0,topology_cl3,0.0014970059880239522,1.0,1.0,0.0,0.0,-1.0
P08964,P41921,0,topology_cl3,0.0014970059880239522,1.0,1.0,0.0,0.0,4.0
P40957,P54861,0,topology_cl3,0.0014970059880239522,1.0,1.0,0.0,0.0,-1.0
P17555,P40963,0,topology_cl3,0.0014970059880239522,1.0,1.0,0.0,0.0,-1.0
P03962,P40963,0,topology_cl3,0.0014970059880239522,1.0,1.0,0.0,0.0,-1.0
P11746,P38748,0,topology_cl3,0.0014970059880239522,1.0,1.0,0.0,0.0,6.0
P32361,P41921,0,topology_cl3,0.0014970059880239522,1.0,1.0,0.0,0.0,6.0
P41695,P53895,0,topology_cl3,0.0014970059880239522,1.0,1.0,0.0,0.0,6.0
P17065,P31539,0,topology_cl3,0.0014970059880239522,1.0,1.0,0.0,0.0,-1.0
P04386,Q04921,0,topology_cl3,0.0014970059880239522,1.0,1.0,0.0,0.0,-1.0
P32849,Q03860,0,topology_cl3,0.0014970059880239522,1.0,1.0,0.0,0.0,-1.0
P36036,P38247,0,topology_cl3,0.0014970059880239522,1.0,1.0,0.0,0.0,-1.0
P32628,P40151,0,topology_cl3,0.0014970059880239522,1.0,1.0,0.0,0.0,-1.0
P40325,P41921,0,topology_cl3,0.0014970059880239522,1.0,1.0,0.0,0.0,5.0
P53617,Q12084,0,topology_cl3,0.0014970059880239522,1.0,1.0,0.0,0.0,-1.0
P53184,Q04003,0,topology_cl3,0.0014970059880239522,1.0,1.0,0.0,0.0,-1.0
P40325,Q06675,0,topology_cl3,0.0014970059880239522,1.0,1.0,0.0,0.0,5.0
P53617,Q12154,0,topology_cl3,0.0014970059880239522,1.0,1.0,0.0,0.0,5.0
P40151,Q12154,0,topology_cl3,0.0014970059880239522,1.0,1.0,0.0,0.0,6.0
P47095,Q08581,0,topology_cl3,0.0014970059880239522,1.0,1.0,0.0,0.0,6.0
P40963,P47115,0,topology_cl3,0.0014970059880239522,1.0,1.0,0.0,0.0,-1.0
P20050,Q06704,0,topology_cl3,0.0014970059880239522,1.0,1.0,0.0,0.0,5.0
P15442,Q06708,0,topology_cl3,0.0014970059880239522,1.0,1.0,0.0,0.0,-1.0
P40325,P53617,0,topology_cl3,0.0014970059880239522,1.0,1.0,0.0,0.0,5.0
P0C0X0,P40485,0,topology_cl3,0.0014970059880239522,1.0,1.0,0.0,0.0,-1.0
P26343,Q12365,0,topology_cl3,0.0014970059880239522,1.0,1.0,0.0,0.0,-1.0
P32504,P53184,0,topology_cl3,0.0014970059880239522,1.0,1.0,0.0,0.0,6.0
P32361,Q12365,0,topology_cl3,0.0014970059880239522,1.0,1.0,0.0,0.0,6.0
P04387,Q02100,0,topology_cl3,0.0014970059880239522,1.0,1.0,0.0,0.0,-1.0
P04386,P40325,0,topology_cl3,0.0014970059880239522,1.0,1.0,0.0,0.0,-1.0
P36036,Q12154,0,topology_cl3,0.0014970059880239522,1.0,1.0,0.0,0.0,6.0
P07270,Q04921,0,topology_cl3,0.0014970059880239522,1.0,1.0,0.0,0.0,-1.0
P09201,P28795,0,topology_cl3,0.0014970059880239522,1.0,1.0,0.0,0.0,-1.0
P17555,P53895,0,topology_cl3,0.0014970059880239522,1.0,1.0,0.0,0.0,6.0
P04386,P47115,0,topology_cl3,0.0014970059880239522,1.0,1.0,0.0,0.0,-1.0
P40202,Q08581,0,topology_cl3,0.0014970059880239522,1.0,1.0,0.0,0.0,-1.0
Q12102,Q12154,0,topology_cl3,0.0014970059880239522,1.0,1.0,0.0,0.0,5.0
P36036,P40485,0,topology_cl3,0.0014970059880239522,1.0,1.0,0.0,0.0,-1.0
P00812,P04387,0,topology_cl3,0.0014970059880239522,1.0,1.0,0.0,0.0,-1.0
P20967,P29340,0,topology_cl3,0.0014970059880239522,1.0,1.0,0.0,0.0,-1.0
P25367,P47011,0,topology_cl3,0.0014970059880239522,1.0,1.0,0.0,0.0,-1.0
P40963,Q04921,0,topology_cl3,0.0014970059880239522,1.0,1.0,0.0,0.0,-1.0
P00927,Q05791,0,topology_cl3,0.0014970059880239522,1.0,1.0,0.0,0.0,-1.0
P61829,Q06440,0,topology_cl3,0.0014970059880239522,1.0,1.0,0.0,0.0,6.0
P27895,P32917,0,topology_cl3,0.0014970059880239522,1.0,1.0,0.0,0.0,-1.0
P00447,P38247,0,topology_cl3,0.0014970059880239522,1.0,1.0,0.0,0.0,-1.0
P32504,Q06440,0,topology_cl3,0.0014970059880239522,1.0,1.0,0.0,0.0,-1.0
P40963,P53617,0,topology_cl3,0.0014970059880239522,1.0,1.0,0.0,0.0,-1.0
P00927,P32849,0,topology_cl3,0.0014970059880239522,1.0,1.0,0.0,0.0,-1.0
P32639,Q08581,0,topology_cl3,0.0014970059880239522,1.0,1.0,0.0,0.0,-1.0
P08964,P27895,0,topology_cl3,0.0014970059880239522,1.0,1.0,0.0,0.0,-1.0
Q02100,Q12390,0,topology_cl3,0.0014970059880239522,1.0,1.0,0.0,0.0,-1.0
P0C0X0,P38247,0,topology_cl3,0.0014970059880239522,1.0,1.0,0.0,0.0,-1.0
P39113,Q06708,0,topology_cl3,0.0014970059880239522,1.0,1.0,0.0,0.0,-1.0
P00927,P25367,0,topology_cl3,0.0014970059880239522,1.0,1.0,0.0,0.0,-1.0
P00812,P40957,0,topology_cl3,0.0014970059880239522,1.0,1.0,0.0,0.0,5.0
P00447,Q12334,0,topology_cl3,0.0014970059880239522,1.0,1.0,0.0,0.0,-1.0
P00447,P47095,0,topology_cl3,0.0014970059880239522,1.0,1.0,0.0,0.0,-1.0
P36036,Q12334,0,topology_cl3,0.0014970059880239522,1.0,1.0,0.0,0.0,-1.0
P07270,Q02100,0,topology_cl3,0.0014970059880239522,1.0,1.0,0.0,0.0,-1.0
P41921,P54861,0,topology_cl3,0.0014970059880239522,1.0,1.0,0.0,0.0,-1.0
P53895,Q04003,0,topology_cl3,0.0014970059880239522,1.0,1.0,0.0,0.0,-1.0
P40957,Q06440,0,topology_cl3,0.0014970059880239522,1.0,1.0,0.0,0.0,6.0
P00447,Q03898,0,topology_cl3,0.0014970059880239522,1.0,1.0,0.0,0.0,-1.0
P08964,P32361,0,topology_cl3,0.0014970059880239522,1.0,1.0,0.0,0.0,5.0
P39113,Q12102,0,topology_cl3,0.0014970059880239522,1.0,1.0,0.0,0.0,-1.0
P03962,P47025,0,topology_cl3,0.0014970059880239522,1.0,1.0,0.0,0.0,-1.0
P28795,Q06675,0,topology_cl3,0.0014970059880239522,1.0,1.0,0.0,0.0,-1.0
P41695,Q03860,0,topology_cl3,0.0014970059880239522,1.0,1.0,0.0,0.0,-1.0
P32917,P41921,0,topology_cl3,0.0014970059880239522,1.0,1.0,0.0,0.0,6.0
P03962,Q04003,0,topology_cl3,0.0014970059880239522,1.0,1.0,0.0,0.0,-1.0
P54861,Q12154,0,topology_cl3,0.0014970059880239522,1.0,1.0,0.0,0.0,-1.0
P25638,Q12154,0,topology_cl3,0.0014970059880239522,1.0,1.0,0.0,0.0,6.0
P26343,P40485,0,topology_cl3,0.0014970059880239522,1.0,1.0,0.0,0.0,-1.0
P09201,P40957,0,topology_cl3,0.0014970059880239522,1.0,1.0,0.0,0.0,6.0
P29340,P38748,0,topology_cl3,0.0014970059880239522,1.0,1.0,0.0,0.0,-1.0
P17555,Q02100,0,topology_cl3,0.0014970059880239522,1.0,1.0,0.0,0.0,5.0
P17065,P53617,0,topology_cl3,0.0014970059880239522,1.0,1.0,0.0,0.0,-1.0
P32505,P32639,0,topology_cl3,0.0014970059880239522,1.0,1.0,0.0,0.0,4.0
P22804,P53184,0,topology_cl3,0.0014970059880239522,1.0,1.0,0.0,0.0,-1.0
P11746,P41921,0,topology_cl3,0.0014970059880239522,1.0,1.0,0.0,0.0,-1.0
P0C0X0,P81449,0,topology_cl3,0.0014970059880239522,1.0,1.0,0.0,0.0,6.0
P28743,P40485,0,topology_cl3,0.0014970059880239522,1.0,1.0,0.0,0.0,-1.0
P04386,P0C0X0,0,topology_cl3,0.0014970059880239522,1.0,1.0,0.0,0.0,-1.0
Q03860,Q12365,0,topology_cl3,0.0014970059880239522,1.0,1.0,0.0,0.0,-1.0
P32504,P81449,0,topology_cl3,0.0014970059880239522,1.0,1.0,0.0,0.0,4.0
P04387,Q04411,0,topology_cl3,0.0014970059880239522,1.0,1.0,0.0,0.0,-1.0
P00927,Q03898,0,topology_cl3,0.0014970059880239522,1.0,1.0,0.0,0.0,5.0
P40485,P81449,0,topology_cl3,0.0014970059880239522,1.0,1.0,0.0,0.0,5.0
P07270,Q12102,0,topology_cl3,0.0014970059880239522,1.0,1.0,0.0,0.0,-1.0
P25638,Q02100,0,topology_cl3,0.0014970059880239522,1.0,1.0,0.0,0.0,5.0
P32505,Q04921,0,topology_cl3,0.0014970059880239522,1.0,1.0,0.0,0.0,4.0
P36036,P40151,0,topology_cl3,0.0014970059880239522,1.0,1.0,0.0,0.0,6.0
P07270,P47095,0,topology_cl3,0.0014970059880239522,1.0,1.0,0.0,0.0,-1.0
P28795,P41695,0,topology_cl3,0.0014970059880239522,1.0,1.0,0.0,0.0,-1.0
P0C0X0,P29340,0,topology_cl3,0.0014970059880239522,1.0,1.0,0.0,0.0,-1.0
P38247,Q05791,0,topology_cl3,0.0014970059880239522,1.0,1.0,0.0,0.0,-1.0
P32639,P38853,0,topology_cl3,0.0014970059880239522,1.0,1.0,0.0,0.0,-1.0
P32628,Q12365,0,topology_cl3,0.0014970059880239522,1.0,1.0,0.0,0.0,-1.0
P25367,P39113,0,topology_cl3,0.0014970059880239522,1.0,1.0,0.0,0.0,-1.0
P29340,Q06704,0,topology_cl3,0.0014970059880239522,1.0,1.0,0.0,0.0,-1.0
P03962,Q3E7C1,0,topology_cl3,0.0014970059880239522,1.0,1.0,0.0,0.0,-1.0
P07270,Q06675,0,topology_cl3,0.0014970059880239522,1.0,1.0,0.0,0.0,-1.0
P08638,P20050,0,topology_cl3,0.0014970059880239522,1.0,1.0,0.0,0.0,-1.0
P15442,Q03860,0,topology_cl3,0.0014970059880239522,1.0,1.0,0.0,0.0,-1.0
P47025,P48361,0,topology_cl3,0.0014970059880239522,1.0,1.0,0.0,0.0,-1.0
P31539,Q05791,0,topology_cl3,0.0014970059880239522,1.0,1.0,0.0,0.0,-1.0
P47011,P54861,0,topology_cl3,0.0014970059880239522,1.0,1.0,0.0,0.0,-1.0
P25367,Q05791,0,topology_cl3,0.0014970059880239522,1.0,1.0,0.0,0.0,-1.0
P38853,P41921,0,topology_cl3,0.0014970059880239522,1.0,1.0,0.0,0.0,-1.0
P27895,Q12154,0,topology_cl3,0.0014970059880239522,1.0,1.0,0.0,0.0,-1.0
P22804,P40325,0,topology_cl3,0.0014970059880239522,1.0,1.0,0.0,0.0,-1.0
P07272,Q06704,0,topology_cl3,0.0014970059880239522,1.0,1.0,0.0,0.0,-1.0
P03962,P27895,0,topology_cl3,0.0014970059880239522,1.0,1.0,0.0,0.0,-1.0
P07272,P54861,0,topology_cl3,0.0014970059880239522,1.0,1.0,0.0,0.0,-1.0
P32628,P40325,0,topology_cl3,0.0014970059880239522,1.0,1.0,0.0,0.0,-1.0
Q04003,Q12102,0,topology_cl3,0.0014970059880239522,1.0,1.0,0.0,0.0,-1.0
P20967,P38853,0,topology_cl3,0.0014970059880239522,1.0,1.0,0.0,0.0,6.0
P40957,P53184,0,topology_cl3,0.0014970059880239522,1.0,1.0,0.0,0.0,5.0
P32628,P53184,0,topology_cl3,0.0014970059880239522,1.0,1.0,0.0,0.0,-1.0
P26343,Q06675,0,topology_cl3,0.0014970059880239522,1.0,1.0,0.0,0.0,-1.0
Q06708,Q12334,0,topology_cl3,0.0014970059880239522,1.0,1.0,0.0,0.0,-1.0
P26343,P53184,0,topology_cl3,0.0014970059880239522,1.0,1.0,0.0,0.0,-1.0
P47025,Q12084,0,topology_cl3,0.0014970059880239522,1.0,1.0,0.0,0.0,-1.0
P32361,Q03860,0,topology_cl3,0.0014970059880239522,1.0,1.0,0.0,0.0,-1.0
P17555,Q08581,0,topology_cl3,0.0014970059880239522,1.0,1.0,0.0,0.0,6.0
P53184,Q12084,0,topology_cl3,0.0014970059880239522,1.0,1.0,0.0,0.0,5.0
P27895,P61829,0,topology_cl3,0.0014970059880239522,1.0,1.0,0.0,0.0,6.0
P47011,P61829,0,topology_cl3,0.0014970059880239522,1.0,1.0,0.0,0.0,-1.0
P0C0X0,P36036,0,topology_cl3,0.0014970059880239522,1.0,1.0,0.0,0.0,-1.0
P38247,P41695,0,topology_cl3,0.0014970059880239522,1.0,1.0,0.0,0.0,6.0
P81449,Q12102,0,topology_cl3,0.0014970059880239522,1.0,1.0,0.0,0.0,6.0
P41697,P53617,0,topology_cl3,0.0014970059880239522,1.0,1.0,0.0,0.0,5.0
P07272,P38853,0,topology_cl3,0.0014970059880239522,1.0,1.0,0.0,0.0,-1.0
P28795,P41921,0,topology_cl3,0.0014970059880239522,1.0,1.0,0.0,0.0,-1.0
P0C0X0,Q03898,0,topology_cl3,0.0014970059880239522,1.0,1.0,0.0,0.0,6.0
P47011,Q05791,0,topology_cl3,0.0014970059880239522,1.0,1.0,0.0,0.0,-1.0
P20050,P53895,0,topology_cl3,0.0014970059880239522,1.0,1.0,0.0,0.0,-1.0
P31539,Q04411,0,topology_cl3,0.0014970059880239522,1.0,1.0,0.0,0.0,-1.0
P32361,P47115,0,topology_cl3,0.0014970059880239522,1.0,1.0,0.0,0.0,5.0
P54861,Q06440,0,topology_cl3,0.0014970059880239522,1.0,1.0,0.0,0.0,-1.0
P48361,Q12084,0,topology_cl3,0.0014970059880239522,1.0,1.0,0.0,0.0,4.0
P04386,Q08581,0,topology_cl3,0.0014970059880239522,1.0,1.0,0.0,0.0,-1.0
P22804,P32361,0,topology_cl3,0.0014970059880239522,1.0,1.0,0.0,0.0,-1.0
P29340,Q04921,0,topology_cl3,0.0014970059880239522,1.0,1.0,0.0,0.0,-1.0
Q03898,Q12365,0,topology_cl3,0.0014970059880239522,1.0,1.0,0.0,0.0,6.0
P32917,Q06708,0,topology_cl3,0.0014970059880239522,1.0,1.0,0.0,0.0,-1.0
P32361,P40485,0,topology_cl3,0.0014970059880239522,1.0,1.0,0.0,0.0,6.0
P32628,P38247,0,topology_cl3,0.0014970059880239522,1.0,1.0,0.0,0.0,-1.0
P25638,Q12365,0,topology_cl3,0.0014970059880239522,1.0,1.0,0.0,0.0,6.0
P32917,Q03898,0,topology_cl3,0.0014970059880239522,1.0,1.0,0.0,0.0,6.0
P26343,P32849,0,topology_cl3,0.0014970059880239522,1.0,1.0,0.0,0.0,-1.0
P28795,P40151,0,topology_cl3,0.0014970059880239522,1.0,1.0,0.0,0.0,-1.0
P47095,Q06675,0,topology_cl3,0.0014970059880239522,1.0,1.0,0.0,0.0,-1.0
P00812,Q04003,0,topology_cl3,0.0014970059880239522,1.0,1.0,0.0,0.0,-1.0
P41697,P47025,0,topology_cl3,0.0014970059880239522,1.0,1.0,0.0,0.0,-1.0
P22804,P38853,0,topology_cl3,0.0014970059880239522,1.0,1.0,0.0,0.0,-1.0
P25638,P32849,0,topology_cl3,0.0014970059880239522,1.0,1.0,0.0,0.0,6.0
P07272,P47025,0,topology_cl3,0.0014970059880239522,1.0,1.0,0.0,0.0,-1.0
P32361,P53895,0,topology_cl3,0.0014970059880239522,1.0,1.0,0.0,0.0,6.0
P09201,Q06440,0,topology_cl3,0.0014970059880239522,1.0,1.0,0.0,0.0,-1.0
P09201,Q12334,0,topology_cl3,0.0014970059880239522,1.0,1.0,0.0,0.0,-1.0
P32849,Q08581,0,topology_cl3,0.0014970059880239522,1.0,1.0,0.0,0.0,-1.0
P07270,P36036,0,topology_cl3,0.0014970059880239522,1.0,1.0,0.0,0.0,-1.0
P32504,P41697,0,topology_cl3,0.0014970059880239522,1.0,1.0,0.0,0.0,6.0
P00812,P61829,0,topology_cl3,0.0014970059880239522,1.0,1.0,0.0,0.0,4.0
Q03860,Q06708,0,topology_cl3,0.0014970059880239522,1.0,1.0,0.0,0.0,-1.0
P32504,P54861,0,topology_cl3,0.0014970059880239522,1.0,1.0,0.0,0.0,-1.0
P32504,Q04411,0,topology_cl3,0.0014970059880239522,1.0,1.0,0.0,0.0,-1.0
P32361,P53617,0,topology_cl3,0.0014970059880239522,1.0,1.0,0.0,0.0,6.0
P32361,Q08581,0,topology_cl3,0.0014970059880239522,1.0,1.0,0.0,0.0,5.0
P48361,Q03860,0,topology_cl3,0.0014970059880239522,1.0,1.0,0.0,0.0,-1.0
P04387,P25367,0,topology_cl3,0.0014970059880239522,1.0,1.0,0.0,0.0,-1.0
P26343,Q12334,0,topology_cl3,0.0014970059880239522,1.0,1.0,0.0,0.0,-1.0
P32505,P41695,0,topology_cl3,0.0014970059880239522,1.0,1.0,0.0,0.0,5.0
P04387,P07270,0,topology_cl3,0.0014970059880239522,1.0,1.0,0.0,0.0,-1.0
P32849,Q02100,0,topology_cl3,0.0014970059880239522,1.0,1.0,0.0,0.0,6.0
P17065,P32628,0,topology_cl3,0.0014970059880239522,1.0,1.0,0.0,0.0,-1.0
P00927,Q04003,0,topology_cl3,0.0014970059880239522,1.0,1.0,0.0,0.0,-1.0
P28795,P39113,0,topology_cl3,0.0014970059880239522,1.0,1.0,0.0,0.0,-1.0
P00812,P40202,0,topology_cl3,0.0014970059880239522,1.0,1.0,0.0,0.0,-1.0
P40202,P47095,0,topology_cl3,0.0014970059880239522,1.0,1.0,0.0,0.0,-1.0
P03962,Q02100,0,topology_cl3,0.0014970059880239522,1.0,1.0,0.0,0.0,-1.0
P38853,P53617,0,topology_cl3,0.0014970059880239522,1.0,1.0,0.0,0.0,-1.0
P17555,P40151,0,topology_cl3,0.0014970059880239522,1.0,1.0,0.0,0.0,5.0
P20967,Q3E7C1,0,topology_cl3,0.0014970059880239522,1.0,1.0,0.0,0.0,-1.0
P07270,P15442,0,topology_cl3,0.0014970059880239522,1.0,1.0,0.0,0.0,-1.0
P07270,P53895,0,topology_cl3,0.0014970059880239522,1.0,1.0,0.0,0.0,-1.0
P04387,Q12390,0,topology_cl3,0.0014970059880239522,1.0,1.0,0.0,0.0,-1.0
P27895,P32361,0,topology_cl3,0.0014970059880239522,1.0,1.0,0.0,0.0,6.0
Q03898,Q06440,0,topology_cl3,0.0014970059880239522,1.0,1.0,0.0,0.0,6.0
Q03860,Q06704,0,topology_cl3,0.0014970059880239522,1.0,1.0,0.0,0.0,-1.0
P22804,P47011,0,topology_cl3,0.0014970059880239522,1.0,1.0,0.0,0.0,-1.0
P31539,P38247,0,topology_cl3,0.0014970059880239522,1.0,1.0,0.0,0.0,6.0
P36036,P41921,0,topology_cl3,0.0014970059880239522,1.0,1.0,0.0,0.0,6.0
P38853,P47011,0,topology_cl3,0.0014970059880239522,1.0,1.0,0.0,0.0,-1.0
P39113,P53617,0,topology_cl3,0.0014970059880239522,1.0,1.0,0.0,0.0,-1.0
P17555,P41921,0,topology_cl3,0.0014970059880239522,1.0,1.0,0.0,0.0,5.0
P04387,P40963,0,topology_cl3,0.0014970059880239522,1.0,1.0,0.0,0.0,-1.0
P25367,P48361,0,topology_cl3,0.0014970059880239522,1.0,1.0,0.0,0.0,-1.0
P25638,P38748,0,topology_cl3,0.0014970059880239522,1.0,1.0,0.0,0.0,5.0
P11746,Q05791,0,topology_cl3,0.0014970059880239522,1.0,1.0,0.0,0.0,-1.0
P38853,P40151,0,topology_cl3,0.0014970059880239522,1.0,1.0,0.0,0.0,6.0
P40202,Q04003,0,topology_cl3,0.0014970059880239522,1.0,1.0,0.0,0.0,-1.0
P32505,Q3E7C1,0,topology_cl3,0.0014970059880239522,1.0,1.0,0.0,0.0,-1.0
P53617,P54861,0,topology_cl3,0.0014970059880239522,1.0,1.0,0.0,0.0,-1.0
P09201,P27895,0,topology_cl3,0.0014970059880239522,1.0,1.0,0.0,0.0,-1.0
P27895,P38853,0,topology_cl3,0.0014970059880239522,1.0,1.0,1.0,0.0,2.0
P48361,Q04411,0,topology_cl3,0.0014970059880239522,1.0,1.0,0.0,0.0,-1.0
P09201,Q03860,0,topology_cl3,0.0014970059880239522,1.0,1.0,0.0,0.0,-1.0
P32849,Q12154,0,topology_cl3,0.0014970059880239522,1.0,1.0,0.0,0.0,-1.0
P39113,Q04003,0,topology_cl3,0.0014970059880239522,1.0,1.0,0.0,0.0,-1.0
P41697,P53895,0,topology_cl3,0.0014970059880239522,1.0,1.0,0.0,0.0,5.0
Q08581,Q12084,0,topology_cl3,0.0014970059880239522,1.0,1.0,0.0,0.0,5.0
P00812,Q08581,0,topology_cl3,0.0014970059880239522,1.0,1.0,0.0,0.0,6.0
P25367,Q08581,0,topology_cl3,0.0014970059880239522,1.0,1.0,0.0,0.0,-1.0
P07270,P25638,0,topology_cl3,0.0014970059880239522,1.0,1.0,0.0,0.0,-1.0
P53617,Q06675,0,topology_cl3,0.0014970059880239522,1.0,1.0,0.0,0.0,-1.0
P32505,P32628,0,topology_cl3,0.0014970059880239522,1.0,1.0,0.0,0.0,-1.0
P17555,P40485,0,topology_cl3,0.0014970059880239522,1.0,1.0,0.0,0.0,5.0
P00812,Q05791,0,topology_cl3,0.0014970059880239522,1.0,1.0,0.0,0.0,-1.0
Q12365,Q3E7C1,0,topology_cl3,0.0014970059880239522,1.0,1.0,0.0,0.0,-1.0
P47095,Q04003,0,topology_cl3,0.0014970059880239522,1.0,1.0,0.0,0.0,-1.0
P40957,Q12365,0,topology_cl3,0.0014970059880239522,1.0,1.0,0.0,0.0,4.0
P40963,P48361,0,topology_cl3,0.0014970059880239522,1.0,1.0,0.0,0.0,-1.0
P38247,P40963,0,topology_cl3,0.0014970059880239522,1.0,1.0,0.0,0.0,-1.0
P00447,Q12154,0,topology_cl3,0.0014970059880239522,1.0,1.0,0.0,0.0,-1.0
P32639,P53617,0,topology_cl3,0.0014970059880239522,1.0,1.0,0.0,0.0,5.0
P26343,P31539,0,topology_cl3,0.0014970059880239522,1.0,1.0,0.0,0.0,-1.0
P41921,Q06675,0,topology_cl3,0.0014970059880239522,1.0,1.0,0.0,0.0,-1.0
P0C0X0,Q04003,0,topology_cl3,0.0014970059880239522,1.0,1.0,0.0,0.0,-1.0
P0C0X0,Q04411,0,topology_cl3,0.0014970059880239522,1.0,1.0,0.0,0.0,-1.0
P09201,P32849,0,topology_cl3,0.0014970059880239522,1.0,1.0,0.0,0.0,-1.0
P08964,P32849,0,topology_cl3,0.0014970059880239522,1.0,1.0,0.0,0.0,-1.0
P39113,P81449,0,topology_cl3,0.0014970059880239522,1.0,1.0,0.0,0.0,5.0
P15442,P47011,0,topology_cl3,0.0014970059880239522,1.0,1.0,0.0,0.0,-1.0
P08638,P32849,0,topology_cl3,0.0014970059880239522,1.0,1.0,0.0,0.0,-1.0
P41697,Q12102,0,topology_cl3,0.0014970059880239522,1.0,1.0,0.0,0.0,-1.0
P41921,P47011,0,topology_cl3,0.0014970059880239522,1.0,1.0,0.0,0.0,-1.0
P41697,Q06704,0,topology_cl3,0.0014970059880239522,1.0,1.0,0.0,0.0,-1.0
Q04003,Q12334,0,topology_cl3,0.0014970059880239522,1.0,1.0,0.0,0.0,-1.0
P38247,Q08581,0,topology_cl3,0.0014970059880239522,1.0,1.0,0.0,0.0,-1.0
P32505,P40485,0,topology_cl3,0.0014970059880239522,1.0,1.0,0.0,0.0,6.0
P26343,P40151,0,topology_cl3,0.0014970059880239522,1.0,1.0,0.0,0.0,-1.0
Q04411,Q06675,0,topology_cl3,0.0014970059880239522,1.0,1.0,0.0,0.0,-1.0
P32639,P47025,0,topology_cl3,0.0014970059880239522,1.0,1.0,0.0,0.0,-1.0
P28743,P38247,0,topology_cl3,0.0014970059880239522,1.0,1.0,0.0,0.0,4.0
P53617,Q04411,0,topology_cl3,0.0014970059880239522,1.0,1.0,0.0,0.0,-1.0
P81449,Q05791,0,topology_cl3,0.0014970059880239522,1.0,1.0,0.0,0.0,-1.0
P25367,P25638,0,topology_cl3,0.0014970059880239522,1.0,1.0,0.0,0.0,-1.0
P28743,Q03860,0,topology_cl3,0.0014970059880239522,1.0,1.0,0.0,0.0,-1.0
P40963,Q12390,0,topology_cl3,0.0014970059880239522,1.0,1.0,0.0,0.0,-1.0
P20967,Q12365,0,topology_cl3,0.0014970059880239522,1.0,1.0,0.0,0.0,4.0
P08638,P32628,0,topology_cl3,0.0014970059880239522,1.0,1.0,0.0,0.0,-1.0
P20050,Q12334,0,topology_cl3,0.0014970059880239522,1.0,1.0,0.0,0.0,-1.0
P07270,Q03860,0,topology_cl3,0.0014970059880239522,1.0,1.0,0.0,0.0,-1.0
P00927,P08964,0,topology_cl3,0.0014970059880239522,1.0,1.0,0.0,0.0,5.0
P03962,Q04921,0,topology_cl3,0.0014970059880239522,1.0,1.0,0.0,0.0,-1.0
P04386,P32849,0,topology_cl3,0.0014970059880239522,1.0,1.0,0.0,0.0,-1.0
P53617,Q06440,0,topology_cl3,0.0014970059880239522,1.0,1.0,0.0,0.0,-1.0
P03962,P29340,0,topology_cl3,0.0014970059880239522,1.0,1.0,0.0,0.0,-1.0
P20050,Q04003,0,topology_cl3,0.0014970059880239522,1.0,1.0,0.0,0.0,-1.0
P25367,P32628,0,topology_cl3,0.0014970059880239522,1.0,1.0,0.0,0.0,-1.0
P03962,P53184,0,topology_cl3,0.0014970059880239522,1.0,1.0,0.0,0.0,-1.0
P53895,Q12102,0,topology_cl3,0.0014970059880239522,1.0,1.0,0.0,0.0,-1.0
P09201,P41697,0,topology_cl3,0.0014970059880239522,1.0,1.0,0.0,0.0,-1.0
P17065,P53184,0,topology_cl3,0.0014970059880239522,1.0,1.0,0.0,0.0,-1.0
P32639,Q03898,0,topology_cl3,0.0014970059880239522,1.0,1.0,0.0,0.0,-1.0
P20050,P40957,0,topology_cl3,0.0014970059880239522,1.0,1.0,0.0,0.0,4.0
P0C0X0,P26343,0,topology_cl3,0.0014970059880239522,1.0,1.0,0.0,0.0,-1.0
P07272,Q06708,0,topology_cl3,0.0014970059880239522,1.0,1.0,0.0,0.0,-1.0
P07272,P41695,0,topology_cl3,0.0014970059880239522,1.0,1.0,0.0,0.0,-1.0
P32639,P41697,0,topology_cl3,0.0014970059880239522,1.0,1.0,0.0,0.0,4.0
P04387,P27895,0,topology_cl3,0.0014970059880239522,1.0,1.0,0.0,0.0,-1.0
P39113,P53895,0,topology_cl3,0.0014970059880239522,1.0,1.0,0.0,0.0,-1.0
P38853,Q3E7C1,0,topology_cl3,0.0014970059880239522,1.0,1.0,0.0,0.0,-1.0
P47095,Q12334,0,topology_cl3,0.0014970059880239522,1.0,1.0,0.0,0.0,-1.0
P38247,P40202,0,topology_cl3,0.0014970059880239522,1.0,1.0,0.0,0.0,-1.0
P00927,P40957,0,topology_cl3,0.0014970059880239522,1.0,1.0,0.0,0.0,4.0
P31539,P54861,0,topology_cl3,0.0014970059880239522,1.0,1.0,0.0,0.0,-1.0
P20967,Q06440,0,topology_cl3,0.0014970059880239522,1.0,1.0,0.0,0.0,6.0
Q12102,Q12334,0,topology_cl3,0.0014970059880239522,1.0,1.0,0.0,0.0,-1.0
P20050,P40151,0,topology_cl3,0.0014970059880239522,1.0,1.0,0.0,0.0,4.0
Q04921,Q3E7C1,0,topology_cl3,0.0014970059880239522,1.0,1.0,0.0,0.0,-1.0
P26343,P41921,0,topology_cl3,0.0014970059880239522,1.0,1.0,0.0,0.0,-1.0
P40485,Q06440,0,topology_cl3,0.0014970059880239522,1.0,1.0,0.0,0.0,-1.0
P00927,P0C0X0,0,topology_cl3,0.0014970059880239522,1.0,1.0,0.0,0.0,-1.0
P38247,Q03860,0,topology_cl3,0.0014970059880239522,1.0,1.0,0.0,0.0,-1.0
P04387,P54861,0,topology_cl3,0.0014970059880239522,1.0,1.0,0.0,0.0,-1.0
P26343,P61829,0,topology_cl3,0.0014970059880239522,1.0,1.0,0.0,0.0,-1.0
P20050,Q12084,0,topology_cl3,0.0014970059880239522,1.0,1.0,0.0,0.0,4.0
P32639,P54861,0,topology_cl3,0.0014970059880239522,1.0,1.0,0.0,0.0,-1.0
P40151,P54861,0,topology_cl3,0.0014970059880239522,1.0,1.0,0.0,0.0,-1.0
P03962,P04387,0,topology_cl3,0.0014970059880239522,1.0,1.0,0.0,0.0,-1.0
P32639,P41695,0,topology_cl3,0.0014970059880239522,1.0,1.0,0.0,0.0,-1.0
P25367,P32504,0,topology_cl3,0.0014970059880239522,1.0,1.0,0.0,0.0,-1.0
P40957,Q12334,0,topology_cl3,0.0014970059880239522,1.0,1.0,0.0,0.0,-1.0
P20050,P32917,0,topology_cl3,0.0014970059880239522,1.0,1.0,0.0,0.0,6.0
Q08581,Q12334,0,topology_cl3,0.0014970059880239522,1.0,1.0,0.0,0.0,-1.0
P03962,P25638,0,topology_cl3,0.0014970059880239522,1.0,1.0,0.0,0.0,-1.0
P07270,P32849,0,topology_cl3,0.0014970059880239522,1.0,1.0,0.0,0.0,-1.0
P08638,P32639,0,topology_cl3,0.0014970059880239522,1.0,1.0,0.0,0.0,-1.0
P20967,Q04921,0,topology_cl3,0.0014970059880239522,1.0,1.0,0.0,0.0,5.0
P29340,Q12102,0,topology_cl3,0.0014970059880239522,1.0,1.0,0.0,0.0,-1.0
P25367,P53184,0,topology_cl3,0.0014970059880239522,1.0,1.0,0.0,0.0,-1.0
P07272,P32917,0,topology_cl3,0.0014970059880239522,1.0,1.0,0.0,0.0,-1.0
P11746,Q12102,0,topology_cl3,0.0014970059880239522,1.0,1.0,0.0,0.0,-1.0
P00447,P41921,0,topology_cl3,0.0014970059880239522,1.0,1.0,0.0,0.0,-1.0
P39113,Q12154,0,topology_cl3,0.0014970059880239522,1.0,1.0,0.0,0.0,-1.0
P17555,P40957,0,topology_cl3,0.0014970059880239522,1.0,1.0,0.0,0.0,5.0
P07272,Q12154,0,topology_cl3,0.0014970059880239522,1.0,1.0,0.0,0.0,-1.0
P04387,P47115,0,topology_cl3,0.0014970059880239522,1.0,1.0,0.0,0.0,-1.0
P00812,P32917,0,topology_cl3,0.0014970059880239522,1.0,1.0,0.0,0.0,-1.0
P15442,Q12334,0,topology_cl3,0.0014970059880239522,1.0,1.0,0.0,0.0,-1.0
P26343,P40957,0,topology_cl3,0.0014970059880239522,1.0,1.0,0.0,0.0,-1.0
P38748,P47115,0,topology_cl3,0.0014970059880239522,1.0,1.0,0.0,0.0,5.0
P03962,P26343,0,topology_cl3,0.0014970059880239522,1.0,1.0,0.0,0.0,-1.0
P32628,P32849,0,topology_cl3,0.0014970059880239522,1.0,1.0,0.0,0.0,-1.0
P40485,Q06704,0,topology_cl3,0.0014970059880239522,1.0,1.0,0.0,0.0,-1.0
P20967,P54861,0,topology_cl3,0.0014970059880239522,1.0,1.0,0.0,0.0,-1.0
P00812,P32361,0,topology_cl3,0.0014970059880239522,1.0,1.0,0.0,0.0,5.0
P47025,Q04003,0,topology_cl3,0.0014970059880239522,1.0,1.0,0.0,0.0,-1.0
P07272,P29340,0,topology_cl3,0.0014970059880239522,1.0,1.0,0.0,0.0,5.0
P36036,P53617,0,topology_cl3,0.0014970059880239522,1.0,1.0,0.0,0.0,-1.0
P08638,Q06704,0,topology_cl3,0.0014970059880239522,1.0,1.0,0.0,0.0,4.0
P07272,Q04411,0,topology_cl3,0.0014970059880239522,1.0,1.0,0.0,0.0,-1.0
P08964,P40202,0,topology_cl3,0.0014970059880239522,1.0,1.0,0.0,0.0,-1.0
P08638,Q12334,0,topology_cl3,0.0014970059880239522,1.0,1.0,0.0,0.0,-1.0
P20967,P40963,0,topology_cl3,0.0014970059880239522,1.0,1.0,0.0,0.0,-1.0
P00447,P08638,0,topology_cl3,0.0014970059880239522,1.0,1.0,0.0,0.0,-1.0
P61829,Q08581,0,topology_cl3,0.0014970059880239522,1.0,1.0,0.0,0.0,5.0
P32504,Q04003,0,topology_cl3,0.0014970059880239522,1.0,1.0,0.0,0.0,-1.0
P28743,P40202,0,topology_cl3,0.0014970059880239522,1.0,1.0,0.0,0.0,-1.0
P07272,P32639,0,topology_cl3,0.0014970059880239522,1.0,1.0,0.0,0.0,-1.0
P53617,P81449,0,topology_cl3,0.0014970059880239522,1.0,1.0,0.0,0.0,5.0
P00447,P53895,0,topology_cl3,0.0014970059880239522,1.0,1.0,0.0,0.0,-1.0
P32361,P32504,0,topology_cl3,0.0014970059880239522,1.0,1.0,0.0,0.0,4.0
P08638,P47011,0,topology_cl3,0.0014970059880239522,1.0,1.0,0.0,0.0,-1.0
P08964,Q12334,0,topology_cl3,0.0014970059880239522,1.0,1.0,0.0,0.0,-1.0
Q02100,Q04921,0,topology_cl3,0.0014970059880239522,1.0,1.0,0.0,0.0,4.0
P36036,Q04003,0,topology_cl3,0.0014970059880239522,1.0,1.0,0.0,0.0,-1.0
P36036,P48361,0,topology_cl3,0.0014970059880239522,1.0,1.0,0.0,0.0,5.0
P04386,P31539,0,topology_cl3,0.0014970059880239522,1.0,1.0,0.0,0.0,-1.0
P08964,P38247,0,topology_cl3,0.0014970059880239522,1.0,1.0,0.0,0.0,5.0
P20050,Q02100,0,topology_cl3,0.0014970059880239522,1.0,1.0,0.0,0.0,6.0
P54861,Q04003,0,topology_cl3,0.0014970059880239522,1.0,1.0,0.0,0.0,-1.0
P00812,P15442,0,topology_cl3,0.0014970059880239522,1.0,1.0,0.0,0.0,6.0
P07270,P61829,0,topology_cl3,0.0014970059880239522,1.0,1.0,0.0,0.0,-1.0
P15442,Q12365,0,topology_cl3,0.0014970059880239522,1.0,1.0,0.0,0.0,6.0
P41921,Q02100,0,topology_cl3,0.0014970059880239522,1.0,1.0,0.0,0.0,-1.0
P31539,P53184,0,topology_cl3,0.0014970059880239522,1.0,1.0,0.0,0.0,5.0
P31539,P40151,0,topology_cl3,0.0014970059880239522,1.0,1.0,0.0,0.0,-1.0
P41695,P61829,0,topology_cl3,0.0014970059880239522,1.0,1.0,0.0,0.0,4.0
P32628,P40485,0,topology_cl3,0.0014970059880239522,1.0,1.0,0.0,0.0,-1.0
P29340,P38853,0,topology_cl3,0.0014970059880239522,1.0,1.0,0.0,0.0,-1.0
P03962,P04386,0,topology_cl3,0.0014970059880239522,1.0,1.0,0.0,0.0,-1.0
P32628,Q06440,0,topology_cl3,0.0014970059880239522,1.0,1.0,0.0,0.0,-1.0
P36036,Q12390,0,topology_cl3,0.0014970059880239522,1.0,1.0,0.0,0.0,-1.0
P00447,P17555,0,topology_cl3,0.0014970059880239522,1.0,1.0,0.0,0.0,-1.0
P81449,Q12154,0,topology_cl3,0.0014970059880239522,1.0,1.0,0.0,0.0,4.0
P32505,Q03898,0,topology_cl3,0.0014970059880239522,1.0,1.0,0.0,0.0,5.0
P53617,Q04003,0,topology_cl3,0.0014970059880239522,1.0,1.0,0.0,0.0,-1.0
P32639,Q02100,0,topology_cl3,0.0014970059880239522,1.0,1.0,0.0,0.0,6.0
P25638,P54861,0,topology_cl3,0.0014970059880239522,1.0,1.0,0.0,0.0,-1.0
P07272,Q06440,0,topology_cl3,0.0014970059880239522,1.0,1.0,0.0,0.0,-1.0
P00447,P11746,0,topology_cl3,0.0014970059880239522,1.0,1.0,0.0,0.0,-1.0
P25638,P32361,0,topology_cl3,0.0014970059880239522,1.0,1.0,0.0,0.0,4.0
P32639,Q03860,0,topology_cl3,0.0014970059880239522,1.0,1.0,0.0,0.0,-1.0
P07272,Q12084,0,topology_cl3,0.0014970059880239522,1.0,1.0,0.0,0.0,-1.0
P00927,P47025,0,topology_cl3,0.0014970059880239522,1.0,1.0,0.0,0.0,-1.0
Q04411,Q05791,0,topology_cl3,0.0014970059880239522,1.0,1.0,0.0,0.0,-1.0
P20050,P61829,0,topology_cl3,0.0014970059880239522,1.0,1.0,0.0,0.0,6.0
P41697,P48361,0,topology_cl3,0.0014970059880239522,1.0,1.0,0.0,0.0,6.0
P40963,Q12334,0,topology_cl3,0.0014970059880239522,1.0,1.0,0.0,0.0,-1.0
P20967,P25367,0,topology_cl3,0.0014970059880239522,1.0,1.0,0.0,0.0,-1.0
P32361,P48361,0,topology_cl3,0.0014970059880239522,1.0,1.0,0.0,0.0,5.0
P47011,Q02100,0,topology_cl3,0.0014970059880239522,1.0,1.0,0.0,0.0,-1.0
P61829,Q06708,0,topology_cl3,0.0014970059880239522,1.0,1.0,0.0,0.0,-1.0
P0C0X0,P38748,0,topology_cl3,0.0014970059880239522,1.0,1.0,0.0,0.0,5.0
P32917,Q12102,0,topology_cl3,0.0014970059880239522,1.0,1.0,0.0,0.0,-1.0
P17065,Q04921,0,topology_cl3,0.0014970059880239522,1.0,1.0,0.0,0.0,6.0
P47115,Q12390,0,topology_cl3,0.0014970059880239522,1.0,1.0,0.0,0.0,-1.0
P47115,P81449,0,topology_cl3,0.0014970059880239522,1.0,1.0,0.0,0.0,6.0
P00927,P53184,0,topology_cl3,0.0014970059880239522,1.0,1.0,0.0,0.0,5.0
Q04921,Q06440,0,topology_cl3,0.0014970059880239522,1.0,1.0,0.0,0.0,-1.0
P47095,Q12084,0,topology_cl3,0.0014970059880239522,1.0,1.0,0.0,0.0,5.0
P31539,Q06440,0,topology_cl3,0.0014970059880239522,1.0,1.0,0.0,0.0,-1.0
P32505,P36036,0,topology_cl3,0.0014970059880239522,1.0,1.0,0.0,0.0,6.0
P28795,P32917,0,topology_cl3,0.0014970059880239522,1.0,1.0,0.0,0.0,-1.0
P28795,P32849,0,topology_cl3,0.0014970059880239522,1.0,1.0,0.0,0.0,-1.0
P32639,P48361,0,topology_cl3,0.0014970059880239522,1.0,1.0,0.0,0.0,-1.0
P00812,P22804,0,topology_cl3,0.0014970059880239522,1.0,1.0,0.0,0.0,-1.0
P03962,P28795,0,topology_cl3,0.0014970059880239522,1.0,1.0,0.0,0.0,-1.0
P08964,P32639,0,topology_cl3,0.0014970059880239522,1.0,1.0,0.0,0.0,-1.0
P54861,Q04411,0,topology_cl3,0.0014970059880239522,1.0,1.0,0.0,0.0,-1.0
P36036,Q02100,0,topology_cl3,0.0014970059880239522,1.0,1.0,0.0,0.0,6.0
P07272,P28743,0,topology_cl3,0.0014970059880239522,1.0,1.0,0.0,0.0,-1.0
P32361,P32639,0,topology_cl3,0.0014970059880239522,1.0,1.0,0.0,0.0,-1.0
P00812,P25367,0,topology_cl3,0.0014970059880239522,1.0,1.0,0.0,0.0,-1.0
P04386,P32505,0,topology_cl3,0.0014970059880239522,1.0,1.0,0.0,0.0,-1.0
Q12154,Q12334,0,topology_cl3,0.0014970059880239522,1.0,1.0,0.0,0.0,-1.0
P00812,Q02100,0,topology_cl3,0.0014970059880239522,1.0,1.0,0.0,0.0,6.0
P07272,Q02100,0,topology_cl3,0.0014970059880239522,1.0,1.0,0.0,0.0,-1.0
P09201,P26343,0,topology_cl3,0.0014970059880239522,1.0,1.0,0.0,0.0,-1.0
P25638,Q3E7C1,0,topology_cl3,0.0014970059880239522,1.0,1.0,0.0,0.0,-1.0
P28795,Q06704,0,topology_cl3,0.0014970059880239522,1.0,1.0,0.0,0.0,-1.0
P28743,P40151,0,topology_cl3,0.0014970059880239522,1.0,1.0,0.0,0.0,6.0
P08964,P47115,0,topology_cl3,0.0014970059880239522,1.0,1.0,0.0,0.0,5.0
P17555,Q12365,0,topology_cl3,0.0014970059880239522,1.0,1.0,0.0,0.0,5.0
P29340,P40202,0,topology_cl3,0.0014970059880239522,1.0,1.0,0.0,0.0,5.0
P07272,Q06675,0,topology_cl3,0.0014970059880239522,1.0,1.0,0.0,0.0,-1.0
P17065,P20050,0,topology_cl3,0.0014970059880239522,1.0,1.0,0.0,0.0,6.0
P41697,Q03860,0,topology_cl3,0.0014970059880239522,1.0,1.0,0.0,0.0,-1.0
P53184,P54861,0,topology_cl3,0.0014970059880239522,1.0,1.0,0.0,0.0,-1.0
P41921,P48361,0,topology_cl3,0.0014970059880239522,1.0,1.0,0.0,0.0,-1.0
P47095,Q06440,0,topology_cl3,0.0014970059880239522,1.0,1.0,0.0,0.0,-1.0
P40325,Q12390,0,topology_cl3,0.0014970059880239522,1.0,1.0,0.0,0.0,4.0
P00927,P20050,0,topology_cl3,0.0014970059880239522,1.0,1.0,0.0,0.0,4.0
P40485,P41921,0,topology_cl3,0.0014970059880239522,1.0,1.0,0.0,0.0,-1.0
P25367,Q04921,0,topology_cl3,0.0014970059880239522,1.0,1.0,0.0,0.0,-1.0
P22804,Q12365,0,topology_cl3,0.0014970059880239522,1.0,1.0,0.0,0.0,-1.0
P32628,P32639,0,topology_cl3,0.0014970059880239522,1.0,1.0,0.0,0.0,-1.0
P04387,P08964,0,topology_cl3,0.0014970059880239522,1.0,1.0,0.0,0.0,-1.0
P27895,P39113,0,topology_cl3,0.0014970059880239522,1.0,1.0,0.0,0.0,-1.0
P40957,P41921,0,topology_cl3,0.0014970059880239522,1.0,1.0,0.0,0.0,5.0
P00447,Q06704,0,topology_cl3,0.0014970059880239522,1.0,1.0,0.0,0.0,-1.0
P04387,Q12102,0,topology_cl3,0.0014970059880239522,1.0,1.0,0.0,0.0,-1.0
P00447,P39113,0,topology_cl3,0.0014970059880239522,1.0,1.0,0.0,0.0,-1.0
P17555,P38853,0,topology_cl3,0.0014970059880239522,1.0,1.0,0.0,0.0,5.0
P47095,P61829,0,topology_cl3,0.0014970059880239522,1.0,1.0,0.0,0.0,5.0
P28743,P61829,0,topology_cl3,0.0014970059880239522,1.0,1.0,0.0,0.0,4.0
P47025,P61829,0,topology_cl3,0.0014970059880239522,1.0,1.0,0.0,0.0,-1.0
P00927,P11746,0,topology_cl3,0.0014970059880239522,1.0,1.0,0.0,0.0,-1.0
P15442,P22804,0,topology_cl3,0.0014970059880239522,1.0,1.0,0.0,0.0,-1.0
P32504,Q12084,0,topology_cl3,0.0014970059880239522,1.0,1.0,0.0,0.0,6.0
Q06708,Q12084,0,topology_cl3,0.0014970059880239522,1.0,1.0,0.0,0.0,-1.0
P22804,Q03898,0,topology_cl3,0.0014970059880239522,1.0,1.0,0.0,0.0,-1.0
P32361,P41697,0,topology_cl3,0.0014970059880239522,1.0,1.0,0.0,0.0,5.0
P15442,Q04411,0,topology_cl3,0.0014970059880239522,1.0,1.0,0.0,0.0,-1.0
P47011,P53617,0,topology_cl3,0.0014970059880239522,1.0,1.0,0.0,0.0,-1.0
P61829,Q06704,0,topology_cl3,0.0014970059880239522,1.0,1.0,0.0,0.0,4.0
P36036,Q05791,0,topology_cl3,0.0014970059880239522,1.0,1.0,0.0,0.0,-1.0
P32849,P47025,0,topology_cl3,0.0014970059880239522,1.0,1.0,0.0,0.0,-1.0
P41695,Q12334,0,topology_cl3,0.0014970059880239522,1.0,1.0,0.0,0.0,-1.0
P11746,P25367,0,topology_cl3,0.0014970059880239522,1.0,1.0,0.0,0.0,-1.0
P0C0X0,P53617,0,topology_cl3,0.0014970059880239522,1.0,1.0,0.0,0.0,-1.0
P32917,P61829,0,topology_cl3,0.0014970059880239522,1.0,1.0,0.0,0.0,5.0
P00447,P32849,0,topology_cl3,0.0014970059880239522,1.0,1.0,0.0,0.0,-1.0
P25367,Q12154,0,topology_cl3,0.0014970059880239522,1.0,1.0,0.0,0.0,-1.0
P28743,Q04003,0,topology_cl3,0.0014970059880239522,1.0,1.0,0.0,0.0,-1.0
P08638,P20967,0,topology_cl3,0.0014970059880239522,1.0,1.0,0.0,0.0,5.0
P04386,P32628,0,topology_cl3,0.0014970059880239522,1.0,1.0,0.0,0.0,-1.0
P32505,Q06440,0,topology_cl3,0.0014970059880239522,1.0,1.0,0.0,0.0,-1.0
P32917,P81449,0,topology_cl3,0.0014970059880239522,1.0,1.0,0.0,0.0,5.0
P38853,Q12084,0,topology_cl3,0.0014970059880239522,1.0,1.0,0.0,0.0,-1.0
P47115,Q08581,0,topology_cl3,0.0014970059880239522,1.0,1.0,0.0,0.0,5.0
P32505,P40957,0,topology_cl3,0.0014970059880239522,1.0,1.0,0.0,0.0,5.0
P00447,P08964,0,topology_cl3,0.0014970059880239522,1.0,1.0,0.0,0.0,-1.0
P20967,P38247,0,topology_cl3,0.0014970059880239522,1.0,1.0,0.0,0.0,4.0
P00927,Q12334,0,topology_cl3,0.0014970059880239522,1.0,1.0,0.0,0.0,-1.0
P36036,P47011,0,topology_cl3,0.0014970059880239522,1.0,1.0,0.0,0.0,-1.0
P47025,P47095,0,topology_cl3,0.0014970059880239522,1.0,1.0,0.0,0.0,-1.0
P32361,Q03898,0,topology_cl3,0.0014970059880239522,1.0,1.0,0.0,0.0,4.0
P25367,Q12334,0,topology_cl3,0.0014970059880239522,1.0,1.0,0.0,0.0,-1.0
P32639,Q06708,0,topology_cl3,0.0014970059880239522,1.0,1.0,0.0,0.0,-1.0
Q06675,Q12154,0,topology_cl3,0.0014970059880239522,1.0,1.0,0.0,0.0,6.0
P32849,Q06440,0,topology_cl3,0.0014970059880239522,1.0,1.0,0.0,0.0,-1.0
P40202,P40325,0,topology_cl3,0.0014970059880239522,1.0,1.0,0.0,0.0,-1.0
P41695,P54861,0,topology_cl3,0.0014970059880239522,1.0,1.0,0.0,0.0,-1.0
P39007,P41695,0,topology_cl3,0.0029940119760479044,2.0,1.0,0.0,0.0,-1.0
P40582,P48361,0,topology_cl3,0.0029940119760479044,2.0,1.0,0.0,0.0,6.0
P31539,P39996,0,topology_cl3,0.0029940119760479044,1.0,2.0,0.0,0.0,5.0
P08964,P40582,0,topology_cl3,0.0029940119760479044,1.0,2.0,0.0,0.0,5.0
P22804,P24279,0,topology_cl3,0.0029940119760479044,1.0,2.0,0.0,0.0,-1.0
P53971,Q12084,0,topology_cl3,0.0029940119760479044,2.0,1.0,0.0,0.0,6.0
P32389,P32917,0,topology_cl3,0.0029940119760479044,2.0,1.0,0.0,0.0,6.0
P23337,P41695,0,topology_cl3,0.0029940119760479044,2.0,1.0,0.0,0.0,-1.0
P46964,Q12084,0,topology_cl3,0.0029940119760479044,2.0,1.0,0.0,0.0,-1.0
P20967,P39007,0,topology_cl3,0.0029940119760479044,1.0,2.0,0.0,0.0,-1.0
P31111,Q06675,0,topology_cl3,0.0029940119760479044,2.0,1.0,0.0,0.0,5.0
P40957,Q03790,0,topology_cl3,0.0029940119760479044,1.0,2.0,0.0,0.0,6.0
P46946,Q08581,0,topology_cl3,0.0029940119760479044,2.0,1.0,0.0,0.0,4.0
P15442,Q12066,0,topology_cl3,0.0029940119760479044,1.0,2.0,0.0,0.0,-1.0
Q05568,Q06675,0,topology_cl3,0.0029940119760479044,2.0,1.0,0.0,0.0,-1.0
P31111,P38247,0,topology_cl3,0.0029940119760479044,2.0,1.0,0.0,0.0,5.0
P32389,P40963,0,topology_cl3,0.0029940119760479044,2.0,1.0,0.0,0.0,-1.0
P24279,Q04411,0,topology_cl3,0.0029940119760479044,2.0,1.0,0.0,0.0,-1.0
P40485,Q92331,0,topology_cl3,0.0029940119760479044,1.0,2.0,0.0,0.0,6.0
P38930,Q04411,0,topology_cl3,0.0029940119760479044,2.0,1.0,0.0,0.0,-1.0
P29469,P41697,0,topology_cl3,0.0029940119760479044,2.0,1.0,0.0,0.0,5.0
P41543,Q04921,0,topology_cl3,0.0029940119760479044,2.0,1.0,0.0,0.0,-1.0
P29340,Q12066,0,topology_cl3,0.0029940119760479044,1.0,2.0,0.0,0.0,-1.0
P20967,Q03790,0,topology_cl3,0.0029940119760479044,1.0,2.0,0.0,0.0,5.0
P16649,P17065,0,topology_cl3,0.0029940119760479044,2.0,1.0,0.0,0.0,-1.0
P04387,P46946,0,topology_cl3,0.0029940119760479044,1.0,2.0,0.0,0.0,-1.0
P04821,P22804,0,topology_cl3,0.0029940119760479044,2.0,1.0,0.0,0.0,-1.0
P15873,P81449,0,topology_cl3,0.0029940119760479044,2.0,1.0,0.0,0.0,4.0
P38930,P41921,0,topology_cl3,0.0029940119760479044,2.0,1.0,0.0,0.0,5.0
P04807,P25367,0,topology_cl3,0.0029940119760479044,2.0,1.0,0.0,0.0,-1.0
P38748,Q12033,0,topology_cl3,0.0029940119760479044,1.0,2.0,0.0,0.0,-1.0
P04386,Q05568,0,topology_cl3,0.0029940119760479044,1.0,2.0,0.0,0.0,-1.0
P0C0X0,P39007,0,topology_cl3,0.0029940119760479044,1.0,2.0,0.0,0.0,-1.0
P06778,P54861,0,topology_cl3,0.0029940119760479044,2.0,1.0,0.0,0.0,-1.0
P29469,P32628,0,topology_cl3,0.0029940119760479044,2.0,1.0,0.0,0.0,-1.0
P04386,P23337,0,topology_cl3,0.0029940119760479044,1.0,2.0,0.0,0.0,-1.0
P47115,Q06169,0,topology_cl3,0.0029940119760479044,1.0,2.0,0.0,0.0,-1.0
P17065,P21524,0,topology_cl3,0.0029940119760479044,1.0,2.0,0.0,0.0,-1.0
P04807,P25638,0,topology_cl3,0.0029940119760479044,2.0,1.0,0.0,0.0,4.0
P52917,Q03860,0,topology_cl3,0.0029940119760479044,2.0,1.0,0.0,0.0,-1.0
P09201,P31111,0,topology_cl3,0.0029940119760479044,1.0,2.0,0.0,0.0,5.0
P08964,P15873,0,topology_cl3,0.0029940119760479044,1.0,2.0,0.0,0.0,5.0
P40485,Q06169,0,topology_cl3,0.0029940119760479044,1.0,2.0,0.0,0.0,-1.0
P25367,P31111,0,topology_cl3,0.0029940119760479044,1.0,2.0,0.0,0.0,-1.0
P0C0X0,P25293,0,topology_cl3,0.0029940119760479044,1.0,2.0,0.0,0.0,6.0
P40202,Q12066,0,topology_cl3,0.0029940119760479044,1.0,2.0,0.0,0.0,-1.0
P43605,Q12334,0,topology_cl3,0.0029940119760479044,2.0,1.0,0.0,0.0,-1.0
P39996,P53895,0,topology_cl3,0.0029940119760479044,2.0,1.0,0.0,0.0,6.0
P08964,P52917,0,topology_cl3,0.0029940119760479044,1.0,2.0,0.0,0.0,-1.0
P29469,Q03898,0,topology_cl3,0.0029940119760479044,2.0,1.0,0.0,0.0,4.0
P04821,P81449,0,topology_cl3,0.0029940119760479044,2.0,1.0,0.0,0.0,4.0
P07270,P39007,0,topology_cl3,0.0029940119760479044,1.0,2.0,0.0,0.0,-1.0
P15873,P47011,0,topology_cl3,0.0029940119760479044,2.0,1.0,0.0,0.0,-1.0
P39113,P53971,0,topology_cl3,0.0029940119760479044,1.0,2.0,0.0,0.0,-1.0
P22804,P39007,0,topology_cl3,0.0029940119760479044,1.0,2.0,0.0,0.0,-1.0
P25638,P46954,0,topology_cl3,0.0029940119760479044,1.0,2.0,0.0,0.0,6.0
P22804,Q03790,0,topology_cl3,0.0029940119760479044,1.0,2.0,0.0,0.0,-1.0
P08964,P43605,0,topology_cl3,0.0029940119760479044,1.0,2.0,0.0,0.0,4.0
P41543,Q12154,0,topology_cl3,0.0029940119760479044,2.0,1.0,0.0,0.0,-1.0
P00927,P41543,0,topology_cl3,0.0029940119760479044,1.0,2.0,0.0,0.0,-1.0
P38930,Q3E7C1,0,topology_cl3,0.0029940119760479044,2.0,1.0,0.0,0.0,-1.0
P39996,P81449,0,topology_cl3,0.0029940119760479044,2.0,1.0,0.0,0.0,4.0
P00812,P06778,0,topology_cl3,0.0029940119760479044,1.0,2.0,0.0,0.0,4.0
P14904,P36036,0,topology_cl3,0.0029940119760479044,2.0,1.0,0.0,0.0,5.0
P04807,Q12102,0,topology_cl3,0.0029940119760479044,2.0,1.0,0.0,0.0,5.0
P32505,Q05568,0,topology_cl3,0.0029940119760479044,1.0,2.0,0.0,0.0,-1.0
Q03790,Q04411,0,topology_cl3,0.0029940119760479044,2.0,1.0,0.0,0.0,-1.0
P15442,Q05568,0,topology_cl3,0.0029940119760479044,1.0,2.0,0.0,0.0,-1.0
P40325,Q03818,0,topology_cl3,0.0029940119760479044,1.0,2.0,0.0,0.0,4.0
P09201,Q05568,0,topology_cl3,0.0029940119760479044,1.0,2.0,0.0,0.0,-1.0
P00927,P30771,0,topology_cl3,0.0029940119760479044,1.0,2.0,0.0,0.0,-1.0
P21524,Q12390,0,topology_cl3,0.0029940119760479044,2.0,1.0,0.0,0.0,-1.0
Q04003,Q12066,0,topology_cl3,0.0029940119760479044,1.0,2.0,0.0,0.0,-1.0
P32389,P40325,0,topology_cl3,0.0029940119760479044,2.0,1.0,0.0,0.0,5.0
P41543,Q12334,0,topology_cl3,0.0029940119760479044,2.0,1.0,0.0,0.0,-1.0
P31111,P40325,0,topology_cl3,0.0029940119760479044,2.0,1.0,0.0,0.0,4.0
P28795,Q03818,0,topology_cl3,0.0029940119760479044,1.0,2.0,0.0,0.0,-1.0
P17555,P24279,0,topology_cl3,0.0029940119760479044,1.0,2.0,0.0,0.0,4.0
P11746,P23337,0,topology_cl3,0.0029940119760479044,1.0,2.0,0.0,0.0,-1.0
P28743,P36094,0,topology_cl3,0.0029940119760479044,1.0,2.0,1.0,0.0,2.0
P30771,P38748,0,topology_cl3,0.0029940119760479044,2.0,1.0,0.0,0.0,-1.0
P25638,Q92331,0,topology_cl3,0.0029940119760479044,1.0,2.0,0.0,0.0,5.0
P11075,P17555,0,topology_cl3,0.0029940119760479044,2.0,1.0,0.0,0.0,5.0
Q12066,Q12084,0,topology_cl3,0.0029940119760479044,2.0,1.0,0.0,0.0,-1.0
P29340,P29469,0,topology_cl3,0.0029940119760479044,1.0,2.0,0.0,0.0,-1.0
P04821,P41695,0,topology_cl3,0.0029940119760479044,2.0,1.0,0.0,0.0,4.0
P38930,P40151,0,topology_cl3,0.0029940119760479044,2.0,1.0,0.0,0.0,4.0
P07272,P39007,0,topology_cl3,0.0029940119760479044,1.0,2.0,0.0,0.0,-1.0
P32389,P36036,0,topology_cl3,0.0029940119760479044,2.0,1.0,0.0,0.0,6.0
P38748,Q03790,0,topology_cl3,0.0029940119760479044,1.0,2.0,0.0,0.0,-1.0
P00812,P30771,0,topology_cl3,0.0029940119760479044,1.0,2.0,0.0,0.0,5.0
P36094,P54861,0,topology_cl3,0.0029940119760479044,2.0,1.0,0.0,0.0,-1.0
P11746,Q06169,0,topology_cl3,0.0029940119760479044,1.0,2.0,0.0,0.0,-1.0
P21524,P47025,0,topology_cl3,0.0029940119760479044,2.0,1.0,0.0,0.0,-1.0
P30771,P40151,0,topology_cl3,0.0029940119760479044,2.0,1.0,0.0,0.0,6.0
P41921,P52917,0,topology_cl3,0.0029940119760479044,1.0,2.0,0.0,0.0,-1.0
P52917,P54861,0,topology_cl3,0.0029940119760479044,2.0,1.0,0.0,0.0,-1.0
P32389,P39113,0,topology_cl3,0.0029940119760479044,2.0,1.0,0.0,0.0,-1.0
P00927,P16649,0,topology_cl3,0.0029940119760479044,1.0,2.0,0.0,0.0,5.0
P24279,Q03860,0,topology_cl3,0.0029940119760479044,2.0,1.0,0.0,0.0,-1.0
Q04921,Q05568,0,topology_cl3,0.0029940119760479044,1.0,2.0,0.0,0.0,-1.0
P36036,Q06169,0,topology_cl3,0.0029940119760479044,1.0,2.0,0.0,0.0,-1.0
P04386,P52917,0,topology_cl3,0.0029940119760479044,1.0,2.0,0.0,0.0,-1.0
P00927,P46954,0,topology_cl3,0.0029940119760479044,1.0,2.0,0.0,0.0,6.0
P20050,P53971,0,topology_cl3,0.0029940119760479044,1.0,2.0,0.0,0.0,6.0
P32505,Q06169,0,topology_cl3,0.0029940119760479044,1.0,2.0,0.0,0.0,6.0
P04807,P47115,0,topology_cl3,0.0029940119760479044,2.0,1.0,0.0,0.0,5.0
P11746,P36094,0,topology_cl3,0.0029940119760479044,1.0,2.0,0.0,0.0,-1.0
P15873,P25367,0,topology_cl3,0.0029940119760479044,2.0,1.0,0.0,0.0,-1.0
P38247,Q06169,0,topology_cl3,0.0029940119760479044,1.0,2.0,0.0,0.0,6.0
Q05568,Q12102,0,topology_cl3,0.0029940119760479044,2.0,1.0,0.0,0.0,-1.0
P04807,P08964,0,topology_cl3,0.0029940119760479044,2.0,1.0,0.0,0.0,4.0
P30771,P53895,0,topology_cl3,0.0029940119760479044,2.0,1.0,0.0,0.0,4.0
P07270,P43605,0,topology_cl3,0.0029940119760479044,1.0,2.0,0.0,0.0,-1.0
P24279,P47025,0,topology_cl3,0.0029940119760479044,2.0,1.0,0.0,0.0,-1.0
P04807,P22804,0,topology_cl3,0.0029940119760479044,2.0,1.0,0.0,0.0,-1.0
P39996,P40963,0,topology_cl3,0.0029940119760479044,2.0,1.0,0.0,0.0,-1.0
P24279,P31539,0,topology_cl3,0.0029940119760479044,2.0,1.0,0.0,0.0,-1.0
P31111,P38748,0,topology_cl3,0.0029940119760479044,2.0,1.0,0.0,0.0,4.0
P14904,Q08581,0,topology_cl3,0.0029940119760479044,2.0,1.0,0.0,0.0,5.0
P0C0X0,P46964,0,topology_cl3,0.0029940119760479044,1.0,2.0,0.0,0.0,-1.0
P30771,P48361,0,topology_cl3,0.0029940119760479044,2.0,1.0,0.0,0.0,-1.0
P40963,P41543,0,topology_cl3,0.0029940119760479044,1.0,2.0,0.0,0.0,-1.0
P09938,P40963,0,topology_cl3,0.0029940119760479044,2.0,1.0,0.0,0.0,-1.0
P11075,P40325,0,topology_cl3,0.0029940119760479044,2.0,1.0,0.0,0.0,5.0
P04387,P53971,0,topology_cl3,0.0029940119760479044,1.0,2.0,0.0,0.0,-1.0
P04821,P36036,0,topology_cl3,0.0029940119760479044,2.0,1.0,0.0,0.0,6.0
P16649,P53895,0,topology_cl3,0.0029940119760479044,2.0,1.0,0.0,0.0,4.0
P11075,P40151,0,topology_cl3,0.0029940119760479044,2.0,1.0,1.0,0.0,2.0
P30771,P38853,0,topology_cl3,0.0029940119760479044,2.0,1.0,0.0,0.0,-1.0
P11746,Q92331,0,topology_cl3,0.0029940119760479044,1.0,2.0,0.0,0.0,-1.0
P04386,P38930,0,topology_cl3,0.0029940119760479044,1.0,2.0,0.0,0.0,-1.0
P20967,P36094,0,topology_cl3,0.0029940119760479044,1.0,2.0,0.0,0.0,4.0
P16649,Q12084,0,topology_cl3,0.0029940119760479044,2.0,1.0,0.0,0.0,6.0
P29469,Q04003,0,topology_cl3,0.0029940119760479044,2.0,1.0,0.0,0.0,-1.0
P04807,P28743,0,topology_cl3,0.0029940119760479044,2.0,1.0,0.0,0.0,5.0
P38748,Q12020,0,topology_cl3,0.0029940119760479044,1.0,2.0,0.0,0.0,5.0
P53971,Q08581,0,topology_cl3,0.0029940119760479044,2.0,1.0,0.0,0.0,5.0
P09938,P11746,0,topology_cl3,0.0029940119760479044,2.0,1.0,0.0,0.0,-1.0
P00812,P46946,0,topology_cl3,0.0029940119760479044,1.0,2.0,0.0,0.0,5.0
P31539,P46954,0,topology_cl3,0.0029940119760479044,1.0,2.0,0.0,0.0,-1.0
P25293,P25638,0,topology_cl3,0.0029940119760479044,2.0,1.0,0.0,0.0,4.0
P24279,P28795,0,topology_cl3,0.0029940119760479044,2.0,1.0,0.0,0.0,-1.0
P41543,Q05791,0,topology_cl3,0.0029940119760479044,2.0,1.0,0.0,0.0,-1.0
P17065,P52917,0,topology_cl3,0.0029940119760479044,1.0,2.0,0.0,0.0,-1.0
P29469,Q04411,0,topology_cl3,0.0029940119760479044,2.0,1.0,0.0,0.0,-1.0
P17555,Q06169,0,topology_cl3,0.0029940119760479044,1.0,2.0,0.0,0.0,5.0
P04386,Q06169,0,topology_cl3,0.0029940119760479044,1.0,2.0,0.0,0.0,-1.0
P20967,P41543,0,topology_cl3,0.0029940119760479044,1.0,2.0,0.0,0.0,-1.0
P38748,Q92331,0,topology_cl3,0.0029940119760479044,1.0,2.0,0.0,0.0,6.0
P40485,Q05568,0,topology_cl3,0.0029940119760479044,1.0,2.0,0.0,0.0,-1.0
P14904,P38247,0,topology_cl3,0.0029940119760479044,2.0,1.0,0.0,0.0,4.0
P00812,Q12020,0,topology_cl3,0.0029940119760479044,1.0,2.0,0.0,0.0,-1.0
P32504,P41543,0,topology_cl3,0.0029940119760479044,1.0,2.0,0.0,0.0,-1.0
P48361,P52917,0,topology_cl3,0.0029940119760479044,1.0,2.0,0.0,0.0,-1.0
P15442,Q12020,0,topology_cl3,0.0029940119760479044,1.0,2.0,0.0,0.0,-1.0
P07270,P46954,0,topology_cl3,0.0029940119760479044,1.0,2.0,0.0,0.0,-1.0
P29469,P47011,0,topology_cl3,0.0029940119760479044,2.0,1.0,0.0,0.0,-1.0
P40202,Q92331,0,topology_cl3,0.0029940119760479044,1.0,2.0,0.0,0.0,-1.0
P16649,P25638,0,topology_cl3,0.0029940119760479044,2.0,1.0,0.0,0.0,4.0
P15873,Q3E7C1,0,topology_cl3,0.0029940119760479044,2.0,1.0,0.0,0.0,-1.0
P07272,Q12033,0,topology_cl3,0.0029940119760479044,1.0,2.0,0.0,0.0,5.0
P39007,P81449,0,topology_cl3,0.0029940119760479044,2.0,1.0,0.0,0.0,-1.0
P32361,Q05580,0,topology_cl3,0.0029940119760479044,1.0,2.0,0.0,0.0,5.0
P04821,P07270,0,topology_cl3,0.0029940119760479044,2.0,1.0,0.0,0.0,-1.0
P41921,Q03818,0,topology_cl3,0.0029940119760479044,1.0,2.0,0.0,0.0,6.0
P38748,P46954,0,topology_cl3,0.0029940119760479044,1.0,2.0,0.0,0.0,-1.0
P11075,P32849,0,topology_cl3,0.0029940119760479044,2.0,1.0,0.0,0.0,-1.0
P30771,P47095,0,topology_cl3,0.0029940119760479044,2.0,1.0,0.0,0.0,6.0
P24279,P47011,0,topology_cl3,0.0029940119760479044,2.0,1.0,0.0,0.0,-1.0
P14904,P61829,0,topology_cl3,0.0029940119760479044,2.0,1.0,0.0,0.0,4.0
P28795,P36094,0,topology_cl3,0.0029940119760479044,1.0,2.0,0.0,0.0,-1.0
P04386,Q03790,0,topology_cl3,0.0029940119760479044,1.0,2.0,0.0,0.0,-1.0
P25367,P46964,0,topology_cl3,0.0029940119760479044,1.0,2.0,0.0,0.0,-1.0
P40202,P41543,0,topology_cl3,0.0029940119760479044,1.0,2.0,0.0,0.0,-1.0
P38748,P39007,0,topology_cl3,0.0029940119760479044,1.0,2.0,0.0,0.0,-1.0
P32628,P46946,0,topology_cl3,0.0029940119760479044,1.0,2.0,0.0,0.0,-1.0
P00447,P09938,0,topology_cl3,0.0029940119760479044,1.0,2.0,0.0,0.0,-1.0
P41697,Q03790,0,topology_cl3,0.0029940119760479044,1.0,2.0,0.0,0.0,-1.0
P32361,Q12020,0,topology_cl3,0.0029940119760479044,1.0,2.0,0.0,0.0,6.0
P32849,Q12033,0,topology_cl3,0.0029940119760479044,1.0,2.0,0.0,0.0,-1.0
P29469,P53617,0,topology_cl3,0.0029940119760479044,2.0,1.0,0.0,0.0,-1.0
P39007,P40963,0,topology_cl3,0.0029940119760479044,2.0,1.0,0.0,0.0,-1.0
P04821,Q08581,0,topology_cl3,0.0029940119760479044,2.0,1.0,0.0,0.0,5.0
P09201,P39007,0,topology_cl3,0.0029940119760479044,1.0,2.0,0.0,0.0,-1.0
P25638,Q12020,0,topology_cl3,0.0029940119760479044,1.0,2.0,0.0,0.0,-1.0
P21524,Q12334,0,topology_cl3,0.0029940119760479044,2.0,1.0,0.0,0.0,-1.0
Q12020,Q3E7C1,0,topology_cl3,0.0029940119760479044,2.0,1.0,0.0,0.0,-1.0
P14904,P22804,0,topology_cl3,0.0029940119760479044,2.0,1.0,0.0,0.0,-1.0
P20050,Q12066,0,topology_cl3,0.0029940119760479044,1.0,2.0,0.0,0.0,-1.0
P39007,P48361,0,topology_cl3,0.0029940119760479044,2.0,1.0,0.0,0.0,-1.0
P30771,Q05791,0,topology_cl3,0.0029940119760479044,2.0,1.0,0.0,0.0,-1.0
P23337,P40957,0,topology_cl3,0.0029940119760479044,2.0,1.0,0.0,0.0,-1.0
P21524,P27895,0,topology_cl3,0.0029940119760479044,2.0,1.0,0.0,0.0,-1.0
P53617,Q03818,0,topology_cl3,0.0029940119760479044,1.0,2.0,0.0,0.0,-1.0
P17065,Q92331,0,topology_cl3,0.0029940119760479044,1.0,2.0,0.0,0.0,6.0
P40325,P43605,0,topology_cl3,0.0029940119760479044,1.0,2.0,0.0,0.0,4.0
P32849,P46946,0,topology_cl3,0.0029940119760479044,1.0,2.0,0.0,0.0,-1.0
P32504,Q03818,0,topology_cl3,0.0029940119760479044,1.0,2.0,0.0,0.0,5.0
P29469,Q02100,0,topology_cl3,0.0029940119760479044,2.0,1.0,0.0,0.0,6.0
P38930,P47115,0,topology_cl3,0.0029940119760479044,2.0,1.0,0.0,0.0,5.0
P31111,P31539,0,topology_cl3,0.0029940119760479044,2.0,1.0,0.0,0.0,-1.0
P46946,P54861,0,topology_cl3,0.0029940119760479044,2.0,1.0,0.0,0.0,-1.0
P46954,Q06704,0,topology_cl3,0.0029940119760479044,2.0,1.0,0.0,0.0,6.0
P32389,P38853,0,topology_cl3,0.0029940119760479044,2.0,1.0,0.0,0.0,-1.0
P21524,P28743,0,topology_cl3,0.0029940119760479044,2.0,1.0,0.0,0.0,6.0
P40582,P41697,0,topology_cl3,0.0029940119760479044,2.0,1.0,0.0,0.0,-1.0
P00927,P38930,0,topology_cl3,0.0029940119760479044,1.0,2.0,0.0,0.0,5.0
P24279,P61829,0,topology_cl3,0.0029940119760479044,2.0,1.0,0.0,0.0,5.0
Q06708,Q12020,0,topology_cl3,0.0029940119760479044,1.0,2.0,0.0,0.0,-1.0
P32361,P41543,0,topology_cl3,0.0029940119760479044,1.0,2.0,0.0,0.0,-1.0
P36094,P53617,0,topology_cl3,0.0029940119760479044,2.0,1.0,0.0,0.0,6.0
P11746,P46964,0,topology_cl3,0.0029940119760479044,1.0,2.0,0.0,0.0,-1.0
P32628,P39007,0,topology_cl3,0.0029940119760479044,1.0,2.0,0.0,0.0,-1.0
P25367,Q05580,0,topology_cl3,0.0029940119760479044,1.0,2.0,0.0,0.0,-1.0
P40151,Q03790,0,topology_cl3,0.0029940119760479044,1.0,2.0,0.0,0.0,6.0
P07272,Q05568,0,topology_cl3,0.0029940119760479044,1.0,2.0,0.0,0.0,4.0
P17065,Q06169,0,topology_cl3,0.0029940119760479044,1.0,2.0,0.0,0.0,-1.0
P11075,P32505,0,topology_cl3,0.0029940119760479044,2.0,1.0,0.0,0.0,5.0
P32389,Q12084,0,topology_cl3,0.0029940119760479044,2.0,1.0,0.0,0.0,6.0
Q06440,Q92331,0,topology_cl3,0.0029940119760479044,1.0,2.0,0.0,0.0,6.0
P36094,P38853,0,topology_cl3,0.0029940119760479044,2.0,1.0,0.0,0.0,6.0
P25367,P30771,0,topology_cl3,0.0029940119760479044,1.0,2.0,0.0,0.0,-1.0
P47115,Q03790,0,topology_cl3,0.0029940119760479044,1.0,2.0,0.0,0.0,-1.0
P00927,P09938,0,topology_cl3,0.0029940119760479044,1.0,2.0,0.0,0.0,6.0
P41543,Q12365,0,topology_cl3,0.0029940119760479044,2.0,1.0,0.0,0.0,-1.0
P46964,Q12334,0,topology_cl3,0.0029940119760479044,2.0,1.0,0.0,0.0,-1.0
P20050,P39996,0,topology_cl3,0.0029940119760479044,1.0,2.0,0.0,0.0,5.0
P15442,P16649,0,topology_cl3,0.0029940119760479044,1.0,2.0,0.0,0.0,4.0
P11075,P47095,0,topology_cl3,0.0029940119760479044,2.0,1.0,0.0,0.0,5.0
P31111,P40202,0,topology_cl3,0.0029940119760479044,2.0,1.0,0.0,0.0,-1.0
P47011,Q03790,0,topology_cl3,0.0029940119760479044,1.0,2.0,0.0,0.0,-1.0
P39007,Q3E7C1,0,topology_cl3,0.0029940119760479044,2.0,1.0,0.0,0.0,-1.0
P32361,Q05568,0,topology_cl3,0.0029940119760479044,1.0,2.0,0.0,0.0,-1.0
P0C0X0,P16649,0,topology_cl3,0.0029940119760479044,1.0,2.0,0.0,0.0,-1.0
P08964,Q05568,0,topology_cl3,0.0029940119760479044,1.0,2.0,0.0,0.0,-1.0
P40963,Q05568,0,topology_cl3,0.0029940119760479044,1.0,2.0,0.0,0.0,-1.0
P40582,Q04921,0,topology_cl3,0.0029940119760479044,2.0,1.0,0.0,0.0,6.0
P15442,P25293,0,topology_cl3,0.0029940119760479044,1.0,2.0,0.0,0.0,4.0
P03962,P15873,0,topology_cl3,0.0029940119760479044,1.0,2.0,0.0,0.0,-1.0
P20967,P52917,0,topology_cl3,0.0029940119760479044,1.0,2.0,0.0,0.0,-1.0
P39007,Q04921,0,topology_cl3,0.0029940119760479044,2.0,1.0,0.0,0.0,-1.0
P38748,Q03818,0,topology_cl3,0.0029940119760479044,1.0,2.0,0.0,0.0,4.0
P41543,P41921,0,topology_cl3,0.0029940119760479044,2.0,1.0,0.0,0.0,-1.0
P00812,Q12033,0,topology_cl3,0.0029940119760479044,1.0,2.0,0.0,0.0,-1.0
P32504,P46954,0,topology_cl3,0.0029940119760479044,1.0,2.0,0.0,0.0,6.0
P14904,P20050,0,topology_cl3,0.0029940119760479044,2.0,1.0,0.0,0.0,4.0
P28743,P53971,0,topology_cl3,0.0029940119760479044,1.0,2.0,0.0,0.0,6.0
Q08581,Q92331,0,topology_cl3,0.0029940119760479044,1.0,2.0,0.0,0.0,6.0
Q12066,Q12154,0,topology_cl3,0.0029940119760479044,2.0,1.0,0.0,0.0,4.0
P20050,P46954,0,topology_cl3,0.0029940119760479044,1.0,2.0,0.0,0.0,4.0
P32505,P38930,0,topology_cl3,0.0029940119760479044,1.0,2.0,0.0,0.0,6.0
P22804,P46946,0,topology_cl3,0.0029940119760479044,1.0,2.0,0.0,0.0,-1.0
P32389,P32849,0,topology_cl3,0.0029940119760479044,2.0,1.0,0.0,0.0,-1.0
P28743,P31111,0,topology_cl3,0.0029940119760479044,1.0,2.0,0.0,0.0,5.0
Q03790,Q3E7C1,0,topology_cl3,0.0029940119760479044,2.0,1.0,0.0,0.0,-1.0
P46954,Q06675,0,topology_cl3,0.0029940119760479044,2.0,1.0,0.0,0.0,6.0
P14904,P32361,0,topology_cl3,0.0029940119760479044,2.0,1.0,0.0,0.0,4.0
Q05580,Q08581,0,topology_cl3,0.0029940119760479044,2.0,1.0,0.0,0.0,-1.0
P39007,Q04003,0,topology_cl3,0.0029940119760479044,2.0,1.0,0.0,0.0,-1.0
P40582,P40963,0,topology_cl3,0.0029940119760479044,2.0,1.0,0.0,0.0,-1.0
P54861,Q12020,0,topology_cl3,0.0029940119760479044,1.0,2.0,0.0,0.0,-1.0
P04387,P29469,0,topology_cl3,0.0029940119760479044,1.0,2.0,0.0,0.0,-1.0
P47095,Q12066,0,topology_cl3,0.0029940119760479044,1.0,2.0,0.0,0.0,6.0
P04821,Q12102,0,topology_cl3,0.0029940119760479044,2.0,1.0,0.0,0.0,-1.0
P31111,P32639,0,topology_cl3,0.0029940119760479044,2.0,1.0,0.0,0.0,-1.0
P00927,P32389,0,topology_cl3,0.0029940119760479044,1.0,2.0,0.0,0.0,5.0
P00447,P38930,0,topology_cl3,0.0029940119760479044,1.0,2.0,0.0,0.0,-1.0
P0C0X0,P11075,0,topology_cl3,0.0029940119760479044,1.0,2.0,0.0,0.0,6.0
P30771,Q06704,0,topology_cl3,0.0029940119760479044,2.0,1.0,0.0,0.0,5.0
P38247,Q92331,0,topology_cl3,0.0029940119760479044,1.0,2.0,0.0,0.0,4.0
P16649,P38853,0,topology_cl3,0.0029940119760479044,2.0,1.0,0.0,0.0,-1.0
P29469,P39113,0,topology_cl3,0.0029940119760479044,2.0,1.0,0.0,0.0,6.0
P30771,P40202,0,topology_cl3,0.0029940119760479044,2.0,1.0,0.0,0.0,-1.0
P31111,P47025,0,topology_cl3,0.0029940119760479044,2.0,1.0,0.0,0.0,-1.0
P32505,P52917,0,topology_cl3,0.0029940119760479044,1.0,2.0,0.0,0.0,-1.0
P04386,P06778,0,topology_cl3,0.0029940119760479044,1.0,2.0,0.0,0.0,-1.0
P23337,Q12365,0,topology_cl3,0.0029940119760479044,2.0,1.0,0.0,0.0,-1.0
P11746,P21524,0,topology_cl3,0.0029940119760479044,1.0,2.0,0.0,0.0,-1.0
P39113,Q92331,0,topology_cl3,0.0029940119760479044,1.0,2.0,0.0,0.0,6.0
P46946,Q02100,0,topology_cl3,0.0029940119760479044,2.0,1.0,0.0,0.0,5.0
P28743,P39007,0,topology_cl3,0.0029940119760479044,1.0,2.0,0.0,0.0,-1.0
P04807,P28795,0,topology_cl3,0.0029940119760479044,2.0,1.0,0.0,0.0,-1.0
P30771,P41695,0,topology_cl3,0.0029940119760479044,2.0,1.0,0.0,0.0,6.0
P09938,Q12390,0,topology_cl3,0.0029940119760479044,2.0,1.0,0.0,0.0,6.0
P30771,P36036,0,topology_cl3,0.0029940119760479044,2.0,1.0,0.0,0.0,-1.0
P29469,P81449,0,topology_cl3,0.0029940119760479044,2.0,1.0,0.0,0.0,5.0
P25293,P32917,0,topology_cl3,0.0029940119760479044,2.0,1.0,0.0,0.0,5.0
P16649,Q08581,0,topology_cl3,0.0029940119760479044,2.0,1.0,0.0,0.0,5.0
P41543,Q12084,0,topology_cl3,0.0029940119760479044,2.0,1.0,0.0,0.0,-1.0
P39113,P39996,0,topology_cl3,0.0029940119760479044,1.0,2.0,0.0,0.0,-1.0
P20050,P46964,0,topology_cl3,0.0029940119760479044,1.0,2.0,0.0,0.0,-1.0
P25638,P41543,0,topology_cl3,0.0029940119760479044,1.0,2.0,0.0,0.0,-1.0
P29469,P38853,0,topology_cl3,0.0029940119760479044,2.0,1.0,0.0,0.0,-1.0
P36094,P40957,0,topology_cl3,0.0029940119760479044,2.0,1.0,1.0,0.0,2.0
P11075,Q12102,0,topology_cl3,0.0029940119760479044,2.0,1.0,0.0,0.0,6.0
P46954,P47025,0,topology_cl3,0.0029940119760479044,2.0,1.0,0.0,0.0,-1.0
P30771,Q06675,0,topology_cl3,0.0029940119760479044,2.0,1.0,0.0,0.0,-1.0
P20050,P21524,0,topology_cl3,0.0029940119760479044,1.0,2.0,0.0,0.0,6.0
P29469,Q05791,0,topology_cl3,0.0029940119760479044,2.0,1.0,0.0,0.0,-1.0
P16649,P32361,0,topology_cl3,0.0029940119760479044,2.0,1.0,0.0,0.0,4.0
P40202,Q03790,0,topology_cl3,0.0029940119760479044,1.0,2.0,0.0,0.0,-1.0
P32389,P32628,0,topology_cl3,0.0029940119760479044,2.0,1.0,0.0,0.0,-1.0
P11075,P28795,0,topology_cl3,0.0029940119760479044,2.0,1.0,0.0,0.0,-1.0
P39996,Q08581,0,topology_cl3,0.0029940119760479044,2.0,1.0,0.0,0.0,6.0
P29340,P52917,0,topology_cl3,0.0029940119760479044,1.0,2.0,0.0,0.0,4.0
P53971,Q12154,0,topology_cl3,0.0029940119760479044,2.0,1.0,0.0,0.0,6.0
P39007,P41921,0,topology_cl3,0.0029940119760479044,2.0,1.0,0.0,0.0,-1.0
Q06169,Q12365,0,topology_cl3,0.0029940119760479044,2.0,1.0,0.0,0.0,6.0
P06778,Q12102,0,topology_cl3,0.0029940119760479044,2.0,1.0,0.0,0.0,5.0
P40485,P41543,0,topology_cl3,0.0029940119760479044,1.0,2.0,0.0,0.0,-1.0
P16649,P31539,0,topology_cl3,0.0029940119760479044,2.0,1.0,0.0,0.0,6.0
P23337,P47095,0,topology_cl3,0.0029940119760479044,2.0,1.0,0.0,0.0,-1.0
P29340,P40582,0,topology_cl3,0.0029940119760479044,1.0,2.0,0.0,0.0,-1.0
P32389,Q05791,0,topology_cl3,0.0029940119760479044,2.0,1.0,0.0,0.0,-1.0
P07270,Q92331,0,topology_cl3,0.0029940119760479044,1.0,2.0,0.0,0.0,-1.0
P31539,P52917,0,topology_cl3,0.0029940119760479044,1.0,2.0,0.0,0.0,-1.0
P16649,P41697,0,topology_cl3,0.0029940119760479044,2.0,1.0,0.0,0.0,5.0
P08964,Q03790,0,topology_cl3,0.0029940119760479044,1.0,2.0,0.0,0.0,4.0
P31111,Q12390,0,topology_cl3,0.0029940119760479044,2.0,1.0,0.0,0.0,6.0
P07270,P32389,0,topology_cl3,0.0029940119760479044,1.0,2.0,0.0,0.0,-1.0
P25293,P26343,0,topology_cl3,0.0029940119760479044,2.0,1.0,0.0,0.0,-1.0
P21524,P41697,0,topology_cl3,0.0029940119760479044,2.0,1.0,0.0,0.0,4.0
Q05568,Q12390,0,topology_cl3,0.0029940119760479044,2.0,1.0,0.0,0.0,-1.0
P22804,Q12066,0,topology_cl3,0.0029940119760479044,1.0,2.0,0.0,0.0,-1.0
P47095,Q03818,0,topology_cl3,0.0029940119760479044,1.0,2.0,0.0,0.0,4.0
P07270,Q12020,0,topology_cl3,0.0029940119760479044,1.0,2.0,0.0,0.0,-1.0
P08638,P30771,0,topology_cl3,0.0029940119760479044,1.0,2.0,0.0,0.0,6.0
P07272,P39996,0,topology_cl3,0.0029940119760479044,1.0,2.0,0.0,0.0,-1.0
P41697,Q12066,0,topology_cl3,0.0029940119760479044,1.0,2.0,0.0,0.0,-1.0
P39996,P61829,0,topology_cl3,0.0029940119760479044,2.0,1.0,0.0,0.0,4.0
P06778,P31539,0,topology_cl3,0.0029940119760479044,2.0,1.0,0.0,0.0,-1.0
P23337,P27895,0,topology_cl3,0.0029940119760479044,2.0,1.0,0.0,0.0,-1.0
P00927,P39007,0,topology_cl3,0.0029940119760479044,1.0,2.0,0.0,0.0,-1.0
P04821,P53617,0,topology_cl3,0.0029940119760479044,2.0,1.0,0.0,0.0,6.0
P32628,Q12020,0,topology_cl3,0.0029940119760479044,1.0,2.0,0.0,0.0,-1.0
P04387,Q12033,0,topology_cl3,0.0029940119760479044,1.0,2.0,0.0,0.0,-1.0
P22804,P31111,0,topology_cl3,0.0029940119760479044,1.0,2.0,0.0,0.0,-1.0
P25367,P46954,0,topology_cl3,0.0029940119760479044,1.0,2.0,0.0,0.0,-1.0
P32361,P32389,0,topology_cl3,0.0029940119760479044,1.0,2.0,0.0,0.0,4.0
P14904,Q12365,0,topology_cl3,0.0029940119760479044,2.0,1.0,0.0,0.0,4.0
P06778,P07272,0,topology_cl3,0.0029940119760479044,2.0,1.0,0.0,0.0,-1.0
P00812,Q05568,0,topology_cl3,0.0029940119760479044,1.0,2.0,0.0,0.0,-1.0
P15442,P46964,0,topology_cl3,0.0029940119760479044,1.0,2.0,0.0,0.0,-1.0
P31111,P32628,0,topology_cl3,0.0029940119760479044,2.0,1.0,0.0,0.0,-1.0
P48361,Q03790,0,topology_cl3,0.0029940119760479044,1.0,2.0,0.0,0.0,-1.0
P40325,Q12033,0,topology_cl3,0.0029940119760479044,1.0,2.0,0.0,0.0,-1.0
P32628,Q03818,0,topology_cl3,0.0029940119760479044,1.0,2.0,0.0,0.0,-1.0
P30771,Q02100,0,topology_cl3,0.0029940119760479044,2.0,1.0,0.0,0.0,5.0
P21524,Q12102,0,topology_cl3,0.0029940119760479044,2.0,1.0,0.0,0.0,-1.0
P38853,Q12033,0,topology_cl3,0.0029940119760479044,1.0,2.0,0.0,0.0,-1.0
P53971,Q04003,0,topology_cl3,0.0029940119760479044,2.0,1.0,0.0,0.0,-1.0
P15873,P38247,0,topology_cl3,0.0029940119760479044,2.0,1.0,0.0,0.0,4.0
P41543,Q08581,0,topology_cl3,0.0029940119760479044,2.0,1.0,0.0,0.0,-1.0
P15873,Q12365,0,topology_cl3,0.0029940119760479044,2.0,1.0,0.0,0.0,4.0
P32917,P41543,0,topology_cl3,0.0029940119760479044,1.0,2.0,0.0,0.0,-1.0
P11075,P53617,0,topology_cl3,0.0029940119760479044,2.0,1.0,0.0,0.0,-1.0
P28743,P30771,0,topology_cl3,0.0029940119760479044,1.0,2.0,0.0,0.0,6.0
P40963,Q12020,0,topology_cl3,0.0029940119760479044,1.0,2.0,0.0,0.0,-1.0
P00447,P46954,0,topology_cl3,0.0029940119760479044,1.0,2.0,0.0,0.0,-1.0
Q05568,Q05791,0,topology_cl3,0.0029940119760479044,2.0,1.0,0.0,0.0,-1.0
P08964,P24279,0,topology_cl3,0.0029940119760479044,1.0,2.0,0.0,0.0,4.0
P09938,P32849,0,topology_cl3,0.0029940119760479044,2.0,1.0,0.0,0.0,6.0
P04387,P14904,0,topology_cl3,0.0029940119760479044,1.0,2.0,0.0,0.0,-1.0
P06778,P09201,0,topology_cl3,0.0029940119760479044,2.0,1.0,0.0,0.0,5.0
P30771,P32504,0,topology_cl3,0.0029940119760479044,2.0,1.0,0.0,0.0,-1.0
P52917,Q08581,0,topology_cl3,0.0029940119760479044,2.0,1.0,0.0,0.0,-1.0
P11075,P47011,0,topology_cl3,0.0029940119760479044,2.0,1.0,0.0,0.0,-1.0
P23337,P39113,0,topology_cl3,0.0029940119760479044,2.0,1.0,0.0,0.0,-1.0
P29469,P40151,0,topology_cl3,0.0029940119760479044,2.0,1.0,0.0,0.0,5.0
P04821,P32639,0,topology_cl3,0.0029940119760479044,2.0,1.0,0.0,0.0,5.0
P28743,Q06169,0,topology_cl3,0.0029940119760479044,1.0,2.0,0.0,0.0,6.0
P38748,P46946,0,topology_cl3,0.0029940119760479044,1.0,2.0,0.0,0.0,4.0
P38853,Q06169,0,topology_cl3,0.0029940119760479044,1.0,2.0,0.0,0.0,-1.0
P23337,P28743,0,topology_cl3,0.0029940119760479044,2.0,1.0,0.0,0.0,-1.0
P00927,P04821,0,topology_cl3,0.0029940119760479044,1.0,2.0,0.0,0.0,5.0
P23337,Q03898,0,topology_cl3,0.0029940119760479044,2.0,1.0,0.0,0.0,-1.0
P20050,Q92331,0,topology_cl3,0.0029940119760479044,1.0,2.0,0.0,0.0,6.0
P17555,P29469,0,topology_cl3,0.0029940119760479044,1.0,2.0,0.0,0.0,4.0
P17065,Q03790,0,topology_cl3,0.0029940119760479044,1.0,2.0,0.0,0.0,-1.0
P32389,P54861,0,topology_cl3,0.0029940119760479044,2.0,1.0,0.0,0.0,-1.0
P15873,P40202,0,topology_cl3,0.0029940119760479044,2.0,1.0,0.0,0.0,-1.0
P22804,P32389,0,topology_cl3,0.0029940119760479044,1.0,2.0,0.0,0.0,-1.0
P25367,Q06169,0,topology_cl3,0.0029940119760479044,1.0,2.0,0.0,0.0,-1.0
P11075,P29340,0,topology_cl3,0.0029940119760479044,2.0,1.0,0.0,0.0,-1.0
P09938,P41921,0,topology_cl3,0.0029940119760479044,2.0,1.0,0.0,0.0,5.0
P21524,P38748,0,topology_cl3,0.0029940119760479044,2.0,1.0,0.0,0.0,6.0
P30771,Q12154,0,topology_cl3,0.0029940119760479044,2.0,1.0,0.0,0.0,5.0
P46964,Q08581,0,topology_cl3,0.0029940119760479044,2.0,1.0,0.0,0.0,-1.0
P39007,P39113,0,topology_cl3,0.0029940119760479044,2.0,1.0,0.0,0.0,-1.0
P29469,Q12334,0,topology_cl3,0.0029940119760479044,2.0,1.0,0.0,0.0,-1.0
P06778,Q12365,0,topology_cl3,0.0029940119760479044,2.0,1.0,0.0,0.0,5.0
P32505,P36094,0,topology_cl3,0.0029940119760479044,1.0,2.0,0.0,0.0,5.0
P04807,Q12154,0,topology_cl3,0.0029940119760479044,2.0,1.0,0.0,0.0,4.0
P39007,P41697,0,topology_cl3,0.0029940119760479044,2.0,1.0,0.0,0.0,-1.0
P53617,Q06169,0,topology_cl3,0.0029940119760479044,1.0,2.0,0.0,0.0,6.0
P38247,Q12020,0,topology_cl3,0.0029940119760479044,1.0,2.0,0.0,0.0,-1.0
P47011,P53971,0,topology_cl3,0.0029940119760479044,1.0,2.0,0.0,0.0,-1.0
P04821,Q04003,0,topology_cl3,0.0029940119760479044,2.0,1.0,0.0,0.0,-1.0
P00447,P46946,0,topology_cl3,0.0029940119760479044,1.0,2.0,0.0,0.0,-1.0
P36094,P53895,0,topology_cl3,0.0029940119760479044,2.0,1.0,0.0,0.0,6.0
P36094,P48361,0,topology_cl3,0.0029940119760479044,2.0,1.0,0.0,0.0,4.0
Q06675,Q12066,0,topology_cl3,0.0029940119760479044,1.0,2.0,0.0,0.0,-1.0
P25367,Q12066,0,topology_cl3,0.0029940119760479044,1.0,2.0,0.0,0.0,-1.0
P36094,Q05791,0,topology_cl3,0.0029940119760479044,2.0,1.0,0.0,0.0,-1.0
P03962,Q12020,0,topology_cl3,0.0029940119760479044,1.0,2.0,0.0,0.0,-1.0
P00447,P21524,0,topology_cl3,0.0029940119760479044,1.0,2.0,0.0,0.0,-1.0
P03962,Q06169,0,topology_cl3,0.0029940119760479044,1.0,2.0,0.0,0.0,-1.0
