Identifier A,Identifier B,Interaction,negative_source,left_partition_size,right_partition_size
P00447,P23337,1,,,
P00812,P38822,1,,,
P00830,P06701,1,,,
P00830,P06843,1,,,
P00830,P12753,1,,,
P00830,P16522,1,,,
P00830,P21304,1,,,
P00830,P22216,1,,,
P00830,P24719,1,,,
P00830,P25342,1,,,
P00830,P32468,1,,,
P00830,P39743,1,,,
P00830,P61829,1,,,
P00830,P81449,1,,,
P00830,Q12446,1,,,
P00927,P25454,1,,,
P02829,P04821,1,,,
P02829,P12753,1,,,
P02829,P15442,1,,,
P02829,P23561,1,,,
P02829,P25638,1,,,
P02829,P32468,1,,,
P02829,P32797,1,,,
P02829,Q08601,1,,,
P03962,P25367,1,,,
P04386,P04387,1,,,
P04807,P25342,1,,,
P04807,P39743,1,,,
P04821,P38272,1,,,
P05453,P30771,1,,,
P05453,P31539,1,,,
P05453,P53617,1,,,
P05453,Q92331,1,,,
P06700,P11978,1,,,
P06700,P54786,1,,,
P06700,Q00684,1,,,
P06701,P09938,1,,,
P06701,P11978,1,,,
P06701,P15992,1,,,
P06701,P17709,1,,,
P06701,P32861,1,,,
P06701,P54786,1,,,
P06778,P25454,1,,,
P06778,Q12306,1,,,
P06782,P11075,1,,,
P06782,P12904,1,,,
P06782,P24719,1,,,
P06782,P40151,1,,,
P06782,P46954,1,,,
P06786,P32458,1,,,
P06786,P34730,1,,,
P06786,P43639,1,,,
P06786,Q12159,1,,,
P06786,Q12306,1,,,
P06843,P16522,1,,,
P06843,P17709,1,,,
P06843,P43639,1,,,
P07270,Q02939,1,,,
P07272,P32796,1,,,
P08638,P16522,1,,,
P08964,Q06410,1,,,
P09201,Q00582,1,,,
P09798,P16522,1,,,
P09798,P38042,1,,,
P09798,P53886,1,,,
P09798,Q12440,1,,,
P09938,P21524,1,,,
P0C0X0,P39998,1,,,
P10862,P21264,1,,,
P10862,P32849,1,,,
P10862,P57743,1,,,
P11075,P14291,1,,,
P11746,Q12020,1,,,
P11978,P15992,1,,,
P11978,P34730,1,,,
P11978,P54786,1,,,
P12753,P16474,1,,,
P12753,P32829,1,,,
P12753,P32908,1,,,
P12753,P46946,1,,,
P12753,Q04477,1,,,
P12904,P34730,1,,,
P12904,P43639,1,,,
P12904,P47129,1,,,
P12904,Q00684,1,,,
P14291,P20050,1,,,
P14291,P31111,1,,,
P14291,P50623,1,,,
P14291,Q12306,1,,,
P14741,P15992,1,,,
P14741,P21264,1,,,
P14741,P32505,1,,,
P14741,P40089,1,,,
P14741,P47017,1,,,
P14741,Q12329,1,,,
P14904,P15992,1,,,
P14904,P19262,1,,,
P15873,P17709,1,,,
P15873,P43605,1,,,
P15992,P16649,1,,,
P15992,P21304,1,,,
P15992,P25342,1,,,
P15992,P32458,1,,,
P15992,P32468,1,,,
P15992,P39928,1,,,
P15992,Q00684,1,,,
P15992,Q04477,1,,,
P16474,P22216,1,,,
P16474,P24719,1,,,
P16474,P32361,1,,,
P16474,P32797,1,,,
P16474,P39743,1,,,
P16474,P41695,1,,,
P16474,Q04477,1,,,
P16522,P33419,1,,,
P16522,P38042,1,,,
P16522,P53886,1,,,
P16522,Q12440,1,,,
P16649,Q02100,1,,,
P17065,P32389,1,,,
P17106,P22216,1,,,
P17106,P32389,1,,,
P17106,P32504,1,,,
P17106,P40969,1,,,
P17106,Q06675,1,,,
P17555,P39743,1,,,
P17709,P25342,1,,,
P17709,P38272,1,,,
P17709,P39743,1,,,
P17709,Q00684,1,,,
P19262,P20967,1,,,
P19262,P38822,1,,,
P19262,P39743,1,,,
P19262,Q06410,1,,,
P19262,Q12306,1,,,
P21264,P53895,1,,,
P21304,P32908,1,,,
P21374,P32523,1,,,
P21374,Q03654,1,,,
P21374,Q04048,1,,,
P21524,Q08601,1,,,
P22216,P32797,1,,,
P22216,P34730,1,,,
P22216,P40969,1,,,
P22216,P47037,1,,,
P22804,Q03860,1,,,
P23337,P47011,1,,,
P23561,P32917,1,,,
P23561,P41697,1,,,
P23561,P47017,1,,,
P24279,P29469,1,,,
P24279,Q12306,1,,,
P24719,Q12329,1,,,
P25293,Q12159,1,,,
P25293,Q12263,1,,,
P25342,P32458,1,,,
P25342,P32468,1,,,
P25342,P34730,1,,,
P25342,Q12263,1,,,
P25454,P50623,1,,,
P25454,Q12306,1,,,
P26343,Q04411,1,,,
P27515,P47115,1,,,
P27515,Q12084,1,,,
P27515,Q12306,1,,,
P27895,P39723,1,,,
P28743,P33419,1,,,
P28795,P80667,1,,,
P29340,Q05568,1,,,
P29469,Q12306,1,,,
P30771,P47017,1,,,
P30822,P32618,1,,,
P30822,P39723,1,,,
P30822,P39998,1,,,
P30822,P47129,1,,,
P30822,Q12390,1,,,
P31111,Q12306,1,,,
P32458,P32468,1,,,
P32458,P50623,1,,,
P32458,P54786,1,,,
P32458,Q04921,1,,,
P32458,Q12134,1,,,
P32458,Q12263,1,,,
P32458,Q12329,1,,,
P32468,P38272,1,,,
P32468,P38339,1,,,
P32468,P38785,1,,,
P32468,P40460,1,,,
P32468,Q04477,1,,,
P32468,Q12263,1,,,
P32523,Q03654,1,,,
P32523,Q04048,1,,,
P32618,P47037,1,,,
P32618,P53253,1,,,
P32618,Q03954,1,,,
P32618,Q07457,1,,,
P32628,Q02939,1,,,
P32639,P57743,1,,,
P32796,P35056,1,,,
P32796,P40202,1,,,
P32797,Q12306,1,,,
P32829,P46946,1,,,
P32829,P53971,1,,,
P32861,P39743,1,,,
P32861,P40316,1,,,
P32861,Q12446,1,,,
P32908,P36094,1,,,
P32908,P40460,1,,,
P32908,P40957,1,,,
P32908,P47037,1,,,
P32908,P53253,1,,,
P32908,Q03954,1,,,
P32908,Q04477,1,,,
P32908,Q07457,1,,,
P32908,Q12306,1,,,
P33338,P39743,1,,,
P33338,Q12134,1,,,
P33338,Q12446,1,,,
P33419,P36094,1,,,
P33419,P38822,1,,,
P33419,P52891,1,,,
P33419,Q06410,1,,,
P33419,Q12365,1,,,
P33420,P38822,1,,,
P33420,P38930,1,,,
P33420,P40460,1,,,
P33420,Q06410,1,,,
P34730,P39928,1,,,
P34730,Q00684,1,,,
P34730,Q03898,1,,,
P35056,P53112,1,,,
P35056,P80667,1,,,
P35191,P38523,1,,,
P35191,P39743,1,,,
P35191,P40054,1,,,
P36036,Q12159,1,,,
P36068,P38272,1,,,
P36068,P40485,1,,,
P36068,P53971,1,,,
P38042,P53886,1,,,
P38042,Q12440,1,,,
P38147,P40054,1,,,
P38147,P40316,1,,,
P38147,P47017,1,,,
P38247,Q00582,1,,,
P38339,Q05080,1,,,
P38339,Q12446,1,,,
P38523,Q05580,1,,,
P38523,Q06410,1,,,
P38748,P53253,1,,,
P38785,P54786,1,,,
P38785,Q05080,1,,,
P38822,P39996,1,,,
P38822,P43605,1,,,
P38822,P53184,1,,,
P38822,Q00582,1,,,
P38822,Q04048,1,,,
P38822,Q06704,1,,,
P38822,Q12154,1,,,
P38822,Q12446,1,,,
P38853,P39723,1,,,
P38874,P42935,1,,,
P38874,Q02884,1,,,
P38874,Q02908,1,,,
P38874,Q04868,1,,,
P38874,Q06706,1,,,
P38930,P43639,1,,,
P39007,P41543,1,,,
P39007,P46964,1,,,
P39081,Q06410,1,,,
P39081,Q12102,1,,,
P39081,Q12159,1,,,
P39113,P46954,1,,,
P39723,Q06440,1,,,
P39743,P39928,1,,,
P39743,P40325,1,,,
P39743,P47129,1,,,
P39743,Q12134,1,,,
P39743,Q12446,1,,,
P39929,P52917,1,,,
P39929,P80667,1,,,
P39929,Q12033,1,,,
P39996,P40582,1,,,
P39998,Q12020,1,,,
P40054,Q05580,1,,,
P40073,Q03790,1,,,
P40073,Q05080,1,,,
P40073,Q12446,1,,,
P40089,P47017,1,,,
P40089,P57743,1,,,
P40316,P52891,1,,,
P40460,Q03954,1,,,
P40460,Q04477,1,,,
P40582,Q12066,1,,,
P40963,Q04003,1,,,
P40969,P50623,1,,,
P41543,P46964,1,,,
P41921,P52891,1,,,
P42935,Q02884,1,,,
P42935,Q02908,1,,,
P42935,Q04868,1,,,
P42935,Q06706,1,,,
P47017,P57743,1,,,
P47025,P54861,1,,,
P47037,Q07457,1,,,
P47095,Q06410,1,,,
P48361,Q03818,1,,,
P50623,Q12306,1,,,
P52917,Q12033,1,,,
P53112,P80667,1,,,
P53112,Q12334,1,,,
P53886,Q12440,1,,,
P80667,Q05568,1,,,
Q00684,Q12329,1,,,
Q02884,Q02908,1,,,
Q02884,Q04868,1,,,
Q02884,Q06706,1,,,
Q02908,Q04868,1,,,
Q02908,Q06706,1,,,
Q02939,Q3E7C1,1,,,
Q03654,Q04048,1,,,
Q03654,Q06410,1,,,
Q03790,Q06169,1,,,
Q03818,Q12306,1,,,
Q03954,Q12263,1,,,
Q04868,Q06706,1,,,
Q05080,Q06410,1,,,
Q05080,Q12446,1,,,
Q05791,Q06708,1,,,
Q06169,Q12066,1,,,
Q07457,Q08581,1,,,
Q08601,Q12329,1,,,
Q12329,Q12446,1,,,
Q12446,Q92331,1,,,
P00447,P06782,0,bipartite_non_edge,169.0,155.0
P00447,P14291,0,bipartite_non_edge,169.0,155.0
P00447,P15992,0,bipartite_non_edge,169.0,155.0
P00447,P17709,0,bipartite_non_edge,169.0,155.0
P00447,P20967,0,bipartite_non_edge,169.0,155.0
P00447,P21264,0,bipartite_non_edge,169.0,155.0
P00447,P25638,0,bipartite_non_edge,169.0,155.0
P00447,P32618,0,bipartite_non_edge,169.0,155.0
P00447,P32797,0,bipartite_non_edge,169.0,155.0
P00447,P33420,0,bipartite_non_edge,169.0,155.0
P00447,P39743,0,bipartite_non_edge,169.0,155.0
P00447,P39928,0,bipartite_non_edge,169.0,155.0
P00447,P40202,0,bipartite_non_edge,169.0,155.0
P00447,P40460,0,bipartite_non_edge,169.0,155.0
P00447,P40582,0,bipartite_non_edge,169.0,155.0
P00447,P40957,0,bipartite_non_edge,169.0,155.0
P00447,P41921,0,bipartite_non_edge,169.0,155.0
P00447,P43605,0,bipartite_non_edge,169.0,155.0
P00447,P46964,0,bipartite_non_edge,169.0,155.0
P00447,P47017,0,bipartite_non_edge,169.0,155.0
P00447,P53886,0,bipartite_non_edge,169.0,155.0
P00447,Q02908,0,bipartite_non_edge,169.0,155.0
P00447,Q07457,0,bipartite_non_edge,169.0,155.0
P00447,Q12020,0,bipartite_non_edge,169.0,155.0
P00447,Q12154,0,bipartite_non_edge,169.0,155.0
P00447,Q12440,0,bipartite_non_edge,169.0,155.0
P00812,P03962,0,bipartite_non_edge,169.0,155.0
P00812,P04387,0,bipartite_non_edge,169.0,155.0
P00812,P06701,0,bipartite_non_edge,169.0,155.0
P00812,P07270,0,bipartite_non_edge,169.0,155.0
P00812,P09798,0,bipartite_non_edge,169.0,155.0
P00812,P0C0X0,0,bipartite_non_edge,169.0,155.0
P00812,P12753,0,bipartite_non_edge,169.0,155.0
P00812,P16649,0,bipartite_non_edge,169.0,155.0
P00812,P21374,0,bipartite_non_edge,169.0,155.0
P00812,P26343,0,bipartite_non_edge,169.0,155.0
P00812,P32361,0,bipartite_non_edge,169.0,155.0
P00812,P38247,0,bipartite_non_edge,169.0,155.0
P00812,P38748,0,bipartite_non_edge,169.0,155.0
P00812,P39007,0,bipartite_non_edge,169.0,155.0
P00812,P40089,0,bipartite_non_edge,169.0,155.0
P00812,P52917,0,bipartite_non_edge,169.0,155.0
P00812,P53971,0,bipartite_non_edge,169.0,155.0
P00812,Q03654,0,bipartite_non_edge,169.0,155.0
P00812,Q03790,0,bipartite_non_edge,169.0,155.0
P00812,Q05568,0,bipartite_non_edge,169.0,155.0
P00812,Q06410,0,bipartite_non_edge,169.0,155.0
P00812,Q07457,0,bipartite_non_edge,169.0,155.0
P00812,Q12033,0,bipartite_non_edge,169.0,155.0
P00812,Q12066,0,bipartite_non_edge,169.0,155.0
P00812,Q12329,0,bipartite_non_edge,169.0,155.0
P00830,P11075,0,bipartite_non_edge,169.0,155.0
P00830,P14291,0,bipartite_non_edge,169.0,155.0
P00830,P19262,0,bipartite_non_edge,169.0,155.0
P00830,P22804,0,bipartite_non_edge,169.0,155.0
P00830,P25293,0,bipartite_non_edge,169.0,155.0
P00830,P28795,0,bipartite_non_edge,169.0,155.0
P00830,P32523,0,bipartite_non_edge,169.0,155.0
P00830,P32796,0,bipartite_non_edge,169.0,155.0
P00830,P32849,0,bipartite_non_edge,169.0,155.0
P00830,P38272,0,bipartite_non_edge,169.0,155.0
P00830,P38853,0,bipartite_non_edge,169.0,155.0
P00830,P39723,0,bipartite_non_edge,169.0,155.0
P00830,P40054,0,bipartite_non_edge,169.0,155.0
P00830,P40073,0,bipartite_non_edge,169.0,155.0
P00830,P40202,0,bipartite_non_edge,169.0,155.0
P00830,P40963,0,bipartite_non_edge,169.0,155.0
P00830,P46954,0,bipartite_non_edge,169.0,155.0
P00830,P54786,0,bipartite_non_edge,169.0,155.0
P00830,Q02908,0,bipartite_non_edge,169.0,155.0
P00830,Q03790,0,bipartite_non_edge,169.0,155.0
P00830,Q03954,0,bipartite_non_edge,169.0,155.0
P00830,Q04003,0,bipartite_non_edge,169.0,155.0
P00830,Q04411,0,bipartite_non_edge,169.0,155.0
P00830,Q04868,0,bipartite_non_edge,169.0,155.0
P00830,Q05580,0,bipartite_non_edge,169.0,155.0
P00830,Q12390,0,bipartite_non_edge,169.0,155.0
P00927,P09938,0,bipartite_non_edge,169.0,155.0
P00927,P17555,0,bipartite_non_edge,169.0,155.0
P00927,P24719,0,bipartite_non_edge,169.0,155.0
P00927,P25638,0,bipartite_non_edge,169.0,155.0
P00927,P27515,0,bipartite_non_edge,169.0,155.0
P00927,P28743,0,bipartite_non_edge,169.0,155.0
P00927,P31111,0,bipartite_non_edge,169.0,155.0
P00927,P32389,0,bipartite_non_edge,169.0,155.0
P00927,P32618,0,bipartite_non_edge,169.0,155.0
P00927,P32797,0,bipartite_non_edge,169.0,155.0
P00927,P38042,0,bipartite_non_edge,169.0,155.0
P00927,P38523,0,bipartite_non_edge,169.0,155.0
P00927,P38822,0,bipartite_non_edge,169.0,155.0
P00927,P40089,0,bipartite_non_edge,169.0,155.0
P00927,P42935,0,bipartite_non_edge,169.0,155.0
P00927,P53971,0,bipartite_non_edge,169.0,155.0
P00927,Q00582,0,bipartite_non_edge,169.0,155.0
P00927,Q03654,0,bipartite_non_edge,169.0,155.0
P00927,Q03790,0,bipartite_non_edge,169.0,155.0
P00927,Q03818,0,bipartite_non_edge,169.0,155.0
P00927,Q04003,0,bipartite_non_edge,169.0,155.0
P00927,Q04048,0,bipartite_non_edge,169.0,155.0
P00927,Q12440,0,bipartite_non_edge,169.0,155.0
P02829,P04387,0,bipartite_non_edge,169.0,155.0
P02829,P08964,0,bipartite_non_edge,169.0,155.0
P02829,P09938,0,bipartite_non_edge,169.0,155.0
P02829,P14291,0,bipartite_non_edge,169.0,155.0
P02829,P21264,0,bipartite_non_edge,169.0,155.0
P02829,P22216,0,bipartite_non_edge,169.0,155.0
P02829,P23337,0,bipartite_non_edge,169.0,155.0
P02829,P24279,0,bipartite_non_edge,169.0,155.0
P02829,P25293,0,bipartite_non_edge,169.0,155.0
P02829,P26343,0,bipartite_non_edge,169.0,155.0
P02829,P33419,0,bipartite_non_edge,169.0,155.0
P02829,P39007,0,bipartite_non_edge,169.0,155.0
P02829,P39723,0,bipartite_non_edge,169.0,155.0
P02829,P40957,0,bipartite_non_edge,169.0,155.0
P02829,P41921,0,bipartite_non_edge,169.0,155.0
P02829,P42935,0,bipartite_non_edge,169.0,155.0
P02829,P47011,0,bipartite_non_edge,169.0,155.0
P02829,P47025,0,bipartite_non_edge,169.0,155.0
P02829,P47095,0,bipartite_non_edge,169.0,155.0
P02829,P47115,0,bipartite_non_edge,169.0,155.0
P02829,P52891,0,bipartite_non_edge,169.0,155.0
P02829,P53971,0,bipartite_non_edge,169.0,155.0
P02829,Q03954,0,bipartite_non_edge,169.0,155.0
P02829,Q06704,0,bipartite_non_edge,169.0,155.0
P02829,Q12033,0,bipartite_non_edge,169.0,155.0
P02829,Q3E7C1,0,bipartite_non_edge,169.0,155.0
P02829,Q92331,0,bipartite_non_edge,169.0,155.0
P03962,P04807,0,bipartite_non_edge,169.0,155.0
P03962,P05453,0,bipartite_non_edge,169.0,155.0
P03962,P06700,0,bipartite_non_edge,169.0,155.0
P03962,P08638,0,bipartite_non_edge,169.0,155.0
P03962,P17555,0,bipartite_non_edge,169.0,155.0
P03962,P21264,0,bipartite_non_edge,169.0,155.0
P03962,P21524,0,bipartite_non_edge,169.0,155.0
P03962,P25342,0,bipartite_non_edge,169.0,155.0
P03962,P32468,0,bipartite_non_edge,169.0,155.0
P03962,P32796,0,bipartite_non_edge,169.0,155.0
P03962,P33338,0,bipartite_non_edge,169.0,155.0
P03962,P36068,0,bipartite_non_edge,169.0,155.0
P03962,P39081,0,bipartite_non_edge,169.0,155.0
P03962,P39723,0,bipartite_non_edge,169.0,155.0
P03962,P39998,0,bipartite_non_edge,169.0,155.0
P03962,P40073,0,bipartite_non_edge,169.0,155.0
P03962,P41695,0,bipartite_non_edge,169.0,155.0
P03962,P47011,0,bipartite_non_edge,169.0,155.0
P03962,P53253,0,bipartite_non_edge,169.0,155.0
P03962,P57743,0,bipartite_non_edge,169.0,155.0
P03962,P80667,0,bipartite_non_edge,169.0,155.0
P03962,Q00684,0,bipartite_non_edge,169.0,155.0
P03962,Q04411,0,bipartite_non_edge,169.0,155.0
P03962,Q04921,0,bipartite_non_edge,169.0,155.0
P03962,Q05791,0,bipartite_non_edge,169.0,155.0
P03962,Q12066,0,bipartite_non_edge,169.0,155.0
P03962,Q12102,0,bipartite_non_edge,169.0,155.0
P03962,Q92331,0,bipartite_non_edge,169.0,155.0
P04386,P09798,0,bipartite_non_edge,169.0,155.0
P04386,P10862,0,bipartite_non_edge,169.0,155.0
P04386,P15992,0,bipartite_non_edge,169.0,155.0
P04386,P16474,0,bipartite_non_edge,169.0,155.0
P04386,P16522,0,bipartite_non_edge,169.0,155.0
P04386,P25342,0,bipartite_non_edge,169.0,155.0
P04386,P25454,0,bipartite_non_edge,169.0,155.0
P04386,P27515,0,bipartite_non_edge,169.0,155.0
P04386,P32361,0,bipartite_non_edge,169.0,155.0
P04386,P32628,0,bipartite_non_edge,169.0,155.0
P04386,P32917,0,bipartite_non_edge,169.0,155.0
P04386,P35056,0,bipartite_non_edge,169.0,155.0
P04386,P36036,0,bipartite_non_edge,169.0,155.0
P04386,P39996,0,bipartite_non_edge,169.0,155.0
P04386,P39998,0,bipartite_non_edge,169.0,155.0
P04386,P40969,0,bipartite_non_edge,169.0,155.0
P04386,P41697,0,bipartite_non_edge,169.0,155.0
P04386,P43639,0,bipartite_non_edge,169.0,155.0
P04386,P47037,0,bipartite_non_edge,169.0,155.0
P04386,P47095,0,bipartite_non_edge,169.0,155.0
P04386,P57743,0,bipartite_non_edge,169.0,155.0
P04386,Q02939,0,bipartite_non_edge,169.0,155.0
P04386,Q03898,0,bipartite_non_edge,169.0,155.0
P04386,Q04868,0,bipartite_non_edge,169.0,155.0
P04386,Q05568,0,bipartite_non_edge,169.0,155.0
P04386,Q06410,0,bipartite_non_edge,169.0,155.0
P04386,Q12329,0,bipartite_non_edge,169.0,155.0
P04386,Q12446,0,bipartite_non_edge,169.0,155.0
P04387,P06700,0,bipartite_non_edge,169.0,155.0
P04387,P08638,0,bipartite_non_edge,169.0,155.0
P04387,P14741,0,bipartite_non_edge,169.0,155.0
P04387,P14904,0,bipartite_non_edge,169.0,155.0
P04387,P17106,0,bipartite_non_edge,169.0,155.0
P04387,P24279,0,bipartite_non_edge,169.0,155.0
P04387,P24719,0,bipartite_non_edge,169.0,155.0
P04387,P25454,0,bipartite_non_edge,169.0,155.0
P04387,P29469,0,bipartite_non_edge,169.0,155.0
P04387,P32505,0,bipartite_non_edge,169.0,155.0
P04387,P32618,0,bipartite_non_edge,169.0,155.0
P04387,P33419,0,bipartite_non_edge,169.0,155.0
P04387,P38874,0,bipartite_non_edge,169.0,155.0
P04387,P39081,0,bipartite_non_edge,169.0,155.0
P04387,P39743,0,bipartite_non_edge,169.0,155.0
P04387,P40073,0,bipartite_non_edge,169.0,155.0
P04387,P40460,0,bipartite_non_edge,169.0,155.0
P04387,P41921,0,bipartite_non_edge,169.0,155.0
P04387,P46946,0,bipartite_non_edge,169.0,155.0
P04387,P47025,0,bipartite_non_edge,169.0,155.0
P04387,P80667,0,bipartite_non_edge,169.0,155.0
P04387,Q03818,0,bipartite_non_edge,169.0,155.0
P04387,Q04048,0,bipartite_non_edge,169.0,155.0
P04387,Q12263,0,bipartite_non_edge,169.0,155.0
P04807,P06782,0,bipartite_non_edge,169.0,155.0
P04807,P11075,0,bipartite_non_edge,169.0,155.0
P04807,P14904,0,bipartite_non_edge,169.0,155.0
P04807,P16522,0,bipartite_non_edge,169.0,155.0
P04807,P25454,0,bipartite_non_edge,169.0,155.0
P04807,P26343,0,bipartite_non_edge,169.0,155.0
P04807,P31111,0,bipartite_non_edge,169.0,155.0
P04807,P32618,0,bipartite_non_edge,169.0,155.0
P04807,P32796,0,bipartite_non_edge,169.0,155.0
P04807,P35056,0,bipartite_non_edge,169.0,155.0
P04807,P38272,0,bipartite_non_edge,169.0,155.0
P04807,P39007,0,bipartite_non_edge,169.0,155.0
P04807,P40969,0,bipartite_non_edge,169.0,155.0
P04807,P47017,0,bipartite_non_edge,169.0,155.0
P04807,P50623,0,bipartite_non_edge,169.0,155.0
P04807,P54861,0,bipartite_non_edge,169.0,155.0
P04807,Q05580,0,bipartite_non_edge,169.0,155.0
P04807,Q06440,0,bipartite_non_edge,169.0,155.0
P04807,Q12134,0,bipartite_non_edge,169.0,155.0
P04821,P06782,0,bipartite_non_edge,169.0,155.0
P04821,P06786,0,bipartite_non_edge,169.0,155.0
P04821,P14741,0,bipartite_non_edge,169.0,155.0
P04821,P16474,0,bipartite_non_edge,169.0,155.0
P04821,P21264,0,bipartite_non_edge,169.0,155.0
P04821,P29340,0,bipartite_non_edge,169.0,155.0
P04821,P31539,0,bipartite_non_edge,169.0,155.0
P04821,P32389,0,bipartite_non_edge,169.0,155.0
P04821,P32908,0,bipartite_non_edge,169.0,155.0
P04821,P39723,0,bipartite_non_edge,169.0,155.0
P04821,P40089,0,bipartite_non_edge,169.0,155.0
P04821,P46946,0,bipartite_non_edge,169.0,155.0
P04821,P47017,0,bipartite_non_edge,169.0,155.0
P04821,P47037,0,bipartite_non_edge,169.0,155.0
P04821,P53253,0,bipartite_non_edge,169.0,155.0
P04821,Q00684,0,bipartite_non_edge,169.0,155.0
P04821,Q04048,0,bipartite_non_edge,169.0,155.0
P04821,Q04411,0,bipartite_non_edge,169.0,155.0
P04821,Q12263,0,bipartite_non_edge,169.0,155.0
P04821,Q12334,0,bipartite_non_edge,169.0,155.0
P04821,Q3E7C1,0,bipartite_non_edge,169.0,155.0
P05453,P06700,0,bipartite_non_edge,169.0,155.0
P05453,P17065,0,bipartite_non_edge,169.0,155.0
P05453,P19262,0,bipartite_non_edge,169.0,155.0
P05453,P21264,0,bipartite_non_edge,169.0,155.0
P05453,P21374,0,bipartite_non_edge,169.0,155.0
P05453,P23561,0,bipartite_non_edge,169.0,155.0
P05453,P24279,0,bipartite_non_edge,169.0,155.0
P05453,P25367,0,bipartite_non_edge,169.0,155.0
P05453,P27895,0,bipartite_non_edge,169.0,155.0
P05453,P28743,0,bipartite_non_edge,169.0,155.0
P05453,P28795,0,bipartite_non_edge,169.0,155.0
P05453,P29340,0,bipartite_non_edge,169.0,155.0
P05453,P31111,0,bipartite_non_edge,169.0,155.0
P05453,P32505,0,bipartite_non_edge,169.0,155.0
P05453,P32639,0,bipartite_non_edge,169.0,155.0
P05453,P32829,0,bipartite_non_edge,169.0,155.0
P05453,P32849,0,bipartite_non_edge,169.0,155.0
P05453,P35191,0,bipartite_non_edge,169.0,155.0
P05453,P36094,0,bipartite_non_edge,169.0,155.0
P05453,P38042,0,bipartite_non_edge,169.0,155.0
P05453,P38247,0,bipartite_non_edge,169.0,155.0
P05453,P38339,0,bipartite_non_edge,169.0,155.0
P05453,P39928,0,bipartite_non_edge,169.0,155.0
P05453,P39998,0,bipartite_non_edge,169.0,155.0
P05453,P40073,0,bipartite_non_edge,169.0,155.0
P05453,P40325,0,bipartite_non_edge,169.0,155.0
P05453,P40963,0,bipartite_non_edge,169.0,155.0
P05453,P40969,0,bipartite_non_edge,169.0,155.0
P05453,P41695,0,bipartite_non_edge,169.0,155.0
P05453,P43605,0,bipartite_non_edge,169.0,155.0
P05453,P52917,0,bipartite_non_edge,169.0,155.0
P05453,P54861,0,bipartite_non_edge,169.0,155.0
P05453,P57743,0,bipartite_non_edge,169.0,155.0
P05453,Q00684,0,bipartite_non_edge,169.0,155.0
P05453,Q03654,0,bipartite_non_edge,169.0,155.0
P05453,Q04048,0,bipartite_non_edge,169.0,155.0
P05453,Q04477,0,bipartite_non_edge,169.0,155.0
P05453,Q05580,0,bipartite_non_edge,169.0,155.0
P05453,Q06706,0,bipartite_non_edge,169.0,155.0
P05453,Q12134,0,bipartite_non_edge,169.0,155.0
P05453,Q12334,0,bipartite_non_edge,169.0,155.0
P06700,P07272,0,bipartite_non_edge,169.0,155.0
P06700,P08638,0,bipartite_non_edge,169.0,155.0
P06700,P14904,0,bipartite_non_edge,169.0,155.0
P06700,P16474,0,bipartite_non_edge,169.0,155.0
P06700,P17106,0,bipartite_non_edge,169.0,155.0
P06700,P17709,0,bipartite_non_edge,169.0,155.0
P06700,P22804,0,bipartite_non_edge,169.0,155.0
P06700,P23561,0,bipartite_non_edge,169.0,155.0
P06700,P24719,0,bipartite_non_edge,169.0,155.0
P06700,P25293,0,bipartite_non_edge,169.0,155.0
P06700,P25454,0,bipartite_non_edge,169.0,155.0
P06700,P27515,0,bipartite_non_edge,169.0,155.0
P06700,P29340,0,bipartite_non_edge,169.0,155.0
P06700,P29469,0,bipartite_non_edge,169.0,155.0
P06700,P30822,0,bipartite_non_edge,169.0,155.0
P06700,P31111,0,bipartite_non_edge,169.0,155.0
P06700,P32797,0,bipartite_non_edge,169.0,155.0
P06700,P39081,0,bipartite_non_edge,169.0,155.0
P06700,P39928,0,bipartite_non_edge,169.0,155.0
P06700,P39929,0,bipartite_non_edge,169.0,155.0
P06700,P39998,0,bipartite_non_edge,169.0,155.0
P06700,P40325,0,bipartite_non_edge,169.0,155.0
P06700,P46954,0,bipartite_non_edge,169.0,155.0
P06700,P47011,0,bipartite_non_edge,169.0,155.0
P06700,P47037,0,bipartite_non_edge,169.0,155.0
P06700,P47095,0,bipartite_non_edge,169.0,155.0
P06700,P47129,0,bipartite_non_edge,169.0,155.0
P06700,P53184,0,bipartite_non_edge,169.0,155.0
P06700,P53895,0,bipartite_non_edge,169.0,155.0
P06700,Q02100,0,bipartite_non_edge,169.0,155.0
P06700,Q03818,0,bipartite_non_edge,169.0,155.0
P06700,Q12066,0,bipartite_non_edge,169.0,155.0
P06700,Q12263,0,bipartite_non_edge,169.0,155.0
P06700,Q12306,0,bipartite_non_edge,169.0,155.0
P06700,Q12390,0,bipartite_non_edge,169.0,155.0
P06700,Q92331,0,bipartite_non_edge,169.0,155.0
P06701,P10862,0,bipartite_non_edge,169.0,155.0
P06701,P11075,0,bipartite_non_edge,169.0,155.0
P06701,P17106,0,bipartite_non_edge,169.0,155.0
P06701,P20050,0,bipartite_non_edge,169.0,155.0
P06701,P23561,0,bipartite_non_edge,169.0,155.0
P06701,P24279,0,bipartite_non_edge,169.0,155.0
P06701,P24719,0,bipartite_non_edge,169.0,155.0
P06701,P27895,0,bipartite_non_edge,169.0,155.0
P06701,P30822,0,bipartite_non_edge,169.0,155.0
P06701,P32505,0,bipartite_non_edge,169.0,155.0
P06701,P32523,0,bipartite_non_edge,169.0,155.0
P06701,P32628,0,bipartite_non_edge,169.0,155.0
P06701,P32796,0,bipartite_non_edge,169.0,155.0
P06701,P32829,0,bipartite_non_edge,169.0,155.0
P06701,P32917,0,bipartite_non_edge,169.0,155.0
P06701,P36068,0,bipartite_non_edge,169.0,155.0
P06701,P36094,0,bipartite_non_edge,169.0,155.0
P06701,P38042,0,bipartite_non_edge,169.0,155.0
P06701,P38147,0,bipartite_non_edge,169.0,155.0
P06701,P38748,0,bipartite_non_edge,169.0,155.0
P06701,P39113,0,bipartite_non_edge,169.0,155.0
P06701,P40054,0,bipartite_non_edge,169.0,155.0
P06701,P40325,0,bipartite_non_edge,169.0,155.0
P06701,P47037,0,bipartite_non_edge,169.0,155.0
P06701,P47095,0,bipartite_non_edge,169.0,155.0
P06701,P52917,0,bipartite_non_edge,169.0,155.0
P06701,P81449,0,bipartite_non_edge,169.0,155.0
P06701,Q00582,0,bipartite_non_edge,169.0,155.0
P06701,Q03898,0,bipartite_non_edge,169.0,155.0
P06701,Q05568,0,bipartite_non_edge,169.0,155.0
P06701,Q05580,0,bipartite_non_edge,169.0,155.0
P06701,Q06440,0,bipartite_non_edge,169.0,155.0
P06701,Q06706,0,bipartite_non_edge,169.0,155.0
P06701,Q08601,0,bipartite_non_edge,169.0,155.0
P06701,Q12440,0,bipartite_non_edge,169.0,155.0
P06701,Q92331,0,bipartite_non_edge,169.0,155.0
P06778,P08638,0,bipartite_non_edge,169.0,155.0
P06778,P14904,0,bipartite_non_edge,169.0,155.0
P06778,P15873,0,bipartite_non_edge,169.0,155.0
P06778,P15992,0,bipartite_non_edge,169.0,155.0
P06778,P17065,0,bipartite_non_edge,169.0,155.0
P06778,P19262,0,bipartite_non_edge,169.0,155.0
P06778,P20050,0,bipartite_non_edge,169.0,155.0
P06778,P21264,0,bipartite_non_edge,169.0,155.0
P06778,P22804,0,bipartite_non_edge,169.0,155.0
P06778,P28795,0,bipartite_non_edge,169.0,155.0
P06778,P30822,0,bipartite_non_edge,169.0,155.0
P06778,P32458,0,bipartite_non_edge,169.0,155.0
P06778,P32468,0,bipartite_non_edge,169.0,155.0
P06778,P32628,0,bipartite_non_edge,169.0,155.0
P06778,P32797,0,bipartite_non_edge,169.0,155.0
P06778,P32829,0,bipartite_non_edge,169.0,155.0
P06778,P33338,0,bipartite_non_edge,169.0,155.0
P06778,P38523,0,bipartite_non_edge,169.0,155.0
P06778,P38822,0,bipartite_non_edge,169.0,155.0
P06778,P38853,0,bipartite_non_edge,169.0,155.0
P06778,P38930,0,bipartite_non_edge,169.0,155.0
P06778,P39723,0,bipartite_non_edge,169.0,155.0
P06778,P39743,0,bipartite_non_edge,169.0,155.0
P06778,P39929,0,bipartite_non_edge,169.0,155.0
P06778,P40073,0,bipartite_non_edge,169.0,155.0
P06778,P40316,0,bipartite_non_edge,169.0,155.0
P06778,P40325,0,bipartite_non_edge,169.0,155.0
P06778,P42935,0,bipartite_non_edge,169.0,155.0
P06778,P47017,0,bipartite_non_edge,169.0,155.0
P06778,P50623,0,bipartite_non_edge,169.0,155.0
P06778,P53617,0,bipartite_non_edge,169.0,155.0
P06778,P81449,0,bipartite_non_edge,169.0,155.0
P06778,Q02939,0,bipartite_non_edge,169.0,155.0
P06778,Q03898,0,bipartite_non_edge,169.0,155.0
P06778,Q03954,0,bipartite_non_edge,169.0,155.0
P06778,Q04868,0,bipartite_non_edge,169.0,155.0
P06778,Q04921,0,bipartite_non_edge,169.0,155.0
P06778,Q05568,0,bipartite_non_edge,169.0,155.0
P06778,Q06410,0,bipartite_non_edge,169.0,155.0
P06778,Q06706,0,bipartite_non_edge,169.0,155.0
P06778,Q12365,0,bipartite_non_edge,169.0,155.0
P06782,P06786,0,bipartite_non_edge,169.0,155.0
P06782,P06843,0,bipartite_non_edge,169.0,155.0
P06782,P08638,0,bipartite_non_edge,169.0,155.0
P06782,P17106,0,bipartite_non_edge,169.0,155.0
P06782,P19262,0,bipartite_non_edge,169.0,155.0
P06782,P21304,0,bipartite_non_edge,169.0,155.0
P06782,P22216,0,bipartite_non_edge,169.0,155.0
P06782,P32504,0,bipartite_non_edge,169.0,155.0
P06782,P32639,0,bipartite_non_edge,169.0,155.0
P06782,P32797,0,bipartite_non_edge,169.0,155.0
P06782,P32861,0,bipartite_non_edge,169.0,155.0
P06782,P33338,0,bipartite_non_edge,169.0,155.0
P06782,P35056,0,bipartite_non_edge,169.0,155.0
P06782,P38147,0,bipartite_non_edge,169.0,155.0
P06782,P39929,0,bipartite_non_edge,169.0,155.0
P06782,P39998,0,bipartite_non_edge,169.0,155.0
P06782,P40202,0,bipartite_non_edge,169.0,155.0
P06782,P40325,0,bipartite_non_edge,169.0,155.0
P06782,P40460,0,bipartite_non_edge,169.0,155.0
P06782,P47095,0,bipartite_non_edge,169.0,155.0
P06782,P47115,0,bipartite_non_edge,169.0,155.0
P06782,P53253,0,bipartite_non_edge,169.0,155.0
P06782,Q02100,0,bipartite_non_edge,169.0,155.0
P06782,Q02884,0,bipartite_non_edge,169.0,155.0
P06782,Q02939,0,bipartite_non_edge,169.0,155.0
P06782,Q03654,0,bipartite_non_edge,169.0,155.0
P06782,Q03818,0,bipartite_non_edge,169.0,155.0
P06782,Q07457,0,bipartite_non_edge,169.0,155.0
P06782,Q12020,0,bipartite_non_edge,169.0,155.0
P06782,Q12084,0,bipartite_non_edge,169.0,155.0
P06782,Q12446,0,bipartite_non_edge,169.0,155.0
P06782,Q92331,0,bipartite_non_edge,169.0,155.0
P06786,P06843,0,bipartite_non_edge,169.0,155.0
P06786,P07270,0,bipartite_non_edge,169.0,155.0
P06786,P07272,0,bipartite_non_edge,169.0,155.0
P06786,P08638,0,bipartite_non_edge,169.0,155.0
P06786,P09938,0,bipartite_non_edge,169.0,155.0
P06786,P11978,0,bipartite_non_edge,169.0,155.0
P06786,P17106,0,bipartite_non_edge,169.0,155.0
P06786,P25367,0,bipartite_non_edge,169.0,155.0
P06786,P29469,0,bipartite_non_edge,169.0,155.0
P06786,P31111,0,bipartite_non_edge,169.0,155.0
P06786,P32796,0,bipartite_non_edge,169.0,155.0
P06786,P32797,0,bipartite_non_edge,169.0,155.0
P06786,P36094,0,bipartite_non_edge,169.0,155.0
P06786,P38147,0,bipartite_non_edge,169.0,155.0
P06786,P38339,0,bipartite_non_edge,169.0,155.0
P06786,P38874,0,bipartite_non_edge,169.0,155.0
P06786,P39743,0,bipartite_non_edge,169.0,155.0
P06786,P40089,0,bipartite_non_edge,169.0,155.0
P06786,P40316,0,bipartite_non_edge,169.0,155.0
P06786,P40969,0,bipartite_non_edge,169.0,155.0
P06786,P47129,0,bipartite_non_edge,169.0,155.0
P06786,P52891,0,bipartite_non_edge,169.0,155.0
P06786,P53971,0,bipartite_non_edge,169.0,155.0
P06786,P54861,0,bipartite_non_edge,169.0,155.0
P06786,P57743,0,bipartite_non_edge,169.0,155.0
P06786,Q00582,0,bipartite_non_edge,169.0,155.0
P06786,Q02100,0,bipartite_non_edge,169.0,155.0
P06786,Q04477,0,bipartite_non_edge,169.0,155.0
P06786,Q05080,0,bipartite_non_edge,169.0,155.0
P06786,Q05791,0,bipartite_non_edge,169.0,155.0
P06786,Q08581,0,bipartite_non_edge,169.0,155.0
P06786,Q08601,0,bipartite_non_edge,169.0,155.0
P06786,Q12084,0,bipartite_non_edge,169.0,155.0
P06786,Q12446,0,bipartite_non_edge,169.0,155.0
P06786,Q3E7C1,0,bipartite_non_edge,169.0,155.0
P06786,Q92331,0,bipartite_non_edge,169.0,155.0
P06843,P08964,0,bipartite_non_edge,169.0,155.0
P06843,P09938,0,bipartite_non_edge,169.0,155.0
P06843,P0C0X0,0,bipartite_non_edge,169.0,155.0
P06843,P16649,0,bipartite_non_edge,169.0,155.0
P06843,P17065,0,bipartite_non_edge,169.0,155.0
P06843,P21264,0,bipartite_non_edge,169.0,155.0
P06843,P21524,0,bipartite_non_edge,169.0,155.0
P06843,P22216,0,bipartite_non_edge,169.0,155.0
P06843,P24279,0,bipartite_non_edge,169.0,155.0
P06843,P25342,0,bipartite_non_edge,169.0,155.0
P06843,P25454,0,bipartite_non_edge,169.0,155.0
P06843,P26343,0,bipartite_non_edge,169.0,155.0
P06843,P32458,0,bipartite_non_edge,169.0,155.0
P06843,P32796,0,bipartite_non_edge,169.0,155.0
P06843,P32861,0,bipartite_non_edge,169.0,155.0
P06843,P32917,0,bipartite_non_edge,169.0,155.0
P06843,P34730,0,bipartite_non_edge,169.0,155.0
P06843,P35191,0,bipartite_non_edge,169.0,155.0
P06843,P38785,0,bipartite_non_edge,169.0,155.0
P06843,P39007,0,bipartite_non_edge,169.0,155.0
P06843,P39928,0,bipartite_non_edge,169.0,155.0
P06843,P40054,0,bipartite_non_edge,169.0,155.0
P06843,P40151,0,bipartite_non_edge,169.0,155.0
P06843,P40316,0,bipartite_non_edge,169.0,155.0
P06843,P40957,0,bipartite_non_edge,169.0,155.0
P06843,P41543,0,bipartite_non_edge,169.0,155.0
P06843,P47095,0,bipartite_non_edge,169.0,155.0
P06843,P48361,0,bipartite_non_edge,169.0,155.0
P06843,P53112,0,bipartite_non_edge,169.0,155.0
P06843,Q02908,0,bipartite_non_edge,169.0,155.0
P06843,Q02939,0,bipartite_non_edge,169.0,155.0
P06843,Q03898,0,bipartite_non_edge,169.0,155.0
P06843,Q03954,0,bipartite_non_edge,169.0,155.0
P06843,Q05080,0,bipartite_non_edge,169.0,155.0
P06843,Q06706,0,bipartite_non_edge,169.0,155.0
P06843,Q08581,0,bipartite_non_edge,169.0,155.0
P06843,Q12033,0,bipartite_non_edge,169.0,155.0
P06843,Q12154,0,bipartite_non_edge,169.0,155.0
P06843,Q12263,0,bipartite_non_edge,169.0,155.0
P06843,Q12329,0,bipartite_non_edge,169.0,155.0
P07270,P10862,0,bipartite_non_edge,169.0,155.0
P07270,P25454,0,bipartite_non_edge,169.0,155.0
P07270,P28743,0,bipartite_non_edge,169.0,155.0
P07270,P30822,0,bipartite_non_edge,169.0,155.0
P07270,P31111,0,bipartite_non_edge,169.0,155.0
P07270,P32505,0,bipartite_non_edge,169.0,155.0
P07270,P32618,0,bipartite_non_edge,169.0,155.0
P07270,P32797,0,bipartite_non_edge,169.0,155.0
P07270,P33419,0,bipartite_non_edge,169.0,155.0
P07270,P36068,0,bipartite_non_edge,169.0,155.0
P07270,P38272,0,bipartite_non_edge,169.0,155.0
P07270,P38523,0,bipartite_non_edge,169.0,155.0
P07270,P39743,0,bipartite_non_edge,169.0,155.0
P07270,P39928,0,bipartite_non_edge,169.0,155.0
P07270,P40054,0,bipartite_non_edge,169.0,155.0
P07270,P40969,0,bipartite_non_edge,169.0,155.0
P07270,P41543,0,bipartite_non_edge,169.0,155.0
P07270,P43639,0,bipartite_non_edge,169.0,155.0
P07270,P46954,0,bipartite_non_edge,169.0,155.0
P07270,P61829,0,bipartite_non_edge,169.0,155.0
P07270,Q02884,0,bipartite_non_edge,169.0,155.0
P07270,Q04411,0,bipartite_non_edge,169.0,155.0
P07270,Q06169,0,bipartite_non_edge,169.0,155.0
P07272,P17106,0,bipartite_non_edge,169.0,155.0
P07272,P21304,0,bipartite_non_edge,169.0,155.0
P07272,P21374,0,bipartite_non_edge,169.0,155.0
P07272,P25367,0,bipartite_non_edge,169.0,155.0
P07272,P27515,0,bipartite_non_edge,169.0,155.0
P07272,P29340,0,bipartite_non_edge,169.0,155.0
P07272,P31539,0,bipartite_non_edge,169.0,155.0
P07272,P33419,0,bipartite_non_edge,169.0,155.0
P07272,P35191,0,bipartite_non_edge,169.0,155.0
P07272,P40089,0,bipartite_non_edge,169.0,155.0
P07272,P40151,0,bipartite_non_edge,169.0,155.0
P07272,P40957,0,bipartite_non_edge,169.0,155.0
P07272,P46954,0,bipartite_non_edge,169.0,155.0
P07272,P53184,0,bipartite_non_edge,169.0,155.0
P07272,P53971,0,bipartite_non_edge,169.0,155.0
P07272,Q00582,0,bipartite_non_edge,169.0,155.0
P07272,Q02884,0,bipartite_non_edge,169.0,155.0
P07272,Q03818,0,bipartite_non_edge,169.0,155.0
P07272,Q04411,0,bipartite_non_edge,169.0,155.0
P07272,Q04477,0,bipartite_non_edge,169.0,155.0
P07272,Q05080,0,bipartite_non_edge,169.0,155.0
P07272,Q05580,0,bipartite_non_edge,169.0,155.0
P07272,Q12084,0,bipartite_non_edge,169.0,155.0
P07272,Q12329,0,bipartite_non_edge,169.0,155.0
P08638,P08964,0,bipartite_non_edge,169.0,155.0
P08638,P15992,0,bipartite_non_edge,169.0,155.0
P08638,P16474,0,bipartite_non_edge,169.0,155.0
P08638,P17065,0,bipartite_non_edge,169.0,155.0
P08638,P21374,0,bipartite_non_edge,169.0,155.0
P08638,P22216,0,bipartite_non_edge,169.0,155.0
P08638,P25454,0,bipartite_non_edge,169.0,155.0
P08638,P30822,0,bipartite_non_edge,169.0,155.0
P08638,P32389,0,bipartite_non_edge,169.0,155.0
P08638,P32917,0,bipartite_non_edge,169.0,155.0
P08638,P35056,0,bipartite_non_edge,169.0,155.0
P08638,P36068,0,bipartite_non_edge,169.0,155.0
P08638,P38247,0,bipartite_non_edge,169.0,155.0
P08638,P38339,0,bipartite_non_edge,169.0,155.0
P08638,P39928,0,bipartite_non_edge,169.0,155.0
P08638,P40485,0,bipartite_non_edge,169.0,155.0
P08638,P47037,0,bipartite_non_edge,169.0,155.0
P08638,P47095,0,bipartite_non_edge,169.0,155.0
P08638,P50623,0,bipartite_non_edge,169.0,155.0
P08638,P52917,0,bipartite_non_edge,169.0,155.0
P08638,P53253,0,bipartite_non_edge,169.0,155.0
P08638,Q06410,0,bipartite_non_edge,169.0,155.0
P08638,Q06675,0,bipartite_non_edge,169.0,155.0
P08638,Q07457,0,bipartite_non_edge,169.0,155.0
P08638,Q12159,0,bipartite_non_edge,169.0,155.0
P08964,P11978,0,bipartite_non_edge,169.0,155.0
P08964,P14291,0,bipartite_non_edge,169.0,155.0
P08964,P16474,0,bipartite_non_edge,169.0,155.0
P08964,P20967,0,bipartite_non_edge,169.0,155.0
P08964,P21304,0,bipartite_non_edge,169.0,155.0
P08964,P28743,0,bipartite_non_edge,169.0,155.0
P08964,P30822,0,bipartite_non_edge,169.0,155.0
P08964,P31539,0,bipartite_non_edge,169.0,155.0
P08964,P33419,0,bipartite_non_edge,169.0,155.0
P08964,P36094,0,bipartite_non_edge,169.0,155.0
P08964,P38523,0,bipartite_non_edge,169.0,155.0
P08964,P39743,0,bipartite_non_edge,169.0,155.0
P08964,P40073,0,bipartite_non_edge,169.0,155.0
P08964,P40316,0,bipartite_non_edge,169.0,155.0
P08964,P47011,0,bipartite_non_edge,169.0,155.0
P08964,P52891,0,bipartite_non_edge,169.0,155.0
P08964,P53253,0,bipartite_non_edge,169.0,155.0
P08964,P53886,0,bipartite_non_edge,169.0,155.0
P08964,Q00582,0,bipartite_non_edge,169.0,155.0
P08964,Q03860,0,bipartite_non_edge,169.0,155.0
P08964,Q05580,0,bipartite_non_edge,169.0,155.0
P08964,Q12263,0,bipartite_non_edge,169.0,155.0
P08964,Q12390,0,bipartite_non_edge,169.0,155.0
P08964,Q92331,0,bipartite_non_edge,169.0,155.0
P09201,P09938,0,bipartite_non_edge,169.0,155.0
P09201,P15873,0,bipartite_non_edge,169.0,155.0
P09201,P20967,0,bipartite_non_edge,169.0,155.0
P09201,P21264,0,bipartite_non_edge,169.0,155.0
P09201,P21374,0,bipartite_non_edge,169.0,155.0
P09201,P23337,0,bipartite_non_edge,169.0,155.0
P09201,P28743,0,bipartite_non_edge,169.0,155.0
P09201,P29340,0,bipartite_non_edge,169.0,155.0
P09201,P35191,0,bipartite_non_edge,169.0,155.0
P09201,P36094,0,bipartite_non_edge,169.0,155.0
P09201,P38042,0,bipartite_non_edge,169.0,155.0
P09201,P38272,0,bipartite_non_edge,169.0,155.0
P09201,P38523,0,bipartite_non_edge,169.0,155.0
P09201,P39929,0,bipartite_non_edge,169.0,155.0
P09201,P40054,0,bipartite_non_edge,169.0,155.0
P09201,P40316,0,bipartite_non_edge,169.0,155.0
P09201,P43639,0,bipartite_non_edge,169.0,155.0
P09201,P46954,0,bipartite_non_edge,169.0,155.0
P09201,P53253,0,bipartite_non_edge,169.0,155.0
P09201,Q03654,0,bipartite_non_edge,169.0,155.0
P09201,Q03818,0,bipartite_non_edge,169.0,155.0
P09201,Q03954,0,bipartite_non_edge,169.0,155.0
P09201,Q05080,0,bipartite_non_edge,169.0,155.0
P09201,Q12020,0,bipartite_non_edge,169.0,155.0
P09201,Q12066,0,bipartite_non_edge,169.0,155.0
P09201,Q12334,0,bipartite_non_edge,169.0,155.0
P09798,P12904,0,bipartite_non_edge,169.0,155.0
P09798,P14904,0,bipartite_non_edge,169.0,155.0
P09798,P17106,0,bipartite_non_edge,169.0,155.0
P09798,P17709,0,bipartite_non_edge,169.0,155.0
P09798,P20050,0,bipartite_non_edge,169.0,155.0
P09798,P22804,0,bipartite_non_edge,169.0,155.0
P09798,P25454,0,bipartite_non_edge,169.0,155.0
P09798,P29469,0,bipartite_non_edge,169.0,155.0
P09798,P30822,0,bipartite_non_edge,169.0,155.0
P09798,P32458,0,bipartite_non_edge,169.0,155.0
P09798,P32468,0,bipartite_non_edge,169.0,155.0
P09798,P32628,0,bipartite_non_edge,169.0,155.0
P09798,P32797,0,bipartite_non_edge,169.0,155.0
P09798,P32861,0,bipartite_non_edge,169.0,155.0
P09798,P33338,0,bipartite_non_edge,169.0,155.0
P09798,P33420,0,bipartite_non_edge,169.0,155.0
P09798,P35056,0,bipartite_non_edge,169.0,155.0
P09798,P39007,0,bipartite_non_edge,169.0,155.0
P09798,P39998,0,bipartite_non_edge,169.0,155.0
P09798,P40073,0,bipartite_non_edge,169.0,155.0
P09798,P40089,0,bipartite_non_edge,169.0,155.0
P09798,P40460,0,bipartite_non_edge,169.0,155.0
P09798,P43605,0,bipartite_non_edge,169.0,155.0
P09798,P46946,0,bipartite_non_edge,169.0,155.0
P09798,P47037,0,bipartite_non_edge,169.0,155.0
P09798,P47095,0,bipartite_non_edge,169.0,155.0
P09798,P52891,0,bipartite_non_edge,169.0,155.0
P09798,P53112,0,bipartite_non_edge,169.0,155.0
P09798,P81449,0,bipartite_non_edge,169.0,155.0
P09798,Q02100,0,bipartite_non_edge,169.0,155.0
P09798,Q02908,0,bipartite_non_edge,169.0,155.0
P09798,Q03818,0,bipartite_non_edge,169.0,155.0
P09798,Q03898,0,bipartite_non_edge,169.0,155.0
P09798,Q04003,0,bipartite_non_edge,169.0,155.0
P09798,Q06169,0,bipartite_non_edge,169.0,155.0
P09798,Q06706,0,bipartite_non_edge,169.0,155.0
P09798,Q08581,0,bipartite_non_edge,169.0,155.0
P09798,Q12134,0,bipartite_non_edge,169.0,155.0
P09798,Q12306,0,bipartite_non_edge,169.0,155.0
P09798,Q3E7C1,0,bipartite_non_edge,169.0,155.0
P09938,P14741,0,bipartite_non_edge,169.0,155.0
P09938,P14904,0,bipartite_non_edge,169.0,155.0
P09938,P15873,0,bipartite_non_edge,169.0,155.0
P09938,P22216,0,bipartite_non_edge,169.0,155.0
P09938,P24719,0,bipartite_non_edge,169.0,155.0
P09938,P26343,0,bipartite_non_edge,169.0,155.0
P09938,P30822,0,bipartite_non_edge,169.0,155.0
P09938,P32361,0,bipartite_non_edge,169.0,155.0
P09938,P32523,0,bipartite_non_edge,169.0,155.0
P09938,P34730,0,bipartite_non_edge,169.0,155.0
P09938,P39113,0,bipartite_non_edge,169.0,155.0
P09938,P39743,0,bipartite_non_edge,169.0,155.0
P09938,P40460,0,bipartite_non_edge,169.0,155.0
P09938,P41697,0,bipartite_non_edge,169.0,155.0
P09938,P52891,0,bipartite_non_edge,169.0,155.0
P09938,P53253,0,bipartite_non_edge,169.0,155.0
P09938,P53895,0,bipartite_non_edge,169.0,155.0
P09938,P54786,0,bipartite_non_edge,169.0,155.0
P09938,Q03818,0,bipartite_non_edge,169.0,155.0
P09938,Q04048,0,bipartite_non_edge,169.0,155.0
P09938,Q06675,0,bipartite_non_edge,169.0,155.0
P09938,Q12134,0,bipartite_non_edge,169.0,155.0
P0C0X0,P14741,0,bipartite_non_edge,169.0,155.0
P0C0X0,P16649,0,bipartite_non_edge,169.0,155.0
P0C0X0,P23561,0,bipartite_non_edge,169.0,155.0
P0C0X0,P31111,0,bipartite_non_edge,169.0,155.0
P0C0X0,P31539,0,bipartite_non_edge,169.0,155.0
P0C0X0,P32468,0,bipartite_non_edge,169.0,155.0
P0C0X0,P32505,0,bipartite_non_edge,169.0,155.0
P0C0X0,P32908,0,bipartite_non_edge,169.0,155.0
P0C0X0,P36068,0,bipartite_non_edge,169.0,155.0
P0C0X0,P39723,0,bipartite_non_edge,169.0,155.0
P0C0X0,P40073,0,bipartite_non_edge,169.0,155.0
P0C0X0,P40460,0,bipartite_non_edge,169.0,155.0
P0C0X0,P41921,0,bipartite_non_edge,169.0,155.0
P0C0X0,P43639,0,bipartite_non_edge,169.0,155.0
P0C0X0,Q02884,0,bipartite_non_edge,169.0,155.0
P0C0X0,Q03790,0,bipartite_non_edge,169.0,155.0
P0C0X0,Q06169,0,bipartite_non_edge,169.0,155.0
P0C0X0,Q12159,0,bipartite_non_edge,169.0,155.0
P10862,P11075,0,bipartite_non_edge,169.0,155.0
P10862,P14291,0,bipartite_non_edge,169.0,155.0
P10862,P14741,0,bipartite_non_edge,169.0,155.0
P10862,P16474,0,bipartite_non_edge,169.0,155.0
P10862,P16522,0,bipartite_non_edge,169.0,155.0
P10862,P17106,0,bipartite_non_edge,169.0,155.0
P10862,P20050,0,bipartite_non_edge,169.0,155.0
P10862,P21524,0,bipartite_non_edge,169.0,155.0
P10862,P22216,0,bipartite_non_edge,169.0,155.0
P10862,P26343,0,bipartite_non_edge,169.0,155.0
P10862,P30771,0,bipartite_non_edge,169.0,155.0
P10862,P32628,0,bipartite_non_edge,169.0,155.0
P10862,P33420,0,bipartite_non_edge,169.0,155.0
P10862,P38822,0,bipartite_non_edge,169.0,155.0
P10862,P38853,0,bipartite_non_edge,169.0,155.0
P10862,P39081,0,bipartite_non_edge,169.0,155.0
P10862,P39723,0,bipartite_non_edge,169.0,155.0
P10862,P39929,0,bipartite_non_edge,169.0,155.0
P10862,P40151,0,bipartite_non_edge,169.0,155.0
P10862,P40460,0,bipartite_non_edge,169.0,155.0
P10862,P41695,0,bipartite_non_edge,169.0,155.0
P10862,P41697,0,bipartite_non_edge,169.0,155.0
P10862,P43639,0,bipartite_non_edge,169.0,155.0
P10862,Q03954,0,bipartite_non_edge,169.0,155.0
P10862,Q04048,0,bipartite_non_edge,169.0,155.0
P10862,Q04477,0,bipartite_non_edge,169.0,155.0
P10862,Q06708,0,bipartite_non_edge,169.0,155.0
P10862,Q12033,0,bipartite_non_edge,169.0,155.0
P10862,Q12084,0,bipartite_non_edge,169.0,155.0
P10862,Q12102,0,bipartite_non_edge,169.0,155.0
P11075,P12753,0,bipartite_non_edge,169.0,155.0
P11075,P15873,0,bipartite_non_edge,169.0,155.0
P11075,P19262,0,bipartite_non_edge,169.0,155.0
P11075,P24279,0,bipartite_non_edge,169.0,155.0
P11075,P28743,0,bipartite_non_edge,169.0,155.0
P11075,P29340,0,bipartite_non_edge,169.0,155.0
P11075,P29469,0,bipartite_non_edge,169.0,155.0
P11075,P34730,0,bipartite_non_edge,169.0,155.0
P11075,P36094,0,bipartite_non_edge,169.0,155.0
P11075,P43605,0,bipartite_non_edge,169.0,155.0
P11075,P53886,0,bipartite_non_edge,169.0,155.0
P11075,Q03654,0,bipartite_non_edge,169.0,155.0
P11075,Q04003,0,bipartite_non_edge,169.0,155.0
P11075,Q05568,0,bipartite_non_edge,169.0,155.0
P11075,Q07457,0,bipartite_non_edge,169.0,155.0
P11075,Q12440,0,bipartite_non_edge,169.0,155.0
P11746,P14741,0,bipartite_non_edge,169.0,155.0
P11746,P15873,0,bipartite_non_edge,169.0,155.0
P11746,P29469,0,bipartite_non_edge,169.0,155.0
P11746,P33419,0,bipartite_non_edge,169.0,155.0
P11746,P36068,0,bipartite_non_edge,169.0,155.0
P11746,P36094,0,bipartite_non_edge,169.0,155.0
P11746,P38042,0,bipartite_non_edge,169.0,155.0
P11746,P38822,0,bipartite_non_edge,169.0,155.0
P11746,P38874,0,bipartite_non_edge,169.0,155.0
P11746,P40151,0,bipartite_non_edge,169.0,155.0
P11746,P40582,0,bipartite_non_edge,169.0,155.0
P11746,P40969,0,bipartite_non_edge,169.0,155.0
P11746,P42935,0,bipartite_non_edge,169.0,155.0
P11746,P52891,0,bipartite_non_edge,169.0,155.0
P11746,P54786,0,bipartite_non_edge,169.0,155.0
P11746,P80667,0,bipartite_non_edge,169.0,155.0
P11746,Q02884,0,bipartite_non_edge,169.0,155.0
P11746,Q04477,0,bipartite_non_edge,169.0,155.0
P11978,P16474,0,bipartite_non_edge,169.0,155.0
P11978,P17106,0,bipartite_non_edge,169.0,155.0
P11978,P20050,0,bipartite_non_edge,169.0,155.0
P11978,P26343,0,bipartite_non_edge,169.0,155.0
P11978,P27515,0,bipartite_non_edge,169.0,155.0
P11978,P30822,0,bipartite_non_edge,169.0,155.0
P11978,P31539,0,bipartite_non_edge,169.0,155.0
P11978,P32458,0,bipartite_non_edge,169.0,155.0
P11978,P32849,0,bipartite_non_edge,169.0,155.0
P11978,P33419,0,bipartite_non_edge,169.0,155.0
P11978,P35056,0,bipartite_non_edge,169.0,155.0
P11978,P38272,0,bipartite_non_edge,169.0,155.0
P11978,P38523,0,bipartite_non_edge,169.0,155.0
P11978,P38822,0,bipartite_non_edge,169.0,155.0
P11978,P38930,0,bipartite_non_edge,169.0,155.0
P11978,P39007,0,bipartite_non_edge,169.0,155.0
P11978,P39998,0,bipartite_non_edge,169.0,155.0
P11978,P40089,0,bipartite_non_edge,169.0,155.0
P11978,P41543,0,bipartite_non_edge,169.0,155.0
P11978,P46946,0,bipartite_non_edge,169.0,155.0
P11978,P52891,0,bipartite_non_edge,169.0,155.0
P11978,P53112,0,bipartite_non_edge,169.0,155.0
P11978,P53971,0,bipartite_non_edge,169.0,155.0
P11978,P57743,0,bipartite_non_edge,169.0,155.0
P11978,Q00684,0,bipartite_non_edge,169.0,155.0
P11978,Q02884,0,bipartite_non_edge,169.0,155.0
P11978,Q02939,0,bipartite_non_edge,169.0,155.0
P11978,Q04048,0,bipartite_non_edge,169.0,155.0
P11978,Q06704,0,bipartite_non_edge,169.0,155.0
P11978,Q08581,0,bipartite_non_edge,169.0,155.0
P11978,Q12154,0,bipartite_non_edge,169.0,155.0
P11978,Q12159,0,bipartite_non_edge,169.0,155.0
P11978,Q12440,0,bipartite_non_edge,169.0,155.0
P12753,P12904,0,bipartite_non_edge,169.0,155.0
P12753,P16522,0,bipartite_non_edge,169.0,155.0
P12753,P24279,0,bipartite_non_edge,169.0,155.0
P12753,P26343,0,bipartite_non_edge,169.0,155.0
P12753,P27515,0,bipartite_non_edge,169.0,155.0
P12753,P29340,0,bipartite_non_edge,169.0,155.0
P12753,P32361,0,bipartite_non_edge,169.0,155.0
P12753,P32504,0,bipartite_non_edge,169.0,155.0
P12753,P32618,0,bipartite_non_edge,169.0,155.0
P12753,P32796,0,bipartite_non_edge,169.0,155.0
P12753,P34730,0,bipartite_non_edge,169.0,155.0
P12753,P38247,0,bipartite_non_edge,169.0,155.0
P12753,P39723,0,bipartite_non_edge,169.0,155.0
P12753,P41543,0,bipartite_non_edge,169.0,155.0
P12753,P47037,0,bipartite_non_edge,169.0,155.0
P12753,P47129,0,bipartite_non_edge,169.0,155.0
P12753,P52917,0,bipartite_non_edge,169.0,155.0
P12753,P53112,0,bipartite_non_edge,169.0,155.0
P12753,P53184,0,bipartite_non_edge,169.0,155.0
P12753,Q02100,0,bipartite_non_edge,169.0,155.0
P12753,Q06410,0,bipartite_non_edge,169.0,155.0
P12753,Q07457,0,bipartite_non_edge,169.0,155.0
P12753,Q08581,0,bipartite_non_edge,169.0,155.0
P12753,Q12020,0,bipartite_non_edge,169.0,155.0
P12753,Q12159,0,bipartite_non_edge,169.0,155.0
P12753,Q12440,0,bipartite_non_edge,169.0,155.0
P12753,Q92331,0,bipartite_non_edge,169.0,155.0
P12904,P15442,0,bipartite_non_edge,169.0,155.0
P12904,P15873,0,bipartite_non_edge,169.0,155.0
P12904,P16649,0,bipartite_non_edge,169.0,155.0
P12904,P21304,0,bipartite_non_edge,169.0,155.0
P12904,P21524,0,bipartite_non_edge,169.0,155.0
P12904,P25454,0,bipartite_non_edge,169.0,155.0
P12904,P27895,0,bipartite_non_edge,169.0,155.0
P12904,P32361,0,bipartite_non_edge,169.0,155.0
P12904,P32389,0,bipartite_non_edge,169.0,155.0
P12904,P32908,0,bipartite_non_edge,169.0,155.0
P12904,P32917,0,bipartite_non_edge,169.0,155.0
P12904,P38785,0,bipartite_non_edge,169.0,155.0
P12904,P39928,0,bipartite_non_edge,169.0,155.0
P12904,P39996,0,bipartite_non_edge,169.0,155.0
P12904,P40969,0,bipartite_non_edge,169.0,155.0
P12904,P46954,0,bipartite_non_edge,169.0,155.0
P12904,P47037,0,bipartite_non_edge,169.0,155.0
P12904,P53253,0,bipartite_non_edge,169.0,155.0
P12904,P53895,0,bipartite_non_edge,169.0,155.0
P12904,Q00582,0,bipartite_non_edge,169.0,155.0
P12904,Q04411,0,bipartite_non_edge,169.0,155.0
P12904,Q04477,0,bipartite_non_edge,169.0,155.0
P12904,Q06440,0,bipartite_non_edge,169.0,155.0
P12904,Q12066,0,bipartite_non_edge,169.0,155.0
P12904,Q12334,0,bipartite_non_edge,169.0,155.0
P12904,Q3E7C1,0,bipartite_non_edge,169.0,155.0
P14291,P16649,0,bipartite_non_edge,169.0,155.0
P14291,P21304,0,bipartite_non_edge,169.0,155.0
P14291,P23337,0,bipartite_non_edge,169.0,155.0
P14291,P25342,0,bipartite_non_edge,169.0,155.0
P14291,P25454,0,bipartite_non_edge,169.0,155.0
P14291,P28795,0,bipartite_non_edge,169.0,155.0
P14291,P32361,0,bipartite_non_edge,169.0,155.0
P14291,P32389,0,bipartite_non_edge,169.0,155.0
P14291,P32523,0,bipartite_non_edge,169.0,155.0
P14291,P32639,0,bipartite_non_edge,169.0,155.0
P14291,P35056,0,bipartite_non_edge,169.0,155.0
P14291,P36068,0,bipartite_non_edge,169.0,155.0
P14291,P38748,0,bipartite_non_edge,169.0,155.0
P14291,P38822,0,bipartite_non_edge,169.0,155.0
P14291,P39723,0,bipartite_non_edge,169.0,155.0
P14291,P43639,0,bipartite_non_edge,169.0,155.0
P14291,P52891,0,bipartite_non_edge,169.0,155.0
P14291,P54861,0,bipartite_non_edge,169.0,155.0
P14291,P57743,0,bipartite_non_edge,169.0,155.0
P14291,Q03790,0,bipartite_non_edge,169.0,155.0
P14291,Q03818,0,bipartite_non_edge,169.0,155.0
P14291,Q05080,0,bipartite_non_edge,169.0,155.0
P14291,Q06675,0,bipartite_non_edge,169.0,155.0
P14291,Q06706,0,bipartite_non_edge,169.0,155.0
P14291,Q12134,0,bipartite_non_edge,169.0,155.0
P14291,Q12159,0,bipartite_non_edge,169.0,155.0
P14291,Q12446,0,bipartite_non_edge,169.0,155.0
P14741,P22804,0,bipartite_non_edge,169.0,155.0
P14741,P23337,0,bipartite_non_edge,169.0,155.0
P14741,P25454,0,bipartite_non_edge,169.0,155.0
P14741,P28743,0,bipartite_non_edge,169.0,155.0
P14741,P32523,0,bipartite_non_edge,169.0,155.0
P14741,P35056,0,bipartite_non_edge,169.0,155.0
P14741,P36036,0,bipartite_non_edge,169.0,155.0
P14741,P38042,0,bipartite_non_edge,169.0,155.0
P14741,P40054,0,bipartite_non_edge,169.0,155.0
P14741,P40202,0,bipartite_non_edge,169.0,155.0
P14741,P40582,0,bipartite_non_edge,169.0,155.0
P14741,P40957,0,bipartite_non_edge,169.0,155.0
P14741,P43639,0,bipartite_non_edge,169.0,155.0
P14741,P48361,0,bipartite_non_edge,169.0,155.0
P14741,P53184,0,bipartite_non_edge,169.0,155.0
P14741,Q02939,0,bipartite_non_edge,169.0,155.0
P14741,Q03954,0,bipartite_non_edge,169.0,155.0
P14741,Q04921,0,bipartite_non_edge,169.0,155.0
P14741,Q05080,0,bipartite_non_edge,169.0,155.0
P14741,Q06706,0,bipartite_non_edge,169.0,155.0
P14741,Q12306,0,bipartite_non_edge,169.0,155.0
P14904,P16474,0,bipartite_non_edge,169.0,155.0
P14904,P17709,0,bipartite_non_edge,169.0,155.0
P14904,P21524,0,bipartite_non_edge,169.0,155.0
P14904,P22216,0,bipartite_non_edge,169.0,155.0
P14904,P24279,0,bipartite_non_edge,169.0,155.0
P14904,P32504,0,bipartite_non_edge,169.0,155.0
P14904,P32505,0,bipartite_non_edge,169.0,155.0
P14904,P33338,0,bipartite_non_edge,169.0,155.0
P14904,P35191,0,bipartite_non_edge,169.0,155.0
P14904,P38247,0,bipartite_non_edge,169.0,155.0
P14904,P40054,0,bipartite_non_edge,169.0,155.0
P14904,P40202,0,bipartite_non_edge,169.0,155.0
P14904,P40460,0,bipartite_non_edge,169.0,155.0
P14904,P40485,0,bipartite_non_edge,169.0,155.0
P14904,P40963,0,bipartite_non_edge,169.0,155.0
P14904,P41543,0,bipartite_non_edge,169.0,155.0
P14904,P41697,0,bipartite_non_edge,169.0,155.0
P14904,P42935,0,bipartite_non_edge,169.0,155.0
P14904,P46954,0,bipartite_non_edge,169.0,155.0
P14904,P47037,0,bipartite_non_edge,169.0,155.0
P14904,P50623,0,bipartite_non_edge,169.0,155.0
P14904,P53253,0,bipartite_non_edge,169.0,155.0
P14904,P53895,0,bipartite_non_edge,169.0,155.0
P14904,Q02100,0,bipartite_non_edge,169.0,155.0
P14904,Q03654,0,bipartite_non_edge,169.0,155.0
P14904,Q04048,0,bipartite_non_edge,169.0,155.0
P14904,Q05568,0,bipartite_non_edge,169.0,155.0
P14904,Q05580,0,bipartite_non_edge,169.0,155.0
P14904,Q06410,0,bipartite_non_edge,169.0,155.0
P14904,Q06706,0,bipartite_non_edge,169.0,155.0
P14904,Q12020,0,bipartite_non_edge,169.0,155.0
P14904,Q92331,0,bipartite_non_edge,169.0,155.0
P15442,P15873,0,bipartite_non_edge,169.0,155.0
P15442,P17106,0,bipartite_non_edge,169.0,155.0
P15442,P21374,0,bipartite_non_edge,169.0,155.0
P15442,P25367,0,bipartite_non_edge,169.0,155.0
P15442,P33420,0,bipartite_non_edge,169.0,155.0
P15442,P36094,0,bipartite_non_edge,169.0,155.0
P15442,P38822,0,bipartite_non_edge,169.0,155.0
P15442,P39081,0,bipartite_non_edge,169.0,155.0
P15442,P39929,0,bipartite_non_edge,169.0,155.0
P15442,P39998,0,bipartite_non_edge,169.0,155.0
P15442,P40582,0,bipartite_non_edge,169.0,155.0
P15442,P41695,0,bipartite_non_edge,169.0,155.0
P15442,P43605,0,bipartite_non_edge,169.0,155.0
P15442,P47037,0,bipartite_non_edge,169.0,155.0
P15442,P53253,0,bipartite_non_edge,169.0,155.0
P15442,P57743,0,bipartite_non_edge,169.0,155.0
P15442,Q00684,0,bipartite_non_edge,169.0,155.0
P15442,Q02908,0,bipartite_non_edge,169.0,155.0
P15442,Q03654,0,bipartite_non_edge,169.0,155.0
P15442,Q12084,0,bipartite_non_edge,169.0,155.0
P15442,Q12159,0,bipartite_non_edge,169.0,155.0
P15442,Q12440,0,bipartite_non_edge,169.0,155.0
P15873,P19262,0,bipartite_non_edge,169.0,155.0
P15873,P23561,0,bipartite_non_edge,169.0,155.0
P15873,P25342,0,bipartite_non_edge,169.0,155.0
P15873,P30822,0,bipartite_non_edge,169.0,155.0
P15873,P31539,0,bipartite_non_edge,169.0,155.0
P15873,P32361,0,bipartite_non_edge,169.0,155.0
P15873,P32458,0,bipartite_non_edge,169.0,155.0
P15873,P32849,0,bipartite_non_edge,169.0,155.0
P15873,P32917,0,bipartite_non_edge,169.0,155.0
P15873,P38147,0,bipartite_non_edge,169.0,155.0
P15873,P38272,0,bipartite_non_edge,169.0,155.0
P15873,P38874,0,bipartite_non_edge,169.0,155.0
P15873,P39996,0,bipartite_non_edge,169.0,155.0
P15873,P40202,0,bipartite_non_edge,169.0,155.0
P15873,P40460,0,bipartite_non_edge,169.0,155.0
P15873,P40582,0,bipartite_non_edge,169.0,155.0
P15873,P40957,0,bipartite_non_edge,169.0,155.0
P15873,P41697,0,bipartite_non_edge,169.0,155.0
P15873,P42935,0,bipartite_non_edge,169.0,155.0
P15873,P47017,0,bipartite_non_edge,169.0,155.0
P15873,P50623,0,bipartite_non_edge,169.0,155.0
P15873,P52917,0,bipartite_non_edge,169.0,155.0
P15873,P54861,0,bipartite_non_edge,169.0,155.0
P15873,Q00684,0,bipartite_non_edge,169.0,155.0
P15873,Q02884,0,bipartite_non_edge,169.0,155.0
P15873,Q03818,0,bipartite_non_edge,169.0,155.0
P15873,Q03860,0,bipartite_non_edge,169.0,155.0
P15873,Q03954,0,bipartite_non_edge,169.0,155.0
P15873,Q04411,0,bipartite_non_edge,169.0,155.0
P15873,Q04921,0,bipartite_non_edge,169.0,155.0
P15873,Q08581,0,bipartite_non_edge,169.0,155.0
P15873,Q12329,0,bipartite_non_edge,169.0,155.0
P15873,Q12440,0,bipartite_non_edge,169.0,155.0
P15873,Q3E7C1,0,bipartite_non_edge,169.0,155.0
P15873,Q92331,0,bipartite_non_edge,169.0,155.0
P15992,P16474,0,bipartite_non_edge,169.0,155.0
P15992,P20050,0,bipartite_non_edge,169.0,155.0
P15992,P22804,0,bipartite_non_edge,169.0,155.0
P15992,P23337,0,bipartite_non_edge,169.0,155.0
P15992,P26343,0,bipartite_non_edge,169.0,155.0
P15992,P29469,0,bipartite_non_edge,169.0,155.0
P15992,P32618,0,bipartite_non_edge,169.0,155.0
P15992,P32639,0,bipartite_non_edge,169.0,155.0
P15992,P32796,0,bipartite_non_edge,169.0,155.0
P15992,P38147,0,bipartite_non_edge,169.0,155.0
P15992,P38874,0,bipartite_non_edge,169.0,155.0
P15992,P39007,0,bipartite_non_edge,169.0,155.0
P15992,P42935,0,bipartite_non_edge,169.0,155.0
P15992,P47017,0,bipartite_non_edge,169.0,155.0
P15992,P47115,0,bipartite_non_edge,169.0,155.0
P15992,P48361,0,bipartite_non_edge,169.0,155.0
P15992,P50623,0,bipartite_non_edge,169.0,155.0
P15992,P57743,0,bipartite_non_edge,169.0,155.0
P15992,Q00582,0,bipartite_non_edge,169.0,155.0
P15992,Q03654,0,bipartite_non_edge,169.0,155.0
P15992,Q03898,0,bipartite_non_edge,169.0,155.0
P15992,Q03954,0,bipartite_non_edge,169.0,155.0
P15992,Q04003,0,bipartite_non_edge,169.0,155.0
P15992,Q05568,0,bipartite_non_edge,169.0,155.0
P15992,Q06440,0,bipartite_non_edge,169.0,155.0
P15992,Q12020,0,bipartite_non_edge,169.0,155.0
P15992,Q12033,0,bipartite_non_edge,169.0,155.0
P15992,Q12334,0,bipartite_non_edge,169.0,155.0
P15992,Q12446,0,bipartite_non_edge,169.0,155.0
P16474,P17065,0,bipartite_non_edge,169.0,155.0
P16474,P21524,0,bipartite_non_edge,169.0,155.0
P16474,P25454,0,bipartite_non_edge,169.0,155.0
P16474,P27515,0,bipartite_non_edge,169.0,155.0
P16474,P32468,0,bipartite_non_edge,169.0,155.0
P16474,P32628,0,bipartite_non_edge,169.0,155.0
P16474,P32639,0,bipartite_non_edge,169.0,155.0
P16474,P32829,0,bipartite_non_edge,169.0,155.0
P16474,P35056,0,bipartite_non_edge,169.0,155.0
P16474,P36068,0,bipartite_non_edge,169.0,155.0
P16474,P38523,0,bipartite_non_edge,169.0,155.0
P16474,P38874,0,bipartite_non_edge,169.0,155.0
P16474,P40460,0,bipartite_non_edge,169.0,155.0
P16474,P41921,0,bipartite_non_edge,169.0,155.0
P16474,P46946,0,bipartite_non_edge,169.0,155.0
P16474,P48361,0,bipartite_non_edge,169.0,155.0
P16474,P53184,0,bipartite_non_edge,169.0,155.0
P16474,Q02100,0,bipartite_non_edge,169.0,155.0
P16474,Q02939,0,bipartite_non_edge,169.0,155.0
P16474,Q03654,0,bipartite_non_edge,169.0,155.0
P16474,Q04048,0,bipartite_non_edge,169.0,155.0
P16474,Q06708,0,bipartite_non_edge,169.0,155.0
P16474,Q12084,0,bipartite_non_edge,169.0,155.0
P16474,Q12134,0,bipartite_non_edge,169.0,155.0
P16522,P17065,0,bipartite_non_edge,169.0,155.0
P16522,P17555,0,bipartite_non_edge,169.0,155.0
P16522,P17709,0,bipartite_non_edge,169.0,155.0
P16522,P19262,0,bipartite_non_edge,169.0,155.0
P16522,P20050,0,bipartite_non_edge,169.0,155.0
P16522,P25293,0,bipartite_non_edge,169.0,155.0
P16522,P28795,0,bipartite_non_edge,169.0,155.0
P16522,P30771,0,bipartite_non_edge,169.0,155.0
P16522,P32618,0,bipartite_non_edge,169.0,155.0
P16522,P32628,0,bipartite_non_edge,169.0,155.0
P16522,P32908,0,bipartite_non_edge,169.0,155.0
P16522,P38523,0,bipartite_non_edge,169.0,155.0
P16522,P38748,0,bipartite_non_edge,169.0,155.0
P16522,P39081,0,bipartite_non_edge,169.0,155.0
P16522,P39998,0,bipartite_non_edge,169.0,155.0
P16522,P40151,0,bipartite_non_edge,169.0,155.0
P16522,P40969,0,bipartite_non_edge,169.0,155.0
P16522,P43605,0,bipartite_non_edge,169.0,155.0
P16522,P47095,0,bipartite_non_edge,169.0,155.0
P16522,P48361,0,bipartite_non_edge,169.0,155.0
P16522,P53184,0,bipartite_non_edge,169.0,155.0
P16522,P53617,0,bipartite_non_edge,169.0,155.0
P16522,Q04868,0,bipartite_non_edge,169.0,155.0
P16522,Q04921,0,bipartite_non_edge,169.0,155.0
P16522,Q05791,0,bipartite_non_edge,169.0,155.0
P16522,Q06708,0,bipartite_non_edge,169.0,155.0
P16522,Q12020,0,bipartite_non_edge,169.0,155.0
P16522,Q3E7C1,0,bipartite_non_edge,169.0,155.0
P16649,P20967,0,bipartite_non_edge,169.0,155.0
P16649,P29469,0,bipartite_non_edge,169.0,155.0
P16649,P32829,0,bipartite_non_edge,169.0,155.0
P16649,P32849,0,bipartite_non_edge,169.0,155.0
P16649,P32917,0,bipartite_non_edge,169.0,155.0
P16649,P33338,0,bipartite_non_edge,169.0,155.0
P16649,P33419,0,bipartite_non_edge,169.0,155.0
P16649,P34730,0,bipartite_non_edge,169.0,155.0
P16649,P35191,0,bipartite_non_edge,169.0,155.0
P16649,P36068,0,bipartite_non_edge,169.0,155.0
P16649,P38042,0,bipartite_non_edge,169.0,155.0
P16649,P38874,0,bipartite_non_edge,169.0,155.0
P16649,P40582,0,bipartite_non_edge,169.0,155.0
P16649,P41695,0,bipartite_non_edge,169.0,155.0
P16649,P42935,0,bipartite_non_edge,169.0,155.0
P16649,Q02884,0,bipartite_non_edge,169.0,155.0
P16649,Q02908,0,bipartite_non_edge,169.0,155.0
P16649,Q03654,0,bipartite_non_edge,169.0,155.0
P16649,Q03818,0,bipartite_non_edge,169.0,155.0
P16649,Q05568,0,bipartite_non_edge,169.0,155.0
P16649,Q12033,0,bipartite_non_edge,169.0,155.0
P16649,Q12102,0,bipartite_non_edge,169.0,155.0
P16649,Q12329,0,bipartite_non_edge,169.0,155.0
P16649,Q12365,0,bipartite_non_edge,169.0,155.0
P17065,P17709,0,bipartite_non_edge,169.0,155.0
P17065,P21264,0,bipartite_non_edge,169.0,155.0
P17065,P21304,0,bipartite_non_edge,169.0,155.0
P17065,P21374,0,bipartite_non_edge,169.0,155.0
P17065,P21524,0,bipartite_non_edge,169.0,155.0
P17065,P24279,0,bipartite_non_edge,169.0,155.0
P17065,P32797,0,bipartite_non_edge,169.0,155.0
P17065,P33338,0,bipartite_non_edge,169.0,155.0
P17065,P38822,0,bipartite_non_edge,169.0,155.0
P17065,P38853,0,bipartite_non_edge,169.0,155.0
P17065,P38874,0,bipartite_non_edge,169.0,155.0
P17065,P39723,0,bipartite_non_edge,169.0,155.0
P17065,P40054,0,bipartite_non_edge,169.0,155.0
P17065,P41543,0,bipartite_non_edge,169.0,155.0
P17065,P47037,0,bipartite_non_edge,169.0,155.0
P17065,P53886,0,bipartite_non_edge,169.0,155.0
P17065,P54786,0,bipartite_non_edge,169.0,155.0
P17065,Q00684,0,bipartite_non_edge,169.0,155.0
P17065,Q03654,0,bipartite_non_edge,169.0,155.0
P17065,Q03790,0,bipartite_non_edge,169.0,155.0
P17065,Q03818,0,bipartite_non_edge,169.0,155.0
P17065,Q03954,0,bipartite_non_edge,169.0,155.0
P17065,Q04003,0,bipartite_non_edge,169.0,155.0
P17065,Q05080,0,bipartite_non_edge,169.0,155.0
P17065,Q12102,0,bipartite_non_edge,169.0,155.0
P17065,Q12446,0,bipartite_non_edge,169.0,155.0
P17106,P21264,0,bipartite_non_edge,169.0,155.0
P17106,P32361,0,bipartite_non_edge,169.0,155.0
P17106,P32458,0,bipartite_non_edge,169.0,155.0
P17106,P32639,0,bipartite_non_edge,169.0,155.0
P17106,P33338,0,bipartite_non_edge,169.0,155.0
P17106,P33420,0,bipartite_non_edge,169.0,155.0
P17106,P35056,0,bipartite_non_edge,169.0,155.0
P17106,P36036,0,bipartite_non_edge,169.0,155.0
P17106,P39007,0,bipartite_non_edge,169.0,155.0
P17106,P39929,0,bipartite_non_edge,169.0,155.0
P17106,P39996,0,bipartite_non_edge,169.0,155.0
P17106,P40316,0,bipartite_non_edge,169.0,155.0
P17106,P40957,0,bipartite_non_edge,169.0,155.0
P17106,P46946,0,bipartite_non_edge,169.0,155.0
P17106,P47025,0,bipartite_non_edge,169.0,155.0
P17106,P53886,0,bipartite_non_edge,169.0,155.0
P17106,Q00582,0,bipartite_non_edge,169.0,155.0
P17106,Q00684,0,bipartite_non_edge,169.0,155.0
P17106,Q02884,0,bipartite_non_edge,169.0,155.0
P17106,Q02908,0,bipartite_non_edge,169.0,155.0
P17106,Q04411,0,bipartite_non_edge,169.0,155.0
P17106,Q04921,0,bipartite_non_edge,169.0,155.0
P17106,Q06410,0,bipartite_non_edge,169.0,155.0
P17106,Q12020,0,bipartite_non_edge,169.0,155.0
P17106,Q12084,0,bipartite_non_edge,169.0,155.0
P17106,Q12102,0,bipartite_non_edge,169.0,155.0
P17106,Q12154,0,bipartite_non_edge,169.0,155.0
P17106,Q12159,0,bipartite_non_edge,169.0,155.0
P17106,Q12334,0,bipartite_non_edge,169.0,155.0
P17555,P21524,0,bipartite_non_edge,169.0,155.0
P17555,P22216,0,bipartite_non_edge,169.0,155.0
P17555,P22804,0,bipartite_non_edge,169.0,155.0
P17555,P28795,0,bipartite_non_edge,169.0,155.0
P17555,P30771,0,bipartite_non_edge,169.0,155.0
P17555,P32628,0,bipartite_non_edge,169.0,155.0
P17555,P39113,0,bipartite_non_edge,169.0,155.0
P17555,P39723,0,bipartite_non_edge,169.0,155.0
P17555,P40460,0,bipartite_non_edge,169.0,155.0
P17555,P41697,0,bipartite_non_edge,169.0,155.0
P17555,P43605,0,bipartite_non_edge,169.0,155.0
P17555,P57743,0,bipartite_non_edge,169.0,155.0
P17555,Q03818,0,bipartite_non_edge,169.0,155.0
P17555,Q05580,0,bipartite_non_edge,169.0,155.0
P17555,Q06706,0,bipartite_non_edge,169.0,155.0
P17555,Q06708,0,bipartite_non_edge,169.0,155.0
P17555,Q12446,0,bipartite_non_edge,169.0,155.0
P17709,P19262,0,bipartite_non_edge,169.0,155.0
P17709,P20967,0,bipartite_non_edge,169.0,155.0
P17709,P23561,0,bipartite_non_edge,169.0,155.0
P17709,P24279,0,bipartite_non_edge,169.0,155.0
P17709,P24719,0,bipartite_non_edge,169.0,155.0
P17709,P29340,0,bipartite_non_edge,169.0,155.0
P17709,P31111,0,bipartite_non_edge,169.0,155.0
P17709,P32361,0,bipartite_non_edge,169.0,155.0
P17709,P32849,0,bipartite_non_edge,169.0,155.0
P17709,P32908,0,bipartite_non_edge,169.0,155.0
P17709,P34730,0,bipartite_non_edge,169.0,155.0
P17709,P38822,0,bipartite_non_edge,169.0,155.0
P17709,P38853,0,bipartite_non_edge,169.0,155.0
P17709,P40054,0,bipartite_non_edge,169.0,155.0
P17709,P40073,0,bipartite_non_edge,169.0,155.0
P17709,P40089,0,bipartite_non_edge,169.0,155.0
P17709,P41697,0,bipartite_non_edge,169.0,155.0
P17709,P47017,0,bipartite_non_edge,169.0,155.0
P17709,P48361,0,bipartite_non_edge,169.0,155.0
P17709,P53971,0,bipartite_non_edge,169.0,155.0
P17709,P57743,0,bipartite_non_edge,169.0,155.0
P17709,Q03654,0,bipartite_non_edge,169.0,155.0
P17709,Q04868,0,bipartite_non_edge,169.0,155.0
P17709,Q07457,0,bipartite_non_edge,169.0,155.0
P17709,Q12102,0,bipartite_non_edge,169.0,155.0
P17709,Q12329,0,bipartite_non_edge,169.0,155.0
P19262,P22804,0,bipartite_non_edge,169.0,155.0
P19262,P23337,0,bipartite_non_edge,169.0,155.0
P19262,P25293,0,bipartite_non_edge,169.0,155.0
P19262,P25638,0,bipartite_non_edge,169.0,155.0
P19262,P27895,0,bipartite_non_edge,169.0,155.0
P19262,P35056,0,bipartite_non_edge,169.0,155.0
P19262,P38339,0,bipartite_non_edge,169.0,155.0
P19262,P38853,0,bipartite_non_edge,169.0,155.0
P19262,P39081,0,bipartite_non_edge,169.0,155.0
P19262,P40073,0,bipartite_non_edge,169.0,155.0
P19262,P40151,0,bipartite_non_edge,169.0,155.0
P19262,P40963,0,bipartite_non_edge,169.0,155.0
P19262,P41921,0,bipartite_non_edge,169.0,155.0
P19262,P47011,0,bipartite_non_edge,169.0,155.0
P19262,P47037,0,bipartite_non_edge,169.0,155.0
P19262,P53617,0,bipartite_non_edge,169.0,155.0
P19262,P53971,0,bipartite_non_edge,169.0,155.0
P19262,P81449,0,bipartite_non_edge,169.0,155.0
P19262,Q02100,0,bipartite_non_edge,169.0,155.0
P19262,Q02884,0,bipartite_non_edge,169.0,155.0
P19262,Q02939,0,bipartite_non_edge,169.0,155.0
P19262,Q03954,0,bipartite_non_edge,169.0,155.0
P19262,Q05580,0,bipartite_non_edge,169.0,155.0
P19262,Q06675,0,bipartite_non_edge,169.0,155.0
P19262,Q06706,0,bipartite_non_edge,169.0,155.0
P19262,Q12440,0,bipartite_non_edge,169.0,155.0
P19262,Q12446,0,bipartite_non_edge,169.0,155.0
P20050,P21304,0,bipartite_non_edge,169.0,155.0
P20050,P21374,0,bipartite_non_edge,169.0,155.0
P20050,P24279,0,bipartite_non_edge,169.0,155.0
P20050,P25367,0,bipartite_non_edge,169.0,155.0
P20050,P27515,0,bipartite_non_edge,169.0,155.0
P20050,P28743,0,bipartite_non_edge,169.0,155.0
P20050,P29340,0,bipartite_non_edge,169.0,155.0
P20050,P30822,0,bipartite_non_edge,169.0,155.0
P20050,P32908,0,bipartite_non_edge,169.0,155.0
P20050,P33338,0,bipartite_non_edge,169.0,155.0
P20050,P36094,0,bipartite_non_edge,169.0,155.0
P20050,P38042,0,bipartite_non_edge,169.0,155.0
P20050,P39081,0,bipartite_non_edge,169.0,155.0
P20050,P39928,0,bipartite_non_edge,169.0,155.0
P20050,P40054,0,bipartite_non_edge,169.0,155.0
P20050,P40151,0,bipartite_non_edge,169.0,155.0
P20050,P40582,0,bipartite_non_edge,169.0,155.0
P20050,P40969,0,bipartite_non_edge,169.0,155.0
P20050,P46954,0,bipartite_non_edge,169.0,155.0
P20050,P47037,0,bipartite_non_edge,169.0,155.0
P20050,P54786,0,bipartite_non_edge,169.0,155.0
P20050,P81449,0,bipartite_non_edge,169.0,155.0
P20050,Q00582,0,bipartite_non_edge,169.0,155.0
P20050,Q02884,0,bipartite_non_edge,169.0,155.0
P20050,Q02939,0,bipartite_non_edge,169.0,155.0
P20050,Q04477,0,bipartite_non_edge,169.0,155.0
P20050,Q12066,0,bipartite_non_edge,169.0,155.0
P20050,Q12102,0,bipartite_non_edge,169.0,155.0
P20050,Q12263,0,bipartite_non_edge,169.0,155.0
P20050,Q12390,0,bipartite_non_edge,169.0,155.0
P20050,Q12446,0,bipartite_non_edge,169.0,155.0
P20967,P22804,0,bipartite_non_edge,169.0,155.0
P20967,P25293,0,bipartite_non_edge,169.0,155.0
P20967,P26343,0,bipartite_non_edge,169.0,155.0
P20967,P29469,0,bipartite_non_edge,169.0,155.0
P20967,P30771,0,bipartite_non_edge,169.0,155.0
P20967,P32523,0,bipartite_non_edge,169.0,155.0
P20967,P32618,0,bipartite_non_edge,169.0,155.0
P20967,P32628,0,bipartite_non_edge,169.0,155.0
P20967,P32639,0,bipartite_non_edge,169.0,155.0
P20967,P38147,0,bipartite_non_edge,169.0,155.0
P20967,P38785,0,bipartite_non_edge,169.0,155.0
P20967,P40073,0,bipartite_non_edge,169.0,155.0
P20967,P40316,0,bipartite_non_edge,169.0,155.0
P20967,P40963,0,bipartite_non_edge,169.0,155.0
P20967,P41697,0,bipartite_non_edge,169.0,155.0
P20967,P43639,0,bipartite_non_edge,169.0,155.0
P20967,P47095,0,bipartite_non_edge,169.0,155.0
P20967,Q02884,0,bipartite_non_edge,169.0,155.0
P20967,Q03654,0,bipartite_non_edge,169.0,155.0
P20967,Q05080,0,bipartite_non_edge,169.0,155.0
P20967,Q06169,0,bipartite_non_edge,169.0,155.0
P20967,Q06708,0,bipartite_non_edge,169.0,155.0
P20967,Q08581,0,bipartite_non_edge,169.0,155.0
P20967,Q12066,0,bipartite_non_edge,169.0,155.0
P20967,Q12159,0,bipartite_non_edge,169.0,155.0
P20967,Q12329,0,bipartite_non_edge,169.0,155.0
P20967,Q12440,0,bipartite_non_edge,169.0,155.0
P21264,P28795,0,bipartite_non_edge,169.0,155.0
P21264,P30771,0,bipartite_non_edge,169.0,155.0
P21264,P30822,0,bipartite_non_edge,169.0,155.0
P21264,P32504,0,bipartite_non_edge,169.0,155.0
P21264,P32628,0,bipartite_non_edge,169.0,155.0
P21264,P32639,0,bipartite_non_edge,169.0,155.0
P21264,P32829,0,bipartite_non_edge,169.0,155.0
P21264,P36036,0,bipartite_non_edge,169.0,155.0
P21264,P38523,0,bipartite_non_edge,169.0,155.0
P21264,P39007,0,bipartite_non_edge,169.0,155.0
P21264,P39081,0,bipartite_non_edge,169.0,155.0
P21264,P39723,0,bipartite_non_edge,169.0,155.0
P21264,P40325,0,bipartite_non_edge,169.0,155.0
P21264,P40969,0,bipartite_non_edge,169.0,155.0
P21264,P53112,0,bipartite_non_edge,169.0,155.0
P21264,P53971,0,bipartite_non_edge,169.0,155.0
P21264,Q03654,0,bipartite_non_edge,169.0,155.0
P21264,Q05080,0,bipartite_non_edge,169.0,155.0
P21264,Q12033,0,bipartite_non_edge,169.0,155.0
P21304,P25454,0,bipartite_non_edge,169.0,155.0
P21304,P26343,0,bipartite_non_edge,169.0,155.0
P21304,P32458,0,bipartite_non_edge,169.0,155.0
P21304,P32468,0,bipartite_non_edge,169.0,155.0
P21304,P32504,0,bipartite_non_edge,169.0,155.0
P21304,P32796,0,bipartite_non_edge,169.0,155.0
P21304,P32829,0,bipartite_non_edge,169.0,155.0
P21304,P33338,0,bipartite_non_edge,169.0,155.0
P21304,P38874,0,bipartite_non_edge,169.0,155.0
P21304,P40151,0,bipartite_non_edge,169.0,155.0
P21304,P40202,0,bipartite_non_edge,169.0,155.0
P21304,P40957,0,bipartite_non_edge,169.0,155.0
P21304,P41695,0,bipartite_non_edge,169.0,155.0
P21304,P43639,0,bipartite_non_edge,169.0,155.0
P21304,P47037,0,bipartite_non_edge,169.0,155.0
P21304,P53112,0,bipartite_non_edge,169.0,155.0
P21304,P53895,0,bipartite_non_edge,169.0,155.0
P21304,Q00684,0,bipartite_non_edge,169.0,155.0
P21304,Q02908,0,bipartite_non_edge,169.0,155.0
P21304,Q04477,0,bipartite_non_edge,169.0,155.0
P21304,Q05080,0,bipartite_non_edge,169.0,155.0
P21304,Q12084,0,bipartite_non_edge,169.0,155.0
P21304,Q12334,0,bipartite_non_edge,169.0,155.0
P21304,Q12365,0,bipartite_non_edge,169.0,155.0
P21374,P27515,0,bipartite_non_edge,169.0,155.0
P21374,P28743,0,bipartite_non_edge,169.0,155.0
P21374,P30822,0,bipartite_non_edge,169.0,155.0
P21374,P32361,0,bipartite_non_edge,169.0,155.0
P21374,P32458,0,bipartite_non_edge,169.0,155.0
P21374,P36094,0,bipartite_non_edge,169.0,155.0
P21374,P38523,0,bipartite_non_edge,169.0,155.0
P21374,P39081,0,bipartite_non_edge,169.0,155.0
P21374,P39928,0,bipartite_non_edge,169.0,155.0
P21374,P40073,0,bipartite_non_edge,169.0,155.0
P21374,P40089,0,bipartite_non_edge,169.0,155.0
P21374,P40460,0,bipartite_non_edge,169.0,155.0
P21374,P40582,0,bipartite_non_edge,169.0,155.0
P21374,P41921,0,bipartite_non_edge,169.0,155.0
P21374,P42935,0,bipartite_non_edge,169.0,155.0
P21374,P47017,0,bipartite_non_edge,169.0,155.0
P21374,P47115,0,bipartite_non_edge,169.0,155.0
P21374,P52917,0,bipartite_non_edge,169.0,155.0
P21374,P53112,0,bipartite_non_edge,169.0,155.0
P21374,P53886,0,bipartite_non_edge,169.0,155.0
P21374,P53895,0,bipartite_non_edge,169.0,155.0
P21374,P61829,0,bipartite_non_edge,169.0,155.0
P21374,Q02884,0,bipartite_non_edge,169.0,155.0
P21374,Q03790,0,bipartite_non_edge,169.0,155.0
P21374,Q03860,0,bipartite_non_edge,169.0,155.0
P21374,Q05080,0,bipartite_non_edge,169.0,155.0
P21374,Q06704,0,bipartite_non_edge,169.0,155.0
P21374,Q06708,0,bipartite_non_edge,169.0,155.0
P21374,Q07457,0,bipartite_non_edge,169.0,155.0
P21374,Q08581,0,bipartite_non_edge,169.0,155.0
P21374,Q12066,0,bipartite_non_edge,169.0,155.0
P21374,Q12365,0,bipartite_non_edge,169.0,155.0
P21524,P24279,0,bipartite_non_edge,169.0,155.0
P21524,P26343,0,bipartite_non_edge,169.0,155.0
P21524,P27515,0,bipartite_non_edge,169.0,155.0
P21524,P29340,0,bipartite_non_edge,169.0,155.0
P21524,P30771,0,bipartite_non_edge,169.0,155.0
P21524,P31539,0,bipartite_non_edge,169.0,155.0
P21524,P32908,0,bipartite_non_edge,169.0,155.0
P21524,P38748,0,bipartite_non_edge,169.0,155.0
P21524,P39996,0,bipartite_non_edge,169.0,155.0
P21524,P40202,0,bipartite_non_edge,169.0,155.0
P21524,P40582,0,bipartite_non_edge,169.0,155.0
P21524,P41543,0,bipartite_non_edge,169.0,155.0
P21524,P47129,0,bipartite_non_edge,169.0,155.0
P21524,P53617,0,bipartite_non_edge,169.0,155.0
P21524,P61829,0,bipartite_non_edge,169.0,155.0
P21524,Q00582,0,bipartite_non_edge,169.0,155.0
P21524,Q02908,0,bipartite_non_edge,169.0,155.0
P21524,Q02939,0,bipartite_non_edge,169.0,155.0
P21524,Q03818,0,bipartite_non_edge,169.0,155.0
P21524,Q05580,0,bipartite_non_edge,169.0,155.0
P21524,Q06169,0,bipartite_non_edge,169.0,155.0
P21524,Q06704,0,bipartite_non_edge,169.0,155.0
P21524,Q08581,0,bipartite_non_edge,169.0,155.0
P21524,Q12033,0,bipartite_non_edge,169.0,155.0
P21524,Q12102,0,bipartite_non_edge,169.0,155.0
P21524,Q12134,0,bipartite_non_edge,169.0,155.0
P22216,P23337,0,bipartite_non_edge,169.0,155.0
P22216,P26343,0,bipartite_non_edge,169.0,155.0
P22216,P29340,0,bipartite_non_edge,169.0,155.0
P22216,P32504,0,bipartite_non_edge,169.0,155.0
P22216,P32639,0,bipartite_non_edge,169.0,155.0
P22216,P32796,0,bipartite_non_edge,169.0,155.0
P22216,P33419,0,bipartite_non_edge,169.0,155.0
P22216,P35191,0,bipartite_non_edge,169.0,155.0
P22216,P38272,0,bipartite_non_edge,169.0,155.0
P22216,P38523,0,bipartite_non_edge,169.0,155.0
P22216,P39928,0,bipartite_non_edge,169.0,155.0
P22216,P40073,0,bipartite_non_edge,169.0,155.0
P22216,P40089,0,bipartite_non_edge,169.0,155.0
P22216,P40325,0,bipartite_non_edge,169.0,155.0
P22216,P40460,0,bipartite_non_edge,169.0,155.0
P22216,P41695,0,bipartite_non_edge,169.0,155.0
P22216,P41921,0,bipartite_non_edge,169.0,155.0
P22216,P53253,0,bipartite_non_edge,169.0,155.0
P22216,P53886,0,bipartite_non_edge,169.0,155.0
P22216,P81449,0,bipartite_non_edge,169.0,155.0
P22216,Q03790,0,bipartite_non_edge,169.0,155.0
P22216,Q03860,0,bipartite_non_edge,169.0,155.0
P22216,Q03898,0,bipartite_non_edge,169.0,155.0
P22216,Q04003,0,bipartite_non_edge,169.0,155.0
P22216,Q06169,0,bipartite_non_edge,169.0,155.0
P22216,Q06708,0,bipartite_non_edge,169.0,155.0
P22216,Q08581,0,bipartite_non_edge,169.0,155.0
P22216,Q12066,0,bipartite_non_edge,169.0,155.0
P22216,Q12365,0,bipartite_non_edge,169.0,155.0
P22804,P25454,0,bipartite_non_edge,169.0,155.0
P22804,P25638,0,bipartite_non_edge,169.0,155.0
P22804,P29340,0,bipartite_non_edge,169.0,155.0
P22804,P32458,0,bipartite_non_edge,169.0,155.0
P22804,P32797,0,bipartite_non_edge,169.0,155.0
P22804,P33338,0,bipartite_non_edge,169.0,155.0
P22804,P35056,0,bipartite_non_edge,169.0,155.0
P22804,P38042,0,bipartite_non_edge,169.0,155.0
P22804,P38822,0,bipartite_non_edge,169.0,155.0
P22804,P39928,0,bipartite_non_edge,169.0,155.0
P22804,P40054,0,bipartite_non_edge,169.0,155.0
P22804,P40957,0,bipartite_non_edge,169.0,155.0
P22804,P53184,0,bipartite_non_edge,169.0,155.0
P22804,P53886,0,bipartite_non_edge,169.0,155.0
P22804,Q02939,0,bipartite_non_edge,169.0,155.0
P22804,Q04003,0,bipartite_non_edge,169.0,155.0
P22804,Q05791,0,bipartite_non_edge,169.0,155.0
P22804,Q06169,0,bipartite_non_edge,169.0,155.0
P22804,Q06410,0,bipartite_non_edge,169.0,155.0
P22804,Q12154,0,bipartite_non_edge,169.0,155.0
P22804,Q12159,0,bipartite_non_edge,169.0,155.0
P23337,P24279,0,bipartite_non_edge,169.0,155.0
P23337,P25342,0,bipartite_non_edge,169.0,155.0
P23337,P25638,0,bipartite_non_edge,169.0,155.0
P23337,P32468,0,bipartite_non_edge,169.0,155.0
P23337,P32505,0,bipartite_non_edge,169.0,155.0
P23337,P32796,0,bipartite_non_edge,169.0,155.0
P23337,P32797,0,bipartite_non_edge,169.0,155.0
P23337,P32861,0,bipartite_non_edge,169.0,155.0
P23337,P33419,0,bipartite_non_edge,169.0,155.0
P23337,P36068,0,bipartite_non_edge,169.0,155.0
P23337,P38822,0,bipartite_non_edge,169.0,155.0
P23337,P38874,0,bipartite_non_edge,169.0,155.0
P23337,P39007,0,bipartite_non_edge,169.0,155.0
P23337,P39113,0,bipartite_non_edge,169.0,155.0
P23337,P40151,0,bipartite_non_edge,169.0,155.0
P23337,P40485,0,bipartite_non_edge,169.0,155.0
P23337,P46946,0,bipartite_non_edge,169.0,155.0
P23337,P47017,0,bipartite_non_edge,169.0,155.0
P23337,P47037,0,bipartite_non_edge,169.0,155.0
P23337,P48361,0,bipartite_non_edge,169.0,155.0
P23337,P52917,0,bipartite_non_edge,169.0,155.0
P23337,P53112,0,bipartite_non_edge,169.0,155.0
P23337,P53184,0,bipartite_non_edge,169.0,155.0
P23337,P53895,0,bipartite_non_edge,169.0,155.0
P23337,P54786,0,bipartite_non_edge,169.0,155.0
P23337,P54861,0,bipartite_non_edge,169.0,155.0
P23337,P80667,0,bipartite_non_edge,169.0,155.0
P23337,Q02908,0,bipartite_non_edge,169.0,155.0
P23337,Q03954,0,bipartite_non_edge,169.0,155.0
P23337,Q04411,0,bipartite_non_edge,169.0,155.0
P23337,Q05568,0,bipartite_non_edge,169.0,155.0
P23337,Q05791,0,bipartite_non_edge,169.0,155.0
P23337,Q06410,0,bipartite_non_edge,169.0,155.0
P23337,Q08601,0,bipartite_non_edge,169.0,155.0
P23561,P27895,0,bipartite_non_edge,169.0,155.0
P23561,P28743,0,bipartite_non_edge,169.0,155.0
P23561,P28795,0,bipartite_non_edge,169.0,155.0
P23561,P31111,0,bipartite_non_edge,169.0,155.0
P23561,P32361,0,bipartite_non_edge,169.0,155.0
P23561,P32505,0,bipartite_non_edge,169.0,155.0
P23561,P32908,0,bipartite_non_edge,169.0,155.0
P23561,P33338,0,bipartite_non_edge,169.0,155.0
P23561,P33419,0,bipartite_non_edge,169.0,155.0
P23561,P38042,0,bipartite_non_edge,169.0,155.0
P23561,P40460,0,bipartite_non_edge,169.0,155.0
P23561,P40582,0,bipartite_non_edge,169.0,155.0
P23561,P46946,0,bipartite_non_edge,169.0,155.0
P23561,P47037,0,bipartite_non_edge,169.0,155.0
P23561,P47095,0,bipartite_non_edge,169.0,155.0
P23561,P53895,0,bipartite_non_edge,169.0,155.0
P23561,Q00582,0,bipartite_non_edge,169.0,155.0
P23561,Q02100,0,bipartite_non_edge,169.0,155.0
P23561,Q02908,0,bipartite_non_edge,169.0,155.0
P23561,Q04411,0,bipartite_non_edge,169.0,155.0
P23561,Q04477,0,bipartite_non_edge,169.0,155.0
P23561,Q05568,0,bipartite_non_edge,169.0,155.0
P23561,Q06440,0,bipartite_non_edge,169.0,155.0
P23561,Q06708,0,bipartite_non_edge,169.0,155.0
P23561,Q07457,0,bipartite_non_edge,169.0,155.0
P23561,Q12134,0,bipartite_non_edge,169.0,155.0
P23561,Q12154,0,bipartite_non_edge,169.0,155.0
P23561,Q12263,0,bipartite_non_edge,169.0,155.0
P23561,Q12334,0,bipartite_non_edge,169.0,155.0
P23561,Q92331,0,bipartite_non_edge,169.0,155.0
P24279,P32917,0,bipartite_non_edge,169.0,155.0
P24279,P38042,0,bipartite_non_edge,169.0,155.0
P24279,P38523,0,bipartite_non_edge,169.0,155.0
P24279,P38822,0,bipartite_non_edge,169.0,155.0
P24279,P40316,0,bipartite_non_edge,169.0,155.0
P24279,P40485,0,bipartite_non_edge,169.0,155.0
P24279,P42935,0,bipartite_non_edge,169.0,155.0
P24279,P43639,0,bipartite_non_edge,169.0,155.0
P24279,P46964,0,bipartite_non_edge,169.0,155.0
P24279,P47017,0,bipartite_non_edge,169.0,155.0
P24279,P47095,0,bipartite_non_edge,169.0,155.0
P24279,P52917,0,bipartite_non_edge,169.0,155.0
P24279,P53895,0,bipartite_non_edge,169.0,155.0
P24279,P53971,0,bipartite_non_edge,169.0,155.0
P24279,P57743,0,bipartite_non_edge,169.0,155.0
P24279,P80667,0,bipartite_non_edge,169.0,155.0
P24279,Q00582,0,bipartite_non_edge,169.0,155.0
P24279,Q02100,0,bipartite_non_edge,169.0,155.0
P24279,Q03898,0,bipartite_non_edge,169.0,155.0
P24279,Q06704,0,bipartite_non_edge,169.0,155.0
P24279,Q06706,0,bipartite_non_edge,169.0,155.0
P24279,Q12365,0,bipartite_non_edge,169.0,155.0
P24719,P27515,0,bipartite_non_edge,169.0,155.0
P24719,P29469,0,bipartite_non_edge,169.0,155.0
P24719,P32618,0,bipartite_non_edge,169.0,155.0
P24719,P32796,0,bipartite_non_edge,169.0,155.0
P24719,P33419,0,bipartite_non_edge,169.0,155.0
P24719,P38785,0,bipartite_non_edge,169.0,155.0
P24719,P38822,0,bipartite_non_edge,169.0,155.0
P24719,P39007,0,bipartite_non_edge,169.0,155.0
P24719,P39929,0,bipartite_non_edge,169.0,155.0
P24719,P40963,0,bipartite_non_edge,169.0,155.0
P24719,P43639,0,bipartite_non_edge,169.0,155.0
P24719,P46946,0,bipartite_non_edge,169.0,155.0
P24719,P47037,0,bipartite_non_edge,169.0,155.0
P24719,P52917,0,bipartite_non_edge,169.0,155.0
P24719,P53184,0,bipartite_non_edge,169.0,155.0
P24719,Q00684,0,bipartite_non_edge,169.0,155.0
P24719,Q03654,0,bipartite_non_edge,169.0,155.0
P24719,Q04477,0,bipartite_non_edge,169.0,155.0
P24719,Q04921,0,bipartite_non_edge,169.0,155.0
P24719,Q07457,0,bipartite_non_edge,169.0,155.0
P24719,Q12020,0,bipartite_non_edge,169.0,155.0
P24719,Q12390,0,bipartite_non_edge,169.0,155.0
P24719,Q12446,0,bipartite_non_edge,169.0,155.0
P25293,P25342,0,bipartite_non_edge,169.0,155.0
P25293,P32797,0,bipartite_non_edge,169.0,155.0
P25293,P36094,0,bipartite_non_edge,169.0,155.0
P25293,P38853,0,bipartite_non_edge,169.0,155.0
P25293,P42935,0,bipartite_non_edge,169.0,155.0
P25293,P46954,0,bipartite_non_edge,169.0,155.0
P25293,P47037,0,bipartite_non_edge,169.0,155.0
P25293,Q00684,0,bipartite_non_edge,169.0,155.0
P25293,Q04048,0,bipartite_non_edge,169.0,155.0
P25293,Q05080,0,bipartite_non_edge,169.0,155.0
P25293,Q05791,0,bipartite_non_edge,169.0,155.0
P25293,Q12084,0,bipartite_non_edge,169.0,155.0
P25293,Q12329,0,bipartite_non_edge,169.0,155.0
P25293,Q12446,0,bipartite_non_edge,169.0,155.0
P25342,P27515,0,bipartite_non_edge,169.0,155.0
P25342,P29469,0,bipartite_non_edge,169.0,155.0
P25342,P30771,0,bipartite_non_edge,169.0,155.0
P25342,P32504,0,bipartite_non_edge,169.0,155.0
P25342,P35056,0,bipartite_non_edge,169.0,155.0
P25342,P35191,0,bipartite_non_edge,169.0,155.0
P25342,P38822,0,bipartite_non_edge,169.0,155.0
P25342,P38930,0,bipartite_non_edge,169.0,155.0
P25342,P40089,0,bipartite_non_edge,169.0,155.0
P25342,P40485,0,bipartite_non_edge,169.0,155.0
P25342,P52917,0,bipartite_non_edge,169.0,155.0
P25342,Q03818,0,bipartite_non_edge,169.0,155.0
P25342,Q03898,0,bipartite_non_edge,169.0,155.0
P25342,Q04411,0,bipartite_non_edge,169.0,155.0
P25342,Q04868,0,bipartite_non_edge,169.0,155.0
P25342,Q06704,0,bipartite_non_edge,169.0,155.0
P25342,Q07457,0,bipartite_non_edge,169.0,155.0
P25342,Q12159,0,bipartite_non_edge,169.0,155.0
P25342,Q3E7C1,0,bipartite_non_edge,169.0,155.0
P25342,Q92331,0,bipartite_non_edge,169.0,155.0
P25367,P28795,0,bipartite_non_edge,169.0,155.0
P25367,P32504,0,bipartite_non_edge,169.0,155.0
P25367,P32796,0,bipartite_non_edge,169.0,155.0
P25367,P33338,0,bipartite_non_edge,169.0,155.0
P25367,P36036,0,bipartite_non_edge,169.0,155.0
P25367,P38874,0,bipartite_non_edge,169.0,155.0
P25367,P38930,0,bipartite_non_edge,169.0,155.0
P25367,P39007,0,bipartite_non_edge,169.0,155.0
P25367,P40485,0,bipartite_non_edge,169.0,155.0
P25367,P47037,0,bipartite_non_edge,169.0,155.0
P25367,P50623,0,bipartite_non_edge,169.0,155.0
P25367,P53253,0,bipartite_non_edge,169.0,155.0
P25367,P53971,0,bipartite_non_edge,169.0,155.0
P25367,Q02939,0,bipartite_non_edge,169.0,155.0
P25367,Q03790,0,bipartite_non_edge,169.0,155.0
P25367,Q12134,0,bipartite_non_edge,169.0,155.0
P25367,Q12263,0,bipartite_non_edge,169.0,155.0
P25367,Q12446,0,bipartite_non_edge,169.0,155.0
P25454,P27895,0,bipartite_non_edge,169.0,155.0
P25454,P32468,0,bipartite_non_edge,169.0,155.0
P25454,P32917,0,bipartite_non_edge,169.0,155.0
P25454,P35056,0,bipartite_non_edge,169.0,155.0
P25454,P35191,0,bipartite_non_edge,169.0,155.0
P25454,P38042,0,bipartite_non_edge,169.0,155.0
P25454,P39113,0,bipartite_non_edge,169.0,155.0
P25454,P40054,0,bipartite_non_edge,169.0,155.0
P25454,P40089,0,bipartite_non_edge,169.0,155.0
P25454,P40151,0,bipartite_non_edge,169.0,155.0
P25454,P40582,0,bipartite_non_edge,169.0,155.0
P25454,P43639,0,bipartite_non_edge,169.0,155.0
P25454,P47011,0,bipartite_non_edge,169.0,155.0
P25454,P52917,0,bipartite_non_edge,169.0,155.0
P25454,P80667,0,bipartite_non_edge,169.0,155.0
P25454,Q00684,0,bipartite_non_edge,169.0,155.0
P25454,Q02884,0,bipartite_non_edge,169.0,155.0
P25454,Q03654,0,bipartite_non_edge,169.0,155.0
P25454,Q04411,0,bipartite_non_edge,169.0,155.0
P25454,Q04868,0,bipartite_non_edge,169.0,155.0
P25454,Q06704,0,bipartite_non_edge,169.0,155.0
P25454,Q12263,0,bipartite_non_edge,169.0,155.0
P25638,P32796,0,bipartite_non_edge,169.0,155.0
P25638,P32908,0,bipartite_non_edge,169.0,155.0
P25638,P33419,0,bipartite_non_edge,169.0,155.0
P25638,P34730,0,bipartite_non_edge,169.0,155.0
P25638,P38523,0,bipartite_non_edge,169.0,155.0
P25638,P39998,0,bipartite_non_edge,169.0,155.0
P25638,P40963,0,bipartite_non_edge,169.0,155.0
P25638,P43605,0,bipartite_non_edge,169.0,155.0
P25638,P47037,0,bipartite_non_edge,169.0,155.0
P25638,P52891,0,bipartite_non_edge,169.0,155.0
P25638,P52917,0,bipartite_non_edge,169.0,155.0
P25638,P53112,0,bipartite_non_edge,169.0,155.0
P25638,P53971,0,bipartite_non_edge,169.0,155.0
P25638,P54786,0,bipartite_non_edge,169.0,155.0
P25638,P54861,0,bipartite_non_edge,169.0,155.0
P25638,Q02884,0,bipartite_non_edge,169.0,155.0
P25638,Q03954,0,bipartite_non_edge,169.0,155.0
P25638,Q04048,0,bipartite_non_edge,169.0,155.0
P25638,Q05568,0,bipartite_non_edge,169.0,155.0
P25638,Q06704,0,bipartite_non_edge,169.0,155.0
P25638,Q12263,0,bipartite_non_edge,169.0,155.0
P25638,Q12440,0,bipartite_non_edge,169.0,155.0
P26343,P29340,0,bipartite_non_edge,169.0,155.0
P26343,P32908,0,bipartite_non_edge,169.0,155.0
P26343,P36068,0,bipartite_non_edge,169.0,155.0
P26343,P39929,0,bipartite_non_edge,169.0,155.0
P26343,P39998,0,bipartite_non_edge,169.0,155.0
P26343,P40151,0,bipartite_non_edge,169.0,155.0
P26343,P40969,0,bipartite_non_edge,169.0,155.0
P26343,P47011,0,bipartite_non_edge,169.0,155.0
P26343,P53184,0,bipartite_non_edge,169.0,155.0
P26343,P53886,0,bipartite_non_edge,169.0,155.0
P26343,Q00582,0,bipartite_non_edge,169.0,155.0
P26343,Q00684,0,bipartite_non_edge,169.0,155.0
P26343,Q03818,0,bipartite_non_edge,169.0,155.0
P26343,Q04868,0,bipartite_non_edge,169.0,155.0
P26343,Q05080,0,bipartite_non_edge,169.0,155.0
P26343,Q12066,0,bipartite_non_edge,169.0,155.0
P26343,Q12329,0,bipartite_non_edge,169.0,155.0
P27515,P29340,0,bipartite_non_edge,169.0,155.0
P27515,P32361,0,bipartite_non_edge,169.0,155.0
P27515,P32458,0,bipartite_non_edge,169.0,155.0
P27515,P32618,0,bipartite_non_edge,169.0,155.0
P27515,P32797,0,bipartite_non_edge,169.0,155.0
P27515,P36036,0,bipartite_non_edge,169.0,155.0
P27515,P39723,0,bipartite_non_edge,169.0,155.0
P27515,P39929,0,bipartite_non_edge,169.0,155.0
P27515,P40073,0,bipartite_non_edge,169.0,155.0
P27515,P40316,0,bipartite_non_edge,169.0,155.0
P27515,P41921,0,bipartite_non_edge,169.0,155.0
P27515,P43639,0,bipartite_non_edge,169.0,155.0
P27515,P46946,0,bipartite_non_edge,169.0,155.0
P27515,P46954,0,bipartite_non_edge,169.0,155.0
P27515,P47129,0,bipartite_non_edge,169.0,155.0
P27515,P52917,0,bipartite_non_edge,169.0,155.0
P27515,P53886,0,bipartite_non_edge,169.0,155.0
P27515,Q02100,0,bipartite_non_edge,169.0,155.0
P27515,Q03654,0,bipartite_non_edge,169.0,155.0
P27515,Q04003,0,bipartite_non_edge,169.0,155.0
P27515,Q04477,0,bipartite_non_edge,169.0,155.0
P27515,Q05580,0,bipartite_non_edge,169.0,155.0
P27515,Q08581,0,bipartite_non_edge,169.0,155.0
P27515,Q12066,0,bipartite_non_edge,169.0,155.0
P27515,Q12102,0,bipartite_non_edge,169.0,155.0
P27515,Q12159,0,bipartite_non_edge,169.0,155.0
P27515,Q12334,0,bipartite_non_edge,169.0,155.0
P27515,Q12365,0,bipartite_non_edge,169.0,155.0
P27515,Q12446,0,bipartite_non_edge,169.0,155.0
P27895,P32618,0,bipartite_non_edge,169.0,155.0
P27895,P33338,0,bipartite_non_edge,169.0,155.0
P27895,P38822,0,bipartite_non_edge,169.0,155.0
P27895,P38874,0,bipartite_non_edge,169.0,155.0
P27895,P40202,0,bipartite_non_edge,169.0,155.0
P27895,P43639,0,bipartite_non_edge,169.0,155.0
P27895,P46946,0,bipartite_non_edge,169.0,155.0
P27895,P46964,0,bipartite_non_edge,169.0,155.0
P27895,P47011,0,bipartite_non_edge,169.0,155.0
P27895,P52891,0,bipartite_non_edge,169.0,155.0
P27895,Q00684,0,bipartite_non_edge,169.0,155.0
P27895,Q03790,0,bipartite_non_edge,169.0,155.0
P27895,Q04003,0,bipartite_non_edge,169.0,155.0
P27895,Q04048,0,bipartite_non_edge,169.0,155.0
P27895,Q04868,0,bipartite_non_edge,169.0,155.0
P27895,Q04921,0,bipartite_non_edge,169.0,155.0
P27895,Q12084,0,bipartite_non_edge,169.0,155.0
P27895,Q92331,0,bipartite_non_edge,169.0,155.0
P28743,P32618,0,bipartite_non_edge,169.0,155.0
P28743,P32639,0,bipartite_non_edge,169.0,155.0
P28743,P34730,0,bipartite_non_edge,169.0,155.0
P28743,P35056,0,bipartite_non_edge,169.0,155.0
P28743,P38822,0,bipartite_non_edge,169.0,155.0
P28743,P38874,0,bipartite_non_edge,169.0,155.0
P28743,P40089,0,bipartite_non_edge,169.0,155.0
P28743,P40485,0,bipartite_non_edge,169.0,155.0
P28743,P42935,0,bipartite_non_edge,169.0,155.0
P28743,P47017,0,bipartite_non_edge,169.0,155.0
P28743,P47129,0,bipartite_non_edge,169.0,155.0
P28743,P53253,0,bipartite_non_edge,169.0,155.0
P28743,P54786,0,bipartite_non_edge,169.0,155.0
P28743,Q03818,0,bipartite_non_edge,169.0,155.0
P28743,Q04868,0,bipartite_non_edge,169.0,155.0
P28743,Q06440,0,bipartite_non_edge,169.0,155.0
P28743,Q06706,0,bipartite_non_edge,169.0,155.0
P28743,Q06708,0,bipartite_non_edge,169.0,155.0
P28743,Q12159,0,bipartite_non_edge,169.0,155.0
P28795,P32468,0,bipartite_non_edge,169.0,155.0
P28795,P33338,0,bipartite_non_edge,169.0,155.0
P28795,P36094,0,bipartite_non_edge,169.0,155.0
P28795,P39928,0,bipartite_non_edge,169.0,155.0
P28795,P39998,0,bipartite_non_edge,169.0,155.0
P28795,P40957,0,bipartite_non_edge,169.0,155.0
P28795,P41543,0,bipartite_non_edge,169.0,155.0
P28795,P46954,0,bipartite_non_edge,169.0,155.0
P28795,P46964,0,bipartite_non_edge,169.0,155.0
P28795,P47011,0,bipartite_non_edge,169.0,155.0
P28795,P47017,0,bipartite_non_edge,169.0,155.0
P28795,P47025,0,bipartite_non_edge,169.0,155.0
P28795,P53184,0,bipartite_non_edge,169.0,155.0
P28795,P53253,0,bipartite_non_edge,169.0,155.0
P28795,P53971,0,bipartite_non_edge,169.0,155.0
P28795,Q00684,0,bipartite_non_edge,169.0,155.0
P28795,Q02884,0,bipartite_non_edge,169.0,155.0
P28795,Q03818,0,bipartite_non_edge,169.0,155.0
P28795,Q03860,0,bipartite_non_edge,169.0,155.0
P28795,Q04048,0,bipartite_non_edge,169.0,155.0
P28795,Q05791,0,bipartite_non_edge,169.0,155.0
P28795,Q06410,0,bipartite_non_edge,169.0,155.0
P29340,P31111,0,bipartite_non_edge,169.0,155.0
P29340,P32829,0,bipartite_non_edge,169.0,155.0
P29340,P38785,0,bipartite_non_edge,169.0,155.0
P29340,P39007,0,bipartite_non_edge,169.0,155.0
P29340,P40325,0,bipartite_non_edge,169.0,155.0
P29340,P40963,0,bipartite_non_edge,169.0,155.0
P29340,P47095,0,bipartite_non_edge,169.0,155.0
P29340,P54786,0,bipartite_non_edge,169.0,155.0
P29340,P54861,0,bipartite_non_edge,169.0,155.0
P29340,Q02939,0,bipartite_non_edge,169.0,155.0
P29340,Q06708,0,bipartite_non_edge,169.0,155.0
P29469,P30771,0,bipartite_non_edge,169.0,155.0
P29469,P31111,0,bipartite_non_edge,169.0,155.0
P29469,P32468,0,bipartite_non_edge,169.0,155.0
P29469,P32523,0,bipartite_non_edge,169.0,155.0
P29469,P32797,0,bipartite_non_edge,169.0,155.0
P29469,P32849,0,bipartite_non_edge,169.0,155.0
P29469,P32917,0,bipartite_non_edge,169.0,155.0
P29469,P33338,0,bipartite_non_edge,169.0,155.0
P29469,P35191,0,bipartite_non_edge,169.0,155.0
P29469,P38339,0,bipartite_non_edge,169.0,155.0
P29469,P38930,0,bipartite_non_edge,169.0,155.0
P29469,P39723,0,bipartite_non_edge,169.0,155.0
P29469,P39928,0,bipartite_non_edge,169.0,155.0
P29469,P40202,0,bipartite_non_edge,169.0,155.0
P29469,P42935,0,bipartite_non_edge,169.0,155.0
P29469,P47025,0,bipartite_non_edge,169.0,155.0
P29469,P52917,0,bipartite_non_edge,169.0,155.0
P29469,P53112,0,bipartite_non_edge,169.0,155.0
P29469,P54861,0,bipartite_non_edge,169.0,155.0
P29469,P81449,0,bipartite_non_edge,169.0,155.0
P29469,Q04048,0,bipartite_non_edge,169.0,155.0
P29469,Q06708,0,bipartite_non_edge,169.0,155.0
P29469,Q08601,0,bipartite_non_edge,169.0,155.0
P30771,P32389,0,bipartite_non_edge,169.0,155.0
P30771,P32908,0,bipartite_non_edge,169.0,155.0
P30771,P33338,0,bipartite_non_edge,169.0,155.0
P30771,P38822,0,bipartite_non_edge,169.0,155.0
P30771,P38853,0,bipartite_non_edge,169.0,155.0
P30771,P38874,0,bipartite_non_edge,169.0,155.0
P30771,P39081,0,bipartite_non_edge,169.0,155.0
P30771,P40073,0,bipartite_non_edge,169.0,155.0
P30771,P40316,0,bipartite_non_edge,169.0,155.0
P30771,P41921,0,bipartite_non_edge,169.0,155.0
P30771,P47011,0,bipartite_non_edge,169.0,155.0
P30771,P53184,0,bipartite_non_edge,169.0,155.0
P30771,P53886,0,bipartite_non_edge,169.0,155.0
P30771,P54786,0,bipartite_non_edge,169.0,155.0
P30771,P61829,0,bipartite_non_edge,169.0,155.0
P30771,Q00684,0,bipartite_non_edge,169.0,155.0
P30771,Q02884,0,bipartite_non_edge,169.0,155.0
P30771,Q03954,0,bipartite_non_edge,169.0,155.0
P30771,Q04003,0,bipartite_non_edge,169.0,155.0
P30771,Q04411,0,bipartite_non_edge,169.0,155.0
P30771,Q05791,0,bipartite_non_edge,169.0,155.0
P30771,Q06410,0,bipartite_non_edge,169.0,155.0
P30771,Q92331,0,bipartite_non_edge,169.0,155.0
P30822,P32361,0,bipartite_non_edge,169.0,155.0
P30822,P32917,0,bipartite_non_edge,169.0,155.0
P30822,P36094,0,bipartite_non_edge,169.0,155.0
P30822,P38822,0,bipartite_non_edge,169.0,155.0
P30822,P38853,0,bipartite_non_edge,169.0,155.0
P30822,P38930,0,bipartite_non_edge,169.0,155.0
P30822,P39996,0,bipartite_non_edge,169.0,155.0
P30822,P40460,0,bipartite_non_edge,169.0,155.0
P30822,P40485,0,bipartite_non_edge,169.0,155.0
P30822,P47011,0,bipartite_non_edge,169.0,155.0
P30822,P47095,0,bipartite_non_edge,169.0,155.0
P30822,P53971,0,bipartite_non_edge,169.0,155.0
P30822,P54786,0,bipartite_non_edge,169.0,155.0
P30822,P81449,0,bipartite_non_edge,169.0,155.0
P30822,Q03654,0,bipartite_non_edge,169.0,155.0
P30822,Q06708,0,bipartite_non_edge,169.0,155.0
P30822,Q08581,0,bipartite_non_edge,169.0,155.0
P30822,Q12102,0,bipartite_non_edge,169.0,155.0
P30822,Q12134,0,bipartite_non_edge,169.0,155.0
P30822,Q12329,0,bipartite_non_edge,169.0,155.0
P30822,Q12440,0,bipartite_non_edge,169.0,155.0
P30822,Q12446,0,bipartite_non_edge,169.0,155.0
P31111,P31539,0,bipartite_non_edge,169.0,155.0
P31111,P32458,0,bipartite_non_edge,169.0,155.0
P31111,P32628,0,bipartite_non_edge,169.0,155.0
P31111,P32829,0,bipartite_non_edge,169.0,155.0
P31111,P32908,0,bipartite_non_edge,169.0,155.0
P31111,P33338,0,bipartite_non_edge,169.0,155.0
P31111,P33419,0,bipartite_non_edge,169.0,155.0
P31111,P38339,0,bipartite_non_edge,169.0,155.0
P31111,P38853,0,bipartite_non_edge,169.0,155.0
P31111,P39007,0,bipartite_non_edge,169.0,155.0
P31111,P39928,0,bipartite_non_edge,169.0,155.0
P31111,P39929,0,bipartite_non_edge,169.0,155.0
P31111,P40325,0,bipartite_non_edge,169.0,155.0
P31111,P41543,0,bipartite_non_edge,169.0,155.0
P31111,P46946,0,bipartite_non_edge,169.0,155.0
P31111,P47025,0,bipartite_non_edge,169.0,155.0
P31111,P53253,0,bipartite_non_edge,169.0,155.0
P31111,Q02884,0,bipartite_non_edge,169.0,155.0
P31111,Q03818,0,bipartite_non_edge,169.0,155.0
P31111,Q04048,0,bipartite_non_edge,169.0,155.0
P31111,Q04477,0,bipartite_non_edge,169.0,155.0
P31111,Q04868,0,bipartite_non_edge,169.0,155.0
P31111,Q05080,0,bipartite_non_edge,169.0,155.0
P31111,Q05580,0,bipartite_non_edge,169.0,155.0
P31111,Q06440,0,bipartite_non_edge,169.0,155.0
P31111,Q07457,0,bipartite_non_edge,169.0,155.0
P31111,Q08601,0,bipartite_non_edge,169.0,155.0
P31111,Q12020,0,bipartite_non_edge,169.0,155.0
P31111,Q12334,0,bipartite_non_edge,169.0,155.0
P31111,Q12365,0,bipartite_non_edge,169.0,155.0
P31111,Q92331,0,bipartite_non_edge,169.0,155.0
P31539,P32504,0,bipartite_non_edge,169.0,155.0
P31539,P36068,0,bipartite_non_edge,169.0,155.0
P31539,P38822,0,bipartite_non_edge,169.0,155.0
P31539,P40089,0,bipartite_non_edge,169.0,155.0
P31539,P40485,0,bipartite_non_edge,169.0,155.0
P31539,P40963,0,bipartite_non_edge,169.0,155.0
P31539,P53971,0,bipartite_non_edge,169.0,155.0
P31539,Q02100,0,bipartite_non_edge,169.0,155.0
P32361,P32797,0,bipartite_non_edge,169.0,155.0
P32361,P33420,0,bipartite_non_edge,169.0,155.0
P32361,P35056,0,bipartite_non_edge,169.0,155.0
P32361,P38523,0,bipartite_non_edge,169.0,155.0
P32361,P38822,0,bipartite_non_edge,169.0,155.0
P32361,P39998,0,bipartite_non_edge,169.0,155.0
P32361,P40202,0,bipartite_non_edge,169.0,155.0
P32361,P40969,0,bipartite_non_edge,169.0,155.0
P32361,P43605,0,bipartite_non_edge,169.0,155.0
P32361,P46954,0,bipartite_non_edge,169.0,155.0
P32361,P53971,0,bipartite_non_edge,169.0,155.0
P32361,P57743,0,bipartite_non_edge,169.0,155.0
P32361,P80667,0,bipartite_non_edge,169.0,155.0
P32361,Q02939,0,bipartite_non_edge,169.0,155.0
P32361,Q03818,0,bipartite_non_edge,169.0,155.0
P32361,Q04003,0,bipartite_non_edge,169.0,155.0
P32361,Q04048,0,bipartite_non_edge,169.0,155.0
P32361,Q06169,0,bipartite_non_edge,169.0,155.0
P32361,Q12154,0,bipartite_non_edge,169.0,155.0
P32361,Q12390,0,bipartite_non_edge,169.0,155.0
P32389,P32618,0,bipartite_non_edge,169.0,155.0
P32389,P32849,0,bipartite_non_edge,169.0,155.0
P32389,P33419,0,bipartite_non_edge,169.0,155.0
P32389,P38042,0,bipartite_non_edge,169.0,155.0
P32389,P38748,0,bipartite_non_edge,169.0,155.0
P32389,P38930,0,bipartite_non_edge,169.0,155.0
P32389,P39081,0,bipartite_non_edge,169.0,155.0
P32389,P39113,0,bipartite_non_edge,169.0,155.0
P32389,P41921,0,bipartite_non_edge,169.0,155.0
P32389,P50623,0,bipartite_non_edge,169.0,155.0
P32389,P52917,0,bipartite_non_edge,169.0,155.0
P32389,P53895,0,bipartite_non_edge,169.0,155.0
P32389,Q03818,0,bipartite_non_edge,169.0,155.0
P32389,Q03954,0,bipartite_non_edge,169.0,155.0
P32389,Q04477,0,bipartite_non_edge,169.0,155.0
P32389,Q04921,0,bipartite_non_edge,169.0,155.0
P32389,Q06675,0,bipartite_non_edge,169.0,155.0
P32389,Q06704,0,bipartite_non_edge,169.0,155.0
P32389,Q06706,0,bipartite_non_edge,169.0,155.0
P32389,Q07457,0,bipartite_non_edge,169.0,155.0
P32389,Q12134,0,bipartite_non_edge,169.0,155.0
P32389,Q3E7C1,0,bipartite_non_edge,169.0,155.0
P32458,P32861,0,bipartite_non_edge,169.0,155.0
P32458,P38247,0,bipartite_non_edge,169.0,155.0
P32458,P38748,0,bipartite_non_edge,169.0,155.0
P32458,P39743,0,bipartite_non_edge,169.0,155.0
P32458,P47017,0,bipartite_non_edge,169.0,155.0
P32458,P47025,0,bipartite_non_edge,169.0,155.0
P32458,P53886,0,bipartite_non_edge,169.0,155.0
P32458,P53971,0,bipartite_non_edge,169.0,155.0
P32458,P80667,0,bipartite_non_edge,169.0,155.0
P32458,Q02939,0,bipartite_non_edge,169.0,155.0
P32458,Q03818,0,bipartite_non_edge,169.0,155.0
P32458,Q04411,0,bipartite_non_edge,169.0,155.0
P32458,Q04477,0,bipartite_non_edge,169.0,155.0
P32458,Q06440,0,bipartite_non_edge,169.0,155.0
P32458,Q06706,0,bipartite_non_edge,169.0,155.0
P32458,Q07457,0,bipartite_non_edge,169.0,155.0
P32458,Q12066,0,bipartite_non_edge,169.0,155.0
P32458,Q12084,0,bipartite_non_edge,169.0,155.0
P32468,P32917,0,bipartite_non_edge,169.0,155.0
P32468,P34730,0,bipartite_non_edge,169.0,155.0
P32468,P38822,0,bipartite_non_edge,169.0,155.0
P32468,P39929,0,bipartite_non_edge,169.0,155.0
P32468,P39996,0,bipartite_non_edge,169.0,155.0
P32468,P40316,0,bipartite_non_edge,169.0,155.0
P32468,P41697,0,bipartite_non_edge,169.0,155.0
P32468,P43605,0,bipartite_non_edge,169.0,155.0
P32468,P52891,0,bipartite_non_edge,169.0,155.0
P32468,P53112,0,bipartite_non_edge,169.0,155.0
P32468,P53971,0,bipartite_non_edge,169.0,155.0
P32468,P61829,0,bipartite_non_edge,169.0,155.0
P32468,Q02884,0,bipartite_non_edge,169.0,155.0
P32468,Q03898,0,bipartite_non_edge,169.0,155.0
P32468,Q04048,0,bipartite_non_edge,169.0,155.0
P32468,Q06440,0,bipartite_non_edge,169.0,155.0
P32468,Q06704,0,bipartite_non_edge,169.0,155.0
P32468,Q07457,0,bipartite_non_edge,169.0,155.0
P32504,P38822,0,bipartite_non_edge,169.0,155.0
P32504,P38874,0,bipartite_non_edge,169.0,155.0
P32504,P39998,0,bipartite_non_edge,169.0,155.0
P32504,P40089,0,bipartite_non_edge,169.0,155.0
P32504,P40582,0,bipartite_non_edge,169.0,155.0
P32504,P40957,0,bipartite_non_edge,169.0,155.0
P32504,P47011,0,bipartite_non_edge,169.0,155.0
P32504,P47037,0,bipartite_non_edge,169.0,155.0
P32504,Q03818,0,bipartite_non_edge,169.0,155.0
P32504,Q04477,0,bipartite_non_edge,169.0,155.0
P32504,Q05580,0,bipartite_non_edge,169.0,155.0
P32504,Q05791,0,bipartite_non_edge,169.0,155.0
P32504,Q07457,0,bipartite_non_edge,169.0,155.0
P32504,Q12020,0,bipartite_non_edge,169.0,155.0
P32504,Q12306,0,bipartite_non_edge,169.0,155.0
P32504,Q12440,0,bipartite_non_edge,169.0,155.0
P32504,Q3E7C1,0,bipartite_non_edge,169.0,155.0
P32504,Q92331,0,bipartite_non_edge,169.0,155.0
P32505,P32829,0,bipartite_non_edge,169.0,155.0
P32505,P32861,0,bipartite_non_edge,169.0,155.0
P32505,P36036,0,bipartite_non_edge,169.0,155.0
P32505,P38042,0,bipartite_non_edge,169.0,155.0
P32505,P38523,0,bipartite_non_edge,169.0,155.0
P32505,P40089,0,bipartite_non_edge,169.0,155.0
P32505,P47129,0,bipartite_non_edge,169.0,155.0
P32505,P53112,0,bipartite_non_edge,169.0,155.0
P32505,P53895,0,bipartite_non_edge,169.0,155.0
P32505,P80667,0,bipartite_non_edge,169.0,155.0
P32505,Q04477,0,bipartite_non_edge,169.0,155.0
P32505,Q05580,0,bipartite_non_edge,169.0,155.0
P32505,Q07457,0,bipartite_non_edge,169.0,155.0
P32505,Q12306,0,bipartite_non_edge,169.0,155.0
P32505,Q12446,0,bipartite_non_edge,169.0,155.0
P32523,P32908,0,bipartite_non_edge,169.0,155.0
P32523,P35056,0,bipartite_non_edge,169.0,155.0
P32523,P40316,0,bipartite_non_edge,169.0,155.0
P32523,P40582,0,bipartite_non_edge,169.0,155.0
P32523,P41921,0,bipartite_non_edge,169.0,155.0
P32523,P43605,0,bipartite_non_edge,169.0,155.0
P32523,P47115,0,bipartite_non_edge,169.0,155.0
P32523,P81449,0,bipartite_non_edge,169.0,155.0
P32523,Q05568,0,bipartite_non_edge,169.0,155.0
P32523,Q12066,0,bipartite_non_edge,169.0,155.0
P32523,Q12334,0,bipartite_non_edge,169.0,155.0
P32618,P32796,0,bipartite_non_edge,169.0,155.0
P32618,P32861,0,bipartite_non_edge,169.0,155.0
P32618,P38042,0,bipartite_non_edge,169.0,155.0
P32618,P38247,0,bipartite_non_edge,169.0,155.0
P32618,P38523,0,bipartite_non_edge,169.0,155.0
P32618,P38822,0,bipartite_non_edge,169.0,155.0
P32618,P39743,0,bipartite_non_edge,169.0,155.0
P32618,P40151,0,bipartite_non_edge,169.0,155.0
P32618,P40963,0,bipartite_non_edge,169.0,155.0
P32618,P46964,0,bipartite_non_edge,169.0,155.0
P32618,P53112,0,bipartite_non_edge,169.0,155.0
P32618,P53895,0,bipartite_non_edge,169.0,155.0
P32618,P54861,0,bipartite_non_edge,169.0,155.0
P32618,Q03790,0,bipartite_non_edge,169.0,155.0
P32618,Q12329,0,bipartite_non_edge,169.0,155.0
P32618,Q12365,0,bipartite_non_edge,169.0,155.0
P32618,Q12390,0,bipartite_non_edge,169.0,155.0
P32628,P33338,0,bipartite_non_edge,169.0,155.0
P32628,P36094,0,bipartite_non_edge,169.0,155.0
P32628,P38853,0,bipartite_non_edge,169.0,155.0
P32628,P38874,0,bipartite_non_edge,169.0,155.0
P32628,P39081,0,bipartite_non_edge,169.0,155.0
P32628,P39928,0,bipartite_non_edge,169.0,155.0
P32628,P39998,0,bipartite_non_edge,169.0,155.0
P32628,P40202,0,bipartite_non_edge,169.0,155.0
P32628,P40969,0,bipartite_non_edge,169.0,155.0
P32628,P41695,0,bipartite_non_edge,169.0,155.0
P32628,P41921,0,bipartite_non_edge,169.0,155.0
P32628,P46946,0,bipartite_non_edge,169.0,155.0
P32628,P47017,0,bipartite_non_edge,169.0,155.0
P32628,P53971,0,bipartite_non_edge,169.0,155.0
P32628,P81449,0,bipartite_non_edge,169.0,155.0
P32628,Q05568,0,bipartite_non_edge,169.0,155.0
P32628,Q06410,0,bipartite_non_edge,169.0,155.0
P32628,Q06706,0,bipartite_non_edge,169.0,155.0
P32628,Q12159,0,bipartite_non_edge,169.0,155.0
P32628,Q12263,0,bipartite_non_edge,169.0,155.0
P32628,Q92331,0,bipartite_non_edge,169.0,155.0
P32639,P33420,0,bipartite_non_edge,169.0,155.0
P32639,P34730,0,bipartite_non_edge,169.0,155.0
P32639,P38822,0,bipartite_non_edge,169.0,155.0
P32639,P38874,0,bipartite_non_edge,169.0,155.0
P32639,P39929,0,bipartite_non_edge,169.0,155.0
P32639,P40054,0,bipartite_non_edge,169.0,155.0
P32639,P40460,0,bipartite_non_edge,169.0,155.0
P32639,P40969,0,bipartite_non_edge,169.0,155.0
P32639,P41695,0,bipartite_non_edge,169.0,155.0
P32639,P53971,0,bipartite_non_edge,169.0,155.0
P32639,P54786,0,bipartite_non_edge,169.0,155.0
P32639,P80667,0,bipartite_non_edge,169.0,155.0
P32639,Q03790,0,bipartite_non_edge,169.0,155.0
P32639,Q05080,0,bipartite_non_edge,169.0,155.0
P32639,Q05791,0,bipartite_non_edge,169.0,155.0
P32639,Q06706,0,bipartite_non_edge,169.0,155.0
P32639,Q12066,0,bipartite_non_edge,169.0,155.0
P32639,Q12084,0,bipartite_non_edge,169.0,155.0
P32639,Q12154,0,bipartite_non_edge,169.0,155.0
P32639,Q12446,0,bipartite_non_edge,169.0,155.0
P32796,P34730,0,bipartite_non_edge,169.0,155.0
P32796,P36036,0,bipartite_non_edge,169.0,155.0
P32796,P38748,0,bipartite_non_edge,169.0,155.0
P32796,P39007,0,bipartite_non_edge,169.0,155.0
P32796,P39996,0,bipartite_non_edge,169.0,155.0
P32796,P41921,0,bipartite_non_edge,169.0,155.0
P32796,P53617,0,bipartite_non_edge,169.0,155.0
P32796,P54786,0,bipartite_non_edge,169.0,155.0
P32796,P57743,0,bipartite_non_edge,169.0,155.0
P32796,P81449,0,bipartite_non_edge,169.0,155.0
P32796,Q00582,0,bipartite_non_edge,169.0,155.0
P32796,Q02884,0,bipartite_non_edge,169.0,155.0
P32796,Q03654,0,bipartite_non_edge,169.0,155.0
P32796,Q03860,0,bipartite_non_edge,169.0,155.0
P32796,Q04048,0,bipartite_non_edge,169.0,155.0
P32796,Q05580,0,bipartite_non_edge,169.0,155.0
P32796,Q12020,0,bipartite_non_edge,169.0,155.0
P32796,Q12440,0,bipartite_non_edge,169.0,155.0
P32797,P36036,0,bipartite_non_edge,169.0,155.0
P32797,P36094,0,bipartite_non_edge,169.0,155.0
P32797,P40582,0,bipartite_non_edge,169.0,155.0
P32797,P40969,0,bipartite_non_edge,169.0,155.0
P32797,P41695,0,bipartite_non_edge,169.0,155.0
P32797,P42935,0,bipartite_non_edge,169.0,155.0
P32797,P46946,0,bipartite_non_edge,169.0,155.0
P32797,P46964,0,bipartite_non_edge,169.0,155.0
P32797,P47025,0,bipartite_non_edge,169.0,155.0
P32797,P50623,0,bipartite_non_edge,169.0,155.0
P32797,P52891,0,bipartite_non_edge,169.0,155.0
P32797,P80667,0,bipartite_non_edge,169.0,155.0
P32797,P81449,0,bipartite_non_edge,169.0,155.0
P32797,Q00582,0,bipartite_non_edge,169.0,155.0
P32797,Q06169,0,bipartite_non_edge,169.0,155.0
P32797,Q06440,0,bipartite_non_edge,169.0,155.0
P32797,Q08581,0,bipartite_non_edge,169.0,155.0
P32797,Q12329,0,bipartite_non_edge,169.0,155.0
P32797,Q12365,0,bipartite_non_edge,169.0,155.0
P32797,Q12390,0,bipartite_non_edge,169.0,155.0
P32797,Q12440,0,bipartite_non_edge,169.0,155.0
P32797,Q92331,0,bipartite_non_edge,169.0,155.0
P32829,P33338,0,bipartite_non_edge,169.0,155.0
P32829,P38822,0,bipartite_non_edge,169.0,155.0
P32829,P40202,0,bipartite_non_edge,169.0,155.0
P32829,P40316,0,bipartite_non_edge,169.0,155.0
P32829,P40460,0,bipartite_non_edge,169.0,155.0
P32829,P47017,0,bipartite_non_edge,169.0,155.0
P32829,P48361,0,bipartite_non_edge,169.0,155.0
P32829,P53253,0,bipartite_non_edge,169.0,155.0
P32829,P81449,0,bipartite_non_edge,169.0,155.0
P32829,Q02908,0,bipartite_non_edge,169.0,155.0
P32829,Q03860,0,bipartite_non_edge,169.0,155.0
P32829,Q04477,0,bipartite_non_edge,169.0,155.0
P32829,Q06410,0,bipartite_non_edge,169.0,155.0
P32829,Q07457,0,bipartite_non_edge,169.0,155.0
P32829,Q12334,0,bipartite_non_edge,169.0,155.0
P32829,Q12390,0,bipartite_non_edge,169.0,155.0
P32829,Q3E7C1,0,bipartite_non_edge,169.0,155.0
P32849,P34730,0,bipartite_non_edge,169.0,155.0
P32849,P36068,0,bipartite_non_edge,169.0,155.0
P32849,P36094,0,bipartite_non_edge,169.0,155.0
P32849,P38874,0,bipartite_non_edge,169.0,155.0
P32849,P39743,0,bipartite_non_edge,169.0,155.0
P32849,P43639,0,bipartite_non_edge,169.0,155.0
P32849,P53253,0,bipartite_non_edge,169.0,155.0
P32849,Q00582,0,bipartite_non_edge,169.0,155.0
P32849,Q03790,0,bipartite_non_edge,169.0,155.0
P32849,Q04411,0,bipartite_non_edge,169.0,155.0
P32849,Q05580,0,bipartite_non_edge,169.0,155.0
P32849,Q12084,0,bipartite_non_edge,169.0,155.0
P32849,Q12440,0,bipartite_non_edge,169.0,155.0
P32849,Q12446,0,bipartite_non_edge,169.0,155.0
P32861,P32908,0,bipartite_non_edge,169.0,155.0
P32861,P35056,0,bipartite_non_edge,169.0,155.0
P32861,P38042,0,bipartite_non_edge,169.0,155.0
P32861,P40582,0,bipartite_non_edge,169.0,155.0
P32861,P43639,0,bipartite_non_edge,169.0,155.0
P32861,P48361,0,bipartite_non_edge,169.0,155.0
P32861,P52917,0,bipartite_non_edge,169.0,155.0
P32861,Q03954,0,bipartite_non_edge,169.0,155.0
P32861,Q04048,0,bipartite_non_edge,169.0,155.0
P32861,Q04477,0,bipartite_non_edge,169.0,155.0
P32861,Q04868,0,bipartite_non_edge,169.0,155.0
P32861,Q05568,0,bipartite_non_edge,169.0,155.0
P32861,Q05580,0,bipartite_non_edge,169.0,155.0
P32861,Q06410,0,bipartite_non_edge,169.0,155.0
P32861,Q12102,0,bipartite_non_edge,169.0,155.0
P32861,Q12440,0,bipartite_non_edge,169.0,155.0
P32861,Q3E7C1,0,bipartite_non_edge,169.0,155.0
P32861,Q92331,0,bipartite_non_edge,169.0,155.0
P32908,P36036,0,bipartite_non_edge,169.0,155.0
P32908,P38147,0,bipartite_non_edge,169.0,155.0
P32908,P38247,0,bipartite_non_edge,169.0,155.0
P32908,P38785,0,bipartite_non_edge,169.0,155.0
P32908,P39929,0,bipartite_non_edge,169.0,155.0
P32908,P39998,0,bipartite_non_edge,169.0,155.0
P32908,P40485,0,bipartite_non_edge,169.0,155.0
P32908,P43605,0,bipartite_non_edge,169.0,155.0
P32908,P46946,0,bipartite_non_edge,169.0,155.0
P32908,P47095,0,bipartite_non_edge,169.0,155.0
P32908,P50623,0,bipartite_non_edge,169.0,155.0
P32908,P53184,0,bipartite_non_edge,169.0,155.0
P32908,P53886,0,bipartite_non_edge,169.0,155.0
P32908,Q00684,0,bipartite_non_edge,169.0,155.0
P32908,Q03790,0,bipartite_non_edge,169.0,155.0
P32908,Q04048,0,bipartite_non_edge,169.0,155.0
P32908,Q04411,0,bipartite_non_edge,169.0,155.0
P32908,Q04921,0,bipartite_non_edge,169.0,155.0
P32908,Q06410,0,bipartite_non_edge,169.0,155.0
P32917,P35191,0,bipartite_non_edge,169.0,155.0
P32917,P38853,0,bipartite_non_edge,169.0,155.0
P32917,P39723,0,bipartite_non_edge,169.0,155.0
P32917,P40054,0,bipartite_non_edge,169.0,155.0
P32917,P40957,0,bipartite_non_edge,169.0,155.0
P32917,P43639,0,bipartite_non_edge,169.0,155.0
P32917,P46946,0,bipartite_non_edge,169.0,155.0
P32917,P48361,0,bipartite_non_edge,169.0,155.0
P32917,P53253,0,bipartite_non_edge,169.0,155.0
P32917,P53971,0,bipartite_non_edge,169.0,155.0
P32917,P80667,0,bipartite_non_edge,169.0,155.0
P32917,Q00684,0,bipartite_non_edge,169.0,155.0
P32917,Q04921,0,bipartite_non_edge,169.0,155.0
P32917,Q05080,0,bipartite_non_edge,169.0,155.0
P32917,Q05568,0,bipartite_non_edge,169.0,155.0
P32917,Q05791,0,bipartite_non_edge,169.0,155.0
P32917,Q06410,0,bipartite_non_edge,169.0,155.0
P32917,Q12066,0,bipartite_non_edge,169.0,155.0
P32917,Q12084,0,bipartite_non_edge,169.0,155.0
P32917,Q12102,0,bipartite_non_edge,169.0,155.0
P32917,Q12306,0,bipartite_non_edge,169.0,155.0
P33338,P34730,0,bipartite_non_edge,169.0,155.0
P33338,P38042,0,bipartite_non_edge,169.0,155.0
P33338,P38147,0,bipartite_non_edge,169.0,155.0
P33338,P39007,0,bipartite_non_edge,169.0,155.0
P33338,P39998,0,bipartite_non_edge,169.0,155.0
P33338,P40325,0,bipartite_non_edge,169.0,155.0
P33338,P46964,0,bipartite_non_edge,169.0,155.0
P33338,P54861,0,bipartite_non_edge,169.0,155.0
P33338,P80667,0,bipartite_non_edge,169.0,155.0
P33338,Q00684,0,bipartite_non_edge,169.0,155.0
P33338,Q02908,0,bipartite_non_edge,169.0,155.0
P33338,Q03954,0,bipartite_non_edge,169.0,155.0
P33338,Q04003,0,bipartite_non_edge,169.0,155.0
P33338,Q04477,0,bipartite_non_edge,169.0,155.0
P33338,Q05791,0,bipartite_non_edge,169.0,155.0
P33338,Q06708,0,bipartite_non_edge,169.0,155.0
P33338,Q12066,0,bipartite_non_edge,169.0,155.0
P33338,Q12334,0,bipartite_non_edge,169.0,155.0
P33419,P38272,0,bipartite_non_edge,169.0,155.0
P33419,P39928,0,bipartite_non_edge,169.0,155.0
P33419,P41921,0,bipartite_non_edge,169.0,155.0
P33419,P47095,0,bipartite_non_edge,169.0,155.0
P33419,Q02939,0,bipartite_non_edge,169.0,155.0
P33419,Q06675,0,bipartite_non_edge,169.0,155.0
P33419,Q12329,0,bipartite_non_edge,169.0,155.0
P33419,Q3E7C1,0,bipartite_non_edge,169.0,155.0
P33420,P34730,0,bipartite_non_edge,169.0,155.0
P33420,P36094,0,bipartite_non_edge,169.0,155.0
P33420,P38247,0,bipartite_non_edge,169.0,155.0
P33420,P38339,0,bipartite_non_edge,169.0,155.0
P33420,P38785,0,bipartite_non_edge,169.0,155.0
P33420,P38853,0,bipartite_non_edge,169.0,155.0
P33420,P39007,0,bipartite_non_edge,169.0,155.0
P33420,P39929,0,bipartite_non_edge,169.0,155.0
P33420,P39998,0,bipartite_non_edge,169.0,155.0
P33420,P40054,0,bipartite_non_edge,169.0,155.0
P33420,P40089,0,bipartite_non_edge,169.0,155.0
P33420,P40316,0,bipartite_non_edge,169.0,155.0
P33420,P43605,0,bipartite_non_edge,169.0,155.0
P33420,P46964,0,bipartite_non_edge,169.0,155.0
P33420,P54786,0,bipartite_non_edge,169.0,155.0
P33420,Q00684,0,bipartite_non_edge,169.0,155.0
P33420,Q02884,0,bipartite_non_edge,169.0,155.0
P33420,Q03898,0,bipartite_non_edge,169.0,155.0
P33420,Q05568,0,bipartite_non_edge,169.0,155.0
P33420,Q12033,0,bipartite_non_edge,169.0,155.0
P33420,Q12306,0,bipartite_non_edge,169.0,155.0
P34730,P35056,0,bipartite_non_edge,169.0,155.0
P34730,P36094,0,bipartite_non_edge,169.0,155.0
P34730,P38147,0,bipartite_non_edge,169.0,155.0
P34730,P38785,0,bipartite_non_edge,169.0,155.0
P34730,P38822,0,bipartite_non_edge,169.0,155.0
P34730,P38930,0,bipartite_non_edge,169.0,155.0
P34730,P39998,0,bipartite_non_edge,169.0,155.0
P34730,P40325,0,bipartite_non_edge,169.0,155.0
P34730,P40969,0,bipartite_non_edge,169.0,155.0
P34730,P41543,0,bipartite_non_edge,169.0,155.0
P34730,P41921,0,bipartite_non_edge,169.0,155.0
P34730,P43605,0,bipartite_non_edge,169.0,155.0
P34730,P46964,0,bipartite_non_edge,169.0,155.0
P34730,P47129,0,bipartite_non_edge,169.0,155.0
P34730,P50623,0,bipartite_non_edge,169.0,155.0
P34730,Q04868,0,bipartite_non_edge,169.0,155.0
P34730,Q05580,0,bipartite_non_edge,169.0,155.0
P34730,Q05791,0,bipartite_non_edge,169.0,155.0
P34730,Q06675,0,bipartite_non_edge,169.0,155.0
P34730,Q12306,0,bipartite_non_edge,169.0,155.0
P34730,Q3E7C1,0,bipartite_non_edge,169.0,155.0
P35056,P38147,0,bipartite_non_edge,169.0,155.0
P35056,P38247,0,bipartite_non_edge,169.0,155.0
P35056,P38339,0,bipartite_non_edge,169.0,155.0
P35056,P38523,0,bipartite_non_edge,169.0,155.0
P35056,P38748,0,bipartite_non_edge,169.0,155.0
P35056,P38785,0,bipartite_non_edge,169.0,155.0
P35056,P38853,0,bipartite_non_edge,169.0,155.0
P35056,P38874,0,bipartite_non_edge,169.0,155.0
P35056,P39743,0,bipartite_non_edge,169.0,155.0
P35056,P40485,0,bipartite_non_edge,169.0,155.0
P35056,P41543,0,bipartite_non_edge,169.0,155.0
P35056,P41921,0,bipartite_non_edge,169.0,155.0
P35056,P52917,0,bipartite_non_edge,169.0,155.0
P35056,P53184,0,bipartite_non_edge,169.0,155.0
P35056,P53617,0,bipartite_non_edge,169.0,155.0
P35056,P54861,0,bipartite_non_edge,169.0,155.0
P35056,P57743,0,bipartite_non_edge,169.0,155.0
P35056,Q02884,0,bipartite_non_edge,169.0,155.0
P35056,Q03860,0,bipartite_non_edge,169.0,155.0
P35056,Q03954,0,bipartite_non_edge,169.0,155.0
P35056,Q04048,0,bipartite_non_edge,169.0,155.0
P35056,Q12365,0,bipartite_non_edge,169.0,155.0
P35056,Q12390,0,bipartite_non_edge,169.0,155.0
P35056,Q12446,0,bipartite_non_edge,169.0,155.0
P35191,P38042,0,bipartite_non_edge,169.0,155.0
P35191,P38247,0,bipartite_non_edge,169.0,155.0
P35191,P38748,0,bipartite_non_edge,169.0,155.0
P35191,P39007,0,bipartite_non_edge,169.0,155.0
P35191,P40089,0,bipartite_non_edge,169.0,155.0
P35191,P40151,0,bipartite_non_edge,169.0,155.0
P35191,P40485,0,bipartite_non_edge,169.0,155.0
P35191,P40957,0,bipartite_non_edge,169.0,155.0
P35191,P40969,0,bipartite_non_edge,169.0,155.0
P35191,P47017,0,bipartite_non_edge,169.0,155.0
P35191,P47115,0,bipartite_non_edge,169.0,155.0
P35191,P50623,0,bipartite_non_edge,169.0,155.0
P35191,P61829,0,bipartite_non_edge,169.0,155.0
P35191,Q02908,0,bipartite_non_edge,169.0,155.0
P35191,Q04048,0,bipartite_non_edge,169.0,155.0
P35191,Q05080,0,bipartite_non_edge,169.0,155.0
P35191,Q06169,0,bipartite_non_edge,169.0,155.0
P35191,Q06410,0,bipartite_non_edge,169.0,155.0
P35191,Q06675,0,bipartite_non_edge,169.0,155.0
P35191,Q06704,0,bipartite_non_edge,169.0,155.0
P35191,Q06706,0,bipartite_non_edge,169.0,155.0
P35191,Q08601,0,bipartite_non_edge,169.0,155.0
P35191,Q12102,0,bipartite_non_edge,169.0,155.0
P35191,Q12446,0,bipartite_non_edge,169.0,155.0
P36036,P38523,0,bipartite_non_edge,169.0,155.0
P36036,P40151,0,bipartite_non_edge,169.0,155.0
P36036,P40582,0,bipartite_non_edge,169.0,155.0
P36036,P40969,0,bipartite_non_edge,169.0,155.0
P36036,P46964,0,bipartite_non_edge,169.0,155.0
P36036,P47115,0,bipartite_non_edge,169.0,155.0
P36036,P52917,0,bipartite_non_edge,169.0,155.0
P36036,P81449,0,bipartite_non_edge,169.0,155.0
P36036,Q02939,0,bipartite_non_edge,169.0,155.0
P36036,Q04048,0,bipartite_non_edge,169.0,155.0
P36036,Q12390,0,bipartite_non_edge,169.0,155.0
P36036,Q12440,0,bipartite_non_edge,169.0,155.0
P36068,P38748,0,bipartite_non_edge,169.0,155.0
P36068,P38874,0,bipartite_non_edge,169.0,155.0
P36068,P39723,0,bipartite_non_edge,169.0,155.0
P36068,P40054,0,bipartite_non_edge,169.0,155.0
P36068,P46964,0,bipartite_non_edge,169.0,155.0
P36068,P47017,0,bipartite_non_edge,169.0,155.0
P36068,P47037,0,bipartite_non_edge,169.0,155.0
P36068,Q03954,0,bipartite_non_edge,169.0,155.0
P36068,Q04048,0,bipartite_non_edge,169.0,155.0
P36068,Q04477,0,bipartite_non_edge,169.0,155.0
P36068,Q04868,0,bipartite_non_edge,169.0,155.0
P36068,Q06169,0,bipartite_non_edge,169.0,155.0
P36068,Q06704,0,bipartite_non_edge,169.0,155.0
P36068,Q07457,0,bipartite_non_edge,169.0,155.0
P36068,Q08601,0,bipartite_non_edge,169.0,155.0
P36068,Q12440,0,bipartite_non_edge,169.0,155.0
P36094,P38822,0,bipartite_non_edge,169.0,155.0
P36094,P39996,0,bipartite_non_edge,169.0,155.0
P36094,P40460,0,bipartite_non_edge,169.0,155.0
P36094,P40963,0,bipartite_non_edge,169.0,155.0
P36094,P47095,0,bipartite_non_edge,169.0,155.0
P36094,P53253,0,bipartite_non_edge,169.0,155.0
P36094,P54861,0,bipartite_non_edge,169.0,155.0
P36094,P57743,0,bipartite_non_edge,169.0,155.0
P36094,Q00582,0,bipartite_non_edge,169.0,155.0
P36094,Q00684,0,bipartite_non_edge,169.0,155.0
P36094,Q04048,0,bipartite_non_edge,169.0,155.0
P36094,Q12020,0,bipartite_non_edge,169.0,155.0
P36094,Q12134,0,bipartite_non_edge,169.0,155.0
P36094,Q12159,0,bipartite_non_edge,169.0,155.0
P38042,P38147,0,bipartite_non_edge,169.0,155.0
P38042,P38247,0,bipartite_non_edge,169.0,155.0
P38042,P38874,0,bipartite_non_edge,169.0,155.0
P38042,P39081,0,bipartite_non_edge,169.0,155.0
P38042,P39723,0,bipartite_non_edge,169.0,155.0
P38042,P40325,0,bipartite_non_edge,169.0,155.0
P38042,P40460,0,bipartite_non_edge,169.0,155.0
P38042,P40485,0,bipartite_non_edge,169.0,155.0
P38042,P40969,0,bipartite_non_edge,169.0,155.0
P38042,P41697,0,bipartite_non_edge,169.0,155.0
P38042,P41921,0,bipartite_non_edge,169.0,155.0
P38042,P47017,0,bipartite_non_edge,169.0,155.0
P38042,P47095,0,bipartite_non_edge,169.0,155.0
P38042,P47129,0,bipartite_non_edge,169.0,155.0
P38042,P52891,0,bipartite_non_edge,169.0,155.0
P38042,P53112,0,bipartite_non_edge,169.0,155.0
P38042,P53617,0,bipartite_non_edge,169.0,155.0
P38042,P54861,0,bipartite_non_edge,169.0,155.0
P38042,P80667,0,bipartite_non_edge,169.0,155.0
P38042,Q02908,0,bipartite_non_edge,169.0,155.0
P38042,Q03654,0,bipartite_non_edge,169.0,155.0
P38042,Q03818,0,bipartite_non_edge,169.0,155.0
P38042,Q04868,0,bipartite_non_edge,169.0,155.0
P38042,Q04921,0,bipartite_non_edge,169.0,155.0
P38042,Q05080,0,bipartite_non_edge,169.0,155.0
P38042,Q06675,0,bipartite_non_edge,169.0,155.0
P38042,Q12033,0,bipartite_non_edge,169.0,155.0
P38042,Q12084,0,bipartite_non_edge,169.0,155.0
P38042,Q12263,0,bipartite_non_edge,169.0,155.0
P38042,Q12446,0,bipartite_non_edge,169.0,155.0
P38147,P38822,0,bipartite_non_edge,169.0,155.0
P38147,P39928,0,bipartite_non_edge,169.0,155.0
P38147,P40969,0,bipartite_non_edge,169.0,155.0
P38147,P43639,0,bipartite_non_edge,169.0,155.0
P38147,P47115,0,bipartite_non_edge,169.0,155.0
P38147,P53184,0,bipartite_non_edge,169.0,155.0
P38147,P61829,0,bipartite_non_edge,169.0,155.0
P38147,Q03654,0,bipartite_non_edge,169.0,155.0
P38147,Q04921,0,bipartite_non_edge,169.0,155.0
P38147,Q05580,0,bipartite_non_edge,169.0,155.0
P38147,Q12306,0,bipartite_non_edge,169.0,155.0
P38247,P38523,0,bipartite_non_edge,169.0,155.0
P38247,P38822,0,bipartite_non_edge,169.0,155.0
P38247,P38874,0,bipartite_non_edge,169.0,155.0
P38247,P39723,0,bipartite_non_edge,169.0,155.0
P38247,P40582,0,bipartite_non_edge,169.0,155.0
P38247,P46954,0,bipartite_non_edge,169.0,155.0
P38247,P47025,0,bipartite_non_edge,169.0,155.0
P38247,P47037,0,bipartite_non_edge,169.0,155.0
P38247,P53184,0,bipartite_non_edge,169.0,155.0
P38247,Q03654,0,bipartite_non_edge,169.0,155.0
P38247,Q03790,0,bipartite_non_edge,169.0,155.0
P38247,Q05080,0,bipartite_non_edge,169.0,155.0
P38247,Q05791,0,bipartite_non_edge,169.0,155.0
P38247,Q12084,0,bipartite_non_edge,169.0,155.0
P38247,Q12102,0,bipartite_non_edge,169.0,155.0
P38247,Q12159,0,bipartite_non_edge,169.0,155.0
P38247,Q12306,0,bipartite_non_edge,169.0,155.0
P38272,P39113,0,bipartite_non_edge,169.0,155.0
P38272,P40963,0,bipartite_non_edge,169.0,155.0
P38272,P41543,0,bipartite_non_edge,169.0,155.0
P38272,P47011,0,bipartite_non_edge,169.0,155.0
P38272,P53617,0,bipartite_non_edge,169.0,155.0
P38272,P54786,0,bipartite_non_edge,169.0,155.0
P38272,P61829,0,bipartite_non_edge,169.0,155.0
P38272,Q03790,0,bipartite_non_edge,169.0,155.0
P38272,Q03818,0,bipartite_non_edge,169.0,155.0
P38272,Q03954,0,bipartite_non_edge,169.0,155.0
P38272,Q04477,0,bipartite_non_edge,169.0,155.0
P38272,Q04868,0,bipartite_non_edge,169.0,155.0
P38272,Q07457,0,bipartite_non_edge,169.0,155.0
P38272,Q08581,0,bipartite_non_edge,169.0,155.0
P38272,Q12020,0,bipartite_non_edge,169.0,155.0
P38272,Q12084,0,bipartite_non_edge,169.0,155.0
P38272,Q12102,0,bipartite_non_edge,169.0,155.0
P38272,Q12154,0,bipartite_non_edge,169.0,155.0
P38272,Q12306,0,bipartite_non_edge,169.0,155.0
P38272,Q12329,0,bipartite_non_edge,169.0,155.0
P38272,Q12390,0,bipartite_non_edge,169.0,155.0
P38339,P39743,0,bipartite_non_edge,169.0,155.0
P38339,P40957,0,bipartite_non_edge,169.0,155.0
P38339,P41695,0,bipartite_non_edge,169.0,155.0
P38339,P46946,0,bipartite_non_edge,169.0,155.0
P38339,P47017,0,bipartite_non_edge,169.0,155.0
P38339,P47115,0,bipartite_non_edge,169.0,155.0
P38339,P52891,0,bipartite_non_edge,169.0,155.0
P38339,P53184,0,bipartite_non_edge,169.0,155.0
P38339,P53253,0,bipartite_non_edge,169.0,155.0
P38339,P53971,0,bipartite_non_edge,169.0,155.0
P38339,P54786,0,bipartite_non_edge,169.0,155.0
P38339,P81449,0,bipartite_non_edge,169.0,155.0
P38339,Q02908,0,bipartite_non_edge,169.0,155.0
P38339,Q04477,0,bipartite_non_edge,169.0,155.0
P38339,Q05568,0,bipartite_non_edge,169.0,155.0
P38339,Q06706,0,bipartite_non_edge,169.0,155.0
P38523,P38822,0,bipartite_non_edge,169.0,155.0
P38523,P40460,0,bipartite_non_edge,169.0,155.0
P38523,P43605,0,bipartite_non_edge,169.0,155.0
P38523,P47017,0,bipartite_non_edge,169.0,155.0
P38523,P47037,0,bipartite_non_edge,169.0,155.0
P38523,P47129,0,bipartite_non_edge,169.0,155.0
P38523,P52891,0,bipartite_non_edge,169.0,155.0
P38523,P53184,0,bipartite_non_edge,169.0,155.0
P38523,P80667,0,bipartite_non_edge,169.0,155.0
P38523,Q04411,0,bipartite_non_edge,169.0,155.0
P38523,Q06708,0,bipartite_non_edge,169.0,155.0
P38523,Q08581,0,bipartite_non_edge,169.0,155.0
P38523,Q08601,0,bipartite_non_edge,169.0,155.0
P38523,Q12365,0,bipartite_non_edge,169.0,155.0
P38748,P39928,0,bipartite_non_edge,169.0,155.0
P38748,P40316,0,bipartite_non_edge,169.0,155.0
P38748,P40460,0,bipartite_non_edge,169.0,155.0
P38748,P47011,0,bipartite_non_edge,169.0,155.0
P38748,P47025,0,bipartite_non_edge,169.0,155.0
P38748,P54786,0,bipartite_non_edge,169.0,155.0
P38748,Q03654,0,bipartite_non_edge,169.0,155.0
P38748,Q04921,0,bipartite_non_edge,169.0,155.0
P38748,Q06410,0,bipartite_non_edge,169.0,155.0
P38785,P38874,0,bipartite_non_edge,169.0,155.0
P38785,P39081,0,bipartite_non_edge,169.0,155.0
P38785,P39743,0,bipartite_non_edge,169.0,155.0
P38785,P39998,0,bipartite_non_edge,169.0,155.0
P38785,P40316,0,bipartite_non_edge,169.0,155.0
P38785,P40957,0,bipartite_non_edge,169.0,155.0
P38785,P41921,0,bipartite_non_edge,169.0,155.0
P38785,P52891,0,bipartite_non_edge,169.0,155.0
P38785,P53971,0,bipartite_non_edge,169.0,155.0
P38785,Q05580,0,bipartite_non_edge,169.0,155.0
P38785,Q07457,0,bipartite_non_edge,169.0,155.0
P38785,Q12154,0,bipartite_non_edge,169.0,155.0
P38785,Q12446,0,bipartite_non_edge,169.0,155.0
P38822,P38874,0,bipartite_non_edge,169.0,155.0
P38822,P39113,0,bipartite_non_edge,169.0,155.0
P38822,P40202,0,bipartite_non_edge,169.0,155.0
P38822,P46964,0,bipartite_non_edge,169.0,155.0
P38822,P47011,0,bipartite_non_edge,169.0,155.0
P38822,P47115,0,bipartite_non_edge,169.0,155.0
P38822,Q02908,0,bipartite_non_edge,169.0,155.0
P38822,Q04411,0,bipartite_non_edge,169.0,155.0
P38822,Q07457,0,bipartite_non_edge,169.0,155.0
P38822,Q12033,0,bipartite_non_edge,169.0,155.0
P38822,Q12102,0,bipartite_non_edge,169.0,155.0
P38822,Q12306,0,bipartite_non_edge,169.0,155.0
P38853,P39743,0,bipartite_non_edge,169.0,155.0
P38853,P39928,0,bipartite_non_edge,169.0,155.0
P38853,P40073,0,bipartite_non_edge,169.0,155.0
P38853,P47017,0,bipartite_non_edge,169.0,155.0
P38853,P53971,0,bipartite_non_edge,169.0,155.0
P38853,Q02100,0,bipartite_non_edge,169.0,155.0
P38853,Q05080,0,bipartite_non_edge,169.0,155.0
P38853,Q06410,0,bipartite_non_edge,169.0,155.0
P38853,Q06675,0,bipartite_non_edge,169.0,155.0
P38853,Q06704,0,bipartite_non_edge,169.0,155.0
P38853,Q12020,0,bipartite_non_edge,169.0,155.0
P38853,Q12440,0,bipartite_non_edge,169.0,155.0
P38874,P39113,0,bipartite_non_edge,169.0,155.0
P38874,P39996,0,bipartite_non_edge,169.0,155.0
P38874,P40073,0,bipartite_non_edge,169.0,155.0
P38874,P40325,0,bipartite_non_edge,169.0,155.0
P38874,P40460,0,bipartite_non_edge,169.0,155.0
P38874,P40963,0,bipartite_non_edge,169.0,155.0
P38874,P41695,0,bipartite_non_edge,169.0,155.0
P38874,P43605,0,bipartite_non_edge,169.0,155.0
P38874,P43639,0,bipartite_non_edge,169.0,155.0
P38874,P47037,0,bipartite_non_edge,169.0,155.0
P38874,P47115,0,bipartite_non_edge,169.0,155.0
P38874,P47129,0,bipartite_non_edge,169.0,155.0
P38874,P48361,0,bipartite_non_edge,169.0,155.0
P38874,P53112,0,bipartite_non_edge,169.0,155.0
P38874,P53253,0,bipartite_non_edge,169.0,155.0
P38874,P53895,0,bipartite_non_edge,169.0,155.0
P38874,Q03790,0,bipartite_non_edge,169.0,155.0
P38874,Q04003,0,bipartite_non_edge,169.0,155.0
P38874,Q04048,0,bipartite_non_edge,169.0,155.0
P38874,Q06704,0,bipartite_non_edge,169.0,155.0
P38930,P39743,0,bipartite_non_edge,169.0,155.0
P38930,P40089,0,bipartite_non_edge,169.0,155.0
P38930,P41543,0,bipartite_non_edge,169.0,155.0
P38930,P41695,0,bipartite_non_edge,169.0,155.0
P38930,P80667,0,bipartite_non_edge,169.0,155.0
P38930,Q00582,0,bipartite_non_edge,169.0,155.0
P38930,Q03860,0,bipartite_non_edge,169.0,155.0
P38930,Q04921,0,bipartite_non_edge,169.0,155.0
P38930,Q05568,0,bipartite_non_edge,169.0,155.0
P38930,Q06410,0,bipartite_non_edge,169.0,155.0
P38930,Q12020,0,bipartite_non_edge,169.0,155.0
P38930,Q12066,0,bipartite_non_edge,169.0,155.0
P38930,Q12334,0,bipartite_non_edge,169.0,155.0
P39007,P39928,0,bipartite_non_edge,169.0,155.0
P39007,P47037,0,bipartite_non_edge,169.0,155.0
P39007,P53971,0,bipartite_non_edge,169.0,155.0
P39007,P54786,0,bipartite_non_edge,169.0,155.0
P39007,P81449,0,bipartite_non_edge,169.0,155.0
P39007,Q03654,0,bipartite_non_edge,169.0,155.0
P39007,Q03860,0,bipartite_non_edge,169.0,155.0
P39007,Q04477,0,bipartite_non_edge,169.0,155.0
P39007,Q04921,0,bipartite_non_edge,169.0,155.0
P39007,Q12020,0,bipartite_non_edge,169.0,155.0
P39007,Q12334,0,bipartite_non_edge,169.0,155.0
P39007,Q3E7C1,0,bipartite_non_edge,169.0,155.0
P39081,P39929,0,bipartite_non_edge,169.0,155.0
P39081,P39996,0,bipartite_non_edge,169.0,155.0
P39081,P39998,0,bipartite_non_edge,169.0,155.0
P39081,P41695,0,bipartite_non_edge,169.0,155.0
P39081,P47095,0,bipartite_non_edge,169.0,155.0
P39081,P52891,0,bipartite_non_edge,169.0,155.0
P39081,P53184,0,bipartite_non_edge,169.0,155.0
P39081,P53617,0,bipartite_non_edge,169.0,155.0
P39081,P53886,0,bipartite_non_edge,169.0,155.0
P39081,Q03790,0,bipartite_non_edge,169.0,155.0
P39081,Q03860,0,bipartite_non_edge,169.0,155.0
P39081,Q04868,0,bipartite_non_edge,169.0,155.0
P39081,Q05791,0,bipartite_non_edge,169.0,155.0
P39081,Q92331,0,bipartite_non_edge,169.0,155.0
P39113,P40202,0,bipartite_non_edge,169.0,155.0
P39113,P47017,0,bipartite_non_edge,169.0,155.0
P39113,Q00684,0,bipartite_non_edge,169.0,155.0
P39113,Q03790,0,bipartite_non_edge,169.0,155.0
P39113,Q03860,0,bipartite_non_edge,169.0,155.0
P39113,Q04003,0,bipartite_non_edge,169.0,155.0
P39113,Q04048,0,bipartite_non_edge,169.0,155.0
P39113,Q04477,0,bipartite_non_edge,169.0,155.0
P39113,Q05791,0,bipartite_non_edge,169.0,155.0
P39113,Q06169,0,bipartite_non_edge,169.0,155.0
P39113,Q07457,0,bipartite_non_edge,169.0,155.0
P39113,Q12154,0,bipartite_non_edge,169.0,155.0
P39113,Q12159,0,bipartite_non_edge,169.0,155.0
P39723,P39996,0,bipartite_non_edge,169.0,155.0
P39723,P40073,0,bipartite_non_edge,169.0,155.0
P39723,P40089,0,bipartite_non_edge,169.0,155.0
P39723,P40325,0,bipartite_non_edge,169.0,155.0
P39723,P40582,0,bipartite_non_edge,169.0,155.0
P39723,P40957,0,bipartite_non_edge,169.0,155.0
P39723,P40963,0,bipartite_non_edge,169.0,155.0
P39723,P46964,0,bipartite_non_edge,169.0,155.0
P39723,P47129,0,bipartite_non_edge,169.0,155.0
P39723,P81449,0,bipartite_non_edge,169.0,155.0
P39723,Q00684,0,bipartite_non_edge,169.0,155.0
P39723,Q03954,0,bipartite_non_edge,169.0,155.0
P39723,Q04868,0,bipartite_non_edge,169.0,155.0
P39723,Q05791,0,bipartite_non_edge,169.0,155.0
P39723,Q12134,0,bipartite_non_edge,169.0,155.0
P39723,Q12154,0,bipartite_non_edge,169.0,155.0
P39723,Q12306,0,bipartite_non_edge,169.0,155.0
P39723,Q12446,0,bipartite_non_edge,169.0,155.0
P39743,P39929,0,bipartite_non_edge,169.0,155.0
P39743,P39996,0,bipartite_non_edge,169.0,155.0
P39743,P39998,0,bipartite_non_edge,169.0,155.0
P39743,P40089,0,bipartite_non_edge,169.0,155.0
P39743,P40485,0,bipartite_non_edge,169.0,155.0
P39743,P41543,0,bipartite_non_edge,169.0,155.0
P39743,P42935,0,bipartite_non_edge,169.0,155.0
P39743,P43605,0,bipartite_non_edge,169.0,155.0
P39743,P52917,0,bipartite_non_edge,169.0,155.0
P39743,P53184,0,bipartite_non_edge,169.0,155.0
P39743,Q03954,0,bipartite_non_edge,169.0,155.0
P39743,Q04411,0,bipartite_non_edge,169.0,155.0
P39743,Q06704,0,bipartite_non_edge,169.0,155.0
P39743,Q07457,0,bipartite_non_edge,169.0,155.0
P39743,Q12033,0,bipartite_non_edge,169.0,155.0
P39743,Q12066,0,bipartite_non_edge,169.0,155.0
P39743,Q12084,0,bipartite_non_edge,169.0,155.0
P39743,Q12440,0,bipartite_non_edge,169.0,155.0
P39928,P39996,0,bipartite_non_edge,169.0,155.0
P39928,P40582,0,bipartite_non_edge,169.0,155.0
P39928,P40963,0,bipartite_non_edge,169.0,155.0
P39928,P47037,0,bipartite_non_edge,169.0,155.0
P39928,P53253,0,bipartite_non_edge,169.0,155.0
P39928,Q02908,0,bipartite_non_edge,169.0,155.0
P39928,Q03790,0,bipartite_non_edge,169.0,155.0
P39928,Q04411,0,bipartite_non_edge,169.0,155.0
P39928,Q06708,0,bipartite_non_edge,169.0,155.0
P39928,Q07457,0,bipartite_non_edge,169.0,155.0
P39928,Q12020,0,bipartite_non_edge,169.0,155.0
P39928,Q12365,0,bipartite_non_edge,169.0,155.0
P39928,Q92331,0,bipartite_non_edge,169.0,155.0
P39929,P39996,0,bipartite_non_edge,169.0,155.0
P39929,P40963,0,bipartite_non_edge,169.0,155.0
P39929,P40969,0,bipartite_non_edge,169.0,155.0
P39929,P47017,0,bipartite_non_edge,169.0,155.0
P39929,P53112,0,bipartite_non_edge,169.0,155.0
P39929,P54861,0,bipartite_non_edge,169.0,155.0
P39929,P57743,0,bipartite_non_edge,169.0,155.0
P39929,Q00582,0,bipartite_non_edge,169.0,155.0
P39929,Q02884,0,bipartite_non_edge,169.0,155.0
P39929,Q06169,0,bipartite_non_edge,169.0,155.0
P39929,Q08581,0,bipartite_non_edge,169.0,155.0
P39929,Q12306,0,bipartite_non_edge,169.0,155.0
P39996,P40202,0,bipartite_non_edge,169.0,155.0
P39996,P40316,0,bipartite_non_edge,169.0,155.0
P39996,P43605,0,bipartite_non_edge,169.0,155.0
P39996,P47017,0,bipartite_non_edge,169.0,155.0
P39996,P47037,0,bipartite_non_edge,169.0,155.0
P39996,P47115,0,bipartite_non_edge,169.0,155.0
P39996,P53184,0,bipartite_non_edge,169.0,155.0
P39996,P53971,0,bipartite_non_edge,169.0,155.0
P39996,Q02884,0,bipartite_non_edge,169.0,155.0
P39996,Q04411,0,bipartite_non_edge,169.0,155.0
P39996,Q12334,0,bipartite_non_edge,169.0,155.0
P39996,Q12390,0,bipartite_non_edge,169.0,155.0
P39996,Q12446,0,bipartite_non_edge,169.0,155.0
P39998,P40054,0,bipartite_non_edge,169.0,155.0
P39998,P40485,0,bipartite_non_edge,169.0,155.0
P39998,P40582,0,bipartite_non_edge,169.0,155.0
P39998,P40963,0,bipartite_non_edge,169.0,155.0
P39998,P42935,0,bipartite_non_edge,169.0,155.0
P39998,P46954,0,bipartite_non_edge,169.0,155.0
P39998,P47115,0,bipartite_non_edge,169.0,155.0
P39998,P52917,0,bipartite_non_edge,169.0,155.0
P39998,P53184,0,bipartite_non_edge,169.0,155.0
P39998,P53895,0,bipartite_non_edge,169.0,155.0
P39998,Q00582,0,bipartite_non_edge,169.0,155.0
P39998,Q02908,0,bipartite_non_edge,169.0,155.0
P39998,Q02939,0,bipartite_non_edge,169.0,155.0
P39998,Q04048,0,bipartite_non_edge,169.0,155.0
P39998,Q12033,0,bipartite_non_edge,169.0,155.0
P39998,Q12084,0,bipartite_non_edge,169.0,155.0
P39998,Q12154,0,bipartite_non_edge,169.0,155.0
P40054,P40460,0,bipartite_non_edge,169.0,155.0
P40054,P53253,0,bipartite_non_edge,169.0,155.0
P40054,Q00684,0,bipartite_non_edge,169.0,155.0
P40054,Q04868,0,bipartite_non_edge,169.0,155.0
P40054,Q08601,0,bipartite_non_edge,169.0,155.0
P40054,Q12446,0,bipartite_non_edge,169.0,155.0
P40073,P40316,0,bipartite_non_edge,169.0,155.0
P40073,P40582,0,bipartite_non_edge,169.0,155.0
P40073,P41697,0,bipartite_non_edge,169.0,155.0
P40073,P52917,0,bipartite_non_edge,169.0,155.0
P40073,P53253,0,bipartite_non_edge,169.0,155.0
P40073,P53617,0,bipartite_non_edge,169.0,155.0
P40073,Q02884,0,bipartite_non_edge,169.0,155.0
P40073,Q02908,0,bipartite_non_edge,169.0,155.0
P40073,Q05568,0,bipartite_non_edge,169.0,155.0
P40073,Q12084,0,bipartite_non_edge,169.0,155.0
P40089,P41695,0,bipartite_non_edge,169.0,155.0
P40089,P46946,0,bipartite_non_edge,169.0,155.0
P40089,P47011,0,bipartite_non_edge,169.0,155.0
P40089,P47115,0,bipartite_non_edge,169.0,155.0
P40089,P50623,0,bipartite_non_edge,169.0,155.0
P40089,P53184,0,bipartite_non_edge,169.0,155.0
P40089,P54861,0,bipartite_non_edge,169.0,155.0
P40089,P61829,0,bipartite_non_edge,169.0,155.0
P40089,Q02908,0,bipartite_non_edge,169.0,155.0
P40089,Q04003,0,bipartite_non_edge,169.0,155.0
P40089,Q04411,0,bipartite_non_edge,169.0,155.0
P40089,Q06675,0,bipartite_non_edge,169.0,155.0
P40089,Q06704,0,bipartite_non_edge,169.0,155.0
P40089,Q08581,0,bipartite_non_edge,169.0,155.0
P40089,Q12084,0,bipartite_non_edge,169.0,155.0
P40089,Q12365,0,bipartite_non_edge,169.0,155.0
P40151,P40460,0,bipartite_non_edge,169.0,155.0
P40151,P43639,0,bipartite_non_edge,169.0,155.0
P40151,P47017,0,bipartite_non_edge,169.0,155.0
P40151,P47037,0,bipartite_non_edge,169.0,155.0
P40151,P47129,0,bipartite_non_edge,169.0,155.0
P40151,P53112,0,bipartite_non_edge,169.0,155.0
P40151,Q02908,0,bipartite_non_edge,169.0,155.0
P40151,Q03898,0,bipartite_non_edge,169.0,155.0
P40151,Q04048,0,bipartite_non_edge,169.0,155.0
P40151,Q05580,0,bipartite_non_edge,169.0,155.0
P40151,Q07457,0,bipartite_non_edge,169.0,155.0
P40151,Q12020,0,bipartite_non_edge,169.0,155.0
P40202,P40316,0,bipartite_non_edge,169.0,155.0
P40202,P40485,0,bipartite_non_edge,169.0,155.0
P40202,P46964,0,bipartite_non_edge,169.0,155.0
P40202,P47017,0,bipartite_non_edge,169.0,155.0
P40202,P47095,0,bipartite_non_edge,169.0,155.0
P40202,P52891,0,bipartite_non_edge,169.0,155.0
P40202,P53253,0,bipartite_non_edge,169.0,155.0
P40202,Q00684,0,bipartite_non_edge,169.0,155.0
P40202,Q02939,0,bipartite_non_edge,169.0,155.0
P40202,Q04868,0,bipartite_non_edge,169.0,155.0
P40202,Q06410,0,bipartite_non_edge,169.0,155.0
P40202,Q12066,0,bipartite_non_edge,169.0,155.0
P40202,Q12440,0,bipartite_non_edge,169.0,155.0
P40316,P40325,0,bipartite_non_edge,169.0,155.0
P40316,P40582,0,bipartite_non_edge,169.0,155.0
P40316,P40969,0,bipartite_non_edge,169.0,155.0
P40316,P41543,0,bipartite_non_edge,169.0,155.0
P40316,P47017,0,bipartite_non_edge,169.0,155.0
P40316,P53184,0,bipartite_non_edge,169.0,155.0
P40316,P81449,0,bipartite_non_edge,169.0,155.0
P40316,Q00684,0,bipartite_non_edge,169.0,155.0
P40316,Q03654,0,bipartite_non_edge,169.0,155.0
P40316,Q03860,0,bipartite_non_edge,169.0,155.0
P40316,Q04003,0,bipartite_non_edge,169.0,155.0
P40316,Q05080,0,bipartite_non_edge,169.0,155.0
P40316,Q05568,0,bipartite_non_edge,169.0,155.0
P40316,Q05580,0,bipartite_non_edge,169.0,155.0
P40316,Q06410,0,bipartite_non_edge,169.0,155.0
P40316,Q12033,0,bipartite_non_edge,169.0,155.0
P40316,Q12159,0,bipartite_non_edge,169.0,155.0
P40316,Q12306,0,bipartite_non_edge,169.0,155.0
P40316,Q92331,0,bipartite_non_edge,169.0,155.0
P40325,P41921,0,bipartite_non_edge,169.0,155.0
P40325,P47037,0,bipartite_non_edge,169.0,155.0
P40325,P53886,0,bipartite_non_edge,169.0,155.0
P40325,P53971,0,bipartite_non_edge,169.0,155.0
P40325,P61829,0,bipartite_non_edge,169.0,155.0
P40325,Q02939,0,bipartite_non_edge,169.0,155.0
P40325,Q03818,0,bipartite_non_edge,169.0,155.0
P40325,Q12102,0,bipartite_non_edge,169.0,155.0
P40325,Q12306,0,bipartite_non_edge,169.0,155.0
P40325,Q12329,0,bipartite_non_edge,169.0,155.0
P40460,P40963,0,bipartite_non_edge,169.0,155.0
P40460,P41543,0,bipartite_non_edge,169.0,155.0
P40460,P42935,0,bipartite_non_edge,169.0,155.0
P40460,P46954,0,bipartite_non_edge,169.0,155.0
P40460,P47017,0,bipartite_non_edge,169.0,155.0
P40460,P47037,0,bipartite_non_edge,169.0,155.0
P40460,P52917,0,bipartite_non_edge,169.0,155.0
P40460,P53184,0,bipartite_non_edge,169.0,155.0
P40460,P53617,0,bipartite_non_edge,169.0,155.0
P40460,P54861,0,bipartite_non_edge,169.0,155.0
P40460,Q02100,0,bipartite_non_edge,169.0,155.0
P40460,Q02884,0,bipartite_non_edge,169.0,155.0
P40460,Q02908,0,bipartite_non_edge,169.0,155.0
P40460,Q02939,0,bipartite_non_edge,169.0,155.0
P40460,Q03818,0,bipartite_non_edge,169.0,155.0
P40460,Q03898,0,bipartite_non_edge,169.0,155.0
P40460,Q05791,0,bipartite_non_edge,169.0,155.0
P40460,Q06704,0,bipartite_non_edge,169.0,155.0
P40460,Q08601,0,bipartite_non_edge,169.0,155.0
P40460,Q12084,0,bipartite_non_edge,169.0,155.0
P40460,Q12134,0,bipartite_non_edge,169.0,155.0
P40460,Q12159,0,bipartite_non_edge,169.0,155.0
P40485,P41543,0,bipartite_non_edge,169.0,155.0
P40485,P41695,0,bipartite_non_edge,169.0,155.0
P40485,P41921,0,bipartite_non_edge,169.0,155.0
P40485,P46954,0,bipartite_non_edge,169.0,155.0
P40485,P47037,0,bipartite_non_edge,169.0,155.0
P40485,P48361,0,bipartite_non_edge,169.0,155.0
P40485,P52891,0,bipartite_non_edge,169.0,155.0
P40485,P80667,0,bipartite_non_edge,169.0,155.0
P40485,Q04048,0,bipartite_non_edge,169.0,155.0
P40485,Q04868,0,bipartite_non_edge,169.0,155.0
P40485,Q92331,0,bipartite_non_edge,169.0,155.0
P40582,P43639,0,bipartite_non_edge,169.0,155.0
P40582,P52917,0,bipartite_non_edge,169.0,155.0
P40582,P53253,0,bipartite_non_edge,169.0,155.0
P40582,P53617,0,bipartite_non_edge,169.0,155.0
P40582,P53895,0,bipartite_non_edge,169.0,155.0
P40582,P53971,0,bipartite_non_edge,169.0,155.0
P40582,Q03898,0,bipartite_non_edge,169.0,155.0
P40582,Q05080,0,bipartite_non_edge,169.0,155.0
P40582,Q05568,0,bipartite_non_edge,169.0,155.0
P40582,Q05580,0,bipartite_non_edge,169.0,155.0
P40582,Q07457,0,bipartite_non_edge,169.0,155.0
P40582,Q12020,0,bipartite_non_edge,169.0,155.0
P40582,Q12134,0,bipartite_non_edge,169.0,155.0
P40957,P47095,0,bipartite_non_edge,169.0,155.0
P40957,P53971,0,bipartite_non_edge,169.0,155.0
P40957,Q02100,0,bipartite_non_edge,169.0,155.0
P40957,Q03954,0,bipartite_non_edge,169.0,155.0
P40957,Q04477,0,bipartite_non_edge,169.0,155.0
P40957,Q05568,0,bipartite_non_edge,169.0,155.0
P40957,Q05580,0,bipartite_non_edge,169.0,155.0
P40957,Q06410,0,bipartite_non_edge,169.0,155.0
P40957,Q06675,0,bipartite_non_edge,169.0,155.0
P40957,Q12033,0,bipartite_non_edge,169.0,155.0
P40957,Q12329,0,bipartite_non_edge,169.0,155.0
P40963,P40969,0,bipartite_non_edge,169.0,155.0
P40963,P41543,0,bipartite_non_edge,169.0,155.0
P40963,P41695,0,bipartite_non_edge,169.0,155.0
P40963,P47037,0,bipartite_non_edge,169.0,155.0
P40963,P47115,0,bipartite_non_edge,169.0,155.0
P40963,P53886,0,bipartite_non_edge,169.0,155.0
P40963,P53971,0,bipartite_non_edge,169.0,155.0
P40963,P57743,0,bipartite_non_edge,169.0,155.0
P40963,Q02884,0,bipartite_non_edge,169.0,155.0
P40963,Q02939,0,bipartite_non_edge,169.0,155.0
P40963,Q03790,0,bipartite_non_edge,169.0,155.0
P40963,Q05580,0,bipartite_non_edge,169.0,155.0
P40963,Q12084,0,bipartite_non_edge,169.0,155.0
P40963,Q12329,0,bipartite_non_edge,169.0,155.0
P40969,P47129,0,bipartite_non_edge,169.0,155.0
P40969,P53112,0,bipartite_non_edge,169.0,155.0
P40969,P53184,0,bipartite_non_edge,169.0,155.0
P40969,P81449,0,bipartite_non_edge,169.0,155.0
P40969,Q03790,0,bipartite_non_edge,169.0,155.0
P40969,Q03860,0,bipartite_non_edge,169.0,155.0
P40969,Q03898,0,bipartite_non_edge,169.0,155.0
P40969,Q04477,0,bipartite_non_edge,169.0,155.0
P40969,Q06704,0,bipartite_non_edge,169.0,155.0
P40969,Q08581,0,bipartite_non_edge,169.0,155.0
P40969,Q08601,0,bipartite_non_edge,169.0,155.0
P40969,Q12020,0,bipartite_non_edge,169.0,155.0
P40969,Q12084,0,bipartite_non_edge,169.0,155.0
P40969,Q12102,0,bipartite_non_edge,169.0,155.0
P40969,Q12159,0,bipartite_non_edge,169.0,155.0
P40969,Q12263,0,bipartite_non_edge,169.0,155.0
P40969,Q12446,0,bipartite_non_edge,169.0,155.0
P41543,P53617,0,bipartite_non_edge,169.0,155.0
P41543,Q02908,0,bipartite_non_edge,169.0,155.0
P41543,Q03954,0,bipartite_non_edge,169.0,155.0
P41543,Q06410,0,bipartite_non_edge,169.0,155.0
P41543,Q12066,0,bipartite_non_edge,169.0,155.0
P41543,Q12159,0,bipartite_non_edge,169.0,155.0
P41695,P43605,0,bipartite_non_edge,169.0,155.0
P41695,P50623,0,bipartite_non_edge,169.0,155.0
P41695,P53617,0,bipartite_non_edge,169.0,155.0
P41695,Q03790,0,bipartite_non_edge,169.0,155.0
P41695,Q03818,0,bipartite_non_edge,169.0,155.0
P41695,Q03898,0,bipartite_non_edge,169.0,155.0
P41695,Q06675,0,bipartite_non_edge,169.0,155.0
P41695,Q06704,0,bipartite_non_edge,169.0,155.0
P41695,Q06706,0,bipartite_non_edge,169.0,155.0
P41695,Q12066,0,bipartite_non_edge,169.0,155.0
P41695,Q12159,0,bipartite_non_edge,169.0,155.0
P41697,P41921,0,bipartite_non_edge,169.0,155.0
P41697,P47017,0,bipartite_non_edge,169.0,155.0
P41697,P47037,0,bipartite_non_edge,169.0,155.0
P41697,P80667,0,bipartite_non_edge,169.0,155.0
P41697,Q04477,0,bipartite_non_edge,169.0,155.0
P41697,Q04868,0,bipartite_non_edge,169.0,155.0
P41697,Q12020,0,bipartite_non_edge,169.0,155.0
P41921,P50623,0,bipartite_non_edge,169.0,155.0
P41921,P52917,0,bipartite_non_edge,169.0,155.0
P41921,P54786,0,bipartite_non_edge,169.0,155.0
P41921,Q00684,0,bipartite_non_edge,169.0,155.0
P41921,Q02100,0,bipartite_non_edge,169.0,155.0
P41921,Q02884,0,bipartite_non_edge,169.0,155.0
P41921,Q02939,0,bipartite_non_edge,169.0,155.0
P41921,Q03898,0,bipartite_non_edge,169.0,155.0
P41921,Q04868,0,bipartite_non_edge,169.0,155.0
P41921,Q05080,0,bipartite_non_edge,169.0,155.0
P41921,Q06704,0,bipartite_non_edge,169.0,155.0
P41921,Q08581,0,bipartite_non_edge,169.0,155.0
P41921,Q12066,0,bipartite_non_edge,169.0,155.0
P41921,Q12329,0,bipartite_non_edge,169.0,155.0
P42935,P47095,0,bipartite_non_edge,169.0,155.0
P42935,P80667,0,bipartite_non_edge,169.0,155.0
P42935,Q06440,0,bipartite_non_edge,169.0,155.0
P42935,Q06675,0,bipartite_non_edge,169.0,155.0
P42935,Q06708,0,bipartite_non_edge,169.0,155.0
P42935,Q08601,0,bipartite_non_edge,169.0,155.0
P42935,Q12134,0,bipartite_non_edge,169.0,155.0
P42935,Q12334,0,bipartite_non_edge,169.0,155.0
P42935,Q12446,0,bipartite_non_edge,169.0,155.0
P43605,P47095,0,bipartite_non_edge,169.0,155.0
P43605,P50623,0,bipartite_non_edge,169.0,155.0
P43605,P52917,0,bipartite_non_edge,169.0,155.0
P43605,P53112,0,bipartite_non_edge,169.0,155.0
P43605,P53617,0,bipartite_non_edge,169.0,155.0
P43605,P53895,0,bipartite_non_edge,169.0,155.0
P43605,P61829,0,bipartite_non_edge,169.0,155.0
P43605,Q02908,0,bipartite_non_edge,169.0,155.0
P43605,Q03954,0,bipartite_non_edge,169.0,155.0
P43605,Q04477,0,bipartite_non_edge,169.0,155.0
P43605,Q04921,0,bipartite_non_edge,169.0,155.0
P43605,Q05568,0,bipartite_non_edge,169.0,155.0
P43605,Q05580,0,bipartite_non_edge,169.0,155.0
P43605,Q05791,0,bipartite_non_edge,169.0,155.0
P43605,Q12020,0,bipartite_non_edge,169.0,155.0
P43605,Q12154,0,bipartite_non_edge,169.0,155.0
P43605,Q12263,0,bipartite_non_edge,169.0,155.0
P43639,P47025,0,bipartite_non_edge,169.0,155.0
P43639,P53886,0,bipartite_non_edge,169.0,155.0
P43639,P53895,0,bipartite_non_edge,169.0,155.0
P43639,P80667,0,bipartite_non_edge,169.0,155.0
P43639,P81449,0,bipartite_non_edge,169.0,155.0
P43639,Q00684,0,bipartite_non_edge,169.0,155.0
P43639,Q05080,0,bipartite_non_edge,169.0,155.0
P43639,Q06675,0,bipartite_non_edge,169.0,155.0
P43639,Q06706,0,bipartite_non_edge,169.0,155.0
P43639,Q06708,0,bipartite_non_edge,169.0,155.0
P43639,Q08581,0,bipartite_non_edge,169.0,155.0
P43639,Q12154,0,bipartite_non_edge,169.0,155.0
P43639,Q12159,0,bipartite_non_edge,169.0,155.0
P43639,Q12334,0,bipartite_non_edge,169.0,155.0
P43639,Q12390,0,bipartite_non_edge,169.0,155.0
P43639,Q12440,0,bipartite_non_edge,169.0,155.0
P46946,P47129,0,bipartite_non_edge,169.0,155.0
P46946,P54786,0,bipartite_non_edge,169.0,155.0
P46946,Q03898,0,bipartite_non_edge,169.0,155.0
P46946,Q06706,0,bipartite_non_edge,169.0,155.0
P46946,Q12134,0,bipartite_non_edge,169.0,155.0
P46946,Q12440,0,bipartite_non_edge,169.0,155.0
P46946,Q12446,0,bipartite_non_edge,169.0,155.0
P46954,P46964,0,bipartite_non_edge,169.0,155.0
P46954,P52891,0,bipartite_non_edge,169.0,155.0
P46954,P53971,0,bipartite_non_edge,169.0,155.0
P46954,Q00582,0,bipartite_non_edge,169.0,155.0
P46954,Q02100,0,bipartite_non_edge,169.0,155.0
P46954,Q12066,0,bipartite_non_edge,169.0,155.0
P46954,Q12329,0,bipartite_non_edge,169.0,155.0
P46964,P47115,0,bipartite_non_edge,169.0,155.0
P46964,P53253,0,bipartite_non_edge,169.0,155.0
P46964,P53617,0,bipartite_non_edge,169.0,155.0
P46964,P53886,0,bipartite_non_edge,169.0,155.0
P46964,P80667,0,bipartite_non_edge,169.0,155.0
P46964,Q03654,0,bipartite_non_edge,169.0,155.0
P46964,Q04048,0,bipartite_non_edge,169.0,155.0
P46964,Q04411,0,bipartite_non_edge,169.0,155.0
P46964,Q04868,0,bipartite_non_edge,169.0,155.0
P46964,Q06169,0,bipartite_non_edge,169.0,155.0
P46964,Q06708,0,bipartite_non_edge,169.0,155.0
P47011,P47017,0,bipartite_non_edge,169.0,155.0
P47011,P47037,0,bipartite_non_edge,169.0,155.0
P47011,P47129,0,bipartite_non_edge,169.0,155.0
P47011,P54786,0,bipartite_non_edge,169.0,155.0
P47011,P57743,0,bipartite_non_edge,169.0,155.0
P47011,P80667,0,bipartite_non_edge,169.0,155.0
P47011,Q02884,0,bipartite_non_edge,169.0,155.0
P47011,Q05580,0,bipartite_non_edge,169.0,155.0
P47011,Q06410,0,bipartite_non_edge,169.0,155.0
P47011,Q06706,0,bipartite_non_edge,169.0,155.0
P47011,Q08581,0,bipartite_non_edge,169.0,155.0
P47011,Q12263,0,bipartite_non_edge,169.0,155.0
P47017,P47129,0,bipartite_non_edge,169.0,155.0
P47017,P53184,0,bipartite_non_edge,169.0,155.0
P47017,P53895,0,bipartite_non_edge,169.0,155.0
P47017,P54861,0,bipartite_non_edge,169.0,155.0
P47017,P81449,0,bipartite_non_edge,169.0,155.0
P47017,Q02908,0,bipartite_non_edge,169.0,155.0
P47017,Q03898,0,bipartite_non_edge,169.0,155.0
P47017,Q03954,0,bipartite_non_edge,169.0,155.0
P47017,Q04477,0,bipartite_non_edge,169.0,155.0
P47017,Q12329,0,bipartite_non_edge,169.0,155.0
P47025,P47095,0,bipartite_non_edge,169.0,155.0
P47025,P47129,0,bipartite_non_edge,169.0,155.0
P47025,P53253,0,bipartite_non_edge,169.0,155.0
P47025,P80667,0,bipartite_non_edge,169.0,155.0
P47025,Q03818,0,bipartite_non_edge,169.0,155.0
P47025,Q04868,0,bipartite_non_edge,169.0,155.0
P47025,Q05580,0,bipartite_non_edge,169.0,155.0
P47025,Q06440,0,bipartite_non_edge,169.0,155.0
P47025,Q06675,0,bipartite_non_edge,169.0,155.0
P47025,Q12066,0,bipartite_non_edge,169.0,155.0
P47025,Q12134,0,bipartite_non_edge,169.0,155.0
P47025,Q12365,0,bipartite_non_edge,169.0,155.0
P47037,P52891,0,bipartite_non_edge,169.0,155.0
P47037,P53617,0,bipartite_non_edge,169.0,155.0
P47037,P53886,0,bipartite_non_edge,169.0,155.0
P47037,P81449,0,bipartite_non_edge,169.0,155.0
P47037,Q06675,0,bipartite_non_edge,169.0,155.0
P47037,Q12159,0,bipartite_non_edge,169.0,155.0
P47037,Q12306,0,bipartite_non_edge,169.0,155.0
P47037,Q12329,0,bipartite_non_edge,169.0,155.0
P47095,P52891,0,bipartite_non_edge,169.0,155.0
P47095,P57743,0,bipartite_non_edge,169.0,155.0
P47095,Q04477,0,bipartite_non_edge,169.0,155.0
P47095,Q07457,0,bipartite_non_edge,169.0,155.0
P47095,Q12066,0,bipartite_non_edge,169.0,155.0
P47095,Q12306,0,bipartite_non_edge,169.0,155.0
P47115,P53886,0,bipartite_non_edge,169.0,155.0
P47115,P53895,0,bipartite_non_edge,169.0,155.0
P47115,P53971,0,bipartite_non_edge,169.0,155.0
P47115,P57743,0,bipartite_non_edge,169.0,155.0
P47115,Q02908,0,bipartite_non_edge,169.0,155.0
P47115,Q03954,0,bipartite_non_edge,169.0,155.0
P47115,Q06169,0,bipartite_non_edge,169.0,155.0
P47115,Q06675,0,bipartite_non_edge,169.0,155.0
P47129,P53184,0,bipartite_non_edge,169.0,155.0
P47129,P53253,0,bipartite_non_edge,169.0,155.0
P47129,P61829,0,bipartite_non_edge,169.0,155.0
P47129,P80667,0,bipartite_non_edge,169.0,155.0
P47129,Q02884,0,bipartite_non_edge,169.0,155.0
P47129,Q02939,0,bipartite_non_edge,169.0,155.0
P47129,Q03790,0,bipartite_non_edge,169.0,155.0
P47129,Q04003,0,bipartite_non_edge,169.0,155.0
P47129,Q05568,0,bipartite_non_edge,169.0,155.0
P47129,Q12159,0,bipartite_non_edge,169.0,155.0
P47129,Q12263,0,bipartite_non_edge,169.0,155.0
P48361,P53253,0,bipartite_non_edge,169.0,155.0
P48361,P53617,0,bipartite_non_edge,169.0,155.0
P48361,P53886,0,bipartite_non_edge,169.0,155.0
P48361,P54786,0,bipartite_non_edge,169.0,155.0
P48361,Q04868,0,bipartite_non_edge,169.0,155.0
P48361,Q05568,0,bipartite_non_edge,169.0,155.0
P48361,Q06410,0,bipartite_non_edge,169.0,155.0
P48361,Q06706,0,bipartite_non_edge,169.0,155.0
P48361,Q07457,0,bipartite_non_edge,169.0,155.0
P48361,Q12329,0,bipartite_non_edge,169.0,155.0
P50623,P53971,0,bipartite_non_edge,169.0,155.0
P50623,P61829,0,bipartite_non_edge,169.0,155.0
P50623,Q03818,0,bipartite_non_edge,169.0,155.0
P50623,Q05791,0,bipartite_non_edge,169.0,155.0
P50623,Q12102,0,bipartite_non_edge,169.0,155.0
P52891,P57743,0,bipartite_non_edge,169.0,155.0
P52891,Q02908,0,bipartite_non_edge,169.0,155.0
P52891,Q03818,0,bipartite_non_edge,169.0,155.0
P52891,Q03860,0,bipartite_non_edge,169.0,155.0
P52891,Q04921,0,bipartite_non_edge,169.0,155.0
P52891,Q05580,0,bipartite_non_edge,169.0,155.0
P52891,Q06169,0,bipartite_non_edge,169.0,155.0
P52917,P80667,0,bipartite_non_edge,169.0,155.0
P52917,Q02100,0,bipartite_non_edge,169.0,155.0
P52917,Q02908,0,bipartite_non_edge,169.0,155.0
P52917,Q06706,0,bipartite_non_edge,169.0,155.0
P52917,Q12306,0,bipartite_non_edge,169.0,155.0
P52917,Q12329,0,bipartite_non_edge,169.0,155.0
P52917,Q12446,0,bipartite_non_edge,169.0,155.0
P53112,P53886,0,bipartite_non_edge,169.0,155.0
P53112,Q03818,0,bipartite_non_edge,169.0,155.0
P53112,Q03860,0,bipartite_non_edge,169.0,155.0
P53112,Q03954,0,bipartite_non_edge,169.0,155.0
P53112,Q04003,0,bipartite_non_edge,169.0,155.0
P53112,Q12329,0,bipartite_non_edge,169.0,155.0
P53112,Q12446,0,bipartite_non_edge,169.0,155.0
P53184,P57743,0,bipartite_non_edge,169.0,155.0
P53184,Q03654,0,bipartite_non_edge,169.0,155.0
P53184,Q03898,0,bipartite_non_edge,169.0,155.0
P53184,Q05080,0,bipartite_non_edge,169.0,155.0
P53184,Q05568,0,bipartite_non_edge,169.0,155.0
P53184,Q08601,0,bipartite_non_edge,169.0,155.0
P53184,Q12033,0,bipartite_non_edge,169.0,155.0
P53184,Q12066,0,bipartite_non_edge,169.0,155.0
P53184,Q12263,0,bipartite_non_edge,169.0,155.0
P53184,Q12306,0,bipartite_non_edge,169.0,155.0
P53184,Q12329,0,bipartite_non_edge,169.0,155.0
P53184,Q12446,0,bipartite_non_edge,169.0,155.0
P53253,P53895,0,bipartite_non_edge,169.0,155.0
P53253,Q00582,0,bipartite_non_edge,169.0,155.0
P53253,Q03654,0,bipartite_non_edge,169.0,155.0
P53253,Q03860,0,bipartite_non_edge,169.0,155.0
P53253,Q03898,0,bipartite_non_edge,169.0,155.0
P53253,Q05080,0,bipartite_non_edge,169.0,155.0
P53253,Q06440,0,bipartite_non_edge,169.0,155.0
P53253,Q12159,0,bipartite_non_edge,169.0,155.0
P53253,Q12334,0,bipartite_non_edge,169.0,155.0
P53253,Q3E7C1,0,bipartite_non_edge,169.0,155.0
P53253,Q92331,0,bipartite_non_edge,169.0,155.0
P53617,P57743,0,bipartite_non_edge,169.0,155.0
P53617,Q00582,0,bipartite_non_edge,169.0,155.0
P53617,Q00684,0,bipartite_non_edge,169.0,155.0
P53617,Q04868,0,bipartite_non_edge,169.0,155.0
P53617,Q05791,0,bipartite_non_edge,169.0,155.0
P53617,Q06706,0,bipartite_non_edge,169.0,155.0
P53617,Q12084,0,bipartite_non_edge,169.0,155.0
P53617,Q12440,0,bipartite_non_edge,169.0,155.0
P53886,P61829,0,bipartite_non_edge,169.0,155.0
P53886,Q02100,0,bipartite_non_edge,169.0,155.0
P53886,Q02884,0,bipartite_non_edge,169.0,155.0
P53886,Q04003,0,bipartite_non_edge,169.0,155.0
P53886,Q04477,0,bipartite_non_edge,169.0,155.0
P53886,Q05791,0,bipartite_non_edge,169.0,155.0
P53886,Q06708,0,bipartite_non_edge,169.0,155.0
P53886,Q12033,0,bipartite_non_edge,169.0,155.0
P53886,Q12154,0,bipartite_non_edge,169.0,155.0
P53886,Q12263,0,bipartite_non_edge,169.0,155.0
P53886,Q12329,0,bipartite_non_edge,169.0,155.0
P53895,P53971,0,bipartite_non_edge,169.0,155.0
P53895,P80667,0,bipartite_non_edge,169.0,155.0
P53895,Q00684,0,bipartite_non_edge,169.0,155.0
P53895,Q02908,0,bipartite_non_edge,169.0,155.0
P53895,Q03860,0,bipartite_non_edge,169.0,155.0
P53895,Q03954,0,bipartite_non_edge,169.0,155.0
P53895,Q04003,0,bipartite_non_edge,169.0,155.0
P53895,Q05568,0,bipartite_non_edge,169.0,155.0
P53895,Q12020,0,bipartite_non_edge,169.0,155.0
P53895,Q12263,0,bipartite_non_edge,169.0,155.0
P53895,Q12334,0,bipartite_non_edge,169.0,155.0
P53895,Q12446,0,bipartite_non_edge,169.0,155.0
P53971,P54861,0,bipartite_non_edge,169.0,155.0
P53971,Q03654,0,bipartite_non_edge,169.0,155.0
P53971,Q03860,0,bipartite_non_edge,169.0,155.0
P53971,Q04868,0,bipartite_non_edge,169.0,155.0
P53971,Q05580,0,bipartite_non_edge,169.0,155.0
P53971,Q12154,0,bipartite_non_edge,169.0,155.0
P53971,Q12446,0,bipartite_non_edge,169.0,155.0
P54786,Q00684,0,bipartite_non_edge,169.0,155.0
P54786,Q02884,0,bipartite_non_edge,169.0,155.0
P54786,Q03654,0,bipartite_non_edge,169.0,155.0
P54786,Q03954,0,bipartite_non_edge,169.0,155.0
P54786,Q04411,0,bipartite_non_edge,169.0,155.0
P54786,Q04477,0,bipartite_non_edge,169.0,155.0
P54786,Q06706,0,bipartite_non_edge,169.0,155.0
P54786,Q08601,0,bipartite_non_edge,169.0,155.0
P54786,Q12020,0,bipartite_non_edge,169.0,155.0
P54786,Q12329,0,bipartite_non_edge,169.0,155.0
P54786,Q12440,0,bipartite_non_edge,169.0,155.0
P54786,Q92331,0,bipartite_non_edge,169.0,155.0
P54861,P61829,0,bipartite_non_edge,169.0,155.0
P54861,P80667,0,bipartite_non_edge,169.0,155.0
P54861,Q02939,0,bipartite_non_edge,169.0,155.0
P54861,Q04003,0,bipartite_non_edge,169.0,155.0
P54861,Q12020,0,bipartite_non_edge,169.0,155.0
P57743,P81449,0,bipartite_non_edge,169.0,155.0
P57743,Q03818,0,bipartite_non_edge,169.0,155.0
P57743,Q03898,0,bipartite_non_edge,169.0,155.0
P57743,Q03954,0,bipartite_non_edge,169.0,155.0
P57743,Q04003,0,bipartite_non_edge,169.0,155.0
P57743,Q05568,0,bipartite_non_edge,169.0,155.0
P57743,Q12033,0,bipartite_non_edge,169.0,155.0
P57743,Q12365,0,bipartite_non_edge,169.0,155.0
P61829,Q02908,0,bipartite_non_edge,169.0,155.0
P61829,Q04048,0,bipartite_non_edge,169.0,155.0
P61829,Q04477,0,bipartite_non_edge,169.0,155.0
P61829,Q06706,0,bipartite_non_edge,169.0,155.0
P61829,Q12365,0,bipartite_non_edge,169.0,155.0
P80667,Q04003,0,bipartite_non_edge,169.0,155.0
P80667,Q04921,0,bipartite_non_edge,169.0,155.0
P80667,Q06410,0,bipartite_non_edge,169.0,155.0
P80667,Q06440,0,bipartite_non_edge,169.0,155.0
P80667,Q06706,0,bipartite_non_edge,169.0,155.0
P80667,Q06708,0,bipartite_non_edge,169.0,155.0
P80667,Q08581,0,bipartite_non_edge,169.0,155.0
P80667,Q12263,0,bipartite_non_edge,169.0,155.0
P80667,Q12306,0,bipartite_non_edge,169.0,155.0
P81449,Q02908,0,bipartite_non_edge,169.0,155.0
P81449,Q03790,0,bipartite_non_edge,169.0,155.0
P81449,Q03954,0,bipartite_non_edge,169.0,155.0
P81449,Q04048,0,bipartite_non_edge,169.0,155.0
P81449,Q04477,0,bipartite_non_edge,169.0,155.0
P81449,Q05568,0,bipartite_non_edge,169.0,155.0
P81449,Q06169,0,bipartite_non_edge,169.0,155.0
P81449,Q12134,0,bipartite_non_edge,169.0,155.0
P81449,Q12306,0,bipartite_non_edge,169.0,155.0
P81449,Q12329,0,bipartite_non_edge,169.0,155.0
Q00582,Q00684,0,bipartite_non_edge,169.0,155.0
Q00582,Q03790,0,bipartite_non_edge,169.0,155.0
Q00582,Q03954,0,bipartite_non_edge,169.0,155.0
Q00582,Q04411,0,bipartite_non_edge,169.0,155.0
Q00582,Q04477,0,bipartite_non_edge,169.0,155.0
Q00582,Q04921,0,bipartite_non_edge,169.0,155.0
Q00582,Q07457,0,bipartite_non_edge,169.0,155.0
Q00582,Q08601,0,bipartite_non_edge,169.0,155.0
Q00582,Q12134,0,bipartite_non_edge,169.0,155.0
Q00582,Q12263,0,bipartite_non_edge,169.0,155.0
Q00582,Q12329,0,bipartite_non_edge,169.0,155.0
Q00582,Q12334,0,bipartite_non_edge,169.0,155.0
Q00582,Q92331,0,bipartite_non_edge,169.0,155.0
Q00684,Q03954,0,bipartite_non_edge,169.0,155.0
Q00684,Q04921,0,bipartite_non_edge,169.0,155.0
Q00684,Q06410,0,bipartite_non_edge,169.0,155.0
Q00684,Q06675,0,bipartite_non_edge,169.0,155.0
Q00684,Q07457,0,bipartite_non_edge,169.0,155.0
Q00684,Q12102,0,bipartite_non_edge,169.0,155.0
Q00684,Q12154,0,bipartite_non_edge,169.0,155.0
Q00684,Q12334,0,bipartite_non_edge,169.0,155.0
Q00684,Q12440,0,bipartite_non_edge,169.0,155.0
Q00684,Q92331,0,bipartite_non_edge,169.0,155.0
Q02100,Q03654,0,bipartite_non_edge,169.0,155.0
Q02100,Q05568,0,bipartite_non_edge,169.0,155.0
Q02100,Q06706,0,bipartite_non_edge,169.0,155.0
Q02100,Q12066,0,bipartite_non_edge,169.0,155.0
Q02100,Q12306,0,bipartite_non_edge,169.0,155.0
Q02100,Q12329,0,bipartite_non_edge,169.0,155.0
Q02100,Q12446,0,bipartite_non_edge,169.0,155.0
Q02884,Q02939,0,bipartite_non_edge,169.0,155.0
Q02884,Q04003,0,bipartite_non_edge,169.0,155.0
Q02884,Q12134,0,bipartite_non_edge,169.0,155.0
Q02884,Q12159,0,bipartite_non_edge,169.0,155.0
Q02884,Q12446,0,bipartite_non_edge,169.0,155.0
Q02908,Q03860,0,bipartite_non_edge,169.0,155.0
Q02908,Q06708,0,bipartite_non_edge,169.0,155.0
Q02908,Q12102,0,bipartite_non_edge,169.0,155.0
Q02908,Q12159,0,bipartite_non_edge,169.0,155.0
Q02908,Q12263,0,bipartite_non_edge,169.0,155.0
Q02908,Q12306,0,bipartite_non_edge,169.0,155.0
Q02939,Q03818,0,bipartite_non_edge,169.0,155.0
Q02939,Q03860,0,bipartite_non_edge,169.0,155.0
Q02939,Q04003,0,bipartite_non_edge,169.0,155.0
Q02939,Q04048,0,bipartite_non_edge,169.0,155.0
Q02939,Q04411,0,bipartite_non_edge,169.0,155.0
Q02939,Q06675,0,bipartite_non_edge,169.0,155.0
Q02939,Q06708,0,bipartite_non_edge,169.0,155.0
Q02939,Q12033,0,bipartite_non_edge,169.0,155.0
Q02939,Q12084,0,bipartite_non_edge,169.0,155.0
Q02939,Q12134,0,bipartite_non_edge,169.0,155.0
Q02939,Q12263,0,bipartite_non_edge,169.0,155.0
Q02939,Q12365,0,bipartite_non_edge,169.0,155.0
Q03654,Q03790,0,bipartite_non_edge,169.0,155.0
Q03654,Q03860,0,bipartite_non_edge,169.0,155.0
Q03654,Q03954,0,bipartite_non_edge,169.0,155.0
Q03654,Q04003,0,bipartite_non_edge,169.0,155.0
Q03654,Q04921,0,bipartite_non_edge,169.0,155.0
Q03654,Q05568,0,bipartite_non_edge,169.0,155.0
Q03654,Q06440,0,bipartite_non_edge,169.0,155.0
Q03654,Q06708,0,bipartite_non_edge,169.0,155.0
Q03654,Q12334,0,bipartite_non_edge,169.0,155.0
Q03790,Q03818,0,bipartite_non_edge,169.0,155.0
Q03790,Q06410,0,bipartite_non_edge,169.0,155.0
Q03790,Q06706,0,bipartite_non_edge,169.0,155.0
Q03790,Q07457,0,bipartite_non_edge,169.0,155.0
Q03790,Q12329,0,bipartite_non_edge,169.0,155.0
Q03790,Q12390,0,bipartite_non_edge,169.0,155.0
Q03818,Q03860,0,bipartite_non_edge,169.0,155.0
Q03818,Q03898,0,bipartite_non_edge,169.0,155.0
Q03818,Q04048,0,bipartite_non_edge,169.0,155.0
Q03818,Q05568,0,bipartite_non_edge,169.0,155.0
Q03818,Q06410,0,bipartite_non_edge,169.0,155.0
Q03818,Q06708,0,bipartite_non_edge,169.0,155.0
Q03818,Q12066,0,bipartite_non_edge,169.0,155.0
Q03860,Q05568,0,bipartite_non_edge,169.0,155.0
Q03898,Q04003,0,bipartite_non_edge,169.0,155.0
Q03898,Q04477,0,bipartite_non_edge,169.0,155.0
Q03898,Q12263,0,bipartite_non_edge,169.0,155.0
Q03898,Q12446,0,bipartite_non_edge,169.0,155.0
Q03898,Q3E7C1,0,bipartite_non_edge,169.0,155.0
Q03954,Q04411,0,bipartite_non_edge,169.0,155.0
Q03954,Q04477,0,bipartite_non_edge,169.0,155.0
Q03954,Q06440,0,bipartite_non_edge,169.0,155.0
Q03954,Q12020,0,bipartite_non_edge,169.0,155.0
Q03954,Q12033,0,bipartite_non_edge,169.0,155.0
Q03954,Q12066,0,bipartite_non_edge,169.0,155.0
Q03954,Q12134,0,bipartite_non_edge,169.0,155.0
Q03954,Q12329,0,bipartite_non_edge,169.0,155.0
Q04003,Q05080,0,bipartite_non_edge,169.0,155.0
Q04003,Q05580,0,bipartite_non_edge,169.0,155.0
Q04003,Q06410,0,bipartite_non_edge,169.0,155.0
Q04003,Q06708,0,bipartite_non_edge,169.0,155.0
Q04003,Q07457,0,bipartite_non_edge,169.0,155.0
Q04003,Q12306,0,bipartite_non_edge,169.0,155.0
Q04048,Q05580,0,bipartite_non_edge,169.0,155.0
Q04048,Q08601,0,bipartite_non_edge,169.0,155.0
Q04048,Q12066,0,bipartite_non_edge,169.0,155.0
Q04048,Q12084,0,bipartite_non_edge,169.0,155.0
Q04048,Q12102,0,bipartite_non_edge,169.0,155.0
Q04048,Q3E7C1,0,bipartite_non_edge,169.0,155.0
Q04411,Q05080,0,bipartite_non_edge,169.0,155.0
Q04411,Q05568,0,bipartite_non_edge,169.0,155.0
Q04411,Q05580,0,bipartite_non_edge,169.0,155.0
Q04411,Q08581,0,bipartite_non_edge,169.0,155.0
Q04411,Q08601,0,bipartite_non_edge,169.0,155.0
Q04477,Q04921,0,bipartite_non_edge,169.0,155.0
Q04477,Q06410,0,bipartite_non_edge,169.0,155.0
Q04477,Q12134,0,bipartite_non_edge,169.0,155.0
Q04477,Q12154,0,bipartite_non_edge,169.0,155.0
Q04868,Q05080,0,bipartite_non_edge,169.0,155.0
Q04868,Q05568,0,bipartite_non_edge,169.0,155.0
Q04868,Q05580,0,bipartite_non_edge,169.0,155.0
Q04868,Q06410,0,bipartite_non_edge,169.0,155.0
Q04868,Q12084,0,bipartite_non_edge,169.0,155.0
Q04868,Q12306,0,bipartite_non_edge,169.0,155.0
Q04921,Q08601,0,bipartite_non_edge,169.0,155.0
Q04921,Q12020,0,bipartite_non_edge,169.0,155.0
Q04921,Q12033,0,bipartite_non_edge,169.0,155.0
Q04921,Q12134,0,bipartite_non_edge,169.0,155.0
Q04921,Q12306,0,bipartite_non_edge,169.0,155.0
Q05080,Q12020,0,bipartite_non_edge,169.0,155.0
Q05080,Q12033,0,bipartite_non_edge,169.0,155.0
Q05080,Q12084,0,bipartite_non_edge,169.0,155.0
Q05080,Q12102,0,bipartite_non_edge,169.0,155.0
Q05080,Q12390,0,bipartite_non_edge,169.0,155.0
Q05080,Q3E7C1,0,bipartite_non_edge,169.0,155.0
Q05568,Q06706,0,bipartite_non_edge,169.0,155.0
Q05568,Q12084,0,bipartite_non_edge,169.0,155.0
Q05568,Q12134,0,bipartite_non_edge,169.0,155.0
Q05568,Q12263,0,bipartite_non_edge,169.0,155.0
Q05568,Q12334,0,bipartite_non_edge,169.0,155.0
Q05580,Q06169,0,bipartite_non_edge,169.0,155.0
Q05580,Q06410,0,bipartite_non_edge,169.0,155.0
Q05580,Q07457,0,bipartite_non_edge,169.0,155.0
Q05580,Q08601,0,bipartite_non_edge,169.0,155.0
Q05580,Q12084,0,bipartite_non_edge,169.0,155.0
Q05580,Q12159,0,bipartite_non_edge,169.0,155.0
Q05580,Q12329,0,bipartite_non_edge,169.0,155.0
Q05791,Q06169,0,bipartite_non_edge,169.0,155.0
Q05791,Q06704,0,bipartite_non_edge,169.0,155.0
Q05791,Q12134,0,bipartite_non_edge,169.0,155.0
Q05791,Q12159,0,bipartite_non_edge,169.0,155.0
Q05791,Q12306,0,bipartite_non_edge,169.0,155.0
Q06169,Q06675,0,bipartite_non_edge,169.0,155.0
Q06169,Q07457,0,bipartite_non_edge,169.0,155.0
Q06169,Q08581,0,bipartite_non_edge,169.0,155.0
Q06410,Q08601,0,bipartite_non_edge,169.0,155.0
Q06410,Q12020,0,bipartite_non_edge,169.0,155.0
Q06410,Q12033,0,bipartite_non_edge,169.0,155.0
Q06410,Q12159,0,bipartite_non_edge,169.0,155.0
Q06410,Q12263,0,bipartite_non_edge,169.0,155.0
Q06410,Q12306,0,bipartite_non_edge,169.0,155.0
Q06440,Q12154,0,bipartite_non_edge,169.0,155.0
Q06440,Q3E7C1,0,bipartite_non_edge,169.0,155.0
Q06675,Q12020,0,bipartite_non_edge,169.0,155.0
Q06675,Q12154,0,bipartite_non_edge,169.0,155.0
Q06675,Q12306,0,bipartite_non_edge,169.0,155.0
Q06675,Q92331,0,bipartite_non_edge,169.0,155.0
Q06704,Q12440,0,bipartite_non_edge,169.0,155.0
Q06704,Q3E7C1,0,bipartite_non_edge,169.0,155.0
Q06706,Q12033,0,bipartite_non_edge,169.0,155.0
Q06706,Q12134,0,bipartite_non_edge,169.0,155.0
Q06706,Q12154,0,bipartite_non_edge,169.0,155.0
Q06706,Q12159,0,bipartite_non_edge,169.0,155.0
Q06706,Q3E7C1,0,bipartite_non_edge,169.0,155.0
Q06708,Q12066,0,bipartite_non_edge,169.0,155.0
Q06708,Q12446,0,bipartite_non_edge,169.0,155.0
Q07457,Q12084,0,bipartite_non_edge,169.0,155.0
Q07457,Q12102,0,bipartite_non_edge,169.0,155.0
Q07457,Q12134,0,bipartite_non_edge,169.0,155.0
Q08581,Q12102,0,bipartite_non_edge,169.0,155.0
Q08581,Q12440,0,bipartite_non_edge,169.0,155.0
Q08601,Q12159,0,bipartite_non_edge,169.0,155.0
Q08601,Q12263,0,bipartite_non_edge,169.0,155.0
Q08601,Q12446,0,bipartite_non_edge,169.0,155.0
Q08601,Q92331,0,bipartite_non_edge,169.0,155.0
Q12020,Q12329,0,bipartite_non_edge,169.0,155.0
Q12020,Q12365,0,bipartite_non_edge,169.0,155.0
Q12033,Q12066,0,bipartite_non_edge,169.0,155.0
Q12033,Q12084,0,bipartite_non_edge,169.0,155.0
Q12033,Q92331,0,bipartite_non_edge,169.0,155.0
Q12066,Q12134,0,bipartite_non_edge,169.0,155.0
Q12066,Q12263,0,bipartite_non_edge,169.0,155.0
Q12066,Q12334,0,bipartite_non_edge,169.0,155.0
Q12084,Q12263,0,bipartite_non_edge,169.0,155.0
Q12084,Q12306,0,bipartite_non_edge,169.0,155.0
Q12084,Q12365,0,bipartite_non_edge,169.0,155.0
Q12134,Q12159,0,bipartite_non_edge,169.0,155.0
Q12154,Q12159,0,bipartite_non_edge,169.0,155.0
Q12154,Q12329,0,bipartite_non_edge,169.0,155.0
Q12154,Q12440,0,bipartite_non_edge,169.0,155.0
Q12159,Q12306,0,bipartite_non_edge,169.0,155.0
Q12263,Q3E7C1,0,bipartite_non_edge,169.0,155.0
Q12329,Q12390,0,bipartite_non_edge,169.0,155.0
Q12334,Q12446,0,bipartite_non_edge,169.0,155.0
Q12365,Q12440,0,bipartite_non_edge,169.0,155.0
Q12365,Q92331,0,bipartite_non_edge,169.0,155.0
