Protein Identifier,VS111,VS211,VS311,VS411,VS511,VS611,VS711,VS121,VS221,VS321,VS421,VS521,VS621,VS721,VS131,VS231,VS331,VS431,VS531,VS631,VS731,VS141,VS241,VS341,VS441,VS541,VS641,VS741,VS151,VS251,VS351,VS451,VS551,VS651,VS751,VS161,VS261,VS361,VS461,VS561,VS661,VS761,VS171,VS271,VS371,VS471,VS571,VS671,VS771,VS112,VS212,VS312,VS412,VS512,VS612,VS712,VS122,VS222,VS322,VS422,VS522,VS622,VS722,VS132,VS232,VS332,VS432,VS532,VS632,VS732,VS142,VS242,VS342,VS442,VS542,VS642,VS742,VS152,VS252,VS352,VS452,VS552,VS652,VS752,VS162,VS262,VS362,VS462,VS562,VS662,VS762,VS172,VS272,VS372,VS472,VS572,VS672,VS772,VS113,VS213,VS313,VS413,VS513,VS613,VS713,VS123,VS223,VS323,VS423,VS523,VS623,VS723,VS133,VS233,VS333,VS433,VS533,VS633,VS733,VS143,VS243,VS343,VS443,VS543,VS643,VS743,VS153,VS253,VS353,VS453,VS553,VS653,VS753,VS163,VS263,VS363,VS463,VS563,VS663,VS763,VS173,VS273,VS373,VS473,VS573,VS673,VS773,VS114,VS214,VS314,VS414,VS514,VS614,VS714,VS124,VS224,VS324,VS424,VS524,VS624,VS724,VS134,VS234,VS334,VS434,VS534,VS634,VS734,VS144,VS244,VS344,VS444,VS544,VS644,VS744,VS154,VS254,VS354,VS454,VS554,VS654,VS754,VS164,VS264,VS364,VS464,VS564,VS664,VS764,VS174,VS274,VS374,VS474,VS574,VS674,VS774,VS115,VS215,VS315,VS415,VS515,VS615,VS715,VS125,VS225,VS325,VS425,VS525,VS625,VS725,VS135,VS235,VS335,VS435,VS535,VS635,VS735,VS145,VS245,VS345,VS445,VS545,VS645,VS745,VS155,VS255,VS355,VS455,VS555,VS655,VS755,VS165,VS265,VS365,VS465,VS565,VS665,VS765,VS175,VS275,VS375,VS475,VS575,VS675,VS775,VS116,VS216,VS316,VS416,VS516,VS616,VS716,VS126,VS226,VS326,VS426,VS526,VS626,VS726,VS136,VS236,VS336,VS436,VS536,VS636,VS736,VS146,VS246,VS346,VS446,VS546,VS646,VS746,VS156,VS256,VS356,VS456,VS556,VS656,VS756,VS166,VS266,VS366,VS466,VS566,VS666,VS766,VS176,VS276,VS376,VS476,VS576,VS676,VS776,VS117,VS217,VS317,VS417,VS517,VS617,VS717,VS127,VS227,VS327,VS427,VS527,VS627,VS727,VS137,VS237,VS337,VS437,VS537,VS637,VS737,VS147,VS247,VS347,VS447,VS547,VS647,VS747,VS157,VS257,VS357,VS457,VS557,VS657,VS757,VS167,VS267,VS367,VS467,VS567,VS667,VS767,VS177,VS277,VS377,VS477,VS577,VS677,VS777
Q9BYF1,8,6,7,5,2,3,0,4,10,8,1,1,6,0,8,9,3,2,2,5,0,2,4,4,2,3,4,1,5,3,3,3,0,2,0,1,1,5,7,1,3,0,0,0,0,0,0,0,0,4,9,7,3,1,4,0,7,12,10,8,7,6,2,6,7,13,12,3,0,0,5,7,5,3,2,3,2,5,7,1,3,1,3,0,4,5,4,3,1,3,2,1,0,0,0,0,1,0,5,5,3,5,2,3,0,2,10,8,6,3,4,0,2,5,8,10,3,4,0,5,8,3,6,5,6,0,3,6,2,1,0,1,0,3,1,2,7,0,3,0,0,0,1,0,0,0,0,6,4,4,4,2,3,0,7,8,2,6,8,4,0,2,5,2,5,0,4,0,3,5,2,1,2,4,0,4,5,1,2,2,2,0,5,2,3,3,3,3,0,2,1,0,0,0,0,0,3,2,4,3,4,1,0,6,9,4,4,1,2,0,1,1,3,1,2,1,1,4,1,2,1,2,0,0,0,0,3,0,2,1,0,4,2,0,1,1,1,0,0,0,0,0,0,0,0,4,3,4,0,4,4,0,1,3,8,2,0,0,0,4,5,3,3,3,2,0,4,10,2,4,2,2,0,0,5,0,0,1,0,0,2,3,6,2,0,1,0,0,0,1,0,1,0,0,1,1,0,0,1,0,0,1,0,0,0,0,0,0,0,1,1,0,0,0,0,0,0,0,0,0,0,0,0,0,0,1,0,0,0,0,0,0,1,0,0,0,0,0,0,0,0,0,0
P0DTC2,13,15,7,6,6,8,1,16,19,14,9,2,7,1,12,9,15,10,1,1,1,2,12,8,4,1,2,1,2,9,4,3,2,3,0,5,3,3,6,1,1,1,2,4,1,2,1,2,0,14,14,15,9,3,4,4,10,26,10,10,7,14,2,10,7,9,15,5,6,4,9,12,15,5,9,2,0,6,2,8,2,3,2,1,6,8,7,5,8,3,2,1,2,1,0,0,1,0,14,14,13,10,5,1,2,12,8,12,14,3,6,1,16,11,10,9,5,4,2,6,13,13,5,3,3,0,2,4,5,2,3,2,0,6,4,4,2,0,2,0,0,2,0,3,2,2,3,3,9,6,3,3,2,3,15,12,3,8,9,4,0,15,12,10,5,6,2,2,8,1,6,1,2,1,0,6,5,1,2,0,2,0,4,1,3,1,0,0,0,0,3,0,0,0,0,0,4,8,2,1,1,3,1,6,7,7,5,0,2,1,4,9,3,3,0,3,0,1,4,4,3,1,0,0,0,3,3,2,1,0,0,1,6,1,2,0,0,0,0,0,0,0,0,0,1,7,8,4,1,3,2,1,2,6,6,4,3,4,0,1,8,8,1,1,2,1,1,8,4,0,0,1,2,4,4,0,1,0,1,0,1,3,1,0,1,2,0,1,0,0,1,0,1,0,1,0,2,0,2,0,0,2,1,5,2,0,2,0,1,0,1,0,0,0,2,2,1,2,1,0,0,0,0,1,1,1,0,0,0,3,0,3,0,0,0,0,1,1,2,0,0,0,0
P68400,5,4,1,1,3,0,0,6,5,8,4,4,2,0,0,1,6,0,1,0,0,0,1,2,1,0,4,0,4,3,1,0,0,1,0,0,2,2,0,2,0,0,0,0,0,0,0,0,0,1,6,4,1,3,3,0,1,1,2,2,4,5,0,4,4,4,2,2,1,1,1,2,3,1,1,3,0,3,5,1,1,3,2,0,2,4,3,1,3,1,0,0,0,0,0,0,0,0,3,6,1,1,1,1,0,4,1,3,3,2,2,0,5,3,4,3,1,1,0,3,0,3,2,1,1,1,2,1,2,0,0,1,0,1,2,4,2,1,1,0,1,0,0,0,0,0,0,2,2,1,3,0,1,0,2,1,0,0,2,0,0,0,4,0,1,1,6,0,3,1,1,1,0,2,0,1,1,0,0,1,0,0,1,4,4,2,1,0,0,0,0,1,0,0,0,0,2,7,1,2,2,1,0,0,4,1,1,3,4,0,2,1,0,2,0,0,0,0,0,2,0,0,1,0,2,2,1,1,3,0,0,0,2,0,2,0,0,0,0,0,0,0,0,0,0,1,3,0,0,0,0,0,5,3,4,1,0,1,0,2,2,4,3,1,2,0,2,1,1,2,1,1,0,3,1,0,1,2,0,0,0,0,1,1,0,0,0,0,0,0,0,0,0,0,0,1,0,0,0,0,0,0,0,0,0,0,0,0,0,0,0,0,0,1,0,0,0,0,0,0,0,0,0,0,0,0,0,0,0,0,0,0,0,0,0,0,0,0,0,0,0,0,0
Q8NFJ9,9,8,3,2,2,5,1,15,8,4,2,3,1,3,5,6,1,3,2,1,0,4,7,0,1,1,0,0,1,7,2,4,0,1,0,3,5,4,2,2,1,0,1,1,0,0,0,0,0,6,14,4,5,10,4,0,12,6,11,3,2,5,1,2,10,5,9,1,6,0,4,4,1,1,4,0,0,1,9,4,0,1,1,0,3,4,3,2,2,1,0,2,1,2,0,0,0,0,8,4,2,1,1,1,1,6,9,3,1,5,4,0,4,5,8,1,1,1,0,5,6,1,2,1,2,0,2,2,0,1,2,0,0,3,3,3,1,3,0,0,0,0,0,0,0,0,0,2,3,5,2,1,3,0,4,4,4,2,3,2,0,1,3,2,0,1,1,0,2,2,0,2,0,2,0,0,0,3,0,2,0,1,1,2,2,0,0,1,0,0,0,0,0,0,0,0,1,2,2,1,1,1,0,3,9,8,3,2,2,0,2,1,2,2,1,2,0,1,0,3,1,0,1,0,1,5,0,0,0,0,0,0,0,0,0,2,1,0,1,0,0,0,0,0,0,2,4,2,2,0,2,0,2,4,2,3,1,1,1,3,3,2,2,0,2,0,0,0,3,1,0,1,0,3,4,1,1,1,1,0,2,0,0,0,2,1,0,0,0,0,0,0,0,0,1,1,1,0,0,1,0,1,0,1,0,0,0,0,1,0,0,0,1,0,0,0,0,0,0,0,0,0,0,0,0,0,0,0,0,0,0,0,0,0,0,0,0,0,0,0,0,0,0
Q3SYG4,6,7,1,5,4,7,0,10,12,6,4,3,4,2,7,10,5,2,6,2,1,6,6,3,2,3,7,0,3,4,1,2,0,1,0,5,7,5,1,1,1,0,0,1,0,0,0,0,0,6,11,5,5,3,1,0,8,14,12,9,7,6,2,17,6,6,5,2,6,1,7,10,5,3,4,2,0,6,7,4,4,4,3,1,1,6,5,3,5,6,0,2,6,2,0,0,0,0,5,10,17,4,1,5,1,2,7,8,6,8,4,2,6,4,4,4,3,4,2,1,8,1,3,0,3,2,1,2,6,4,1,2,0,3,4,2,5,1,2,0,2,0,1,1,0,0,0,3,5,2,6,0,3,0,9,8,8,4,3,4,2,5,4,2,1,2,2,0,2,4,1,2,0,5,1,0,1,1,1,2,3,0,6,4,3,0,3,2,1,1,0,1,1,0,0,0,6,3,2,0,3,0,0,0,7,4,3,3,3,1,1,6,5,3,1,1,0,1,4,3,4,0,0,0,1,2,2,1,0,1,0,4,1,3,1,1,1,1,0,0,0,1,0,0,0,2,4,5,6,0,4,0,2,6,5,5,3,4,0,7,4,5,3,1,2,0,2,4,3,0,1,2,0,3,5,3,0,0,2,0,2,3,3,2,2,2,0,0,1,1,0,0,0,0,2,1,1,1,0,0,0,0,4,0,0,2,1,1,0,3,1,0,1,0,0,0,2,0,1,0,0,0,0,0,0,0,0,0,0,0,0,0,0,0,0,0,0,0,0,0,0,0,0
Q9BXC9,7,9,3,3,6,3,0,7,14,4,1,1,6,1,6,7,6,4,2,1,1,1,6,3,6,1,2,0,4,6,3,3,1,1,0,9,1,6,2,3,1,0,0,0,0,1,0,0,0,3,6,3,7,6,5,1,9,7,10,6,0,10,1,7,6,7,3,1,1,0,7,4,5,5,1,1,0,3,6,3,3,0,0,0,7,6,8,2,3,5,1,1,3,1,0,0,0,0,7,9,6,4,1,4,0,4,5,1,5,7,4,3,3,9,4,2,4,3,0,4,8,4,2,1,1,0,2,4,6,0,0,2,0,5,2,2,2,1,2,0,0,0,0,0,0,0,1,7,4,4,1,2,2,0,5,6,4,6,1,4,0,4,2,2,3,2,4,0,3,5,2,2,4,0,1,0,4,3,0,1,0,0,3,0,0,0,1,1,0,0,0,0,0,1,0,0,2,2,1,2,0,3,0,2,7,3,3,6,5,0,4,3,3,2,2,3,0,2,2,2,1,1,0,0,1,1,0,1,0,0,0,1,0,2,0,0,0,0,1,0,0,0,0,0,0,5,4,9,1,3,5,0,3,3,2,1,0,3,0,6,2,2,6,3,2,0,2,1,1,1,0,1,0,0,4,2,1,1,0,1,2,3,3,0,1,1,0,0,1,0,0,0,0,0,0,0,1,1,0,0,0,1,1,2,1,0,0,0,1,0,0,0,0,0,0,1,0,0,0,0,0,0,0,1,0,0,0,0,0,0,0,0,0,0,0,0,0,1,0,0,0,0,0
Q8IWZ6,7,6,3,4,2,5,1,5,9,3,1,3,4,1,4,6,2,3,1,3,0,2,4,2,2,0,2,2,0,4,3,2,5,1,0,6,6,3,4,2,3,0,1,0,0,0,0,1,0,7,7,4,2,5,6,0,7,13,5,6,5,8,3,5,10,7,5,2,3,0,3,6,7,0,2,4,0,2,9,4,1,1,8,0,0,5,6,3,2,3,0,0,3,1,1,0,0,0,5,4,6,3,3,6,1,4,5,9,6,6,0,0,9,6,5,3,1,4,0,4,3,2,4,3,2,0,2,4,0,3,0,0,0,2,7,4,1,2,1,1,0,0,0,0,0,0,0,0,1,2,2,1,4,0,5,5,7,4,4,3,0,3,2,2,4,1,6,0,0,5,3,0,0,2,0,3,1,1,0,2,1,0,2,5,2,1,2,0,0,1,0,1,0,1,0,0,3,3,1,2,2,1,0,6,1,4,3,3,3,0,3,3,6,1,1,1,0,0,3,2,2,1,0,0,2,0,5,0,2,1,0,3,3,0,6,0,0,0,0,0,0,0,0,1,0,4,4,3,1,2,2,0,2,13,4,2,4,1,1,3,3,5,1,2,1,0,1,7,1,2,2,2,1,3,2,1,2,0,1,1,2,1,1,1,2,0,0,0,0,2,0,0,0,0,1,1,0,0,0,0,0,2,1,0,0,0,0,0,1,0,1,1,1,0,0,0,0,1,0,0,0,0,0,0,1,0,0,0,0,1,0,0,0,0,0,1,0,0,0,0,0,0,0
Q96RK4,8,5,5,2,5,3,2,4,7,3,5,3,1,0,2,3,1,3,2,3,0,3,1,2,3,2,1,0,0,0,2,3,5,2,1,2,5,1,1,0,0,0,1,0,1,0,0,0,0,10,4,2,6,4,1,0,5,7,6,6,2,3,1,2,6,5,2,2,2,1,4,7,4,4,1,5,1,2,1,3,3,0,0,0,4,5,2,2,1,1,0,0,0,2,0,0,0,0,4,4,1,1,2,2,0,7,7,3,2,0,5,0,4,5,5,2,0,2,0,3,4,2,2,0,2,0,1,2,3,0,1,0,0,2,2,3,3,1,0,1,1,0,0,0,0,0,0,1,6,2,0,2,1,0,4,3,3,8,2,0,0,2,6,3,2,1,2,0,0,4,4,2,2,0,0,1,3,1,1,1,1,0,1,4,1,1,3,0,0,0,0,0,0,1,0,0,2,4,0,1,0,0,0,1,2,2,3,1,1,1,3,2,1,2,2,0,0,1,2,2,1,2,1,0,2,2,1,1,1,2,0,1,3,1,0,1,1,0,1,0,0,0,0,0,0,3,0,5,2,0,1,0,5,4,3,2,1,5,0,0,1,3,1,0,3,0,1,2,2,0,1,1,0,1,3,0,1,1,0,0,1,1,0,0,0,0,0,0,1,0,0,0,0,0,2,0,0,0,0,1,0,1,0,0,0,0,0,0,1,1,0,1,0,0,0,0,0,0,0,0,0,0,0,0,0,0,0,1,0,0,0,0,0,0,0,0,0,0,0,0,0,0,0
Q15154,8,14,15,7,0,5,0,9,11,18,6,4,13,2,14,19,12,7,11,9,0,7,6,7,1,6,9,1,4,4,5,2,3,4,0,3,3,14,6,8,12,0,0,0,1,2,0,1,0,6,8,12,7,6,7,1,7,10,10,15,15,11,3,16,12,14,10,6,16,2,6,12,17,14,12,10,0,4,5,4,8,10,12,1,11,7,9,15,7,12,2,3,2,1,3,0,0,0,15,16,18,5,5,11,1,14,13,21,15,7,13,2,13,15,19,9,10,10,2,10,11,11,10,4,4,1,8,6,9,12,6,6,2,11,9,15,7,9,12,1,1,2,0,1,1,0,0,12,7,12,5,2,3,0,9,14,10,9,10,10,0,12,17,16,8,2,10,0,6,13,12,17,8,8,0,5,10,8,6,12,4,0,7,9,10,12,4,9,0,0,1,0,1,1,0,0,4,8,4,7,3,6,1,3,9,7,12,5,5,1,4,8,5,6,11,6,0,4,7,8,7,11,8,1,6,6,6,10,9,3,1,5,7,7,6,4,5,0,0,1,1,1,1,1,0,4,10,10,6,6,12,1,5,12,8,13,2,9,1,12,13,11,10,9,13,0,5,13,8,11,4,12,0,6,10,7,7,1,5,1,12,14,13,7,4,34,0,0,1,1,1,0,0,0,0,0,2,0,0,2,0,0,2,1,1,1,2,0,0,1,1,1,0,0,1,3,0,2,4,0,0,0,0,1,1,1,0,0,0,0,1,0,0,1,0,0,0,0,0,0,0,0,0
Q8N3I7,0,2,3,1,0,0,0,6,2,2,2,3,3,0,3,2,3,1,2,1,0,1,3,1,2,0,2,0,0,1,2,2,0,1,0,2,2,3,1,2,1,0,0,0,0,0,0,0,0,0,9,3,1,0,6,0,2,4,4,1,4,1,1,5,3,0,2,1,2,0,1,3,2,1,1,1,0,3,6,4,0,0,4,0,1,3,0,0,3,1,0,0,0,0,1,0,1,0,3,3,2,3,2,1,0,5,5,0,2,0,1,0,2,3,0,1,1,2,0,4,1,0,3,0,0,1,0,2,3,0,0,0,0,1,3,2,2,1,1,0,0,0,0,0,0,0,0,2,1,2,2,3,2,0,2,4,4,1,3,1,0,2,2,1,1,0,0,0,4,2,1,0,1,0,0,0,0,0,2,0,0,0,1,0,1,1,0,0,0,0,0,0,0,1,0,0,0,0,1,1,1,1,0,1,0,2,3,4,1,0,0,2,4,2,1,2,0,2,1,0,1,0,0,0,0,0,0,0,0,0,0,2,1,1,1,0,2,0,0,0,0,0,0,0,0,1,3,1,1,0,1,0,3,2,1,0,3,1,1,2,1,1,2,0,3,0,0,5,1,1,0,0,0,1,2,1,0,0,2,0,0,1,2,2,0,0,0,0,0,0,0,0,0,0,0,0,0,0,0,0,0,0,0,0,0,0,0,0,0,0,0,0,0,0,0,0,0,1,0,0,0,0,0,0,1,0,0,0,0,0,1,0,0,0,0,0,0,0,0,0,0,0,0
Q8TAM2,3,2,3,4,0,3,0,6,4,3,9,8,2,1,3,2,4,4,2,2,0,3,0,4,2,2,4,0,4,1,0,1,1,1,0,4,2,1,2,2,2,0,0,2,0,0,0,0,0,6,5,4,5,4,4,1,5,5,4,4,6,2,0,5,3,8,1,3,2,0,3,8,2,6,2,2,0,7,6,2,1,2,2,0,2,4,2,1,0,1,0,1,0,0,1,0,0,1,0,9,5,0,1,2,0,6,4,4,3,3,0,1,6,6,4,3,2,3,1,2,3,3,3,0,2,0,1,3,1,2,0,1,0,5,2,3,1,0,1,0,0,1,0,0,1,0,0,2,6,1,1,2,1,0,3,5,1,1,2,2,0,3,3,2,3,0,3,1,4,2,5,4,3,1,0,0,6,0,1,0,2,0,3,2,4,2,1,1,0,0,0,0,0,0,0,0,2,5,3,1,1,1,0,5,5,3,2,1,0,1,0,3,3,1,0,1,0,1,1,1,1,1,0,0,0,1,2,0,2,0,0,1,4,1,0,0,0,0,0,0,0,0,0,0,0,2,5,1,4,0,2,1,3,2,6,3,0,3,0,0,4,5,1,1,1,0,0,0,0,2,1,4,0,0,0,3,0,0,0,0,0,3,1,1,0,1,0,0,0,0,0,0,0,0,0,1,0,0,0,0,0,1,1,0,1,0,1,0,0,0,0,0,0,0,0,0,0,0,1,0,0,0,1,0,0,0,0,0,0,0,0,0,0,0,0,0,0,1,0,0,0,0,0
Q9NQ48,2,0,2,2,0,1,0,0,1,0,1,4,1,0,2,0,0,4,1,0,0,1,3,2,0,0,2,0,0,2,0,0,1,2,0,0,1,2,2,0,1,0,0,0,0,0,0,0,0,1,2,0,3,2,2,0,2,2,0,1,1,7,0,0,1,0,1,3,1,0,0,1,1,0,1,3,0,0,4,5,0,3,1,0,4,1,5,4,6,0,0,0,0,1,0,0,0,0,2,1,1,1,0,2,0,0,1,1,0,0,3,0,1,1,1,1,0,0,0,2,4,0,1,2,1,0,1,4,0,2,0,2,0,2,0,0,0,1,1,0,0,0,0,0,0,0,0,1,2,0,1,2,0,0,5,3,1,1,3,3,1,1,1,2,0,0,0,0,1,1,0,2,0,2,0,1,1,1,0,1,1,0,0,4,1,3,0,2,0,0,0,0,0,0,0,0,0,1,1,0,0,0,0,2,4,1,1,4,2,0,2,1,1,1,3,1,0,0,2,1,2,0,1,0,0,1,2,1,1,1,0,2,3,0,2,0,1,0,0,0,0,0,0,0,0,1,1,4,1,1,1,0,1,2,3,2,1,4,0,1,1,0,3,2,1,0,2,6,0,1,2,1,0,0,2,1,3,0,1,0,1,4,0,1,0,0,0,0,0,0,0,0,0,0,0,0,0,0,0,0,0,0,0,0,0,0,0,0,0,0,0,0,0,1,0,0,0,0,0,0,0,0,0,0,0,0,0,0,0,0,0,0,0,0,0,0,0,0,0,0,0,0,0
Q6ZW61,9,4,4,1,1,9,1,4,9,2,8,4,3,1,8,6,4,2,3,3,1,7,5,3,5,0,1,0,0,2,1,0,1,1,1,3,5,4,1,1,2,0,2,0,2,0,0,1,0,3,11,7,6,2,3,0,10,8,8,4,8,4,2,7,3,7,4,4,2,0,5,5,6,5,2,1,0,3,3,10,2,1,2,0,3,3,5,2,1,2,0,1,2,1,0,1,1,1,6,6,7,4,1,1,2,5,6,8,2,2,5,1,3,7,7,6,4,5,0,4,9,2,3,3,4,0,1,4,3,5,0,0,0,2,4,4,2,0,1,0,1,1,0,1,0,1,0,6,3,6,7,1,1,1,7,6,3,5,4,3,3,4,7,1,4,0,0,0,5,5,2,3,1,2,0,0,1,2,0,1,1,1,3,1,2,1,1,0,0,0,0,0,0,1,1,0,0,1,3,0,0,0,0,4,5,3,3,0,0,0,2,2,8,5,0,0,1,2,3,2,2,0,0,0,0,1,1,2,1,0,0,1,1,1,0,0,2,0,1,0,0,0,0,0,1,4,6,0,1,1,2,0,2,8,2,1,3,1,0,3,2,4,3,2,2,2,1,4,1,0,0,0,2,0,4,0,0,1,0,0,2,2,2,2,2,1,0,0,0,0,0,0,0,0,1,0,1,2,0,0,1,0,1,1,1,0,0,0,0,2,1,1,0,1,0,1,0,0,0,0,0,0,0,0,1,0,0,1,0,0,1,0,0,0,3,0,0,0,2,0,0,0,0
Q9NPJ1,5,4,3,2,1,2,1,1,10,1,2,5,1,1,5,7,8,2,1,4,3,1,3,0,2,0,5,0,0,3,0,2,0,1,0,3,1,1,3,1,0,0,1,1,1,1,0,1,0,2,6,12,3,3,1,2,10,11,6,14,5,4,1,8,7,4,1,2,2,2,4,5,6,1,5,1,1,3,3,3,2,3,1,1,3,2,3,1,1,2,0,0,3,1,0,0,1,0,7,5,4,2,0,2,0,3,11,6,4,3,2,2,3,6,2,2,4,3,2,0,4,3,1,0,0,1,3,2,2,1,1,0,1,3,4,4,1,1,0,0,4,3,1,0,0,1,0,1,0,4,1,1,2,0,5,5,1,2,1,3,1,3,3,2,2,1,1,1,1,3,1,1,0,0,0,1,3,1,2,0,1,0,0,5,2,0,0,0,0,0,2,1,0,0,0,1,0,3,4,0,1,1,0,3,6,4,0,1,1,0,1,3,3,0,0,1,0,2,1,1,0,1,0,2,1,2,2,0,0,0,0,0,1,1,0,0,1,0,1,1,0,0,0,0,0,2,2,2,3,0,0,0,5,4,3,1,1,1,0,0,4,3,1,2,1,1,1,2,1,1,1,1,0,1,2,0,0,1,0,0,0,1,0,2,1,1,0,0,0,0,0,0,0,0,1,1,1,0,0,1,2,2,4,5,0,0,0,0,0,1,1,1,0,1,0,0,0,1,0,0,0,0,0,0,0,0,0,0,0,0,1,1,0,0,1,0,0,1,0,0,0,0,0
A8MTZ0,1,0,0,1,1,0,0,0,1,0,0,0,0,0,0,1,1,0,0,2,0,0,0,0,1,1,0,0,0,1,0,0,0,0,0,1,0,0,0,1,0,0,0,0,0,0,0,0,0,0,0,1,1,0,1,0,2,3,0,0,1,0,0,0,1,1,2,1,0,0,0,0,0,0,1,0,0,0,1,0,0,1,1,1,0,1,0,0,0,1,0,0,0,0,0,0,0,0,0,0,0,0,0,0,0,0,0,2,1,0,2,0,0,1,1,0,1,0,0,0,0,0,2,1,0,0,1,1,0,0,0,1,0,0,0,1,1,0,0,0,0,0,0,0,0,0,0,1,0,0,0,0,0,0,0,0,0,0,0,0,0,0,2,0,0,1,0,0,1,0,2,0,1,0,0,1,2,0,1,0,0,0,0,0,0,0,1,0,0,0,0,0,0,0,0,0,1,0,1,0,0,1,0,0,2,3,0,1,0,0,0,0,0,0,0,0,0,0,0,0,0,0,1,0,1,0,0,0,0,0,0,1,2,0,0,0,0,0,0,1,0,0,0,0,0,0,1,2,0,0,0,0,0,0,1,0,2,0,0,0,0,0,1,0,0,0,0,0,0,1,0,0,0,0,1,0,0,0,1,0,1,0,0,0,0,0,0,0,0,0,0,0,0,0,0,0,0,0,0,0,0,1,0,0,0,0,0,0,0,0,0,0,0,0,0,0,0,0,0,0,0,0,0,0,0,0,0,0,0,0,0,0,0,0,0,0,0,0,0,0,0,0,0
Q3V3N7,6,6,5,2,2,4,0,15,6,5,2,2,1,2,8,10,2,3,2,1,0,3,8,0,1,1,0,0,3,5,4,3,0,2,0,5,5,2,2,2,1,0,0,1,0,0,0,0,0,6,13,7,6,10,4,0,11,6,9,3,2,3,1,2,10,5,6,2,6,0,4,4,1,1,4,1,0,2,9,3,0,1,0,0,3,4,2,1,2,1,0,1,1,3,0,0,0,0,7,4,2,1,1,2,1,9,8,5,0,7,4,1,3,7,8,2,1,1,0,6,4,0,1,1,2,0,2,2,0,3,2,0,0,3,2,6,1,2,0,0,0,0,0,0,0,0,0,2,3,7,0,1,4,0,3,5,3,3,2,1,0,1,2,2,0,0,1,0,3,1,0,2,0,1,0,0,0,3,0,2,0,1,1,2,1,0,0,2,0,0,0,0,0,0,0,0,1,3,4,1,1,1,0,4,6,7,3,2,3,0,1,1,3,1,3,3,0,1,0,3,1,0,1,0,1,5,0,0,0,0,0,0,0,0,0,3,0,0,1,0,0,0,0,0,0,1,4,2,2,2,2,0,3,4,1,4,0,1,1,2,4,1,2,0,2,0,0,0,2,1,0,1,0,3,4,2,0,1,1,0,1,1,0,0,2,1,0,0,0,0,0,0,0,0,1,0,0,1,0,0,0,1,0,1,0,0,0,0,1,0,1,0,1,0,0,0,0,0,0,0,0,0,0,0,0,0,0,0,0,0,0,0,0,0,0,0,0,0,0,0,0,0,0
Q9CWF6,6,8,5,3,5,3,0,5,14,4,0,1,7,2,6,7,5,6,4,1,1,3,6,5,3,1,1,0,4,6,4,2,1,0,0,8,2,5,3,3,1,0,0,0,0,1,0,0,0,3,7,4,6,6,4,1,8,7,13,6,0,9,0,5,5,7,5,2,2,0,6,3,4,6,1,1,0,3,3,3,3,0,0,0,8,6,8,3,2,5,2,1,2,1,0,0,0,0,7,10,5,3,1,3,0,7,3,0,6,5,6,2,3,8,4,1,3,3,0,5,7,2,4,2,1,0,4,6,6,1,0,3,0,5,2,2,1,1,3,0,0,0,0,0,0,0,1,5,2,6,3,1,4,0,4,7,2,5,1,5,0,4,3,2,2,4,3,0,3,4,3,2,3,0,1,0,4,3,0,1,0,0,3,1,0,0,1,0,0,0,0,0,0,1,0,0,3,3,1,1,0,3,0,2,7,5,2,5,4,0,4,4,2,2,3,3,0,1,2,3,1,1,0,0,0,1,0,1,0,0,0,1,0,2,0,0,0,0,1,0,0,0,0,0,0,5,3,8,2,4,5,0,4,4,2,1,0,3,0,6,1,2,5,4,2,0,2,2,1,0,0,2,0,0,4,2,1,0,0,1,2,3,3,0,1,1,0,1,1,0,0,0,0,0,1,0,1,1,0,0,0,1,1,1,1,0,0,0,1,0,0,0,0,0,0,1,0,0,0,0,0,0,0,1,0,0,0,0,0,0,0,0,0,0,0,0,0,1,0,0,0,0,0
P61006,1,0,2,1,1,0,0,0,2,3,0,1,0,0,2,0,2,0,0,3,0,0,2,0,1,1,2,0,1,1,1,0,0,1,0,1,2,0,0,0,1,1,0,0,1,0,1,0,0,0,2,2,1,0,1,2,3,2,4,0,1,0,0,0,3,3,1,4,1,0,1,1,0,1,1,1,0,1,5,0,0,2,2,0,0,2,1,0,1,0,0,0,0,0,0,0,0,0,1,1,1,3,0,0,0,1,2,1,0,3,1,0,1,2,0,1,2,1,0,1,1,0,0,0,0,0,3,2,0,0,1,2,0,1,1,2,1,0,0,0,0,0,0,0,0,0,0,1,1,0,0,1,2,0,1,0,1,2,1,0,0,1,1,0,0,0,0,0,0,0,1,0,1,1,0,0,2,0,0,1,0,0,1,2,0,0,0,1,0,0,0,0,0,0,0,0,2,1,2,0,1,1,0,1,3,0,2,3,2,0,1,0,1,0,0,0,0,1,0,0,1,0,0,0,1,0,0,1,0,2,0,2,0,1,3,1,0,0,0,0,0,0,0,0,0,0,1,1,1,1,1,0,2,0,3,1,1,1,0,1,2,1,0,1,0,0,2,1,1,0,0,0,0,1,0,1,0,0,0,0,0,1,1,0,0,0,0,0,0,0,0,1,0,0,0,0,0,0,0,0,0,0,0,0,0,0,0,0,0,0,0,0,1,0,0,0,0,0,0,0,0,0,0,1,0,1,0,0,0,0,0,0,0,0,0,0,0,0,0,0,0,0,0
Q96QF0,1,3,4,1,0,2,1,2,4,2,3,3,4,0,5,6,5,0,1,1,0,2,4,1,1,1,0,0,2,0,2,0,1,1,0,1,5,1,3,3,2,1,0,0,0,1,1,1,0,5,3,6,2,1,3,1,1,3,3,3,0,7,1,4,5,9,2,4,1,0,2,3,2,0,1,1,1,2,4,4,1,1,3,0,2,2,3,5,2,6,0,0,1,1,0,0,0,0,3,5,4,2,2,3,0,7,2,12,1,4,5,1,2,11,7,2,1,2,1,2,0,1,1,0,3,0,1,3,2,2,1,1,1,1,0,2,0,1,0,0,0,1,0,0,0,0,0,0,1,2,1,2,4,0,4,2,3,0,3,0,0,3,4,1,1,0,0,0,0,1,1,0,1,1,0,1,1,1,0,0,1,1,2,0,0,1,2,0,0,1,0,0,0,0,0,0,1,5,1,1,1,1,0,3,2,3,3,4,2,0,0,5,1,2,2,0,0,2,1,0,0,2,0,0,0,5,1,0,0,0,0,2,1,2,0,1,0,1,0,1,1,0,0,1,0,2,1,1,2,0,2,1,3,3,2,0,1,1,0,5,1,3,0,1,0,0,2,2,4,2,0,0,0,4,4,0,2,2,1,1,0,2,2,1,4,1,0,1,0,0,0,0,1,0,0,0,1,0,0,1,0,1,2,0,0,0,0,0,0,0,0,0,2,0,0,0,1,0,0,0,0,0,0,0,0,0,1,0,0,1,0,0,0,1,1,0,0,0,0,0,0,0,0
P48553,7,13,5,4,1,5,3,11,15,11,10,2,6,0,7,8,10,6,6,3,1,7,3,9,4,3,1,2,3,2,3,7,1,3,0,4,10,6,2,3,3,0,2,3,2,1,1,0,0,12,12,7,12,6,8,1,20,21,18,7,4,10,0,10,16,12,12,6,10,2,7,9,6,8,5,7,1,5,4,3,4,2,3,1,7,10,6,5,4,7,0,0,0,1,0,0,1,0,3,10,9,2,5,8,1,8,18,13,13,5,8,0,6,13,13,11,5,6,1,12,8,8,2,6,4,0,2,10,2,4,4,1,1,7,9,6,3,2,1,2,1,1,0,1,2,0,0,8,10,8,2,3,2,2,5,8,8,1,3,6,1,5,10,7,2,4,4,1,3,3,6,1,1,2,0,0,5,5,2,5,4,1,7,2,6,0,1,4,0,0,4,0,0,0,2,0,2,3,4,2,1,2,1,5,8,7,2,5,4,0,2,7,5,2,1,2,0,3,7,1,0,4,4,2,1,2,5,3,2,3,0,4,3,5,0,2,1,1,0,1,1,1,0,0,0,5,7,7,6,3,2,1,8,7,8,8,3,4,1,6,10,8,7,1,4,0,3,1,3,0,2,2,1,3,7,1,1,2,1,0,1,3,7,2,3,2,0,0,1,0,0,0,0,2,1,0,1,1,0,1,0,1,3,3,2,0,1,0,1,1,0,0,1,1,0,0,1,0,1,1,0,0,1,1,0,0,0,1,0,1,2,1,0,0,0,0,1,0,0,0,0,1,0
Q8NCK7,26,19,3,7,1,2,1,30,15,9,3,2,1,0,7,10,2,0,1,3,0,6,4,1,1,1,1,0,0,1,0,1,2,1,0,1,1,0,0,0,0,0,1,1,1,0,0,0,0,18,27,10,4,4,0,1,18,14,9,1,1,3,0,9,7,5,0,3,1,0,3,4,0,0,0,1,0,2,1,0,0,0,0,0,3,1,1,0,0,0,0,0,0,0,0,0,0,0,9,8,3,1,0,0,0,10,7,3,3,0,1,0,4,3,0,0,0,1,0,0,0,0,0,0,0,0,0,2,1,0,0,1,0,0,3,0,1,0,2,0,0,0,0,0,0,0,0,3,2,4,2,0,0,1,5,1,2,0,0,0,0,0,0,0,0,0,1,0,1,0,0,0,0,0,0,0,0,1,0,0,0,0,2,0,0,0,0,0,0,0,0,0,0,0,0,0,2,0,0,0,0,0,0,0,5,0,0,0,0,0,0,3,1,0,0,0,0,1,0,0,0,0,0,0,0,0,2,0,1,0,0,0,2,0,0,0,0,0,0,0,0,0,0,0,0,1,3,3,0,0,0,0,1,4,1,1,0,0,0,1,0,0,0,0,0,0,1,0,0,0,0,0,0,0,1,0,0,0,0,0,1,0,0,0,1,0,0,0,0,0,0,0,0,0,0,1,0,0,0,0,0,0,0,1,0,0,0,0,0,1,1,0,0,0,0,0,0,0,0,0,0,0,0,0,0,0,0,0,0,0,0,0,0,0,0,0,0,0,0,0,0,0,0
Q96Q05,9,13,6,9,5,6,1,6,19,9,8,3,7,2,6,13,10,3,9,2,2,5,7,4,4,4,1,2,4,4,3,5,2,2,0,8,8,4,2,4,1,1,1,1,0,2,0,0,0,17,15,9,1,4,9,2,17,18,18,8,7,12,2,7,15,10,6,4,7,0,10,12,3,2,4,7,1,6,5,5,3,5,6,0,10,8,7,4,4,3,0,2,2,0,1,1,2,0,6,8,10,4,3,4,0,14,13,6,10,3,8,2,12,10,8,6,5,4,0,6,7,3,3,1,2,1,3,7,4,4,4,2,0,3,10,2,2,1,2,0,1,2,0,0,0,0,0,7,8,7,2,2,3,0,9,12,5,2,7,4,1,5,5,4,2,0,3,0,3,4,1,1,1,3,0,3,3,5,1,1,1,0,2,5,2,3,1,2,0,1,1,1,1,1,2,0,4,4,3,3,2,3,0,1,7,4,6,1,2,1,1,4,9,3,5,3,1,3,4,6,1,2,0,2,1,2,5,4,1,4,0,4,5,1,1,1,3,1,0,0,0,0,0,0,0,5,6,9,6,3,1,1,8,12,7,3,8,2,0,4,8,5,3,1,1,0,2,6,0,2,0,2,1,2,1,3,1,3,1,0,3,4,4,1,0,2,0,1,1,0,0,0,0,0,1,0,1,1,1,2,0,2,1,0,2,1,1,0,0,1,0,0,0,0,0,0,0,2,0,2,0,0,0,0,1,0,1,0,0,1,0,2,0,0,1,0,0,0,0,0,0,0,0
Q08850,1,2,2,2,1,0,0,2,4,1,2,1,0,0,3,2,2,2,0,2,0,0,0,3,2,4,1,0,2,1,1,1,2,1,0,0,0,2,0,1,2,0,0,1,0,0,0,0,0,3,3,1,2,1,1,0,2,2,3,2,0,3,0,3,2,1,2,1,1,0,1,0,1,3,3,1,0,3,1,0,1,0,1,0,1,1,1,3,2,3,0,0,0,0,0,0,0,0,1,3,2,2,1,0,1,2,2,1,1,2,1,0,0,2,0,2,0,1,0,4,0,2,0,2,2,1,0,0,1,0,1,2,0,3,2,1,0,1,1,0,0,0,0,0,0,0,0,1,0,2,0,3,0,0,2,2,1,0,0,3,0,1,2,1,1,2,2,0,0,2,2,0,1,1,0,1,3,2,0,1,3,0,1,2,0,1,0,1,0,0,0,0,0,1,0,0,1,1,2,1,2,2,0,0,1,2,3,1,2,0,1,0,1,1,1,2,0,0,4,0,1,0,0,0,1,1,1,1,2,0,0,2,3,0,0,2,0,0,0,0,0,0,0,0,0,0,1,2,3,0,2,0,2,1,2,1,2,2,0,2,1,0,3,0,0,0,1,2,1,0,0,0,0,2,3,2,1,0,0,0,1,2,2,0,2,5,0,0,0,0,0,0,0,0,0,0,0,0,0,0,0,1,0,0,0,0,0,0,0,0,0,0,0,0,0,0,0,0,0,0,0,0,0,0,0,1,0,0,0,0,0,0,0,0,0,0,0,0,0,0,0,0,0
P63045,1,3,2,1,0,2,0,1,4,0,0,0,0,0,2,0,2,0,0,0,0,2,1,1,0,0,0,0,0,0,1,0,0,2,0,2,0,0,0,0,1,0,0,1,0,0,0,0,0,3,1,1,0,1,1,1,4,7,1,0,0,0,0,1,0,1,0,0,0,0,0,1,1,0,1,0,0,1,0,0,1,1,0,0,1,0,1,0,0,0,0,0,0,0,0,0,0,0,2,1,1,0,0,0,0,0,0,1,1,1,1,0,0,2,0,0,1,1,0,0,0,0,1,0,0,0,0,1,0,0,1,0,0,0,1,0,0,0,0,0,0,0,0,0,0,0,0,0,0,0,1,1,0,0,1,1,0,0,1,0,0,1,0,1,1,1,0,0,0,1,1,0,0,0,0,0,0,0,1,0,0,0,0,0,0,0,1,0,0,0,0,0,0,0,0,0,1,0,0,0,0,0,0,0,0,0,1,1,0,0,0,1,0,0,0,0,0,0,0,1,1,0,1,0,0,1,0,1,1,0,0,1,1,0,0,0,1,0,0,0,0,0,0,0,0,2,0,0,2,1,0,0,1,0,0,1,0,1,0,0,1,0,0,0,0,0,0,0,0,0,0,0,0,0,0,0,0,0,1,0,1,1,0,0,0,0,0,0,0,0,0,0,0,0,0,0,0,0,0,0,0,1,0,0,0,0,0,0,0,0,0,0,0,0,0,0,0,0,0,0,0,0,0,0,0,0,0,0,0,0,0,0,0,0,0,0,0,0,0,0,0,0,0
P27986,3,3,4,3,2,1,0,5,5,9,6,1,4,0,3,3,5,0,3,1,2,1,3,2,3,2,1,0,1,2,1,3,2,1,0,7,5,2,2,4,1,0,0,0,0,1,0,0,0,2,8,3,2,4,3,1,4,6,8,6,8,10,0,5,11,6,3,2,9,0,1,4,6,0,4,5,0,2,12,1,2,5,4,0,7,6,3,1,3,4,0,0,0,0,0,0,0,0,3,5,2,3,1,4,0,5,6,8,3,7,2,0,6,4,3,6,2,4,1,2,3,5,5,0,5,1,1,2,5,1,4,3,0,3,2,2,5,4,2,1,2,0,0,0,0,1,0,2,4,2,0,0,5,0,3,7,4,2,2,3,0,3,5,3,6,5,1,0,4,3,5,2,0,2,0,2,2,3,1,1,1,0,4,0,3,3,1,3,0,0,0,0,1,0,0,0,3,3,0,1,1,4,0,1,12,5,2,4,2,0,1,2,6,3,3,3,0,1,3,2,2,2,0,0,3,6,3,2,2,2,0,1,3,2,5,1,1,0,0,0,0,0,0,0,0,3,7,5,2,2,4,0,5,6,2,1,4,3,0,0,6,4,3,1,1,0,4,5,3,4,1,0,0,3,2,5,1,3,2,0,1,3,3,1,3,5,0,0,0,0,0,0,1,0,0,0,1,1,0,0,0,0,0,0,0,0,0,0,0,0,0,0,0,0,0,0,0,0,0,1,1,0,0,0,0,0,0,0,0,0,2,0,0,0,0,0,0,0,0,0,0,0,0
P0DJI6,0,1,2,1,1,1,0,2,0,2,0,2,0,1,2,0,1,0,0,0,0,0,1,0,0,0,0,0,0,0,3,0,0,1,0,2,0,0,0,0,1,0,0,0,0,1,0,0,0,4,2,0,0,1,0,0,1,0,0,0,0,0,1,2,1,0,1,0,0,0,1,1,0,0,0,0,0,0,1,1,0,0,1,0,0,1,0,0,1,0,0,0,0,0,0,0,1,1,1,2,0,0,1,2,0,3,0,1,1,0,0,0,0,2,0,0,1,0,0,0,2,0,0,0,0,0,0,0,0,1,0,1,0,0,0,0,0,0,0,0,0,0,0,0,0,0,0,1,1,0,0,0,0,0,0,2,0,1,0,2,0,0,0,0,1,0,0,0,0,0,0,0,1,0,0,0,0,0,0,1,0,0,0,0,0,0,0,0,0,0,0,0,0,0,0,0,0,0,0,0,0,0,0,1,0,1,0,0,0,0,1,2,1,0,1,0,0,0,1,1,0,0,0,0,0,0,1,0,0,0,0,2,0,0,0,1,0,0,0,0,0,0,0,0,0,0,1,2,0,1,0,1,0,0,0,0,1,0,0,0,0,0,0,0,0,0,0,0,0,1,0,0,0,0,1,0,1,0,0,0,0,0,0,1,0,0,0,0,0,0,0,0,0,0,0,0,0,0,0,0,0,0,0,0,0,0,0,0,1,0,1,0,0,0,0,1,0,0,0,0,0,0,0,0,0,0,0,0,0,1,0,0,0,0,0,0,0,0,1,0,0,0,1
Q9R1E0,16,2,7,2,2,3,1,5,2,10,3,1,3,0,7,6,9,5,4,0,0,3,4,3,1,1,1,1,2,1,4,0,2,1,0,3,4,1,2,0,0,0,2,1,0,1,0,0,0,3,5,4,3,4,2,1,8,5,11,5,2,3,0,6,8,12,8,3,4,0,5,4,9,1,1,2,0,1,2,2,1,1,2,0,3,4,4,2,1,3,0,0,0,0,0,0,0,0,4,8,8,5,1,2,0,2,11,7,7,3,4,0,9,8,14,10,7,1,1,3,10,8,8,1,2,0,10,1,2,2,1,0,0,4,1,2,1,0,1,1,0,1,1,0,0,0,0,5,2,3,3,1,1,1,4,8,7,2,0,3,0,5,6,8,5,0,1,1,3,5,3,0,1,2,0,0,3,1,1,1,0,0,0,4,4,0,0,0,0,0,0,1,0,0,0,0,3,3,6,1,1,0,0,0,5,4,1,1,0,0,1,2,2,3,1,1,0,1,0,1,1,1,0,0,1,2,1,0,2,1,0,1,1,0,1,1,0,0,0,0,0,0,0,0,0,1,3,3,0,1,2,1,2,3,1,4,2,4,0,0,4,4,1,0,3,0,1,1,1,3,1,1,0,0,2,0,0,0,0,0,0,1,1,2,0,0,0,0,0,0,0,0,1,0,1,1,0,0,0,0,0,1,0,1,0,0,0,0,0,0,1,0,1,0,0,0,0,1,0,0,0,0,0,0,0,0,0,0,0,0,1,0,0,0,0,0,0,0,0,0,0,0,0
Q9H0F7,1,0,1,0,0,2,0,0,3,1,0,0,0,1,0,2,2,2,1,0,0,3,0,1,0,0,0,0,1,1,0,0,0,0,0,1,0,1,1,3,0,0,0,1,0,0,0,0,0,0,4,3,2,0,2,0,3,6,2,2,1,0,0,0,3,2,0,0,1,0,0,0,1,3,1,3,0,0,1,0,1,1,4,0,0,1,1,0,0,1,0,0,2,0,0,0,0,0,1,0,0,0,1,0,1,1,1,2,0,2,0,0,1,0,1,1,2,2,0,1,1,0,0,0,2,0,3,2,0,1,0,0,0,0,3,0,0,0,0,0,0,0,0,0,0,0,0,0,1,1,1,0,2,0,1,2,0,3,1,0,0,1,1,0,1,0,0,0,0,2,1,0,0,0,0,0,1,1,0,0,0,0,1,2,0,2,0,0,0,0,0,0,0,0,0,0,1,0,3,1,0,0,0,2,0,0,1,3,2,0,0,0,1,0,1,0,0,1,1,0,0,1,0,0,0,1,0,1,1,0,0,0,2,1,0,1,0,0,0,0,0,0,0,0,0,1,0,0,0,1,0,0,3,1,1,1,0,1,1,1,0,1,0,1,0,0,0,3,0,0,0,0,0,1,2,1,0,1,0,0,0,0,0,0,1,0,0,0,0,0,0,0,0,0,0,0,0,0,0,0,0,1,1,0,1,0,0,0,0,0,0,0,0,0,0,0,0,0,0,0,0,0,0,0,0,0,0,0,0,0,0,0,0,0,0,0,0,0,0,0,0,0,0
O09044,1,0,2,2,0,2,0,1,2,0,0,0,1,0,1,0,1,1,0,2,0,0,0,4,1,0,1,0,0,1,2,0,0,1,0,1,1,0,2,1,2,0,0,0,0,0,0,0,1,1,2,1,0,0,0,1,0,0,1,0,2,0,0,2,1,1,1,2,1,0,3,0,0,1,2,4,0,0,0,1,3,3,0,0,0,1,1,1,0,0,0,0,2,0,0,0,0,0,4,0,0,1,1,1,0,0,0,3,3,3,0,0,0,1,0,1,0,1,0,1,0,0,1,2,1,0,0,1,0,1,0,1,0,1,5,0,0,1,2,0,0,0,0,0,0,0,0,0,2,1,1,1,2,0,0,0,0,4,0,1,0,1,4,0,0,0,2,0,2,1,0,2,0,0,0,1,1,2,1,0,0,0,2,0,2,0,0,2,0,0,1,0,0,0,0,0,0,0,1,0,1,1,0,1,0,1,2,0,0,0,1,1,1,2,1,1,0,0,4,1,0,1,0,1,1,1,1,0,0,0,0,1,0,1,0,0,0,0,0,0,0,0,0,0,0,1,0,0,2,1,1,0,2,1,3,1,2,1,0,2,2,0,0,0,1,0,1,0,2,0,0,0,0,1,0,1,1,0,0,0,0,3,2,0,1,1,0,0,0,0,0,0,0,0,0,0,0,0,0,0,0,1,0,0,0,0,0,2,0,0,0,0,0,0,0,0,0,0,0,0,0,0,0,0,0,1,0,0,0,0,0,0,0,0,0,0,0,0,0,0,1,0,0
O95273,4,3,0,4,3,1,0,3,1,3,1,2,4,1,5,3,1,2,0,0,0,2,1,1,0,1,5,0,3,2,2,1,1,0,0,2,0,1,1,2,1,0,0,0,0,0,0,0,0,3,4,3,2,2,2,0,4,10,3,3,1,2,0,4,8,2,2,1,1,0,2,2,2,0,1,1,1,2,1,0,2,3,0,0,2,3,1,3,1,5,1,1,1,0,0,0,0,0,3,2,4,1,2,2,0,5,5,5,2,0,6,0,2,2,0,0,0,1,0,0,1,4,2,0,0,0,0,1,0,0,0,0,0,0,0,0,3,1,2,0,0,0,0,1,0,0,0,1,0,2,1,0,2,0,0,2,4,0,2,1,0,1,5,1,0,0,2,1,0,0,1,2,0,3,1,0,1,1,0,0,0,0,1,3,2,0,3,2,1,1,0,1,0,0,0,0,0,3,2,1,1,0,0,2,3,1,1,2,1,1,2,2,0,0,0,0,0,0,2,2,0,0,1,0,1,3,0,1,0,0,0,0,0,0,0,0,0,0,0,0,0,0,0,0,0,3,3,1,1,0,0,0,2,1,2,2,0,1,0,0,2,1,3,0,2,0,2,3,0,3,0,1,0,1,3,1,1,1,0,0,3,2,4,2,0,2,0,0,1,0,0,0,1,0,1,0,0,0,1,0,0,0,1,0,0,1,0,0,0,1,0,0,0,0,0,0,0,0,0,0,1,0,0,0,0,0,0,0,0,0,0,0,0,0,1,0,0,0,0,0,0,0,0
P78371,8,12,6,2,6,5,0,8,8,7,4,5,5,0,5,4,6,2,1,3,0,1,1,0,0,2,5,0,4,7,3,0,1,2,0,5,1,1,2,6,5,0,0,1,0,0,0,0,0,5,6,3,2,3,5,1,5,3,6,6,7,1,1,6,2,5,2,3,3,1,3,3,2,3,2,5,0,4,2,2,0,4,5,1,6,1,0,1,0,0,0,0,0,0,1,0,0,0,8,4,5,1,2,5,0,1,6,4,2,1,1,0,3,4,1,1,1,4,0,4,1,1,0,0,0,0,1,1,1,1,0,2,0,6,1,5,0,1,0,0,2,0,0,0,0,0,0,4,4,2,0,1,1,0,2,2,2,1,1,0,0,3,3,0,0,0,0,0,1,0,2,0,0,1,0,0,3,0,1,1,0,0,4,6,0,0,1,0,0,0,0,0,0,0,0,0,2,4,5,2,1,1,0,5,7,0,2,3,0,0,2,1,2,0,1,2,0,2,1,0,1,0,0,0,2,3,0,0,1,1,0,4,1,2,0,2,2,0,0,0,1,0,0,0,0,11,7,1,2,4,2,0,3,3,3,2,1,1,0,5,1,0,1,0,1,1,1,1,1,0,1,0,0,4,1,2,2,0,1,0,2,3,1,1,0,2,0,0,0,0,0,0,0,0,1,0,0,0,0,1,0,1,0,0,1,0,0,0,1,0,0,0,0,0,0,0,1,0,0,0,0,0,0,0,0,0,0,0,0,0,0,0,0,0,0,0,0,0,0,0,0,0,0
P55042,12,7,4,3,1,3,1,4,5,4,0,1,1,0,5,3,3,0,2,1,1,2,3,1,1,1,0,0,1,2,2,0,3,2,0,3,2,0,1,2,4,0,1,0,0,0,0,0,0,5,1,4,3,1,2,0,4,4,0,1,3,0,0,2,1,3,0,1,2,0,1,0,0,0,2,1,0,2,2,0,0,1,0,1,0,0,3,1,1,0,0,0,0,0,0,0,0,0,5,1,5,0,3,3,0,2,0,2,0,0,1,0,2,1,0,1,1,1,0,1,0,0,0,2,0,0,3,0,1,1,2,1,0,0,1,1,0,2,3,0,0,0,0,1,0,0,0,3,1,0,1,1,1,0,1,1,2,0,0,2,0,1,0,0,0,0,0,0,0,1,0,1,0,0,0,4,0,0,0,1,0,0,0,1,0,1,0,0,0,0,0,1,0,0,0,0,4,4,0,1,3,1,0,2,0,0,2,1,1,0,3,0,0,1,2,1,0,1,1,0,0,0,0,0,3,2,2,1,2,1,0,0,1,2,1,1,1,0,0,0,0,0,0,1,0,2,1,2,0,0,2,0,2,2,1,1,1,0,0,4,0,1,1,1,2,0,1,1,0,0,0,1,1,0,0,2,0,2,2,0,4,1,3,0,0,0,0,0,0,0,0,0,0,0,0,0,0,0,1,0,0,0,0,0,0,0,0,0,0,0,0,0,1,0,0,1,0,0,0,0,0,0,0,0,0,0,0,0,0,0,1,0,0,0,0,0,0,0,0,0,0,0,0
Q9Y4H2,55,32,22,2,9,7,3,26,19,25,8,3,6,2,26,14,13,4,2,6,1,2,6,3,3,2,4,0,6,7,7,2,3,1,1,7,8,4,1,3,2,0,2,0,1,2,2,0,0,22,18,9,4,10,6,0,14,29,20,11,5,5,0,24,10,25,5,7,10,0,4,17,7,4,3,1,0,10,6,4,2,2,2,0,8,9,2,1,1,2,0,1,2,1,0,0,0,1,22,16,26,6,4,5,2,11,14,17,5,8,3,2,17,19,18,3,7,8,2,5,3,4,3,1,1,0,6,4,6,5,3,1,1,6,2,8,2,1,8,0,0,1,1,0,1,0,1,3,7,3,2,0,2,1,9,9,4,5,2,4,1,4,6,4,1,4,0,1,3,4,1,8,2,0,0,2,3,2,1,5,0,0,3,0,3,2,0,0,1,0,0,0,0,0,0,0,15,7,2,2,2,4,1,6,6,6,5,2,3,0,6,5,4,3,4,1,0,3,2,2,0,5,0,0,5,6,2,2,2,1,0,1,1,2,0,0,1,0,0,0,2,0,0,0,0,10,8,5,4,2,1,0,2,7,9,2,4,2,0,2,5,8,1,2,2,0,1,1,1,0,0,3,0,3,2,2,0,1,0,0,5,5,1,0,2,1,0,0,0,0,1,0,0,0,3,1,0,0,0,0,0,1,0,0,0,2,0,0,2,1,2,0,0,0,0,0,1,2,0,0,0,0,1,0,0,0,2,0,0,0,1,0,0,0,0,0,1,0,0,0,0,1,0
Q60700,14,14,7,4,7,7,0,8,12,9,0,2,6,1,11,5,2,3,0,1,0,4,6,3,1,2,1,0,7,5,4,1,4,2,0,3,6,7,3,4,6,0,0,1,1,1,0,0,0,17,4,6,7,4,7,1,13,13,7,3,4,14,2,6,13,9,6,2,3,1,1,8,1,2,4,1,0,5,4,1,4,4,3,0,6,9,7,4,6,4,0,4,0,3,0,1,0,0,9,11,4,1,4,6,0,7,12,9,5,3,3,0,7,8,5,3,3,4,0,4,4,4,1,1,3,1,2,5,3,0,1,2,0,3,3,1,3,1,2,1,1,1,1,0,0,1,0,4,2,1,2,1,1,1,6,6,6,4,3,4,2,3,3,1,1,3,0,2,1,2,2,2,1,0,1,0,7,2,2,1,0,0,2,1,2,1,2,0,0,0,0,0,2,0,0,0,7,3,2,0,4,2,0,7,7,3,1,3,6,2,3,3,3,3,2,2,0,1,4,2,0,2,2,0,1,4,4,2,2,2,0,0,5,4,0,1,2,0,0,0,0,0,0,0,0,1,2,2,3,3,5,1,4,5,6,4,6,2,1,3,7,9,2,3,3,0,1,6,0,3,1,1,0,3,4,2,2,2,3,0,3,4,4,1,2,3,0,0,0,0,0,0,1,0,1,2,1,0,0,1,0,1,0,0,0,0,1,0,2,0,1,0,0,1,1,0,1,1,0,1,0,0,0,0,0,0,1,0,0,0,0,2,0,0,0,0,0,0,0,0,0,0,0
P37238,1,3,3,1,0,3,0,2,6,3,2,2,3,1,1,6,4,2,2,2,0,2,6,0,1,0,3,0,3,2,2,0,0,1,2,2,0,1,0,2,0,1,1,0,0,0,0,0,0,4,5,4,5,4,1,0,8,5,6,5,6,3,0,3,1,4,3,4,3,0,1,5,3,1,5,2,1,2,9,0,1,1,3,2,8,5,5,4,2,3,1,0,0,0,0,1,0,0,1,3,1,1,1,0,0,3,10,4,4,0,10,0,1,10,4,0,2,3,0,0,2,4,0,0,2,1,2,3,1,1,3,2,0,4,2,6,1,0,1,0,0,0,0,0,0,0,0,3,0,0,1,0,1,0,3,8,2,1,6,4,0,0,4,3,1,1,2,0,0,1,1,0,0,0,0,2,3,1,0,0,0,0,0,2,1,3,0,1,0,1,0,0,0,1,0,0,1,3,2,1,2,0,0,4,3,2,3,3,5,0,0,3,1,1,1,1,0,0,3,2,0,1,0,0,0,3,0,1,0,0,0,3,0,3,0,1,1,0,1,0,1,1,0,1,0,1,5,8,1,2,0,1,3,1,1,3,1,3,0,2,6,4,1,2,3,0,2,6,1,0,0,0,0,0,0,3,1,0,1,0,1,2,2,1,0,0,0,1,0,0,0,1,0,0,0,0,0,2,1,1,0,0,0,0,0,0,0,0,0,0,0,1,0,0,0,0,1,0,0,0,0,0,0,0,0,2,0,1,0,0,1,0,0,0,0,0,0,0,0,0,0,0,0
P05026,0,2,1,0,2,0,0,2,5,3,3,0,0,1,2,2,2,0,1,1,2,1,3,0,0,0,0,0,2,0,0,1,1,4,1,1,2,1,0,1,1,0,0,0,0,0,0,1,0,2,4,3,1,1,1,0,5,6,2,2,5,1,1,2,2,2,1,1,3,0,1,4,4,0,0,2,0,5,8,0,0,1,1,1,1,0,4,1,1,0,0,1,1,0,0,0,0,0,1,3,1,1,1,2,0,2,3,2,2,1,1,0,1,3,0,1,1,2,0,1,1,0,1,0,0,0,2,2,1,1,0,1,0,1,1,1,1,1,2,0,0,0,0,2,0,0,0,2,3,1,0,0,0,0,2,4,2,2,3,1,0,2,2,1,0,1,0,0,0,2,0,0,0,0,0,0,1,0,0,0,0,0,1,1,0,0,0,0,0,0,0,0,0,0,0,0,0,2,3,1,2,3,0,1,2,1,2,2,4,0,2,0,0,0,1,0,0,1,2,1,0,0,0,0,1,0,0,1,0,2,0,1,1,2,2,3,1,0,1,0,0,0,0,1,0,0,0,1,1,2,0,1,0,2,1,0,4,0,0,0,2,3,1,1,1,0,0,2,1,1,1,0,0,1,1,2,1,2,2,0,0,1,0,1,3,1,0,0,0,0,0,0,0,0,0,0,1,0,1,0,0,0,0,0,0,1,0,0,0,0,0,0,0,0,0,2,0,0,0,0,0,0,0,0,0,0,0,0,0,0,1,0,0,0,1,0,0,0,0,0,0,0,0
O76024,9,10,9,4,6,4,0,14,12,6,7,4,4,1,6,13,6,5,4,2,3,2,7,1,0,4,2,0,3,10,5,1,3,3,0,4,3,3,1,3,2,0,0,1,0,0,0,0,0,11,19,12,2,6,1,1,15,34,16,3,3,6,2,8,11,7,4,6,1,3,7,6,3,4,5,2,2,6,3,3,1,1,2,1,5,8,7,0,1,5,1,1,1,2,0,2,1,0,4,7,5,3,7,6,0,7,15,8,8,0,7,2,5,11,3,2,2,1,0,3,2,4,3,2,2,0,5,5,4,1,2,2,0,3,2,3,1,2,0,0,2,3,2,1,0,0,0,3,4,4,2,3,2,0,6,3,2,2,2,3,2,4,3,2,0,1,2,1,2,1,3,2,1,0,0,5,3,2,1,2,0,0,3,4,1,3,0,0,0,0,2,0,0,0,0,0,8,2,6,3,1,2,0,3,6,3,5,4,4,0,7,5,1,3,4,2,0,2,1,1,0,1,1,0,2,3,3,1,2,1,0,1,4,1,2,1,0,0,0,1,0,0,0,0,0,5,4,3,2,2,1,0,4,6,5,3,4,2,0,2,2,4,1,2,3,1,2,2,0,0,0,4,0,1,1,4,1,1,1,0,1,3,1,1,1,9,0,0,0,0,1,0,0,0,1,2,0,0,0,0,0,3,3,0,1,0,1,0,0,2,1,1,0,0,0,0,1,1,0,0,0,0,0,0,1,0,1,0,0,0,0,0,0,1,0,0,0,0,0,0,0,0,0
Q14643,15,16,17,10,13,15,2,22,29,29,20,12,16,2,19,18,12,9,10,9,1,10,11,15,4,13,9,1,6,13,12,3,4,8,4,16,13,9,11,7,9,0,0,6,0,2,1,2,0,24,37,13,17,12,15,1,31,43,28,34,25,25,6,18,18,24,14,7,17,1,12,23,13,13,18,9,1,11,16,16,12,6,13,4,20,19,15,13,12,14,1,0,4,5,2,0,4,0,15,26,14,12,12,6,4,20,34,12,13,11,11,1,21,16,19,16,7,11,2,10,12,8,8,9,8,2,5,13,7,7,5,7,0,10,14,7,12,7,8,3,1,4,0,2,1,0,0,14,16,12,6,3,7,2,14,27,11,7,7,9,0,11,17,16,9,5,6,1,9,10,10,9,6,5,3,10,17,7,7,7,8,0,9,8,8,3,4,13,1,4,1,1,3,3,0,0,9,13,9,5,3,7,1,12,29,10,4,11,10,2,14,13,6,5,6,9,1,6,7,9,8,6,9,2,6,6,4,10,5,4,0,9,12,10,8,7,7,0,1,7,0,0,0,0,0,9,19,13,12,6,14,1,18,24,6,7,8,19,3,6,17,15,3,8,7,2,9,12,8,8,4,5,3,9,10,8,8,6,12,0,10,17,8,2,15,6,1,1,2,2,0,1,0,0,2,2,0,1,1,1,0,2,6,3,4,4,4,1,0,3,1,1,1,2,0,4,0,2,2,0,1,0,0,3,0,0,2,1,0,0,2,1,0,1,2,0,0,0,0,0,0,0,0
Q96EB6,25,8,4,5,2,6,0,8,8,7,3,5,3,2,4,4,3,0,0,2,0,1,4,3,1,2,3,1,2,1,2,2,0,2,0,4,4,1,6,6,6,2,0,0,2,0,0,0,0,8,10,1,4,0,9,1,4,14,8,4,7,13,1,5,5,7,5,3,4,0,1,6,0,3,0,6,2,6,4,1,3,3,2,0,6,7,5,1,7,6,0,1,0,1,0,2,0,0,5,7,3,5,2,3,1,8,4,4,4,1,4,0,5,3,5,2,2,3,0,1,2,2,1,1,2,1,1,3,1,2,0,3,1,2,4,4,0,0,3,1,1,0,0,0,0,0,0,0,2,0,0,0,3,0,8,10,1,4,1,2,0,2,3,1,0,2,1,0,2,2,1,1,0,0,0,1,2,1,0,0,1,0,5,3,2,0,2,1,0,0,2,1,1,1,0,1,5,2,4,0,1,1,0,1,6,3,0,2,4,1,2,3,1,0,2,1,0,0,6,2,0,0,0,2,1,4,1,0,5,0,1,2,4,3,1,0,2,0,0,1,0,0,0,1,0,7,7,2,1,2,7,0,4,8,5,3,2,5,0,5,7,2,2,1,3,1,0,5,1,0,2,2,0,2,1,3,3,3,4,0,5,5,6,1,1,13,0,0,0,1,0,0,2,0,0,0,0,0,2,0,0,0,1,1,0,1,1,0,3,0,1,1,0,0,0,0,1,0,0,0,0,0,0,2,0,0,1,0,0,2,0,0,1,0,0,0,0,1,0,0,0,0,0
P06213,15,9,11,4,5,5,1,5,10,14,7,3,9,5,14,16,6,6,2,5,6,5,6,5,4,3,3,0,3,10,6,2,2,3,0,5,10,5,3,3,2,0,1,1,0,0,3,1,0,9,16,15,4,6,5,0,15,21,12,8,13,10,2,11,18,11,4,5,10,2,11,6,13,7,5,3,1,8,10,6,2,2,3,1,6,8,10,12,10,8,0,2,4,3,2,1,2,0,5,11,17,6,5,7,2,12,13,8,17,4,10,3,7,7,8,5,8,2,0,3,6,11,2,2,3,2,5,10,2,1,7,2,1,3,10,7,3,1,6,0,2,3,0,3,1,0,1,7,7,5,2,1,4,1,6,7,4,4,2,7,0,5,10,7,6,7,3,1,1,3,3,4,4,3,4,3,5,1,1,4,3,2,3,6,1,3,0,6,1,3,1,2,2,1,0,1,8,4,5,4,2,2,0,8,14,9,5,4,8,3,7,8,3,3,2,1,0,2,2,1,2,1,3,2,3,6,5,0,3,1,0,2,6,0,2,2,2,0,2,1,0,0,1,0,0,5,6,3,3,3,3,2,7,14,11,4,5,8,1,8,6,2,5,3,7,0,4,7,3,3,3,3,1,2,10,3,4,0,0,0,5,9,7,1,3,1,0,0,0,1,0,0,0,0,1,0,0,3,4,2,0,2,2,3,1,1,2,0,1,1,0,0,1,2,1,1,0,3,0,1,2,0,1,0,1,3,0,2,0,1,1,1,0,0,1,0,0,1,0,0,0,1,0
Q80U30,8,8,4,4,1,4,0,6,15,9,3,9,4,0,6,9,8,3,5,5,1,1,5,8,4,1,1,0,1,3,3,3,2,3,0,4,3,7,2,2,3,0,2,1,0,1,0,0,0,3,9,8,7,5,7,1,9,25,11,12,7,8,4,8,18,10,9,6,8,0,7,8,4,4,3,8,0,7,8,6,6,3,3,0,6,8,5,2,1,3,1,1,1,1,1,2,0,0,5,6,9,4,4,2,0,13,11,17,6,9,7,0,8,7,10,5,5,5,1,5,7,3,6,3,2,0,4,6,4,2,2,6,0,6,7,3,4,0,5,1,1,1,0,0,0,0,0,4,7,6,1,0,3,2,1,12,7,4,4,2,1,4,10,5,1,3,4,0,2,5,5,2,1,4,0,2,2,4,3,0,1,0,2,8,6,2,0,1,0,0,0,0,0,0,0,0,3,6,4,1,3,1,0,4,7,7,3,3,0,0,2,6,2,5,4,2,0,3,2,3,2,4,1,0,3,1,1,1,1,0,1,6,4,0,0,1,2,0,0,0,0,1,0,0,0,6,8,4,3,2,4,1,5,5,9,6,1,5,1,2,12,6,3,1,2,0,4,3,3,1,0,0,0,1,2,3,0,0,0,0,4,2,5,1,2,11,0,0,0,0,2,0,0,0,0,2,2,0,0,0,0,2,1,0,0,0,0,0,0,1,0,0,0,0,0,1,1,1,0,0,2,0,0,2,0,0,0,0,0,0,0,0,0,0,0,0,0,0,0,0,0,0,0
P20393,2,4,5,2,1,3,0,5,8,9,1,3,4,0,8,7,2,5,3,0,0,1,6,6,2,3,1,0,2,4,1,0,0,0,2,2,2,0,1,2,2,1,1,0,0,0,0,0,0,4,9,3,3,4,3,0,4,4,12,3,5,2,2,13,9,13,4,5,2,1,1,0,4,4,1,1,0,4,1,3,2,0,3,1,2,3,0,3,2,2,0,3,1,0,1,2,0,0,5,7,9,6,1,1,0,9,8,12,4,1,4,4,5,8,16,1,3,3,0,2,4,4,5,0,3,0,3,2,3,1,1,1,0,1,4,0,1,0,1,0,0,0,0,1,0,0,0,2,4,2,3,1,1,0,3,2,7,3,3,1,0,1,10,2,4,0,2,0,3,3,3,3,1,2,2,1,4,1,3,0,1,0,1,0,2,4,1,0,0,0,0,1,0,1,0,0,3,4,2,2,0,1,0,4,6,2,0,1,1,1,0,5,3,2,0,0,0,3,2,0,0,3,0,0,0,3,1,0,0,0,0,1,0,2,1,1,0,0,1,1,0,1,0,0,0,1,1,4,0,1,0,1,1,3,5,0,0,0,0,2,3,1,1,0,0,0,2,4,1,2,2,0,0,2,1,1,1,1,0,0,1,0,3,1,0,1,0,1,0,0,0,0,0,0,0,1,0,3,1,1,0,0,1,0,0,1,0,0,0,0,0,1,0,0,0,0,0,1,1,0,1,0,0,0,0,1,2,0,0,0,0,0,0,0,0,0,0,0,0,0,0,0,0
Q8BH75,3,0,6,5,0,1,0,3,2,2,3,3,2,2,2,0,1,2,3,2,2,2,3,0,0,2,5,1,1,1,1,0,0,0,0,1,1,1,0,0,0,0,1,0,0,0,0,0,0,4,2,0,3,1,0,1,0,0,1,1,1,4,1,4,0,1,2,1,2,0,2,4,2,4,1,1,0,1,2,3,0,2,0,0,1,0,0,3,1,4,0,2,1,1,1,0,0,0,3,4,1,0,2,1,0,0,0,2,3,1,0,1,1,2,0,0,2,0,0,1,0,0,3,2,1,0,0,2,0,0,2,3,0,1,3,0,0,0,2,0,1,1,0,0,0,0,0,2,3,2,2,0,0,0,2,1,1,3,2,1,0,0,2,1,1,1,1,0,1,2,2,5,1,2,0,1,1,3,1,0,0,0,2,3,1,0,0,0,5,0,1,0,0,0,0,0,2,2,0,0,0,0,0,3,1,1,3,0,0,1,2,2,1,1,0,1,0,0,0,1,0,0,2,0,1,2,0,2,0,0,0,1,1,0,1,0,0,0,0,0,0,0,0,0,0,1,4,2,1,0,1,0,2,2,3,1,1,1,0,1,1,1,0,0,0,0,3,0,1,0,0,0,0,0,1,0,0,1,0,0,3,2,0,0,1,1,0,2,0,1,1,0,1,0,0,2,2,2,0,0,0,1,2,0,0,0,0,0,1,0,0,1,0,0,0,0,1,0,1,0,0,0,0,0,0,0,0,0,0,0,0,1,0,0,0,0,0,0,0,0,0,0,0
Q00535,0,2,1,2,0,2,0,3,5,3,2,2,4,0,2,1,3,1,0,0,0,2,1,0,0,2,0,1,1,2,0,0,1,0,0,2,1,0,2,0,2,0,0,0,0,0,0,0,0,3,4,2,1,2,3,0,2,4,1,3,5,1,3,2,3,3,0,2,0,0,0,1,0,4,1,1,1,4,4,3,1,2,2,0,4,3,1,2,4,0,0,1,2,0,0,0,0,0,1,2,1,1,0,1,0,1,0,3,2,4,0,0,2,4,4,0,0,0,1,0,2,1,0,0,0,1,1,0,0,1,1,0,0,0,3,0,0,1,0,0,0,0,0,0,1,0,0,0,4,0,0,0,0,0,3,3,1,0,3,0,0,0,0,0,0,0,2,0,0,3,0,0,0,1,0,1,1,1,2,0,0,0,0,0,0,0,0,2,1,0,1,1,0,1,0,0,2,4,1,0,2,0,0,4,4,0,1,0,4,0,0,0,1,2,0,1,0,1,2,1,0,2,0,0,0,3,0,0,0,1,0,0,1,2,0,0,0,0,0,0,0,0,0,0,0,0,3,2,2,0,1,0,1,2,2,0,2,2,0,0,2,0,1,1,0,0,1,1,1,0,0,1,0,1,2,0,2,0,0,0,2,1,1,0,0,3,0,0,1,0,0,0,0,0,1,0,0,0,0,0,0,1,0,0,0,0,3,0,0,0,0,0,0,1,0,0,0,0,0,0,0,0,1,1,0,0,0,0,0,0,0,0,0,0,0,0,0,0,0,0,0,0,0
O35567,18,14,6,3,6,3,0,10,6,9,6,1,5,0,8,6,1,3,4,3,2,2,2,2,2,2,2,0,6,6,1,1,1,3,0,3,2,4,1,4,5,2,0,0,1,0,0,0,0,8,9,4,2,5,7,1,7,3,6,2,4,4,0,8,5,3,2,3,2,0,1,3,3,3,3,1,1,2,5,4,0,0,1,0,3,3,4,0,2,2,1,0,0,0,0,0,0,0,8,5,8,3,1,4,0,8,7,2,2,2,2,0,4,2,1,2,2,1,0,3,1,4,2,1,2,0,4,1,0,0,1,3,0,2,3,1,0,1,1,0,2,0,0,1,0,0,0,2,2,2,1,1,1,0,3,2,1,1,1,1,0,2,4,2,2,0,1,0,2,2,1,0,3,0,0,4,2,1,0,4,0,0,1,1,1,0,2,1,0,1,0,0,0,0,0,0,5,4,5,1,3,2,0,5,4,3,2,2,2,0,1,2,3,1,0,1,1,1,0,1,0,2,0,0,2,1,2,1,1,1,0,7,0,1,0,0,0,0,0,0,0,0,0,0,0,7,3,2,2,1,2,0,3,4,2,1,2,1,0,6,4,1,3,0,0,0,0,0,0,0,0,1,0,2,3,1,2,1,0,0,1,4,3,0,0,2,1,3,1,0,0,0,0,0,2,0,1,0,1,2,0,0,0,0,1,0,0,0,0,0,1,0,0,0,0,0,1,0,0,0,0,0,0,0,0,0,0,0,0,0,0,0,0,0,0,0,0,0,0,0,0,0,0
P15127,10,7,8,5,4,5,1,5,7,13,7,4,9,5,14,18,8,4,3,5,4,6,6,5,4,2,3,0,7,9,6,2,1,2,0,5,10,5,3,3,3,0,1,1,0,1,2,1,0,6,14,15,4,7,6,0,13,19,14,8,11,12,2,10,21,11,5,5,10,2,11,8,14,6,5,2,1,6,8,7,2,3,4,1,5,10,11,12,10,7,0,3,3,3,2,1,2,0,6,12,18,6,4,6,2,13,15,11,19,5,10,3,9,8,4,6,7,3,0,3,5,12,2,2,2,1,5,9,2,2,7,3,1,3,10,7,3,1,7,1,2,1,1,3,0,0,1,7,7,6,2,1,5,1,5,7,4,4,3,7,0,6,11,8,6,8,3,0,1,2,2,3,4,4,4,3,5,0,2,3,3,2,3,5,1,3,0,6,1,3,1,2,2,1,0,1,6,4,6,4,3,1,0,8,15,7,6,2,7,3,6,8,3,3,2,2,0,2,3,1,2,1,3,3,2,6,5,0,3,1,0,2,6,0,2,2,2,0,3,1,0,0,1,0,0,3,5,4,3,3,3,2,6,16,12,2,5,9,1,8,7,3,3,3,7,1,4,6,5,3,3,3,1,1,11,2,5,0,0,1,5,9,7,2,3,1,0,1,0,1,0,0,0,0,2,1,0,2,5,3,0,2,0,3,1,1,1,0,1,2,0,0,1,2,1,2,0,3,0,1,2,0,0,0,2,2,0,1,0,0,1,1,0,1,1,0,0,1,0,0,0,1,0
P48356,3,9,10,0,1,7,1,7,7,17,6,2,2,1,9,15,7,5,8,6,2,3,2,6,2,2,3,1,3,6,5,0,0,1,0,3,6,10,3,3,4,0,0,2,3,1,0,1,0,6,8,18,5,2,7,6,16,25,19,6,10,6,1,15,15,14,10,3,8,3,6,12,6,4,6,3,0,6,7,1,6,4,3,0,4,9,6,2,1,2,1,0,1,1,3,0,0,1,10,14,8,5,6,6,0,10,24,12,12,5,7,3,7,17,6,8,1,2,1,5,12,6,3,3,3,3,5,2,3,6,3,2,0,5,5,1,3,2,4,1,1,2,1,3,1,0,0,5,5,7,2,1,4,0,8,10,11,6,3,3,0,7,7,6,3,4,1,2,4,4,3,1,1,5,1,1,6,5,3,0,2,1,2,4,5,4,0,2,0,1,1,1,2,0,3,1,5,1,3,5,2,4,0,3,6,1,7,3,2,0,4,7,2,1,3,1,0,3,5,2,5,2,2,2,2,0,3,3,0,0,1,1,2,1,3,2,0,0,0,0,1,0,1,0,0,2,5,4,1,2,1,0,8,8,6,0,4,4,1,5,9,4,7,1,3,0,1,4,6,3,2,0,1,2,1,1,3,2,0,0,0,4,5,2,1,3,1,1,0,3,0,0,0,0,0,0,1,1,1,0,0,0,3,2,0,0,1,0,2,3,4,1,1,0,0,2,2,1,1,2,1,1,1,0,0,0,0,1,0,0,1,1,0,0,1,1,0,0,1,1,0,0,0
P62491,4,2,2,1,3,1,0,1,2,2,1,1,2,0,0,0,2,0,0,2,0,0,2,1,1,1,2,0,1,4,2,0,0,0,0,2,0,0,0,0,1,0,0,0,0,0,0,0,0,5,1,1,2,2,0,0,4,0,3,1,0,0,0,0,2,2,1,2,1,0,1,1,2,1,3,0,0,0,0,2,1,0,0,0,1,0,3,1,1,0,0,0,0,0,0,0,0,0,0,3,2,0,0,0,0,4,3,1,1,1,1,0,1,3,0,1,1,3,0,0,1,0,0,1,0,0,2,0,2,1,0,1,0,2,3,1,2,0,1,0,0,0,0,0,0,0,0,2,0,0,0,2,0,0,1,1,1,1,0,1,0,1,1,1,0,1,1,0,0,0,1,0,0,0,1,1,1,1,1,0,2,0,0,0,2,0,2,0,0,0,0,0,0,0,0,1,1,1,0,0,0,2,0,0,1,1,2,1,2,0,2,3,1,0,1,1,0,1,0,1,0,0,1,0,0,0,0,0,0,1,0,2,0,1,1,0,0,0,0,0,0,0,0,0,0,1,2,0,4,0,0,0,1,1,0,1,0,0,0,1,2,3,0,1,1,0,1,1,0,0,1,1,0,0,2,1,0,1,0,0,0,0,1,0,1,1,0,0,0,0,0,0,0,0,0,0,0,0,0,0,0,0,0,0,0,0,0,0,0,0,0,0,0,0,0,1,0,0,0,0,0,0,0,0,0,0,0,0,0,0,0,0,0,0,0,0,0,0,0,1,0,0,0
Q9WVH4,9,6,7,4,3,2,0,9,5,7,3,1,1,0,11,6,11,4,1,4,1,1,4,5,2,3,0,0,3,0,4,1,2,1,0,2,3,2,2,0,3,0,0,0,0,0,1,0,0,6,4,6,1,3,4,1,4,4,8,5,1,5,0,12,9,8,7,0,6,0,5,5,6,4,1,2,0,2,1,3,2,1,1,0,3,6,5,3,0,2,0,0,0,0,0,0,0,0,7,12,10,7,2,2,0,6,8,15,8,5,2,0,11,10,6,3,4,3,1,1,4,11,3,2,2,0,3,3,3,1,0,0,0,3,4,5,0,0,2,1,0,1,1,0,1,0,0,4,1,5,2,1,2,0,2,4,6,4,0,3,0,3,9,7,4,1,1,1,4,2,2,6,2,0,0,2,3,1,1,2,0,0,1,1,2,1,0,0,0,0,0,0,0,0,0,0,4,1,6,1,1,0,0,1,2,4,1,1,1,0,2,3,3,2,2,0,0,1,1,2,0,0,1,0,2,2,1,0,2,1,0,0,1,0,1,1,0,0,0,0,0,0,0,0,0,1,1,5,0,1,2,0,3,4,2,2,1,7,0,1,7,3,3,1,1,0,3,3,0,1,1,0,0,0,1,0,0,0,0,0,1,3,2,1,0,9,0,0,0,0,0,0,1,0,0,0,0,0,0,0,0,0,0,0,0,1,0,0,0,0,0,0,1,0,0,0,0,0,0,0,0,0,1,0,0,0,1,0,0,0,1,0,0,0,0,0,0,0,0,0,0,0,0
Q14449,4,4,2,1,3,1,2,3,3,4,2,2,3,0,1,6,2,5,3,0,0,2,3,4,2,2,1,1,2,2,5,2,1,0,0,2,4,1,1,1,4,0,2,1,1,0,0,0,0,4,5,5,4,3,5,0,4,11,7,6,2,3,0,3,6,3,6,4,3,1,0,7,6,0,3,2,1,1,3,1,4,1,0,1,3,2,6,2,3,0,0,1,1,0,0,0,0,0,2,2,5,2,2,1,0,7,3,7,4,4,5,0,3,5,6,2,0,1,1,4,2,6,2,2,4,0,2,3,2,2,2,1,0,1,1,1,0,2,1,0,1,0,0,0,0,0,1,2,2,1,1,1,4,0,2,6,2,6,1,1,0,3,6,4,2,2,2,0,0,2,2,0,1,0,0,0,5,0,0,3,0,0,0,3,1,0,1,4,0,1,0,1,0,0,0,0,2,1,2,5,0,0,1,3,5,1,1,2,2,2,2,2,3,3,1,0,0,4,3,1,1,0,1,0,2,2,1,2,6,1,0,2,0,0,0,0,0,0,0,1,0,0,0,0,0,3,3,1,1,1,1,1,5,4,4,0,0,1,0,2,5,1,1,1,0,0,1,1,0,0,0,1,0,4,1,2,0,1,0,0,3,4,1,0,1,4,0,0,0,0,0,0,0,0,0,0,1,1,2,1,0,1,1,1,0,0,1,0,0,0,0,1,1,0,0,0,0,0,0,0,0,0,0,0,0,0,0,0,0,0,0,0,0,0,0,0,0,1,0,0,0,0,0
P35568,35,18,15,4,7,8,2,17,11,15,3,7,7,0,14,13,18,5,4,6,3,2,5,7,2,0,2,0,5,7,6,3,6,0,0,4,2,7,1,1,6,0,0,1,1,0,1,0,0,15,13,14,6,3,3,0,8,13,12,13,5,0,1,16,7,23,4,6,5,4,3,12,4,6,4,2,0,12,5,4,4,2,0,1,8,7,1,0,2,5,1,0,1,2,1,1,1,0,15,12,18,2,6,5,0,12,6,20,2,4,4,2,20,14,37,10,6,13,1,7,6,9,4,5,1,0,1,7,7,3,5,0,0,13,6,4,3,0,6,0,1,2,1,1,2,2,0,8,3,2,4,2,1,1,8,7,3,7,3,5,2,0,6,6,7,3,3,1,6,7,1,6,3,1,0,1,3,2,6,5,1,0,1,3,3,0,1,1,0,0,0,0,0,0,0,0,7,7,7,0,3,2,0,6,8,5,4,4,5,1,3,7,6,3,2,2,0,3,4,3,4,4,1,0,4,8,2,2,2,2,1,0,1,0,1,0,1,0,1,1,0,0,0,0,0,8,7,8,1,6,2,0,3,6,7,2,3,3,0,3,3,10,3,2,2,0,0,1,1,2,0,2,0,2,3,1,0,0,0,0,6,5,6,0,2,2,0,0,1,0,0,0,0,0,1,0,0,1,0,0,0,0,1,3,0,2,0,0,2,0,1,0,0,1,0,0,0,1,0,1,0,0,1,0,1,1,1,0,0,0,0,2,1,0,0,0,0,0,0,0,0,0,0
F1MWF1,3,11,11,9,5,7,2,14,11,15,5,6,4,2,13,6,6,7,7,8,5,6,10,3,2,5,3,1,8,1,5,3,4,3,1,6,9,8,2,3,3,2,2,3,0,1,0,0,0,15,14,13,4,8,6,1,14,17,9,7,10,9,0,10,21,14,5,8,8,0,6,9,6,4,5,3,0,6,5,4,3,6,5,1,6,5,7,4,6,6,2,1,1,0,0,2,0,0,8,10,15,7,3,7,0,15,14,17,10,4,5,1,6,15,6,7,1,4,2,4,3,10,4,5,2,0,5,4,4,3,2,6,2,4,7,5,6,3,3,0,2,1,3,2,0,2,0,8,6,5,3,3,5,0,5,9,10,3,2,7,1,2,7,8,3,3,2,0,3,6,2,2,2,2,1,3,5,3,5,3,2,1,2,4,5,2,2,1,0,0,0,1,0,0,1,0,7,5,5,2,2,5,2,3,4,4,3,3,6,0,7,5,1,3,5,4,1,6,4,1,3,2,3,0,3,3,6,1,3,3,1,5,4,3,3,2,2,1,1,3,3,0,0,0,0,5,9,2,4,4,2,1,8,8,9,4,4,3,0,9,10,4,3,2,2,2,5,3,3,3,2,2,0,3,5,2,4,1,1,1,4,6,3,1,1,7,0,1,2,0,1,1,0,0,2,2,1,1,0,1,0,2,2,2,1,1,2,0,3,2,2,0,0,0,0,0,2,0,0,1,1,0,0,0,2,0,1,0,0,0,1,2,0,0,0,0,0,0,0,0,0,0,0
O14901,6,5,5,4,1,3,1,7,11,6,3,3,3,1,6,3,3,4,1,1,1,2,4,1,2,1,0,0,3,1,1,1,0,2,1,3,0,3,1,1,1,0,0,1,0,1,0,0,0,6,12,2,0,2,2,1,7,8,9,1,6,3,1,4,3,6,5,1,5,3,3,2,3,0,0,2,1,2,3,1,1,4,1,1,4,4,1,1,1,1,0,2,2,0,0,0,0,0,3,8,2,2,1,1,0,2,6,1,3,2,4,1,3,5,5,3,4,0,1,4,4,3,0,4,1,1,1,2,2,2,3,1,0,2,1,5,2,0,0,1,3,0,2,1,0,0,0,4,3,2,1,2,0,0,4,4,3,0,1,1,1,0,0,4,0,3,1,1,2,0,1,0,0,0,0,0,2,2,0,3,0,0,0,1,2,0,0,1,0,0,1,1,0,0,0,0,2,1,1,1,1,1,0,1,4,2,2,1,0,0,0,4,2,1,0,2,0,1,2,1,0,1,0,0,1,1,2,1,2,4,1,3,1,2,0,0,0,2,1,1,0,0,0,1,0,3,1,5,2,1,1,0,2,2,4,1,0,0,0,3,4,0,3,2,2,0,0,1,1,0,1,1,0,0,1,1,0,0,0,0,1,1,1,0,0,0,0,2,1,0,0,0,0,0,1,4,1,0,1,1,0,2,0,2,1,0,1,0,1,0,1,1,0,0,0,0,1,0,1,0,0,0,0,0,0,0,0,0,0,0,1,0,0,0,0,0,0,0,0,0,0,0,0
A2A935,11,10,9,6,6,3,0,10,13,12,4,6,6,3,13,6,9,6,2,4,0,3,3,2,9,2,0,0,6,7,5,0,3,5,0,3,4,8,2,6,4,2,0,1,1,1,1,2,0,10,15,8,2,7,10,0,15,30,18,12,5,7,1,8,27,11,5,10,6,0,5,8,9,6,7,4,2,8,3,4,0,6,5,1,3,13,10,1,2,10,0,2,1,1,1,1,1,0,13,13,11,3,1,4,0,11,19,19,8,3,6,0,8,12,9,9,3,5,1,4,6,5,7,1,1,0,3,7,2,4,3,6,3,3,8,5,3,2,5,0,2,0,0,0,0,0,0,3,8,1,2,1,3,1,4,12,4,7,1,3,0,5,5,7,1,6,2,0,4,7,6,0,5,3,0,4,4,2,4,4,1,1,1,2,1,2,0,3,2,1,1,1,0,1,0,0,3,3,4,4,7,5,3,7,6,8,6,1,7,2,2,5,3,1,2,2,0,0,4,0,3,4,0,2,3,6,1,3,2,4,0,5,1,6,1,5,4,2,0,1,1,1,2,2,0,4,5,6,1,3,3,2,5,6,6,1,9,10,1,8,11,7,2,3,6,0,3,2,4,0,1,1,0,5,7,0,1,0,3,2,7,8,7,1,1,16,3,0,2,2,0,2,3,0,1,0,1,1,1,1,0,0,2,0,2,2,0,0,1,0,1,0,2,1,1,0,1,0,0,0,2,0,0,3,2,1,1,0,0,2,2,0,1,2,1,0,0,0,0,0,0,0,0
Q9NTG7,13,2,6,3,5,5,0,1,7,5,1,2,4,1,7,3,2,0,0,1,2,2,5,1,0,0,0,0,3,6,0,2,0,5,0,4,5,1,1,1,1,0,1,0,0,0,0,0,0,6,2,5,0,3,4,0,7,13,2,0,7,9,0,2,6,3,1,2,1,0,1,0,1,3,1,0,0,4,6,2,3,0,0,1,7,4,1,0,3,1,0,0,0,0,0,1,0,0,4,5,1,2,2,2,0,3,4,4,0,2,1,0,3,4,0,0,1,0,0,2,0,1,1,0,0,0,1,2,0,0,1,0,0,1,0,0,0,1,1,0,1,0,1,0,0,0,0,2,4,0,1,0,1,0,1,7,1,1,2,0,0,2,0,2,0,0,0,0,1,2,1,0,0,0,0,0,0,0,0,1,0,0,0,0,0,0,0,0,0,2,0,0,0,0,0,0,5,2,1,1,2,0,0,6,4,1,3,0,2,0,1,0,0,1,1,1,0,2,3,0,0,0,0,2,1,1,0,0,0,0,0,2,2,1,1,0,0,0,1,0,0,0,0,0,0,4,5,2,0,3,1,0,2,3,2,1,3,0,0,0,1,1,2,0,0,0,0,2,0,0,0,0,0,2,0,2,2,0,0,0,1,0,1,0,1,0,0,0,0,0,0,0,0,0,0,1,1,1,1,0,1,0,0,0,0,0,0,0,1,0,0,0,0,0,0,0,0,0,0,0,0,0,0,1,0,0,0,0,0,0,0,0,0,0,0,0,0,0,0,0,0,0,0
P56726,9,15,6,2,6,1,1,18,15,11,5,6,2,3,9,8,5,4,1,2,0,10,1,2,2,2,1,3,4,3,3,0,1,3,1,5,2,3,3,2,2,1,1,2,1,1,0,0,0,11,21,10,2,4,3,3,15,17,8,9,3,7,2,9,7,8,2,4,1,2,4,5,4,4,0,2,1,3,4,2,1,4,1,1,4,6,2,3,2,1,2,4,2,0,0,1,0,0,10,11,5,5,1,3,0,5,12,3,3,2,5,0,11,3,5,3,1,1,0,4,4,4,2,2,0,0,2,3,5,1,2,1,0,4,0,2,2,1,0,0,0,1,0,0,1,0,0,5,3,6,6,2,2,0,4,6,3,0,4,2,1,2,2,3,2,5,2,0,3,4,1,0,0,1,1,0,3,1,1,0,0,1,3,1,1,0,0,1,1,0,2,1,1,1,0,0,3,5,1,2,0,0,1,5,5,5,2,1,2,0,4,3,2,3,2,0,0,0,1,1,0,2,1,0,3,3,3,1,9,1,0,2,1,1,2,1,0,0,1,0,1,1,0,0,0,2,4,2,2,2,6,0,3,4,2,1,0,1,1,0,5,1,2,1,2,0,1,4,2,2,0,2,0,0,1,0,0,4,1,0,0,1,2,1,0,1,0,0,0,0,2,1,1,0,0,1,0,2,0,3,0,4,2,1,0,0,0,0,0,2,0,0,0,1,0,2,1,2,0,0,0,0,0,3,0,1,0,0,0,0,1,0,0,0,0,0,0,0,0,0,0,0,0
P38646,17,10,7,4,5,5,1,8,9,5,3,4,3,0,5,8,5,5,2,6,0,4,2,4,2,7,2,1,3,5,4,3,0,4,0,10,6,3,2,3,1,0,0,0,1,0,0,0,0,12,6,5,6,5,6,0,6,2,5,2,4,3,0,6,4,4,2,2,2,0,4,2,2,1,2,2,0,2,3,2,2,1,1,0,2,4,4,2,3,5,1,0,0,0,0,0,0,0,8,5,7,3,3,5,0,9,3,5,2,2,5,0,4,4,1,2,2,1,0,4,2,1,2,1,3,0,2,0,5,0,4,2,0,1,2,3,3,5,0,0,0,0,0,0,0,0,0,3,3,2,0,2,5,0,6,2,2,2,0,2,0,3,2,2,1,1,2,0,1,2,1,0,1,1,0,4,4,0,2,1,1,0,4,3,0,0,3,1,0,1,1,0,0,0,1,0,3,6,4,2,2,2,0,5,3,2,1,1,4,0,7,8,1,1,2,1,0,1,3,1,0,0,3,2,3,2,4,0,2,1,0,4,1,1,0,2,3,0,0,0,0,0,0,0,0,6,2,6,7,1,2,0,5,3,2,3,0,4,0,6,0,1,1,4,2,0,1,3,2,1,0,0,0,4,2,5,3,4,2,0,3,1,3,0,4,1,0,0,0,0,0,1,0,0,0,0,0,0,1,0,0,1,0,0,0,0,0,0,0,0,0,1,0,0,0,0,0,0,0,0,0,0,1,0,0,0,0,0,0,0,0,0,0,0,1,0,0,0,0,0,0,0,0
Q3UJU9,4,5,4,0,3,5,0,4,5,1,3,4,3,0,4,3,6,2,2,6,0,2,3,1,1,2,1,0,2,3,2,1,1,3,0,6,3,3,3,2,3,0,0,2,0,0,0,0,0,8,5,5,1,3,4,1,7,5,3,2,1,2,0,2,2,2,3,1,2,0,3,3,3,1,0,0,1,0,0,2,2,2,1,0,1,3,1,2,2,5,0,0,0,0,0,0,0,0,3,2,6,4,2,2,0,6,2,4,0,0,1,0,5,2,2,0,1,3,0,0,4,1,0,2,0,0,3,0,0,1,3,1,0,2,2,3,0,3,4,1,0,0,0,1,1,0,0,0,1,3,0,1,2,1,4,4,1,2,1,4,0,3,1,1,0,3,0,1,0,3,0,0,0,1,0,3,0,2,2,1,0,0,1,0,0,0,1,1,0,1,0,0,0,0,0,0,2,4,4,2,1,2,0,2,1,1,1,0,1,0,3,3,1,1,0,0,1,0,3,2,2,1,0,0,4,2,1,1,2,2,0,1,2,3,2,1,0,0,0,0,0,0,0,0,0,3,2,1,3,2,5,0,3,2,2,3,1,3,0,1,2,2,1,1,4,0,3,0,2,0,2,1,0,3,1,1,1,3,2,0,5,4,1,1,2,4,0,0,0,1,0,0,0,0,1,0,0,0,0,0,0,1,1,0,0,0,0,0,1,0,0,0,0,0,0,0,0,0,0,1,0,0,0,0,1,0,0,0,0,0,0,0,0,0,0,0,0,0,0,0,0,0,0
P21796,2,5,3,1,1,0,0,6,1,1,5,3,3,0,3,3,2,2,2,3,0,1,1,1,0,2,1,0,2,1,3,1,0,0,0,0,2,1,1,1,0,0,0,0,0,0,0,0,0,3,7,3,1,1,1,0,3,0,1,0,0,0,0,2,5,2,2,0,0,0,2,2,3,0,0,2,0,1,4,1,1,1,0,0,1,5,3,0,0,1,0,1,0,0,0,0,0,0,3,3,3,0,3,1,0,3,1,4,0,2,2,1,1,2,1,1,0,2,0,3,2,4,2,1,1,0,3,2,3,0,0,0,0,0,4,2,0,0,0,1,0,0,0,0,0,0,0,3,1,1,2,2,1,0,0,0,1,2,0,2,0,2,1,1,4,1,0,0,1,0,0,0,1,0,0,1,0,1,0,1,1,0,0,0,2,0,1,1,0,0,0,0,0,0,0,0,1,2,4,1,0,1,0,2,1,2,0,1,1,0,2,1,1,1,3,1,0,2,0,1,0,0,0,0,1,0,1,1,0,0,0,0,0,1,0,0,0,0,0,0,0,0,0,0,0,0,0,2,0,0,0,0,2,1,2,2,2,2,0,3,1,0,3,2,1,0,1,0,0,0,0,0,0,1,0,0,0,1,0,0,1,0,1,0,0,0,0,1,0,0,0,0,0,0,0,1,0,0,0,1,0,0,0,0,0,0,0,0,0,0,0,0,0,0,0,0,0,0,0,0,0,0,0,0,0,0,0,0,0,0,0,0,0,0,0,0,0,0,0,0,0,0,0
O75376,25,15,20,4,6,14,0,12,16,23,12,7,14,0,16,24,18,10,9,11,1,4,3,16,12,2,5,0,8,10,16,7,8,10,1,11,18,14,8,3,8,0,1,2,0,0,0,1,0,13,15,17,6,10,16,2,21,34,37,19,10,15,0,31,31,26,7,18,14,1,11,9,15,12,9,12,2,10,10,11,7,5,12,1,8,13,10,8,5,8,1,0,0,0,1,0,0,0,20,26,16,19,18,12,1,24,36,32,12,18,11,1,27,27,21,11,14,7,0,11,13,8,6,7,8,0,16,9,18,9,9,4,1,9,3,11,11,7,8,1,0,0,2,0,0,0,0,7,5,14,6,6,4,0,7,19,10,4,8,3,0,12,20,16,5,8,4,0,5,14,7,15,9,9,0,4,8,8,8,8,5,1,11,10,10,5,6,6,0,0,3,0,0,0,0,0,10,12,9,5,9,6,0,7,13,12,12,4,4,0,13,15,13,10,10,9,0,3,5,9,6,6,7,1,8,9,9,2,9,7,0,7,6,9,9,15,10,0,1,1,0,1,0,1,0,8,10,12,2,11,10,1,8,17,12,9,8,6,0,11,17,14,10,7,5,0,6,7,9,8,9,7,0,5,6,8,4,5,18,0,8,8,10,5,10,13,0,1,0,0,1,0,0,0,1,1,1,0,0,0,0,0,1,2,2,1,0,0,2,0,0,0,0,0,0,2,0,1,0,0,0,0,0,0,0,0,0,0,0,0,2,0,0,0,0,0,0,0,0,0,0,0,0
Q63503,2,4,5,2,1,3,0,5,7,8,1,3,4,0,9,6,5,4,3,0,0,2,7,7,2,3,1,0,2,4,2,0,0,0,2,2,2,0,1,2,1,1,1,0,0,0,0,0,0,4,7,5,4,4,3,0,5,3,11,3,4,2,1,11,8,16,2,6,1,1,1,1,4,5,1,1,0,4,1,3,2,0,3,1,2,3,0,3,2,2,0,3,2,0,0,2,0,0,5,7,9,8,2,0,0,8,7,11,5,2,4,5,8,10,13,1,2,5,0,1,5,2,3,0,2,0,3,2,2,2,1,1,0,1,3,2,1,0,2,0,0,0,0,1,0,0,0,2,4,2,3,1,1,0,3,3,8,4,3,1,0,1,9,2,2,0,3,0,3,3,3,3,1,1,2,1,4,1,2,0,1,0,1,0,1,3,1,0,0,0,0,1,1,1,0,0,3,4,2,2,0,1,0,5,6,1,0,1,1,1,0,5,3,2,0,0,0,3,2,0,0,3,0,0,0,3,1,0,0,0,0,1,0,2,1,1,0,0,1,1,0,1,0,0,0,1,1,4,0,1,0,1,1,2,5,0,0,0,0,2,4,1,1,0,0,0,2,3,1,2,1,0,1,2,1,1,1,1,0,0,1,0,3,1,0,1,0,1,0,0,0,0,0,0,0,1,0,3,1,1,0,0,1,1,0,1,0,0,0,0,0,1,0,0,0,0,1,0,1,0,1,0,0,0,0,1,2,0,0,0,0,0,0,0,0,0,0,0,0,0,0,0,0
O88848,1,0,1,1,0,1,0,0,3,1,0,0,1,1,0,2,2,1,1,1,0,3,1,1,0,0,0,0,1,1,0,0,0,0,0,1,0,1,1,2,0,0,0,1,0,0,0,0,0,0,5,3,2,0,2,0,3,5,2,1,1,0,0,0,3,2,0,0,2,0,0,0,1,2,1,2,0,0,1,0,1,1,4,0,0,1,1,1,0,1,0,0,2,0,0,0,0,0,0,0,1,0,1,0,1,2,0,2,0,2,0,0,1,0,1,1,2,2,0,1,0,0,0,0,2,0,3,2,0,1,0,0,0,0,4,0,0,1,0,0,0,0,0,0,0,0,0,0,1,1,1,0,2,0,1,2,0,3,1,0,0,1,1,0,1,0,0,0,0,2,0,0,0,0,0,0,1,1,0,0,0,0,1,1,0,2,0,0,0,0,0,0,0,0,0,0,2,0,2,1,0,0,0,2,0,1,0,3,2,0,0,0,1,0,1,0,0,1,1,0,0,1,0,0,0,1,0,1,1,0,0,0,2,1,0,1,0,0,0,0,0,0,0,0,0,1,0,0,0,1,0,0,3,1,1,1,0,1,1,1,0,1,0,1,0,0,0,3,1,0,0,0,0,1,2,1,0,1,0,0,0,0,0,0,1,0,0,0,0,0,0,0,0,0,0,0,0,0,0,0,0,1,1,0,1,0,0,0,0,0,0,0,0,0,0,0,0,0,0,0,0,0,0,0,0,0,0,0,0,0,0,0,0,0,0,0,0,0,0,0,0,0,0
Q02248,15,4,12,7,5,8,1,8,12,4,4,6,7,1,7,5,4,5,4,7,2,2,2,5,2,2,4,1,3,4,3,3,1,0,0,7,4,3,6,4,3,0,0,1,1,0,0,0,0,11,9,8,6,4,8,1,16,7,4,10,5,1,0,4,1,4,4,3,2,0,8,4,3,7,3,1,0,4,1,2,4,1,2,0,6,3,8,1,0,4,1,0,1,0,1,0,1,0,12,8,4,0,1,3,0,7,6,2,8,1,10,0,3,8,6,2,5,1,1,1,9,2,3,0,0,0,5,3,3,3,1,0,0,6,4,0,5,0,0,0,2,0,0,0,1,0,0,5,9,5,2,3,2,0,6,7,4,1,2,1,2,5,8,4,2,1,2,0,9,3,6,4,1,0,1,0,4,6,0,0,0,0,0,1,2,2,1,1,0,1,0,1,0,0,0,0,5,5,2,1,1,0,0,4,7,2,0,0,0,0,4,4,4,2,0,2,0,3,3,3,2,1,0,0,0,0,2,1,1,1,0,1,1,1,1,0,1,0,0,0,0,0,0,0,0,4,7,2,2,0,5,0,3,4,2,3,0,3,0,4,7,4,0,2,1,0,3,2,3,5,3,2,0,1,1,0,1,1,2,0,0,2,3,3,1,3,0,0,1,0,0,0,0,0,0,0,2,0,0,1,0,3,0,0,0,0,0,0,1,1,0,0,0,0,0,0,0,0,1,0,0,0,1,0,0,0,0,0,0,0,0,1,0,0,0,0,0,0,0,0,0,0,0
P11881,14,17,15,10,13,16,2,20,30,27,20,12,15,2,17,17,12,10,9,8,1,9,12,15,4,12,8,1,5,13,13,3,4,8,4,16,15,9,10,6,9,0,0,6,0,2,1,2,0,25,34,14,17,12,14,1,31,43,30,35,25,27,6,18,19,24,13,7,17,1,13,23,12,14,20,9,1,9,17,18,11,6,11,4,20,19,14,15,13,13,1,0,4,5,2,0,4,0,13,26,13,11,13,7,4,20,34,12,14,11,12,1,24,17,18,17,7,10,2,10,12,8,8,9,9,2,5,12,7,7,5,7,0,10,12,7,12,7,8,3,1,4,0,2,1,0,0,14,17,12,6,2,6,2,15,28,11,7,6,9,0,11,17,15,9,5,6,1,7,11,10,9,6,5,3,10,18,7,6,7,9,0,10,7,9,3,4,13,1,4,1,1,3,3,0,0,9,11,8,4,3,7,1,12,31,10,5,10,10,2,13,14,9,5,6,9,1,6,6,9,7,6,9,2,6,6,4,10,5,4,0,7,12,11,8,7,7,0,1,7,0,0,0,0,0,10,18,12,12,6,14,1,18,24,6,7,8,18,3,4,17,17,3,8,7,2,10,12,8,7,4,6,3,8,11,8,8,6,12,0,10,17,7,2,15,6,1,1,2,2,0,1,0,0,2,2,0,1,1,1,0,1,7,3,4,4,4,1,0,3,1,1,1,2,0,4,0,2,2,0,1,0,0,3,0,0,2,1,0,0,2,1,0,1,2,0,0,0,0,0,0,0,0
Q9UBK2,0,4,4,1,0,0,1,6,5,1,2,0,1,0,1,6,3,2,2,2,2,0,2,2,2,1,1,0,0,3,0,3,2,1,0,1,5,2,4,2,3,1,0,1,0,0,0,1,0,7,2,4,0,3,5,0,4,5,14,5,3,5,0,7,8,7,3,10,7,1,5,1,3,1,4,3,0,2,3,2,3,5,4,0,5,6,9,5,0,3,0,0,1,0,0,0,0,0,0,3,3,3,2,6,0,6,9,8,5,4,7,0,4,10,5,3,5,5,5,2,4,8,2,2,3,1,3,7,17,5,3,2,1,1,6,8,5,5,4,0,0,3,3,2,1,2,0,1,2,4,3,1,3,0,0,6,4,2,2,2,0,2,6,4,7,5,2,0,3,0,5,4,0,1,2,1,1,4,4,2,1,0,1,4,6,3,0,2,0,0,1,2,0,0,0,0,1,1,1,1,2,0,1,1,6,5,1,6,4,0,2,4,10,3,9,2,1,1,4,3,2,5,3,0,1,4,7,1,1,3,0,1,2,3,1,3,2,0,0,1,1,0,0,0,0,1,3,3,0,1,4,0,4,4,7,1,3,9,1,1,4,6,4,5,9,2,3,5,5,4,0,4,0,0,5,1,2,3,0,1,3,5,3,2,2,4,0,0,0,1,0,0,0,0,0,0,0,0,0,0,0,0,1,4,1,1,0,0,0,1,2,0,2,2,0,0,0,0,0,1,1,0,0,0,0,0,0,1,0,0,1,0,1,0,1,0,0,0,0,0,0,0,0
P30405,0,2,1,4,1,2,0,3,3,2,1,1,0,0,2,2,2,0,3,0,1,3,0,1,1,2,0,1,2,2,2,1,0,1,0,2,2,1,0,1,0,0,0,0,0,0,1,1,0,6,3,2,0,3,0,0,3,1,0,2,3,0,0,1,2,1,0,1,1,1,2,0,1,0,1,3,0,1,1,1,0,2,0,0,2,1,0,0,0,0,0,0,0,0,0,0,0,0,0,3,1,2,2,1,1,2,2,2,2,0,2,0,1,2,4,0,1,0,0,0,1,0,0,0,0,0,2,3,1,0,0,0,0,0,1,0,0,0,0,0,1,2,0,0,0,0,0,0,1,2,0,0,1,1,1,0,1,0,0,0,0,1,1,0,1,0,0,0,0,0,1,1,0,0,0,1,1,1,0,0,0,0,1,0,1,0,0,1,0,0,0,1,0,0,0,0,3,1,1,2,0,1,0,3,1,2,1,0,1,0,4,0,1,0,0,0,1,0,1,0,0,0,0,0,1,0,1,0,0,0,0,1,0,0,0,0,0,0,0,0,0,0,0,0,0,1,0,3,0,1,1,0,1,1,1,1,1,0,0,1,1,0,0,1,0,0,0,0,0,0,0,0,0,1,0,0,0,0,0,0,0,1,0,0,0,0,0,0,0,0,0,0,0,0,0,0,0,0,1,0,0,1,1,0,0,0,0,0,0,1,0,0,0,0,0,0,0,0,0,0,0,0,0,1,0,0,0,0,0,0,0,1,0,0,0,0,0,0,0,0,0,0,0
Q15907,4,2,2,1,4,0,0,1,2,3,2,1,2,0,0,1,2,0,0,2,0,0,1,1,1,0,2,0,1,3,2,0,0,1,0,1,0,1,0,0,2,0,0,0,0,0,0,0,0,3,1,2,0,2,1,0,3,0,2,2,0,0,0,0,2,1,0,2,2,0,1,1,2,2,5,0,0,0,0,2,2,0,0,0,2,0,3,1,1,0,0,0,0,0,0,0,0,0,0,3,2,0,0,0,0,3,3,0,2,1,2,0,1,3,0,0,1,2,0,0,0,0,0,0,0,0,2,0,2,1,0,1,0,2,3,1,1,0,2,0,0,0,0,0,0,0,0,3,1,0,0,1,1,0,0,0,1,1,2,1,0,1,0,1,0,1,1,0,1,0,0,0,1,0,1,1,2,1,1,0,2,0,0,0,1,0,1,0,0,0,0,0,0,0,0,1,1,1,0,0,0,2,0,1,1,1,2,0,2,0,2,3,1,0,1,1,0,2,1,1,0,0,0,0,0,0,0,0,0,0,0,3,0,0,1,0,0,0,0,0,0,0,0,0,0,2,3,0,4,0,0,0,1,1,0,1,0,0,0,1,2,2,0,1,1,0,2,1,0,0,1,0,0,0,2,1,0,0,0,0,1,0,1,1,1,1,0,0,0,0,0,0,0,0,0,0,0,0,0,0,0,0,0,0,0,0,0,0,0,0,0,0,0,0,0,0,1,0,0,0,0,0,0,0,0,0,0,0,0,0,0,0,0,0,0,0,0,0,0,1,0,0,0
P70452,1,2,2,2,1,0,0,2,4,1,2,2,0,0,3,2,2,2,0,2,0,0,0,3,2,4,1,0,2,1,1,1,2,1,0,0,0,2,0,1,2,0,0,1,0,0,0,0,0,3,3,1,2,1,1,0,2,2,3,2,0,3,0,4,2,0,2,1,1,0,1,0,1,3,3,1,0,3,1,0,1,0,1,0,1,1,1,3,2,3,0,0,0,0,0,0,0,0,1,4,2,2,1,0,1,2,2,1,1,1,1,0,0,1,0,2,0,1,0,4,0,2,0,2,2,1,0,0,1,0,1,2,0,3,2,1,0,1,1,0,0,0,0,0,0,0,0,1,0,2,0,3,0,0,2,2,1,0,0,3,0,1,2,1,1,2,2,0,0,2,2,0,1,1,0,1,3,2,0,1,3,0,1,2,0,1,0,1,0,0,0,0,0,1,0,0,1,1,2,1,2,2,0,0,1,2,3,1,2,0,1,0,1,1,1,2,0,0,4,0,1,0,0,0,1,1,1,1,2,0,0,2,3,0,0,2,0,0,0,0,0,0,0,0,0,0,1,2,3,0,2,0,2,1,2,1,2,2,0,2,1,0,3,0,0,0,1,2,1,0,0,0,0,2,3,2,1,0,0,0,1,2,2,0,2,5,0,0,0,0,0,0,0,0,0,0,0,0,0,0,0,1,0,0,0,0,0,0,0,0,0,0,0,0,0,0,0,0,0,0,0,0,0,0,0,1,0,0,0,0,0,0,0,0,0,0,0,0,0,0,0,0,0
Q60770,2,5,3,1,2,2,0,2,6,1,6,1,4,1,5,2,1,0,4,0,0,0,3,3,3,2,1,0,1,3,2,1,1,4,0,1,2,5,0,3,2,1,1,0,0,0,1,0,0,6,6,4,0,4,5,0,8,9,6,2,6,3,1,3,9,4,2,3,3,0,2,5,4,0,2,5,0,2,2,5,5,3,3,0,0,3,3,2,5,4,0,0,1,0,0,1,1,0,3,6,1,7,3,2,2,5,5,4,6,2,5,0,4,5,2,0,2,3,1,0,0,2,1,2,0,0,3,5,5,2,2,1,2,0,2,2,2,1,3,0,0,0,3,0,0,1,0,3,1,0,1,0,1,0,2,4,4,1,1,2,0,1,3,1,2,2,1,1,1,1,1,0,2,0,0,3,1,3,2,2,0,0,2,4,1,1,1,2,0,0,0,0,0,0,0,0,1,1,1,3,3,2,0,1,5,5,1,5,1,0,4,5,4,1,5,2,2,3,3,1,0,3,2,0,0,4,3,1,0,3,1,1,4,2,0,3,1,1,0,1,0,0,1,1,1,0,2,3,0,0,2,0,7,6,4,2,4,1,1,6,2,3,0,3,1,0,0,2,0,1,0,2,0,2,3,3,1,3,1,1,2,10,2,0,1,4,0,0,0,1,1,0,0,0,0,0,1,0,0,0,0,0,0,0,0,1,1,0,1,1,2,0,1,0,0,0,0,0,0,0,1,0,0,0,2,0,1,0,0,1,0,0,0,0,2,0,0,0,1,0,0,0,0
Q57UH8,4,2,4,1,2,2,1,0,5,0,0,1,1,0,2,3,0,2,1,2,0,0,2,2,1,0,0,0,3,2,0,0,1,1,0,0,1,1,1,0,0,0,0,1,1,0,0,0,0,2,1,1,1,2,1,1,3,3,1,1,0,2,0,1,0,2,0,0,1,0,0,0,1,0,1,3,0,1,1,1,0,1,0,0,2,1,1,0,1,1,0,0,0,0,0,0,0,0,3,1,2,1,1,0,0,2,0,1,1,0,1,0,0,1,2,1,1,2,0,2,0,0,0,1,1,0,3,0,1,1,0,0,0,2,1,0,2,0,0,0,0,0,0,0,0,0,0,1,2,1,0,0,0,0,1,1,0,1,1,1,0,2,1,0,0,0,0,0,0,1,0,0,0,0,0,0,1,2,0,0,0,0,1,1,2,0,0,0,0,0,0,0,0,0,0,0,4,0,2,1,1,0,0,1,0,1,1,1,1,0,2,0,1,1,1,0,0,1,0,0,0,0,0,0,1,1,1,0,0,0,0,0,1,0,0,0,0,0,0,0,0,0,0,0,0,2,1,1,1,0,0,0,2,1,1,1,0,0,0,0,0,2,0,2,0,0,1,2,0,0,1,0,0,0,0,0,0,1,0,0,0,0,0,1,0,0,0,0,0,0,0,0,0,0,0,0,0,0,0,0,0,0,0,0,0,1,0,0,1,0,0,0,0,0,0,0,0,0,0,0,0,0,0,0,0,0,0,0,0,0,0,0,0,0,0,0,0,0,0,0,0,0,0
P63044,1,3,2,1,0,2,0,1,4,0,0,0,0,0,2,0,2,0,0,0,0,2,1,1,0,0,0,0,0,0,1,0,0,2,0,2,0,0,0,0,1,0,0,1,0,0,0,0,0,3,1,1,0,1,1,1,4,7,1,0,0,0,0,1,0,1,0,0,0,0,0,1,1,0,1,0,0,1,0,0,1,1,0,0,1,0,1,0,0,0,0,0,0,0,0,0,0,0,2,1,1,0,0,0,0,0,0,1,1,1,1,0,0,2,0,0,1,1,0,0,0,0,1,0,0,0,0,1,0,0,1,0,0,0,1,0,0,0,0,0,0,0,0,0,0,0,0,0,0,0,1,1,0,0,1,1,0,0,1,0,0,1,0,1,1,1,0,0,0,1,1,0,0,0,0,0,0,0,1,0,0,0,0,0,0,0,1,0,0,0,0,0,0,0,0,0,1,0,0,0,0,0,0,0,0,0,1,1,0,0,0,1,0,0,0,0,0,0,0,1,1,0,1,0,0,1,0,1,1,0,0,1,1,0,0,0,1,0,0,0,0,0,0,0,0,2,0,0,2,1,0,0,1,0,0,1,0,1,0,0,1,0,0,0,0,0,0,0,0,0,0,0,0,0,0,0,0,0,1,0,1,1,0,0,0,0,0,0,0,0,0,0,0,0,0,0,0,0,0,0,0,1,0,0,0,0,0,0,0,0,0,0,0,0,0,0,0,0,0,0,0,0,0,0,0,0,0,0,0,0,0,0,0,0,0,0,0,0,0,0,0,0,0
P67870,0,0,0,2,0,1,0,1,2,2,1,1,1,0,2,5,0,0,0,0,0,0,2,0,1,1,2,0,0,2,0,1,0,0,0,1,0,2,0,0,1,1,0,1,0,0,0,0,0,0,2,4,2,1,0,1,2,1,4,0,0,3,0,1,1,1,2,3,3,0,1,3,4,2,0,1,0,1,2,1,0,1,1,0,1,2,2,1,0,1,0,0,0,2,0,0,0,0,2,2,1,0,1,3,0,1,2,1,4,2,0,0,1,0,2,0,1,0,0,1,2,0,2,0,0,0,2,2,0,0,0,1,0,1,2,0,0,0,1,0,0,0,0,0,1,0,0,0,2,1,0,1,0,0,2,2,1,3,2,0,0,3,2,0,0,1,0,0,1,1,1,1,1,1,0,0,0,2,0,0,0,0,0,1,0,1,0,1,1,0,0,0,0,0,0,0,0,1,1,1,0,0,0,3,0,2,1,1,0,2,0,0,1,1,0,1,0,0,0,1,0,0,0,0,0,1,0,0,0,0,0,0,1,0,1,0,0,0,0,0,0,0,0,0,0,1,1,0,1,0,1,0,1,2,1,1,0,3,0,0,1,1,2,0,0,1,1,2,0,0,0,0,0,0,0,0,0,0,0,0,1,2,1,0,0,2,0,0,1,1,0,0,0,0,0,0,0,0,0,0,0,0,1,0,1,0,0,0,2,1,0,0,0,0,0,0,0,0,0,0,0,0,0,1,0,0,0,0,0,0,0,0,0,0,0,0,0,0,0,0,0,0,0
Q8C1Z7,9,5,5,2,4,3,1,5,7,3,5,3,1,0,3,4,1,4,4,3,0,3,3,3,1,1,1,0,0,0,2,3,5,1,1,4,2,3,1,0,0,0,1,0,1,1,0,0,0,8,3,4,5,4,1,1,6,6,5,7,3,3,1,3,5,4,3,1,2,0,5,7,2,4,1,4,1,4,2,1,3,1,0,0,4,7,2,2,1,1,0,0,0,2,0,0,0,0,4,4,3,1,1,3,0,6,7,2,1,0,5,0,2,5,3,0,0,0,1,4,4,2,1,0,2,0,1,3,3,1,2,0,0,2,2,1,3,1,0,1,1,0,0,0,0,0,0,1,7,2,0,3,1,0,4,4,4,8,2,0,0,2,3,2,2,2,2,0,0,3,2,2,1,0,1,1,2,1,1,0,1,0,1,4,1,1,3,0,0,0,1,0,0,1,0,0,3,4,0,1,0,1,0,1,3,2,2,1,1,1,3,2,0,2,3,0,0,1,2,2,1,2,2,0,2,2,3,1,1,2,0,2,2,1,0,1,0,0,1,0,0,0,0,0,0,2,1,6,3,0,0,1,3,4,2,1,2,6,0,2,1,1,1,0,3,0,1,2,2,0,1,1,0,1,2,0,1,2,0,0,0,1,0,0,0,0,0,0,1,0,0,0,0,0,2,0,0,0,0,1,0,1,0,0,0,0,1,0,1,1,0,1,0,0,0,0,1,0,0,0,0,0,0,0,0,0,0,1,0,0,0,0,0,0,0,0,0,0,0,0,0,0,0
Q8K2G4,8,5,1,3,2,6,1,6,8,3,1,1,3,1,4,7,2,2,1,3,0,1,5,3,1,0,2,2,0,5,3,2,5,1,0,7,7,3,4,3,3,0,1,1,0,0,0,2,0,5,8,5,1,5,7,0,6,7,6,5,6,6,3,6,13,8,6,2,3,0,3,6,5,0,2,4,0,1,8,4,2,1,8,0,0,5,9,2,2,2,0,0,3,0,0,1,0,0,3,3,6,3,4,7,2,5,7,12,5,6,3,0,10,7,3,4,2,1,0,5,1,2,5,3,2,0,3,5,0,2,0,0,0,3,5,3,1,1,1,1,0,0,0,0,0,0,0,1,2,2,3,1,3,0,3,4,8,3,4,2,0,2,3,3,3,1,5,0,0,4,3,0,0,2,0,3,1,1,1,1,1,0,2,5,2,1,2,0,0,1,0,1,0,1,0,0,4,1,1,3,1,2,0,5,1,4,4,3,4,0,2,5,5,0,1,2,0,1,2,3,2,1,0,0,2,0,4,0,2,1,0,3,3,0,6,0,0,0,0,0,0,0,0,1,0,3,3,4,1,3,2,1,3,11,5,2,4,2,0,4,3,5,2,2,1,0,2,6,1,1,2,2,1,3,2,1,2,0,1,1,1,1,1,1,2,0,0,0,0,2,0,0,0,0,1,1,0,0,0,0,0,3,1,0,0,0,0,0,0,0,1,1,1,0,0,0,0,0,0,0,0,0,0,0,2,0,0,0,0,1,1,0,0,0,0,1,0,0,0,0,0,0,0
P11021,15,7,8,3,4,5,1,3,6,5,3,3,6,0,8,9,3,2,2,4,0,2,3,2,1,2,2,0,2,5,2,3,2,3,0,2,7,2,3,4,2,0,0,0,1,0,0,0,0,10,6,5,1,3,0,0,4,8,2,5,7,3,1,9,8,1,0,1,2,0,1,2,3,5,1,2,0,3,3,7,4,2,6,0,4,5,3,4,3,9,0,1,0,0,0,0,0,0,9,4,5,2,5,3,0,5,7,4,2,8,6,0,4,5,3,0,1,2,0,1,1,0,0,1,1,0,1,1,2,0,4,1,0,1,5,1,1,2,2,0,0,0,0,0,0,0,0,3,3,3,1,0,2,0,3,2,2,0,1,1,0,2,1,2,0,2,2,0,1,1,3,1,2,3,0,1,3,1,2,0,1,0,1,4,2,2,2,0,0,0,0,0,0,0,0,0,3,3,1,3,3,2,0,2,6,2,0,2,3,0,2,7,3,1,2,1,0,5,0,0,1,1,2,0,5,2,2,0,2,4,0,8,2,1,0,2,5,0,0,0,0,0,0,0,0,3,3,6,2,2,7,0,8,1,6,4,4,8,0,3,2,2,1,1,1,0,2,2,1,3,1,1,0,3,1,3,0,5,3,0,7,8,1,0,2,4,0,0,0,0,0,0,0,0,0,0,0,0,0,1,0,0,0,0,0,0,0,0,0,0,1,0,0,0,0,0,0,0,0,0,0,0,0,0,0,0,0,0,0,0,0,0,0,0,0,0,0,0,0,0,0,0,0
Q9Y296,1,2,1,2,3,1,0,6,1,4,1,3,1,0,1,2,3,0,0,0,0,2,1,0,0,1,1,0,0,2,0,1,0,2,0,2,1,1,0,2,0,0,0,0,0,0,0,0,0,5,5,4,0,1,2,0,2,1,4,1,0,2,0,2,2,3,3,1,5,0,1,0,2,1,1,0,0,1,6,0,0,1,1,0,1,1,2,0,0,0,1,0,0,0,0,0,0,0,1,4,1,2,0,0,0,0,3,2,1,3,1,0,2,4,0,0,1,1,0,1,1,1,0,0,0,0,1,0,0,0,0,1,0,0,6,1,0,0,0,0,0,0,0,1,0,0,0,2,3,0,0,0,1,0,1,0,1,0,2,0,0,1,1,1,0,0,0,1,0,0,0,0,0,1,0,0,2,0,0,0,0,0,0,2,0,0,0,0,0,0,0,0,0,0,0,0,0,1,0,1,0,1,0,4,3,2,1,1,1,0,0,0,0,0,0,0,0,2,0,0,0,0,0,0,0,1,0,0,0,0,0,2,0,0,1,0,1,0,0,0,0,0,0,0,0,1,1,1,0,1,1,0,4,2,3,1,0,0,0,1,1,1,0,0,1,0,0,1,1,0,0,0,0,1,0,0,1,0,0,0,0,0,0,1,0,0,0,0,0,0,0,1,0,0,0,0,0,0,0,0,0,0,0,0,0,0,0,0,0,0,0,0,0,0,0,0,1,0,0,0,0,0,0,1,0,0,0,0,0,0,0,0,0,0,0,0,0,0,0,0,0,0,0
Q6PCB8,2,5,1,1,0,0,0,2,4,4,1,0,1,0,4,1,5,1,1,0,0,1,3,3,1,0,0,0,2,1,1,1,0,0,1,2,1,0,0,1,2,0,0,0,0,0,0,0,0,1,3,3,2,4,1,0,5,8,4,1,3,0,3,2,4,4,1,1,2,0,1,2,1,2,1,4,1,1,3,2,1,0,1,0,1,2,0,0,1,1,0,0,0,1,2,0,0,0,1,1,3,3,1,1,0,2,2,2,5,4,1,0,3,6,4,2,1,2,0,1,1,2,2,2,1,0,1,1,0,1,0,1,0,3,2,0,2,0,1,0,0,0,0,0,0,0,0,2,1,2,1,0,0,0,1,4,1,0,0,2,0,1,2,4,2,0,2,0,1,1,1,0,0,2,1,1,1,1,0,2,1,0,1,4,1,0,1,1,0,0,0,1,0,1,0,0,1,0,1,1,1,2,0,1,3,1,2,1,0,0,0,0,0,2,0,1,0,0,0,3,0,2,1,0,0,0,0,3,2,0,0,1,1,0,0,0,1,1,0,0,1,1,0,0,0,2,2,2,0,0,2,0,3,2,2,3,0,1,0,0,1,0,1,1,1,0,1,0,0,0,1,0,0,1,2,0,0,1,1,0,0,1,3,0,2,1,0,0,1,0,0,0,0,0,0,0,0,0,0,0,0,0,1,0,0,0,0,0,0,2,1,0,0,0,0,0,1,1,1,0,0,0,0,0,0,0,0,0,1,0,0,0,0,0,0,0,0,0,0,0,0,0,0
O43617,0,3,2,1,2,1,1,2,3,2,1,1,1,0,0,0,1,1,1,2,0,0,0,1,0,1,0,0,1,2,0,1,0,0,0,3,0,0,0,0,1,0,0,1,0,0,0,0,0,4,1,1,0,0,1,0,0,1,2,3,2,3,0,0,4,2,1,0,1,0,0,1,2,1,1,1,0,2,0,1,0,1,0,0,2,0,2,1,0,2,0,0,0,0,0,0,0,0,1,1,0,0,1,0,0,1,2,3,0,0,1,0,0,2,1,1,2,0,0,1,0,0,2,0,0,0,1,2,0,0,1,1,0,0,1,1,1,2,0,0,0,0,0,0,0,0,0,0,1,1,1,0,1,0,1,0,0,0,0,0,0,1,1,1,0,1,0,0,0,0,1,0,0,2,0,0,0,1,1,0,0,0,0,2,1,0,0,1,0,0,0,0,0,1,0,0,2,2,0,0,0,1,0,2,1,1,0,0,2,0,0,0,1,0,1,1,0,2,0,0,0,0,0,0,0,1,1,0,0,0,0,0,1,0,0,0,0,0,0,1,0,0,0,0,0,3,2,1,0,1,0,0,1,3,0,1,1,0,0,2,0,1,0,0,1,0,1,0,0,0,0,1,1,0,1,0,0,0,0,1,2,2,0,1,0,1,0,0,0,0,0,0,0,0,0,0,0,0,0,0,0,0,1,0,1,0,0,0,0,0,0,0,0,0,0,0,0,0,0,0,0,0,1,0,0,0,0,0,0,0,0,0,0,0,0,0,0,0,0,0,0,0,0
Q8VD72,2,2,4,3,0,3,0,6,3,3,9,8,2,1,3,2,4,4,3,2,0,2,0,4,1,1,4,0,4,2,0,1,1,1,0,4,3,1,2,2,1,0,0,2,0,0,0,0,0,5,4,4,4,4,4,1,5,3,5,4,6,2,0,5,2,7,1,2,3,0,3,6,2,5,2,2,1,7,6,2,1,2,2,0,2,2,2,1,0,1,0,1,0,0,1,0,0,1,1,11,6,0,1,2,0,3,4,4,3,3,0,1,6,6,3,3,2,3,1,2,3,3,3,0,1,0,1,3,1,2,0,1,0,5,2,4,1,0,1,0,0,1,0,0,1,0,0,2,4,1,0,3,1,0,2,5,0,1,2,2,0,5,2,3,2,0,3,1,3,2,5,4,2,1,0,0,5,0,0,0,1,0,3,2,3,2,1,1,0,0,0,0,1,0,0,0,2,5,3,1,1,1,0,5,5,3,2,1,0,1,0,3,3,1,0,1,0,1,1,1,1,0,0,0,0,1,2,0,2,0,0,1,3,1,0,0,0,0,0,0,0,0,0,0,0,2,5,1,4,0,2,1,4,4,4,1,0,1,0,2,3,4,1,1,1,0,0,0,0,2,1,4,0,0,0,3,0,0,0,0,0,2,1,1,0,1,0,0,0,0,0,0,0,0,0,1,0,0,0,0,0,1,1,0,1,0,1,0,0,0,0,0,0,0,0,0,0,1,1,0,0,0,1,0,0,0,0,0,0,0,0,0,0,0,0,0,0,1,0,0,0,0,0
O75865,2,1,3,2,2,0,0,2,2,2,0,0,1,0,4,2,1,0,0,3,0,1,3,0,1,0,0,0,0,2,0,0,0,0,0,0,2,0,0,0,1,0,0,0,1,0,0,0,0,4,4,5,1,0,2,1,4,4,1,0,3,1,0,0,0,2,2,0,2,0,0,0,0,0,0,0,0,0,2,0,0,0,1,1,1,2,0,1,1,1,0,0,0,0,0,0,0,0,1,0,2,1,0,1,0,2,1,1,0,0,0,0,1,1,0,0,1,0,0,0,2,0,0,1,1,0,0,2,0,1,0,0,0,1,1,2,0,1,0,0,0,0,0,0,0,0,0,2,0,0,1,0,0,0,3,1,0,0,1,2,0,0,0,0,0,1,0,0,0,0,1,1,0,0,0,0,0,0,1,0,0,0,0,0,0,1,0,0,0,0,0,0,0,0,0,0,0,0,0,0,0,0,0,4,3,1,0,0,0,0,0,0,0,0,0,0,0,1,1,0,0,0,0,0,0,0,0,0,0,0,0,1,0,0,0,0,0,0,1,1,0,0,0,0,0,1,1,1,0,0,0,0,2,1,1,0,0,2,0,0,0,0,2,0,0,0,1,1,0,0,0,0,0,0,2,0,0,0,0,1,0,1,0,0,1,0,0,0,0,0,0,0,0,0,0,1,0,0,0,0,0,0,1,0,0,0,0,0,0,1,0,0,0,0,0,0,0,0,0,0,0,0,0,0,0,0,0,0,0,0,0,0,0,0,0,0,0,0,0,0,0,0,0
Q8N9M5,17,9,4,6,6,4,0,7,14,4,0,2,8,3,5,1,4,0,1,3,3,7,3,2,1,1,1,0,4,5,2,0,1,0,0,0,3,5,2,2,1,0,1,1,0,0,0,0,0,8,14,3,3,3,2,0,10,10,8,2,6,4,1,7,8,0,1,2,4,0,4,1,1,1,1,1,0,4,5,0,0,1,2,0,5,5,2,3,2,1,0,1,1,0,0,0,1,1,4,5,4,1,0,4,2,7,2,3,1,1,1,0,1,1,2,2,1,1,0,0,3,2,1,0,0,0,1,3,0,1,0,1,0,2,2,3,1,2,2,0,0,2,1,0,0,0,0,7,3,3,1,0,1,0,2,5,2,2,0,1,0,0,2,0,1,1,2,0,1,2,1,0,0,1,0,3,0,0,0,0,0,0,1,1,1,0,1,0,0,0,0,0,0,0,0,0,4,6,1,1,2,2,0,6,7,0,1,1,1,0,2,0,1,0,0,0,0,1,1,0,0,0,0,0,1,1,0,1,0,0,0,0,1,1,0,0,0,1,0,0,0,0,0,0,0,5,1,2,1,1,0,0,1,3,4,2,1,2,0,5,3,1,2,1,1,0,1,2,0,2,1,1,0,3,2,1,0,1,0,0,2,1,1,0,0,0,0,1,0,0,0,0,0,0,1,0,1,2,0,0,0,0,0,1,1,1,1,0,0,0,0,0,0,1,0,0,0,0,0,0,0,0,0,0,0,0,0,0,0,0,0,0,1,0,0,0,1,0,0,0,0,0,0
Q9Y5R8,1,2,0,2,2,0,0,0,2,1,0,0,2,0,0,3,4,1,0,0,0,0,0,0,0,2,0,0,1,1,0,0,0,0,0,0,0,0,0,2,0,0,0,0,0,0,0,0,0,2,1,2,0,0,2,0,3,2,4,1,0,1,1,1,2,1,0,2,1,0,0,0,0,2,1,0,0,0,0,3,0,0,0,0,1,0,2,0,0,0,0,1,1,0,0,0,0,0,1,1,1,0,0,0,0,1,2,1,2,1,0,0,0,2,0,3,1,1,0,2,3,1,0,0,0,0,1,2,2,0,0,0,0,0,2,1,0,0,1,0,0,0,0,0,0,0,0,0,1,2,0,0,0,0,2,0,0,0,1,0,1,1,0,0,0,0,0,0,1,1,0,0,0,1,0,1,0,0,0,1,1,0,0,0,1,0,0,0,0,0,0,0,0,0,0,0,1,0,2,0,0,0,0,1,3,1,0,0,0,0,1,0,1,0,2,2,0,0,0,0,1,0,0,0,0,0,0,1,1,0,0,0,1,0,0,0,0,0,0,0,0,0,0,0,0,0,0,1,0,0,0,0,0,2,0,0,1,0,0,0,0,2,2,0,0,0,0,0,0,0,0,0,0,0,2,1,0,0,0,0,0,0,0,0,1,1,0,0,0,0,0,0,0,0,1,0,0,0,0,0,0,0,1,0,0,0,0,0,0,0,0,0,0,0,0,0,0,0,0,0,0,0,0,0,0,0,0,0,0,0,0,0,0,0,0,0,0,0,0,0,0,0,0
Q9UL33,0,1,2,0,0,1,0,2,0,1,1,1,0,1,4,1,1,2,0,0,0,0,1,0,0,0,0,0,1,0,3,0,0,0,0,0,1,1,0,0,0,0,0,0,0,0,0,0,0,1,1,1,0,2,0,0,1,0,1,1,0,0,0,0,3,4,1,0,0,0,0,0,1,0,0,0,1,1,1,0,0,1,2,0,0,0,0,2,1,0,0,1,0,0,0,0,0,0,0,1,4,0,1,1,0,0,3,2,0,1,1,0,1,0,3,4,2,1,0,1,2,2,1,0,2,0,0,2,0,0,0,0,0,1,0,0,0,0,1,0,0,0,0,0,0,0,0,0,0,1,0,0,0,0,0,0,1,0,3,0,0,1,1,1,0,0,0,0,0,1,0,0,0,0,0,0,0,0,0,0,0,0,1,1,1,0,2,0,0,0,0,1,0,0,0,0,0,1,1,0,1,0,0,1,0,2,0,0,2,0,0,0,1,1,0,1,0,0,0,0,0,0,1,0,0,1,0,0,0,0,0,1,0,0,0,0,1,0,0,0,0,0,0,0,0,2,2,0,0,0,0,0,1,0,1,0,0,0,0,0,2,1,0,0,0,0,0,0,0,0,0,2,0,1,1,0,1,0,0,0,1,0,1,0,0,0,0,0,0,0,0,0,0,0,1,0,0,1,0,0,0,0,0,0,0,0,0,0,1,0,0,0,0,0,0,0,0,0,0,0,0,0,0,0,0,0,0,0,0,0,0,0,0,0,0,0,0,0,0,0,0,0,0
Q923E4,26,6,6,4,2,9,1,11,7,6,3,6,2,1,7,4,3,0,1,3,0,0,4,3,2,1,3,1,1,3,1,1,0,0,0,3,3,3,4,5,6,3,0,0,3,0,0,1,0,8,10,4,2,0,8,1,6,10,6,4,7,12,1,4,5,5,5,3,3,0,2,6,1,3,0,6,2,6,5,1,4,3,3,0,5,7,5,3,7,5,0,0,0,1,0,2,0,0,8,7,3,5,1,2,1,6,5,3,5,1,5,0,4,3,5,2,2,4,0,2,2,1,1,1,1,1,1,2,1,1,0,4,1,2,3,3,1,0,4,1,0,0,0,0,0,0,0,1,3,0,1,0,3,0,7,10,1,5,2,2,0,3,2,2,0,0,0,0,2,2,2,2,0,0,0,0,1,2,0,0,1,0,6,2,1,0,2,0,0,0,2,1,1,1,0,1,2,4,3,0,1,1,0,2,6,3,0,2,5,1,3,2,1,0,2,0,0,0,7,0,0,0,0,2,1,5,1,0,5,0,1,2,1,5,1,0,2,0,0,1,0,0,0,1,0,8,6,3,2,2,4,1,1,7,5,3,3,5,0,3,9,2,1,1,4,0,2,5,0,0,2,1,0,2,1,2,3,4,3,0,6,7,3,0,1,10,0,1,0,1,0,0,2,0,1,0,0,0,0,0,0,0,1,1,0,1,1,0,3,0,2,1,0,0,0,0,1,0,0,0,0,0,0,2,0,0,1,0,0,2,1,0,1,0,0,0,0,1,0,0,0,0,0
Q8TAM1,5,4,4,4,3,1,1,6,10,3,3,1,3,0,3,4,8,6,5,3,0,5,6,3,2,2,0,0,2,4,2,1,1,0,0,4,6,1,0,1,2,0,1,2,1,0,0,1,1,5,7,7,9,3,7,3,11,13,11,8,9,6,0,3,7,12,2,4,4,0,3,3,7,1,5,4,1,3,0,4,5,1,0,2,2,7,2,0,3,1,1,0,0,1,1,0,1,0,2,6,6,3,1,2,1,8,14,7,3,3,2,3,8,10,9,7,2,4,1,1,14,4,2,1,1,0,4,2,3,0,2,3,2,3,3,4,2,0,1,1,0,1,0,1,1,0,0,3,3,1,0,3,1,0,7,8,4,6,0,2,0,1,4,6,6,2,0,0,1,0,2,2,3,2,1,4,2,5,1,1,1,0,1,2,2,1,0,1,1,0,1,0,0,1,0,0,3,2,7,2,0,1,1,1,7,3,1,0,0,0,1,7,1,0,3,2,2,1,3,0,2,2,1,0,2,2,2,0,0,0,0,0,2,2,0,2,0,0,0,2,2,0,0,0,0,3,4,4,0,0,2,0,6,5,3,3,1,2,0,3,5,3,2,0,1,0,0,0,2,2,0,0,0,1,1,0,2,0,2,0,1,0,3,1,0,1,0,0,0,2,1,0,0,0,1,0,0,0,0,0,0,2,1,2,0,1,0,0,2,3,2,0,0,0,0,0,1,1,0,1,0,0,0,1,0,0,1,0,0,2,0,0,0,0,0,0,0,0,1,0,0,0,0
P0DI81,0,2,1,1,0,0,0,2,3,1,2,0,1,0,2,0,2,0,1,0,0,1,0,0,0,0,0,0,1,0,0,0,1,0,0,0,0,1,0,0,1,0,0,0,0,0,0,0,0,1,2,2,0,0,1,0,0,1,1,5,1,1,0,1,3,1,1,0,0,0,1,0,2,1,3,2,0,0,1,1,0,0,1,0,0,1,3,1,0,0,0,0,0,0,0,0,0,0,0,2,1,0,0,1,0,0,4,1,1,1,1,0,0,1,0,1,1,0,0,1,1,0,1,0,1,0,0,2,0,0,0,0,0,1,1,0,0,0,0,0,0,0,0,0,0,0,0,2,1,0,0,1,0,0,0,0,1,1,1,1,0,0,1,1,1,0,0,0,1,1,1,0,0,0,0,0,2,0,1,1,0,0,0,0,0,2,0,2,0,0,0,0,0,0,0,0,1,1,0,0,0,0,0,1,1,2,0,0,1,0,0,0,0,1,0,1,0,0,0,0,0,0,1,0,1,0,0,0,0,1,0,1,1,0,0,0,0,0,0,0,0,0,0,0,0,0,1,1,0,1,0,0,3,0,0,0,0,0,0,1,2,0,0,0,1,0,0,2,0,1,1,0,0,0,0,1,0,0,0,0,1,0,0,1,1,0,0,0,0,0,0,0,0,0,0,0,0,0,0,0,0,0,0,0,0,0,0,0,0,0,0,0,0,0,0,0,0,0,0,0,0,0,0,0,0,0,0,0,0,0,0,0,0,0,0,0,0,0,0,0,0,0,0
P31749,2,4,4,2,1,3,0,4,4,4,0,1,2,1,4,5,4,2,1,2,0,1,2,0,2,1,0,0,3,0,0,2,1,3,0,1,2,2,2,6,2,0,0,1,1,0,0,1,0,2,3,5,1,3,5,0,3,7,6,2,6,2,0,5,4,1,3,6,5,0,2,3,0,1,1,1,1,3,6,1,3,2,4,0,2,1,2,1,3,2,0,0,1,0,0,1,0,0,4,3,4,2,3,2,1,1,4,4,5,3,2,0,4,1,1,2,2,2,0,2,4,0,2,0,2,0,2,5,3,0,0,1,0,3,3,4,1,0,3,0,0,0,0,0,0,0,0,2,1,2,0,0,2,0,2,3,3,1,4,0,1,0,2,1,1,1,0,0,1,3,2,1,0,1,0,0,3,1,0,1,1,0,2,2,2,1,0,2,0,0,0,0,1,0,0,0,1,5,2,0,1,2,1,3,6,2,1,3,4,0,3,2,1,1,0,1,0,0,1,1,1,2,2,0,0,3,0,1,0,2,0,0,2,4,2,3,2,0,0,1,0,0,0,0,0,5,0,0,1,1,1,1,5,2,4,0,1,1,0,3,5,4,1,1,4,0,0,1,2,1,2,3,0,4,1,3,1,2,2,1,1,3,3,2,2,3,0,0,0,0,0,0,0,0,0,0,0,0,0,0,0,1,0,1,0,1,0,0,0,0,1,0,0,0,0,1,0,0,0,0,0,0,0,1,0,0,0,0,0,0,0,1,0,0,0,0,0,0,0,0,0,0,0
Q9CZQ9,0,3,2,1,0,0,0,7,2,3,2,3,3,0,1,1,3,1,2,1,0,0,3,1,2,0,2,0,0,2,1,2,0,1,0,2,3,2,1,2,1,0,0,0,0,0,0,0,0,1,9,3,1,0,6,0,2,4,4,1,4,1,1,5,4,0,2,1,2,0,2,3,2,1,1,1,0,3,6,4,0,0,4,0,1,2,0,0,3,1,0,0,0,0,1,0,1,0,2,4,1,2,2,2,0,4,5,0,3,0,0,0,3,3,0,1,1,2,0,4,1,0,3,0,1,1,0,2,3,0,0,0,0,0,3,2,2,1,1,0,0,0,0,0,0,0,0,3,1,1,2,3,1,0,3,3,4,1,3,1,0,2,2,2,1,0,0,0,3,2,2,0,1,0,0,0,0,0,2,0,0,0,1,0,1,1,0,1,0,0,0,0,0,1,0,0,0,0,1,1,1,1,0,1,1,2,3,4,1,0,0,1,4,2,1,2,0,2,1,0,1,0,0,0,0,0,0,0,0,0,0,2,1,1,1,0,2,0,0,0,0,0,0,0,0,0,3,1,1,0,1,0,3,2,1,0,3,1,1,2,1,1,3,0,2,0,0,5,1,1,0,0,0,1,2,1,0,0,2,0,0,1,3,2,0,0,0,0,0,0,0,0,0,0,0,0,0,0,0,0,0,0,0,0,0,0,0,0,0,0,0,0,0,0,0,0,0,1,0,0,0,0,0,0,1,0,0,0,0,0,1,0,0,0,0,0,0,0,0,0,0,0,0
Q811G0,7,8,2,3,7,4,0,12,10,4,2,5,4,1,8,10,6,4,3,3,1,4,7,3,0,5,6,0,5,6,0,2,0,1,0,4,8,3,1,1,1,0,1,2,0,0,0,0,0,10,8,10,6,1,2,1,9,18,10,7,9,7,3,11,9,5,5,3,4,2,8,7,5,3,4,3,0,6,9,4,4,5,3,1,2,5,5,3,5,6,0,2,5,2,0,0,0,0,2,10,13,5,2,5,2,2,9,8,9,7,3,1,8,3,5,3,2,5,1,0,7,0,4,1,3,1,0,3,4,3,0,2,0,3,5,2,3,1,3,0,1,0,2,1,0,0,0,3,5,2,4,0,3,0,7,8,6,3,5,3,2,6,3,2,1,1,2,0,2,4,1,2,0,5,0,1,1,1,1,3,3,1,5,3,4,1,3,2,1,1,0,0,0,0,0,0,5,2,4,1,3,1,0,3,8,4,4,3,4,1,2,4,5,1,1,1,0,0,4,3,4,0,0,0,2,2,2,1,0,1,0,3,1,2,2,1,1,1,0,0,1,1,0,0,0,2,5,2,5,1,3,0,5,6,7,5,1,4,0,4,6,4,2,1,2,0,2,4,3,1,1,2,0,2,6,3,0,0,1,0,1,5,3,3,1,2,0,0,1,1,0,0,0,0,2,0,2,1,0,0,0,0,4,0,0,2,1,1,0,4,1,0,1,0,0,1,1,0,0,0,0,0,0,0,0,0,0,0,0,0,0,0,0,0,0,0,0,0,0,0,0,0,0
P17987,7,7,9,4,1,10,2,5,6,9,4,6,6,0,5,3,6,4,1,0,0,7,2,2,1,3,0,0,3,4,1,0,2,0,0,5,3,2,3,2,2,0,0,1,0,1,0,0,0,10,6,3,1,4,2,0,4,3,6,2,3,4,1,7,5,3,1,7,2,0,5,2,0,0,2,4,0,3,4,3,2,2,3,0,4,3,4,1,1,5,1,1,0,1,0,0,1,0,6,2,5,3,1,2,0,4,4,2,1,0,5,0,3,3,5,0,5,2,0,4,1,1,0,1,1,0,7,4,2,1,0,3,0,1,2,1,1,1,3,0,0,0,0,0,0,0,0,7,7,1,1,2,1,0,4,2,3,0,3,1,0,1,2,0,0,2,0,0,0,1,1,0,0,0,0,1,4,0,1,1,1,0,1,2,0,1,2,0,0,0,0,0,0,0,0,0,6,6,0,3,2,0,0,2,7,3,3,2,2,1,2,1,1,1,2,2,0,0,2,0,0,2,1,0,2,3,0,0,0,1,0,1,3,1,2,1,1,0,1,0,0,0,0,0,0,4,6,1,3,0,2,0,5,1,2,3,2,1,1,1,1,3,2,0,2,0,3,4,1,1,0,0,0,1,1,3,1,1,1,1,4,2,2,0,1,1,2,0,2,1,0,0,0,0,0,2,0,0,0,0,0,2,0,0,0,1,0,0,0,1,0,0,0,1,0,0,1,0,0,0,0,0,0,0,0,0,0,0,0,0,0,0,0,1,0,0,0,0,0,0,0,0,0
P60709,0,6,6,2,3,1,0,6,3,5,2,0,3,0,6,4,5,2,0,3,1,1,2,0,1,0,2,0,0,3,0,0,1,1,1,1,2,2,0,0,2,1,0,0,1,0,0,0,0,7,4,6,3,1,3,1,9,0,3,0,2,1,0,2,7,5,3,1,2,0,1,2,2,0,0,1,0,1,2,2,0,0,3,0,1,2,1,1,5,1,0,0,0,0,0,2,0,0,6,5,3,1,1,1,0,5,5,6,3,0,3,0,4,3,6,0,4,2,0,2,2,1,2,0,0,0,1,1,0,0,1,3,0,0,1,3,3,1,2,0,0,1,0,0,0,0,0,0,2,3,0,1,2,0,2,3,3,0,1,0,0,2,1,1,1,1,0,0,0,2,1,1,1,0,0,0,1,1,0,0,0,0,1,2,0,0,0,1,0,0,0,0,0,0,0,0,2,1,1,0,0,0,0,1,1,1,1,3,3,0,0,3,1,1,0,0,0,3,0,1,0,0,0,0,0,1,1,1,0,1,0,2,2,2,1,2,0,0,0,0,1,0,0,0,0,3,1,2,0,0,1,0,2,3,2,0,1,1,1,2,4,1,0,0,2,0,1,1,1,1,1,1,0,2,1,0,3,1,1,0,2,1,2,1,0,1,0,0,0,0,0,1,0,0,0,0,0,0,0,0,0,0,0,0,0,1,0,0,1,0,0,0,0,1,0,0,0,0,0,0,0,0,0,1,1,0,1,0,0,0,0,0,0,0,0,0,0,0,0,0,0,0,0
Q9P035,2,2,1,2,1,1,0,1,9,3,2,0,2,1,1,2,0,2,1,1,0,2,2,1,1,1,2,0,1,4,0,2,2,0,0,1,0,3,0,0,0,0,0,0,0,0,0,0,0,2,6,2,2,1,0,0,2,12,8,5,1,2,1,2,13,5,2,0,4,0,3,6,4,1,3,0,0,5,1,1,1,2,2,0,1,5,2,0,1,0,0,1,1,1,0,0,0,0,2,2,0,2,2,1,0,6,5,6,4,4,2,0,2,2,2,0,2,1,0,0,3,0,0,0,0,1,0,2,0,0,1,0,0,3,3,1,1,1,2,0,0,0,0,0,0,0,0,0,2,2,3,1,1,0,2,3,6,0,2,1,0,2,4,1,0,0,1,0,1,0,2,1,0,1,0,1,1,2,2,0,1,0,1,0,3,0,0,0,0,0,1,0,0,0,0,0,1,4,2,0,2,0,0,0,1,1,4,2,1,0,1,2,0,0,0,0,0,3,1,1,1,2,1,0,0,1,0,3,4,1,0,0,1,0,2,0,1,0,0,0,0,0,0,0,0,2,1,0,0,2,1,0,2,1,1,2,2,1,1,1,3,1,0,0,4,0,0,1,0,1,1,0,0,2,0,0,1,0,0,0,0,1,1,0,1,1,0,0,0,0,0,0,0,0,0,1,0,0,0,0,0,0,0,1,0,1,0,0,0,1,0,0,0,0,0,0,0,0,0,0,0,0,0,0,0,0,0,0,0,0,0,0,0,0,0,0,0,0,0,0,0,0,0
P46379,17,30,11,10,7,6,0,25,18,18,8,1,5,2,16,10,13,4,2,4,0,8,12,8,3,1,3,0,4,2,5,1,2,3,1,7,5,7,2,0,2,0,0,0,0,0,0,0,0,24,19,10,6,8,8,0,22,25,13,14,7,5,0,17,13,5,8,3,7,1,7,16,12,4,1,2,1,8,3,2,6,2,0,0,4,7,8,3,4,4,0,0,0,0,1,0,1,0,19,11,16,7,1,3,0,8,16,9,6,5,4,0,14,9,7,5,3,3,0,5,7,7,6,0,1,0,1,5,2,1,2,0,0,5,6,4,4,1,1,0,1,0,0,1,0,0,0,8,9,3,5,0,3,0,10,17,6,9,6,9,0,6,6,8,5,1,4,0,4,5,2,3,1,1,2,0,1,1,0,0,2,0,0,3,1,1,2,2,0,0,2,0,0,1,0,0,6,3,2,4,2,1,0,2,4,2,4,1,3,0,4,3,3,1,0,1,0,1,7,1,0,1,1,0,2,1,0,2,2,1,0,2,0,1,1,0,2,0,0,0,0,1,0,0,0,7,4,7,3,0,2,0,8,5,6,2,1,2,0,0,7,5,3,2,2,1,3,7,0,2,0,1,0,3,3,2,1,0,0,0,5,2,0,2,2,1,0,0,0,0,0,0,0,0,0,1,0,0,0,0,0,0,1,0,0,0,1,0,0,0,0,0,0,0,0,0,3,0,0,0,0,0,0,1,0,0,0,0,0,0,1,0,0,0,0,0,0,0,0,0,0,0,0
P06727,5,2,1,2,1,1,0,2,2,4,0,6,2,0,3,6,1,1,0,0,0,0,5,2,3,1,3,0,2,7,0,1,1,2,0,4,1,1,1,1,1,0,0,0,0,0,0,0,0,1,6,0,1,2,2,0,4,1,4,0,1,0,0,1,6,1,2,3,2,0,3,0,1,2,1,6,0,5,1,0,4,1,4,0,3,2,2,0,3,9,0,0,0,0,0,0,0,0,1,1,2,2,0,2,0,3,1,4,3,2,3,0,1,1,0,1,0,0,0,4,1,0,1,0,1,0,0,1,0,3,1,1,0,1,1,0,2,2,0,0,0,0,0,0,0,0,0,1,1,2,2,3,2,0,2,2,2,3,2,3,0,2,3,1,0,1,2,0,1,2,2,4,0,5,0,0,2,0,0,2,0,0,6,4,1,3,1,0,0,0,0,0,0,0,0,0,1,2,0,1,5,1,0,1,1,2,5,1,9,0,0,0,0,1,0,0,0,1,4,1,1,2,0,0,0,3,1,1,1,0,0,0,1,2,4,2,0,0,0,0,0,0,0,0,0,3,4,6,6,2,1,0,0,3,0,2,3,2,0,1,0,0,2,2,1,0,2,2,3,3,0,0,0,3,5,0,0,0,2,0,8,1,0,0,1,0,0,0,0,0,0,0,0,0,0,0,0,0,0,0,0,0,0,0,0,0,0,0,0,0,0,0,0,0,0,0,0,0,0,0,0,0,0,0,0,0,0,0,0,0,0,0,0,0,0,0,0,0,0,0,0,0,0
P16615,18,15,9,3,6,6,1,18,14,6,6,5,11,5,10,15,10,1,5,7,1,3,4,2,0,4,4,1,6,8,3,1,1,4,0,6,6,3,2,1,5,0,1,1,0,0,0,2,0,10,16,14,5,7,8,2,11,17,13,11,2,7,1,6,11,5,6,8,6,3,9,6,9,2,3,6,0,3,5,2,5,2,1,0,9,8,4,3,4,4,0,3,2,2,0,2,0,0,9,8,10,4,4,2,0,12,9,9,9,4,6,2,6,10,9,1,3,1,1,2,3,0,4,3,1,1,3,5,4,1,3,3,1,3,5,6,2,1,5,0,3,1,3,0,1,0,0,8,7,4,2,1,1,1,3,8,4,2,0,1,1,5,6,2,0,1,4,1,3,1,3,0,0,1,1,2,3,2,0,2,2,1,4,2,3,2,1,2,0,1,1,1,1,0,0,0,4,6,4,2,1,3,0,8,7,5,3,3,3,0,3,5,3,2,1,0,0,3,1,2,1,1,1,0,2,2,2,0,0,3,1,2,3,2,4,2,1,0,1,2,0,1,0,0,0,6,11,6,1,4,2,0,7,6,6,4,3,4,0,6,3,1,3,1,2,2,3,3,3,2,1,1,1,3,5,1,2,2,0,1,5,6,1,1,4,1,0,0,0,0,0,0,0,0,3,2,2,1,0,1,0,3,1,2,0,1,0,0,1,1,1,0,1,2,0,1,1,0,0,0,0,0,1,1,0,0,0,1,0,1,0,0,0,1,0,0,0,0,0,0,0,0,0
P37231,2,4,2,0,0,3,0,2,6,2,2,2,4,1,1,5,4,2,2,2,0,2,6,0,1,0,2,0,2,2,1,0,0,1,2,1,0,1,0,2,0,1,1,0,0,0,0,0,0,3,5,3,5,3,0,0,6,5,8,4,7,3,0,3,1,5,3,6,5,0,3,4,3,1,3,2,1,3,9,0,1,1,3,2,6,6,6,3,2,3,1,0,0,0,0,1,0,0,1,3,1,1,1,0,0,3,9,6,5,0,8,0,1,9,3,0,2,4,0,0,2,4,0,0,2,1,3,4,2,1,3,2,0,4,3,8,2,0,1,0,0,0,0,0,0,0,0,3,1,1,1,0,1,0,1,8,3,1,6,4,0,0,5,2,1,1,2,0,0,1,1,0,0,0,0,1,2,1,0,0,0,0,0,1,1,3,0,1,0,1,0,0,0,1,0,0,1,3,2,1,2,0,0,4,3,3,2,3,5,0,0,3,1,1,1,1,0,0,3,2,0,1,0,0,0,3,0,1,0,0,0,3,0,3,0,1,1,0,1,0,1,1,0,1,0,1,3,8,1,1,0,1,3,2,1,3,1,3,0,2,7,4,1,3,4,0,2,6,1,0,0,0,0,0,0,3,1,0,1,0,1,2,2,1,0,0,0,1,0,0,0,1,0,0,0,0,0,2,1,1,0,0,0,0,0,0,0,0,0,0,0,1,0,0,0,0,1,0,0,0,0,0,0,0,0,2,0,1,0,0,1,0,0,0,0,0,0,0,0,0,0,0,0
P35613,8,2,2,4,2,3,0,6,7,3,1,0,3,0,6,1,2,0,0,4,0,3,2,3,2,3,2,1,2,5,2,0,0,3,1,1,1,2,2,0,3,1,0,0,1,0,0,0,0,5,7,3,4,2,3,1,10,5,1,1,2,0,0,3,2,1,0,0,1,1,2,3,2,2,1,2,0,1,0,3,0,1,0,0,2,3,2,1,0,1,0,0,0,0,0,0,0,0,5,6,4,3,2,1,0,2,4,1,1,1,1,0,5,1,2,1,2,1,0,2,1,0,0,1,0,0,3,1,0,1,0,0,1,3,1,3,2,0,1,0,0,0,2,0,0,0,0,0,3,3,1,2,1,0,2,0,1,6,0,3,0,2,2,2,0,1,0,1,1,1,2,4,1,1,0,3,0,0,3,0,1,0,0,1,3,0,0,1,0,0,0,0,0,1,0,0,2,0,0,3,4,0,0,2,2,1,1,0,1,0,1,1,1,2,0,1,0,2,0,0,1,1,0,0,0,0,0,0,2,1,0,0,2,1,1,0,1,0,1,0,0,0,0,1,0,1,1,2,1,1,2,0,3,1,1,2,2,1,0,4,2,2,1,3,2,0,0,4,1,1,0,0,0,0,1,0,0,0,0,0,2,2,2,0,1,3,0,0,0,0,1,0,0,0,0,1,0,0,0,0,0,0,0,0,0,0,0,0,0,1,1,0,0,1,0,0,1,0,0,0,0,0,0,0,1,0,0,0,0,0,0,1,0,0,0,0,0,0,0,0,0,0,0
Q09472,21,20,13,18,8,3,0,23,23,21,31,11,9,3,23,17,13,19,9,10,2,16,17,20,20,6,4,1,3,2,8,5,5,2,0,5,4,8,2,3,0,1,0,1,0,1,0,1,1,17,35,17,14,3,4,1,17,25,32,33,7,12,5,25,32,30,22,7,6,3,25,30,26,29,7,5,2,2,9,5,8,10,5,0,8,14,10,10,5,7,1,4,3,1,1,4,2,0,15,34,28,17,4,4,1,22,27,23,22,9,10,1,15,29,18,22,5,5,0,16,29,12,23,3,3,1,8,10,4,6,9,2,2,12,6,5,4,0,4,0,0,1,3,3,0,1,2,20,18,17,25,3,2,0,18,31,26,26,5,9,4,26,19,15,18,8,3,2,18,31,21,33,13,1,0,5,10,9,4,6,3,3,3,6,4,3,3,2,0,1,0,3,4,1,0,0,2,2,10,5,2,5,2,6,16,10,3,4,4,2,5,6,6,5,4,5,2,4,6,4,8,5,5,2,7,8,6,5,10,6,1,3,3,5,1,2,4,1,1,1,0,2,0,2,0,7,10,8,3,4,4,0,4,6,12,6,3,9,0,8,9,9,1,6,2,1,4,2,7,3,3,3,2,3,5,1,3,3,0,0,4,7,2,2,2,5,1,2,2,0,0,0,0,0,1,2,1,2,1,1,0,1,3,1,3,0,2,0,1,2,3,0,2,0,0,2,3,1,1,3,0,1,0,1,0,3,0,1,0,1,0,2,2,0,1,0,0,2,1,0,0,0,0
Q9JHQ5,2,1,2,3,0,1,0,0,0,0,1,4,2,0,0,0,1,3,1,0,0,1,3,2,0,0,1,0,0,2,0,0,1,2,0,0,0,2,2,0,1,0,0,0,0,0,0,0,0,0,2,0,3,2,2,0,2,2,0,1,1,7,0,1,1,0,1,3,1,0,0,1,0,0,1,3,0,0,4,5,0,3,1,0,3,2,5,5,5,1,0,0,0,1,0,0,0,0,3,1,1,0,0,1,0,0,2,1,1,0,2,0,3,1,1,1,0,0,0,1,3,0,1,2,1,0,2,4,0,2,0,2,0,2,0,1,0,1,1,0,0,0,0,0,0,0,0,2,0,0,0,2,0,0,5,3,1,0,3,3,1,0,1,1,0,0,0,0,0,2,0,3,0,3,0,1,1,1,0,1,1,0,0,4,1,5,0,1,0,0,0,0,0,0,0,0,1,2,0,0,0,0,0,1,4,2,1,4,2,0,1,2,2,1,3,1,0,0,2,0,1,0,1,0,0,1,3,0,1,1,0,2,3,0,2,0,1,0,0,0,0,0,0,0,0,1,1,3,1,1,1,0,1,2,3,1,1,5,0,1,1,1,2,3,2,0,2,5,0,3,2,2,0,0,2,1,2,0,1,0,1,4,1,0,0,0,0,0,0,0,0,0,0,0,0,0,0,0,0,0,0,0,0,0,0,0,0,0,0,0,0,0,0,1,0,0,0,0,0,0,0,0,0,0,0,0,0,0,0,0,0,0,0,0,0,0,0,0,0,0,0,0,0
O41515,0,0,0,0,0,0,0,0,4,1,0,0,0,0,2,1,2,0,0,0,0,1,1,0,1,0,1,0,0,0,1,1,0,0,0,0,0,0,0,0,2,1,0,0,0,0,0,0,0,0,3,0,1,0,1,0,3,2,1,1,4,1,0,0,0,1,0,2,1,0,0,1,0,1,1,0,0,1,1,3,0,1,0,0,0,0,1,0,0,0,0,0,0,0,0,0,0,0,0,1,4,0,0,1,0,0,1,1,1,1,0,0,1,1,0,2,0,0,0,2,0,0,0,0,0,0,0,0,0,0,1,3,0,0,0,1,1,0,0,0,0,0,0,0,0,0,0,0,1,0,3,0,0,0,0,0,0,1,1,0,0,1,0,0,0,0,0,0,1,0,0,0,0,1,0,0,1,0,0,0,1,0,0,2,0,0,1,0,0,0,0,0,0,0,0,0,0,0,0,0,0,1,0,0,3,1,0,0,0,0,1,1,0,0,2,0,0,0,0,0,0,1,1,0,0,1,0,1,1,0,0,1,2,2,0,0,0,0,0,0,0,0,0,0,0,0,0,0,0,2,0,0,2,1,1,0,0,0,0,1,1,1,0,0,1,0,0,0,1,0,0,0,0,0,1,0,0,0,1,0,1,0,0,0,1,1,0,0,1,0,0,0,0,0,0,0,0,0,0,0,0,0,1,0,0,0,0,0,0,0,0,0,0,0,0,0,0,0,0,0,0,0,0,0,0,0,0,0,0,0,0,0,0,0,0,0,0,0,0,0,0,0,0
G3H0F0,8,6,9,8,1,4,0,9,10,18,9,2,3,1,10,8,5,6,4,7,1,8,6,7,6,2,7,0,1,6,6,5,3,5,0,5,7,7,2,6,5,0,1,0,0,0,0,0,0,10,14,9,5,9,11,0,12,15,15,10,7,8,0,8,11,8,8,6,10,0,12,11,6,9,8,4,1,4,7,6,9,10,3,1,4,9,3,2,2,2,0,0,1,0,1,1,0,0,7,17,6,7,5,5,0,7,10,3,11,7,5,0,6,3,8,8,4,9,1,8,11,7,3,4,2,0,3,9,4,1,2,4,0,3,9,6,4,4,5,1,0,2,0,0,1,0,0,8,8,6,8,3,5,1,16,9,4,10,8,1,0,6,7,6,6,2,2,1,5,10,5,8,3,4,0,2,6,2,1,4,5,0,2,3,3,2,6,8,0,1,0,0,0,1,0,0,1,4,4,4,3,1,0,9,9,5,6,10,2,2,5,8,6,2,5,1,0,6,8,2,4,1,3,1,4,7,5,4,2,0,1,6,2,1,4,3,4,0,0,1,1,0,0,1,0,2,3,7,3,5,5,0,3,12,6,5,5,3,0,11,6,5,5,2,3,0,0,2,3,5,2,3,0,3,6,4,5,1,3,1,5,3,12,1,2,9,1,0,0,1,0,1,0,0,0,0,0,1,0,1,0,1,2,0,0,1,0,0,1,0,1,0,0,0,0,0,0,0,0,0,1,0,0,2,1,0,1,0,0,0,1,0,0,0,0,0,0,0,0,0,0,0,0
Q08209,3,3,4,1,3,4,0,2,4,3,0,0,2,0,4,6,1,2,1,3,0,2,2,2,1,0,0,0,4,8,0,2,0,4,0,1,5,5,3,4,3,0,1,1,0,0,0,1,0,6,0,5,2,7,8,1,2,7,9,5,3,5,1,5,11,3,5,3,2,1,3,3,3,2,3,1,0,2,3,1,3,1,2,1,2,4,2,0,1,3,2,0,0,0,0,0,1,0,4,3,2,3,3,2,0,11,8,5,5,3,1,0,0,4,2,2,2,0,1,1,5,3,1,1,0,0,1,3,2,0,1,2,0,1,0,5,0,0,2,0,2,1,0,1,0,0,0,0,3,0,1,3,2,1,2,3,5,3,1,2,0,3,5,1,0,2,2,0,1,2,3,3,0,1,0,1,4,0,0,0,1,1,0,1,1,1,0,0,0,0,0,0,0,0,0,0,3,1,3,0,0,3,0,6,5,3,1,4,3,0,1,2,1,1,0,0,0,0,1,1,2,1,0,0,1,2,1,0,0,0,0,2,2,2,3,0,0,0,0,0,0,0,0,2,0,1,1,2,0,1,1,1,6,4,5,0,2,1,0,4,4,4,1,1,1,2,3,1,1,1,2,1,0,1,2,1,0,2,0,0,1,4,2,0,1,2,0,1,0,1,0,0,0,0,1,0,1,0,1,1,0,0,1,0,1,0,0,0,0,1,0,0,0,0,0,0,1,0,0,0,0,0,0,0,0,0,0,0,0,0,2,0,2,0,0,0,0,0,0,0,0,0,0
P63098,3,0,2,0,0,1,1,0,1,0,1,2,0,0,0,2,1,1,1,0,0,1,2,1,0,0,0,0,1,0,0,1,0,0,0,3,2,1,1,2,0,0,0,1,0,0,0,0,0,1,1,0,1,1,0,0,0,0,3,1,0,3,0,2,1,2,0,1,0,0,0,0,3,3,0,0,0,1,2,0,1,3,0,0,2,4,0,0,1,3,0,0,0,0,0,0,0,0,1,0,1,0,0,2,0,0,0,2,1,2,1,0,1,1,0,0,1,0,0,0,0,0,0,0,1,0,0,1,0,0,1,1,0,0,2,1,0,1,0,0,0,0,1,0,0,0,0,1,1,1,0,0,1,0,0,2,0,1,0,2,0,1,1,0,0,0,1,1,1,2,0,1,0,0,0,0,0,0,0,0,0,0,0,1,0,0,1,0,0,0,0,0,0,0,0,0,0,1,1,0,0,1,0,2,0,0,1,2,2,0,0,0,0,0,0,0,0,1,1,0,0,0,1,0,1,2,0,1,0,0,0,3,0,1,0,0,0,0,0,0,0,0,0,0,0,1,1,1,3,1,3,0,2,4,1,1,1,1,0,0,1,0,0,0,2,0,1,0,0,0,0,0,0,0,2,0,0,0,3,0,2,1,0,0,0,0,0,0,0,0,0,0,0,0,0,0,0,0,0,0,0,0,0,0,0,0,1,0,0,0,0,0,0,1,0,0,0,0,0,0,0,0,0,0,0,0,0,0,0,0,0,0,0,0,0,0,0,0,0,0,0,0,0
O43524,10,5,8,3,4,2,0,9,1,7,2,1,1,0,13,7,7,5,1,4,1,1,3,5,2,3,0,0,4,0,5,0,2,1,0,2,3,2,2,0,3,0,0,0,0,0,1,0,0,5,3,7,2,4,4,1,4,5,7,5,1,5,0,10,10,8,7,0,6,0,5,4,5,4,1,2,0,2,1,3,2,1,1,0,3,6,5,3,0,2,0,0,0,0,0,0,0,0,8,10,8,7,1,2,0,7,10,15,8,5,2,0,8,12,12,3,4,3,1,1,5,11,4,2,2,0,2,3,3,2,0,0,0,3,4,5,0,0,2,1,0,1,1,0,1,0,0,4,1,5,2,1,2,0,2,5,6,3,0,3,0,3,7,8,4,1,1,1,4,3,2,6,2,0,0,2,3,1,1,2,0,0,0,1,3,1,0,0,0,0,0,0,0,0,0,0,4,1,6,0,1,0,0,1,2,4,1,1,1,0,2,3,4,3,2,0,0,1,1,2,0,0,1,0,1,2,2,0,2,1,0,0,1,0,1,1,0,0,0,0,0,0,0,0,0,1,0,5,0,1,2,0,3,4,2,2,1,7,0,0,8,4,3,1,1,0,3,3,0,1,1,0,0,0,1,0,0,0,0,0,1,3,2,1,0,9,0,0,0,0,0,0,1,0,0,0,0,0,0,0,0,0,0,0,0,1,0,0,0,0,0,0,1,0,0,0,0,0,0,0,0,0,1,0,0,0,1,0,0,0,1,0,0,0,0,0,0,0,0,0,0,0,0
P15208,8,9,7,4,4,5,1,6,9,13,7,4,9,5,13,17,7,4,2,5,5,5,7,5,4,2,3,0,7,9,6,2,1,2,0,5,10,5,3,3,3,0,1,1,0,1,2,1,0,7,14,16,4,7,6,0,14,19,14,8,11,12,2,10,21,11,5,5,10,2,11,8,14,6,5,2,1,6,9,6,2,3,4,1,5,10,11,12,10,7,0,3,3,3,2,1,2,0,6,12,17,7,4,6,2,13,14,11,18,5,10,3,10,7,3,6,6,3,0,3,4,12,2,2,3,1,5,9,2,2,6,2,1,3,10,7,3,1,6,1,2,1,1,3,1,0,1,7,7,5,2,1,5,1,5,7,4,4,3,7,0,6,11,8,6,8,3,0,1,2,2,3,4,3,4,3,5,1,1,3,3,2,3,5,1,3,0,6,1,3,1,2,2,1,0,1,7,5,5,4,3,1,0,8,15,7,7,2,7,3,6,8,3,3,2,1,0,2,3,1,1,1,3,3,2,5,5,0,3,1,0,2,6,0,2,2,2,0,2,1,0,0,1,0,0,2,5,4,3,3,3,2,6,16,12,2,5,9,1,8,7,3,3,3,7,1,4,6,5,3,3,3,1,2,11,2,5,0,0,0,4,9,7,2,3,1,0,1,0,1,0,0,0,0,1,1,0,2,5,3,0,2,0,3,1,1,1,0,1,2,0,0,1,2,1,2,0,3,0,1,2,0,0,1,1,2,0,2,0,0,1,1,0,1,1,0,0,1,0,0,0,1,0
P02651,1,2,1,1,2,2,0,3,6,1,2,3,0,0,0,4,2,1,0,1,0,1,3,1,2,1,6,0,0,6,1,1,2,2,0,4,0,4,0,1,1,0,0,0,0,0,0,0,0,3,5,2,0,0,4,0,5,2,3,1,1,1,0,2,4,4,2,1,1,0,6,0,3,3,4,5,0,0,2,2,2,0,5,0,1,0,1,2,1,6,0,0,0,0,0,0,0,0,0,1,2,1,5,2,0,2,0,3,6,1,0,0,3,1,2,4,0,0,0,4,6,2,3,0,0,0,0,1,0,3,0,0,0,1,1,1,2,1,0,0,0,0,0,0,0,0,0,3,3,1,7,4,1,0,2,1,4,6,4,5,0,4,2,1,1,1,1,0,1,3,2,2,1,2,0,0,1,0,2,2,1,0,3,5,1,4,0,0,0,0,0,0,0,0,0,0,0,0,0,1,1,0,0,2,1,1,3,2,4,0,0,1,0,3,1,1,0,2,7,0,1,0,0,0,0,1,2,1,0,0,0,1,1,2,2,2,0,0,0,0,0,0,0,0,0,2,4,2,4,0,1,0,0,3,3,3,0,1,0,2,0,1,4,1,1,0,5,3,2,0,0,0,0,2,2,1,1,0,0,0,3,3,0,0,1,0,0,0,0,0,0,0,0,0,0,0,0,0,0,0,0,0,0,0,0,0,0,0,0,0,0,0,0,0,0,0,0,0,0,0,0,0,0,0,0,0,0,0,0,0,0,0,0,0,0,0,0,0,0,0,0,0,0
P62492,4,2,2,1,3,1,0,1,2,2,1,1,2,0,0,0,2,0,0,2,0,0,2,1,1,1,2,0,1,4,2,0,0,0,0,2,0,0,0,0,1,0,0,0,0,0,0,0,0,5,1,1,2,2,0,0,4,0,3,1,0,0,0,0,2,2,1,2,1,0,1,1,2,1,3,0,0,0,0,2,1,0,0,0,1,0,3,1,1,0,0,0,0,0,0,0,0,0,0,3,2,0,0,0,0,4,3,1,1,1,1,0,1,3,0,1,1,3,0,0,1,0,0,1,0,0,2,0,2,1,0,1,0,2,3,1,2,0,1,0,0,0,0,0,0,0,0,2,0,0,0,2,0,0,1,1,1,1,0,1,0,1,1,1,0,1,1,0,0,0,1,0,0,0,1,1,1,1,1,0,2,0,0,0,2,0,2,0,0,0,0,0,0,0,0,1,1,1,0,0,0,2,0,0,1,1,2,1,2,0,2,3,1,0,1,1,0,1,0,1,0,0,1,0,0,0,0,0,0,1,0,2,0,1,1,0,0,0,0,0,0,0,0,0,0,1,2,0,4,0,0,0,1,1,0,1,0,0,0,1,2,3,0,1,1,0,1,1,0,0,1,1,0,0,2,1,0,1,0,0,0,0,1,0,1,1,0,0,0,0,0,0,0,0,0,0,0,0,0,0,0,0,0,0,0,0,0,0,0,0,0,0,0,0,0,1,0,0,0,0,0,0,0,0,0,0,0,0,0,0,0,0,0,0,0,0,0,0,0,1,0,0,0
P55258,1,0,2,1,1,0,0,0,2,3,0,1,0,0,2,1,2,0,0,3,0,0,2,1,0,1,2,0,1,1,1,0,0,1,0,1,2,0,0,0,1,1,0,0,1,0,0,0,0,0,2,2,1,0,1,1,2,2,5,0,1,0,0,0,2,3,1,4,1,1,1,1,0,1,1,1,0,1,5,0,0,2,2,0,0,2,1,0,1,0,0,0,0,0,0,0,0,0,1,1,1,3,0,0,0,1,2,1,0,3,1,0,2,2,0,1,2,1,0,1,1,0,0,0,0,0,3,2,0,0,1,2,0,1,1,2,1,0,0,0,0,0,0,0,1,0,0,1,1,0,0,1,2,0,1,0,1,2,1,0,0,0,1,1,0,0,0,0,0,0,0,0,1,1,0,0,2,0,0,1,0,0,2,1,0,0,0,1,0,0,0,0,0,0,0,0,2,1,2,0,1,1,0,1,3,0,2,3,2,0,1,0,1,0,0,0,0,1,0,0,1,0,0,0,1,0,0,1,0,2,0,2,0,1,3,1,0,0,0,0,0,0,0,0,0,0,1,2,1,1,1,0,2,0,2,1,1,1,0,1,2,1,0,1,0,0,2,1,1,0,0,0,0,1,0,1,0,0,0,0,0,1,1,0,0,0,0,0,0,0,0,1,0,0,0,0,0,0,0,0,0,0,0,0,0,0,0,0,0,0,0,0,1,0,0,0,0,0,0,0,0,0,0,1,0,1,0,0,0,0,0,0,0,0,0,0,0,0,0,0,0,0,0
P31939,12,14,8,4,5,2,0,9,7,8,5,1,4,0,7,7,0,3,5,3,2,2,3,2,2,3,3,0,6,3,1,1,1,3,0,0,1,5,1,4,5,2,0,0,1,0,0,0,0,7,9,6,3,3,8,1,10,5,7,2,3,4,0,8,3,3,2,4,2,0,2,6,2,3,3,1,1,2,2,4,0,0,1,0,3,3,2,0,3,2,1,0,0,0,0,0,0,0,12,1,6,1,1,3,0,7,8,2,4,1,3,0,1,3,1,3,2,1,0,4,1,5,2,1,2,0,4,2,1,0,1,3,0,1,3,3,0,1,1,0,2,0,0,1,0,0,0,2,3,1,3,1,0,0,5,2,2,2,1,1,0,2,4,1,3,0,1,0,2,2,1,0,3,0,0,4,3,1,0,4,0,0,1,1,1,0,2,2,0,1,0,0,0,0,0,0,5,4,5,1,3,2,0,3,5,2,3,1,1,0,1,3,3,1,0,2,1,0,0,1,0,2,0,0,2,1,2,1,1,1,0,7,0,1,0,0,0,0,0,0,0,0,0,0,0,5,3,1,3,1,1,0,3,4,1,1,2,1,0,5,5,3,2,0,0,0,0,0,0,0,0,1,0,2,4,2,1,1,0,0,2,4,3,0,0,4,1,3,1,0,0,0,0,0,2,0,1,0,1,2,0,0,0,0,1,0,0,0,0,0,0,1,0,0,0,0,1,0,0,0,0,0,0,0,0,0,0,0,0,0,0,0,0,0,0,0,0,0,0,0,0,0,0
Q12840,2,9,10,1,1,7,0,6,7,8,4,7,3,0,5,11,5,3,3,5,0,3,7,2,1,2,5,0,2,5,4,4,2,4,0,3,4,4,9,6,5,0,1,1,0,0,0,0,0,8,1,6,4,6,4,0,4,10,6,3,6,7,0,2,8,8,5,5,4,2,2,4,5,5,6,3,1,12,4,3,4,4,8,1,8,5,5,3,8,10,1,0,0,0,0,0,1,0,7,5,2,4,3,5,2,3,2,9,6,6,11,1,8,5,9,5,6,3,1,6,5,5,3,1,4,0,5,3,8,5,4,3,1,4,3,5,3,2,5,0,1,0,1,0,0,1,1,3,6,6,2,5,1,0,3,8,2,3,6,9,0,4,4,5,4,7,3,0,2,7,5,3,1,2,0,1,3,3,5,1,4,1,3,4,4,6,1,3,0,0,0,1,0,0,1,0,7,9,4,1,3,8,0,2,3,2,3,9,6,0,5,6,5,1,2,2,0,4,2,5,4,5,3,1,4,3,0,3,4,2,0,3,5,6,3,4,4,0,0,1,0,1,1,0,0,3,5,5,7,2,6,0,10,4,7,7,2,3,0,3,4,4,5,6,5,1,5,6,5,4,3,4,0,8,6,3,3,0,4,0,6,11,4,2,3,3,1,0,1,0,0,1,0,0,0,0,0,1,1,0,0,1,2,0,0,0,1,0,0,0,1,1,0,0,0,1,0,0,0,0,0,0,0,1,0,0,1,0,0,1,1,0,1,0,0,0,0,1,0,0,0,0,0
P54646,6,3,7,0,3,3,1,1,2,6,3,4,1,0,2,11,3,4,2,2,1,2,1,2,1,1,2,0,3,3,1,2,2,0,0,1,5,4,1,1,2,0,0,1,3,0,0,0,0,5,3,2,4,0,2,0,3,6,9,4,3,6,1,10,4,9,3,4,4,0,0,3,3,4,3,2,0,6,5,2,2,3,1,0,6,2,4,1,3,1,0,0,0,0,0,1,0,0,3,3,9,2,2,2,3,5,7,7,2,4,3,0,3,6,3,3,4,1,0,3,3,6,0,1,0,0,1,6,0,4,0,1,0,4,4,2,0,0,2,0,0,0,1,0,0,1,0,2,1,2,0,0,2,0,2,2,5,1,1,3,0,5,4,0,1,1,1,0,0,2,1,0,1,1,0,1,2,1,3,1,1,1,3,3,0,2,1,1,0,0,0,1,0,0,0,0,4,2,2,2,5,2,0,2,5,3,3,5,3,0,2,0,1,1,0,0,0,2,4,0,0,2,4,1,3,3,0,1,1,0,0,1,1,0,0,0,0,1,0,1,0,0,0,0,0,3,5,4,1,1,2,0,3,9,3,2,2,1,0,2,3,3,0,0,2,1,0,1,0,0,2,1,0,1,2,0,1,1,0,0,1,4,1,0,0,3,0,1,0,0,0,0,0,0,0,0,0,0,0,1,0,0,1,1,0,0,0,0,0,0,1,1,1,2,0,0,0,0,0,0,0,0,1,0,0,0,0,0,0,0,1,0,0,0,0,0,0,0,0,0,0,0,0
Q66H80,5,5,4,0,4,4,0,9,9,2,3,2,1,0,1,3,3,2,2,3,0,3,4,1,1,1,1,0,4,2,4,0,3,1,1,1,3,3,1,4,0,1,0,0,1,0,0,0,0,8,6,3,1,6,1,0,6,7,8,1,2,3,1,4,5,1,3,2,5,0,5,0,3,0,2,2,2,3,5,2,1,1,5,0,1,3,3,2,1,2,0,0,0,0,2,0,0,0,3,3,2,3,1,0,0,2,6,5,2,6,2,0,2,4,1,1,1,2,0,3,3,2,2,3,0,0,1,2,1,1,1,2,0,6,4,7,1,1,1,0,1,0,0,0,0,0,0,1,4,2,1,1,2,0,1,1,1,4,2,4,0,2,1,1,2,0,2,0,0,2,0,0,1,0,0,2,2,3,0,2,1,0,2,1,1,0,1,2,0,0,0,1,1,0,0,0,4,3,3,2,2,2,1,4,1,2,1,3,0,0,3,3,2,1,1,3,1,0,0,0,0,2,0,0,3,0,3,0,1,2,0,4,1,2,1,0,4,0,0,0,1,0,0,0,0,0,5,1,3,1,4,0,3,3,2,3,2,2,1,0,6,3,3,2,4,0,0,3,2,0,1,2,0,4,0,1,0,1,1,0,0,4,2,3,0,0,0,1,0,0,0,0,0,0,1,0,0,1,0,0,0,0,0,0,0,0,0,0,0,1,0,1,0,1,0,0,1,0,0,0,2,0,0,0,0,0,0,0,0,0,0,0,0,0,0,0,0,0,0,0,0,0,0
O88900,4,3,6,1,5,1,0,3,3,5,1,1,1,0,2,5,2,7,6,0,0,3,4,4,2,3,1,1,2,1,4,1,4,0,1,3,2,4,1,1,4,0,0,1,1,0,0,0,0,5,2,6,6,2,5,0,5,7,6,6,1,3,0,4,5,4,3,3,2,1,0,5,6,1,3,2,1,0,3,1,3,0,0,1,1,2,4,2,3,0,0,1,1,0,0,0,0,0,2,2,4,4,3,2,0,9,5,6,5,4,3,0,3,6,5,3,0,1,1,3,1,7,2,2,4,0,3,4,2,2,2,2,0,0,0,1,2,1,1,0,1,0,0,0,0,0,1,4,3,1,1,0,5,0,3,4,1,5,0,1,0,1,7,5,2,3,2,0,2,1,2,0,1,0,0,0,5,1,0,3,0,0,0,3,1,0,1,4,0,1,0,1,0,0,0,0,2,1,2,4,1,0,1,3,5,1,1,2,2,2,1,4,3,3,1,0,0,3,2,1,1,0,1,0,2,2,2,2,4,1,0,2,0,1,0,0,0,0,1,1,0,0,0,0,0,2,3,2,1,1,1,1,2,3,2,0,0,1,0,6,5,1,0,1,0,0,3,1,0,0,0,1,0,4,1,2,0,0,0,0,5,1,2,0,1,4,0,0,0,0,0,0,0,0,0,0,1,1,1,1,0,1,1,1,0,0,1,0,0,0,0,1,1,0,0,0,0,0,0,0,0,0,0,0,0,0,0,0,0,0,0,0,0,0,0,0,0,1,0,0,0,0,0
D4ABI7,3,1,1,2,1,1,0,3,11,3,2,0,2,0,0,2,0,2,1,1,0,2,3,2,0,1,2,0,1,3,1,2,2,0,0,0,0,4,0,0,0,0,0,0,0,0,0,0,0,3,10,1,2,1,0,0,3,10,8,5,2,2,0,4,9,2,3,1,4,0,3,4,5,1,3,0,0,4,1,1,1,2,2,0,1,5,2,0,1,0,0,1,0,1,0,0,0,0,1,3,0,3,2,1,0,6,4,5,3,4,2,1,1,3,2,0,1,1,0,0,2,2,0,0,0,1,0,3,0,0,1,0,0,3,3,2,1,1,2,0,0,0,0,0,0,0,0,0,2,2,3,1,1,0,3,2,4,0,2,1,0,3,4,3,0,0,2,0,1,0,2,1,0,0,0,1,1,2,2,0,1,0,1,0,2,0,0,0,0,0,1,0,0,0,0,0,1,3,2,0,2,0,0,0,2,1,4,1,1,0,1,2,0,0,1,0,0,3,1,1,1,2,1,0,0,1,0,3,4,1,0,0,1,0,2,0,1,0,0,0,0,0,0,0,0,1,1,0,0,2,1,0,2,1,1,2,2,1,1,1,4,1,0,0,4,0,0,1,0,1,1,0,0,2,0,0,1,0,0,0,0,1,1,0,1,1,0,0,0,0,0,0,0,0,0,1,0,0,0,0,0,0,0,1,0,0,0,0,0,1,0,0,0,0,0,0,0,0,0,0,0,0,0,0,0,0,0,0,0,0,0,0,0,0,0,0,0,0,0,0,0,0,0
Q9WV78,1,3,1,1,4,1,0,1,8,2,3,1,2,0,0,4,0,0,1,1,0,4,4,1,1,1,1,1,3,3,2,0,1,6,0,2,1,3,1,3,0,1,1,0,1,0,0,1,0,5,6,2,0,2,2,0,5,12,5,3,4,1,1,3,2,6,1,5,3,0,2,4,2,1,2,5,0,1,2,0,3,1,2,0,2,3,1,0,1,3,0,0,1,0,0,0,0,0,1,4,1,3,2,0,0,3,5,3,3,1,1,0,1,8,1,2,0,1,0,1,1,1,0,1,0,1,3,4,2,1,1,1,0,1,3,1,0,4,0,1,1,0,0,0,0,0,0,1,1,1,3,1,2,0,3,2,1,1,2,0,0,2,0,1,2,1,3,0,0,0,2,0,0,2,0,1,1,1,1,2,2,0,1,3,0,2,2,1,0,1,0,0,2,0,0,0,2,2,0,1,3,3,3,2,1,4,5,0,3,0,2,1,3,0,1,0,1,2,0,3,1,1,0,0,2,4,1,0,2,0,0,4,3,2,1,3,1,0,0,0,0,0,0,0,0,0,1,1,5,2,2,0,3,3,4,1,1,3,0,3,1,2,0,2,1,0,0,0,0,1,1,1,1,4,1,2,2,2,3,0,1,2,1,0,1,0,0,0,0,2,0,0,0,0,1,0,0,0,1,1,0,0,0,1,0,0,0,0,0,0,0,0,2,1,0,0,0,0,0,2,0,0,0,0,0,0,0,0,0,0,0,1,0,0,0,0,0,0,0,0,0,0,0
Q09137,6,3,6,0,3,3,1,2,2,6,3,4,1,0,2,12,4,4,1,2,1,2,1,2,1,1,2,0,3,3,1,2,2,0,0,2,5,3,1,1,3,0,0,1,3,0,0,0,0,5,3,3,4,0,2,0,3,6,9,4,3,6,1,10,4,7,3,5,4,0,0,3,3,4,3,2,0,6,5,2,2,3,1,0,6,2,4,1,3,1,0,0,0,0,0,1,0,0,2,4,9,2,2,2,3,5,7,7,2,4,3,0,3,5,3,3,4,1,0,3,3,5,1,1,0,0,1,6,0,4,0,1,0,4,3,2,0,0,1,0,0,0,1,0,0,1,0,2,1,2,0,0,2,0,2,2,5,1,1,3,0,5,4,0,1,1,0,0,0,2,1,0,1,2,0,1,2,1,3,1,1,1,4,3,0,2,1,1,0,0,0,1,0,0,0,0,4,2,2,2,5,2,0,2,5,3,3,5,3,0,2,0,1,1,0,0,0,2,4,0,0,2,4,1,3,3,0,1,1,0,0,1,1,0,0,0,0,1,0,1,0,0,0,0,0,3,5,5,1,1,3,0,3,9,2,2,2,1,0,2,3,3,0,0,1,1,0,1,0,0,2,1,0,1,2,0,1,1,0,0,1,4,1,0,0,3,0,1,0,0,0,0,0,0,0,0,0,0,0,1,0,0,1,1,0,0,0,0,0,0,1,1,1,2,0,0,0,0,0,0,0,0,1,0,0,0,0,0,0,0,1,0,0,0,0,0,0,0,0,0,0,0,0
Q3UPR7,12,5,2,6,6,4,0,8,13,2,0,3,4,3,4,1,3,1,0,3,2,6,2,4,1,1,1,0,1,7,4,0,1,0,0,2,3,4,0,3,1,0,0,0,0,0,0,0,0,10,14,3,5,3,3,0,10,11,7,3,6,6,0,4,7,1,1,1,4,0,5,0,3,1,1,1,0,3,6,0,0,1,2,0,4,10,2,4,2,1,0,0,2,0,0,0,1,1,4,3,3,1,0,3,0,5,4,3,2,1,6,1,3,3,3,2,1,1,0,0,3,4,1,0,1,0,1,1,0,1,0,0,0,1,4,3,2,1,2,0,0,1,1,0,0,0,0,2,5,4,1,2,1,0,2,4,1,1,0,1,0,1,5,2,2,1,3,0,2,1,1,0,0,0,0,2,1,0,1,0,0,0,0,2,0,0,1,0,0,0,0,0,0,0,0,0,2,5,2,0,1,1,0,8,5,0,2,1,2,0,1,2,2,1,0,0,0,1,1,0,0,0,0,0,2,0,0,0,0,0,0,0,0,1,0,1,0,1,0,0,0,0,0,0,0,4,1,1,1,1,1,0,5,6,4,2,1,3,0,1,4,2,2,0,1,0,1,2,1,1,2,0,0,2,3,2,0,0,1,0,2,2,0,0,0,0,0,1,0,0,0,0,0,0,1,0,0,1,0,0,0,0,0,1,1,0,1,0,0,0,0,0,0,1,0,0,0,0,0,0,0,0,0,0,0,0,0,0,0,0,0,0,1,0,0,0,1,0,0,0,0,0,0
Q5NCF2,1,2,0,2,2,0,0,0,1,1,0,0,2,0,0,3,4,1,0,0,0,0,0,0,0,2,0,0,1,1,0,0,0,0,0,0,0,0,0,2,0,0,0,0,0,0,0,0,0,2,0,2,0,0,2,0,3,2,4,1,0,1,1,1,3,1,0,2,1,0,0,0,0,2,1,0,0,0,0,3,0,0,0,0,1,0,2,0,0,0,0,1,1,0,0,0,0,0,1,1,1,0,0,0,0,1,3,1,2,1,0,0,0,2,0,3,1,1,0,2,3,1,0,0,0,0,1,2,2,0,0,0,0,0,2,1,0,0,1,0,0,0,0,0,0,0,0,0,1,2,0,0,0,0,1,0,1,0,1,0,1,1,0,0,0,0,0,0,1,1,0,0,0,1,0,1,0,0,0,1,1,0,0,0,1,0,0,0,0,0,0,0,0,0,0,0,1,0,2,0,0,0,0,1,3,1,0,0,0,0,1,0,1,0,2,2,0,0,0,0,1,0,0,0,0,0,0,1,1,0,0,0,1,0,0,0,0,0,0,0,0,0,0,0,0,0,0,1,0,0,0,0,0,2,0,0,1,0,0,0,0,2,2,0,0,0,0,0,0,0,0,0,0,0,2,1,0,0,0,0,0,0,0,0,1,1,0,0,0,0,0,0,0,0,1,0,0,0,0,0,0,0,1,0,0,0,0,0,0,0,0,0,0,0,0,0,0,0,0,0,0,0,0,0,0,0,0,0,0,0,0,0,0,0,0,0,0,0,0,0,0,0,0
Q3TLI0,6,13,7,4,3,4,3,15,19,7,12,4,4,0,6,12,13,5,5,2,1,10,5,6,4,2,1,2,2,2,2,10,0,4,0,5,10,5,4,1,3,0,2,1,3,0,1,0,0,11,11,10,12,5,8,1,18,18,20,8,4,12,0,14,12,11,11,8,7,2,6,8,7,7,5,7,2,6,5,3,4,2,3,0,6,11,5,6,5,6,0,0,0,1,0,0,1,0,4,14,9,4,5,9,0,6,17,13,9,3,8,0,9,9,11,9,4,4,3,11,10,8,3,4,4,0,2,10,2,3,6,1,1,7,6,2,3,2,2,2,1,1,0,2,1,2,0,10,11,6,2,4,2,2,4,10,8,2,4,6,1,7,8,5,3,4,6,1,2,2,7,1,2,2,0,1,3,5,3,4,3,1,8,1,8,0,0,4,0,0,4,0,1,0,2,0,1,4,5,1,1,2,1,6,8,5,2,5,3,0,2,7,3,4,1,1,0,4,7,2,0,3,5,2,1,2,5,2,2,3,0,4,3,5,0,1,2,1,0,1,1,0,0,0,0,7,8,6,6,2,2,0,9,5,8,9,3,5,1,5,7,6,7,2,3,0,3,2,4,1,3,2,1,3,6,1,1,1,1,0,0,6,5,3,4,2,0,0,1,0,0,0,0,2,1,0,1,1,0,1,0,0,3,4,0,0,1,0,1,1,0,1,1,1,0,1,1,0,0,1,0,0,0,1,0,0,0,1,0,1,3,1,0,0,1,0,1,0,0,0,0,1,0
Q9CQP2,0,1,1,1,0,0,0,2,3,1,2,1,1,0,2,0,2,0,1,0,0,1,0,0,0,0,0,0,1,0,0,0,1,0,0,0,0,1,1,0,1,0,0,0,0,0,0,0,0,1,2,2,0,0,1,0,0,2,1,5,1,1,0,1,3,1,1,0,0,0,1,0,2,1,3,2,0,0,1,1,0,0,1,0,0,1,3,0,0,0,0,0,0,0,0,0,0,0,0,3,1,0,0,1,0,0,4,1,1,0,1,0,0,0,0,1,1,0,0,1,1,0,1,0,1,0,0,2,0,0,0,0,0,1,1,0,0,0,0,0,0,0,0,0,0,0,0,2,1,0,0,1,0,0,0,0,1,1,1,1,0,1,1,0,1,0,0,0,1,1,1,0,0,0,0,1,1,0,1,1,0,0,0,0,0,2,0,2,0,0,0,0,0,0,0,0,0,2,0,0,0,1,0,1,1,2,0,0,0,0,0,0,0,1,0,1,0,0,0,0,0,0,1,0,1,0,0,0,0,1,0,1,1,0,0,0,0,0,0,0,0,0,0,0,0,0,1,1,0,1,0,0,3,0,0,0,0,0,0,1,2,0,0,0,1,0,0,2,0,1,1,0,0,0,0,1,0,0,0,0,1,0,0,1,1,0,0,0,0,0,0,0,0,0,0,0,0,0,0,0,0,0,0,0,0,0,0,0,0,0,0,0,0,0,0,0,0,0,0,0,0,0,0,0,0,0,0,0,0,0,0,0,0,0,0,0,0,0,0,0,0,0,0
Q9JME7,0,1,2,0,0,1,0,2,0,1,1,1,0,1,4,1,2,1,0,0,0,0,1,0,0,0,0,0,1,0,3,0,0,0,0,0,1,1,0,0,0,0,0,0,0,0,0,0,0,1,1,1,0,2,0,0,1,0,1,1,0,0,0,0,3,4,1,0,0,0,0,0,1,0,0,0,1,1,1,0,0,1,2,0,0,0,1,1,1,0,0,1,0,0,0,0,0,0,0,1,4,0,1,1,0,0,3,2,0,1,1,0,1,0,3,3,2,2,0,1,2,2,1,0,1,0,0,2,0,0,0,0,0,1,1,1,0,0,1,0,0,0,0,0,0,0,0,0,0,1,0,0,0,0,0,0,1,0,3,0,0,1,1,1,0,0,0,0,0,1,0,0,0,0,0,0,0,0,0,0,0,0,1,0,0,0,2,0,0,0,0,1,0,0,0,0,0,1,1,0,1,0,0,1,0,2,0,0,2,0,0,0,0,2,0,1,0,0,0,0,0,0,1,0,0,1,0,0,0,0,0,1,0,0,0,0,1,0,0,0,0,0,0,0,0,2,2,0,0,0,0,0,1,0,1,0,0,0,0,0,2,1,0,0,1,0,0,0,0,0,0,1,0,1,1,0,1,0,0,0,1,0,1,0,0,0,0,0,0,0,0,0,0,0,1,0,0,1,0,0,0,0,0,0,0,0,0,0,1,0,0,0,0,0,0,0,0,0,0,0,0,0,0,0,0,0,0,0,0,0,0,0,0,0,0,0,0,0,0,0,0,0,0
O55013,0,3,2,1,2,1,1,2,3,2,1,1,1,0,0,0,1,2,1,2,0,0,0,1,0,1,0,0,1,2,0,1,0,0,0,3,0,0,0,0,1,0,0,1,0,0,0,0,0,4,1,1,0,0,1,0,1,1,1,3,2,3,0,0,4,1,1,0,1,0,0,0,3,1,1,1,0,2,0,1,0,1,0,0,2,0,2,1,0,2,0,0,0,0,0,0,0,0,1,1,1,0,1,0,0,1,2,3,0,0,1,0,0,2,1,0,2,0,0,1,0,0,2,0,0,0,1,2,0,0,1,1,0,0,1,1,1,2,0,0,0,0,0,0,0,0,0,0,1,1,1,0,1,0,0,0,0,0,0,0,0,2,1,1,0,1,0,0,0,0,1,0,0,2,0,0,0,1,1,0,0,0,0,2,1,0,0,1,0,0,0,0,0,1,0,0,2,2,0,0,0,1,0,2,1,1,0,0,2,0,0,0,1,0,1,1,0,2,0,0,0,0,0,0,0,1,1,0,0,0,0,0,1,0,0,0,0,0,0,1,0,0,0,0,0,3,2,1,0,1,0,0,1,3,0,1,1,0,0,2,0,1,0,0,1,0,1,0,0,0,0,1,1,0,1,0,0,0,0,1,2,2,0,1,0,1,0,0,0,0,0,0,0,0,0,0,0,0,0,0,0,0,1,0,1,0,0,0,0,0,0,0,0,0,0,0,0,0,0,0,0,0,1,0,0,0,0,0,0,0,0,0,0,0,0,0,0,0,0,0,0,0,0
Q9ES56,1,2,1,2,3,1,0,6,1,4,1,3,1,0,1,2,2,0,0,0,0,2,1,0,0,1,1,0,0,2,0,1,0,2,0,2,1,1,0,2,0,0,0,0,0,0,0,0,0,5,5,3,0,1,2,0,2,1,4,1,0,2,0,2,2,4,3,1,5,0,1,0,1,1,1,0,0,1,6,0,0,1,1,0,1,1,2,0,0,0,1,0,0,0,1,0,0,0,1,4,1,2,0,0,0,0,3,2,1,3,1,0,2,4,1,0,1,1,0,1,2,0,0,0,0,0,1,0,0,0,0,1,0,0,5,1,1,0,0,0,0,0,0,0,0,0,0,2,3,0,0,0,1,0,1,0,1,0,2,0,1,1,1,1,0,0,0,0,0,0,1,0,0,1,0,0,2,0,0,0,0,0,0,2,0,0,0,0,0,0,0,0,0,0,0,0,0,1,0,1,0,1,0,3,3,3,1,1,1,0,0,0,0,0,0,0,0,2,0,0,0,0,0,0,0,1,0,0,0,0,0,2,0,0,1,0,1,0,0,0,0,0,0,0,0,1,1,1,0,1,1,0,4,2,3,0,0,0,0,1,1,1,0,0,1,0,0,1,1,1,0,0,0,1,0,0,1,0,0,0,0,0,0,1,0,0,0,0,0,0,0,1,0,0,0,0,0,0,0,0,0,0,0,0,0,0,0,0,0,0,0,0,0,0,0,0,1,0,0,0,0,0,0,1,0,0,0,0,0,0,0,0,0,0,0,0,0,0,0,0,0,0,0
Q8IUR0,2,3,2,1,2,2,0,7,3,0,0,1,1,0,1,4,0,1,1,0,0,0,0,0,0,1,1,0,3,0,3,2,0,3,0,1,2,2,0,1,2,0,0,0,0,1,0,0,0,5,1,4,0,6,1,0,5,3,1,0,0,1,0,2,2,3,0,1,0,0,0,0,0,0,0,0,0,2,1,1,0,0,1,0,1,0,1,0,1,0,0,0,0,0,0,0,0,0,0,0,0,0,2,1,1,2,1,5,0,1,0,0,1,0,0,2,0,0,0,0,2,1,0,0,1,1,2,1,0,0,0,0,0,0,0,0,0,1,0,0,0,0,0,0,0,0,0,1,1,1,1,0,0,0,0,1,1,0,0,1,0,0,1,0,0,0,0,0,2,0,0,1,0,0,0,1,0,0,0,0,0,0,0,1,0,0,1,0,0,0,0,0,1,0,0,0,3,6,0,0,1,3,0,1,0,1,0,1,0,0,0,1,0,2,0,1,0,1,0,0,1,0,0,0,1,0,0,0,0,0,0,1,2,0,0,2,0,0,0,0,0,0,0,0,0,1,1,0,0,0,1,0,2,2,0,0,2,0,0,0,1,0,0,1,0,0,1,0,0,0,0,0,0,3,1,0,0,1,1,0,0,1,0,1,0,0,0,0,0,0,0,0,0,0,0,0,0,0,0,0,0,0,0,0,0,0,0,0,0,0,0,0,0,0,0,0,1,0,1,0,0,0,0,0,0,0,0,0,0,0,0,0,0,0,0,0,0,0,0,0,0,0,0
Q9CQA1,2,3,2,1,2,2,0,7,3,0,0,1,1,0,1,4,0,1,1,0,0,0,1,0,0,1,1,0,3,0,3,2,0,3,0,1,2,2,0,1,2,0,0,0,0,1,0,0,0,5,1,4,0,6,1,0,5,3,1,0,0,1,0,2,2,3,0,1,0,0,0,0,0,0,0,0,0,3,1,0,0,0,1,0,1,0,1,0,1,0,0,0,0,0,0,0,0,0,0,0,0,0,2,1,1,2,1,5,0,1,0,0,1,0,0,2,0,0,0,0,1,1,0,0,1,1,2,1,0,0,0,0,0,0,0,0,0,1,0,0,0,0,0,0,0,0,0,1,1,1,1,0,0,0,0,1,1,0,0,1,0,0,1,0,0,0,0,0,2,0,0,1,0,0,0,1,0,0,0,0,0,0,0,1,0,0,1,0,0,0,0,0,1,0,0,0,3,6,0,1,1,3,0,1,0,1,0,1,0,0,0,1,0,1,0,1,0,1,0,0,1,0,0,0,1,0,0,0,0,0,0,1,2,0,0,2,0,0,0,0,0,0,0,0,0,1,1,0,0,0,1,0,2,2,0,0,2,0,0,0,1,0,0,1,0,0,1,0,0,0,0,0,0,3,1,0,0,1,1,0,0,1,0,1,0,0,0,0,0,0,0,0,0,0,0,0,0,0,0,0,0,0,0,0,0,0,0,0,0,0,0,0,0,0,0,0,1,0,1,0,0,0,0,0,0,0,0,0,0,0,0,0,0,0,0,0,0,0,0,0,0,0,0
Q86SZ2,0,0,2,0,2,0,0,0,0,3,1,0,0,0,2,1,2,1,1,2,0,1,1,0,1,0,3,0,0,2,0,0,0,0,0,2,0,0,0,0,1,0,0,0,1,0,0,0,0,1,2,3,2,0,1,1,3,3,0,0,2,0,0,1,0,1,1,2,0,0,0,0,1,0,1,1,0,1,1,2,2,0,1,1,0,1,0,0,1,1,0,0,0,0,0,1,0,0,1,1,1,2,0,1,0,3,1,0,0,1,1,1,1,0,1,2,0,0,0,0,1,1,0,1,1,0,0,2,2,0,0,0,0,0,0,0,1,1,0,0,0,0,0,0,0,0,0,1,0,0,0,0,0,0,1,1,1,0,1,1,0,0,2,0,0,1,0,0,0,1,1,1,0,0,0,1,0,0,0,1,0,0,2,3,0,1,0,0,0,0,0,0,0,0,0,0,1,0,1,1,0,0,0,3,1,0,1,2,0,0,2,3,0,0,0,0,0,0,1,0,0,0,1,0,0,1,0,0,0,0,0,0,1,0,0,0,0,0,1,1,0,0,0,0,0,0,0,3,1,0,1,0,0,1,1,1,1,1,0,0,0,0,0,0,0,0,0,1,0,1,0,0,0,0,1,1,0,0,0,1,1,0,0,0,1,0,0,0,0,0,0,0,0,0,0,1,0,0,0,0,0,0,1,0,0,0,0,0,0,1,0,0,0,0,0,0,0,0,0,0,0,0,1,0,0,0,0,0,0,0,0,0,0,0,0,0,0,0,0,0,0,0,0
Q9D289,0,0,2,0,2,0,0,0,0,3,1,0,0,0,2,2,2,0,1,2,0,1,1,0,1,0,3,0,0,2,0,0,0,0,0,2,0,0,0,0,1,0,0,0,1,0,1,0,0,1,2,3,2,0,1,1,3,4,0,0,2,0,0,1,0,1,1,2,0,0,0,1,1,0,1,1,0,1,1,2,2,0,1,1,0,1,0,0,1,1,0,0,0,0,0,0,0,0,1,1,1,2,0,1,1,3,0,0,1,1,1,0,1,0,1,1,0,1,0,0,1,0,0,1,0,0,0,2,2,0,0,0,0,0,1,0,1,1,0,0,0,0,0,0,0,0,0,1,0,0,0,0,0,0,1,2,1,0,1,1,0,0,1,0,0,1,0,0,0,1,1,1,0,0,0,1,0,0,0,1,0,0,2,2,0,1,0,0,0,0,0,0,0,0,0,0,1,0,1,1,0,0,0,3,1,0,1,2,0,0,3,2,0,0,0,0,0,0,1,0,0,0,1,0,0,1,0,0,0,0,0,0,1,0,0,0,0,0,1,1,0,0,0,0,0,0,0,3,1,0,1,0,0,1,1,1,1,1,0,0,0,0,0,0,0,0,0,1,0,1,0,0,0,0,1,1,0,0,0,1,1,0,0,0,1,0,0,0,0,0,0,0,0,0,0,1,0,0,0,0,0,0,1,0,0,0,0,0,0,1,0,0,0,0,0,0,0,0,0,0,0,0,1,0,0,0,0,0,0,0,0,0,0,0,0,0,0,0,0,0,0,0,0
Q3U0M1,10,13,8,9,4,5,1,8,15,8,7,1,9,2,6,13,9,1,11,4,2,8,7,4,3,3,1,2,6,3,2,5,3,2,0,8,8,3,5,2,1,2,2,1,0,2,1,0,0,16,14,10,1,4,11,1,16,18,19,6,8,12,2,6,18,11,5,5,5,0,8,11,3,2,4,8,1,5,5,7,3,5,5,0,10,10,7,4,4,3,0,1,1,1,1,1,2,0,8,7,7,4,4,6,0,13,18,6,11,4,8,2,10,10,8,8,2,2,0,4,6,4,4,1,2,0,5,6,3,3,3,2,1,3,10,2,0,1,1,1,1,2,0,0,0,0,0,6,8,7,2,2,2,0,10,10,5,2,7,3,1,7,6,2,2,0,2,0,2,4,1,1,2,3,0,3,4,5,1,1,2,0,2,6,2,3,1,2,0,1,0,1,1,1,1,0,4,4,4,3,3,2,3,1,7,4,6,1,3,0,2,4,7,2,5,4,1,3,4,5,1,3,0,1,1,2,5,4,1,3,0,4,4,1,1,1,3,0,0,0,0,0,0,1,0,5,4,9,7,3,1,1,8,12,8,4,8,2,0,5,10,3,3,0,1,0,2,6,0,2,1,2,1,1,2,3,1,2,0,0,3,4,4,1,0,2,0,1,1,0,0,0,2,0,1,0,1,1,1,2,0,1,1,0,1,1,1,0,0,1,1,0,0,0,0,0,0,2,0,2,0,0,2,0,0,0,1,0,0,0,0,3,0,0,2,1,0,0,0,0,0,0,0
P84243,1,2,4,0,1,0,0,1,0,1,2,2,1,0,1,0,2,2,1,0,0,0,1,0,0,0,0,0,1,1,1,0,1,1,0,0,0,1,1,0,0,0,0,1,0,0,0,0,0,4,0,1,0,1,0,1,1,2,0,0,1,1,0,2,1,0,0,0,0,0,0,1,1,0,1,0,0,0,1,1,1,3,0,0,0,0,2,1,3,0,0,0,0,0,0,0,0,0,0,2,0,0,1,2,0,1,0,1,0,0,0,0,0,1,0,0,2,0,0,0,1,0,0,1,0,0,1,1,0,2,3,0,0,0,0,0,0,0,1,0,0,0,0,0,0,0,0,0,1,0,0,0,0,0,2,1,0,0,2,1,0,0,0,0,0,1,1,0,0,0,0,0,0,0,0,0,0,1,0,1,0,0,0,0,0,0,0,0,0,0,0,0,0,0,0,0,3,2,2,1,0,0,0,2,1,1,0,1,3,0,1,0,0,0,2,0,0,0,2,1,0,0,0,0,5,3,0,0,0,0,0,1,0,0,0,0,0,0,0,0,0,0,0,0,0,0,0,0,0,1,0,0,0,1,0,0,0,0,0,1,0,1,0,1,0,0,1,1,0,0,0,0,0,1,2,0,0,0,0,0,0,1,0,0,0,0,0,0,0,0,0,0,0,0,0,0,0,0,0,0,0,0,0,0,1,0,0,0,0,0,0,0,0,0,0,0,0,0,0,0,0,0,0,0,0,0,0,0,0,0,0,0,0,0,0,0,0,0,0,0,0,0,0
Q5TEC6,1,1,4,0,1,0,0,1,0,1,2,2,1,0,3,0,2,1,1,0,0,0,1,0,0,0,0,0,1,1,1,0,1,1,0,0,0,0,1,1,0,0,0,1,0,0,0,0,0,2,0,2,0,1,0,1,1,2,0,0,1,1,0,2,1,0,0,0,0,0,0,1,1,0,1,0,0,0,1,2,1,2,0,0,0,0,2,1,3,0,0,0,0,0,0,0,0,0,1,4,0,0,1,1,0,0,0,1,0,0,0,0,0,0,0,1,2,0,0,0,1,0,0,1,0,0,1,1,0,2,3,0,0,0,0,0,0,0,1,0,0,0,0,0,0,0,0,0,1,0,0,0,0,0,2,1,0,0,2,1,0,0,0,0,0,1,1,0,0,0,0,0,0,0,0,0,0,1,0,1,0,0,0,0,0,0,0,0,0,0,0,0,0,0,0,0,3,1,2,1,0,1,0,2,1,1,0,1,3,0,2,0,0,0,2,0,0,0,2,1,0,0,0,0,4,3,0,0,0,0,0,1,0,0,0,0,0,0,0,0,0,0,0,0,0,0,0,0,0,1,0,0,0,1,0,0,0,0,0,0,0,1,0,1,0,0,1,1,0,0,0,0,0,2,2,0,0,0,0,0,0,1,0,0,0,0,0,0,0,0,0,0,0,0,0,0,0,0,0,0,0,0,0,0,1,0,0,0,0,0,0,0,0,0,0,0,0,0,0,0,0,0,0,0,0,0,0,0,0,0,0,0,0,0,0,0,0,0,0,0,0,0,0
P10316,10,5,5,3,1,4,0,3,4,2,1,2,2,0,2,4,2,1,0,2,0,1,0,2,0,2,1,2,2,4,0,0,1,1,1,1,1,5,6,1,0,1,0,0,1,0,0,0,0,5,4,1,1,1,2,0,3,4,3,1,3,1,0,5,4,0,1,3,2,0,1,2,2,1,0,2,0,2,2,2,0,0,0,0,3,0,3,1,0,1,0,0,0,0,0,0,0,0,9,1,1,1,3,5,0,4,4,2,3,0,2,0,3,3,1,2,2,0,0,1,0,6,1,0,1,0,0,3,1,3,2,0,0,2,2,1,2,2,1,0,0,0,0,0,0,0,0,2,0,1,1,1,0,0,2,0,3,0,0,0,0,4,2,4,3,2,2,0,1,0,3,0,0,0,0,0,1,2,1,1,0,0,2,2,1,1,0,2,0,0,0,1,0,1,0,0,0,2,0,2,0,2,0,1,3,3,2,0,3,0,2,1,1,0,0,2,0,0,2,2,1,0,1,0,0,1,1,1,2,1,0,0,0,2,0,0,0,0,1,0,0,0,0,0,0,2,2,2,0,2,2,1,1,0,2,1,1,0,0,3,1,2,2,2,2,0,1,1,2,1,3,3,0,2,0,0,1,0,0,0,3,0,0,1,0,0,0,1,0,0,0,0,0,0,0,0,2,0,0,0,0,0,0,0,0,0,0,0,1,0,1,0,0,0,0,0,0,0,0,0,0,0,0,1,0,0,0,0,0,0,0,0,0,0,0,0,0,0,0,0,0,0,0
Q9NRG9,9,8,3,1,2,2,1,5,7,11,1,5,4,0,3,8,4,1,3,1,0,6,2,1,0,2,3,0,3,7,1,1,0,0,0,3,3,0,3,1,1,0,2,1,1,0,1,0,0,7,9,4,3,1,1,2,10,19,3,5,4,7,1,6,8,8,7,1,1,1,3,7,3,2,1,0,0,5,1,3,3,0,2,0,4,3,0,6,1,1,0,0,0,1,0,1,0,1,3,3,5,6,1,3,0,4,8,6,4,2,3,0,6,5,2,3,0,2,0,5,6,1,1,1,0,3,2,3,1,0,0,0,0,0,0,4,0,0,1,0,0,0,1,0,0,0,0,2,8,2,2,6,2,1,3,7,6,4,1,0,1,3,1,0,3,0,0,0,2,1,1,1,0,1,0,0,1,1,1,0,1,1,0,2,1,0,1,0,0,2,0,0,0,1,0,0,2,2,3,1,1,2,0,2,4,2,1,1,1,1,3,2,1,0,1,0,0,2,3,1,1,1,0,0,0,0,0,1,0,0,0,1,1,0,0,0,1,1,0,1,0,0,0,0,0,2,3,1,1,0,1,1,2,3,4,0,1,0,0,0,3,2,1,1,0,0,5,3,0,1,0,0,0,0,0,1,2,0,0,0,1,1,2,0,0,1,0,0,0,1,0,0,0,0,1,0,2,0,1,0,0,1,1,0,0,0,0,0,0,0,1,2,0,1,0,0,0,0,0,0,0,0,1,0,0,0,1,1,0,0,0,0,0,0,0,0,0,0,1,0,0,0,0
A2A2Q9,2,1,2,0,4,5,0,3,8,3,2,0,3,1,2,2,4,0,1,1,0,1,0,0,0,0,0,0,0,3,2,1,0,3,0,1,2,5,3,1,1,0,0,1,0,0,1,0,0,3,6,4,0,2,4,2,4,5,3,8,4,6,1,3,6,3,4,1,0,1,2,5,1,2,3,2,0,1,3,2,0,2,1,0,6,2,7,1,0,0,0,1,0,0,0,0,0,1,6,2,2,1,1,2,0,4,8,3,1,1,3,0,3,5,2,3,1,0,0,2,2,2,2,4,0,0,2,1,0,0,0,0,2,0,4,0,0,0,0,0,0,0,0,0,2,0,0,2,2,0,0,2,0,0,2,4,4,1,1,1,0,1,3,1,1,1,1,0,1,2,2,1,1,1,0,0,1,3,3,2,0,0,0,3,0,1,0,0,0,0,0,0,0,0,0,0,1,3,1,0,0,0,0,3,1,4,1,3,1,0,2,1,2,2,0,1,0,0,2,0,3,0,1,0,1,1,0,2,0,0,0,2,0,0,0,2,0,0,0,1,0,1,0,1,0,0,5,2,0,0,2,0,5,3,1,1,0,2,0,3,3,2,1,1,1,1,0,2,3,0,0,0,0,0,2,1,0,0,0,1,0,0,0,0,1,0,0,0,0,0,0,0,0,0,0,1,0,0,0,0,0,0,2,0,1,0,0,0,0,0,0,0,0,0,0,0,0,0,0,1,0,0,1,2,0,0,0,0,0,0,1,0,0,0,0,0,0,1,0,0,0,0,0
P28288,5,10,6,0,2,2,0,6,9,8,2,4,4,0,4,6,5,4,6,4,0,3,4,3,2,0,3,0,1,2,0,0,3,4,0,3,3,3,1,2,0,1,1,1,0,0,0,0,0,4,7,8,8,5,2,1,11,14,8,8,8,2,1,9,4,5,1,7,3,0,4,5,2,2,2,3,0,7,5,7,3,2,1,0,4,2,4,1,3,1,0,0,2,0,0,0,0,0,6,6,5,1,0,1,0,9,8,4,2,7,3,0,1,6,3,1,6,3,1,4,1,3,0,2,1,1,7,4,5,2,3,1,0,1,2,0,2,3,3,0,0,0,0,0,0,1,0,4,3,4,2,1,1,0,4,4,5,1,1,3,0,2,6,5,0,0,0,0,1,4,1,1,1,0,0,1,2,0,1,0,2,0,2,4,1,1,1,1,0,0,1,0,0,0,0,0,2,4,5,2,2,4,1,4,8,1,2,1,3,1,2,6,2,1,1,1,0,1,3,2,0,1,3,0,2,3,1,4,3,0,1,3,2,1,2,2,0,0,0,1,0,1,0,0,0,4,3,2,1,0,3,0,1,7,2,3,2,0,0,0,5,0,5,2,0,0,2,1,1,3,0,0,0,2,4,0,0,3,2,1,0,2,3,0,1,0,0,0,0,1,0,0,0,0,0,0,0,1,0,0,0,0,2,1,0,2,0,0,0,0,1,0,0,0,0,0,0,1,0,0,0,0,0,0,0,0,0,0,0,0,0,0,0,0,1,0,0,0,0,0,0,0,0
P45954,5,3,4,4,1,4,0,5,4,6,5,4,2,0,3,1,6,1,2,1,0,4,4,1,3,1,2,0,2,2,2,1,0,1,0,1,5,4,1,3,0,0,0,0,0,0,0,0,0,2,8,5,4,2,2,0,5,3,6,2,7,0,1,4,3,4,5,1,3,0,2,6,3,0,2,1,0,7,0,1,2,2,1,0,2,1,1,0,0,1,1,1,1,2,0,1,0,0,7,5,1,4,3,2,0,2,5,2,3,0,1,2,5,6,3,1,3,3,0,2,3,1,1,0,2,0,1,2,4,0,0,2,0,2,2,1,0,2,1,0,0,0,0,0,0,0,0,3,4,1,0,0,1,0,5,6,1,2,1,2,0,2,1,3,0,1,0,0,0,3,1,1,0,0,0,1,0,0,0,2,0,0,1,3,0,1,0,2,0,0,0,0,0,0,0,0,4,4,2,1,0,2,0,2,4,3,0,0,0,0,5,0,2,1,1,0,0,0,0,1,0,0,2,0,2,2,0,0,0,0,0,3,0,2,0,1,0,0,0,0,0,0,0,0,0,0,2,1,1,2,3,0,3,2,1,2,1,1,2,3,3,2,1,1,0,0,1,1,0,0,0,0,0,0,3,1,0,0,2,0,0,1,3,0,0,1,0,0,1,0,0,0,0,0,0,0,0,1,0,0,0,1,0,1,0,0,0,0,0,1,1,0,0,0,0,0,0,0,0,0,0,0,0,0,1,0,0,0,0,0,0,0,0,0,0,0,0,0,0,0,0,0,0
P53396,19,18,14,3,4,10,0,19,17,8,3,8,10,1,14,10,9,7,5,9,0,5,5,5,2,2,3,0,7,3,5,2,4,1,2,9,7,4,5,6,3,0,1,1,1,1,0,0,0,12,11,17,8,6,7,0,17,15,10,13,9,7,0,19,6,7,2,8,5,0,6,8,1,5,5,3,1,8,5,5,4,5,3,0,4,6,1,3,5,7,1,2,0,1,1,0,0,0,17,12,8,4,3,6,2,7,14,9,3,5,4,2,6,7,8,4,5,4,1,4,4,3,2,2,2,0,9,7,3,1,0,1,0,4,6,8,2,2,3,0,1,1,0,0,0,0,0,6,12,2,1,3,1,1,4,11,3,3,3,2,0,1,3,3,2,2,2,0,2,5,1,0,2,1,0,3,4,2,1,2,1,0,3,4,4,1,1,0,0,1,0,1,0,0,0,0,9,5,5,3,5,5,1,9,7,5,3,3,1,1,5,10,2,2,1,3,1,5,1,0,1,1,3,0,2,4,4,2,1,1,0,3,0,0,0,1,3,0,0,2,0,0,0,0,0,4,6,6,3,3,5,0,5,5,9,4,1,3,0,6,8,5,0,0,1,0,4,3,3,1,0,1,0,4,6,5,1,2,0,0,4,4,3,1,3,0,1,0,2,0,0,0,0,0,1,2,2,0,0,0,0,0,2,3,0,1,0,0,1,0,1,0,0,1,0,0,0,0,0,1,0,1,0,0,0,0,0,0,0,0,0,0,0,0,0,0,0,0,0,0,0,0,0
O96019,5,5,7,3,1,3,0,5,5,4,2,1,3,0,7,5,6,0,1,1,0,1,5,4,1,2,1,0,2,2,1,0,0,1,0,0,2,3,1,2,3,0,0,0,0,2,0,0,0,3,5,7,3,2,3,1,6,2,5,1,3,4,0,5,2,4,3,2,1,0,0,1,4,0,0,0,0,0,3,1,0,1,4,0,2,4,3,1,2,0,2,0,0,0,0,1,1,0,7,5,1,5,0,4,0,6,4,3,1,2,3,0,3,6,4,5,1,1,0,4,1,1,4,0,3,0,3,0,2,1,0,0,1,0,2,1,3,0,0,0,0,0,0,0,0,0,0,2,4,2,0,0,0,0,4,4,3,0,1,1,0,3,2,2,2,2,2,0,2,3,1,1,0,0,0,2,1,1,0,0,0,0,0,2,0,0,1,2,0,0,0,1,0,0,0,0,2,1,1,3,2,0,0,2,1,0,0,2,1,1,2,1,2,1,0,0,0,0,1,1,1,0,0,0,1,0,0,1,1,2,0,5,0,1,0,2,0,0,0,1,0,1,0,0,0,5,0,2,0,1,1,1,1,4,2,1,0,2,0,1,3,2,2,1,1,0,1,2,0,0,1,1,0,1,1,1,1,2,1,1,3,0,2,0,1,0,0,0,0,1,1,0,0,0,0,0,0,0,0,0,0,0,1,0,0,0,0,0,1,0,1,0,0,0,0,0,0,2,0,1,0,1,0,0,0,0,1,0,0,0,0,0,0,0,1,0,0,0,0,0,0,0,0
P61163,2,4,5,2,2,2,0,8,3,0,4,1,3,0,3,3,1,2,0,1,0,0,1,3,0,1,2,0,2,4,0,1,0,3,0,2,2,5,1,3,1,0,0,0,0,0,0,0,0,7,8,1,2,4,6,0,6,3,4,1,2,3,1,3,4,3,2,4,3,1,0,2,2,1,0,3,0,2,3,3,0,1,3,0,1,5,3,0,0,0,0,0,0,1,0,0,0,0,3,2,2,2,1,3,0,3,6,5,0,3,0,0,3,2,2,2,1,1,0,1,4,0,1,0,0,0,2,2,0,1,3,0,0,0,4,2,1,1,2,0,1,0,0,0,0,0,0,0,1,0,0,1,0,0,3,2,4,2,1,1,0,1,1,2,0,1,0,0,1,1,0,0,0,1,0,0,1,0,0,1,0,0,1,1,1,0,2,2,0,0,0,0,0,0,0,0,3,2,1,1,0,2,0,4,4,3,1,3,1,0,2,2,1,0,0,0,0,0,3,0,0,1,1,0,1,4,1,1,0,0,0,1,0,2,1,2,0,0,0,0,0,0,0,0,0,2,2,1,0,1,1,0,4,2,3,0,2,1,0,1,5,2,0,1,5,0,0,2,0,1,0,0,0,2,2,1,2,2,0,0,2,0,2,0,1,1,0,0,0,0,0,0,0,0,0,0,0,0,1,0,0,0,0,0,0,0,0,0,0,0,0,0,1,0,0,0,0,0,0,0,0,0,0,0,0,0,0,0,0,0,0,0,0,0,0,0,0,0,0,0,0,0,0
Q9GZN1,2,1,3,4,0,1,0,1,3,2,2,3,2,0,2,5,1,2,2,5,1,1,3,3,1,1,3,0,0,2,0,1,1,1,0,0,1,2,2,1,1,0,0,0,0,0,0,0,0,4,5,5,1,1,2,0,6,6,3,5,2,4,1,2,3,5,1,2,1,0,0,3,4,3,2,3,1,5,2,0,0,0,2,1,1,3,4,2,2,2,0,0,0,0,0,1,0,1,2,2,3,2,2,1,0,4,6,3,3,0,4,1,4,4,1,0,0,2,0,2,0,0,0,0,1,0,1,2,2,1,0,0,1,1,2,1,3,2,6,0,1,0,0,0,0,0,0,1,2,3,2,1,1,0,2,3,3,3,1,0,0,2,2,3,0,0,4,0,2,2,1,0,0,0,0,0,1,1,1,0,0,0,1,2,1,1,1,2,0,0,0,0,1,0,0,0,2,2,2,2,0,1,0,2,3,2,2,3,1,0,1,1,1,0,3,0,0,2,1,0,0,0,0,0,0,1,1,0,2,0,0,0,0,0,1,1,1,0,0,1,1,0,0,0,0,0,1,1,1,1,0,0,2,6,1,1,1,1,0,1,5,1,0,0,3,0,3,2,3,1,0,1,0,2,5,2,0,1,0,0,1,4,2,1,3,0,1,1,0,0,0,0,0,0,0,0,1,0,0,1,0,1,0,0,0,0,1,0,0,1,0,0,0,0,0,0,1,0,0,0,0,0,1,0,0,0,0,0,0,0,0,0,0,0,0,0,0,1,0,0,0,0,0
Q9Y4W6,16,12,8,3,7,6,0,9,14,6,4,6,6,0,10,5,3,3,4,2,0,3,3,3,0,3,2,0,11,7,1,2,6,4,0,5,5,3,3,3,2,0,0,0,0,0,0,0,0,10,8,4,4,7,3,0,13,15,11,5,6,10,1,8,4,5,6,5,4,0,7,2,0,2,5,2,1,7,5,4,2,2,3,0,3,5,4,2,4,6,0,0,2,0,0,1,0,0,6,6,4,0,9,5,0,1,8,6,2,2,2,0,2,5,2,1,2,3,1,4,2,1,2,2,2,0,3,2,1,0,4,3,0,5,3,1,1,1,2,0,0,1,1,0,0,0,0,8,3,4,0,2,2,0,3,5,3,1,2,0,0,5,1,2,1,1,1,0,1,4,1,1,0,1,0,2,3,1,1,1,3,0,2,2,1,1,3,0,0,2,0,0,0,0,0,0,6,9,5,4,4,3,0,3,11,1,3,1,4,2,2,2,2,1,0,1,1,2,1,3,2,0,1,0,6,3,1,1,1,4,0,5,10,1,1,4,2,0,0,0,0,0,0,0,0,4,7,3,2,2,2,0,6,8,5,3,5,2,0,3,4,2,1,0,2,0,1,2,3,1,1,1,1,2,5,1,2,2,6,0,0,4,2,2,3,2,1,1,0,0,0,0,0,0,2,0,0,1,0,0,0,1,0,0,1,1,0,0,0,0,0,0,1,0,0,0,0,0,0,0,0,0,0,0,0,1,0,0,0,0,0,0,0,0,0,0,0,0,0,0,0,0,0
O95433,1,4,2,0,1,1,0,1,2,2,5,2,3,0,3,1,0,4,1,1,0,4,0,5,0,3,0,0,1,0,2,0,2,2,0,4,4,2,0,2,3,1,0,0,0,0,0,0,0,1,4,1,2,2,1,0,1,4,4,0,4,1,0,5,4,3,1,1,1,0,2,1,2,0,2,0,0,8,0,1,1,0,1,1,5,0,3,1,0,2,0,0,0,0,0,0,0,0,0,4,2,2,0,6,0,5,4,3,1,1,4,0,1,4,0,1,1,0,0,1,1,0,3,1,2,0,0,4,2,1,0,1,0,2,1,0,0,1,0,0,0,1,0,0,0,0,0,3,1,0,3,1,2,0,0,1,1,0,2,0,0,2,2,2,0,2,1,0,3,2,1,3,0,0,0,1,2,2,0,0,2,0,0,0,1,0,0,1,0,0,0,0,0,0,0,0,4,1,2,1,2,2,0,2,1,2,0,2,1,0,2,3,1,1,1,0,0,0,0,0,2,1,0,0,0,0,0,1,0,1,0,1,2,2,0,0,3,0,0,0,1,0,0,0,0,0,1,4,4,1,4,0,2,1,3,1,1,1,0,1,3,1,1,2,1,1,0,0,1,1,0,0,0,1,2,1,0,0,1,0,2,2,2,1,2,1,0,0,0,0,0,1,0,0,0,0,0,0,0,0,0,0,0,0,0,0,1,0,0,1,0,0,0,0,0,0,0,0,0,0,0,0,1,0,0,0,0,0,0,0,0,0,0,0,0,0,0,0,0,0,0,0,0
O95831,22,10,9,3,5,4,1,12,9,1,1,4,5,0,8,6,4,6,3,1,0,2,6,1,2,0,2,0,5,2,0,0,5,5,0,2,2,4,2,4,1,0,2,0,0,0,1,0,0,14,6,4,4,3,3,1,7,8,5,4,6,2,1,2,6,4,0,8,1,0,2,5,2,1,0,2,0,7,3,1,2,2,2,0,3,4,5,1,2,3,0,1,0,0,0,1,0,0,7,4,6,1,2,2,0,5,6,5,2,3,1,1,2,4,0,4,2,1,0,2,2,0,2,1,4,0,7,4,3,1,1,1,0,2,2,3,0,0,1,0,0,0,0,0,0,0,0,1,3,2,0,2,0,0,4,4,3,2,1,6,0,1,3,0,0,2,0,0,0,1,2,2,2,2,0,0,3,1,3,0,0,0,3,3,2,2,1,0,0,0,0,0,0,0,0,0,6,6,6,2,3,4,1,3,3,6,1,2,2,0,2,2,3,0,1,0,0,0,2,0,0,4,1,0,6,1,0,1,1,1,0,0,3,2,2,2,1,0,0,0,0,0,0,0,0,3,2,0,3,2,2,0,4,3,2,2,1,2,0,7,2,2,1,1,5,0,2,4,1,2,0,0,0,3,3,3,0,1,0,0,2,0,2,2,1,1,0,0,0,0,0,0,0,0,1,1,1,0,0,0,0,0,0,0,0,0,0,0,0,0,0,0,0,0,0,0,0,0,0,0,0,0,0,1,0,0,0,1,0,0,0,0,0,0,0,0,0,0,0,0,0,0,0
Q9ULX6,11,3,5,3,3,9,1,5,4,1,3,1,2,0,14,3,5,3,5,7,0,5,2,2,0,1,1,0,1,3,5,1,1,2,0,6,3,7,0,1,8,0,0,0,0,1,0,0,0,9,7,3,0,1,2,0,6,9,3,3,3,2,0,3,1,2,0,3,3,1,2,2,2,2,2,4,0,1,0,5,2,3,1,0,2,2,1,2,1,5,1,0,0,0,0,0,0,0,6,1,20,3,3,5,0,4,5,3,2,2,3,0,1,3,4,4,2,5,1,3,1,3,1,2,3,0,3,4,3,2,5,3,1,1,6,10,3,0,1,2,1,0,0,1,0,1,0,2,3,2,3,3,1,0,2,4,2,0,4,0,0,4,3,4,1,4,1,0,0,3,2,0,0,1,0,0,1,1,3,2,1,0,1,0,5,1,4,1,0,0,0,0,0,0,0,0,3,1,2,1,0,4,0,1,1,1,4,0,2,0,8,4,0,3,4,3,0,0,3,3,3,3,0,0,2,1,6,2,6,0,0,3,2,1,1,1,1,0,0,1,0,0,0,0,0,3,0,5,1,3,4,0,3,3,2,2,2,5,0,8,4,6,2,3,3,1,2,1,5,0,0,3,0,4,0,2,2,0,2,0,3,4,2,4,3,10,0,1,0,2,0,0,0,0,1,1,0,0,0,0,0,0,0,1,0,0,0,0,0,1,0,0,0,1,0,2,0,0,0,0,0,0,0,0,0,0,0,0,0,0,0,1,0,0,0,0,0,0,0,0,0,0,0
P02768,3,3,3,3,5,1,2,5,6,5,2,6,8,2,0,3,5,2,0,3,3,1,3,1,1,1,1,2,3,5,3,0,1,4,1,5,3,1,1,3,2,0,0,2,1,0,1,1,2,6,3,5,1,4,1,1,4,8,5,2,3,4,3,4,5,2,2,5,6,1,0,1,0,2,5,4,0,3,4,3,5,2,2,0,8,1,3,1,2,4,1,1,1,1,2,0,1,0,4,3,1,2,3,4,1,1,4,7,1,1,1,1,3,2,0,0,2,4,0,2,1,0,0,2,0,0,4,0,0,1,3,3,0,4,1,3,1,2,5,0,0,2,1,0,0,1,1,1,3,0,0,2,1,0,4,1,4,1,1,3,0,1,1,0,0,1,0,0,0,5,0,0,1,1,0,3,1,2,0,3,2,2,2,1,0,1,1,3,1,0,0,0,0,0,0,2,1,9,3,1,0,4,1,3,6,1,3,4,2,0,5,1,3,0,1,2,0,3,1,1,1,2,0,0,5,3,1,1,0,0,0,4,3,2,1,1,2,2,1,0,0,0,0,0,2,4,13,4,3,3,3,2,3,4,1,2,2,1,0,4,4,1,1,1,0,1,1,3,0,1,2,2,0,1,5,2,1,1,2,0,8,3,1,2,2,0,0,0,1,0,2,0,0,1,1,0,0,0,0,1,0,0,0,2,1,2,1,0,1,0,0,0,1,1,0,0,0,1,2,0,1,0,0,1,2,0,0,2,0,1,1,2,2,1,0,0,0,0,0,0,4,4,0
P30837,9,7,3,3,6,5,2,9,5,5,2,5,4,0,3,6,3,2,4,1,0,4,3,2,3,0,2,0,1,3,1,1,2,10,0,5,0,4,2,3,3,0,1,1,0,0,0,0,1,6,5,5,2,3,5,0,4,8,6,7,5,3,0,7,4,1,2,5,2,0,6,2,2,3,0,1,0,3,5,1,2,1,1,0,1,4,0,2,2,1,0,0,1,0,0,0,0,0,4,7,3,0,5,1,0,4,7,3,1,1,0,1,3,1,1,1,1,1,0,2,1,0,1,1,1,1,5,0,3,0,2,1,0,2,2,0,1,1,2,0,0,0,0,0,0,0,0,5,4,5,2,1,1,1,3,7,3,0,0,0,0,1,3,1,0,0,2,0,3,2,2,0,1,1,0,1,0,1,1,0,1,0,2,1,1,1,1,0,0,0,0,1,1,0,0,0,4,1,1,4,2,1,0,5,3,2,1,1,0,0,4,2,0,1,0,1,0,2,4,0,0,1,0,0,0,2,1,2,0,0,0,10,3,1,0,1,0,0,0,0,0,0,0,0,0,6,6,2,3,1,4,0,1,2,3,2,1,3,0,1,1,2,0,1,1,0,1,1,1,2,1,0,1,3,2,1,1,0,2,0,2,2,0,1,1,0,0,0,0,0,0,0,0,0,1,0,0,0,0,0,0,0,1,0,1,0,0,0,1,0,0,0,0,0,0,1,0,0,0,0,1,0,0,0,0,0,0,0,0,0,0,0,0,0,0,0,0,0,0,1,0,0,1
P51648,10,9,3,2,0,2,0,7,10,3,1,4,2,1,3,6,3,2,1,1,0,1,2,2,0,3,2,0,1,0,2,0,1,0,0,0,3,2,2,1,3,1,0,0,0,1,0,0,0,4,10,4,2,0,4,0,5,11,6,5,8,3,1,3,7,1,4,5,3,1,0,5,1,2,2,3,0,5,3,1,6,3,3,0,3,3,4,1,2,1,1,0,1,1,0,0,0,0,3,2,1,2,1,3,0,8,5,1,2,2,4,0,2,2,1,0,1,3,0,2,3,1,1,1,1,0,3,3,1,0,2,0,1,2,3,0,0,2,2,0,0,1,0,0,0,0,0,3,1,3,0,0,1,1,2,4,4,1,2,1,0,2,4,2,1,0,0,0,1,2,2,2,0,0,0,4,2,0,0,1,0,0,2,4,1,0,0,0,0,0,0,0,0,0,0,0,3,4,4,3,1,1,0,1,6,1,3,3,1,0,1,0,0,1,2,0,0,3,1,0,2,1,0,0,2,5,0,0,0,0,1,0,1,1,2,3,0,0,1,1,0,0,0,0,0,3,1,1,1,2,1,0,1,2,8,1,1,3,0,1,3,1,0,1,2,0,2,1,2,0,0,1,0,1,2,0,1,1,4,0,2,2,1,1,0,0,0,0,1,0,0,0,1,0,0,1,0,0,0,0,0,0,1,1,0,1,1,0,0,0,0,1,0,0,0,0,0,1,0,0,0,0,0,0,0,0,0,0,0,0,0,0,0,1,0,0,0,0,0,0,0,0,0
Q9Y2J4,9,7,8,8,6,3,0,9,9,0,5,2,2,0,9,3,7,1,2,5,0,8,8,2,8,5,2,0,6,8,5,1,1,4,0,4,1,4,2,3,2,0,0,0,0,0,0,0,0,7,4,6,8,8,7,0,10,6,5,3,4,4,1,6,3,3,5,4,2,0,4,6,0,1,1,5,0,5,3,4,2,2,6,0,2,4,2,4,5,3,0,0,1,1,0,0,0,0,13,3,5,6,3,1,0,4,3,5,4,3,2,0,6,5,8,3,1,6,1,3,1,5,2,2,1,0,2,3,3,3,0,1,0,1,7,5,4,2,2,0,1,0,0,0,0,0,0,4,6,4,6,3,2,0,6,7,6,2,5,3,1,2,1,3,3,1,1,0,3,7,0,6,2,3,0,2,2,4,2,2,2,0,2,2,2,5,3,2,0,0,0,0,0,0,0,0,4,4,0,4,1,2,0,6,3,1,2,2,7,0,6,3,4,0,3,4,0,3,5,1,2,1,2,0,0,1,4,2,2,1,0,4,5,3,2,2,1,1,0,0,0,0,0,0,0,3,2,4,1,4,1,0,5,4,6,1,5,2,0,2,6,4,2,1,3,0,4,3,3,2,3,3,0,0,4,1,4,3,4,0,2,4,2,1,1,1,0,1,0,0,0,0,0,0,1,1,0,0,0,0,0,0,0,0,0,1,0,0,0,0,1,0,0,0,0,0,0,0,0,0,0,0,0,0,0,0,0,0,0,0,0,0,0,0,0,0,0,0,0,0,0,0,0
Q9H9E1,4,4,2,4,0,1,1,1,3,3,2,1,3,0,3,3,0,0,1,3,0,4,1,2,4,1,2,0,1,1,1,1,0,0,0,1,1,0,1,0,2,0,0,0,0,0,1,1,0,1,1,2,2,0,1,0,1,5,6,4,2,1,0,2,6,5,1,3,1,0,2,1,2,2,2,1,1,0,2,3,1,0,0,0,3,3,3,0,0,0,0,0,0,0,0,0,1,0,3,2,3,1,1,2,0,2,2,6,1,0,1,1,3,2,6,3,0,1,0,2,2,1,1,1,0,0,3,0,1,0,0,0,0,1,4,2,1,1,1,0,2,0,0,0,0,0,0,4,1,3,3,1,1,0,2,3,1,2,0,2,0,1,2,1,0,0,2,0,3,3,0,0,0,1,0,1,1,2,1,0,0,0,0,2,1,2,0,0,0,0,0,0,0,0,1,0,0,3,0,2,1,0,1,0,3,0,1,0,1,0,3,0,1,0,0,1,2,0,1,1,0,1,0,0,0,0,0,0,0,0,0,0,0,0,0,0,0,0,0,0,0,0,0,0,0,4,1,0,1,1,0,0,1,3,2,1,3,1,0,0,0,2,3,0,2,0,2,2,0,0,0,1,0,1,1,0,0,0,0,0,1,0,2,1,0,2,0,0,0,0,0,0,0,0,0,1,0,1,0,0,0,0,0,0,0,0,0,0,0,0,0,0,0,0,0,0,0,0,0,0,0,0,1,0,0,0,0,0,0,1,1,0,0,0,1,0,0,0,0,0,0,0,0
Q9HDC9,1,7,2,4,3,0,0,2,6,8,3,2,2,0,4,4,2,0,0,3,0,1,4,1,0,1,1,0,3,2,2,0,1,0,0,4,4,3,2,3,2,0,1,0,0,0,0,0,0,4,6,3,1,3,2,0,4,7,8,1,7,3,0,5,6,7,1,3,5,0,4,4,0,1,0,2,0,6,5,2,0,2,2,1,2,3,0,2,1,2,0,0,0,0,0,0,0,0,6,3,5,1,2,4,0,2,5,5,2,3,2,0,4,3,4,1,1,2,0,0,1,0,0,1,1,0,0,2,0,0,2,0,1,1,4,4,1,1,0,0,0,0,0,0,0,0,0,1,2,0,0,0,4,0,2,1,2,2,3,1,0,2,1,0,0,0,0,0,0,0,0,0,1,1,0,1,2,1,0,0,0,0,1,4,0,1,0,0,0,0,0,0,0,0,0,0,1,1,2,0,0,7,1,5,2,3,3,2,0,0,3,1,1,1,1,0,0,0,1,0,1,1,0,0,1,3,0,3,0,0,0,1,0,1,0,0,0,0,0,2,0,0,0,0,0,3,3,1,2,0,1,0,3,8,1,0,1,2,0,3,4,2,0,0,1,0,2,1,2,0,0,1,0,1,1,2,0,2,0,0,1,0,2,0,1,2,0,0,0,0,0,0,0,0,0,1,0,0,0,0,0,1,1,0,0,0,0,0,0,0,0,0,0,0,0,0,0,0,0,0,0,0,0,0,0,0,0,0,0,0,0,0,0,0,0,0,0,0,0,0,0,0,0
P05067,7,5,5,5,5,7,1,6,9,4,4,4,4,1,3,4,3,3,2,7,1,2,1,5,4,2,4,0,3,3,0,2,3,3,1,9,4,8,4,2,11,0,2,2,0,0,1,0,0,5,8,5,2,3,5,2,9,5,4,1,3,3,1,8,5,3,8,1,2,0,2,4,5,4,3,1,0,3,2,2,1,1,2,1,8,1,2,1,1,5,0,0,0,1,0,1,0,1,3,7,4,3,1,5,1,7,4,6,3,1,4,0,4,4,7,2,5,0,0,3,3,3,5,2,2,0,2,3,3,0,1,6,1,6,3,3,3,1,3,1,1,0,2,0,0,0,0,4,3,1,2,0,4,0,3,3,3,6,1,4,0,1,3,5,3,4,2,0,4,6,3,4,3,1,0,3,3,1,1,2,4,0,1,4,4,1,2,1,0,0,0,1,0,0,0,0,2,2,3,3,2,4,1,0,3,3,3,2,3,0,2,3,2,0,0,2,0,1,2,1,1,1,1,0,1,3,0,0,2,2,1,4,2,3,4,3,2,0,0,1,0,2,1,0,0,12,6,5,3,4,11,0,4,1,7,2,1,0,1,6,6,2,1,3,5,2,2,4,1,1,2,4,1,4,0,2,3,0,0,0,13,2,5,2,0,13,0,1,0,0,0,0,0,0,2,1,0,0,0,2,0,1,1,1,0,0,0,0,0,0,0,1,1,2,0,0,0,0,1,1,0,0,1,0,1,0,0,1,0,0,0,0,0,0,0,0,1,0,0,0,0,0,0
Q9NWB6,0,2,1,0,0,0,0,0,2,0,0,3,2,0,0,0,0,1,1,1,0,1,0,0,0,1,0,0,1,0,0,1,4,3,0,1,0,0,0,1,1,0,0,0,0,0,0,0,0,0,0,0,0,0,1,0,0,1,1,1,3,1,0,0,2,2,0,0,0,0,0,0,0,0,1,1,0,1,2,2,1,4,3,0,2,1,0,1,0,5,0,0,0,0,0,0,0,0,1,0,1,0,1,0,0,0,0,1,0,2,0,0,1,0,1,0,4,0,0,0,0,1,0,1,0,0,3,1,11,0,3,1,0,0,0,0,0,2,1,0,0,0,0,0,0,0,0,1,0,0,0,0,1,0,0,0,0,0,1,0,0,0,0,1,0,1,0,0,0,0,0,0,3,1,0,0,1,2,2,1,5,0,0,1,0,0,0,4,0,0,0,0,0,0,0,0,1,2,2,1,4,1,0,1,0,1,1,2,0,0,2,0,2,1,13,2,0,1,0,0,3,5,2,0,5,1,3,6,4,2,0,0,6,1,1,5,5,0,0,0,0,0,0,0,0,0,3,0,1,4,0,0,0,4,1,0,2,6,0,0,1,0,0,0,0,0,0,1,1,1,0,1,0,1,0,2,1,5,4,0,5,5,0,1,5,6,0,0,0,0,0,0,0,0,0,0,0,0,0,0,0,0,0,0,0,0,0,0,0,0,0,0,0,0,0,0,0,0,0,0,0,0,0,0,0,0,0,0,0,0,0,0,0,0,0,0,0,0,0,0,0,0,0
O14497,73,22,31,19,6,12,0,21,33,32,12,8,8,0,27,31,28,13,3,5,0,9,14,20,13,2,2,1,7,2,4,6,3,6,0,8,4,7,8,0,3,1,1,0,0,0,1,0,0,26,31,22,14,5,7,0,29,40,17,25,14,12,4,25,23,24,21,8,13,1,15,19,22,15,8,1,0,5,7,12,6,5,6,1,6,11,8,5,6,5,0,1,2,1,1,1,1,0,30,26,28,12,7,7,1,21,33,24,20,13,11,2,29,34,41,15,6,12,0,14,24,9,19,4,5,0,7,3,9,6,4,1,0,11,9,5,6,3,5,0,0,1,0,0,0,1,0,15,19,13,10,3,3,0,19,18,27,17,3,3,0,19,14,26,17,7,2,0,11,18,25,33,1,5,0,1,5,2,7,7,0,0,4,1,6,3,1,3,0,0,0,1,1,0,0,0,5,11,7,2,1,1,0,7,3,10,2,0,3,0,4,9,10,4,2,5,0,8,5,4,9,3,2,1,3,5,5,4,1,5,0,2,6,5,2,2,2,0,1,0,0,0,0,1,0,13,4,7,4,6,1,0,6,13,4,4,4,4,1,5,13,8,4,4,2,1,6,6,4,4,4,3,0,4,3,2,3,1,1,1,3,4,6,2,3,11,0,0,1,0,0,0,0,0,1,1,0,0,0,0,1,2,1,1,0,0,0,0,2,0,0,0,0,0,0,0,1,1,0,0,0,0,0,0,0,0,2,0,0,1,1,0,1,0,0,0,0,0,0,0,0,0,0
Q8NFD5,126,29,36,15,7,8,1,28,27,31,15,8,5,0,28,30,29,17,6,4,0,6,10,16,15,3,0,0,11,1,3,4,4,4,1,7,7,6,7,1,6,1,1,2,0,0,0,0,0,28,23,28,11,8,10,0,27,40,20,18,13,15,2,24,26,26,20,9,7,1,7,15,19,18,6,4,0,4,6,7,5,6,6,2,6,8,7,6,6,4,0,1,2,0,0,2,2,0,36,30,21,7,5,8,1,22,29,29,14,6,7,1,29,23,44,17,5,16,0,15,22,16,19,3,2,0,10,4,7,7,1,6,0,10,6,7,6,3,6,0,1,1,0,0,0,0,0,10,14,14,10,2,3,0,16,19,21,14,5,5,0,17,16,19,17,7,2,0,14,25,17,43,3,5,2,1,4,3,6,9,0,0,1,4,3,2,2,3,0,0,0,1,1,0,0,0,14,10,6,2,2,3,1,4,8,4,2,2,3,0,4,7,8,3,2,4,1,5,5,6,5,3,3,0,6,5,5,3,4,6,0,5,5,4,4,2,3,0,1,1,1,0,0,1,0,7,7,8,5,4,3,0,9,11,6,4,2,2,3,5,6,7,3,6,5,0,6,3,3,9,5,1,0,6,3,4,2,3,1,1,4,6,5,1,6,19,0,0,1,0,0,0,0,0,1,1,2,0,0,0,0,2,1,2,1,0,0,1,1,0,1,0,0,0,0,0,0,1,0,0,0,0,0,0,0,0,2,0,0,1,1,0,1,0,0,0,0,0,0,0,0,0,0
O75915,4,5,1,1,1,0,0,7,2,5,1,1,0,0,2,2,0,0,0,0,0,1,1,0,0,0,0,0,0,1,1,1,0,0,0,0,1,2,0,1,1,0,0,0,0,0,0,0,0,3,6,3,0,0,4,0,2,5,5,1,0,1,0,2,4,4,2,2,1,0,1,0,1,0,1,0,0,1,1,0,2,0,1,0,0,1,0,0,1,1,0,0,0,0,0,0,0,0,4,3,0,1,0,0,0,2,4,4,0,1,1,0,2,3,0,0,0,0,0,0,1,2,0,0,0,0,0,0,0,1,3,0,0,0,0,1,0,0,0,0,0,0,0,0,0,0,0,1,1,0,0,1,1,0,1,2,0,0,0,0,0,1,0,1,1,0,0,0,1,0,0,1,1,1,0,0,2,1,0,0,0,0,0,2,0,0,0,0,0,0,0,0,0,0,0,0,0,1,0,0,1,0,0,2,1,1,1,1,1,0,0,2,0,0,1,0,0,0,1,0,2,1,1,0,0,2,1,0,1,0,0,0,0,1,0,0,0,0,0,0,0,0,0,0,0,0,0,0,0,0,0,0,2,0,0,0,2,0,0,1,1,0,0,1,0,0,1,0,0,1,0,0,0,1,1,0,1,0,0,0,0,0,0,2,0,0,0,0,0,0,0,0,0,0,0,0,0,0,0,0,0,0,0,0,0,0,0,0,0,0,0,0,0,0,0,0,0,0,0,0,0,0,0,0,0,0,0,0,0,0,0,0,0,0,0,0,0,0,0,0,0,0,0
Q6NXE6,10,7,5,1,5,7,1,2,7,3,4,3,6,0,4,3,1,2,3,1,1,4,3,3,3,3,1,2,3,5,2,4,0,1,0,3,3,2,2,3,4,0,0,1,1,0,1,0,0,6,4,4,6,5,2,0,7,6,4,1,3,2,1,6,1,3,2,1,2,2,3,1,1,1,1,3,0,0,0,5,1,2,0,1,4,2,2,5,2,2,0,1,1,0,0,0,0,0,6,3,2,1,2,3,1,6,4,5,1,0,3,0,3,3,2,0,1,0,0,0,3,0,2,0,3,0,4,0,1,0,0,0,0,0,1,1,2,0,0,0,2,0,1,0,0,0,1,5,3,3,3,2,2,0,2,2,2,1,1,2,0,1,5,2,0,0,1,0,2,0,3,1,0,2,0,2,3,0,2,0,0,1,2,2,0,3,2,0,2,2,1,0,0,0,1,0,4,4,0,3,0,1,1,7,1,1,0,0,2,1,3,3,1,2,0,0,1,5,1,0,1,0,1,0,0,1,1,0,0,0,0,0,0,1,1,0,0,0,1,0,0,1,0,0,0,5,2,1,2,0,1,0,1,4,2,3,1,0,0,1,3,1,1,0,0,0,4,2,2,0,4,0,2,4,2,1,1,0,0,0,1,3,0,1,0,1,1,1,1,0,0,0,1,0,0,2,0,3,1,1,0,1,0,0,0,1,2,0,0,1,0,1,0,0,0,0,0,0,0,0,1,0,0,1,0,0,0,1,0,1,0,0,0,1,0,0,0,0,0,0,1,0,0
P08243,2,4,6,2,3,1,0,4,7,3,1,3,0,1,2,5,5,1,1,5,0,4,5,2,2,2,2,0,5,5,1,2,2,2,0,2,3,4,0,4,4,0,0,0,1,0,0,0,0,4,5,0,6,5,10,1,9,12,6,3,7,5,1,4,6,3,6,3,2,1,0,2,3,2,3,2,0,1,4,2,4,2,2,0,4,5,2,0,2,1,0,1,0,0,1,0,1,1,3,5,2,3,2,3,0,4,4,4,2,2,5,2,5,4,3,0,1,3,0,2,3,4,0,4,2,0,2,1,2,0,2,1,0,1,6,1,1,2,3,0,1,2,0,0,0,0,0,2,2,3,2,0,1,0,3,8,2,1,1,0,0,1,4,1,2,2,2,1,0,1,3,1,1,1,0,2,4,1,0,1,2,0,3,3,2,0,0,0,0,0,0,0,0,0,0,0,4,2,5,1,1,1,0,2,8,4,3,1,2,0,1,1,1,2,1,1,0,3,3,0,1,0,1,0,3,1,0,2,1,1,0,2,3,3,0,0,0,0,0,0,0,1,0,0,0,2,0,3,3,5,1,0,9,4,5,1,1,2,0,5,3,3,4,0,1,1,0,1,0,0,0,0,0,1,5,1,0,0,0,1,2,2,5,0,0,1,0,0,0,0,0,0,0,0,1,1,0,0,0,0,0,0,0,1,1,0,0,0,0,0,0,0,0,0,0,1,0,1,1,0,0,0,0,0,0,0,0,0,0,0,0,0,0,0,1,0,0,0,0,1,0,0,0
Q12797,3,6,2,2,4,3,0,8,7,1,5,3,9,0,4,5,5,2,1,4,0,3,0,5,1,3,5,0,6,5,1,2,5,2,1,6,4,3,7,3,12,0,0,0,0,0,1,0,0,4,6,4,4,3,10,0,9,9,9,2,4,3,0,5,6,5,3,5,3,1,6,1,4,3,0,4,0,3,3,0,4,1,4,2,7,4,6,1,1,4,0,0,0,0,0,0,0,0,5,3,8,1,2,7,0,5,4,2,2,2,2,0,6,0,6,3,3,5,0,4,4,0,1,1,2,0,3,3,1,1,5,2,0,2,6,0,5,2,5,0,0,0,1,0,0,0,0,5,3,4,2,6,2,1,0,3,6,3,1,4,0,4,4,3,1,3,2,0,4,7,0,1,2,1,1,0,1,2,1,2,2,0,3,3,2,3,1,5,0,0,0,0,0,0,1,0,1,4,1,4,5,4,0,5,4,7,2,4,0,0,1,0,0,1,0,2,0,4,2,2,4,0,1,0,6,2,0,4,5,1,1,2,3,2,0,2,2,0,3,0,0,1,0,0,0,2,11,2,3,2,8,0,3,9,3,4,3,5,0,6,2,4,2,2,4,0,1,3,5,6,2,4,0,1,7,0,1,1,0,0,8,7,7,4,1,6,1,0,0,0,1,0,0,0,0,0,1,1,0,1,0,0,0,0,0,0,0,0,0,0,0,0,1,0,0,1,0,1,0,0,0,0,0,1,0,0,0,0,0,0,0,0,1,0,0,0,0,0,0,0,0,0,0
Q7Z3C6,9,10,4,5,2,6,1,7,19,3,4,3,6,0,6,5,9,2,4,3,1,9,6,0,4,3,4,0,3,4,3,3,1,0,1,7,2,2,2,1,5,0,0,1,1,0,0,0,0,13,8,8,7,6,3,0,13,25,18,6,7,10,2,7,9,5,7,4,1,3,6,4,7,6,3,2,0,2,7,3,6,0,0,0,2,8,6,3,3,4,0,0,4,0,1,0,0,0,5,5,9,2,3,4,0,10,13,5,4,1,4,0,6,6,3,3,1,3,0,5,8,1,3,0,1,1,2,3,2,3,1,0,1,4,2,5,0,2,1,0,1,0,3,0,1,0,1,3,14,3,7,1,3,0,4,7,6,7,3,3,1,2,7,2,1,2,1,2,3,5,3,2,2,3,0,2,2,2,2,0,1,0,1,6,0,2,2,0,0,0,0,0,0,1,0,0,2,2,3,1,0,3,0,6,9,2,0,2,0,1,5,3,0,3,0,1,0,7,5,4,2,1,0,0,0,1,1,3,0,0,0,0,1,0,0,0,0,0,1,0,1,0,0,0,0,5,3,3,3,2,0,1,4,6,1,5,2,3,1,1,5,2,3,1,4,0,1,3,1,1,0,1,0,0,3,1,2,3,0,0,3,3,3,0,1,3,0,0,0,0,0,0,0,0,0,0,1,1,0,0,0,1,2,1,2,0,0,0,1,2,1,0,0,1,0,0,0,1,0,0,0,0,2,0,0,0,0,0,0,0,0,0,0,0,0,0,0,1,0,0,0,0,0
Q9HD20,20,21,4,2,9,5,4,15,29,17,5,8,7,3,7,10,5,4,5,4,0,10,9,4,3,2,0,3,7,7,4,5,1,8,0,5,7,1,2,6,3,1,1,3,1,1,0,0,0,19,21,14,12,10,6,1,24,29,10,11,9,6,3,21,10,10,6,6,5,5,8,8,2,4,1,4,0,6,9,4,5,4,3,0,5,8,10,1,8,3,0,1,3,1,3,1,0,1,6,16,7,6,7,8,0,10,10,14,4,5,8,1,10,10,4,6,2,1,0,4,8,5,2,1,1,1,2,6,3,3,2,1,0,6,5,2,0,1,3,0,0,1,2,0,1,2,0,6,11,5,4,1,2,0,10,5,8,2,4,7,0,4,5,5,2,1,3,0,4,4,2,2,0,0,0,2,3,2,1,2,1,0,2,1,0,2,0,1,1,2,1,1,0,0,0,0,8,6,1,4,2,2,0,11,9,6,2,3,3,0,4,9,2,3,3,2,0,1,3,5,1,4,2,0,2,3,2,0,2,3,0,3,7,2,0,3,1,0,0,0,0,0,0,0,0,4,9,3,3,3,1,1,9,10,7,3,1,2,2,2,5,6,1,0,2,1,1,2,1,0,2,0,0,2,6,8,2,1,0,0,3,4,2,1,1,1,0,0,1,0,1,0,0,0,2,0,2,0,0,1,0,4,0,1,0,1,2,1,2,2,1,0,0,0,0,1,2,1,0,1,0,0,2,0,0,0,0,0,0,0,2,0,0,0,0,0,1,0,0,0,0,0,0
P05023,17,19,7,3,8,6,1,11,19,9,5,6,8,3,13,8,6,4,6,4,0,4,6,1,4,3,3,0,7,3,2,1,4,1,1,5,6,2,3,4,4,0,1,1,0,1,0,0,1,18,12,8,5,5,4,1,17,31,11,15,8,4,1,9,8,13,1,2,4,0,4,5,5,3,7,12,1,4,3,2,3,3,4,0,8,6,7,0,0,6,0,2,3,1,1,1,0,0,8,17,8,3,0,4,1,7,13,4,2,3,5,2,5,11,5,4,6,5,1,2,3,1,2,2,1,1,2,3,1,2,3,6,2,5,3,3,2,4,2,0,0,1,0,0,1,0,0,7,2,3,2,0,2,0,6,5,5,3,1,4,0,2,3,5,1,2,0,0,3,6,2,1,0,2,0,1,3,3,2,3,1,1,4,5,5,3,1,3,0,1,2,1,0,0,0,0,3,4,9,1,2,5,0,5,6,1,5,0,4,0,3,3,1,1,1,2,0,0,2,1,2,1,2,2,5,5,2,2,1,1,0,6,3,2,1,3,1,0,1,2,0,0,1,0,0,8,7,5,6,3,2,1,4,11,6,5,0,1,2,9,2,5,1,2,4,1,3,2,2,2,0,1,0,4,3,1,0,2,2,0,4,6,5,1,0,2,0,0,0,0,0,0,0,0,0,0,2,1,1,1,0,3,2,1,2,1,1,0,0,1,1,0,0,0,0,0,0,1,0,1,0,0,1,1,0,0,0,1,0,0,0,0,0,0,0,0,0,1,0,0,0,0,0
P50993,15,16,7,4,9,8,1,17,17,11,3,3,7,3,16,8,4,5,4,5,0,4,4,4,4,2,3,0,6,6,2,2,2,2,1,5,5,3,4,4,3,0,1,1,1,1,0,0,0,18,12,10,6,7,4,1,14,26,11,10,9,5,2,8,9,11,0,5,5,0,3,5,5,2,5,8,1,5,3,3,3,1,4,0,7,5,6,1,2,6,0,2,4,1,1,1,0,0,6,20,8,3,1,3,1,9,15,5,3,2,7,2,5,11,6,3,5,5,1,1,3,2,1,3,3,1,3,1,1,2,6,4,2,5,2,3,2,5,3,0,0,1,0,0,1,0,0,7,3,2,1,1,1,0,5,3,4,3,1,2,0,1,5,8,3,3,1,0,1,4,3,0,1,1,0,1,3,3,1,4,1,1,4,5,2,4,0,3,0,1,2,1,0,0,0,0,5,5,8,2,0,5,0,7,6,1,4,0,3,0,4,4,1,1,2,1,0,0,0,1,3,2,2,2,6,4,3,1,1,1,0,5,4,3,2,2,1,0,1,2,0,0,1,0,0,9,5,6,4,2,2,1,4,7,5,4,2,3,2,8,4,4,2,0,3,1,6,2,5,0,0,1,0,3,3,1,1,2,4,0,3,6,5,1,1,1,0,0,0,0,0,0,0,0,0,0,2,1,1,1,0,2,3,1,2,2,0,0,0,2,1,0,0,0,0,0,0,1,0,1,0,0,1,1,0,0,0,1,0,0,0,0,0,0,0,0,0,0,0,0,0,0,0
P54709,2,2,2,2,0,2,0,1,6,4,0,1,1,0,4,4,3,1,1,0,1,1,3,3,1,0,0,0,2,0,0,1,0,0,0,0,3,0,0,1,1,0,0,0,0,0,0,1,0,3,4,3,1,1,1,0,5,5,2,3,4,2,1,7,4,2,2,2,0,0,2,1,1,0,1,1,1,0,5,0,2,2,1,1,1,2,1,1,0,2,0,1,1,0,0,0,0,0,3,3,1,3,1,2,1,2,6,2,2,2,1,0,1,5,1,0,0,1,0,0,1,0,2,0,0,0,3,3,1,0,1,0,0,0,1,0,0,0,0,0,1,0,0,0,0,0,0,1,0,1,1,0,0,0,1,2,5,0,1,0,0,1,1,2,0,3,0,0,0,3,0,0,0,0,0,0,0,2,1,0,0,0,1,1,0,0,1,1,0,1,0,0,0,0,0,0,0,3,4,0,0,0,0,3,2,1,1,0,2,0,1,1,1,0,1,0,0,0,0,1,0,0,3,0,1,1,0,0,0,1,0,0,0,0,1,1,1,0,0,0,0,0,0,1,0,0,1,2,0,0,0,0,1,1,3,0,3,1,1,0,0,0,0,1,0,0,0,1,2,0,2,0,0,1,0,1,0,0,1,0,0,2,0,3,0,0,0,0,0,0,0,0,0,0,1,0,1,1,0,0,0,0,0,0,1,0,0,0,0,0,0,0,0,0,0,0,0,0,0,0,0,0,0,0,0,0,0,0,0,1,1,0,0,0,0,0,0,0,0,0,0,0,0
Q93084,27,13,7,4,10,8,2,17,15,8,6,4,9,4,12,13,10,3,6,7,0,5,3,4,1,4,1,1,8,5,1,1,2,3,0,10,6,4,2,2,5,1,1,2,0,0,1,0,0,11,14,17,7,3,13,1,13,17,10,10,4,4,2,8,8,3,4,10,2,1,7,8,4,1,5,6,0,3,3,4,1,2,1,0,8,6,5,4,3,3,0,2,0,3,0,2,0,0,11,11,12,4,2,1,0,9,10,6,7,0,7,1,5,7,7,1,2,2,2,1,4,2,3,2,1,1,3,8,2,1,2,4,2,5,6,3,1,1,3,0,1,1,1,0,3,1,0,7,7,2,1,0,0,1,8,5,2,3,1,1,0,3,2,4,2,2,1,1,2,0,2,0,2,2,0,3,3,3,1,2,1,0,4,2,1,0,2,2,0,1,1,1,0,0,0,0,3,8,7,0,1,4,0,7,7,4,2,3,3,0,5,6,1,1,1,1,1,2,1,1,1,0,1,0,1,2,2,1,0,3,1,3,2,4,2,2,0,0,2,1,0,0,0,0,0,8,9,5,2,4,4,0,8,6,5,3,2,5,0,6,3,0,3,1,5,2,1,4,2,2,0,0,1,3,3,3,0,2,0,0,2,6,4,1,1,0,0,0,0,0,0,0,1,0,4,1,1,1,0,0,0,4,0,1,0,0,0,0,2,1,1,0,0,1,0,0,0,0,0,0,0,0,2,2,1,0,0,1,0,0,1,0,0,0,1,0,0,0,0,0,0,0,0
P20020,15,15,9,4,7,9,1,12,12,15,8,1,7,2,13,14,8,4,7,4,0,9,8,2,2,5,3,0,6,7,2,2,4,1,0,8,9,7,8,5,5,0,1,1,0,1,1,1,0,14,11,15,8,8,14,2,16,28,12,13,9,9,0,9,10,13,7,3,5,2,9,11,6,3,4,2,0,4,6,7,3,6,4,0,8,7,6,4,4,6,0,1,2,1,0,1,0,0,9,12,7,5,1,7,1,15,17,7,4,3,3,1,6,7,6,2,9,5,0,2,8,1,1,5,2,0,5,6,2,3,3,2,0,4,6,4,2,1,3,1,0,3,1,0,0,1,0,9,4,7,4,3,1,0,8,11,8,3,5,3,0,4,4,2,2,0,3,0,2,2,0,1,1,2,0,7,3,1,3,3,4,0,2,6,3,4,1,1,0,0,0,0,0,1,0,0,3,9,7,5,1,3,0,9,8,1,4,6,6,1,1,6,5,3,0,1,1,2,3,3,0,3,3,1,4,9,2,3,2,5,0,3,5,2,3,5,3,0,0,0,0,0,0,0,0,8,6,6,3,2,7,1,9,9,4,3,6,7,1,9,7,1,1,2,3,2,3,6,3,1,3,5,0,2,4,2,1,5,5,0,7,6,2,0,3,5,0,1,0,0,0,0,0,0,2,0,0,0,0,1,0,3,2,1,0,0,0,0,0,2,0,0,0,0,0,1,0,0,0,0,0,0,0,0,1,0,2,0,0,1,0,1,0,0,0,0,0,0,0,0,0,0,0
P25705,13,6,5,7,8,3,0,11,10,6,2,1,3,0,5,7,5,2,2,2,0,3,2,3,1,6,4,0,8,4,4,0,2,1,0,7,3,4,2,3,0,0,0,0,0,0,0,0,0,10,6,4,7,5,5,0,9,5,5,3,4,4,0,5,3,7,1,0,3,0,3,1,2,1,1,0,0,3,2,4,0,4,3,0,3,3,3,0,3,2,0,0,0,1,0,0,0,0,7,6,5,1,3,4,0,6,5,4,0,6,4,1,3,2,1,2,3,2,1,3,2,2,0,2,1,0,2,0,2,1,2,0,0,4,3,0,0,0,2,0,1,0,0,0,0,0,0,2,5,0,2,2,1,0,1,2,2,2,1,0,0,4,3,0,1,1,1,0,0,1,2,1,0,0,0,2,2,4,0,0,1,0,0,2,1,0,1,1,0,0,0,0,0,0,0,0,5,6,4,1,0,3,0,5,5,2,0,1,0,0,6,5,1,3,1,0,0,2,1,0,1,0,0,0,2,2,1,2,2,1,0,1,2,0,1,0,2,0,0,0,0,0,0,0,0,5,4,4,1,1,2,0,5,3,1,1,3,3,0,3,5,0,1,0,1,0,1,1,1,0,0,0,0,2,3,1,1,0,0,0,2,3,2,0,0,0,0,0,0,0,0,0,0,0,0,0,1,0,0,0,0,0,0,0,0,0,0,0,0,1,0,0,0,0,0,0,0,0,0,0,0,0,0,0,0,0,0,0,0,0,0,0,0,0,0,0,0,0,0,0,0,0,0
P06576,15,10,8,4,8,3,0,10,10,6,4,5,2,0,5,9,6,1,1,4,0,3,3,2,1,0,1,0,8,4,3,1,1,1,0,3,3,4,2,2,2,0,0,0,0,0,0,0,0,10,9,7,4,4,5,0,11,7,1,5,4,7,0,2,4,2,0,2,4,0,4,2,2,2,1,2,0,5,2,2,2,2,3,0,4,1,3,4,0,2,0,0,0,0,0,0,0,0,5,7,3,0,1,4,0,9,3,3,1,6,4,0,5,3,2,2,0,3,0,3,0,0,0,0,2,0,2,1,1,0,0,1,0,3,4,2,2,3,0,0,0,0,0,0,0,0,0,4,2,3,0,2,4,0,2,5,1,0,1,1,0,1,4,1,1,0,0,0,1,2,0,0,0,0,0,0,0,1,0,0,0,0,1,2,2,0,1,1,0,0,0,0,0,0,0,0,7,4,4,1,2,0,0,2,5,3,1,0,0,0,1,1,3,0,2,2,0,2,1,0,0,0,0,0,1,1,1,0,0,0,0,2,0,0,1,0,2,0,0,0,0,0,0,0,0,7,5,1,1,1,0,0,5,5,1,2,0,0,0,6,5,0,1,0,1,0,2,2,3,0,0,2,0,2,3,1,0,0,0,0,2,3,2,0,0,1,0,0,0,0,0,0,0,0,0,0,0,0,0,0,0,0,0,0,0,0,0,0,0,0,0,0,0,0,0,0,0,0,0,0,0,0,0,0,0,0,0,0,0,0,0,0,0,0,0,0,0,0,0,0,0,0,0
P36542,8,3,4,1,1,2,1,3,2,4,1,1,0,0,2,4,1,4,3,0,0,0,1,0,0,2,1,0,1,2,1,0,0,2,0,2,1,1,0,2,1,0,0,1,0,0,0,0,0,6,2,3,0,3,1,0,1,3,1,3,2,3,0,5,4,3,1,1,1,0,1,1,1,1,2,1,0,1,1,0,2,2,3,0,1,2,1,0,3,1,0,0,0,0,0,0,0,0,3,1,3,2,0,3,0,4,5,4,0,3,1,0,1,2,4,1,2,2,0,1,3,1,1,2,1,0,2,2,5,1,0,0,0,1,0,1,1,1,0,0,0,0,0,0,0,0,0,0,1,1,0,0,0,0,2,2,3,3,0,0,0,0,0,0,1,1,1,0,0,2,0,0,0,0,0,2,1,2,0,1,0,0,0,0,3,0,0,0,0,0,0,0,0,0,0,0,3,2,2,1,0,0,0,1,0,3,0,3,2,0,1,5,2,1,1,0,0,0,3,0,0,0,0,0,1,0,1,0,1,1,0,2,1,2,0,0,2,0,0,0,0,0,0,0,0,0,2,1,0,2,1,0,3,1,1,0,0,2,0,3,2,2,1,2,0,0,0,0,1,0,0,0,0,1,3,1,0,0,1,0,0,2,2,0,0,0,0,0,0,0,0,0,0,0,0,0,0,0,0,0,0,1,0,0,0,0,0,0,0,0,0,0,0,0,0,0,0,0,0,0,0,0,0,0,0,0,0,0,0,0,0,0,0,0,0,0,0,0,0,0,0,0,0
G3V325,4,8,6,4,2,3,0,10,11,9,1,6,2,0,4,6,5,3,6,3,0,2,7,5,1,1,0,0,6,1,1,4,2,0,1,4,8,1,1,4,2,0,3,0,0,0,1,1,0,8,7,10,3,6,7,2,13,10,8,8,4,5,0,8,9,3,6,1,5,0,4,8,4,5,4,0,1,6,5,3,4,3,3,0,7,9,4,0,3,0,0,1,0,1,0,0,0,0,5,4,7,1,1,2,0,2,10,6,6,3,6,0,3,3,6,4,2,1,0,1,5,5,1,3,2,0,0,6,1,0,5,2,0,4,1,2,1,3,3,0,0,0,0,0,0,0,0,3,2,1,1,2,1,0,8,6,4,4,4,2,1,1,7,3,2,2,1,0,0,3,1,0,4,1,0,3,2,3,1,1,3,1,2,0,0,1,0,2,0,1,1,0,0,0,0,0,5,7,2,3,3,3,1,7,5,2,2,5,3,0,1,4,2,1,2,3,0,1,4,0,2,1,1,1,3,4,3,0,2,3,0,2,4,1,2,1,1,0,0,1,0,1,0,0,0,1,10,1,3,1,3,2,3,6,2,5,2,4,1,3,4,0,1,0,1,0,2,1,1,0,1,1,0,4,6,2,1,2,0,0,2,1,1,1,3,6,0,0,0,0,0,0,0,0,1,1,1,1,0,1,0,0,0,1,0,0,1,0,0,0,0,0,1,0,0,0,1,0,0,0,0,0,1,0,0,0,0,0,0,0,0,0,0,1,0,0,0,0,0,0,0,0,0
O75964,1,1,1,1,0,1,0,2,2,2,2,2,1,0,0,2,1,2,0,0,0,1,1,0,0,0,0,0,1,1,0,0,1,0,0,0,0,2,0,1,0,0,0,0,0,0,0,0,0,1,2,0,1,2,1,0,2,0,0,0,0,2,0,2,1,0,1,1,0,0,1,0,1,0,2,0,0,0,1,1,0,1,0,0,3,0,0,0,0,0,0,0,0,0,0,0,0,0,2,2,1,0,0,0,0,1,1,0,2,0,0,0,1,0,1,1,0,0,0,2,2,0,0,0,0,0,0,0,0,0,0,1,0,0,0,0,0,0,0,0,0,0,0,0,0,0,0,0,2,2,0,0,0,0,2,0,1,0,0,0,0,0,1,0,0,0,0,0,0,0,0,0,0,0,0,1,1,0,0,0,0,0,0,0,0,0,0,0,0,0,0,0,0,0,0,0,0,2,2,0,0,0,0,0,1,2,0,1,0,0,0,0,1,0,0,0,0,0,0,0,0,0,0,0,1,1,0,0,0,0,0,1,0,0,0,0,0,0,0,0,0,0,0,0,0,1,2,0,0,1,0,0,0,0,0,0,0,0,0,2,0,0,0,0,0,0,0,0,0,0,0,0,0,1,0,0,0,0,0,0,0,0,0,0,0,0,0,0,0,0,0,0,0,0,0,0,0,0,0,0,0,0,0,0,0,0,0,0,0,0,0,0,0,0,0,0,0,0,0,0,0,0,0,0,0,0,0,0,0,0,0,0,0,0,0,0,0,0,0,0,0,0,0
P24539,1,3,4,2,1,0,0,5,3,1,3,1,1,1,6,8,0,1,3,1,0,1,1,0,3,3,0,0,1,0,2,0,1,0,0,0,2,0,0,1,1,0,0,0,0,0,0,0,0,4,3,11,2,0,0,0,5,4,1,1,1,1,0,1,2,0,3,1,2,0,3,2,1,2,0,0,0,0,1,0,2,0,2,0,2,0,0,0,1,1,0,0,0,0,0,1,0,0,3,3,1,2,1,1,0,6,2,3,1,1,1,0,1,1,0,1,0,0,0,1,1,0,1,1,1,0,1,1,1,0,1,1,0,1,3,0,0,1,0,0,0,0,0,0,0,0,0,1,2,2,1,1,1,0,1,1,3,2,1,0,0,0,0,1,0,1,1,0,1,3,2,0,1,0,0,2,1,0,1,1,1,0,0,0,0,2,1,0,0,0,0,0,0,0,0,0,1,2,0,0,1,2,0,1,0,2,0,0,1,0,2,3,2,0,0,0,0,2,0,0,0,1,1,0,1,1,1,1,1,0,0,2,0,1,1,1,0,0,0,0,0,0,0,0,0,1,2,1,1,0,0,0,2,3,0,1,1,0,0,0,0,0,0,0,1,0,0,1,0,1,0,1,0,0,0,3,0,1,1,0,0,2,0,0,0,0,0,0,0,0,0,0,0,0,0,0,0,0,0,0,0,0,0,0,0,0,0,0,0,0,0,0,0,0,0,0,0,0,0,0,0,0,1,0,0,0,0,0,0,0,0,0,0,0,0,0,0,0,0,0,0,0,0
O75947,0,1,1,2,1,0,0,4,1,0,0,3,0,0,0,0,1,0,0,0,0,2,1,0,0,0,3,0,1,1,2,1,0,0,0,1,0,0,1,0,1,0,0,0,1,0,0,0,0,3,3,0,1,2,1,0,2,3,0,3,0,1,0,1,0,2,0,2,1,0,0,0,1,1,1,2,0,1,0,2,0,2,0,0,1,0,0,0,0,2,0,0,0,0,0,0,0,0,0,1,0,2,0,0,0,0,0,3,0,0,0,0,2,1,0,1,1,0,0,0,0,0,0,0,1,0,1,2,0,0,1,2,0,1,1,0,1,1,0,0,0,0,0,0,0,0,0,0,0,1,0,1,0,0,0,1,0,1,1,1,0,0,1,0,0,1,0,0,0,2,1,1,0,0,0,0,0,1,0,0,0,0,1,5,0,0,0,0,0,0,0,0,0,0,0,0,2,0,0,0,1,1,0,2,0,1,0,0,0,0,0,1,2,0,1,1,0,0,0,0,1,0,0,0,1,0,0,0,1,2,0,0,2,2,0,0,2,0,0,0,0,0,0,0,0,0,3,0,1,0,1,1,2,4,2,0,1,1,0,0,0,0,0,0,2,0,0,1,0,1,0,0,0,0,0,0,0,0,2,0,2,2,0,0,1,0,0,0,0,0,0,0,0,0,0,0,0,0,0,0,0,0,0,0,0,0,0,0,0,0,0,0,1,0,0,0,0,0,0,0,0,0,0,0,0,0,0,0,0,0,0,0,0,0,0,0,0,0,0,0,0,0,0
P18859,1,1,3,0,0,0,0,1,1,1,1,0,0,0,2,0,2,0,1,0,0,1,1,0,0,0,0,0,0,0,0,0,0,0,0,1,1,0,0,0,0,0,0,0,0,0,0,0,0,2,0,1,0,0,1,0,0,0,2,0,2,2,0,0,1,0,2,0,0,0,1,0,0,0,1,0,0,0,4,0,2,0,2,0,0,1,0,1,2,1,0,0,0,0,0,0,0,0,2,0,0,0,0,1,0,0,1,0,0,1,0,0,1,1,0,1,0,0,0,0,0,1,0,2,0,0,0,1,1,0,0,0,0,1,0,1,0,1,0,0,0,0,0,0,0,0,0,0,1,1,0,0,0,0,1,2,0,0,1,0,0,0,0,0,0,0,2,0,0,0,1,0,0,0,0,0,1,0,0,2,0,0,0,0,0,0,0,0,0,0,0,0,0,0,0,0,0,0,0,0,0,0,0,1,2,1,1,2,1,0,0,0,0,0,1,1,0,0,3,0,0,0,0,0,0,1,1,0,0,0,0,1,2,0,0,0,0,0,0,0,0,0,0,0,0,0,2,0,1,0,0,0,1,0,0,0,2,2,0,0,0,1,0,0,0,0,0,0,0,1,0,0,0,0,1,0,1,0,1,0,0,1,0,0,0,0,0,0,0,0,0,0,0,0,0,0,0,0,0,0,0,0,0,0,0,0,0,0,0,0,0,0,0,0,0,0,0,0,0,0,0,0,0,0,0,0,0,0,0,0,0,0,0,0,0,0,0,0,0,0,0,0,0
P48047,2,2,3,1,2,0,0,1,4,1,0,3,1,0,5,2,5,0,3,0,1,2,0,2,0,1,2,0,1,3,0,1,0,0,0,1,2,0,0,0,1,0,0,0,0,0,0,0,0,1,0,6,1,0,1,0,0,0,4,3,2,1,0,3,2,0,0,3,0,0,1,2,1,0,0,0,0,5,1,1,2,0,1,0,0,0,2,1,3,0,0,0,0,0,0,1,0,0,5,0,3,1,1,1,0,3,2,1,1,2,2,1,1,4,4,0,0,1,0,0,0,1,0,0,0,0,4,2,0,0,1,1,0,1,0,0,0,0,0,0,0,1,0,0,0,0,0,1,1,1,1,0,0,0,1,1,1,0,1,0,0,0,2,1,1,0,0,0,0,0,0,0,1,0,0,0,0,2,0,0,0,0,1,1,0,0,0,0,0,0,0,0,0,0,0,0,1,4,3,2,1,2,0,2,2,1,0,0,2,0,2,1,0,0,1,0,0,1,1,0,1,0,0,0,1,0,0,0,0,0,0,2,0,0,0,1,0,0,0,0,0,0,0,0,0,0,2,1,1,1,0,0,1,1,0,0,2,0,0,0,1,0,0,1,0,0,0,1,0,0,0,0,0,1,1,1,0,0,1,0,0,1,0,0,0,0,0,0,0,0,0,0,0,0,0,0,0,0,0,0,0,1,0,0,0,0,0,0,0,0,0,0,0,0,0,0,0,0,0,0,0,0,1,0,0,0,0,0,0,0,0,0,0,0,0,0,0,0,0,0,0,0,0
O75787,5,6,6,2,1,1,0,6,4,3,5,2,4,0,6,3,3,3,1,1,0,1,1,0,0,2,1,0,2,1,0,0,0,1,0,1,2,0,1,1,0,0,0,0,0,0,0,0,0,10,6,5,1,0,1,0,4,5,8,2,3,1,0,2,3,6,4,3,2,0,1,2,4,1,3,1,0,0,0,1,5,0,1,0,2,2,2,2,0,3,0,0,0,0,0,0,0,0,0,6,3,0,2,1,0,5,6,3,1,0,5,0,1,6,2,0,1,3,0,2,3,0,1,0,2,0,1,2,3,0,2,0,0,0,3,1,0,0,3,0,0,0,0,0,0,0,0,4,1,0,1,1,0,0,5,3,1,1,0,1,0,0,2,2,0,1,0,0,1,1,1,0,1,0,0,2,3,2,1,0,0,0,0,1,1,1,1,0,0,0,0,0,0,0,0,0,1,2,3,1,0,1,0,1,2,1,2,2,0,0,2,3,0,0,1,0,0,1,2,0,1,2,0,0,1,1,0,0,0,0,0,1,0,0,0,0,1,0,0,0,0,0,0,0,0,1,3,1,0,0,1,0,2,3,4,1,0,0,0,1,3,0,1,1,1,0,1,2,0,1,0,0,0,2,1,0,0,0,0,0,2,2,2,0,1,0,0,0,0,0,0,0,0,0,0,0,0,0,0,0,0,0,0,0,0,0,0,0,0,0,0,0,0,0,0,0,0,0,0,0,0,0,0,0,0,0,0,0,0,0,0,0,0,0,0,0,0,0,0,0,0,0,0
P38606,5,9,7,2,5,3,0,6,4,10,2,4,8,1,7,8,7,1,4,6,0,5,2,1,2,2,0,0,4,2,2,2,1,2,0,3,5,4,0,3,0,0,2,1,0,0,0,0,0,3,7,7,3,2,5,0,6,3,5,4,6,6,1,10,5,3,6,1,3,0,4,0,1,2,3,0,0,6,2,3,3,1,4,0,7,3,6,1,5,2,0,0,1,0,0,1,0,0,8,6,6,4,2,2,0,5,8,8,2,5,7,0,6,6,4,1,2,7,0,4,0,7,0,0,2,0,1,4,3,0,1,0,0,7,0,4,1,2,3,1,0,0,0,0,0,0,0,3,6,6,1,1,0,1,2,2,1,0,0,0,0,2,3,3,1,0,1,0,2,1,1,1,0,0,0,1,3,1,0,1,1,1,0,0,2,0,1,0,0,0,0,0,0,0,0,0,6,2,3,1,2,2,1,4,9,1,1,2,1,0,0,6,4,0,1,0,0,2,1,0,0,2,1,0,1,0,1,1,0,1,0,1,2,5,0,1,1,0,0,1,0,0,0,0,0,5,4,3,1,1,3,1,4,4,2,1,1,2,0,3,7,5,4,1,1,0,1,1,0,0,1,0,0,3,7,1,0,0,2,0,0,4,1,1,1,3,0,1,0,0,0,0,0,0,1,1,1,0,0,0,0,0,1,1,0,1,0,0,0,0,0,0,0,0,0,0,0,0,0,0,0,0,1,0,0,0,0,0,0,0,0,0,0,0,0,0,0,0,0,0,0,0,0
Q9UI12,8,6,4,1,2,3,1,2,6,2,2,3,0,0,2,4,1,5,1,6,0,2,2,1,1,0,1,0,2,4,0,2,1,1,1,4,1,2,1,0,0,0,0,0,0,2,1,0,0,3,2,1,2,2,0,1,1,5,5,4,5,4,0,2,5,3,5,2,3,0,1,4,4,1,4,4,0,4,2,3,3,0,2,0,0,0,5,2,1,3,1,1,0,0,1,0,0,0,0,2,2,0,3,3,0,4,5,1,4,1,3,1,1,4,2,2,1,2,0,3,6,2,2,3,2,0,3,2,1,2,2,1,0,3,2,1,5,1,2,0,0,0,0,0,1,0,0,4,2,6,1,3,0,0,1,3,8,3,2,2,1,2,2,3,2,3,0,0,2,1,2,3,0,3,0,3,2,2,1,0,2,0,0,4,1,1,2,1,1,0,0,0,0,0,0,0,5,2,4,2,1,1,1,2,1,2,2,1,3,0,1,1,1,0,0,3,1,3,3,2,2,0,0,0,1,1,1,0,0,0,0,0,2,2,1,1,1,0,0,1,0,1,0,0,0,4,1,2,1,0,1,0,1,4,2,2,2,0,0,2,3,3,3,3,0,0,3,3,0,2,3,0,0,2,0,0,1,0,1,1,2,2,3,1,0,2,0,0,0,1,0,0,1,0,1,0,0,0,0,0,0,0,0,0,1,0,0,0,0,0,0,1,0,0,0,2,1,1,0,0,0,0,1,0,0,1,0,0,0,0,0,0,0,0,1,0,0,0,0,0,0,0,0
Q9UBB4,3,2,2,3,1,0,0,3,8,4,3,2,2,0,1,4,1,0,1,1,1,4,2,3,1,2,1,0,1,3,0,1,2,3,0,2,6,0,0,0,1,0,1,0,0,1,1,0,0,2,4,6,5,4,5,1,7,15,6,6,4,11,0,5,1,4,2,2,3,0,2,3,3,1,3,3,1,2,6,0,0,1,1,0,4,5,2,3,3,3,0,1,0,1,0,1,1,0,2,6,0,1,1,2,0,2,8,0,2,2,3,0,3,2,2,0,2,2,0,1,0,1,1,0,1,0,1,4,0,0,1,1,1,0,2,1,1,3,1,1,0,1,0,0,0,1,0,1,4,2,1,1,0,0,2,2,3,1,1,0,1,1,4,2,1,1,2,0,1,3,2,3,0,1,0,0,4,2,2,0,0,0,3,1,1,0,2,3,0,0,0,0,1,0,0,0,1,3,0,0,0,0,1,7,10,3,0,0,1,2,1,1,1,0,1,0,1,0,1,1,0,2,1,0,0,2,0,0,0,2,0,2,2,0,3,0,0,0,1,0,0,1,0,0,0,2,2,0,2,3,2,0,5,6,1,3,0,3,1,1,4,1,1,1,1,0,1,1,0,4,1,1,0,1,2,3,2,0,0,1,0,2,4,1,1,2,0,0,1,0,0,0,0,0,0,1,0,1,0,0,1,1,0,0,1,0,0,0,0,1,0,0,0,0,0,0,0,1,0,0,2,0,0,2,0,0,0,0,0,0,1,1,0,0,0,0,0,0,0,0,0,0,0
Q9Y679,2,5,0,0,0,2,1,5,8,5,4,2,4,0,3,5,1,3,1,3,0,0,3,5,1,1,0,0,2,1,2,1,1,1,0,1,2,1,2,2,1,0,1,1,2,0,0,0,0,4,8,6,3,2,2,1,8,11,7,4,6,2,2,3,10,2,3,0,2,0,3,1,2,2,3,0,0,0,5,3,2,3,1,0,2,0,2,0,2,2,0,0,1,0,0,0,1,0,0,4,6,2,1,2,1,5,12,1,1,3,2,0,1,3,0,1,2,0,1,2,3,1,0,0,2,1,3,0,0,0,0,0,0,1,2,2,1,0,1,0,0,0,1,0,0,0,0,1,4,1,1,2,2,0,2,3,4,0,1,0,0,4,2,2,0,0,2,0,1,0,1,0,0,1,0,3,0,0,2,2,0,0,1,1,0,0,1,0,0,1,0,0,0,0,0,0,3,2,2,4,1,0,0,4,1,1,2,1,0,0,2,1,1,2,0,0,0,3,1,1,0,1,0,0,1,2,1,0,1,2,0,1,1,1,1,0,0,0,0,0,0,0,0,0,0,0,4,0,0,2,1,1,1,5,2,0,0,0,0,2,3,0,0,0,0,0,2,2,0,0,2,0,0,3,1,0,1,0,0,0,0,2,0,2,0,1,0,0,0,0,0,0,0,0,0,1,1,0,0,0,0,1,0,0,0,1,0,0,1,0,2,0,0,0,0,0,0,0,0,0,0,0,0,0,0,0,0,0,0,1,0,0,0,0,0,0,0,0,0,0,0,0,0
Q96GD4,0,3,3,0,0,1,0,2,6,1,0,3,4,1,2,6,1,3,1,2,0,3,2,1,0,0,0,1,3,3,0,2,2,1,0,1,1,0,0,1,0,0,0,0,1,0,0,0,0,3,2,6,1,4,1,0,2,6,3,4,4,3,0,5,3,2,1,0,2,1,4,2,2,3,1,1,0,2,4,1,0,2,1,0,5,3,1,1,4,2,0,0,0,0,1,0,0,0,0,2,3,2,1,0,1,6,3,3,4,2,1,0,0,3,0,2,1,1,0,2,1,1,0,1,2,0,1,1,1,2,2,0,0,0,4,0,1,0,0,0,0,1,1,0,0,0,0,2,4,3,2,1,0,0,2,1,1,3,0,3,0,1,1,0,0,4,0,0,0,1,2,0,1,1,0,1,1,1,0,0,0,0,1,1,1,0,1,1,0,0,0,1,0,0,0,0,0,4,1,2,1,1,0,4,3,1,1,0,3,0,0,3,2,1,0,0,0,2,3,0,0,0,1,0,1,3,2,0,2,2,0,0,1,2,1,1,0,0,0,0,0,0,0,0,0,1,2,0,0,4,0,0,0,3,5,1,1,2,0,1,3,0,0,0,0,1,1,0,0,2,0,0,0,1,0,1,2,2,1,0,0,2,1,0,0,0,0,0,0,0,0,0,0,0,0,0,0,0,0,0,0,1,0,0,0,0,0,0,0,0,2,0,1,0,0,0,1,0,0,0,0,0,0,0,0,0,0,0,0,0,0,0,0,0,0,0,0,0,0,0,0,0,0
P01889,11,6,5,3,1,4,0,6,1,3,1,2,1,0,2,4,4,2,1,2,0,2,0,3,0,1,1,2,2,3,1,0,1,1,0,0,2,4,4,2,0,1,0,0,0,0,0,1,0,7,3,3,1,1,2,0,3,2,0,1,3,1,0,4,3,0,1,3,2,0,1,1,2,1,1,1,0,2,2,2,0,0,1,0,3,0,1,1,0,2,0,0,0,0,0,0,0,0,6,1,2,2,2,2,0,3,4,3,2,0,2,0,2,2,3,3,2,0,0,1,1,4,1,1,2,0,0,3,1,1,2,1,0,2,2,2,1,2,1,0,1,0,0,0,0,0,0,1,0,1,2,2,0,0,2,0,2,0,0,0,0,3,2,3,2,2,3,0,1,0,3,0,0,0,0,0,2,0,1,1,1,0,2,2,1,1,0,2,0,0,0,1,0,1,0,0,2,2,0,1,0,2,0,1,3,4,2,0,3,0,1,1,1,0,0,1,0,0,1,1,1,0,2,0,0,1,0,2,1,0,1,1,1,1,1,1,0,0,0,0,1,0,0,0,0,2,2,2,0,2,3,1,2,0,2,1,2,0,0,2,2,0,2,0,2,1,1,1,2,1,2,2,0,3,1,0,1,0,1,0,3,0,0,1,1,0,0,1,0,0,0,0,0,0,1,0,1,0,0,0,0,0,0,0,0,0,0,0,1,0,1,0,0,0,0,0,0,0,0,0,0,0,0,1,0,0,0,0,0,1,0,0,0,0,0,0,0,0,0,0,0,0,0
B4DLN1,9,8,4,2,6,2,2,8,6,2,5,5,2,1,4,4,6,2,0,2,0,4,3,2,0,1,2,0,2,5,4,0,0,3,0,1,3,2,4,0,1,1,2,1,0,1,0,0,0,9,10,4,6,3,5,0,6,4,6,2,5,2,0,6,2,1,1,1,2,0,1,1,2,1,2,2,1,7,4,2,0,2,1,0,1,1,1,3,1,1,0,0,1,0,0,0,0,0,4,3,5,0,1,1,1,9,2,3,2,2,1,0,3,2,2,1,2,0,0,0,1,1,0,4,0,0,2,2,1,0,1,1,0,3,0,1,0,1,0,0,0,0,1,0,0,0,0,2,3,2,1,1,0,0,2,5,1,0,2,1,0,2,2,0,0,2,1,0,1,1,2,0,0,0,0,2,1,0,0,3,0,1,0,2,2,0,0,0,0,0,1,0,0,0,0,0,6,2,3,3,1,3,0,8,3,1,1,2,2,0,0,3,1,2,1,0,0,1,0,0,1,0,0,0,2,3,0,1,0,0,0,2,0,0,1,2,0,0,0,1,0,0,0,0,0,2,3,0,0,2,1,0,2,4,0,0,0,0,0,0,4,0,0,1,0,1,2,4,0,2,0,0,0,3,2,0,0,0,0,0,1,0,0,0,1,1,0,0,0,0,0,1,0,0,1,0,0,0,0,0,1,2,1,1,0,0,0,0,0,1,0,0,0,0,0,0,1,0,0,0,0,0,0,0,0,1,0,0,0,0,0,0,0,0,0,0,0,0,0,0,0,0,0
O95816,1,0,1,0,1,2,0,2,0,1,0,0,1,0,2,3,2,0,0,0,0,2,2,0,1,1,0,0,1,1,1,0,0,1,0,2,0,2,1,1,1,0,1,0,0,0,0,0,0,0,1,0,1,1,2,1,0,1,1,0,4,1,0,0,0,1,2,2,5,0,0,1,1,0,3,1,0,2,1,3,3,2,0,0,0,1,0,0,1,2,0,0,0,0,0,0,0,0,2,0,0,1,0,1,0,0,0,2,3,1,0,0,0,2,2,0,2,0,1,0,2,0,1,0,2,0,2,0,1,0,0,1,1,2,3,0,2,0,0,0,1,0,0,0,0,0,0,1,1,2,0,1,0,0,1,0,3,1,3,1,0,0,0,0,1,1,0,0,0,3,0,2,0,0,0,0,3,1,0,0,0,0,2,3,0,0,0,1,0,0,0,0,0,0,0,0,0,0,1,3,0,1,0,2,1,2,0,1,1,0,2,0,1,1,0,2,0,2,0,0,0,0,2,0,0,1,0,1,1,0,0,2,0,1,1,0,0,0,0,1,0,0,0,0,0,1,1,3,1,1,1,0,1,5,1,2,1,0,0,0,1,1,1,0,0,0,1,0,1,1,0,1,0,0,1,0,0,0,2,0,0,3,0,0,1,0,0,0,0,0,0,0,0,0,0,1,1,0,0,0,0,0,0,0,0,1,0,0,0,0,0,0,0,0,0,0,0,0,0,0,0,0,0,0,0,0,0,0,0,0,0,0,0,0,0,0,0,0,0,0,0,0,0
O95817,12,5,6,5,2,3,0,5,9,6,5,5,0,0,2,1,6,2,1,3,0,8,4,2,3,3,1,0,2,6,0,1,1,4,0,6,5,2,1,5,0,0,0,0,0,1,0,0,0,6,7,2,5,3,4,0,3,11,9,6,3,3,1,9,5,3,6,1,3,0,7,3,4,4,1,2,0,0,4,4,4,0,2,0,1,2,1,3,2,1,0,0,1,0,0,0,0,0,7,8,1,3,2,4,0,6,3,6,4,0,0,0,2,7,8,0,4,1,1,2,3,5,1,0,0,0,2,3,1,2,2,1,0,2,3,3,0,2,1,0,0,0,0,0,0,1,0,3,5,4,3,3,1,1,3,4,3,0,2,3,0,7,1,5,1,3,2,0,1,2,4,0,0,2,0,1,1,0,1,1,1,0,4,3,0,1,0,1,0,0,0,0,0,0,0,0,1,2,1,1,1,4,0,3,7,1,1,1,3,0,2,2,1,1,0,2,0,1,1,4,0,0,3,0,4,1,0,0,0,1,0,3,4,2,0,0,1,0,0,0,0,0,0,0,0,4,3,1,4,3,3,0,5,2,2,5,3,1,0,3,3,1,1,2,0,0,1,2,0,1,0,1,0,1,1,3,1,2,1,0,2,1,1,0,0,0,0,0,0,0,0,0,0,0,0,0,0,0,0,0,0,1,0,0,0,0,0,0,0,0,0,0,0,0,0,0,0,0,0,1,0,0,0,0,0,0,0,0,0,0,0,1,0,0,0,0,0,0,0,0,0,0,0
Q9UL15,0,0,3,2,5,2,1,2,5,1,1,2,0,0,0,4,0,0,2,2,0,0,4,2,4,1,0,0,2,0,1,2,3,1,1,1,5,1,0,4,5,1,1,1,1,1,0,0,0,2,4,2,3,2,4,1,5,2,3,4,4,4,0,1,5,2,5,1,0,0,3,1,0,5,5,1,0,3,3,2,2,2,3,0,3,6,4,4,2,3,0,0,1,0,0,0,0,0,0,1,0,0,0,1,1,4,7,3,7,2,1,0,0,3,0,0,0,1,0,2,0,1,1,3,0,0,4,2,1,1,1,0,0,2,1,1,3,0,0,0,0,0,0,0,0,1,0,5,3,1,2,0,5,0,1,1,0,1,2,7,0,0,3,0,0,1,0,0,6,2,0,3,1,2,0,0,3,2,0,2,3,1,1,1,0,0,0,2,0,0,0,0,0,0,0,0,4,1,0,2,2,3,1,1,4,2,0,0,5,1,0,4,2,2,1,0,1,2,3,1,0,0,0,0,3,2,3,0,3,1,0,0,4,2,0,1,2,0,0,0,1,0,1,0,0,2,1,2,2,1,1,0,5,3,5,1,4,5,0,1,4,0,0,4,2,0,2,2,0,1,1,1,0,1,3,1,1,1,0,0,2,6,4,0,0,1,1,1,0,1,0,0,0,0,0,1,0,0,0,1,0,0,0,0,1,1,0,0,1,1,0,0,0,1,0,1,0,0,0,0,0,0,0,0,0,0,0,1,0,0,0,0,0,0,1,0,0,0,0,0,0,0,0
Q4VC05,0,2,3,0,0,1,0,2,0,3,1,0,0,0,2,1,2,1,1,1,0,1,0,0,0,2,0,0,2,1,1,0,2,2,0,2,2,3,0,0,2,0,0,0,0,0,1,0,0,3,1,2,1,0,0,0,1,0,1,0,0,0,0,1,0,5,0,0,0,0,0,0,0,0,1,1,0,0,1,1,0,0,0,0,0,1,1,1,0,1,0,0,0,0,0,0,0,0,0,2,0,1,1,5,1,2,1,0,1,1,0,0,2,0,2,7,0,2,0,0,1,3,3,0,4,0,1,0,1,0,1,0,0,4,0,1,0,0,1,0,0,0,0,0,0,0,0,0,0,0,0,0,1,0,0,0,0,0,0,1,0,1,1,2,2,0,1,0,0,0,2,1,0,1,0,0,1,1,1,2,2,0,0,1,1,1,1,2,0,0,0,0,0,0,0,0,0,0,2,0,3,2,0,0,1,1,0,0,2,0,0,2,0,0,2,1,0,0,0,0,0,2,0,0,1,1,1,1,1,1,0,1,1,1,1,0,2,0,0,0,0,0,0,0,0,3,1,1,1,4,0,0,2,0,1,0,1,1,0,4,1,3,1,0,0,0,0,0,2,0,2,0,0,3,0,0,0,0,0,0,3,0,2,1,2,0,0,0,0,0,0,0,0,0,0,0,0,0,0,0,0,0,0,0,0,0,0,0,0,0,0,0,0,0,0,0,0,0,0,0,0,0,0,0,0,0,0,1,0,0,0,0,0,0,0,0,0,0,0,0,0,0,0
Q6PJG6,4,11,10,5,5,3,3,9,19,12,4,3,5,2,13,5,5,2,2,2,1,5,11,8,2,0,5,1,6,5,1,2,2,0,0,4,4,6,2,2,2,1,3,4,1,0,1,1,0,13,17,7,14,3,5,3,19,12,7,10,2,9,2,10,5,7,6,6,5,0,8,7,2,1,2,5,1,1,4,0,2,1,3,0,6,6,2,4,3,1,1,1,2,2,3,0,1,0,9,9,4,3,5,5,1,9,6,3,3,3,1,1,4,7,4,0,2,4,0,2,4,1,0,1,0,1,2,7,1,1,0,1,1,6,2,0,3,1,2,0,1,1,0,0,0,1,0,6,5,3,1,3,2,2,10,8,7,2,0,1,2,5,4,1,0,2,0,0,1,1,0,0,1,0,0,1,3,1,0,0,0,0,4,4,4,2,0,0,0,0,3,0,0,1,0,0,2,2,2,1,0,4,1,9,6,7,2,0,2,0,2,1,1,0,0,0,0,3,2,0,0,1,0,0,0,2,0,1,0,0,0,1,2,0,0,1,0,1,0,1,0,0,0,0,0,5,7,4,8,0,2,0,3,8,2,1,1,5,2,2,3,2,1,0,2,1,3,5,0,0,0,2,1,1,4,1,0,0,1,0,4,1,0,0,0,0,0,0,1,1,0,0,1,0,2,3,0,0,0,0,0,3,2,1,4,2,0,0,0,1,1,0,1,1,0,0,0,1,0,0,2,0,1,1,0,0,0,0,0,1,3,0,0,0,0,0,0,0,0,0,0,0,0
Q9H0E9,13,8,13,5,1,16,0,9,17,10,2,4,13,1,9,12,11,4,3,9,1,2,4,5,5,2,5,0,2,3,4,2,6,3,0,10,10,7,6,4,8,0,0,0,0,2,0,0,0,8,11,6,5,5,9,1,10,6,15,9,6,10,1,11,13,11,6,6,7,0,4,5,6,2,2,8,0,5,2,3,5,5,4,0,15,6,12,4,6,13,0,0,2,0,0,0,1,1,15,16,13,6,4,6,1,13,14,9,4,5,11,1,13,12,6,4,2,9,0,1,7,7,1,0,0,0,4,4,1,2,1,2,1,8,7,11,6,6,5,0,1,1,0,0,0,0,0,4,5,5,2,0,1,0,5,5,6,5,1,5,0,12,8,5,1,1,4,0,3,6,2,2,0,2,0,3,0,2,1,3,1,0,2,5,5,4,0,6,0,0,1,0,0,0,0,0,3,4,5,3,2,4,0,2,5,7,2,2,6,1,6,2,2,0,1,3,0,4,2,3,3,1,1,0,4,7,3,1,5,1,0,5,2,2,3,2,1,0,0,1,0,0,0,1,0,13,12,7,2,8,8,0,4,9,6,5,5,9,0,10,10,11,1,2,11,1,3,3,8,2,4,5,1,3,9,1,3,1,4,1,9,8,9,2,4,8,2,0,1,0,0,0,1,0,0,0,1,0,0,1,0,1,1,1,0,1,2,0,0,0,0,0,0,0,0,0,0,0,0,1,1,0,0,0,0,0,0,0,0,1,0,0,1,0,1,0,1,0,0,0,0,0,0
P41223,0,0,0,0,0,1,0,0,1,0,1,0,0,0,1,0,0,0,0,0,1,0,0,0,0,1,0,0,0,1,0,0,3,0,2,0,2,0,1,2,0,0,0,0,0,1,0,0,0,0,0,0,0,3,0,0,1,1,1,2,1,2,0,0,1,0,0,1,1,0,0,1,1,0,1,1,0,1,1,1,0,0,0,0,0,2,1,1,1,1,0,0,0,1,1,1,0,1,0,1,0,1,0,1,0,1,1,0,0,0,2,0,0,0,0,0,0,0,0,0,1,0,0,0,0,0,0,1,1,2,1,0,0,2,0,1,0,1,0,0,1,0,0,0,0,1,0,0,0,0,0,0,1,0,0,0,1,0,1,1,1,1,0,0,0,0,1,1,0,1,0,1,0,0,0,1,0,0,0,1,1,0,0,1,1,0,0,0,0,0,0,0,0,0,0,0,1,1,0,0,1,1,0,1,1,1,0,0,0,2,0,2,0,1,4,0,0,0,0,0,1,1,1,0,2,0,2,1,2,0,0,1,0,0,0,0,0,0,1,1,0,0,0,0,0,0,0,1,0,1,1,0,0,4,1,0,1,1,0,1,1,0,0,0,1,0,1,1,0,0,0,0,0,0,1,3,0,0,0,0,0,1,0,0,0,0,0,0,0,0,0,0,0,0,0,0,0,0,1,0,1,0,0,0,1,0,0,1,0,0,0,0,0,1,0,0,0,2,0,0,0,0,0,1,0,0,0,0,0,0,1,0,0,0,0,0,0,1,0,0,0,0,0
A2AEA2,6,6,6,2,2,2,0,7,0,2,1,2,2,0,3,5,2,3,0,2,0,2,1,3,0,2,1,1,3,6,1,1,0,1,1,1,3,2,3,1,1,0,0,0,1,0,0,0,0,6,4,2,1,2,2,0,1,5,2,2,2,2,0,5,4,0,1,2,3,0,2,0,2,1,1,2,0,2,1,2,0,1,0,0,4,0,1,2,0,1,1,0,0,0,0,0,0,0,5,0,2,2,5,4,0,3,7,2,2,0,2,0,2,1,0,1,3,0,0,0,0,4,1,0,2,1,0,2,1,3,2,0,0,2,3,1,1,3,2,0,2,0,1,0,0,0,0,1,0,3,1,0,0,0,3,0,3,0,0,0,0,2,3,2,2,2,4,3,0,0,4,0,0,0,0,0,1,0,1,1,0,0,3,1,2,1,0,1,0,0,0,1,0,1,0,0,2,2,0,1,0,2,0,1,2,3,3,0,3,0,1,0,1,0,1,1,0,0,3,2,1,0,1,0,0,1,1,1,1,0,1,1,0,0,1,0,0,0,0,0,2,0,0,0,0,3,2,1,2,3,1,1,2,0,3,0,2,0,0,3,2,0,1,0,2,0,1,2,3,1,0,2,0,2,0,0,1,0,1,0,2,0,2,1,0,0,0,1,0,0,0,0,0,0,1,0,1,1,0,0,0,0,0,0,0,0,0,0,2,1,2,0,0,0,0,0,0,0,0,0,0,0,0,1,0,0,0,0,0,0,0,0,0,0,0,0,0,0,0,0,0,0,0
E9PRG8,3,1,1,0,1,0,0,1,0,0,0,2,0,0,0,1,1,0,1,0,0,0,0,0,0,0,1,0,1,0,1,1,2,0,0,1,0,1,1,0,0,0,0,0,0,0,0,0,0,2,0,0,1,2,1,0,1,0,0,0,2,0,0,0,1,0,0,0,0,0,1,1,0,2,0,0,0,1,1,1,1,3,0,0,0,0,2,0,1,0,0,0,0,0,0,0,0,0,0,0,1,0,1,0,0,1,1,1,1,0,0,0,1,0,0,0,1,0,0,0,0,0,0,0,0,0,1,1,0,0,1,1,0,1,0,0,0,0,1,0,0,0,0,0,0,0,0,0,1,0,0,1,0,0,2,1,0,0,1,1,0,0,0,0,0,0,0,0,0,1,0,0,1,0,0,0,1,1,0,1,0,0,0,1,0,0,0,0,0,0,0,0,0,0,0,0,1,1,2,0,0,0,0,0,1,0,3,2,1,0,0,2,0,0,1,1,0,1,2,0,0,2,0,0,1,4,0,1,7,1,0,0,0,0,0,2,0,0,0,0,0,0,0,0,0,0,0,0,0,0,2,0,1,0,0,0,0,1,0,1,0,1,0,1,0,0,0,1,0,0,0,0,0,0,0,1,2,0,0,0,0,1,0,0,0,1,0,0,0,0,0,0,0,0,0,0,0,0,0,0,0,0,0,0,0,0,0,0,0,0,0,0,0,0,0,0,0,0,0,0,0,0,0,0,0,0,0,0,0,0,0,0,0,0,0,0,0,0,0,0,0,0,0
P01024,10,21,9,5,9,10,3,22,17,12,9,9,9,1,16,17,13,7,8,8,0,9,5,9,3,3,5,0,9,9,3,2,6,11,0,10,13,3,9,4,6,0,1,2,1,0,1,0,0,17,19,23,7,9,8,0,16,21,17,9,10,14,1,19,16,12,11,9,6,2,5,9,12,6,7,4,0,6,8,9,11,3,6,0,9,9,7,10,6,7,1,1,0,0,2,0,1,0,8,17,15,6,7,9,0,19,19,23,11,8,5,0,13,19,14,4,6,2,0,10,4,3,7,3,2,1,7,10,7,5,4,4,0,3,7,4,3,6,6,0,1,2,1,0,0,0,0,8,7,14,2,4,4,0,6,8,9,4,5,3,2,7,15,9,3,2,3,0,7,5,5,4,4,5,0,8,5,1,2,6,4,0,6,3,3,2,3,4,0,0,0,2,1,0,1,1,15,8,6,3,4,8,0,6,10,9,2,4,10,0,5,7,3,2,4,2,2,4,5,5,4,4,2,2,5,4,3,2,3,5,1,7,7,10,3,1,4,0,1,2,0,0,1,0,0,9,5,2,11,6,5,2,11,13,5,8,6,5,0,2,9,7,3,8,6,0,4,7,5,6,4,2,2,9,4,2,4,0,2,2,5,8,8,3,3,5,2,1,1,0,0,0,0,1,0,2,1,0,1,1,0,3,0,0,0,1,3,0,0,2,0,0,0,2,0,0,1,0,0,1,1,0,0,1,0,0,1,0,1,0,1,0,0,0,2,0,0,0,0,0,1,1,0
P27708,44,33,32,16,8,16,5,45,30,19,10,15,15,5,32,18,17,17,11,7,1,10,9,9,5,3,11,3,11,15,11,7,5,1,1,17,14,10,5,2,5,2,1,1,1,4,1,1,0,36,40,19,13,15,10,1,26,44,19,18,16,9,5,21,18,15,12,12,9,1,12,15,7,11,9,10,0,14,7,11,4,8,11,0,14,13,14,6,5,10,1,3,4,0,0,3,2,1,23,33,14,7,13,12,3,19,22,14,8,9,18,1,20,18,10,6,5,6,1,13,9,4,6,2,5,2,6,8,10,4,2,3,0,10,18,6,3,1,2,0,0,0,3,0,1,1,0,12,12,13,5,8,4,0,18,14,8,9,4,3,1,8,11,8,2,1,3,0,8,8,4,4,1,4,0,3,9,3,1,2,3,1,9,8,7,4,3,3,0,1,3,0,0,0,2,0,16,8,10,5,4,5,0,13,9,12,6,5,6,0,14,11,9,2,3,2,2,6,7,4,2,1,1,1,6,5,4,0,1,2,1,5,5,3,2,4,2,1,0,1,0,2,0,0,0,22,12,14,4,3,7,0,10,18,15,10,4,12,0,7,15,6,2,1,11,0,4,8,5,0,5,1,0,5,5,3,6,1,1,0,3,8,2,3,6,0,0,0,0,2,0,2,0,0,1,1,2,0,0,1,0,3,0,1,3,1,0,1,3,0,1,0,0,2,0,1,1,0,1,1,2,0,3,2,1,0,0,1,0,4,3,0,0,0,0,0,0,0,0,0,0,1,0
Q86VP6,11,11,8,4,6,5,2,15,14,8,8,6,2,4,6,14,8,4,6,2,1,3,9,3,1,4,4,1,6,3,5,2,4,1,0,5,8,2,2,3,5,0,1,0,1,0,1,1,0,13,13,12,7,5,8,0,16,17,23,8,4,18,1,14,13,12,6,8,13,1,8,8,8,5,0,6,1,5,12,5,3,2,4,0,6,14,8,5,6,4,1,1,2,4,2,3,1,1,6,11,11,5,3,5,0,10,15,15,6,11,8,2,9,17,13,3,5,6,2,2,7,4,1,7,1,0,5,6,3,0,2,4,0,6,7,5,3,4,3,0,0,1,3,0,0,1,0,6,4,3,1,1,1,1,6,10,8,4,0,4,2,4,4,7,4,0,2,1,3,1,3,0,1,0,1,3,6,6,2,2,2,0,2,3,2,0,2,3,0,0,3,0,0,0,0,0,6,9,5,2,4,3,0,5,14,6,3,4,7,3,3,9,3,3,1,1,0,1,4,2,2,0,0,0,5,5,0,0,1,1,1,1,6,3,1,3,1,0,1,0,0,0,0,0,0,4,9,3,5,1,3,1,6,15,5,5,5,5,2,4,6,10,2,0,2,0,0,4,2,0,6,1,0,2,10,1,2,1,3,0,5,4,4,2,1,13,0,0,1,0,1,0,0,0,1,0,0,1,1,0,0,0,2,2,2,1,0,0,1,4,1,0,0,2,0,0,1,0,0,3,0,0,3,0,0,0,1,0,0,1,1,0,0,0,0,1,0,0,0,1,0,0,0
P27824,4,1,2,1,1,4,2,7,7,2,1,2,2,0,3,5,2,2,1,2,1,1,1,1,2,1,1,0,0,2,4,0,1,3,0,3,6,6,4,0,7,0,1,1,0,0,1,1,0,1,8,6,4,2,5,0,4,8,5,5,8,5,0,3,2,6,2,3,1,1,6,7,1,0,2,4,0,4,1,5,4,6,4,0,2,8,1,0,1,6,0,0,0,0,0,0,0,0,3,1,2,0,2,2,0,4,6,4,3,0,0,0,1,5,2,2,2,2,0,3,2,0,0,1,2,0,1,3,1,2,2,1,0,1,3,1,1,1,5,1,0,1,0,0,0,0,1,3,3,2,1,0,5,0,3,4,0,4,3,2,0,1,0,1,0,1,0,0,1,1,0,0,1,0,0,4,2,0,1,1,2,0,2,5,0,0,0,4,0,0,0,0,0,0,0,0,1,2,3,1,3,3,0,1,2,2,2,4,1,0,1,3,2,1,0,6,0,0,3,0,1,4,0,0,3,3,1,1,0,4,0,3,2,1,1,1,9,0,0,0,0,0,0,0,0,3,5,1,0,2,7,2,7,5,5,5,7,8,0,1,2,1,1,3,2,0,3,2,1,0,1,4,0,1,0,2,0,2,2,0,9,12,2,5,3,19,0,0,0,0,0,1,0,0,0,1,0,0,0,0,0,0,3,0,0,0,0,0,0,0,0,0,0,0,0,0,0,0,0,0,0,0,0,1,0,0,0,1,0,0,1,0,0,0,0,0,0,1,0,0,0,0,0
Q14444,9,4,2,4,6,4,0,6,6,1,2,4,4,0,7,7,7,8,2,2,0,3,6,7,5,1,3,0,2,3,5,3,2,1,0,1,4,5,1,1,3,0,1,0,0,0,0,0,0,6,2,11,9,4,0,0,7,3,2,4,1,3,1,5,4,3,6,2,2,0,3,2,8,6,3,4,0,1,2,4,1,2,3,0,3,6,2,4,3,2,0,1,0,0,0,0,0,0,9,4,10,7,2,6,1,3,3,7,8,1,3,0,10,3,4,3,1,6,0,5,10,7,5,0,6,0,1,2,2,2,1,1,0,3,2,3,1,2,2,0,0,0,0,0,0,0,0,3,5,5,2,1,0,0,5,4,6,7,4,5,0,7,8,8,8,3,2,0,1,6,9,10,1,1,0,0,3,1,1,1,0,0,2,3,4,3,2,2,0,0,0,0,0,0,0,0,1,2,1,0,2,2,0,5,2,3,1,2,1,0,7,2,2,1,0,1,0,1,4,2,0,1,2,0,2,2,0,1,1,2,0,3,4,0,1,1,0,0,0,0,0,0,0,0,0,1,4,4,3,1,3,0,5,3,4,4,1,4,0,3,1,3,7,1,0,0,2,3,3,2,0,0,0,2,2,1,2,1,2,0,4,2,1,0,1,4,1,0,1,0,0,0,0,0,0,2,0,0,0,0,0,1,0,0,0,0,0,0,0,0,0,0,0,0,0,0,0,0,0,0,0,0,0,0,0,0,0,0,0,0,0,0,0,0,0,0,0,0,0,0,0,0,0
Q86X55,18,7,11,2,4,2,0,10,8,4,3,2,0,0,7,8,14,7,4,2,1,6,2,1,2,1,1,0,3,1,2,1,0,0,1,4,4,0,0,1,2,0,2,1,0,0,0,0,0,8,5,10,2,1,1,1,7,9,8,5,2,3,2,7,7,5,6,2,3,1,4,3,5,2,2,2,0,1,4,0,1,1,2,0,4,3,5,1,0,0,0,0,0,1,0,1,0,0,3,4,15,2,0,2,2,4,9,9,8,2,4,0,8,10,5,4,3,2,0,6,4,4,5,2,2,1,4,2,2,0,1,3,0,2,2,0,1,1,2,0,0,1,0,0,1,1,0,6,5,5,0,2,2,0,1,4,5,1,1,2,0,1,4,6,5,1,0,0,3,1,4,4,0,1,0,1,2,0,1,1,0,0,2,1,2,0,0,1,0,1,0,0,0,0,0,0,3,3,3,2,0,2,0,3,3,2,0,0,3,0,2,1,0,1,0,0,1,1,2,1,0,0,0,0,2,0,0,1,0,0,0,0,1,2,1,1,0,0,0,0,1,0,0,0,0,5,2,0,5,1,1,0,2,3,3,1,2,0,0,1,6,2,1,1,1,0,0,2,2,0,0,0,0,1,1,1,0,0,0,0,2,0,2,1,0,0,0,0,0,0,0,0,0,0,1,1,0,0,0,1,0,1,0,0,0,0,1,0,1,0,0,0,1,0,0,0,0,0,0,0,0,0,1,1,0,0,0,0,0,0,0,1,0,0,0,0,0,0,0,0,0,0,0
Q96A33,1,2,1,0,0,2,1,6,3,3,0,2,2,0,3,2,3,2,3,3,1,1,2,1,0,0,1,0,3,2,1,3,2,1,0,2,2,3,3,2,5,1,0,1,0,0,0,0,0,2,2,5,2,3,2,0,6,3,3,3,2,4,0,2,3,3,2,1,2,0,6,1,2,0,1,3,0,3,5,2,0,3,4,0,3,1,2,3,2,4,0,0,0,0,0,0,0,0,1,4,3,0,2,7,0,1,7,1,4,3,2,0,3,1,4,1,1,4,0,2,2,3,1,2,0,0,2,1,2,0,1,0,0,3,5,5,1,2,3,0,0,1,0,1,0,0,0,1,2,3,3,0,2,0,1,2,2,3,3,0,0,1,7,1,2,0,3,0,0,2,0,0,0,1,0,2,0,2,2,2,2,0,0,0,2,2,1,3,0,0,0,0,0,0,0,0,1,3,2,0,3,2,0,2,3,1,3,2,0,0,1,0,2,3,1,2,0,1,3,2,0,5,1,0,1,2,3,2,1,2,0,3,3,1,0,1,2,0,0,0,0,0,0,0,0,1,3,3,0,3,3,0,0,3,2,0,5,6,0,6,5,1,0,0,5,1,1,0,6,2,2,2,0,0,1,0,5,2,1,0,2,5,5,4,1,11,0,0,0,0,0,0,0,1,0,0,0,0,1,0,0,0,0,1,0,0,1,0,0,0,0,0,0,0,0,0,1,0,0,0,0,0,0,0,0,0,0,0,0,0,0,0,0,0,0,0,1,0,0,0,0,0,0
Q2TAC2,8,5,5,12,4,10,0,9,5,3,5,5,6,0,4,3,5,4,4,3,0,12,8,5,1,5,5,0,6,3,3,3,3,2,0,3,9,5,3,5,7,0,0,0,0,0,0,0,0,9,7,3,9,3,7,0,3,6,2,4,4,7,0,4,1,5,4,5,3,0,7,2,6,6,4,4,0,5,6,2,5,4,2,0,7,10,3,6,8,6,0,0,0,0,0,1,0,0,8,9,3,0,0,4,0,4,1,1,5,0,2,0,5,2,4,3,3,3,0,3,6,2,2,3,2,0,7,6,4,2,0,4,1,5,2,1,3,2,1,1,0,0,0,0,0,0,0,6,4,6,4,3,4,0,9,5,5,5,4,6,1,2,1,2,2,8,2,0,2,2,3,3,3,3,0,3,8,2,2,3,2,0,4,3,2,2,7,2,0,1,0,0,0,0,0,0,5,7,5,4,5,4,0,6,6,5,5,7,5,0,5,5,1,3,2,2,0,1,6,1,2,3,3,1,3,5,3,1,3,3,0,3,10,1,0,3,3,0,0,0,1,0,0,0,0,8,1,1,7,4,3,0,7,3,7,5,4,14,0,3,1,3,2,2,2,0,1,11,0,2,2,3,0,6,5,4,4,4,7,0,2,6,0,5,5,5,1,0,0,0,1,1,0,0,0,0,0,0,1,0,0,0,0,0,0,0,0,0,1,0,0,0,0,0,0,1,0,0,0,0,0,0,0,1,0,0,1,0,0,0,0,0,0,0,0,0,0,0,0,0,0,0,0
P48643,9,5,6,3,8,1,0,9,3,6,3,5,2,0,3,6,4,5,0,3,0,1,1,0,2,2,1,0,4,3,4,2,1,1,0,5,3,2,3,2,4,0,0,1,1,0,0,0,0,7,10,3,3,3,4,2,3,6,5,6,2,4,1,3,3,2,1,4,2,0,1,1,4,5,1,2,0,5,4,2,1,1,3,0,5,4,2,1,1,2,0,0,0,1,0,1,1,0,4,4,5,0,1,4,0,2,3,0,2,4,5,1,4,1,2,2,3,0,0,2,3,1,0,2,2,0,2,2,2,2,2,2,0,2,1,1,1,3,4,0,0,0,0,0,0,0,0,5,1,0,0,0,1,0,3,3,2,1,0,0,1,5,1,0,0,2,1,0,1,2,0,2,2,1,1,2,1,2,1,1,0,1,2,3,2,0,2,0,0,0,1,1,0,0,0,0,5,2,3,1,1,4,0,3,8,1,1,1,2,0,2,1,2,1,2,3,0,1,2,0,0,1,1,1,2,2,0,0,0,2,0,4,3,2,1,2,0,0,0,0,0,1,0,0,0,2,6,5,0,2,5,0,10,4,1,1,4,2,0,1,3,2,0,1,3,0,1,1,4,0,0,1,0,1,4,1,0,1,3,0,2,7,1,1,0,2,0,0,0,0,0,0,0,0,0,0,0,0,0,0,0,2,0,0,0,0,0,0,0,2,0,1,0,0,0,0,0,0,0,0,1,0,0,0,0,0,0,1,0,0,1,0,0,0,0,0,0,0,0,0,0,0,0
O00311,4,3,5,4,1,1,0,8,1,5,3,6,1,2,4,8,3,2,4,0,1,2,4,2,1,1,2,0,0,5,3,1,2,1,0,3,2,3,2,4,2,0,0,0,0,0,0,0,0,6,7,6,1,3,5,0,2,4,5,6,2,3,0,7,4,5,3,3,3,1,3,6,4,3,2,0,0,2,5,2,1,5,6,0,2,3,2,1,2,2,0,0,1,3,2,1,0,0,2,5,3,3,6,5,0,6,7,5,2,6,2,2,1,6,2,4,0,3,0,4,3,4,2,1,0,0,4,0,1,2,2,1,0,1,1,1,3,3,1,0,1,1,0,0,1,1,0,1,7,4,2,0,2,0,2,2,4,4,2,3,1,3,4,2,1,1,3,1,2,2,2,0,1,2,0,0,2,1,0,3,1,0,0,2,1,3,0,0,1,0,0,0,0,0,0,0,4,1,2,1,0,3,0,6,4,4,2,2,1,1,4,5,2,1,0,1,1,3,1,1,1,0,1,0,2,6,4,1,1,0,0,1,2,2,1,1,2,1,0,0,0,0,0,0,0,1,3,2,1,1,0,0,4,3,1,1,2,2,1,4,2,1,2,1,0,0,2,1,2,2,2,1,0,3,2,2,2,1,0,0,1,4,2,0,0,0,0,0,1,2,0,0,0,0,0,0,0,0,1,0,0,0,1,1,0,1,0,0,1,1,1,1,1,0,0,0,1,0,0,0,1,0,0,0,1,0,0,1,0,0,0,0,0,0,0,1,0,0,0,0,0,0,0
P06493,2,0,1,1,0,2,0,4,3,4,1,3,3,0,1,1,3,0,1,0,0,1,2,1,0,0,1,0,1,2,1,0,1,1,0,1,2,0,3,0,1,0,0,0,0,0,0,0,0,1,3,2,2,3,2,0,2,5,6,3,2,2,0,6,3,3,2,3,2,0,1,1,1,3,2,1,0,0,4,2,1,3,1,0,3,2,3,1,3,0,0,0,0,0,0,0,0,0,3,7,0,0,2,1,0,2,3,1,1,2,1,0,2,2,1,1,3,2,0,1,2,0,0,1,0,1,3,0,2,1,2,0,0,2,2,1,2,0,1,0,0,0,0,0,0,0,0,0,1,1,0,0,1,0,2,2,5,1,1,1,0,1,2,1,0,0,0,0,0,3,0,0,0,1,0,2,2,1,0,0,0,0,0,2,0,0,0,1,0,0,1,0,0,0,0,0,0,3,2,1,1,0,0,1,5,1,1,1,3,0,3,1,1,2,0,2,0,0,1,0,0,2,0,0,1,2,3,0,0,0,0,0,1,0,0,0,1,0,0,0,0,0,0,0,0,0,4,0,1,0,1,0,1,2,2,2,2,2,0,0,1,2,0,0,2,0,0,3,2,1,0,0,0,0,2,0,1,0,0,0,0,2,2,0,0,1,0,0,0,0,0,0,0,0,0,0,0,0,0,0,0,1,0,0,0,0,0,0,0,0,0,0,0,0,0,0,0,0,0,0,0,0,0,0,0,0,0,0,0,0,0,0,0,0,0,0,0,0,0,0,0,0,0
Q9BXF3,9,9,12,13,6,6,2,17,16,11,11,6,6,0,6,10,11,8,5,2,2,7,11,7,5,5,3,0,7,10,7,4,2,4,1,2,5,5,4,2,7,0,1,1,1,1,0,0,0,19,18,12,5,11,5,0,15,27,10,17,12,15,2,14,6,13,8,8,9,1,8,14,17,9,5,3,0,3,5,9,5,4,5,0,8,12,6,3,7,8,0,4,1,1,0,1,0,0,12,13,14,9,5,5,1,16,13,13,11,1,6,1,14,16,12,7,7,9,0,4,14,4,3,4,7,2,6,8,9,2,3,1,1,4,4,7,3,3,3,2,1,2,2,0,0,1,0,8,15,1,2,3,3,0,7,17,12,9,6,5,2,11,12,7,5,3,1,1,5,5,7,2,1,2,0,2,3,4,3,2,6,0,1,4,7,2,1,4,0,0,2,0,0,1,0,0,5,4,2,3,6,2,1,5,13,8,5,1,2,1,6,7,11,4,6,3,2,6,7,2,2,1,1,0,3,1,3,3,8,5,1,2,2,5,1,3,10,0,0,1,0,2,0,0,0,3,7,2,3,3,4,0,10,9,3,2,4,9,1,7,9,11,4,1,2,0,2,6,3,1,3,2,1,2,8,6,2,5,1,0,5,11,3,5,8,8,0,1,1,0,0,0,0,0,1,1,1,3,1,0,0,0,3,2,1,1,1,0,1,1,0,1,0,0,0,0,1,0,0,1,1,0,0,0,1,0,0,1,0,0,0,1,0,0,0,0,0,0,0,0,0,0,0
P49454,9,8,4,7,6,10,0,11,8,11,13,9,13,0,3,18,16,5,7,8,2,5,21,11,10,2,11,0,8,15,15,8,6,13,3,8,24,6,10,12,7,1,0,2,1,0,0,0,0,8,15,14,14,12,10,2,10,9,17,14,11,20,1,15,21,20,19,15,25,3,13,17,16,26,11,24,2,10,8,12,20,3,25,1,24,20,23,30,24,22,4,2,1,2,2,0,9,0,5,8,10,12,7,9,0,11,18,23,16,17,27,3,11,21,14,14,17,15,2,7,19,10,8,11,14,2,6,15,16,12,8,24,1,18,23,15,12,16,11,1,0,2,1,2,2,4,0,7,7,10,6,8,9,0,17,21,14,21,17,29,5,5,14,17,8,14,18,4,11,14,13,10,12,20,1,7,14,10,9,8,10,1,17,22,15,15,22,7,2,1,1,2,2,0,1,0,5,9,8,7,16,7,0,5,11,22,22,9,19,3,8,19,13,10,9,12,0,5,14,13,11,13,11,2,6,16,6,2,3,9,0,9,26,20,21,21,13,1,1,1,1,1,2,1,0,10,17,13,14,19,20,1,19,15,29,19,13,38,4,9,19,14,14,18,16,0,5,37,17,13,8,19,0,14,23,11,16,13,29,1,16,19,7,8,9,4,2,0,5,2,1,2,1,0,0,1,0,0,0,3,0,2,0,2,4,3,1,0,0,3,1,1,2,2,0,0,2,0,3,2,1,0,1,0,1,2,1,1,0,2,3,4,3,3,1,0,0,0,0,0,0,0,0
J3KNF5,5,5,8,2,8,4,0,5,8,8,9,12,15,0,7,7,8,7,5,8,0,4,12,6,5,5,11,0,7,10,14,9,7,10,0,10,13,8,3,9,10,0,0,0,0,0,0,0,0,5,8,11,13,10,10,0,6,11,17,13,13,27,1,6,9,15,17,14,10,0,7,14,8,18,19,20,1,9,25,12,13,18,21,0,13,22,15,20,30,27,1,1,0,1,1,0,0,0,5,2,7,2,7,8,0,8,18,16,10,13,12,0,4,17,5,5,11,7,0,4,9,5,11,17,11,0,3,17,8,9,3,11,1,11,16,7,7,20,10,0,0,0,0,0,0,0,0,3,13,7,10,8,9,0,11,14,10,8,14,15,1,4,7,4,7,10,12,0,12,14,8,11,10,6,0,4,23,9,8,12,18,1,14,18,11,13,13,7,1,0,2,0,2,0,0,0,1,13,6,8,9,7,0,16,17,10,21,29,29,1,5,19,7,11,8,17,0,11,13,12,7,9,12,2,12,20,8,6,4,4,0,11,17,12,12,24,9,1,0,0,1,1,0,0,0,13,15,3,8,15,14,0,11,20,11,25,17,29,0,4,17,10,9,4,16,0,12,11,4,9,14,15,1,9,28,16,21,10,22,0,9,26,7,11,10,10,0,1,0,1,0,0,1,0,0,1,0,0,0,1,0,0,0,0,1,0,1,0,1,0,0,1,0,1,0,0,0,1,0,1,2,0,0,0,0,0,0,0,0,0,1,0,0,0,0,0,0,0,0,0,0,0,0
C9JRZ6,1,0,4,0,4,0,0,1,0,0,2,0,1,0,2,2,1,0,0,0,1,0,1,0,1,1,2,0,2,0,2,1,2,5,0,1,1,0,1,0,1,0,1,0,0,1,0,0,0,0,1,1,1,3,1,0,1,0,0,0,1,0,0,1,0,2,1,0,0,0,0,0,1,0,2,3,0,3,1,0,0,1,1,0,1,1,1,0,1,2,0,0,0,0,0,0,0,0,3,1,2,0,2,0,0,1,0,1,2,1,1,0,2,0,2,2,2,1,0,0,0,1,1,1,2,0,0,0,1,1,1,2,0,0,0,1,0,2,0,0,0,1,0,1,1,0,0,1,0,0,0,0,0,1,0,1,0,0,0,1,0,1,0,1,2,1,1,0,1,0,1,0,0,0,0,3,1,0,0,1,0,0,0,1,2,2,2,2,0,0,0,0,0,0,0,0,1,1,0,4,3,1,0,2,1,1,0,2,1,0,1,3,1,0,1,0,1,0,0,2,0,0,1,0,1,3,1,1,1,0,0,0,3,0,0,3,4,0,0,0,0,0,0,0,0,2,0,0,0,0,2,1,2,0,2,2,1,2,0,1,1,2,0,1,1,1,1,0,0,0,1,1,0,1,1,3,0,1,2,0,3,3,3,0,0,2,0,0,0,0,0,0,0,0,0,1,0,0,0,0,0,0,0,0,0,1,0,0,0,0,0,0,0,0,0,0,1,1,0,0,0,0,0,1,0,0,0,0,0,0,0,0,0,0,0,0,0,0,0,0,0,0,0
Q99653,1,0,1,0,0,0,0,0,1,2,2,0,2,0,0,0,1,0,0,2,0,1,2,0,0,0,2,0,1,1,1,0,0,2,0,1,1,0,2,1,0,0,0,0,0,0,0,0,0,0,2,2,3,2,0,0,1,1,1,1,4,2,0,2,1,3,0,2,0,0,3,2,1,0,0,1,0,0,3,2,2,0,2,0,0,2,2,0,0,4,0,0,0,0,0,0,0,0,0,1,1,1,1,0,0,3,0,2,2,4,0,0,1,2,0,0,2,0,0,0,1,1,0,0,0,0,0,1,2,1,0,2,0,1,0,0,0,1,0,0,0,0,0,0,0,0,0,1,1,0,1,0,1,0,1,4,1,0,1,1,0,0,1,0,1,1,0,0,0,0,0,0,0,0,0,0,0,0,0,0,0,0,3,0,0,0,0,3,0,0,0,0,0,0,0,0,0,1,0,0,0,0,0,2,1,1,2,0,1,0,1,4,1,1,1,0,0,0,1,1,0,0,1,0,0,1,0,0,0,0,0,2,3,0,1,0,1,0,0,0,0,0,0,0,0,0,2,0,0,2,4,0,2,3,1,0,0,2,0,0,3,0,0,0,0,0,0,1,0,0,0,2,0,0,1,3,0,1,1,0,1,2,1,0,4,1,0,0,0,0,0,0,0,0,0,0,0,0,0,0,0,0,0,0,0,0,0,0,0,0,0,0,0,0,0,0,0,0,0,0,0,0,0,0,0,0,0,0,0,0,0,0,0,0,0,0,0,0,0,0,0,0,0
Q9Y3Y2,2,4,1,1,14,0,0,7,1,2,1,4,0,0,2,1,1,1,1,0,0,1,1,0,0,0,0,0,18,7,1,1,1,0,0,0,3,0,0,0,0,0,0,0,0,0,0,0,0,11,1,2,0,2,0,0,2,2,1,1,1,0,0,1,1,2,2,1,0,0,2,0,1,3,1,1,0,3,1,0,2,1,1,0,1,0,1,0,0,0,0,0,0,0,0,0,0,0,2,1,0,0,3,2,0,1,0,0,1,2,0,0,4,0,2,0,2,0,0,2,0,1,1,1,0,0,1,2,3,0,0,0,0,0,1,0,0,0,0,0,0,0,0,0,0,0,0,1,2,2,0,2,0,0,0,1,1,1,0,0,0,0,1,1,0,1,1,0,2,0,1,3,0,1,0,1,3,0,1,0,0,0,0,1,1,0,1,0,0,0,0,0,0,0,0,0,6,7,2,1,7,0,0,6,3,3,1,1,0,0,1,1,2,0,1,0,0,0,1,0,0,3,1,0,0,1,0,1,0,0,0,0,0,0,1,0,0,0,0,0,0,0,0,0,0,0,0,0,0,0,1,0,0,0,0,3,0,2,0,0,0,0,2,0,0,0,0,1,1,0,0,0,0,0,0,1,0,0,0,0,0,0,0,0,0,0,0,0,0,0,0,0,0,0,0,0,0,0,0,0,0,0,0,0,0,0,0,0,0,0,0,0,0,0,0,0,0,0,0,0,0,0,0,0,0,0,0,0,0,0,0,0,0,0,0,0,0,0,0,0,0,0,0
Q9Y3D0,11,0,3,2,1,1,0,0,1,1,1,1,0,0,1,1,2,0,1,0,0,1,1,1,0,0,4,0,1,1,0,0,0,1,0,0,2,1,0,0,0,0,0,0,0,0,0,0,0,3,1,0,1,0,0,0,1,1,3,3,1,2,0,1,5,0,0,2,1,0,2,0,1,0,1,1,0,1,0,0,1,0,1,0,0,1,1,1,1,1,0,0,0,0,1,0,0,0,0,2,1,2,0,0,0,2,2,1,1,0,0,1,0,0,0,0,0,1,1,0,0,0,0,0,1,0,1,3,0,1,0,0,0,0,2,0,0,0,0,0,0,0,0,1,0,0,0,2,0,0,1,1,1,0,0,2,1,0,0,1,0,1,1,0,1,0,0,0,1,0,0,0,0,0,0,0,0,0,1,0,0,0,1,3,1,0,0,1,0,0,0,0,0,0,0,0,0,0,1,1,1,1,0,0,2,1,0,1,0,0,0,0,0,0,0,0,0,1,1,1,0,0,0,0,0,0,0,0,0,0,0,2,0,0,0,1,0,0,0,0,0,0,0,0,0,2,1,1,0,0,0,0,2,3,2,0,0,2,0,2,0,0,0,1,0,0,0,1,0,0,0,0,0,1,0,0,0,0,1,0,1,1,0,0,0,2,0,0,0,0,0,0,0,0,0,0,0,0,0,0,0,0,0,0,0,0,0,0,0,0,0,0,0,0,0,0,1,0,1,0,0,0,0,0,0,0,0,0,0,0,0,0,0,0,0,0,0,0,0,0,0,0,0
Q86X95,0,2,1,0,1,0,0,2,4,2,3,0,0,0,1,3,1,2,1,1,1,1,2,2,0,4,0,0,0,0,2,1,3,2,0,0,1,4,0,1,0,0,0,0,0,0,0,0,0,1,3,4,2,0,1,0,1,1,0,1,3,2,1,0,0,0,2,3,0,0,1,2,3,0,2,2,0,0,1,1,3,4,2,0,1,0,2,1,1,3,0,0,0,0,0,1,1,0,2,2,0,2,2,2,0,3,1,1,4,1,4,0,3,5,15,0,2,4,0,2,0,2,2,3,1,0,1,1,7,2,2,4,0,2,0,7,4,1,3,0,0,0,0,0,1,0,0,0,1,2,2,2,0,0,3,0,0,0,3,1,0,2,2,2,1,4,2,0,1,0,3,2,0,1,0,3,1,5,4,5,0,0,1,1,1,0,4,1,0,0,0,0,0,1,0,0,1,1,2,3,2,0,0,2,3,1,2,1,0,1,1,1,5,2,7,5,0,1,2,2,3,6,3,1,1,3,4,2,15,7,1,1,3,4,0,7,3,0,0,0,1,0,0,0,0,0,2,2,0,1,3,0,0,0,1,0,3,1,0,3,2,6,3,0,5,0,1,1,1,0,3,1,0,3,3,2,5,4,3,0,3,0,1,2,4,1,0,0,0,0,0,0,0,0,0,0,0,0,0,0,0,0,0,0,0,0,0,0,0,1,0,0,0,0,0,0,0,0,0,0,0,0,1,1,0,1,0,0,0,0,0,0,0,1,0,0,0,0,0,0,0,0,0
Q07065,16,3,4,5,6,5,0,3,3,4,2,3,2,0,3,4,6,1,2,2,0,4,5,4,5,1,2,0,5,2,2,4,0,3,0,2,2,9,1,3,4,0,0,0,0,1,0,0,0,4,6,0,6,3,7,0,2,6,3,2,5,3,0,5,1,3,2,3,5,0,1,2,1,4,1,2,0,3,0,3,2,3,6,0,2,0,2,6,5,5,0,0,0,0,0,0,0,0,5,4,4,1,2,1,0,4,5,2,1,3,6,0,4,5,5,2,3,0,0,2,2,0,0,2,1,0,3,6,2,1,3,0,0,5,5,3,2,0,2,0,0,0,1,0,0,0,0,3,1,1,3,2,3,1,9,1,4,3,3,2,0,1,1,2,0,4,3,0,2,7,2,3,0,2,0,3,4,1,2,0,0,0,2,2,0,7,1,0,0,0,0,0,0,0,0,0,6,2,6,3,1,2,0,5,3,2,2,0,6,0,3,3,0,0,1,2,1,3,2,1,2,2,2,0,2,2,1,1,0,0,0,1,2,4,1,1,1,0,0,0,0,0,0,0,0,5,1,3,3,1,3,0,3,3,5,1,3,1,0,0,7,3,2,2,5,0,1,4,3,2,4,3,0,4,4,1,2,0,1,0,4,5,1,0,2,1,0,0,0,0,0,0,0,0,0,0,0,0,0,0,0,0,0,0,0,0,0,0,1,0,0,0,0,0,0,1,0,0,0,0,0,0,0,0,0,0,0,0,0,0,0,0,0,0,0,0,0,0,0,0,0,0,0
Q9H078,13,7,8,5,4,9,0,8,11,4,5,3,3,1,5,3,4,5,2,3,1,3,3,3,2,2,3,0,3,5,1,1,4,2,0,5,3,3,5,6,4,0,0,0,1,0,0,0,0,9,6,5,4,3,4,1,10,9,5,5,9,6,0,5,6,1,3,5,1,1,5,6,0,3,4,3,0,6,7,2,4,4,1,0,2,4,3,2,2,4,0,0,0,0,1,1,0,0,7,8,2,1,1,3,0,3,5,4,4,3,1,0,3,2,1,1,2,2,1,4,2,0,3,1,0,2,5,3,4,0,0,0,0,0,4,0,3,1,3,0,2,0,0,1,0,0,0,7,5,1,2,4,2,0,4,4,2,1,2,5,1,2,2,2,1,1,1,0,3,3,2,1,2,0,0,5,3,3,3,1,3,0,1,1,1,0,4,1,0,1,1,0,0,0,0,0,6,3,6,3,2,4,0,4,7,4,4,3,2,0,4,4,2,0,1,3,0,1,2,2,2,4,1,0,2,4,2,1,4,3,0,3,2,2,3,0,1,0,0,0,0,0,0,1,0,3,6,1,1,0,4,0,3,7,3,2,4,0,0,2,3,2,2,1,1,0,4,3,2,0,4,1,0,3,2,1,3,3,2,1,4,4,2,1,2,2,0,0,0,0,0,0,0,0,1,0,0,0,2,0,0,0,1,0,0,0,0,0,1,0,0,0,0,0,0,1,0,0,0,1,0,0,0,0,1,0,0,0,0,0,1,0,0,0,0,0,0,0,0,0,0,0,0
P00403,0,1,1,3,1,0,1,1,6,2,0,1,1,0,0,2,1,0,0,3,0,2,0,1,0,0,1,0,0,0,0,1,0,0,0,0,2,2,2,0,1,0,0,1,0,0,0,0,0,4,7,2,1,0,3,0,8,14,5,0,3,2,1,0,9,4,2,1,0,0,0,0,1,0,0,0,0,1,3,2,0,0,0,0,1,2,1,1,0,1,0,0,1,0,0,0,0,0,1,0,1,0,0,1,0,4,5,5,1,1,1,0,2,3,2,3,1,1,0,1,2,2,3,0,0,0,0,3,0,0,0,0,0,0,1,3,1,0,0,0,0,0,0,1,0,0,0,2,1,3,0,0,2,0,2,1,1,0,1,0,0,0,1,1,3,0,0,0,2,1,0,1,0,0,0,0,0,0,0,0,0,0,1,0,0,1,0,0,0,0,0,0,0,0,0,0,0,1,0,0,0,0,0,1,2,2,0,0,1,0,1,0,1,0,0,0,0,0,0,0,0,0,1,0,0,0,0,0,0,0,0,0,0,0,0,0,0,0,0,0,0,0,0,0,0,0,1,0,0,0,1,0,1,4,0,0,0,0,0,0,2,3,0,1,1,1,2,2,1,0,0,0,0,0,0,0,0,0,0,0,0,0,2,0,0,0,0,0,0,0,0,0,0,0,0,0,0,0,0,0,0,0,1,0,0,0,1,0,0,0,0,0,0,0,0,1,0,0,0,0,0,0,0,0,0,0,0,0,0,0,0,0,0,0,0,0,0,0,0,0,0,0,0
Q96BR5,1,2,1,2,3,3,0,1,1,2,0,4,3,0,2,2,1,0,0,0,0,2,2,0,1,0,1,0,4,1,2,2,0,0,0,2,2,1,1,0,3,1,1,0,0,0,0,0,0,3,1,0,0,1,2,0,2,0,2,1,0,0,1,1,1,0,0,2,1,0,3,1,0,1,1,0,0,0,1,3,0,0,1,0,1,1,1,1,1,0,1,0,0,1,0,1,0,0,3,0,2,1,0,0,0,1,2,0,1,0,0,0,2,0,4,0,2,1,0,0,0,0,1,0,1,1,1,0,1,0,1,0,1,1,0,1,0,2,0,0,1,0,1,1,0,0,0,1,2,0,1,1,2,1,0,1,0,2,1,1,1,0,1,0,1,0,0,1,1,0,0,1,0,2,1,0,1,0,0,1,0,0,0,1,0,0,1,2,0,1,0,0,0,0,1,0,2,2,1,1,1,1,0,3,1,0,0,0,1,0,1,0,3,0,0,0,2,0,1,0,1,1,0,0,1,1,0,0,0,0,0,1,0,0,1,0,0,1,1,0,0,0,0,0,0,1,2,1,0,1,1,0,0,1,1,2,0,1,0,0,0,0,2,0,1,0,2,1,2,0,0,0,0,1,1,0,1,0,2,0,0,1,0,2,1,1,1,3,0,0,1,0,0,0,1,1,1,1,2,1,0,0,0,0,0,0,0,0,0,0,1,0,0,1,0,0,1,1,0,0,0,0,1,0,0,0,0,0,0,1,0,0,0,0,0,0,0,0,0,0,0,0,0
Q8WTW3,9,3,9,8,1,7,1,5,11,7,6,4,2,0,10,4,9,6,2,1,2,7,2,4,1,7,1,1,6,7,3,3,2,1,0,3,4,2,3,5,4,0,0,2,1,0,1,0,0,8,7,9,6,5,8,1,14,18,13,6,7,10,1,6,7,10,7,3,8,2,6,7,6,8,7,1,1,4,5,6,2,2,6,0,6,6,2,6,4,5,0,1,1,0,2,0,1,0,7,11,7,2,5,3,0,9,12,6,5,2,1,0,7,8,14,4,8,7,0,3,10,5,2,1,2,1,8,6,2,1,0,2,0,2,9,2,5,1,4,0,0,4,1,0,0,0,0,5,5,4,3,5,0,1,4,7,7,7,3,5,2,6,9,5,3,2,2,1,4,5,3,0,1,1,0,1,10,1,2,1,2,0,0,1,4,0,0,1,0,0,2,1,0,1,0,1,3,4,5,4,3,2,1,6,7,6,6,3,6,2,0,2,8,1,2,5,0,2,4,1,1,0,1,0,1,3,2,1,0,0,1,1,6,2,1,0,1,0,0,1,0,0,0,0,0,5,5,1,0,3,1,0,4,12,2,4,4,4,0,6,5,2,1,1,0,0,1,7,8,2,0,0,2,2,4,3,0,2,0,0,2,4,3,5,1,1,0,0,0,0,0,0,0,0,1,0,0,0,0,0,0,2,2,2,2,2,1,0,0,0,0,2,1,0,0,0,0,1,0,1,0,0,0,1,0,0,1,0,0,1,0,0,0,0,0,0,0,1,0,0,0,0,0
Q14746,4,7,4,1,1,1,0,6,7,3,9,4,5,1,7,7,6,4,3,3,0,2,5,2,0,2,2,0,0,3,1,0,1,3,0,1,9,4,0,3,3,0,1,0,1,1,0,0,0,5,5,8,5,2,12,2,5,7,4,5,10,5,1,7,7,6,2,1,7,0,8,7,4,4,1,5,0,2,9,3,4,4,7,1,5,4,4,2,3,5,0,0,1,2,1,0,0,0,4,8,7,5,1,3,1,8,3,9,3,3,5,0,4,7,1,4,7,2,0,4,4,4,1,0,0,1,1,6,2,2,4,4,0,4,2,4,1,2,3,0,0,0,0,0,0,0,0,2,8,3,1,3,0,0,7,7,4,6,3,1,0,3,2,3,1,4,2,0,0,5,0,1,1,0,0,0,4,1,0,1,1,0,3,1,0,1,1,1,0,0,0,0,0,1,0,0,1,3,2,1,1,0,0,6,6,5,2,7,4,1,1,3,4,1,2,1,0,2,4,4,0,0,0,0,4,4,1,1,3,0,1,1,7,3,1,1,3,0,0,0,0,1,0,1,0,2,4,5,0,0,4,0,7,7,4,3,3,3,1,7,4,5,2,1,0,0,1,3,1,0,1,0,0,1,5,4,3,0,1,0,1,5,4,1,4,1,0,0,0,0,0,0,0,0,0,0,1,0,0,0,0,0,0,1,0,0,0,0,0,1,0,0,1,1,0,0,0,0,1,2,0,0,0,0,0,0,1,0,0,0,0,1,0,0,0,0,0,0,0,0,0,0,0
Q8NBJ5,3,6,5,4,4,2,0,2,15,4,4,2,1,1,3,4,4,1,4,2,0,1,5,6,1,3,2,0,1,5,3,0,3,3,0,7,1,1,0,4,4,0,0,0,0,1,0,0,0,7,9,6,4,3,5,0,8,17,10,3,3,6,1,3,7,4,5,6,4,0,3,3,3,0,6,3,0,1,1,2,1,2,1,1,4,2,0,2,1,5,0,2,0,0,0,0,0,0,3,5,1,2,1,3,1,9,7,4,2,1,2,0,3,1,3,6,1,3,0,3,2,6,2,2,1,0,3,2,3,3,2,3,0,3,5,4,0,1,1,0,0,0,0,0,0,0,0,2,0,1,2,3,1,0,5,3,3,3,0,0,0,1,6,5,1,2,1,0,1,0,0,1,1,2,0,4,4,1,0,1,2,1,4,1,4,1,2,0,0,1,0,0,0,0,0,0,5,1,2,2,2,2,0,6,3,2,2,2,3,0,3,6,1,0,1,3,0,0,2,1,0,0,2,1,3,4,1,0,5,2,0,2,4,0,2,3,1,0,0,0,1,0,0,1,0,4,7,3,4,1,4,0,4,3,6,4,1,1,0,3,0,0,3,2,1,0,1,1,0,1,1,2,0,2,2,4,2,2,1,0,3,5,0,1,2,2,0,0,0,0,0,0,0,0,0,1,1,0,1,0,0,0,0,0,0,0,0,0,0,1,0,0,0,0,0,0,1,0,0,0,0,0,0,0,0,0,0,0,0,0,1,0,0,0,0,0,0,0,0,0,0,0,0
P53621,12,12,16,7,2,10,2,9,14,10,5,7,5,0,6,14,7,5,8,4,0,4,3,3,5,5,3,0,10,6,8,0,2,2,2,4,9,5,4,5,8,0,1,1,3,1,0,1,0,15,12,5,8,6,9,1,12,12,15,13,9,6,3,10,13,6,6,5,8,1,7,17,8,7,7,2,1,7,7,8,2,6,8,1,4,15,3,5,0,3,0,0,1,1,0,2,0,0,11,8,9,2,4,4,0,8,18,5,5,4,5,0,5,6,6,4,4,3,1,6,7,3,5,0,3,0,3,7,3,3,5,3,0,8,5,1,4,5,2,1,1,2,2,0,0,0,0,10,2,4,2,10,4,3,10,8,6,8,5,4,0,4,3,4,4,2,3,2,9,2,6,4,2,1,1,4,7,2,3,1,3,0,4,3,0,2,1,2,0,0,2,0,2,0,0,0,4,6,6,3,8,2,0,7,8,5,8,7,3,0,5,6,4,3,2,4,1,1,6,1,3,1,1,1,2,6,3,5,2,1,0,2,7,2,3,2,4,1,0,2,1,0,0,1,0,8,10,3,1,0,6,0,8,8,8,8,6,6,1,5,3,2,2,1,2,0,8,4,1,1,3,2,1,3,4,1,1,2,3,1,6,5,4,2,1,3,1,1,1,0,1,0,0,0,1,0,1,0,0,0,1,2,2,1,2,1,1,0,3,0,0,0,2,2,0,0,2,0,0,2,0,0,0,0,0,0,1,1,0,0,1,0,0,1,0,0,0,0,0,0,0,0,0
P53618,7,5,6,1,3,5,1,7,15,10,6,4,9,0,8,9,4,3,2,2,1,4,4,2,3,4,3,1,1,8,2,2,1,5,0,4,7,4,1,6,2,1,0,0,1,1,0,0,0,5,15,5,6,7,8,1,6,8,13,5,11,16,0,7,10,11,5,6,5,3,6,8,3,2,2,4,0,6,5,3,2,2,8,1,11,9,9,7,1,4,0,1,1,1,0,2,0,0,6,10,5,4,3,5,0,13,11,7,6,5,3,2,6,7,2,3,4,0,2,3,3,4,3,3,1,0,6,6,1,0,3,2,0,2,2,4,3,2,1,0,1,0,3,2,0,1,0,4,7,5,3,1,0,0,6,11,5,2,2,4,0,2,6,1,3,2,1,0,2,4,1,0,1,2,0,1,2,3,1,4,1,1,2,5,4,2,1,1,0,1,0,0,0,0,0,0,1,3,6,2,2,3,0,8,8,3,3,2,6,1,2,5,3,1,2,0,0,1,3,3,0,0,2,0,2,6,2,3,2,2,1,5,4,4,4,0,2,0,0,1,1,1,0,1,0,5,10,2,4,1,4,0,7,5,7,3,3,3,2,5,10,3,1,2,5,1,3,8,1,1,2,3,0,1,3,1,1,6,1,1,2,3,1,1,3,4,0,1,0,0,0,0,0,0,0,1,0,1,2,0,0,0,1,1,0,0,0,0,3,0,1,1,0,1,0,1,0,1,1,1,0,0,0,1,1,0,0,0,0,0,0,1,0,1,0,0,0,0,0,0,0,0,0
P35606,2,10,7,4,5,3,1,7,10,8,8,7,8,2,10,5,6,5,4,4,0,5,4,4,7,2,1,0,2,4,3,1,0,6,0,5,9,2,1,3,5,0,2,0,2,1,0,0,0,5,7,4,4,3,4,0,4,13,14,5,4,5,1,9,6,6,8,6,6,0,4,10,4,3,3,3,1,10,4,1,4,2,3,0,10,8,4,3,3,3,2,2,0,0,1,1,2,0,5,14,8,4,2,2,1,4,8,4,5,3,3,0,3,6,11,2,3,4,0,5,6,6,1,3,1,0,6,2,1,3,1,3,0,4,4,4,5,3,3,0,0,0,1,0,0,0,0,4,3,7,5,4,6,2,4,3,6,1,5,8,1,4,3,0,2,0,7,1,6,3,2,3,3,1,0,3,4,0,2,2,2,0,0,2,3,2,4,1,0,0,0,0,0,1,0,0,5,9,3,5,1,3,0,4,8,4,5,0,3,0,2,3,1,0,1,0,0,3,1,0,2,2,4,0,1,2,1,0,1,2,0,5,4,3,2,1,3,0,0,0,0,0,0,0,0,10,6,4,1,1,5,1,4,4,6,4,5,6,2,6,4,5,4,1,2,0,6,4,1,2,0,2,0,4,7,0,2,1,2,0,3,4,6,1,2,1,0,1,0,1,0,0,0,0,1,1,1,0,0,2,0,0,0,0,0,0,0,0,2,0,0,1,1,0,0,2,0,0,0,0,0,0,0,1,1,0,0,0,0,1,0,0,1,0,0,0,0,0,0,0,0,0,0
M0QXB4,1,2,3,2,0,3,0,2,2,8,2,2,1,0,4,2,2,2,2,2,0,3,2,1,1,1,1,0,1,1,1,1,0,0,0,3,5,1,4,3,1,0,0,0,0,0,0,0,0,2,4,3,1,2,3,0,3,5,3,3,1,1,0,6,3,4,0,2,4,1,3,1,3,2,0,0,0,2,2,0,0,1,3,0,1,2,0,2,1,2,0,0,0,0,1,0,0,0,3,4,2,2,1,4,0,3,2,4,1,2,0,0,4,2,0,1,0,1,0,0,1,1,0,0,0,1,2,0,1,2,1,0,0,2,1,0,2,4,0,0,0,0,0,0,1,0,0,0,3,3,1,0,3,0,3,3,1,0,1,1,1,2,3,1,0,2,1,0,0,1,2,0,0,1,0,2,0,0,0,0,0,0,0,1,0,1,1,0,0,1,0,0,0,0,0,0,1,3,0,2,1,2,0,1,2,0,1,0,2,0,0,1,1,0,0,1,0,3,0,1,0,0,0,0,1,1,1,1,0,0,0,3,5,0,0,0,0,0,0,0,0,0,0,0,0,3,1,3,1,0,2,0,3,2,4,2,2,3,0,0,1,0,0,0,0,0,1,5,1,0,1,1,0,1,2,0,0,2,4,0,1,2,0,0,0,1,0,0,0,0,0,0,0,0,1,0,0,0,0,0,0,0,0,0,0,0,0,0,0,0,0,0,0,0,0,0,0,0,1,0,0,0,0,0,0,0,0,1,0,0,0,0,0,0,0,0,0,0,0,0,0,0,0
Q9UBF2,8,8,6,0,5,9,0,12,9,11,7,6,2,0,11,6,4,4,4,4,1,1,4,2,1,1,0,0,1,3,1,4,1,5,0,2,1,7,4,2,8,0,0,0,0,0,0,0,0,8,14,12,6,6,5,0,8,5,12,8,8,5,2,4,9,10,5,9,6,2,2,8,4,4,3,7,1,3,4,8,1,1,4,1,1,4,4,1,1,3,2,0,0,2,0,2,1,0,11,13,8,2,3,5,0,10,8,7,4,5,5,0,11,4,4,2,2,3,4,2,3,3,1,4,2,0,3,5,5,2,1,4,0,2,4,5,4,3,3,0,0,2,3,1,1,1,0,4,2,2,0,0,2,0,6,13,6,2,1,1,1,2,4,1,3,1,1,1,2,4,2,0,0,0,0,0,2,4,3,3,0,0,1,4,2,3,0,1,1,1,1,0,0,0,0,0,3,5,4,0,0,2,0,5,5,7,2,0,1,2,6,6,5,0,2,3,0,0,5,1,1,1,2,1,1,5,1,0,0,1,0,2,6,3,1,2,0,1,0,1,0,0,0,0,0,1,5,1,1,1,1,0,7,7,3,4,2,2,0,7,8,6,1,1,3,0,3,5,1,1,3,1,0,5,3,3,0,1,1,0,1,5,5,1,4,5,0,0,2,0,0,0,2,0,0,0,1,0,0,0,0,3,1,0,2,0,0,0,1,2,0,0,1,1,0,0,1,0,0,0,0,0,1,0,0,1,1,0,0,1,1,0,0,1,1,0,0,0,0,0,0,0,0
Q8NI60,9,9,7,2,5,4,0,11,9,5,6,5,6,0,5,9,2,2,1,1,0,6,2,1,0,2,2,0,8,3,1,1,2,2,2,3,4,4,0,3,3,0,1,0,0,0,0,0,0,11,7,7,1,3,7,0,10,9,6,6,6,4,0,5,4,3,6,5,4,1,5,5,3,3,0,3,0,6,1,4,1,2,4,0,3,4,5,3,3,4,0,0,1,0,0,0,0,0,6,8,3,1,2,1,0,3,6,5,3,1,4,0,4,2,2,4,0,1,0,3,4,4,1,3,2,0,3,1,1,0,2,1,0,2,2,0,0,3,2,1,0,3,0,0,0,0,0,1,6,0,4,3,3,0,5,2,6,2,2,4,0,1,3,2,1,0,2,1,2,7,0,1,1,0,0,2,3,0,2,1,1,0,2,4,1,1,0,0,0,0,0,0,0,0,0,0,4,7,2,3,6,1,1,2,4,2,1,2,1,1,3,0,1,0,1,1,1,0,2,1,3,1,1,0,3,1,0,2,0,1,1,2,2,2,1,3,1,0,0,2,1,0,0,0,0,4,5,2,2,0,1,0,4,9,3,1,2,1,0,3,4,3,3,1,1,0,1,1,1,2,2,0,0,2,4,1,2,1,2,0,2,3,3,2,0,0,0,0,0,0,0,0,1,0,1,0,0,0,0,0,0,1,2,1,0,0,2,0,0,0,0,1,0,0,0,0,0,0,0,0,0,0,0,0,0,0,0,0,0,0,1,0,0,0,0,0,0,0,0,0,0,0,0
Q96D53,10,11,4,0,5,6,2,12,9,3,3,3,6,0,4,1,2,2,0,2,1,3,1,4,4,1,0,1,4,6,3,0,2,1,0,2,2,6,1,3,1,0,2,2,0,0,0,1,0,11,5,3,5,6,2,1,8,4,5,5,1,5,1,5,4,2,8,1,0,0,6,3,1,4,2,0,0,3,3,2,2,2,1,0,3,2,4,4,5,2,0,0,3,0,0,0,0,0,8,5,0,2,1,2,0,3,6,1,1,3,3,0,1,0,0,0,2,3,1,4,3,1,1,1,3,0,0,1,0,2,2,1,0,3,2,0,1,0,1,1,0,2,0,0,0,0,0,3,7,0,3,1,3,2,4,1,4,1,4,1,1,2,3,2,0,1,1,0,3,3,1,0,2,1,0,1,4,1,1,0,0,0,1,1,1,1,1,0,0,0,0,0,1,0,0,0,4,2,3,1,2,1,0,2,4,3,3,1,4,1,3,2,1,0,2,2,0,1,3,1,0,1,0,0,2,2,1,1,0,1,0,2,1,1,0,1,0,0,1,0,0,0,0,0,0,1,4,2,3,1,1,0,3,5,2,1,0,0,0,3,6,0,3,0,0,0,2,3,2,1,0,0,0,3,2,3,0,1,1,1,1,3,0,0,0,2,0,0,0,0,0,0,1,0,1,2,0,0,0,0,0,1,0,2,2,1,1,0,0,0,0,0,0,0,0,0,0,0,0,0,1,0,0,0,0,0,0,0,0,0,0,0,1,1,0,0,0,0,0,0,0,0,0
P55060,4,6,4,3,3,2,1,6,17,6,5,4,5,1,10,5,5,3,4,4,0,3,8,3,3,1,2,0,2,6,4,1,1,3,1,3,5,2,4,1,3,1,1,1,0,0,0,0,0,8,14,7,8,6,10,0,11,24,23,11,13,14,1,6,12,9,13,6,6,0,7,8,5,5,6,3,0,1,5,5,8,2,5,1,3,10,7,9,1,3,1,1,1,1,0,0,1,0,2,13,4,3,3,2,1,11,18,6,7,2,1,1,5,9,3,3,1,1,1,6,11,3,4,1,4,0,1,8,2,2,2,2,0,1,4,5,2,0,3,0,0,1,0,0,0,0,0,4,4,10,3,4,3,0,11,12,6,6,6,5,0,3,6,1,2,3,2,0,4,6,1,1,2,2,0,1,2,3,5,2,0,0,1,3,1,2,2,4,1,0,0,0,0,0,0,0,1,4,1,0,0,1,0,8,7,5,2,0,4,1,3,5,3,3,1,1,0,2,8,3,2,1,1,0,1,5,2,0,1,1,0,4,4,0,1,0,0,2,0,1,1,0,0,0,0,3,3,3,3,1,1,0,4,18,5,2,0,4,0,1,7,2,5,2,1,0,6,5,2,1,2,2,0,1,1,0,1,2,0,0,2,7,3,0,1,8,0,2,3,0,0,0,0,0,1,0,2,0,1,0,0,2,0,1,1,2,1,0,0,2,0,0,0,0,0,0,0,0,0,0,0,0,0,0,0,0,0,0,0,0,0,1,0,0,0,0,0,0,0,0,0,0,0
Q6PI48,5,7,5,3,1,2,0,7,5,5,3,2,5,1,5,4,1,2,1,5,0,2,10,0,1,0,0,0,1,3,3,1,1,1,0,1,3,2,2,1,3,1,0,1,1,0,0,1,0,6,8,4,3,2,8,0,9,8,11,6,6,6,1,5,4,5,5,10,3,1,2,2,9,2,4,3,1,2,6,7,1,3,2,0,7,8,4,3,7,1,0,0,2,0,0,0,0,0,2,4,4,3,1,2,0,4,8,5,3,4,5,0,1,5,1,2,2,1,0,0,7,4,3,1,1,0,5,5,3,1,3,1,0,1,8,3,0,1,1,0,1,0,0,0,1,0,0,3,2,1,2,2,0,1,3,11,3,4,3,2,0,0,5,5,2,3,2,0,1,3,1,1,2,1,0,0,4,0,1,1,1,0,3,0,0,1,0,1,0,0,1,0,0,0,0,0,4,3,2,0,2,1,0,4,6,5,5,2,6,0,4,6,0,2,1,3,1,1,1,2,1,0,0,0,2,4,1,1,1,0,1,1,3,1,1,0,0,0,1,0,0,0,0,0,0,3,4,2,1,1,0,2,3,7,2,2,4,6,0,1,5,1,2,1,0,0,4,3,1,1,0,0,0,1,6,3,0,1,1,0,0,1,0,2,3,1,0,0,1,0,0,0,0,0,0,0,0,1,1,0,0,1,2,2,0,0,0,0,0,0,0,1,0,0,0,0,0,0,0,0,0,0,1,0,0,0,0,0,0,0,1,0,0,0,0,0,0,0,0,0,0,0,0
P61962,3,2,2,0,3,1,0,3,4,4,3,1,1,0,4,0,3,2,0,1,1,4,2,0,3,0,0,0,2,3,2,3,0,0,0,2,1,3,1,1,0,0,1,1,0,0,0,0,0,2,3,0,5,2,1,1,3,2,2,3,0,4,1,2,2,4,3,1,2,2,2,0,3,1,1,2,1,2,2,2,0,1,0,0,2,3,3,2,1,2,0,0,0,0,1,0,1,0,1,7,3,1,0,3,0,1,2,1,1,1,2,0,5,2,1,2,0,2,0,0,3,0,2,2,1,0,2,0,1,0,0,0,0,2,3,1,0,1,2,0,0,3,1,0,0,0,0,0,2,2,1,3,0,1,2,2,2,0,1,4,0,1,1,1,0,1,1,1,1,5,3,3,0,2,1,0,1,0,2,0,0,1,0,4,0,0,0,1,0,0,1,1,0,0,0,0,2,1,2,2,0,1,0,0,2,2,0,1,1,0,0,2,1,0,0,2,0,1,0,0,4,0,0,0,1,0,0,0,1,1,0,0,1,0,1,0,0,0,0,1,0,0,0,0,0,3,1,2,0,0,2,0,3,2,5,2,2,0,1,3,1,1,1,1,1,0,1,1,0,1,1,0,0,1,0,0,0,1,1,0,2,2,1,0,0,1,0,0,0,0,0,0,0,0,0,0,0,0,1,0,0,2,1,0,1,1,1,0,0,0,2,0,0,0,0,0,0,0,1,0,0,0,0,0,0,0,0,0,0,0,1,0,0,0,0,0,0,0,0,0,0,0,0
Q14203,21,11,8,6,6,8,1,17,10,9,2,7,3,0,12,9,8,1,0,14,1,8,6,4,2,3,6,0,5,13,5,2,4,7,1,9,5,7,9,7,5,0,0,0,1,0,0,1,0,12,14,8,5,7,13,1,14,15,11,4,5,6,0,10,8,10,3,8,9,0,4,4,5,5,5,8,1,7,10,6,6,4,7,0,11,6,8,1,8,6,0,0,0,0,0,0,1,0,7,11,10,3,5,7,0,8,10,11,9,5,10,0,6,10,8,1,7,7,2,4,2,3,1,4,1,0,3,2,4,2,7,2,0,8,12,3,2,6,6,0,0,0,1,2,0,2,0,6,3,6,3,4,4,0,3,5,4,6,5,2,0,3,8,6,3,1,3,0,0,5,3,2,3,4,0,4,5,1,2,4,4,0,5,2,4,6,3,3,0,0,0,1,0,0,0,0,6,4,5,7,5,4,0,12,8,4,3,12,9,1,5,6,3,5,3,1,0,5,4,2,2,3,1,0,3,8,5,2,2,2,2,4,4,4,2,4,7,0,0,2,0,0,0,1,0,9,5,9,5,10,6,0,6,6,9,7,6,10,0,7,9,5,1,1,3,2,5,4,6,5,2,2,0,9,11,2,3,3,3,0,7,13,1,3,3,1,1,0,0,1,0,0,0,0,0,0,0,0,0,0,0,0,1,0,1,0,0,0,0,2,1,1,0,0,0,0,0,1,0,0,1,0,0,0,0,0,0,0,0,0,2,1,1,0,1,0,0,0,0,0,0,0,0
Q9H773,3,5,3,2,1,1,0,4,2,2,1,0,3,0,0,0,2,0,0,2,0,0,3,0,0,0,1,0,0,1,0,0,0,1,1,1,0,2,0,0,0,0,0,0,0,0,0,0,0,6,2,0,0,0,1,0,1,2,0,1,0,4,0,0,4,0,1,1,0,0,1,0,0,1,1,1,0,1,0,0,0,1,0,0,7,1,2,0,0,2,0,0,0,0,0,0,0,0,0,0,0,0,0,0,0,2,1,1,0,1,2,0,0,0,2,1,2,1,0,2,0,0,0,0,0,0,1,0,1,1,2,0,0,1,0,0,0,0,1,1,0,0,0,0,0,0,0,0,1,1,1,0,0,0,2,2,0,1,1,1,0,0,0,0,0,0,0,0,0,2,0,0,0,0,0,0,1,0,0,0,0,0,0,0,0,1,1,1,0,0,0,0,0,0,0,0,1,2,0,0,0,0,0,0,0,1,1,0,2,0,0,1,1,0,0,0,0,0,1,0,1,0,0,0,0,1,1,1,1,0,0,1,0,0,0,1,0,0,0,0,0,0,1,0,0,5,2,0,1,2,1,0,0,0,2,0,0,0,0,0,2,1,0,2,0,0,0,1,0,0,0,1,0,0,1,0,0,0,1,0,1,1,1,1,0,0,0,0,1,0,0,0,0,0,0,0,0,0,0,0,0,0,1,0,0,0,0,0,0,0,0,0,0,0,0,0,0,0,0,0,0,0,1,0,0,0,0,0,0,0,0,0,0,0,0,0,0,0,0,0,0,0,0
Q16531,9,11,11,3,2,5,1,11,16,15,5,8,3,2,12,11,12,3,3,4,1,7,8,7,1,4,5,2,2,7,3,3,1,0,0,5,4,7,4,5,4,0,1,3,1,0,0,0,0,8,13,14,8,8,3,2,14,15,9,8,7,12,2,11,11,10,4,7,8,0,5,11,4,6,2,1,0,12,7,7,4,1,2,1,11,8,5,3,8,6,0,2,1,1,1,0,1,0,11,13,7,6,1,8,1,11,10,6,6,7,7,1,9,11,10,9,1,5,0,2,8,4,5,3,3,1,2,9,2,1,1,1,1,9,6,5,4,3,2,0,1,1,1,0,0,0,0,4,3,3,6,1,4,1,10,5,5,5,5,11,0,5,4,7,2,2,5,1,4,2,5,1,1,2,2,3,4,1,1,0,2,0,1,3,3,3,1,3,0,3,1,1,0,0,1,0,2,6,5,5,0,4,0,7,8,6,3,2,6,0,4,4,2,2,1,2,0,1,7,0,3,0,2,1,0,1,1,0,1,2,0,2,3,4,1,1,1,0,0,0,1,0,0,1,0,7,11,5,4,4,5,0,2,10,9,2,4,2,1,3,7,4,6,3,4,1,3,4,5,1,1,1,0,3,4,1,5,1,5,0,7,5,3,0,1,2,0,0,0,0,0,0,0,0,1,3,1,2,0,0,0,1,3,1,0,1,0,0,3,0,1,0,0,1,0,0,0,1,0,0,0,0,0,0,0,0,0,0,0,1,1,1,0,0,0,0,0,0,0,0,0,0,0
P39656,6,7,5,1,6,2,0,3,5,6,0,1,7,0,6,5,4,2,3,1,0,1,5,2,1,2,0,0,3,4,0,2,1,1,0,0,3,0,0,0,1,0,1,0,0,0,1,1,0,7,5,5,3,3,0,1,8,14,7,5,4,5,0,4,6,4,4,3,2,0,2,4,1,1,0,4,0,2,1,0,1,0,2,0,3,6,6,0,1,3,0,0,0,0,0,0,0,0,4,4,6,2,0,1,1,3,8,4,2,0,4,0,4,4,7,0,3,1,0,1,2,4,3,1,0,0,3,4,0,1,1,2,0,5,0,1,0,1,0,0,0,0,0,0,0,0,0,2,1,2,0,1,0,0,3,5,2,2,0,1,0,2,2,3,1,0,2,0,1,2,1,1,1,1,0,3,0,1,0,0,0,0,0,3,2,0,0,0,0,0,0,0,0,0,0,0,4,3,1,4,0,0,1,3,6,3,2,0,0,0,0,1,0,1,0,0,0,1,0,2,1,0,0,0,1,1,0,0,3,0,0,0,1,1,0,3,1,0,0,0,0,0,0,0,0,3,2,3,1,1,1,0,4,5,1,1,1,2,0,2,3,1,3,2,1,0,0,0,0,0,0,0,0,1,3,1,0,0,1,0,3,1,0,0,1,1,0,0,0,0,0,0,0,0,1,0,0,0,0,0,0,0,0,0,0,0,0,0,0,0,0,0,0,0,0,0,0,0,0,0,0,0,0,1,0,0,0,0,0,0,0,1,0,0,0,0,0,0,0,0,0,0,0
Q9UHI6,8,6,4,1,4,1,0,10,12,13,4,5,4,0,7,5,3,7,3,0,0,4,1,0,4,0,1,1,2,2,6,6,0,2,2,2,6,2,1,3,2,0,0,0,1,0,1,2,0,3,12,7,5,7,6,3,8,11,6,7,5,6,0,7,8,11,4,1,5,0,5,5,2,6,5,3,2,5,4,5,4,0,4,0,5,5,2,2,4,0,0,0,1,0,0,0,1,0,7,6,6,1,2,4,0,8,6,3,4,3,5,2,7,9,8,8,4,6,0,4,5,9,2,6,7,0,4,3,4,1,1,4,0,1,3,6,5,1,2,0,0,0,0,0,0,0,0,5,5,4,1,5,1,0,2,3,5,9,3,0,0,3,3,8,4,3,1,0,2,5,5,3,2,1,0,2,4,5,1,2,1,0,5,4,2,1,0,3,0,0,0,0,0,2,2,0,1,7,3,2,1,1,0,3,4,6,2,4,1,0,1,4,8,6,4,0,0,4,2,3,1,2,1,1,0,3,1,0,0,0,0,2,5,0,1,0,2,1,0,0,0,1,0,0,1,0,11,2,1,1,3,1,12,6,3,2,2,2,0,1,2,3,4,1,6,0,2,3,3,1,0,2,0,1,4,2,1,0,0,0,3,3,3,1,0,2,0,1,0,0,0,0,0,0,0,1,0,0,0,0,0,0,1,0,0,0,0,0,0,0,1,0,1,0,0,0,1,0,0,0,0,0,1,0,0,1,1,0,0,1,1,2,0,0,1,0,0,0,1,0,0,0,0
Q9UJV9,5,5,2,3,3,2,1,6,8,5,2,2,2,1,1,5,3,2,6,8,0,0,4,2,1,2,0,0,3,5,2,2,4,3,0,7,5,2,1,3,3,0,1,1,0,1,1,0,0,3,9,8,4,8,7,2,9,13,12,2,5,4,0,6,4,5,2,6,5,0,0,1,2,3,2,0,0,2,1,1,3,2,1,1,1,3,5,0,1,3,0,0,3,0,0,0,2,0,6,2,5,2,0,1,0,9,5,0,1,2,0,1,3,4,2,2,1,3,0,3,2,2,0,2,2,0,6,4,1,1,2,2,1,1,3,2,2,5,5,0,0,0,0,0,0,0,0,1,2,2,0,1,0,0,9,6,1,1,1,0,1,2,0,1,2,1,0,0,0,3,0,2,0,2,0,2,2,1,1,1,2,0,0,3,0,0,2,1,0,0,0,0,0,0,0,0,2,6,8,0,2,5,0,2,7,4,2,0,3,1,2,2,0,1,1,1,0,3,5,0,0,2,0,0,4,2,1,3,5,3,0,3,1,0,2,2,3,0,0,1,1,0,0,0,0,4,2,0,0,3,6,1,4,5,5,0,1,2,1,2,3,3,2,2,1,0,0,3,0,1,1,2,0,6,4,1,0,4,0,0,4,2,4,2,2,9,1,1,0,0,0,0,0,0,0,0,0,0,2,0,0,2,1,1,0,0,1,0,0,0,1,0,0,0,0,0,1,0,0,0,0,0,0,1,0,0,0,0,0,0,1,1,0,0,0,0,0,0,0,0,0,0,0
P26196,4,1,5,3,2,0,0,5,3,2,5,4,3,0,4,6,4,1,2,2,0,2,5,0,3,2,1,0,3,2,2,3,1,0,0,0,0,1,0,0,1,0,0,0,0,0,0,0,0,3,7,3,1,3,0,0,1,10,7,2,4,7,0,3,4,2,4,3,1,0,3,5,5,1,2,3,0,3,5,2,3,1,5,0,1,4,4,3,4,3,0,0,1,2,1,0,0,0,4,3,4,5,1,1,0,4,9,1,2,5,2,1,3,3,5,3,1,1,0,2,1,5,2,2,0,1,4,2,0,0,1,1,0,2,1,0,0,0,3,0,1,0,0,0,0,0,0,1,2,3,3,2,0,0,4,1,3,3,2,2,2,5,4,2,4,0,1,0,0,2,4,2,0,0,0,1,3,2,2,0,1,1,1,0,1,1,1,2,0,0,1,0,0,0,0,0,2,5,4,1,1,0,0,0,4,3,4,1,4,1,1,4,1,0,1,0,0,1,2,1,0,3,2,0,1,3,0,1,0,0,0,1,2,1,1,0,2,0,0,1,0,0,0,0,0,1,3,0,0,2,1,0,2,3,1,2,2,1,0,2,3,2,1,1,0,1,2,2,1,0,1,0,0,1,2,1,0,2,0,0,2,4,3,1,1,1,0,0,0,0,0,0,0,0,0,1,0,0,0,0,0,1,1,0,1,0,0,0,0,0,1,0,0,1,0,1,0,0,0,0,0,0,0,0,0,0,0,0,0,0,0,0,0,0,0,0,0,0,0,0,0,0,0
P52429,4,1,3,3,2,2,1,3,8,1,2,4,1,1,6,4,1,2,2,0,3,8,5,3,0,2,0,0,1,5,1,3,2,2,0,5,7,4,1,0,2,0,2,0,0,2,0,0,2,4,3,2,5,4,7,1,9,13,7,4,3,3,0,5,5,5,5,2,0,2,3,4,2,2,2,0,1,2,4,3,0,3,0,1,5,1,1,1,4,2,1,1,0,0,0,1,1,0,2,4,5,4,2,4,0,2,7,7,1,0,4,0,2,7,4,0,0,1,2,2,1,2,3,1,1,0,0,0,2,3,2,1,0,0,0,1,1,1,2,1,0,4,1,1,1,1,0,2,6,2,4,3,1,2,3,5,5,3,2,2,1,3,4,2,0,1,0,0,1,2,1,1,2,0,0,2,4,2,0,1,1,1,1,0,1,0,0,0,0,1,0,0,1,0,0,0,0,2,2,1,0,0,0,3,4,2,3,2,3,1,3,0,1,2,2,3,1,2,4,2,0,1,0,1,0,3,2,2,0,3,0,3,1,0,2,2,0,0,2,0,0,1,0,1,0,3,3,3,1,3,4,0,4,1,1,0,1,2,0,2,1,1,1,1,2,0,4,1,0,0,3,1,0,0,1,1,2,2,0,2,3,0,1,3,0,1,0,0,2,0,0,1,0,0,1,1,1,0,0,1,2,2,1,1,1,1,0,0,0,0,2,0,0,0,0,0,4,0,1,0,0,0,0,1,1,0,0,1,0,0,0,0,1,1,1,1,0,0,1,0,0,1,0
Q15392,2,4,3,2,2,1,0,3,6,6,3,3,5,0,3,5,4,1,3,0,2,3,2,1,2,3,1,0,3,4,0,1,0,0,1,2,5,0,2,1,2,0,1,1,1,0,0,0,0,4,6,5,3,2,4,1,10,16,7,2,1,4,2,6,4,2,5,3,4,1,2,3,1,3,4,0,0,4,6,2,1,1,3,0,5,5,4,3,1,2,0,1,1,0,0,1,0,0,3,1,3,3,0,3,1,2,6,4,3,5,4,0,2,5,2,2,0,1,1,3,4,0,0,2,2,0,3,2,2,1,2,0,0,2,2,0,3,0,0,0,0,1,2,0,1,1,0,1,6,2,0,2,0,0,3,5,2,0,3,4,1,0,4,3,0,2,1,0,1,4,0,1,0,2,0,2,2,1,5,1,0,0,1,0,2,2,2,0,0,1,0,0,0,0,0,0,2,5,3,2,2,1,1,2,5,3,1,3,2,0,1,2,1,1,1,1,1,0,1,7,1,0,2,0,1,1,2,0,0,0,0,0,1,1,0,1,0,0,0,1,0,0,0,0,0,1,2,2,2,1,3,0,4,4,3,2,1,1,0,2,3,1,1,0,0,0,2,4,1,1,1,0,1,2,1,0,3,0,0,0,0,2,1,0,1,0,0,0,0,0,0,0,0,0,1,2,0,0,0,0,0,1,0,0,2,1,0,0,0,1,0,1,1,0,0,0,0,0,0,0,0,0,1,0,1,0,0,0,0,1,0,0,0,0,0,0,0,0,0,0,0,0,0
Q9UBM7,9,5,5,2,2,2,1,4,7,7,3,2,1,1,7,5,5,1,2,0,0,4,11,3,1,0,0,0,2,3,0,0,1,0,0,1,1,1,2,0,0,0,1,0,1,1,1,1,0,3,4,7,5,1,0,1,6,16,8,9,4,2,1,4,8,7,3,3,0,0,8,4,5,1,2,2,0,2,2,2,1,1,0,1,2,5,1,0,2,0,0,0,0,1,0,2,0,0,4,9,2,3,1,0,1,4,11,3,5,2,1,0,3,6,4,2,1,0,1,2,2,2,1,0,1,0,3,1,1,1,1,2,0,0,0,0,1,0,0,0,0,0,0,0,0,1,0,5,5,2,3,1,1,2,4,6,4,3,0,3,0,4,4,0,1,2,1,0,2,1,0,1,1,1,0,3,0,0,1,0,0,0,1,1,0,1,1,1,1,0,2,0,0,0,0,0,3,1,3,5,1,1,0,0,3,1,1,1,1,1,1,2,0,1,0,0,0,2,0,1,1,1,1,1,1,1,1,0,0,0,0,0,0,0,2,0,0,0,0,0,0,0,0,1,0,2,0,1,1,0,1,0,3,2,2,1,0,0,0,0,1,0,0,1,0,0,1,1,1,1,0,1,1,2,1,0,2,0,0,0,0,0,0,0,1,0,0,1,0,0,0,0,0,0,0,1,1,0,0,0,0,0,0,0,0,0,2,0,1,0,1,0,0,0,0,0,1,0,0,0,0,0,1,0,0,2,0,0,0,1,1,0,0,1,0,0,0,0,0,0,0,0,0
Q9NPF5,4,6,5,1,3,4,0,8,2,1,1,4,6,0,5,1,3,0,4,3,0,3,0,0,0,1,1,0,3,1,1,0,4,0,0,2,5,0,1,4,2,0,1,1,0,0,0,0,0,8,5,2,1,2,2,0,4,3,6,1,5,2,0,4,5,0,4,1,4,0,0,1,3,1,0,2,0,4,3,1,1,6,2,0,2,6,5,3,2,2,0,0,0,0,0,0,0,0,4,6,3,1,0,2,0,0,7,4,1,1,2,0,2,2,3,0,2,1,0,2,2,0,0,1,1,0,0,3,1,3,5,2,0,2,1,2,1,3,1,1,0,0,0,0,0,0,0,2,2,2,0,0,1,1,1,4,3,0,2,2,0,1,2,1,0,2,1,0,0,1,0,1,0,1,0,0,2,0,2,0,0,0,1,2,3,0,1,0,0,0,0,0,0,0,0,0,0,3,2,1,3,3,1,2,0,3,1,1,8,0,2,2,0,2,2,0,0,1,4,3,1,1,1,0,4,4,5,4,8,5,0,1,2,2,2,3,0,0,0,0,0,0,0,0,0,5,0,3,0,1,2,0,5,5,1,2,3,0,0,2,3,3,0,3,2,0,1,4,1,0,1,1,0,2,2,0,1,7,1,0,3,0,1,1,0,1,0,0,0,0,1,0,0,0,0,0,0,1,0,0,0,0,0,0,1,0,0,0,0,0,0,0,0,0,0,1,0,0,0,0,0,0,0,0,0,0,0,0,0,0,0,0,0,0,0,0,0,0,0,0,0,0,0
Q86Y56,19,13,7,4,4,8,3,19,11,4,6,4,7,0,9,4,3,2,7,2,0,6,8,1,2,0,2,1,2,3,3,1,4,3,1,6,9,2,2,4,7,0,0,2,1,1,0,1,0,15,18,7,4,6,13,0,12,15,8,7,14,6,0,5,7,6,5,2,4,1,7,9,3,1,3,3,0,3,6,5,2,3,3,1,4,6,3,4,3,4,0,2,1,1,0,1,0,0,10,7,5,3,2,3,0,6,9,4,3,1,5,1,4,6,2,1,4,1,0,4,5,3,0,0,1,0,5,3,2,1,1,1,0,2,1,3,2,2,1,0,1,0,2,0,1,0,0,5,6,3,3,1,1,1,11,9,5,4,0,1,2,5,4,1,2,0,0,0,0,3,2,4,0,0,0,1,1,0,1,1,0,0,1,2,2,0,1,1,1,1,2,1,0,0,0,0,4,3,0,4,2,2,1,9,8,2,1,2,2,2,3,5,1,1,0,2,1,1,2,0,2,1,0,0,4,4,1,0,1,1,0,0,4,0,1,3,0,0,2,0,1,0,0,0,0,5,3,5,1,0,1,0,5,8,7,4,2,2,0,3,2,3,1,0,1,1,2,4,2,0,0,2,3,1,7,2,1,1,0,1,2,6,1,4,0,3,1,1,0,1,0,0,0,0,0,1,1,1,2,2,0,1,2,0,1,0,1,0,1,1,2,1,0,1,1,0,1,0,0,0,0,0,0,2,0,0,0,0,0,0,0,0,0,0,1,0,0,0,0,0,0,0,0
P31689,8,2,0,3,4,1,0,3,2,1,4,3,3,0,2,1,0,1,0,0,0,1,2,3,0,3,4,2,1,2,0,0,4,3,1,3,1,3,2,3,0,1,0,1,0,0,1,0,0,2,6,0,3,0,3,2,1,3,3,1,4,3,0,3,4,1,0,1,1,0,3,1,3,4,2,0,0,2,1,0,2,5,4,0,4,3,2,1,1,3,0,0,0,0,0,0,0,1,1,2,2,2,3,2,0,3,4,1,2,4,2,0,0,2,2,1,0,1,0,0,1,0,0,1,0,1,1,1,0,1,0,0,1,0,1,0,0,1,2,0,1,0,1,0,0,0,0,2,1,1,1,1,2,0,3,0,1,2,2,2,1,2,2,1,1,2,0,0,2,2,0,0,0,1,0,2,1,0,1,1,1,0,2,3,1,0,1,1,0,0,0,1,1,0,1,0,3,2,1,1,2,2,0,2,0,1,2,1,3,0,3,2,0,0,0,0,0,1,2,1,0,0,2,0,3,1,4,0,2,4,0,2,5,2,1,3,0,1,0,0,0,1,1,0,0,2,3,0,5,1,3,0,2,6,3,2,0,1,0,2,4,1,0,0,2,2,0,2,1,1,0,1,0,2,2,1,2,2,0,0,2,1,2,1,0,2,0,0,1,0,0,1,0,0,0,0,1,0,0,0,0,2,0,0,0,0,0,0,0,1,0,0,1,0,0,1,1,0,0,0,0,0,0,1,0,0,0,2,0,1,0,1,0,0,0,0,0,0,0,0,0,1,0
O60884,6,6,3,3,2,0,0,4,6,1,2,2,3,0,3,2,0,1,2,0,3,3,1,1,1,3,2,1,4,1,1,0,3,2,1,5,4,1,1,4,1,1,1,1,0,1,0,0,0,2,4,0,4,2,5,1,3,2,1,5,1,3,0,2,5,0,0,1,0,0,1,4,4,1,5,0,0,2,1,4,1,1,2,0,4,1,2,3,2,3,0,0,0,0,0,0,0,0,2,2,0,0,4,3,0,2,2,1,2,4,4,0,0,0,2,1,1,4,0,0,2,1,2,0,0,0,3,0,1,0,0,1,0,2,1,0,1,1,2,0,2,1,0,0,1,0,0,3,0,4,1,0,3,1,4,1,1,2,1,2,0,1,3,2,1,0,1,0,3,0,1,1,0,1,0,1,2,4,0,0,1,0,2,1,1,0,1,0,0,0,0,0,0,0,1,0,4,2,0,2,1,3,1,2,1,3,0,1,1,0,2,2,3,2,1,1,0,3,1,0,0,0,0,0,2,1,1,1,1,1,1,2,4,1,2,1,0,0,1,0,0,0,1,0,0,3,3,2,2,3,3,0,1,3,1,4,2,2,0,3,3,1,0,0,1,1,1,3,1,0,0,2,0,1,3,0,1,2,2,0,1,2,3,0,0,1,0,0,0,0,0,1,0,0,0,1,3,0,0,0,0,2,0,0,0,0,0,0,0,0,0,0,0,0,0,1,0,0,0,0,0,0,0,0,0,1,1,1,0,0,0,1,0,0,0,0,0,0,0,0,0,0,0
P25685,2,3,3,0,1,0,0,3,5,3,1,1,4,0,3,3,1,0,3,0,1,2,2,1,0,2,1,0,1,2,0,0,4,0,0,2,4,2,0,5,2,0,0,1,0,0,0,0,0,2,3,3,3,1,7,0,4,5,3,3,2,5,0,2,5,2,1,3,1,0,1,1,1,2,1,0,0,1,1,2,0,1,4,0,4,1,2,3,3,3,0,0,0,0,0,0,0,0,2,2,1,2,3,4,0,5,3,1,0,3,1,0,1,2,1,2,0,1,0,0,1,1,0,0,1,0,3,2,2,0,1,1,0,0,1,0,0,1,0,0,2,0,0,0,0,0,0,1,1,2,1,1,0,0,0,1,1,0,2,1,0,1,2,2,0,1,0,0,0,1,1,0,0,0,0,1,1,0,1,2,1,0,1,1,0,0,0,0,0,0,0,0,0,0,0,0,1,4,1,0,0,3,0,5,3,2,0,1,3,0,3,0,1,0,2,0,1,2,0,1,0,1,0,0,2,3,3,1,3,1,0,0,4,0,0,1,2,0,0,0,0,0,0,0,0,1,4,1,2,1,1,0,1,4,4,2,0,2,0,4,1,0,0,0,0,0,1,0,1,0,2,0,0,1,5,0,2,2,0,0,3,2,1,1,0,1,0,0,0,0,0,0,0,0,0,0,1,0,0,0,1,1,0,0,0,0,0,0,0,0,0,0,0,0,0,0,0,0,0,0,0,0,0,0,0,0,0,0,0,0,0,0,0,0,0,0,0,0,0,0,0,0,0
Q9UBS4,2,9,1,0,1,2,0,3,5,3,2,4,4,0,2,0,1,0,1,0,0,0,4,3,0,2,0,0,0,3,0,2,3,0,0,4,4,1,1,3,3,0,0,0,0,0,0,0,0,3,3,1,2,0,4,0,1,5,3,4,1,3,1,5,4,1,0,1,2,0,2,3,3,2,4,1,0,3,2,2,1,1,2,0,8,1,2,1,2,2,0,0,1,0,0,0,1,0,2,0,1,3,4,3,0,2,3,1,3,1,3,0,0,2,0,2,1,1,0,0,1,0,1,1,0,0,0,1,1,0,0,1,0,1,1,3,1,0,0,0,0,0,0,0,0,0,0,1,1,1,1,1,2,0,3,1,0,1,3,2,1,1,2,4,0,0,0,0,1,1,0,1,1,1,0,3,3,0,0,1,2,1,0,1,0,0,1,0,0,0,0,0,0,1,0,0,6,2,0,1,0,1,0,3,3,2,1,2,2,0,1,3,0,0,0,1,0,2,1,0,0,1,0,0,1,1,1,1,2,2,0,0,2,1,2,1,1,0,0,0,0,1,0,0,0,0,6,1,2,2,4,0,1,1,3,4,0,2,0,3,2,0,1,0,2,0,2,1,1,1,1,0,0,3,3,1,0,0,0,0,2,2,1,1,0,0,1,1,0,0,0,0,0,0,1,0,0,0,0,0,0,0,0,1,0,0,0,0,0,0,0,0,0,0,0,0,0,0,0,0,0,1,0,0,0,0,1,0,0,0,0,0,0,0,1,0,0,0,0,0,0,0,0
J3KPS0,6,5,4,2,3,2,0,4,5,4,2,2,0,0,4,3,3,1,3,0,0,5,1,4,2,2,1,0,1,4,3,2,5,2,0,2,1,3,0,1,1,0,0,0,0,0,0,0,0,4,3,1,1,5,3,0,3,6,3,2,2,2,0,3,7,4,1,1,3,0,4,1,2,1,0,3,0,2,3,1,2,1,0,0,2,0,1,0,0,2,0,0,0,0,0,1,0,0,5,4,6,3,3,0,0,3,4,5,2,3,1,1,5,2,2,0,1,5,0,0,3,0,0,1,0,0,2,2,1,1,0,1,0,3,1,3,0,1,2,0,0,0,1,0,0,0,0,2,2,1,3,2,1,0,1,1,2,1,2,1,0,1,2,5,1,1,1,0,0,1,2,0,3,1,0,2,1,0,1,1,3,0,2,0,2,0,1,0,0,0,0,0,1,0,0,0,2,1,0,1,4,0,0,5,0,4,1,0,1,0,3,1,1,0,1,0,1,2,2,3,3,0,0,1,1,1,2,2,2,2,0,2,4,0,1,1,1,0,0,0,0,1,0,0,0,3,2,2,4,0,2,0,1,2,1,3,0,0,0,5,3,1,1,0,1,0,0,0,0,0,1,0,0,0,0,0,3,1,0,1,2,1,2,0,1,2,0,0,0,0,0,0,0,0,0,0,0,0,0,0,0,0,0,0,0,0,0,0,0,1,0,0,0,0,0,0,0,0,1,1,0,0,0,0,0,0,0,1,0,0,0,0,0,0,0,0,0,0,0,0,0,0,0
Q9UDY4,4,2,2,1,2,1,0,1,7,1,1,1,2,0,1,1,3,1,1,0,0,1,5,1,0,1,0,0,0,2,0,1,2,1,0,2,3,2,0,6,1,0,0,1,0,0,0,0,0,2,4,2,2,0,4,0,3,5,3,4,2,4,1,5,4,1,1,1,2,1,0,1,2,0,3,2,0,2,2,3,0,2,2,0,4,3,2,3,1,2,0,0,0,1,0,0,0,0,4,3,0,2,2,4,0,4,4,1,0,3,2,0,0,5,2,0,2,1,0,0,1,0,0,1,0,0,1,1,1,1,2,0,0,0,1,0,0,2,2,0,2,0,0,0,0,0,0,0,0,1,0,1,1,0,1,0,4,0,2,1,0,2,0,1,0,0,0,0,0,0,0,0,0,0,0,1,2,0,0,2,2,0,0,1,1,0,1,0,0,0,0,0,0,0,0,0,1,2,2,0,0,2,0,3,3,3,1,3,4,0,3,2,2,0,1,0,1,1,0,0,0,1,1,0,1,5,4,0,3,0,0,0,2,0,0,2,2,0,0,0,0,0,0,0,0,1,2,0,3,1,2,0,1,3,3,2,0,2,0,3,2,0,0,1,2,0,1,1,0,0,1,0,0,2,5,1,1,2,1,0,3,1,3,0,0,1,0,0,0,0,0,0,0,0,0,0,1,0,0,0,1,1,0,0,0,0,0,0,0,0,1,0,0,0,0,0,0,0,0,0,0,0,0,0,0,0,0,0,0,0,0,0,0,0,0,0,0,0,0,0,0,0,0
O75953,1,3,3,0,0,0,0,2,7,1,1,2,2,0,1,2,3,1,3,0,1,0,5,2,0,0,0,0,1,4,1,1,5,0,0,3,2,2,1,4,1,0,0,1,0,0,0,0,0,1,5,3,2,5,5,0,4,5,2,5,4,5,0,5,5,1,0,0,0,0,2,2,2,1,1,1,0,2,1,4,0,2,4,0,4,3,1,2,2,3,0,0,0,0,0,0,0,0,3,3,1,2,2,4,0,5,5,0,0,3,1,0,4,1,0,1,1,1,0,0,2,0,0,0,1,0,2,2,1,0,2,0,0,0,0,0,0,1,1,0,1,1,0,0,0,0,0,2,0,1,1,2,0,0,1,1,3,0,2,2,0,2,2,0,0,1,0,0,0,0,0,0,1,0,0,0,1,1,0,0,1,0,0,1,1,0,0,0,0,0,1,0,0,0,0,0,0,1,3,0,1,2,0,6,3,2,1,2,4,0,2,2,4,1,1,0,0,1,0,1,0,1,0,0,1,6,3,0,3,0,0,0,2,0,0,1,2,0,0,0,0,0,0,0,0,0,3,1,2,2,2,0,2,2,3,2,0,1,0,1,2,0,0,1,1,0,3,0,0,0,0,0,1,1,4,0,2,1,0,0,3,2,1,1,0,4,0,0,0,0,0,0,0,0,0,0,0,0,0,0,1,1,2,0,0,0,0,0,0,0,0,0,0,0,0,0,0,0,0,0,0,0,0,0,0,0,0,0,0,0,0,0,0,0,0,0,0,0,0,0,0,0,0
O75190,6,4,1,4,0,1,0,3,4,4,1,3,1,0,5,2,0,0,2,1,0,2,2,0,1,3,1,0,0,2,2,0,3,1,0,2,0,3,0,2,5,0,0,0,0,0,0,0,0,3,3,4,2,2,5,0,2,0,3,0,2,6,0,4,4,4,0,2,1,0,3,0,1,1,2,0,0,0,3,0,0,4,1,0,0,2,0,1,3,3,0,0,0,0,1,0,0,0,2,4,2,1,3,1,0,6,3,3,0,1,1,1,0,6,4,0,1,1,0,0,0,0,0,0,0,0,0,2,2,0,1,2,0,1,2,0,0,0,1,0,0,0,0,0,0,0,0,1,3,2,1,2,1,0,3,0,1,0,0,0,0,1,0,0,0,0,0,0,2,0,0,0,1,0,0,0,4,0,2,1,1,0,2,1,0,0,0,0,0,0,0,0,0,0,0,0,2,0,1,1,0,1,0,5,3,1,2,2,1,0,2,0,3,0,2,1,0,2,0,0,0,2,1,0,3,1,4,1,5,1,0,1,1,1,2,0,1,0,0,0,0,0,0,0,0,2,2,1,0,1,3,0,0,3,3,4,0,0,0,1,3,1,0,0,0,0,1,1,0,0,0,1,0,2,2,0,2,1,0,0,3,4,1,0,2,3,0,0,0,0,0,0,0,0,0,0,0,0,0,0,0,0,0,0,0,0,0,0,0,0,0,0,0,0,0,0,1,0,0,0,0,0,0,0,0,0,0,0,0,0,0,0,0,0,0,0,0,0,0,0,0,0,0
Q9Y2G8,3,6,3,3,1,4,1,11,8,3,5,6,7,1,4,7,2,4,4,1,0,3,5,2,2,0,0,0,2,2,3,0,2,1,0,3,3,5,2,1,2,0,0,0,2,0,0,0,0,7,11,6,2,2,5,1,12,17,19,4,8,2,1,3,15,6,1,4,9,0,1,8,3,3,5,5,0,7,3,7,5,4,3,0,1,6,3,3,2,4,0,0,2,2,1,0,0,0,4,7,5,2,5,4,0,2,13,7,7,11,4,1,4,4,2,3,1,6,0,3,2,3,1,2,3,0,2,0,3,2,5,2,0,5,3,3,2,6,2,0,0,0,1,0,0,0,0,2,8,2,1,0,1,0,4,11,2,3,2,1,2,3,5,3,2,3,1,0,2,3,1,5,2,2,0,0,3,1,4,2,3,0,1,2,2,2,5,0,0,0,0,0,0,0,1,0,3,3,3,3,2,1,0,2,5,1,2,2,1,0,6,7,4,0,0,2,0,2,4,5,2,4,1,0,2,4,3,2,0,4,0,1,4,6,1,0,4,0,0,0,0,0,0,0,0,2,6,3,1,0,1,0,3,9,5,4,0,3,0,6,5,2,4,1,2,1,3,3,3,2,0,0,1,2,1,2,5,2,3,0,2,5,2,2,1,2,0,0,0,0,0,0,0,0,0,0,0,0,0,0,0,0,0,1,0,0,1,0,1,2,1,0,1,0,0,0,0,0,0,0,1,0,0,0,0,0,0,0,0,0,0,1,0,0,0,0,0,0,0,0,0,0,0
Q13217,5,3,4,2,2,1,1,4,4,2,2,3,2,1,5,1,3,0,0,3,0,2,2,1,2,3,1,0,0,4,2,1,4,2,0,5,2,5,1,5,3,0,1,0,0,0,0,1,0,4,3,2,4,3,7,0,5,4,1,4,6,3,1,1,2,1,1,0,0,0,3,3,4,2,1,1,0,2,3,4,3,5,3,0,4,3,5,2,1,3,0,0,0,0,1,1,2,0,1,5,2,0,2,2,0,4,1,2,1,1,4,1,3,3,0,0,1,4,0,2,2,0,1,1,2,0,3,4,2,1,0,0,0,3,2,2,1,1,2,0,1,0,0,0,0,0,0,3,1,1,1,2,1,1,6,1,0,3,3,1,0,0,1,1,3,3,2,0,0,2,3,1,0,2,0,0,3,1,0,2,1,0,1,4,1,5,0,0,0,0,1,0,0,0,0,0,3,1,2,3,0,2,0,3,7,0,2,3,5,1,3,3,4,1,2,1,0,1,3,2,0,0,1,0,4,2,3,2,2,2,0,2,2,0,0,2,3,0,0,0,0,0,0,0,0,2,5,2,1,3,7,0,1,7,0,2,3,3,0,0,4,2,3,4,1,1,2,1,0,2,2,4,0,2,5,2,0,1,1,0,3,3,2,2,1,2,0,0,0,0,0,0,0,0,0,0,0,0,1,1,0,0,0,0,0,1,0,0,0,0,0,0,0,0,0,0,0,0,0,0,0,1,0,0,0,0,1,0,0,2,0,0,0,1,0,0,0,0,0,0,0,0,0
Q99615,2,3,5,2,3,3,0,5,3,4,1,2,1,2,5,1,2,4,1,1,0,5,0,3,0,6,1,0,3,4,1,4,4,4,0,4,2,1,2,5,4,1,0,0,0,0,0,0,0,3,2,2,1,8,5,0,1,1,1,4,2,2,0,3,3,2,0,2,2,0,4,1,0,3,1,0,1,4,1,3,1,2,1,0,1,6,5,2,1,1,0,1,1,1,0,0,2,0,6,2,0,4,4,3,0,4,1,1,1,1,1,1,2,3,2,1,0,3,1,3,0,3,1,1,1,0,1,3,1,0,2,1,1,2,1,4,0,3,2,0,0,1,0,1,0,1,0,1,3,3,5,2,5,0,0,1,1,0,0,2,0,3,1,1,0,1,1,1,2,2,1,0,0,0,0,0,3,0,2,0,2,1,0,2,1,0,2,1,0,1,0,1,0,1,0,0,2,3,3,2,1,2,0,3,4,3,2,4,5,1,1,0,2,2,3,0,0,3,1,0,0,0,2,2,3,6,2,0,3,2,0,1,3,4,1,0,1,0,2,0,0,0,0,0,0,3,2,2,1,1,1,0,6,1,2,2,3,5,1,5,1,3,2,2,4,1,1,0,1,1,0,2,0,1,5,1,1,5,0,0,0,6,3,0,2,3,0,0,0,0,0,0,1,0,1,2,0,0,1,0,0,2,0,0,0,0,0,0,0,1,0,0,0,1,0,1,0,0,0,0,0,0,1,0,0,0,0,0,0,2,0,0,0,0,2,0,0,0,0,0,0,0,0
Q9H147,5,1,5,1,5,1,0,2,2,2,2,0,4,0,4,1,0,2,2,0,0,0,1,0,0,2,2,0,0,2,4,4,3,3,0,4,0,1,1,1,1,0,0,0,0,0,0,1,0,3,5,1,0,3,2,0,3,3,2,3,3,3,0,2,3,2,0,1,1,0,2,2,1,2,1,2,0,4,2,1,1,0,0,0,1,2,2,2,1,3,1,1,0,1,0,0,0,0,4,2,1,0,2,0,0,3,3,1,2,2,0,0,0,2,3,1,2,1,0,0,2,2,1,0,0,0,1,4,0,1,2,1,1,0,0,1,1,0,1,0,0,0,0,0,0,0,0,1,1,1,1,1,0,1,3,3,1,2,1,2,0,0,3,0,0,1,0,0,0,1,0,1,1,1,0,1,3,0,1,0,1,0,3,1,1,1,1,0,0,0,0,0,0,0,0,0,1,1,0,2,4,0,0,2,5,3,1,1,3,0,2,0,1,1,1,1,0,4,2,0,0,1,1,0,1,3,1,1,2,0,0,3,0,1,1,0,0,0,1,0,0,0,0,0,0,4,2,2,1,0,4,0,1,1,0,0,1,0,2,1,2,3,0,1,0,0,0,4,1,0,1,1,0,1,1,0,0,1,0,0,2,2,1,1,0,2,0,0,0,1,0,0,0,0,0,0,0,0,1,1,0,0,0,0,0,0,0,0,0,0,0,0,2,0,0,0,0,0,0,0,0,0,0,0,0,0,0,0,0,0,0,0,0,0,1,0,0,0,0,0,0,0,0
Q92782,2,2,2,0,0,1,0,5,1,2,1,1,1,1,4,3,1,2,2,2,0,1,1,1,0,1,1,0,2,0,0,2,1,2,0,0,6,0,0,2,1,1,0,4,1,0,0,1,0,2,5,3,2,2,4,0,7,4,1,3,1,4,0,2,3,1,0,1,1,2,2,2,1,1,2,1,1,1,3,1,1,2,1,0,1,2,0,1,1,5,2,1,2,2,1,0,0,0,1,0,3,1,3,2,1,1,3,3,4,1,1,1,1,2,1,3,2,0,0,1,1,5,0,1,0,0,2,0,0,0,2,2,2,1,1,0,1,0,1,1,0,0,1,1,0,0,0,1,2,2,0,0,1,0,0,3,1,0,1,0,1,2,0,3,1,1,1,0,1,0,0,2,3,0,0,0,1,2,2,4,1,0,0,1,1,0,0,2,0,0,0,1,0,1,1,0,1,1,1,1,2,0,2,1,2,1,1,1,2,1,1,2,1,0,1,1,0,1,1,1,1,2,0,2,2,3,1,3,5,1,0,3,0,1,0,2,1,1,0,0,0,1,0,1,0,0,2,2,1,0,2,3,4,5,1,0,2,2,2,0,1,1,1,0,0,0,0,1,0,0,1,1,0,0,2,2,0,1,1,0,4,4,0,1,1,3,1,1,2,1,0,0,2,0,0,0,2,0,0,0,0,0,2,1,1,2,2,0,1,2,1,1,1,0,0,0,0,0,2,0,1,0,1,0,0,0,0,0,0,1,2,1,0,0,1,0,0,0,0,0,0,0,0
Q5QPK2,1,2,0,1,1,2,0,1,5,3,0,3,3,1,6,2,1,0,0,1,0,1,1,0,0,1,0,0,1,1,3,0,0,1,0,1,3,2,0,3,1,0,0,0,0,0,1,0,0,1,2,3,0,1,2,0,5,9,4,4,4,2,0,5,2,1,2,3,1,0,3,0,1,1,1,2,0,0,4,1,0,2,3,0,1,2,3,2,1,0,0,0,0,0,0,0,0,1,2,6,5,2,2,3,1,0,6,1,0,2,2,0,2,1,0,1,1,1,0,2,3,0,0,0,0,0,2,0,2,1,1,0,0,1,0,2,1,0,0,0,0,0,0,0,0,0,0,2,2,2,0,1,1,0,2,0,1,1,0,0,0,1,2,1,0,0,0,0,0,0,1,0,1,0,0,1,1,1,0,1,0,0,1,0,0,0,1,0,0,0,0,0,0,0,0,0,0,2,0,0,1,1,0,0,4,3,1,1,1,0,5,1,1,0,2,1,0,0,0,0,1,1,0,0,0,3,2,0,1,1,0,1,3,1,1,1,0,0,0,0,0,0,0,0,0,1,2,1,0,0,1,0,1,3,2,2,0,1,0,2,3,1,2,0,0,0,2,0,2,0,0,0,0,0,1,1,1,2,1,0,0,1,0,0,0,0,0,0,0,0,0,0,0,0,0,0,0,0,0,0,0,0,1,0,0,0,0,0,0,0,0,0,0,0,0,0,0,0,0,0,0,0,0,0,0,0,0,1,0,0,0,0,0,0,0,0,0,1,0,0,0,0,0
Q9C005,0,1,1,1,0,0,0,2,1,0,0,1,0,0,0,0,0,1,0,1,0,0,2,1,0,0,1,0,0,0,1,2,0,0,0,0,1,0,0,0,0,0,0,0,0,0,0,0,0,2,0,1,1,0,0,0,1,2,2,1,1,1,0,1,0,1,2,0,0,0,1,1,0,0,0,1,0,0,0,0,0,0,3,0,1,1,1,0,0,0,0,0,0,0,0,0,0,0,0,1,0,0,1,0,0,1,1,0,0,0,0,0,1,0,0,0,1,0,0,1,2,0,0,0,2,0,0,0,0,0,0,1,0,0,0,1,0,0,0,0,0,0,0,0,0,0,0,0,0,0,0,1,1,0,0,2,0,1,1,1,0,0,0,0,1,0,0,0,0,0,0,0,0,0,0,0,1,1,0,0,1,0,2,2,1,0,0,0,0,0,0,0,0,0,0,0,0,1,0,0,0,0,0,0,1,0,0,0,0,0,0,1,1,0,0,0,0,0,0,0,0,2,0,0,0,0,0,0,0,0,0,2,0,0,1,1,1,0,0,0,0,0,0,0,0,1,1,0,2,1,0,0,0,1,2,1,0,1,0,0,1,0,1,0,0,0,0,0,0,0,0,1,0,1,0,0,0,0,0,0,0,1,0,0,0,0,0,0,0,0,0,0,0,0,0,0,0,0,0,0,0,0,0,0,0,0,0,0,0,0,0,0,0,0,0,0,0,0,0,0,0,0,0,0,0,0,0,0,0,0,0,0,0,0,0,0,0,0,0,0,0,0,0
Q14204,27,35,29,26,13,19,0,36,47,33,22,25,26,2,37,32,22,20,18,28,1,20,32,25,21,19,13,1,24,25,10,16,11,19,1,26,31,21,16,18,18,1,1,1,1,0,3,0,0,33,39,40,34,25,44,4,51,51,43,32,31,35,3,34,45,26,30,32,24,2,27,33,32,19,24,29,1,29,28,20,22,20,30,1,23,27,31,17,17,28,1,4,2,1,3,1,1,0,28,32,25,12,17,13,1,38,52,40,31,18,23,0,17,41,14,11,19,12,2,22,36,17,9,12,14,0,17,29,14,7,13,15,3,27,26,11,9,9,11,3,2,3,2,1,1,0,0,20,35,17,15,19,14,0,26,36,22,31,30,21,3,9,32,23,24,8,11,0,13,19,9,6,11,7,1,12,28,8,10,8,8,2,17,21,12,6,9,8,0,2,1,1,0,0,0,0,19,20,20,16,11,15,1,35,27,22,27,27,17,1,14,25,12,12,9,8,1,21,25,10,7,1,5,0,8,26,13,5,10,10,0,16,27,11,13,10,16,1,4,1,0,1,1,1,0,20,28,23,22,20,25,0,30,32,32,22,17,19,3,16,24,20,11,11,12,3,16,23,11,4,8,5,1,12,19,15,7,10,10,1,28,23,10,7,11,16,3,3,2,3,1,0,0,0,2,2,4,6,1,1,0,3,1,1,0,2,3,0,1,3,0,2,1,1,0,1,1,3,0,1,0,0,0,1,1,2,0,2,0,1,0,0,0,0,1,0,0,0,0,0,0,0,0
Q13409,18,6,2,3,3,7,0,2,6,4,8,4,4,0,4,5,5,3,1,3,0,1,2,2,2,1,2,1,1,1,3,3,0,1,0,6,2,6,0,3,4,0,1,0,1,0,0,0,0,5,5,4,2,3,3,0,6,4,4,5,3,3,0,2,4,6,4,5,3,0,5,4,4,4,1,2,0,7,2,2,2,0,0,0,5,3,5,2,3,1,0,0,0,1,0,0,0,0,10,5,5,1,0,3,0,6,6,6,0,2,3,0,8,4,5,4,1,2,0,1,4,5,1,3,3,1,1,0,3,2,2,2,0,2,4,3,5,2,1,0,0,1,0,0,0,0,0,1,5,2,2,0,4,1,6,3,2,5,2,3,0,3,4,2,2,1,2,1,4,3,2,1,2,0,0,1,1,2,2,1,2,1,1,3,2,1,0,3,0,0,0,0,2,0,0,0,1,3,5,1,1,1,0,2,2,1,2,0,1,0,3,0,4,3,1,1,0,3,2,1,1,2,2,0,0,1,1,2,7,4,0,1,2,1,0,0,6,0,1,0,0,0,0,0,0,4,2,2,2,2,3,1,0,4,7,0,1,5,1,2,6,3,2,1,6,0,1,4,1,3,1,1,0,2,3,1,0,5,1,0,1,4,3,3,4,11,0,0,0,0,0,0,0,0,0,1,1,0,0,0,0,0,0,0,0,1,0,0,2,0,0,0,0,0,0,0,2,0,0,0,0,0,0,0,0,0,0,0,0,0,0,0,0,0,0,0,0,0,0,0,0,0,0
P63167,0,2,0,1,1,0,0,0,0,1,1,0,1,1,0,0,1,0,1,1,0,1,0,1,0,1,0,0,0,0,0,0,1,0,0,0,0,0,0,0,0,0,0,0,0,0,0,1,0,2,0,0,1,0,0,0,1,2,0,1,0,0,0,0,2,0,0,0,0,0,1,0,2,0,2,0,0,0,0,0,0,0,0,0,0,0,0,0,2,0,0,0,0,0,1,0,0,0,0,1,1,0,0,0,1,0,1,1,1,0,0,0,1,0,0,0,0,1,0,0,0,0,0,0,0,0,0,1,0,0,1,1,0,1,0,0,2,0,1,0,0,0,0,0,0,0,0,1,1,0,0,0,0,0,0,0,0,0,0,0,0,2,1,0,0,2,1,0,0,0,2,0,0,0,0,1,1,1,0,0,0,0,0,0,0,0,0,0,0,0,0,0,0,0,0,0,1,0,0,0,0,0,0,1,1,0,1,0,0,0,0,0,0,0,0,1,0,0,0,0,0,0,0,0,0,1,0,0,0,2,0,0,3,0,0,0,0,1,0,0,0,0,0,0,0,0,0,1,1,0,0,0,1,0,0,1,0,1,0,0,0,1,0,0,0,0,0,0,1,1,0,0,0,0,0,0,0,1,1,0,0,0,1,0,0,0,0,0,0,1,0,0,0,0,0,0,0,0,0,0,0,0,0,0,0,0,0,0,0,0,0,0,0,0,0,0,0,0,1,0,0,0,0,0,0,0,0,0,0,1,0,0,0,0,0,0,0,0,0,0,0,0,0
Q13627,3,5,9,6,2,1,0,5,9,6,2,5,5,1,3,5,9,9,2,3,1,3,3,1,11,2,2,0,3,3,0,0,3,1,0,1,3,4,3,1,1,0,1,0,0,0,0,0,0,4,5,7,3,1,3,0,6,6,3,5,5,4,1,6,4,4,9,3,5,0,7,3,5,5,3,2,2,2,4,4,3,4,1,1,3,4,5,0,2,0,1,1,1,0,0,0,0,0,4,7,5,5,4,4,0,3,2,6,10,4,3,0,8,8,26,7,2,4,0,8,4,11,5,3,3,0,1,3,2,1,4,1,0,6,4,2,4,1,2,1,0,0,1,0,0,0,0,7,10,3,5,0,2,1,4,2,8,3,2,0,0,5,6,8,5,0,4,0,6,6,7,16,3,1,0,2,4,2,2,3,1,0,2,2,3,1,0,1,0,0,1,1,0,0,0,0,2,2,3,1,2,2,0,3,6,3,5,2,2,0,1,2,2,1,3,2,0,2,1,3,2,1,0,0,4,5,2,3,3,2,0,2,1,3,0,1,0,0,1,0,0,0,0,0,0,5,3,4,2,1,1,0,2,4,5,1,1,1,0,6,3,4,2,2,2,0,2,1,2,0,2,1,0,0,2,1,0,2,1,0,2,0,1,0,1,1,0,0,0,0,1,0,1,0,1,1,1,0,0,0,0,0,1,0,1,0,0,0,0,0,1,1,0,0,0,0,1,0,0,0,0,0,0,0,0,0,0,0,0,0,0,1,0,0,0,0,0,0,0,0,0,0,0
Q66K89,23,10,9,3,5,9,1,17,11,9,3,0,5,0,12,5,6,7,2,3,0,5,1,2,5,2,5,1,7,2,5,2,2,2,0,8,9,7,3,4,4,0,2,1,0,1,5,1,0,8,12,12,1,5,3,1,7,0,5,5,3,7,1,12,4,3,0,4,5,0,5,3,3,2,2,1,1,2,2,0,1,1,5,1,6,3,2,2,0,5,0,1,2,0,0,0,0,0,11,11,8,6,5,6,0,4,3,3,1,4,4,0,9,1,1,1,0,2,1,6,1,2,2,1,0,0,2,6,2,1,1,0,0,5,3,1,1,1,2,0,0,3,0,1,2,0,0,5,6,0,4,4,8,1,3,1,2,0,2,1,1,4,1,0,1,2,3,0,6,1,1,0,4,0,0,2,2,2,1,2,0,0,2,1,2,0,2,0,0,2,1,0,0,1,0,0,3,1,0,4,0,3,6,3,5,4,4,2,0,1,4,4,1,0,4,0,3,4,2,0,2,0,0,2,1,1,1,3,0,1,0,1,1,1,0,2,3,0,0,0,0,0,0,1,0,9,3,5,2,0,6,1,7,7,3,2,0,1,0,6,4,4,3,0,0,2,1,1,3,1,0,1,0,2,3,3,1,1,0,0,3,3,7,0,1,5,0,0,0,0,0,0,0,0,1,1,1,1,1,0,0,1,1,2,2,1,0,0,0,0,0,0,0,0,0,1,1,0,0,0,0,0,1,3,3,1,0,0,0,1,0,0,1,0,0,0,0,0,0,0,0,0,0
J3KN16,29,15,16,11,12,7,3,31,22,22,14,10,15,2,13,10,20,7,7,6,2,8,15,2,5,8,5,0,7,9,7,5,9,6,1,4,12,8,5,6,1,0,3,1,3,0,1,0,0,21,31,19,17,10,11,2,26,27,23,14,14,15,3,14,23,14,10,17,13,1,7,16,8,7,3,10,1,15,17,12,5,4,7,2,12,13,4,12,7,8,3,1,2,5,1,1,1,0,14,26,12,4,7,3,1,21,20,19,5,13,5,2,18,23,23,6,13,8,0,4,12,7,6,5,1,0,14,15,10,9,3,5,1,12,10,6,4,5,3,0,2,1,0,0,1,1,0,3,10,5,1,6,7,0,15,20,9,7,8,8,3,5,8,10,5,3,5,0,5,9,2,4,3,5,0,8,4,7,1,2,3,0,4,7,7,5,3,3,0,0,0,0,0,0,1,0,15,17,7,4,7,6,2,12,15,7,3,12,7,0,6,11,13,5,10,6,2,4,6,10,1,2,2,0,8,5,5,3,4,1,0,5,7,5,4,2,2,1,0,2,1,1,0,1,0,8,16,5,6,1,2,0,5,17,12,7,4,7,1,11,7,9,1,4,1,0,4,12,6,5,3,5,0,5,5,12,1,4,4,1,1,3,2,4,8,4,0,0,1,2,1,0,0,0,3,1,1,0,1,0,0,1,1,0,2,1,2,0,0,3,3,1,3,1,0,0,0,1,0,1,1,0,1,1,0,1,0,0,0,0,0,1,1,1,1,0,0,0,0,0,0,0,0
P68104,13,7,5,2,2,4,2,9,5,2,3,5,1,0,5,5,2,2,5,5,0,6,1,1,1,2,2,0,3,3,0,3,2,1,0,1,3,3,2,4,1,0,0,0,1,0,1,1,0,11,3,3,3,1,5,0,5,5,3,2,3,3,1,3,2,3,3,1,2,0,3,2,2,1,1,0,0,2,3,2,1,2,4,1,2,2,1,1,1,1,0,0,0,0,0,0,1,0,2,4,3,3,3,2,0,4,5,2,1,2,2,0,5,1,3,0,2,2,0,2,0,0,0,2,1,1,2,2,2,1,3,1,0,7,2,2,0,1,0,0,0,0,0,0,0,0,0,1,4,7,1,3,1,0,1,2,2,1,0,0,0,1,0,2,0,1,1,0,1,1,1,0,0,0,0,2,1,3,0,0,0,0,2,0,0,0,1,0,0,0,0,0,0,0,1,0,4,3,5,1,1,2,0,3,3,2,1,1,1,0,3,3,1,1,0,2,0,5,1,1,0,0,0,0,2,1,1,1,0,3,0,2,5,1,0,3,0,0,1,0,0,0,0,0,0,4,3,2,3,2,0,1,4,2,3,1,4,1,0,0,4,2,0,2,0,0,0,1,0,1,1,0,0,4,1,1,1,1,2,0,0,1,1,0,0,0,0,0,0,0,0,0,0,0,0,1,0,0,0,0,0,0,0,0,0,0,0,0,0,1,0,0,0,0,0,0,0,0,0,0,0,0,0,0,1,0,0,0,0,1,2,0,0,0,0,0,0,0,0,0,0,0,0
P26641,3,4,5,2,2,2,0,6,7,5,1,1,3,0,1,5,2,0,1,0,0,3,1,2,4,4,2,0,3,5,0,1,1,2,0,1,4,0,1,1,2,0,0,1,0,0,0,0,0,4,7,2,7,5,1,1,9,2,2,3,4,2,0,5,4,4,3,2,3,1,2,4,1,1,1,1,1,2,0,1,2,4,1,0,2,3,1,1,1,3,0,0,0,1,0,0,0,0,1,5,2,2,3,1,0,2,5,5,1,0,3,0,3,2,3,3,2,1,0,3,2,2,1,0,0,0,0,2,1,1,1,1,0,3,1,2,0,2,3,0,1,0,0,0,0,0,0,5,2,1,0,1,1,0,2,3,3,2,1,0,1,2,3,3,2,0,3,0,1,3,2,1,0,2,0,0,1,1,2,1,1,0,0,2,1,1,0,0,1,0,0,1,0,0,0,0,2,1,0,3,1,3,0,2,3,3,2,1,3,0,1,1,0,0,1,1,0,0,1,3,2,1,0,0,2,5,0,1,1,2,0,2,2,0,0,1,2,1,0,0,0,0,0,0,0,2,4,0,2,0,1,0,5,2,4,2,2,0,0,2,0,1,0,0,3,0,1,1,3,0,0,0,0,3,0,1,0,3,1,0,1,3,2,2,3,1,0,0,1,0,0,0,1,0,1,0,0,0,0,0,0,1,0,0,0,1,0,0,0,1,1,0,0,0,0,0,0,0,0,0,0,0,0,0,0,0,0,0,0,0,0,0,0,0,1,0,0,0,0,0,0,0,0
O14681,1,2,1,1,1,0,0,2,5,5,2,1,3,0,3,5,2,2,1,1,0,1,5,0,1,0,0,0,2,1,2,1,2,0,0,1,2,0,1,0,0,0,0,0,0,0,0,0,1,2,6,3,4,3,0,0,6,19,10,2,6,1,1,5,6,5,1,2,2,1,1,7,2,1,1,0,0,3,2,3,2,1,1,0,2,1,1,2,0,0,0,1,0,1,0,0,0,0,0,3,4,1,3,1,0,2,12,2,3,1,1,0,1,4,4,2,0,0,0,2,3,1,0,0,0,0,2,0,0,1,0,0,0,2,2,0,1,1,0,0,0,1,0,0,0,0,0,3,1,1,0,1,1,1,4,9,4,2,2,0,0,1,2,0,1,0,1,0,1,1,1,0,1,0,0,0,0,1,0,1,1,0,0,0,0,0,0,1,0,0,0,0,0,0,0,0,0,3,3,0,0,2,0,1,0,0,1,1,1,0,2,3,0,0,0,1,0,1,2,1,2,0,1,0,1,0,0,3,2,1,0,1,2,0,0,0,0,0,0,0,0,0,0,0,0,0,3,2,1,0,0,0,2,0,1,2,1,0,1,0,0,0,0,0,1,0,1,2,0,0,1,0,0,0,1,0,0,1,0,0,0,0,0,0,1,0,0,0,0,0,0,0,0,0,0,0,1,0,0,0,0,1,0,0,0,0,0,0,0,1,0,0,0,0,0,0,1,0,0,0,0,0,0,0,0,0,0,0,0,0,0,0,0,0,0,0,0,0,0,1,0,0,0
P60228,2,1,3,2,0,2,0,3,3,3,2,3,3,0,1,2,3,2,1,2,0,1,5,0,3,4,1,0,1,2,0,0,0,0,0,0,2,2,1,2,1,0,0,0,0,0,0,1,0,1,3,2,6,2,1,0,2,6,4,5,1,10,0,1,3,3,5,4,6,0,4,1,3,1,4,1,0,6,0,3,0,2,1,1,1,4,4,1,4,4,0,1,0,1,1,0,1,0,3,4,1,1,0,1,0,3,5,5,1,0,3,2,1,4,2,4,1,2,0,1,6,3,3,1,0,0,2,2,3,1,1,1,0,3,5,1,3,1,0,1,0,0,0,0,0,0,0,2,4,2,0,0,0,1,3,5,4,2,4,0,1,2,5,0,1,2,1,0,1,7,2,2,0,1,0,0,3,2,0,1,4,0,0,2,0,0,1,0,0,0,0,0,0,0,0,0,0,2,2,4,1,3,0,3,3,1,2,2,0,0,1,2,4,1,1,1,0,1,0,1,1,0,0,0,1,0,0,1,2,2,0,3,3,1,1,1,0,0,0,1,0,0,0,0,0,1,3,2,1,0,1,0,1,6,4,2,3,2,1,4,2,1,1,1,2,0,1,0,2,2,1,0,0,2,4,2,1,0,1,0,0,3,2,0,0,0,0,0,0,0,0,0,1,0,1,0,0,0,0,0,0,0,0,1,0,0,0,0,0,0,1,0,0,0,0,0,0,0,1,0,0,0,0,0,0,0,0,0,0,1,0,1,0,1,0,0,0,0,0,0,0,0,0
O00303,11,7,4,1,1,2,0,15,7,8,2,3,2,0,9,6,2,5,1,0,0,1,0,0,3,0,0,0,3,1,0,1,1,0,0,1,0,0,2,1,2,0,0,0,0,0,0,0,0,6,13,5,2,2,3,0,6,2,2,1,1,3,0,6,4,6,2,0,0,0,2,3,2,0,0,0,0,3,1,0,0,0,2,0,1,0,4,3,0,1,0,0,0,1,1,0,0,0,3,8,5,0,3,1,0,4,4,3,2,0,1,2,4,3,2,1,2,4,0,3,2,1,0,2,2,0,3,0,1,0,0,0,0,3,1,1,2,0,0,0,0,0,0,0,0,0,0,0,6,2,0,0,0,0,4,2,4,1,2,2,0,1,1,0,2,0,0,0,1,3,0,0,0,0,0,1,0,0,0,1,1,0,1,0,1,0,0,0,0,0,0,0,0,0,0,0,4,2,3,1,0,0,0,1,0,1,0,0,0,0,0,1,1,0,0,0,0,0,2,0,0,0,0,0,0,0,0,1,0,1,0,1,0,2,1,0,0,0,0,0,0,0,0,0,0,2,1,5,0,0,0,0,1,0,0,0,0,1,0,0,1,5,0,0,3,0,1,5,0,1,1,0,0,0,0,1,0,0,0,0,1,1,1,0,0,1,0,0,0,0,0,0,0,0,0,0,0,0,0,0,0,0,0,0,0,0,0,0,0,0,0,0,1,0,0,0,0,1,0,0,0,0,0,0,0,0,0,0,0,0,0,0,0,0,0,0,0,0,0,0,0,0,0
P06730,2,1,0,0,1,2,1,1,1,1,1,4,0,0,1,0,0,0,1,2,0,1,1,1,1,1,0,0,3,0,0,0,1,0,0,0,0,0,1,2,1,0,1,0,0,0,0,0,0,0,3,0,2,0,1,0,1,1,2,4,1,0,1,0,3,2,1,0,2,0,2,4,2,1,2,0,0,0,2,1,1,0,3,0,1,1,1,0,0,1,0,0,1,0,0,0,0,0,1,1,3,0,1,0,0,1,3,1,2,0,1,0,1,2,1,1,0,3,0,0,1,1,0,0,1,0,0,0,2,0,1,2,0,2,3,1,0,0,1,1,0,0,0,0,0,0,0,2,0,0,1,0,0,0,2,1,2,1,1,1,0,2,2,1,1,1,1,0,0,1,3,0,1,0,0,1,2,1,2,0,1,0,0,1,0,0,0,0,1,0,0,0,0,0,0,0,1,1,0,1,1,0,0,0,3,1,1,0,0,0,2,1,1,0,1,0,0,0,1,0,2,2,1,0,0,0,0,2,0,0,0,1,1,0,1,1,2,0,0,0,0,0,0,0,0,0,1,2,1,1,0,0,1,0,1,2,1,2,0,0,0,3,0,2,0,0,0,0,1,1,1,0,0,0,1,1,1,0,0,0,1,1,2,1,0,2,0,1,0,0,0,0,1,0,0,1,0,0,0,1,0,0,1,0,0,0,0,0,0,0,0,0,0,0,0,0,0,0,0,0,0,0,0,0,0,0,0,0,0,0,0,1,0,0,0,0,0,0,0,0,0,0,0
Q04637,11,15,13,9,12,16,2,13,24,19,10,5,9,0,11,11,12,6,4,1,0,4,10,6,6,2,2,0,6,9,6,5,6,14,0,6,10,6,2,11,9,0,0,1,0,2,0,1,0,25,21,15,8,10,9,1,21,21,19,10,13,14,0,12,22,19,6,10,5,0,12,10,6,10,2,5,0,9,8,9,5,3,9,1,9,13,7,4,12,8,0,1,0,0,0,1,1,0,16,15,6,5,4,5,0,25,10,17,11,11,9,2,11,14,6,3,5,9,1,4,4,4,3,0,3,0,5,5,2,4,8,4,1,7,7,4,3,2,8,0,1,0,0,0,0,0,0,6,9,5,2,5,3,1,5,14,10,3,3,9,0,9,9,4,1,3,3,0,3,6,7,1,2,5,0,1,3,1,1,1,0,0,6,4,5,0,2,3,0,0,0,0,0,1,0,0,8,9,1,4,7,1,0,12,15,1,5,7,3,0,4,13,5,0,2,3,0,4,9,3,2,1,5,1,2,10,2,2,6,6,0,8,10,6,0,7,7,0,0,2,1,0,0,0,0,11,10,5,2,8,10,0,13,12,7,6,5,9,0,4,16,3,1,5,10,0,3,4,4,1,0,0,0,7,8,7,7,4,5,0,10,7,11,2,4,14,1,0,1,0,0,0,0,0,1,1,0,0,0,0,0,0,2,1,0,0,0,1,0,0,0,1,0,0,0,1,1,0,0,0,0,0,0,0,0,1,0,0,1,0,1,0,1,0,0,0,0,0,0,0,0,0,0
P56537,2,7,5,1,0,0,1,6,5,2,0,0,1,2,2,2,1,1,0,3,0,2,1,0,1,1,1,0,1,1,0,1,1,0,0,2,1,1,1,0,0,0,0,1,2,1,0,0,0,3,1,3,3,0,3,3,2,0,4,0,1,1,0,2,0,3,1,0,3,0,4,0,0,1,0,1,0,1,1,0,0,0,1,1,1,1,1,1,0,2,1,1,0,1,0,0,0,0,4,1,0,2,2,0,0,1,0,1,2,2,3,0,3,3,3,2,1,1,0,0,0,1,1,2,0,0,1,1,0,0,0,0,0,1,3,1,1,2,0,0,0,0,0,0,0,0,0,3,3,2,0,0,1,0,1,1,0,0,1,1,0,0,2,0,0,0,0,0,0,2,1,0,0,1,0,0,2,0,1,0,0,0,1,1,2,1,0,1,0,0,0,1,0,0,0,0,1,2,0,0,0,0,0,3,0,0,3,0,0,0,0,0,1,0,0,0,0,2,0,0,0,0,0,0,0,1,0,0,0,0,0,0,1,0,0,0,1,0,1,0,0,0,0,0,0,2,1,0,0,2,1,0,2,2,2,1,0,1,0,2,1,2,0,0,1,0,1,1,0,0,0,2,1,0,0,1,0,0,1,0,1,1,1,1,0,0,0,0,0,0,1,0,0,0,1,1,0,0,0,0,0,1,0,0,0,0,0,0,0,0,3,0,1,0,0,0,0,0,1,0,1,0,0,0,0,0,0,0,0,0,0,0,0,0,0,0,0,0,0,0,0,0,0
Q15006,0,3,1,2,2,1,0,0,2,2,4,2,2,0,1,1,1,2,1,3,0,2,0,2,0,1,1,0,2,2,1,2,1,0,0,3,1,1,1,0,1,0,0,0,0,0,0,0,0,3,3,0,1,1,2,0,2,0,0,2,1,1,0,1,1,1,0,1,3,0,0,3,5,1,1,3,0,0,1,2,0,2,1,0,1,1,1,2,1,5,0,0,2,0,0,0,0,0,1,2,4,1,3,2,0,1,1,0,3,1,5,0,0,2,2,0,2,0,0,0,0,2,1,2,2,0,3,0,2,0,1,2,0,0,2,0,3,1,2,0,0,0,0,0,0,0,0,0,1,0,0,1,1,0,1,2,2,2,1,2,1,7,2,2,0,0,0,0,1,2,0,1,0,0,1,1,0,1,1,2,0,0,1,2,2,1,1,1,0,0,0,1,0,0,0,0,2,0,4,1,1,1,0,3,0,1,1,0,1,0,2,1,0,3,3,2,0,0,1,1,1,1,0,0,2,2,4,0,2,0,0,0,0,2,0,1,0,0,0,0,0,0,0,0,0,3,3,1,1,0,0,0,2,0,2,1,1,0,1,2,3,0,1,1,0,0,0,5,1,1,0,2,0,1,1,1,1,2,0,0,3,1,1,2,2,0,0,0,0,0,0,0,0,0,0,0,0,0,0,0,0,1,1,0,0,0,0,0,0,1,0,0,0,0,0,0,0,0,0,0,0,0,0,0,0,0,0,0,0,0,0,0,0,0,0,0,0,0,0,0,0,0,0
Q9P0I2,1,2,2,2,1,0,0,2,4,1,0,0,0,0,1,2,2,1,0,0,0,1,2,3,2,0,3,0,0,0,3,1,1,0,0,0,2,0,1,0,2,0,0,0,0,0,0,0,0,3,2,1,5,3,2,0,7,7,8,0,0,2,0,4,6,5,2,2,0,0,1,1,1,1,0,0,0,0,3,0,0,1,0,0,0,3,1,0,2,1,0,0,0,0,0,0,0,0,2,1,3,3,0,2,0,0,6,4,0,2,3,0,2,3,0,3,2,1,0,0,3,1,0,2,2,0,1,3,1,0,2,0,0,1,1,2,0,0,0,0,0,0,0,0,0,0,0,1,1,0,0,1,0,0,0,2,2,1,1,2,0,3,1,1,0,0,3,0,0,2,0,1,0,1,0,0,2,0,0,0,0,0,1,0,2,3,1,0,0,0,0,0,0,0,0,0,0,0,1,1,0,0,0,3,3,3,1,1,0,0,0,1,2,1,2,0,0,0,0,1,0,0,0,0,0,2,2,0,1,1,0,0,0,1,0,0,0,0,0,0,0,0,0,0,0,1,1,0,0,0,1,0,4,1,1,2,0,0,0,1,2,1,1,1,0,0,1,0,2,0,0,1,0,1,1,0,0,1,0,0,1,2,0,0,0,1,0,0,0,0,0,0,0,0,0,0,0,0,0,0,0,0,0,0,0,0,0,0,0,0,0,0,0,0,0,0,0,0,0,0,0,0,0,0,0,0,0,0,0,0,0,0,0,0,0,0,0,0,0,0,0,0,0
P50402,2,2,2,0,1,0,0,5,1,0,0,1,0,0,1,0,3,2,0,2,0,0,2,1,1,1,0,0,0,0,3,1,1,0,0,2,1,0,0,0,2,0,0,0,0,0,0,0,0,2,3,0,2,2,2,0,3,5,3,3,1,2,0,0,1,7,1,0,0,0,2,0,3,0,0,0,0,0,1,1,0,3,1,0,2,1,3,0,0,1,0,0,0,0,0,0,0,0,2,1,3,0,1,0,0,1,4,5,2,3,3,0,3,8,16,1,2,3,0,0,1,3,0,1,1,0,0,0,2,0,1,0,0,1,2,2,0,1,2,0,0,0,0,0,0,0,0,0,1,0,2,0,1,0,1,2,0,0,0,1,0,2,4,1,0,1,1,0,0,1,0,1,0,0,0,1,0,0,0,0,1,0,0,1,1,0,0,0,0,0,0,0,0,0,0,0,1,0,1,0,0,0,0,1,2,0,0,0,0,0,1,2,3,2,0,0,0,0,0,1,0,0,1,0,0,2,2,1,1,1,0,0,0,1,1,2,0,0,0,0,0,0,0,1,0,0,0,2,1,1,2,0,0,2,1,0,1,1,0,0,3,3,0,0,2,0,2,0,1,0,0,0,0,1,0,0,0,1,1,1,1,0,2,2,1,2,0,0,0,0,0,0,0,0,0,0,0,0,0,0,0,0,0,0,0,0,0,0,0,0,0,0,0,0,0,0,0,0,0,0,0,0,0,0,0,0,0,0,0,0,0,0,0,0,1,0,0,0,0,0,0,0,0
Q96L91,58,42,34,27,15,14,0,41,32,40,34,16,10,4,39,23,31,13,8,7,0,24,29,14,20,4,9,0,13,17,5,12,8,3,0,9,10,9,9,9,13,0,0,2,0,0,1,0,0,50,37,26,26,15,11,2,41,63,31,33,28,14,0,32,36,24,23,12,14,0,31,36,30,21,9,9,1,23,22,14,14,11,5,1,13,12,8,8,9,5,0,2,1,1,2,1,2,0,30,31,28,19,10,7,0,31,34,28,24,14,13,2,27,38,25,9,6,5,1,25,26,9,7,4,3,0,9,12,6,7,3,5,0,4,11,5,7,3,6,0,0,1,1,0,1,0,0,30,32,18,21,7,6,0,28,35,20,29,8,6,1,13,22,19,16,5,6,1,20,17,12,37,9,3,1,4,12,3,6,10,4,1,3,10,8,3,2,5,0,1,2,1,0,0,0,0,15,23,10,4,7,10,0,18,28,5,10,13,7,1,7,15,4,6,5,1,1,5,11,11,9,7,3,0,9,10,9,3,9,7,0,4,5,2,4,6,6,1,0,1,0,1,2,0,0,7,11,5,2,3,11,1,7,15,15,7,9,5,1,6,12,8,6,5,3,0,9,8,7,5,4,3,1,10,8,2,3,5,4,1,7,10,8,6,4,19,1,0,1,0,1,0,0,0,0,1,0,1,1,0,0,1,3,2,0,2,0,0,1,0,0,1,1,0,0,0,0,0,0,3,1,0,1,1,0,1,1,0,1,0,1,0,0,0,1,0,0,0,0,0,0,0,0
Q9H2F5,3,4,8,1,5,2,0,8,7,4,11,2,0,1,11,11,8,5,2,4,0,1,4,3,3,0,0,1,3,3,3,2,2,3,1,1,4,4,2,3,3,0,0,0,0,0,0,0,0,7,10,14,4,7,2,0,10,7,2,4,2,6,1,4,6,6,3,8,4,0,5,8,6,10,4,2,0,1,6,3,1,2,2,0,3,3,3,2,5,4,0,0,1,1,0,1,0,0,7,7,7,3,1,7,0,9,6,9,6,4,6,1,6,11,11,10,1,0,1,6,2,9,3,0,4,1,1,5,4,2,4,5,0,3,5,5,3,0,2,0,0,0,1,0,0,0,0,3,7,8,1,2,0,0,7,5,7,5,1,2,0,2,7,7,2,2,4,0,5,6,4,7,2,2,0,2,2,0,4,3,0,1,3,1,3,0,2,1,0,1,0,0,1,0,0,0,2,1,1,2,1,3,0,7,4,5,5,5,2,0,4,4,1,2,3,0,0,3,4,1,1,2,0,0,1,7,2,1,8,4,1,1,4,7,2,1,0,0,0,0,2,1,0,0,0,0,4,3,1,1,3,0,3,3,4,4,1,3,0,4,1,8,2,3,6,0,0,3,1,2,3,2,0,2,4,2,0,5,1,0,1,1,2,2,3,6,1,0,0,0,0,1,0,0,1,0,0,0,0,0,0,0,0,0,0,0,1,0,0,1,0,1,2,0,0,1,0,0,0,1,0,0,0,1,0,1,0,0,0,0,0,0,0,0,0,0,0,0,0,0,0,0,0
Q52LR7,3,1,11,2,4,4,0,3,3,5,6,4,2,1,8,9,5,3,1,2,0,2,3,4,3,1,1,0,3,5,3,3,2,2,1,1,4,3,2,1,2,0,0,1,0,0,0,1,0,4,8,8,4,6,2,1,3,5,6,3,4,4,0,6,10,4,4,4,6,0,6,8,4,8,4,2,0,3,5,1,3,3,4,1,3,4,6,4,3,1,0,0,0,1,2,1,0,0,7,4,5,3,3,4,1,12,4,7,5,5,5,2,7,9,8,6,1,2,3,4,7,3,6,1,1,1,1,2,6,1,4,3,1,3,5,4,1,2,3,0,0,1,0,0,0,2,0,4,4,4,4,2,0,0,3,11,5,9,2,2,1,0,3,9,4,3,2,0,5,4,8,4,2,3,0,1,5,4,2,3,0,0,0,2,2,1,2,2,2,1,0,0,0,0,0,0,4,4,0,1,2,2,0,8,1,5,5,3,3,0,0,6,6,2,3,0,0,0,5,2,3,2,1,0,2,6,3,4,7,3,0,1,4,6,1,2,0,0,0,0,1,1,0,1,0,2,3,0,0,2,1,0,2,1,6,4,2,5,0,5,3,5,2,5,6,0,1,5,0,2,2,3,0,3,2,0,0,5,2,0,0,1,4,2,2,6,0,0,0,1,1,0,0,0,1,0,0,0,0,0,0,2,0,0,0,0,0,0,0,0,0,2,1,0,0,0,1,0,0,3,0,0,0,0,0,0,1,0,0,0,0,1,2,0,1,0,0,0,0,0,0,0,0
P84090,0,0,0,1,0,1,0,0,1,0,0,0,1,1,0,1,1,0,0,1,0,0,0,0,1,1,0,0,0,0,1,0,0,0,0,0,1,1,0,0,0,0,0,0,0,0,0,0,0,0,0,1,0,0,0,0,1,1,1,1,0,1,0,0,1,0,2,0,0,0,1,0,3,0,0,2,0,0,0,0,0,1,1,0,1,1,1,0,0,1,0,0,0,1,0,0,0,0,0,1,0,0,0,0,0,0,0,2,2,1,2,0,0,1,0,1,2,0,0,0,1,2,0,0,0,0,1,0,0,0,1,0,1,2,0,1,0,0,0,0,0,0,0,0,0,1,0,0,1,1,1,0,0,0,0,0,0,1,0,0,0,0,2,2,0,1,1,0,1,0,0,0,0,0,0,0,0,0,0,1,0,0,0,0,0,0,1,1,0,0,0,0,0,0,0,0,1,0,0,0,0,1,0,0,1,0,2,0,0,0,1,1,0,0,0,0,0,0,0,1,0,0,0,0,0,2,1,0,0,0,0,0,0,0,0,1,0,0,1,0,0,0,0,0,0,0,1,1,0,1,0,0,0,2,0,0,1,0,0,0,0,2,0,0,1,1,1,0,0,0,0,0,0,0,1,0,1,0,0,0,0,1,1,0,0,0,0,0,0,0,0,0,0,0,1,0,0,0,0,0,0,0,0,0,0,0,0,0,0,1,0,0,0,0,0,0,0,0,0,0,0,0,0,0,0,0,0,0,0,0,0,0,1,0,0,0,0,0,0,0,0,0,0
O75477,7,4,3,2,3,2,0,5,2,3,1,1,1,0,0,5,4,0,3,0,1,1,1,2,0,2,1,0,3,0,1,2,1,1,0,1,3,1,1,2,3,0,0,1,1,0,0,0,0,6,2,2,4,1,2,1,3,4,3,1,2,1,0,3,5,4,3,1,1,0,1,1,2,1,1,2,0,1,2,3,3,1,2,0,0,5,2,1,1,0,0,0,0,0,0,0,0,0,2,3,2,0,2,1,1,2,4,2,2,3,2,0,3,2,0,3,1,4,0,3,2,2,0,1,0,0,0,3,0,1,1,2,0,4,1,0,0,3,0,0,0,1,0,0,0,0,0,3,1,2,0,0,1,0,2,2,4,0,2,2,0,3,0,2,0,1,0,0,0,4,0,0,0,0,0,2,1,0,2,1,0,0,1,1,0,0,0,1,0,0,0,0,0,0,0,0,2,2,1,1,1,1,0,2,0,1,1,2,2,0,1,1,1,1,1,0,0,2,3,1,2,2,0,0,0,2,0,0,1,2,0,3,1,4,0,1,0,0,0,0,0,0,0,0,0,1,1,2,0,1,4,0,3,2,4,2,2,1,0,1,2,1,1,0,3,0,0,1,0,1,0,0,0,2,0,1,2,0,2,0,0,3,1,0,0,0,0,0,0,0,0,0,0,0,0,0,0,0,0,0,0,1,0,0,1,0,0,0,0,0,1,0,0,0,0,0,0,0,0,0,0,0,0,0,0,0,0,0,0,0,0,0,0,0,0,0,0,0,0,0,0,0,0
O94905,7,3,3,3,3,2,0,5,3,2,2,2,1,0,1,1,6,0,1,2,1,1,2,0,0,1,0,0,2,0,2,2,1,3,0,2,4,0,1,1,3,0,0,2,0,0,0,0,0,2,6,2,1,3,2,0,4,4,3,2,1,3,0,3,5,2,2,0,1,0,3,3,0,1,1,2,0,0,2,4,3,1,2,0,1,1,3,2,1,1,0,0,0,0,0,0,0,0,5,1,3,0,2,1,2,0,3,2,2,4,3,0,3,4,4,2,0,0,1,2,2,1,0,2,0,0,0,0,2,0,0,1,0,2,2,2,0,1,0,0,0,1,0,0,0,1,0,4,0,4,0,0,2,0,4,2,3,0,2,1,0,1,0,0,0,0,0,0,0,3,0,0,0,0,0,2,0,1,1,1,0,0,0,1,0,0,1,1,0,0,0,0,0,0,0,0,1,3,0,0,1,1,0,1,0,0,1,1,0,0,4,1,2,1,2,0,0,4,1,0,0,1,0,0,0,1,0,0,1,2,0,3,1,5,0,1,0,0,0,0,0,0,0,0,0,2,2,1,0,1,3,0,1,4,3,2,2,1,0,2,3,0,2,0,4,0,0,1,0,2,0,0,0,2,0,1,0,0,2,0,0,4,1,0,0,1,0,0,0,0,0,0,0,0,0,0,0,0,0,0,0,1,1,0,1,0,0,0,0,0,0,0,0,0,0,0,0,0,0,0,0,0,0,0,0,0,0,0,0,1,0,0,0,0,0,0,0,0,0,0,0,0,0
A0FGR8,8,12,2,1,6,4,0,13,18,11,7,6,4,0,2,8,5,5,4,1,0,3,7,3,0,0,3,0,8,9,4,2,1,5,2,2,7,2,2,2,4,0,1,0,0,0,0,0,0,9,16,8,4,13,4,0,13,14,10,13,6,7,0,5,17,8,3,6,3,1,9,9,6,3,5,7,1,2,6,5,5,3,4,0,1,11,5,6,1,3,2,0,0,0,0,0,0,0,2,13,4,5,1,3,0,12,6,7,9,3,6,0,5,6,3,4,3,2,0,4,2,4,3,3,1,0,6,4,1,1,8,1,0,1,2,1,1,2,1,0,0,0,0,1,0,0,0,7,10,2,2,4,4,1,5,3,3,4,5,3,0,4,5,4,3,4,0,0,2,2,1,2,1,2,0,3,4,0,3,2,0,1,1,5,2,0,2,3,0,0,1,0,0,0,0,0,7,5,8,2,3,2,0,8,5,5,4,3,3,0,4,3,1,1,3,1,0,5,2,4,0,3,0,0,5,3,1,2,3,3,1,4,5,2,0,3,2,0,1,2,0,1,0,0,0,0,2,1,1,3,2,0,3,16,6,3,1,6,0,8,4,2,1,1,1,0,5,1,2,1,1,0,0,3,2,2,1,1,3,0,0,5,5,1,2,3,0,1,0,0,1,0,0,0,0,1,0,1,1,0,0,0,1,1,0,1,0,0,0,0,0,0,0,0,0,2,0,0,1,0,0,0,0,0,0,0,0,0,0,0,0,0,0,0,0,0,0,0,0,0,0,0,0
P13804,12,8,6,3,8,3,1,7,2,6,1,2,1,1,3,5,1,1,1,1,1,1,2,1,0,0,1,0,5,3,2,0,1,3,1,2,3,0,1,0,0,0,0,1,0,0,0,0,0,9,4,2,1,4,1,0,4,5,2,1,1,3,0,1,3,3,1,3,2,0,1,0,1,1,2,3,0,2,2,1,1,0,1,0,2,2,3,1,1,1,0,0,0,1,0,0,0,0,9,1,1,0,2,2,0,2,3,2,0,1,4,0,4,0,2,2,0,1,0,1,3,0,0,0,0,0,1,2,2,0,0,0,0,1,2,0,2,1,0,0,0,1,0,0,0,0,0,4,1,0,1,0,0,0,3,1,1,2,1,0,0,1,0,1,0,0,1,0,1,1,0,0,0,0,0,1,0,0,1,0,0,0,3,1,1,0,0,0,0,0,0,0,0,0,0,0,3,3,3,0,1,0,0,2,4,1,2,0,0,0,5,1,0,0,0,1,0,0,1,1,0,0,1,0,0,2,0,0,1,0,0,0,0,2,0,0,1,1,0,1,0,0,0,0,0,4,3,1,0,0,0,0,2,1,2,1,2,1,0,0,3,2,0,1,0,0,2,1,0,1,0,0,0,0,0,1,1,0,0,0,0,1,0,0,0,0,1,0,0,0,0,2,0,0,0,0,0,0,0,0,0,1,0,0,1,0,1,0,1,0,0,0,0,0,0,0,0,0,0,0,0,0,1,0,1,0,0,0,0,0,0,0,0,0,0,0,0,0,0,0,0,0,0
Q9UPT5,2,4,6,3,4,0,1,3,6,8,4,4,2,0,6,4,6,1,2,3,0,1,2,3,1,2,4,0,1,5,2,3,3,1,1,0,6,2,4,3,1,0,2,0,0,1,0,0,0,3,6,6,6,5,8,0,12,13,6,8,5,3,0,6,3,3,4,7,11,1,1,5,5,3,6,7,0,5,1,3,3,3,5,1,2,4,3,5,1,4,0,0,0,1,0,0,0,0,6,5,2,2,2,4,1,6,6,4,2,2,5,0,4,8,11,2,3,3,0,1,1,2,1,5,2,0,0,4,1,4,1,6,0,4,7,4,2,4,3,0,0,1,0,0,0,0,0,0,4,1,1,2,1,0,6,7,2,6,3,2,0,3,1,6,1,1,2,0,1,2,1,2,1,2,0,3,6,5,1,0,3,0,3,6,3,3,2,0,0,0,0,0,0,0,0,0,4,4,4,0,3,1,0,2,6,5,4,4,2,0,0,7,3,2,1,1,0,2,7,2,1,1,1,0,4,1,2,2,2,0,0,3,7,1,1,4,1,0,0,2,0,0,0,0,0,4,4,2,1,0,2,0,5,8,10,3,3,4,1,3,1,2,2,2,4,0,3,8,1,1,3,1,0,3,6,1,1,2,2,0,1,4,1,2,1,2,0,0,0,0,0,0,0,0,1,0,0,0,0,0,1,0,1,1,0,0,1,0,0,1,0,0,0,0,0,0,1,0,0,0,0,0,0,0,0,0,0,0,0,0,0,0,0,0,0,0,0,0,0,0,0,0,0
Q96CS3,2,1,3,0,0,3,0,0,4,2,1,2,2,0,0,3,2,1,1,1,0,1,3,4,0,0,0,0,1,2,3,0,1,0,0,0,5,2,3,0,2,0,0,1,0,0,0,0,0,3,2,3,3,2,3,1,4,7,7,3,6,3,2,5,7,4,4,1,1,0,2,7,0,3,0,1,0,2,6,2,3,2,4,0,1,3,1,3,2,3,0,0,1,0,0,0,1,0,1,5,0,2,2,2,0,4,6,3,2,2,4,0,2,2,4,2,1,1,1,1,1,3,2,2,2,0,0,1,1,0,1,1,0,0,2,0,2,1,0,0,1,0,0,0,0,0,0,1,2,0,1,1,3,0,3,7,2,3,4,0,0,1,5,2,1,0,0,0,2,1,0,5,3,2,0,0,1,0,0,1,1,2,2,1,1,2,1,2,0,0,0,0,0,0,0,0,1,0,2,0,0,1,0,3,5,3,1,0,2,0,2,1,0,1,1,1,0,0,0,1,1,0,1,0,1,1,0,0,6,6,0,1,2,2,2,4,6,0,0,1,0,1,0,0,0,1,1,1,1,2,0,0,3,2,4,3,5,1,0,2,3,1,2,0,1,0,2,7,1,2,0,2,0,0,3,0,0,3,5,0,2,4,3,2,3,1,0,0,0,0,0,0,0,0,0,0,0,1,0,0,0,0,1,1,0,0,1,0,0,0,0,0,0,0,0,0,0,0,0,0,1,0,0,0,0,0,0,0,0,0,1,0,0,0,0,0,0,0,0,0,0,0,0
Q8N9E0,0,0,1,0,1,0,0,1,1,0,0,0,0,0,1,1,0,1,2,1,0,1,0,0,0,1,1,0,0,0,1,2,0,1,0,0,0,0,0,1,2,0,0,0,0,0,0,0,0,1,0,0,0,2,0,0,0,0,0,1,2,0,0,0,1,1,0,1,1,0,0,0,1,0,1,0,0,0,1,0,1,0,2,0,1,0,0,0,1,0,0,0,0,0,0,0,0,0,1,1,2,0,0,0,0,2,2,1,0,1,0,0,2,1,13,1,4,3,0,0,0,2,0,1,0,0,1,0,1,2,5,2,1,0,0,7,3,1,1,0,0,0,0,0,0,0,0,0,0,1,0,0,1,0,0,0,2,0,0,0,0,0,2,4,0,1,0,0,0,0,0,0,1,1,0,1,0,0,0,5,0,0,0,1,0,1,2,0,0,0,0,0,0,0,0,0,0,0,3,3,1,2,0,0,0,0,0,1,0,0,1,1,2,1,3,1,0,0,1,1,2,2,2,0,6,0,3,3,29,2,0,0,1,1,0,4,4,0,0,0,1,0,0,0,0,0,1,0,0,0,0,0,0,0,1,1,0,2,0,0,0,4,0,0,6,0,1,1,3,0,0,0,0,1,0,3,0,3,3,0,0,2,2,1,1,3,1,0,0,0,0,1,0,0,0,0,0,0,0,0,0,0,0,0,0,0,0,0,0,0,0,0,1,0,0,0,0,0,0,0,0,0,0,0,0,0,1,0,0,0,0,0,0,0,0,0,0,0,0,0,0,0,0
Q5BKY9,0,0,0,0,2,0,0,1,1,0,0,0,0,0,1,1,1,0,1,0,0,0,0,0,0,1,0,0,1,1,2,1,2,1,0,0,0,0,0,1,2,0,0,0,0,0,0,0,0,0,0,1,0,3,0,0,1,0,0,1,2,0,0,0,1,1,0,0,5,0,0,0,1,0,0,1,0,0,1,0,1,0,2,0,1,0,0,0,2,0,0,0,0,0,0,0,0,0,2,1,1,0,2,1,0,2,2,1,0,1,0,0,2,1,16,1,4,3,0,0,1,0,0,1,0,0,2,0,0,2,4,2,0,0,1,10,1,1,0,0,0,0,0,0,0,0,0,0,0,0,0,0,0,0,0,1,2,0,0,0,0,0,1,1,0,2,0,0,0,0,0,0,0,1,0,0,0,0,0,5,1,0,0,0,0,1,2,0,0,0,0,0,0,0,0,0,0,0,3,1,1,2,0,0,0,1,0,1,1,0,1,1,1,1,3,1,0,0,1,1,1,4,1,0,3,1,4,3,25,3,0,0,2,2,0,4,4,0,0,0,0,0,0,0,0,0,1,0,0,0,0,0,0,0,2,1,0,2,0,3,1,7,0,0,4,0,0,1,2,0,0,0,0,1,0,2,1,3,3,0,0,2,3,1,0,2,0,0,0,0,0,0,0,0,0,0,0,0,0,0,0,0,0,0,0,0,0,0,0,0,0,0,0,0,0,0,0,0,0,0,0,0,0,0,0,0,0,0,0,0,0,0,0,0,0,0,0,0,0,0,0,0,0
Q9BXW9,7,9,6,3,1,4,1,7,13,8,12,2,10,2,8,11,10,6,7,3,1,1,7,5,4,1,1,0,6,6,3,3,2,3,2,5,8,4,6,3,5,0,0,2,1,4,0,0,0,8,14,15,6,10,12,4,19,33,23,14,17,10,3,6,20,14,12,7,11,2,9,12,12,8,8,6,0,5,11,9,4,4,8,0,3,15,3,4,7,9,1,2,2,1,2,0,1,0,3,11,8,4,5,7,0,16,20,13,8,5,8,1,10,12,12,2,3,9,1,8,6,4,5,3,6,0,0,9,6,2,4,8,0,6,12,6,8,2,7,0,0,1,4,2,0,0,0,2,9,8,1,4,1,1,7,14,9,8,3,6,1,3,11,5,4,3,8,2,2,13,6,3,2,2,2,2,8,3,1,5,2,0,3,10,2,2,1,2,0,0,2,2,0,0,0,0,3,6,5,1,5,1,0,7,16,8,5,5,3,1,6,7,3,2,5,3,0,1,2,3,2,5,2,0,2,6,5,1,2,1,0,5,7,2,2,4,4,1,1,1,0,1,0,0,0,8,4,4,3,0,6,1,12,20,10,6,8,5,0,5,7,3,4,4,5,1,4,5,6,6,0,2,2,6,5,0,4,0,3,1,4,8,10,3,2,6,0,0,0,1,0,0,1,0,0,1,1,1,0,0,0,1,3,1,2,1,0,0,0,3,2,2,0,2,0,1,3,0,2,2,1,0,0,0,0,0,0,0,0,0,1,1,0,0,0,0,0,0,0,0,0,0,0
Q9NVI1,6,4,9,3,6,3,0,6,12,6,11,4,8,1,9,15,8,8,8,4,1,5,4,5,5,1,4,0,5,9,5,2,2,5,0,5,10,3,1,5,9,1,0,1,1,0,0,0,0,6,16,16,3,9,10,1,22,28,19,14,8,14,3,8,14,14,5,10,12,0,6,9,12,12,5,2,0,2,6,8,5,2,6,1,8,7,5,8,7,6,1,2,2,0,1,1,1,2,4,10,9,6,6,6,0,9,26,17,8,6,7,1,7,13,10,4,7,2,2,6,7,6,2,4,3,1,6,4,6,7,3,3,2,3,8,3,4,3,1,0,0,3,2,1,0,0,0,7,8,5,2,4,3,0,7,16,7,2,5,4,2,7,15,4,5,2,2,1,8,8,5,4,2,1,0,3,7,2,0,2,1,0,1,3,2,3,2,2,0,1,0,0,0,0,0,0,5,5,4,1,3,3,0,8,12,8,7,2,3,0,5,8,7,4,3,1,1,2,8,2,2,1,1,0,3,5,4,0,6,1,1,8,3,3,1,2,1,0,1,3,0,0,0,1,0,2,5,9,7,0,8,1,9,10,3,2,4,5,2,4,8,1,2,1,1,1,2,7,5,2,2,2,0,2,9,4,2,3,2,1,7,4,3,3,3,8,0,1,1,0,0,0,0,0,1,0,1,2,0,1,0,0,4,3,2,1,1,0,1,1,1,1,0,0,0,0,0,1,1,0,0,0,0,0,0,0,1,0,0,0,0,0,0,1,1,0,0,1,1,0,0,0,0
Q8WVX9,4,6,3,1,1,4,1,8,10,3,1,1,1,1,5,4,5,2,2,1,0,0,4,3,3,1,2,0,2,3,1,3,0,1,0,2,2,1,1,2,3,0,0,0,0,1,0,0,0,1,5,7,6,4,4,0,10,8,3,5,7,1,0,3,3,4,4,4,3,0,3,2,4,2,9,3,0,4,2,2,3,2,4,0,2,1,2,1,1,0,0,0,0,2,0,0,0,0,6,2,6,1,3,0,0,5,4,4,2,1,3,0,3,5,2,3,2,3,1,5,4,3,2,0,2,0,2,5,2,0,2,0,0,3,4,0,0,0,1,0,0,1,0,1,0,0,0,6,3,0,3,1,0,0,3,3,2,6,5,0,0,4,4,4,2,1,1,0,3,2,3,0,0,0,0,4,2,2,0,3,0,0,0,4,1,1,0,1,0,0,0,1,0,0,0,0,3,4,4,0,0,2,0,1,2,6,3,3,2,1,2,1,3,1,0,0,1,1,3,2,0,1,0,1,1,3,1,1,0,1,0,1,2,0,1,1,2,0,0,0,0,0,0,0,0,0,5,0,2,1,1,0,0,7,2,6,0,0,0,0,2,1,3,0,0,0,1,3,0,1,0,0,0,0,3,0,1,0,1,0,1,2,2,1,1,1,0,0,0,0,0,0,0,0,0,0,0,0,0,0,0,0,0,1,0,0,0,0,1,0,0,1,1,0,0,0,1,1,0,0,0,0,0,0,0,0,0,0,0,0,0,0,0,0,0,0,0,0,0,0,0,0,0
Q9Y285,6,2,3,4,3,4,0,3,2,2,3,4,5,0,4,4,2,2,2,4,0,4,1,3,2,1,2,0,4,4,2,2,0,1,0,7,7,2,2,1,2,0,0,0,0,0,0,0,0,5,1,5,4,4,6,0,3,7,4,6,5,2,0,1,5,3,0,3,6,0,3,4,5,4,3,1,0,0,5,3,1,4,3,1,6,0,4,1,3,1,0,0,0,0,0,0,0,0,1,2,4,3,2,4,0,8,6,4,2,2,4,0,1,6,2,1,2,2,0,2,1,2,0,0,0,0,3,5,1,0,1,2,0,1,6,3,3,0,0,0,0,0,0,0,0,0,0,3,5,2,0,1,2,0,2,1,2,3,1,1,0,5,3,3,1,4,0,0,0,4,2,1,1,2,0,0,2,2,1,2,0,0,1,1,2,0,1,0,0,0,0,0,0,0,0,0,1,4,2,0,2,2,0,7,5,2,4,1,3,0,2,5,1,0,0,0,0,4,0,2,1,0,0,0,2,3,0,2,2,0,0,3,2,0,0,2,0,0,0,1,0,0,0,0,0,5,5,3,2,1,3,0,2,5,4,2,4,0,0,3,3,3,1,1,1,0,0,0,2,2,2,0,0,2,3,0,1,0,1,0,1,1,1,0,0,1,0,0,0,0,0,0,0,0,0,0,0,0,0,0,0,0,1,0,0,0,0,0,0,0,0,0,0,0,0,0,0,0,0,0,0,0,0,0,0,0,0,0,0,0,0,0,0,0,0,0,0,0,0,0,0,0,0
Q53R41,1,9,1,3,0,2,0,8,12,11,5,3,3,1,4,9,4,1,3,1,0,2,1,1,1,3,1,0,3,3,3,4,1,0,0,4,2,4,0,1,1,0,1,0,1,1,0,0,0,6,9,7,3,8,2,1,10,14,14,7,12,15,4,4,10,9,7,4,12,0,3,11,4,11,8,2,0,5,8,5,4,3,5,0,3,11,4,3,3,4,2,1,1,3,0,0,3,0,3,11,4,0,2,3,0,7,19,6,6,3,4,0,2,10,2,4,2,2,0,1,6,2,3,2,4,0,5,3,2,3,1,0,0,2,11,4,1,0,2,0,0,0,0,0,1,0,0,1,4,1,0,2,3,1,5,9,6,8,3,4,0,5,5,2,3,1,2,0,2,6,3,2,0,2,3,2,4,2,3,2,2,1,3,3,0,1,1,1,0,0,2,0,0,1,0,0,1,5,6,1,1,2,1,1,8,4,4,3,2,0,5,4,1,1,1,2,0,3,7,5,0,3,0,0,1,2,2,2,4,2,0,1,6,1,1,0,1,0,0,1,0,0,0,0,0,3,5,2,2,1,0,0,3,13,5,9,5,2,2,2,6,3,1,2,1,1,1,2,3,1,0,0,0,1,2,1,1,2,0,0,0,4,3,1,1,1,0,0,0,1,1,0,0,0,1,0,1,0,0,0,0,2,1,0,0,1,0,0,1,1,1,1,1,0,0,0,2,0,0,0,0,0,0,0,0,1,0,1,0,0,2,0,0,1,0,0,0,0,0,0,0,0,0
Q9NSG2,4,6,2,4,2,4,0,4,13,7,3,1,3,1,3,7,4,6,4,4,2,1,7,4,2,1,2,0,3,1,2,2,1,2,0,3,5,4,1,3,1,0,2,2,0,0,0,0,0,7,5,9,6,3,4,0,12,25,17,10,10,13,2,6,12,10,13,3,3,3,5,11,7,6,3,3,0,3,3,5,2,1,3,1,4,9,4,2,2,4,1,1,0,2,3,0,0,0,6,5,3,3,0,4,1,7,12,4,11,3,2,1,4,10,3,4,2,2,0,4,14,1,3,3,3,1,1,5,3,1,2,3,0,1,5,6,1,0,4,0,1,2,1,2,0,1,1,1,5,4,1,1,3,3,7,19,12,4,0,2,2,3,6,3,2,2,1,1,4,3,4,1,1,1,0,3,5,1,1,1,0,1,3,4,1,1,1,1,0,1,0,0,0,0,0,0,1,2,5,1,3,1,0,1,9,4,3,1,2,0,1,2,1,1,2,4,0,0,4,1,0,2,0,0,2,2,0,0,0,0,1,2,1,2,3,0,0,0,0,1,0,1,0,1,0,2,8,4,1,2,1,0,3,10,6,2,2,2,0,5,2,4,2,1,2,2,2,4,1,2,2,1,0,1,4,0,1,0,0,0,3,1,1,4,0,1,1,0,2,0,0,0,0,0,1,0,3,1,0,0,0,0,1,1,2,1,2,0,0,1,0,1,1,1,0,2,3,0,0,0,1,0,0,0,0,0,0,0,0,2,0,0,0,0,0,0,0,0,1,0,0,0,0
E7EMK3,8,8,7,2,0,8,0,3,8,1,5,5,2,0,7,5,0,3,5,1,0,7,1,0,0,4,0,1,1,1,3,0,2,2,0,13,7,2,1,5,2,0,0,0,0,0,0,0,1,9,1,4,3,2,2,0,4,3,2,1,2,5,1,1,4,3,1,1,2,0,3,2,0,1,1,4,1,4,0,3,5,2,1,0,3,4,1,2,2,2,0,0,2,0,1,0,0,0,1,5,1,0,2,4,1,4,2,3,2,3,2,1,2,3,0,0,0,1,0,1,1,1,0,1,1,1,3,3,0,2,0,1,0,4,1,2,0,1,0,0,0,0,0,0,0,0,0,6,1,2,4,0,6,0,3,1,1,0,1,2,0,1,1,0,0,1,1,0,1,1,0,0,0,1,0,2,2,1,0,1,0,1,2,0,0,0,2,0,2,1,1,0,1,0,0,0,4,4,2,1,1,1,0,1,2,1,3,3,1,0,0,2,0,2,1,3,0,4,2,2,1,0,0,0,1,2,1,1,1,0,1,4,0,3,1,0,0,0,0,1,0,0,0,2,0,3,5,6,1,4,9,0,5,1,4,1,0,2,0,3,2,3,0,1,0,0,2,1,1,0,1,0,0,2,2,0,1,1,4,0,1,0,1,1,0,0,1,1,0,0,0,2,0,0,2,0,0,1,0,0,0,1,1,0,0,1,0,1,0,0,0,0,0,0,0,1,0,0,1,0,0,0,0,1,0,0,0,0,1,1,1,0,0,0,0,0,1,0,0,0,0,0,0
Q9UET6,3,8,0,2,1,2,1,2,6,0,2,3,1,2,3,0,2,0,1,0,0,2,4,3,0,0,1,1,0,2,2,1,1,0,0,0,5,0,2,2,0,1,0,2,1,0,0,0,0,4,2,4,3,0,3,0,4,5,6,4,4,2,1,1,1,3,1,0,1,2,3,4,3,2,0,0,0,2,3,3,1,0,0,0,5,3,2,0,3,0,0,2,0,0,0,0,1,0,2,3,0,3,0,3,0,2,6,0,1,0,3,0,1,4,1,2,4,2,0,0,0,1,0,1,1,1,2,1,1,0,0,1,0,1,1,2,1,0,1,0,1,0,1,0,0,0,0,2,0,1,2,1,0,0,3,4,0,2,1,3,0,2,4,2,1,0,0,0,0,2,0,0,0,0,0,0,0,1,0,0,0,0,0,1,0,0,1,1,0,1,0,0,1,0,0,0,1,2,2,0,2,0,1,2,1,1,1,1,1,0,1,3,3,0,0,1,0,1,0,1,0,0,0,0,0,1,0,0,1,1,0,0,1,1,0,1,0,0,0,0,0,0,0,0,0,2,1,0,1,1,1,1,2,4,1,2,0,2,0,2,0,2,0,0,2,0,0,2,1,0,0,1,0,4,0,1,0,1,1,0,1,0,1,0,0,0,0,1,0,0,0,0,0,0,3,0,0,0,1,1,0,1,0,0,0,0,1,0,1,0,1,0,0,0,0,0,1,0,0,0,0,0,0,0,0,0,0,0,0,0,0,0,1,0,0,0,0,0,0,0,0,0,0
Q9BTY2,2,1,3,3,0,3,1,1,6,3,3,4,4,1,3,4,2,2,1,2,0,3,3,2,4,3,1,0,1,2,0,0,0,0,0,2,5,2,1,1,1,0,0,0,1,0,0,0,0,6,7,3,4,1,4,0,6,20,3,7,3,3,0,3,7,3,2,2,3,0,7,2,4,1,4,2,0,3,2,3,0,0,4,0,3,2,2,1,2,2,0,0,1,0,0,0,0,0,3,3,4,3,1,1,0,11,3,2,4,1,3,0,0,4,3,2,0,2,1,2,1,1,4,1,2,0,1,2,1,2,0,1,0,1,0,3,3,0,1,0,0,0,1,1,0,0,0,1,7,1,3,1,1,0,1,6,3,2,1,0,0,2,5,1,4,2,1,0,2,4,4,3,1,1,0,2,3,1,1,1,1,2,0,4,1,1,1,0,0,0,0,0,0,0,0,0,1,3,1,1,0,2,0,2,3,1,2,2,1,0,3,1,2,0,0,0,0,0,2,1,1,1,0,0,0,1,1,1,0,0,0,0,1,1,1,2,1,0,0,2,0,0,0,0,0,0,1,2,2,0,1,0,3,3,6,2,1,1,0,3,3,0,1,2,0,1,0,1,3,2,1,0,0,1,1,1,1,2,0,0,0,4,1,0,0,1,0,0,0,0,0,0,0,0,0,0,0,0,0,0,0,0,1,2,0,0,0,0,1,0,1,0,0,0,0,0,0,0,0,0,1,0,0,0,0,0,0,0,0,0,0,0,0,0,0,0,0,0,0,0,0,0,0
P35637,33,3,16,0,21,0,0,5,1,2,3,1,0,0,15,5,14,6,1,2,0,3,2,0,1,0,2,0,14,4,2,2,2,5,1,1,2,0,0,0,0,0,0,0,0,0,0,0,0,8,3,0,1,1,1,0,2,0,1,2,0,1,0,4,1,2,1,0,1,0,3,2,4,2,1,1,0,1,1,0,1,0,1,0,1,0,1,0,1,1,0,0,0,0,0,1,0,0,16,2,11,6,1,1,0,2,2,1,6,1,1,0,7,3,17,14,1,2,0,4,1,8,8,0,4,0,1,1,0,1,1,0,0,1,1,2,2,1,0,0,0,0,0,0,0,0,0,5,2,13,0,0,0,0,1,1,2,1,0,1,1,5,2,9,3,1,0,0,9,0,4,4,0,1,1,0,1,1,2,0,0,0,3,1,2,3,1,0,1,0,0,0,0,0,1,0,7,1,3,1,4,1,0,3,2,1,0,1,1,0,3,0,0,0,0,1,0,0,2,3,1,0,2,0,0,0,1,1,0,2,0,2,0,3,2,1,1,0,0,0,0,1,0,0,0,4,1,1,0,3,0,0,1,0,2,1,1,0,0,3,0,2,1,1,1,0,1,0,1,2,3,1,0,1,1,0,0,1,1,0,1,1,0,0,0,0,0,0,0,1,0,0,0,0,0,0,0,0,0,0,0,0,0,0,0,0,0,0,0,1,0,0,0,0,0,0,0,0,1,0,0,0,0,0,0,1,0,0,0,0,0,0,1,0,0,0,0,0,0,0,0,0,0
Q13283,6,7,3,4,3,4,0,11,2,2,1,2,6,0,6,3,2,2,1,2,0,4,2,2,2,1,2,0,2,4,2,3,1,0,0,3,2,0,2,2,3,0,0,0,0,0,0,0,0,7,7,3,2,6,1,0,3,6,2,5,3,2,0,2,2,2,2,1,1,0,1,2,2,2,2,1,0,3,3,2,7,1,2,0,4,6,4,2,3,3,0,0,0,0,0,0,0,0,4,4,3,3,1,1,0,1,3,2,1,4,0,0,2,0,3,3,1,0,0,1,2,1,1,2,0,1,0,2,0,1,2,1,0,0,5,0,1,0,4,0,0,0,0,0,0,0,0,2,3,6,0,0,2,0,0,7,2,0,4,3,0,2,5,1,0,1,3,0,1,1,3,2,1,0,0,3,2,1,0,0,1,0,1,1,1,0,3,1,0,0,0,0,1,0,0,0,5,1,2,1,1,1,0,4,3,1,1,2,4,0,1,0,1,1,1,1,0,5,5,1,0,0,3,0,0,2,0,1,0,2,0,2,0,1,0,0,3,0,0,0,0,0,0,0,0,3,2,0,3,1,3,0,7,0,1,2,3,7,0,3,1,0,0,1,3,0,1,4,2,1,0,1,0,3,2,0,2,1,0,0,2,6,2,4,0,1,0,0,0,0,0,0,0,0,0,0,0,0,0,0,0,0,0,0,0,0,0,0,0,0,0,0,0,0,0,0,0,1,0,0,0,0,0,0,0,0,0,0,0,0,0,0,0,0,0,0,0,0,0,0,0,0,0
Q9UN86,8,5,0,2,4,2,0,6,4,2,2,3,4,0,9,4,2,2,0,0,0,4,3,2,0,1,1,0,4,7,3,2,0,1,0,4,2,3,1,1,2,0,0,0,0,0,0,0,0,2,4,3,1,8,1,0,4,7,4,4,4,3,0,2,4,3,1,1,2,0,3,2,2,1,3,0,0,6,3,1,5,2,2,0,2,4,2,5,3,3,0,0,0,0,0,0,0,0,3,4,5,3,1,2,0,2,4,1,2,5,0,0,4,1,4,2,1,1,0,3,1,2,0,2,0,1,0,2,1,0,1,1,0,2,3,1,2,1,3,0,0,0,0,0,0,0,0,2,3,7,1,0,3,0,1,5,2,0,4,1,0,2,3,1,1,0,1,0,2,1,1,0,0,1,0,2,1,1,0,1,2,0,0,0,2,1,1,2,0,0,0,0,0,0,1,0,3,3,3,1,1,4,0,2,5,2,1,2,4,0,0,0,2,2,1,2,0,3,3,0,1,0,2,0,0,1,0,2,0,3,0,0,1,1,1,3,5,0,0,0,0,0,0,0,0,3,2,0,3,3,1,0,4,1,2,2,1,7,0,1,2,1,1,2,6,0,1,3,1,3,1,2,0,3,2,1,0,1,2,0,4,7,3,1,0,4,0,0,0,0,0,0,0,0,0,0,0,0,0,0,0,0,0,0,0,0,0,0,0,0,0,0,0,0,0,0,0,0,0,0,0,0,0,0,0,0,0,0,0,0,0,1,0,0,0,0,0,0,0,0,0,0,0
P51570,7,11,5,4,1,6,0,9,4,6,1,1,4,0,4,5,4,2,1,1,1,3,2,2,2,2,0,0,5,0,1,1,3,0,0,3,3,2,0,3,1,0,0,1,0,0,0,0,0,10,3,4,2,4,2,1,6,4,3,3,0,1,0,8,2,3,2,3,2,0,2,1,0,1,2,2,0,1,1,0,1,0,0,0,3,4,1,0,1,3,0,0,2,1,0,0,0,0,7,4,5,1,0,2,0,3,6,3,0,1,1,0,3,3,3,1,1,1,0,1,1,1,0,1,3,0,0,0,1,2,1,0,1,2,2,2,0,1,1,0,1,0,0,0,0,0,0,0,0,3,1,3,1,0,2,1,0,2,1,1,0,0,2,0,1,0,2,0,0,1,1,0,0,0,1,2,2,1,0,1,0,0,2,1,1,1,0,0,0,1,0,0,0,0,0,0,4,4,1,1,1,1,0,4,0,4,0,0,2,0,3,0,0,0,0,1,0,2,1,1,0,0,0,0,2,4,0,0,1,0,0,0,0,0,0,0,0,0,0,0,0,0,0,1,0,5,3,1,1,1,0,0,1,2,3,1,0,3,2,0,2,2,1,0,1,0,0,1,0,0,0,0,0,2,3,1,0,1,0,0,1,1,0,0,2,0,1,0,0,0,1,0,0,0,1,0,0,1,0,0,0,1,0,1,1,0,0,0,1,0,0,0,0,0,0,0,0,0,0,1,0,0,0,0,0,0,0,0,0,0,1,0,0,0,0,0,0,0,0,0,0,0,0
Q14697,11,11,8,3,2,3,1,8,19,6,4,6,3,1,8,13,4,8,1,4,0,6,7,6,2,0,4,0,3,4,7,2,0,1,0,9,6,5,2,6,2,1,0,1,0,0,0,0,0,7,16,9,5,6,11,0,15,14,12,5,5,7,0,7,13,7,7,4,7,0,5,10,5,3,2,2,1,3,5,7,1,4,3,0,7,9,2,5,3,4,0,1,0,1,0,0,0,0,6,8,6,6,3,5,0,10,7,9,3,6,8,1,3,6,1,4,4,2,0,7,7,4,3,5,5,0,3,4,0,3,3,2,0,3,6,5,1,0,4,0,0,0,0,0,0,1,0,6,5,5,4,3,6,0,9,6,9,2,0,4,0,5,6,2,2,3,3,0,5,1,2,1,2,2,0,2,5,2,2,1,0,0,4,3,3,2,0,3,0,0,0,0,1,0,0,0,3,4,4,2,1,2,0,5,5,4,6,3,2,0,5,4,2,5,2,2,1,2,3,2,1,2,1,0,4,3,1,0,4,0,1,3,2,1,0,0,1,0,0,1,0,0,0,0,0,5,3,7,5,2,4,0,7,6,3,8,3,6,0,6,1,4,5,0,1,0,3,2,2,3,1,1,0,1,3,4,3,1,1,0,0,7,0,2,4,0,1,0,1,1,0,0,0,0,1,0,0,0,0,0,0,0,1,2,0,0,0,0,0,1,0,0,1,0,0,1,0,0,0,0,0,0,0,0,0,0,0,0,0,0,0,1,0,0,0,0,0,0,0,0,0,0,0
P22102,26,24,13,4,9,9,1,20,13,8,3,7,8,3,15,11,3,4,5,7,1,5,4,3,2,5,2,2,12,7,3,3,3,4,2,6,9,5,3,1,6,0,3,0,2,1,0,0,0,24,10,14,9,11,4,1,16,15,6,6,5,7,0,5,9,5,4,3,4,1,11,5,3,2,1,3,0,3,3,4,5,5,3,1,9,7,2,4,4,2,0,1,1,2,1,0,0,0,14,4,7,3,4,4,0,11,9,8,4,4,6,1,2,3,1,3,1,5,1,3,5,2,1,0,4,0,5,4,1,1,0,0,0,6,7,0,1,2,1,0,3,1,0,0,0,0,0,6,11,5,1,0,4,1,8,3,3,4,1,3,0,5,5,2,3,0,0,0,1,4,3,1,1,1,0,2,2,2,2,0,1,0,3,2,2,2,4,0,0,0,2,0,0,0,1,0,8,6,1,6,4,2,2,8,5,2,2,2,1,0,3,7,5,0,1,0,0,2,1,2,3,1,3,1,4,0,2,1,1,2,0,1,4,4,1,1,0,0,2,1,0,1,0,0,0,7,6,4,0,5,4,1,10,9,4,4,4,3,0,3,7,0,1,1,1,1,5,1,2,2,1,0,0,3,4,4,1,1,1,1,2,4,1,0,3,1,0,0,0,0,0,0,0,0,1,1,3,0,1,3,0,0,1,0,2,1,0,1,3,1,0,0,0,0,0,1,2,0,0,0,0,0,0,0,0,0,0,0,0,0,1,0,0,0,0,0,0,0,0,0,0,0,0
Q92538,15,13,11,6,12,11,0,10,16,18,6,7,9,1,13,18,9,13,5,11,0,3,13,8,5,4,3,2,5,8,9,5,3,4,0,9,14,12,4,6,6,1,1,2,0,0,2,0,0,15,12,23,11,10,16,0,20,35,22,15,20,19,5,21,31,14,8,10,10,0,14,14,7,2,6,11,0,8,16,10,8,6,3,1,5,13,18,8,4,8,4,3,4,3,1,0,3,0,16,21,11,6,5,13,1,20,31,18,13,11,13,1,16,19,9,6,2,9,1,5,10,9,3,6,8,1,5,6,4,2,4,5,1,7,10,12,4,2,7,1,1,0,1,0,0,1,0,10,7,10,3,3,3,2,13,17,13,4,3,6,1,8,10,12,1,5,0,1,3,4,4,4,2,2,0,1,7,2,3,6,3,1,4,11,6,0,4,3,0,0,0,0,4,0,0,0,6,4,4,8,1,4,1,9,16,9,10,4,4,3,2,11,4,3,3,8,0,6,9,3,1,3,2,0,4,9,1,3,2,5,0,4,6,4,5,1,1,0,1,1,1,0,0,0,0,3,9,9,4,2,4,1,14,20,13,5,6,7,2,13,16,13,10,2,3,1,3,7,5,4,1,2,0,5,8,5,3,2,1,0,3,10,5,1,7,8,0,2,0,1,1,0,1,1,3,1,2,0,1,1,0,1,1,1,1,1,2,1,0,2,1,1,0,2,0,3,0,1,0,1,0,1,0,1,0,0,1,0,0,0,3,1,0,0,1,0,0,1,0,0,0,0,0
O75600,6,6,6,3,2,5,0,6,5,5,1,3,2,2,3,4,3,1,2,1,0,2,4,0,1,1,1,1,3,6,1,2,2,1,1,4,7,4,1,0,2,0,1,2,0,0,1,0,0,11,7,3,3,5,6,0,11,1,5,1,1,2,0,4,4,2,4,0,1,0,2,2,3,0,2,0,0,8,2,0,2,0,0,0,3,1,0,1,0,4,0,0,1,0,0,0,0,1,7,4,1,3,1,0,2,9,4,2,1,1,0,0,1,5,1,2,0,0,0,3,1,3,1,0,0,0,1,1,4,2,0,0,0,0,1,0,0,0,1,0,0,0,1,0,0,0,0,1,3,0,1,3,2,1,3,4,1,0,3,1,0,4,1,1,0,1,0,0,1,2,0,0,0,0,0,0,1,2,2,0,0,0,0,0,1,0,0,0,0,0,0,0,0,0,1,0,2,2,2,0,4,3,0,4,1,1,2,3,0,0,3,0,1,0,3,0,0,3,1,2,1,2,0,0,1,1,0,0,0,0,0,0,1,1,0,0,0,0,0,1,0,0,0,0,0,0,2,2,0,1,2,1,2,3,1,3,0,3,0,3,2,1,1,2,0,1,0,2,0,0,0,0,0,0,0,0,1,0,0,0,1,2,4,0,1,1,0,0,0,0,0,0,0,0,1,0,0,0,0,0,0,0,2,0,1,1,1,0,0,1,0,0,0,0,0,0,0,0,0,0,0,0,0,0,0,0,0,1,0,0,0,0,0,0,1,0,0,1,0,0,0,0,0
Q92947,1,7,2,1,3,2,1,4,9,4,4,1,2,1,6,5,3,3,2,3,0,3,6,2,1,2,1,0,3,4,3,0,0,4,0,1,1,2,1,0,1,0,1,0,0,1,0,0,0,5,5,6,6,5,2,0,6,4,3,2,2,5,0,2,4,3,1,1,3,0,0,2,5,1,0,1,0,3,2,1,0,1,1,0,3,2,4,2,2,1,0,4,1,0,0,0,0,0,5,1,9,3,3,1,0,6,4,2,2,2,2,0,4,2,2,3,3,0,0,4,2,3,0,1,0,0,3,2,2,2,0,1,0,2,1,2,0,2,1,0,0,0,0,0,0,0,0,4,2,1,0,1,0,0,4,2,1,0,1,2,3,3,1,1,2,4,1,0,0,1,0,0,2,1,0,3,1,0,2,1,0,0,0,1,0,0,1,3,0,0,0,1,0,0,0,0,1,7,2,4,0,0,1,4,2,4,0,1,0,1,4,1,1,0,0,1,0,1,2,1,0,1,1,0,0,1,0,1,0,0,0,0,3,1,2,0,0,0,0,0,0,0,0,0,0,1,1,2,0,2,0,0,5,1,0,1,1,2,0,3,5,3,1,0,0,0,0,0,1,1,1,1,1,2,2,0,1,0,0,0,0,2,3,0,0,0,1,0,0,0,0,1,0,0,0,2,1,1,0,1,0,0,0,0,0,0,1,0,0,0,1,0,0,0,0,0,0,0,1,0,0,0,1,0,0,0,0,0,0,0,0,0,0,0,0,0,0,0,0,0,0,0,0
Q92616,26,31,25,14,16,23,2,43,40,24,13,14,12,3,31,26,17,12,7,8,1,8,13,12,7,15,7,1,18,14,12,10,8,2,0,16,20,10,8,8,12,0,2,6,3,0,2,2,0,33,52,28,23,24,23,8,44,66,29,19,22,20,7,25,22,18,15,15,17,3,12,15,3,8,16,9,0,15,21,7,8,10,11,1,11,17,11,2,7,13,1,2,4,4,2,2,0,0,26,19,18,6,9,11,3,34,31,20,10,22,9,1,9,28,12,8,8,7,2,6,15,11,6,2,6,0,9,14,5,6,4,7,0,8,10,13,8,5,4,0,0,4,1,2,1,0,0,11,12,10,7,3,8,0,21,19,15,3,5,7,2,7,14,9,4,6,7,0,8,10,7,1,2,1,0,9,9,8,2,6,4,0,3,9,6,0,4,6,0,0,0,0,3,0,0,0,24,18,12,8,3,6,1,28,19,12,6,4,8,0,6,15,6,4,6,3,1,9,8,10,2,2,3,1,9,11,5,1,4,6,0,12,6,4,4,3,3,0,0,1,0,0,0,0,0,14,17,10,5,9,2,1,16,28,12,11,5,4,1,12,20,10,2,3,4,1,6,9,3,4,0,2,1,9,8,4,7,3,2,0,8,14,8,3,6,11,0,0,1,0,0,0,0,0,3,0,0,0,0,1,0,5,4,3,1,1,2,0,2,1,2,1,0,2,0,2,2,1,1,1,0,0,3,0,0,1,1,0,0,0,1,0,0,0,1,0,0,0,0,0,0,0,0
O43681,9,3,2,1,2,0,0,2,5,4,3,1,2,1,0,4,3,0,1,2,0,1,1,1,0,0,0,0,4,0,3,0,0,2,0,2,1,1,2,0,2,1,0,1,0,0,0,0,0,1,4,4,0,2,2,0,4,6,3,5,4,4,0,0,5,1,4,2,1,1,1,2,3,4,1,3,0,2,1,3,2,0,2,1,3,4,2,1,1,4,0,1,0,0,0,0,0,0,0,2,1,0,2,3,0,2,5,4,4,2,4,0,2,2,1,1,2,0,0,2,0,1,0,0,3,1,2,1,0,1,1,0,1,1,2,1,0,1,1,0,0,0,2,0,0,0,0,2,2,2,0,1,0,0,0,3,0,0,1,1,0,1,3,1,0,0,2,0,2,0,1,0,1,0,0,1,2,0,0,0,0,0,1,4,2,0,0,1,0,0,0,1,0,0,0,0,2,4,1,1,2,2,0,1,0,2,2,0,0,0,2,4,0,0,0,0,0,0,0,0,0,1,2,0,1,0,0,0,0,0,0,2,1,1,0,0,0,0,0,1,0,0,1,0,0,3,3,1,1,0,2,0,4,6,1,0,2,4,0,3,3,1,1,0,1,0,0,2,1,0,0,0,0,1,1,0,0,0,0,0,1,5,2,0,0,1,0,0,0,1,0,0,0,0,0,0,0,0,0,0,1,0,1,0,0,1,0,0,0,0,1,1,1,0,1,0,0,0,0,0,0,0,1,0,0,0,0,0,0,0,0,0,0,0,0,0,0,0,0,0,0,0,0
Q7L5D6,4,3,6,2,1,2,0,0,5,4,1,2,0,0,4,3,4,2,0,1,0,1,0,1,0,1,0,0,1,1,2,2,0,3,0,6,0,4,0,0,2,0,1,0,0,0,0,0,0,5,2,2,0,3,1,0,4,8,2,7,0,2,0,2,4,2,2,1,4,0,3,3,2,1,1,1,0,3,1,0,0,0,1,0,2,1,1,0,2,1,0,0,1,0,0,0,0,0,2,1,2,0,2,1,0,4,2,3,2,1,3,0,1,5,8,3,2,2,0,1,2,1,3,3,1,0,0,2,2,1,0,0,0,3,1,0,2,0,1,1,0,0,0,0,0,0,0,2,3,0,1,0,1,1,1,3,1,0,1,1,0,0,1,3,1,1,0,0,2,1,0,1,0,1,0,2,3,1,1,0,0,0,1,1,1,0,1,0,1,0,0,0,0,0,0,0,2,1,2,0,0,2,0,2,2,1,1,1,0,1,1,0,2,1,0,1,0,1,1,1,0,2,0,0,0,1,0,0,0,0,0,1,3,0,0,0,0,0,0,0,0,0,0,0,0,3,2,3,0,3,4,0,1,2,4,0,0,1,0,0,2,2,1,1,0,0,0,0,1,0,0,2,0,1,0,0,1,1,0,0,2,1,0,1,0,0,0,0,1,1,0,0,0,0,0,0,0,0,0,1,0,1,1,0,0,0,0,0,0,0,0,1,0,0,0,0,0,0,0,0,0,0,0,0,0,0,0,0,0,0,0,0,0,0,0,0,0,0,0,0,0,0,0
P38435,3,8,4,2,2,2,0,1,13,6,4,4,8,0,4,7,4,4,2,1,0,2,3,4,2,1,3,0,1,3,1,2,0,4,0,4,7,2,1,2,0,0,0,0,2,0,0,0,0,10,8,6,2,1,3,1,11,28,13,12,10,3,0,8,12,12,4,3,2,1,3,8,5,3,1,4,0,4,5,3,4,5,2,1,6,7,6,4,0,2,0,0,0,3,0,0,0,0,2,12,5,4,1,4,1,4,11,8,4,5,5,2,9,8,4,4,4,2,1,6,0,6,6,2,2,0,3,2,2,1,3,2,0,2,1,3,2,0,0,0,0,2,1,1,0,0,0,2,5,4,3,2,1,0,3,7,6,0,4,4,0,1,4,6,4,3,2,1,2,3,3,4,4,1,0,0,4,1,1,4,0,0,3,8,0,0,1,0,0,0,0,0,0,0,0,0,1,2,1,1,2,2,0,6,6,3,2,0,3,1,2,2,1,2,1,1,1,3,3,2,2,1,1,0,1,5,2,2,1,2,0,1,3,1,3,2,0,0,1,0,0,0,0,0,0,3,1,3,3,3,3,0,5,11,6,2,1,1,0,3,4,3,4,0,0,0,1,6,1,0,1,1,0,0,2,1,2,0,0,0,0,0,2,0,0,0,0,0,0,0,0,0,0,0,0,0,0,0,0,1,0,1,1,0,0,0,0,0,2,2,2,0,0,0,0,0,1,0,0,0,0,0,0,0,0,0,0,0,0,0,0,0,0,0,0,0,0,0,0,0,0,0,0
Q68CQ7,4,9,1,2,3,0,0,6,6,4,3,3,1,0,0,2,1,2,1,2,0,2,3,1,2,1,1,0,2,1,2,0,2,0,0,1,1,1,1,0,2,0,0,0,0,0,0,0,0,8,6,2,2,1,2,0,2,9,4,4,3,2,0,3,4,5,3,2,1,1,4,4,2,3,1,1,0,3,3,3,0,1,2,0,1,4,1,0,0,2,0,0,0,0,0,0,0,0,2,3,2,0,1,1,0,6,3,2,2,2,3,0,4,5,1,1,2,1,0,0,2,2,4,2,0,0,1,3,2,0,2,0,0,1,1,2,0,0,0,1,0,0,1,0,0,0,0,2,3,0,1,1,1,0,4,1,4,1,3,0,0,0,5,0,1,2,0,0,1,4,3,4,1,0,0,2,2,0,0,1,2,0,1,1,1,0,0,0,0,0,0,0,0,0,0,0,2,2,2,2,1,2,0,3,2,3,3,1,1,0,0,0,4,2,1,1,0,0,0,0,0,0,1,0,2,3,1,1,0,0,0,0,1,0,1,1,1,0,0,0,0,0,0,0,0,1,0,1,3,0,0,0,0,3,2,2,0,1,0,2,2,3,1,0,0,0,1,0,0,0,2,0,0,1,0,0,0,1,0,0,1,0,3,1,1,1,0,0,0,0,0,0,1,0,0,0,0,0,0,0,0,0,0,0,0,0,0,0,0,0,1,0,0,0,0,0,0,0,0,0,0,0,0,0,0,0,0,0,0,0,0,0,0,0,1,0,0,0,0,0,0,0,0
P00367,9,8,3,4,5,3,1,10,8,5,4,3,2,1,7,4,4,1,4,1,0,6,4,2,3,1,0,0,6,3,2,1,1,2,1,4,5,4,3,0,2,0,1,0,0,0,1,0,0,8,9,2,6,4,6,0,8,6,5,3,4,1,0,7,4,5,0,4,1,0,1,3,3,1,4,2,0,6,3,0,1,2,4,0,1,3,2,1,2,3,1,0,0,0,0,1,0,0,7,4,5,2,1,6,1,3,3,3,3,6,1,0,6,4,6,3,1,3,0,2,1,1,1,2,0,0,0,5,5,1,0,2,0,3,1,0,1,3,0,0,0,0,0,0,0,0,0,2,4,2,1,2,0,0,4,1,3,1,2,3,0,2,1,1,2,2,1,0,1,3,1,0,0,0,1,2,2,0,0,2,2,0,0,2,1,0,0,1,0,0,1,0,0,0,0,0,4,2,4,2,4,1,0,3,5,1,2,0,4,0,2,4,3,0,1,0,0,0,1,0,1,1,1,0,2,1,1,1,0,1,0,4,5,4,1,0,1,0,0,1,0,0,0,0,0,3,6,5,0,0,2,0,7,4,3,1,0,2,0,2,1,5,1,1,2,0,1,2,2,0,0,1,0,0,1,1,0,1,4,0,3,1,1,0,2,1,0,0,0,0,0,0,1,0,0,0,0,1,0,0,0,0,0,1,0,1,0,0,0,0,0,0,0,0,0,0,0,0,0,0,0,0,1,0,1,0,0,0,0,1,0,0,0,0,0,0,0,0,0,0,0,0,0
Q5JWF2,27,25,13,4,6,12,1,28,10,8,5,2,7,1,11,8,6,1,1,9,0,8,9,1,0,1,1,0,5,5,8,2,6,4,1,7,13,2,4,3,7,0,1,0,1,0,0,1,0,23,9,9,8,7,11,1,11,18,12,6,6,10,0,6,7,7,2,4,7,1,2,7,6,2,6,6,0,3,4,5,2,2,2,0,8,11,4,4,2,5,0,2,0,0,2,0,0,0,11,4,7,1,6,7,0,8,5,2,4,3,2,1,12,2,4,1,2,3,0,2,2,2,2,4,0,0,7,2,1,1,1,2,0,7,8,4,1,0,7,0,2,0,2,0,0,0,0,6,5,3,1,3,0,1,6,6,4,5,5,3,1,1,2,3,1,3,1,2,1,3,0,1,1,2,0,3,5,0,3,3,1,0,3,4,3,0,0,1,0,0,0,0,0,0,0,0,10,4,1,2,4,1,0,4,6,2,7,0,2,1,6,2,1,2,2,2,0,5,3,2,2,1,0,0,4,1,1,3,7,5,0,6,4,1,0,1,2,0,0,0,0,0,1,1,0,10,14,3,4,3,4,0,11,17,6,2,2,10,0,0,3,2,4,2,5,1,1,5,2,1,1,2,0,0,4,0,2,2,0,1,7,7,3,2,3,4,0,0,0,0,0,0,0,0,1,0,1,0,2,1,0,0,0,0,0,0,0,0,0,1,1,1,0,0,0,0,1,0,0,1,0,0,0,1,0,0,0,0,0,0,1,0,1,0,0,0,0,0,0,0,0,0,0
P62873,2,5,3,0,1,0,1,2,3,1,2,0,2,1,7,4,2,3,1,1,0,3,2,1,1,0,0,1,1,3,0,2,1,1,0,2,0,0,4,3,2,1,2,1,2,0,0,0,0,2,1,1,3,0,1,2,1,4,1,1,6,0,1,3,1,2,1,1,1,1,1,0,2,3,0,4,0,5,1,2,0,0,0,2,0,2,2,2,1,1,0,0,1,1,0,0,0,0,3,4,6,2,2,6,1,2,0,7,1,1,1,0,3,2,6,1,1,2,0,3,1,0,1,1,0,0,0,2,2,0,1,0,0,1,2,1,3,0,0,0,0,1,0,0,0,0,0,2,0,4,2,2,1,0,1,2,0,0,3,2,0,3,3,3,0,0,0,0,1,1,2,0,1,1,0,0,2,0,0,0,0,1,2,2,0,2,0,1,0,0,0,0,1,0,0,0,1,1,2,1,0,3,0,1,2,1,4,0,1,0,1,1,0,1,2,2,0,0,0,1,0,0,1,0,1,0,1,0,0,0,0,1,0,0,0,0,0,0,0,0,2,0,0,0,1,0,0,2,0,2,1,1,2,2,0,1,0,2,0,4,0,1,0,0,1,0,3,3,3,0,1,1,0,1,1,2,0,0,0,0,0,1,3,0,0,0,0,1,0,0,0,0,0,0,2,0,0,0,1,0,0,1,1,0,1,0,0,0,3,1,2,0,0,0,0,0,1,0,0,0,0,0,0,0,0,0,0,0,0,0,0,0,0,0,0,0,0,0,1,0,0,0,0
Q13823,8,4,7,6,7,3,0,1,8,2,5,2,4,1,2,4,2,1,2,3,0,3,5,1,1,1,4,1,3,5,10,2,6,5,0,2,3,2,1,0,3,1,0,0,0,0,0,0,0,9,7,2,1,7,0,0,3,6,3,7,9,2,0,4,2,6,3,3,5,0,1,7,2,4,4,1,0,10,2,2,3,6,6,0,4,1,3,0,3,4,1,0,0,0,0,0,1,0,3,3,3,2,2,3,0,5,3,7,3,2,4,0,1,3,3,3,4,6,0,3,5,2,2,3,2,0,5,5,2,0,2,0,0,2,7,9,3,0,5,0,0,0,0,0,0,0,0,5,1,0,0,5,3,0,6,4,4,0,8,2,0,0,3,1,3,3,4,0,3,1,2,1,2,2,0,4,4,2,5,3,0,0,0,1,1,4,0,6,0,1,0,0,0,0,0,0,7,6,2,2,8,1,0,6,4,3,2,5,0,0,4,9,3,5,2,2,0,2,3,3,3,6,1,0,2,3,6,4,7,3,0,1,4,2,1,5,2,0,0,0,0,0,0,0,0,3,2,1,5,1,2,0,5,5,4,2,3,4,0,5,3,5,2,0,6,0,2,3,3,0,1,2,0,2,1,3,3,1,1,0,5,6,4,2,3,8,0,0,0,0,1,1,0,0,0,0,0,0,1,0,0,0,0,0,0,0,0,0,0,0,0,0,0,0,0,0,0,1,0,0,0,0,0,0,0,1,0,0,0,0,1,0,0,0,0,0,0,0,0,0,0,0,0
Q53EU6,0,7,2,2,1,3,1,8,3,5,5,0,4,0,3,4,2,2,1,0,1,4,2,2,0,0,1,0,3,2,0,3,3,2,0,1,3,3,1,0,3,1,0,2,1,0,0,0,0,7,7,4,2,3,4,1,6,11,5,2,3,2,0,8,4,6,1,2,2,0,5,2,2,2,1,1,0,1,2,2,1,2,0,1,1,2,3,0,2,1,0,1,0,1,0,0,0,0,2,3,5,2,4,2,0,7,5,4,3,2,2,0,3,6,2,5,1,1,0,1,2,1,3,3,0,0,3,2,3,0,0,1,0,0,1,1,0,1,1,0,1,0,0,0,0,0,0,5,2,1,3,0,1,0,2,3,2,2,1,0,2,2,0,2,1,3,0,0,1,2,2,0,1,1,0,0,2,0,2,0,1,0,0,1,0,0,1,1,0,0,0,0,0,0,0,0,1,2,1,0,4,0,1,3,4,5,0,1,0,0,1,2,4,1,0,1,0,1,3,1,2,0,0,0,0,2,2,0,1,1,0,1,2,1,0,1,0,0,0,0,0,0,0,0,1,1,3,0,0,0,1,0,1,3,2,1,1,1,0,0,5,2,0,1,0,0,0,1,0,0,0,0,0,2,3,2,1,0,0,0,2,0,1,0,3,1,0,1,0,0,0,0,0,0,0,1,0,0,1,1,0,1,0,0,0,1,0,0,1,1,0,0,1,0,0,0,0,0,0,0,0,0,0,0,0,0,0,0,0,0,0,0,0,0,0,0,0,0,1,0,0,0,0
Q86UL3,2,7,3,3,1,2,1,6,9,3,3,1,1,0,4,6,3,0,3,0,1,3,3,2,0,3,1,0,2,0,1,2,2,2,0,1,2,2,1,1,2,0,0,2,0,0,0,0,0,7,7,5,3,2,2,0,7,16,9,2,2,2,1,5,5,4,3,2,3,0,4,1,1,2,1,0,0,1,3,3,2,3,0,0,1,3,2,0,3,2,0,1,0,2,0,0,0,0,4,1,6,1,3,3,0,5,5,3,2,6,3,0,5,7,2,3,1,0,0,1,1,1,3,0,1,0,1,4,5,0,1,3,0,0,2,1,0,1,0,0,1,0,1,0,0,0,0,4,3,1,4,0,0,0,3,2,0,1,0,1,2,0,0,3,1,1,1,0,2,2,1,1,1,1,0,1,1,1,0,0,2,0,0,1,1,0,1,1,0,0,0,0,0,0,0,0,2,2,1,1,2,1,1,3,4,4,0,2,2,0,1,2,6,0,2,0,1,1,1,0,2,0,1,0,1,4,1,0,0,0,1,0,1,1,2,4,0,0,0,1,0,0,0,0,0,0,2,1,0,0,1,0,1,3,3,1,0,2,0,2,3,0,0,3,0,0,1,1,1,0,0,0,0,4,3,1,1,1,1,0,2,1,1,0,1,3,0,0,0,0,0,0,0,0,0,1,0,0,1,0,0,1,0,1,0,1,0,0,1,1,0,0,1,0,0,0,0,0,0,0,0,0,0,0,0,0,0,0,0,0,0,0,0,0,0,0,0,0,0,0,0,0,0
Q5T3I0,6,3,3,1,2,5,0,3,1,0,1,4,2,0,3,0,3,1,4,2,0,0,1,4,1,1,3,0,3,2,7,2,1,2,0,0,3,1,3,5,4,1,0,0,0,0,0,0,0,2,1,2,3,1,0,0,1,0,1,2,2,2,0,3,0,0,1,2,1,0,2,3,0,3,1,1,0,4,2,2,1,0,1,0,2,0,0,3,2,2,0,0,0,0,0,0,0,0,4,0,3,2,4,2,0,2,2,2,0,0,1,0,4,2,1,0,0,1,0,2,2,0,1,0,1,0,5,1,2,1,2,1,0,4,1,1,1,1,2,0,1,1,1,0,0,0,0,3,0,3,1,3,1,0,1,2,0,1,2,2,0,0,3,0,2,1,1,0,0,0,3,8,5,2,0,0,2,0,0,7,2,0,1,1,0,1,2,2,0,0,0,0,0,0,0,0,3,5,1,1,5,5,0,1,2,3,4,1,0,0,3,1,4,1,4,4,1,2,2,1,0,2,0,0,4,4,4,1,22,0,0,1,0,1,1,1,5,0,0,0,0,0,0,0,0,2,2,1,1,1,4,0,1,1,1,2,1,1,0,2,1,0,1,1,0,2,5,0,0,5,2,0,0,4,0,3,2,3,3,0,3,2,4,3,3,8,0,1,0,0,0,0,0,0,0,0,0,1,1,0,0,0,0,0,0,0,1,0,0,0,0,0,0,1,0,0,0,0,0,0,0,0,0,0,0,0,0,0,0,0,0,0,0,0,0,0,0,0,0,0,0,0,0
P04908,5,3,0,4,2,0,0,1,2,2,1,0,1,0,0,1,1,0,0,0,0,2,1,0,0,1,0,0,7,0,1,1,1,1,0,0,0,0,0,0,0,0,0,0,0,0,0,0,0,5,1,0,0,0,0,0,2,2,0,1,3,1,0,2,0,0,0,0,1,0,0,3,0,0,1,0,0,0,0,1,2,0,0,0,1,1,0,0,0,1,0,0,0,0,0,0,0,0,0,1,0,0,1,0,0,0,0,1,0,0,0,0,0,0,0,1,1,0,0,1,0,0,0,0,0,0,1,0,1,0,2,0,0,0,1,1,0,0,0,0,0,0,0,0,0,0,0,1,1,0,0,2,0,0,1,1,0,2,0,1,0,0,0,0,0,0,1,0,0,0,1,0,0,0,0,1,2,0,0,0,0,0,0,0,0,0,1,0,0,0,0,0,0,0,0,0,3,1,1,0,6,0,0,1,3,0,0,0,0,0,0,0,1,0,2,0,0,1,1,0,1,0,1,0,0,2,0,1,0,0,0,0,0,1,0,0,0,0,0,0,0,0,0,0,0,0,0,1,0,0,0,0,1,1,0,0,0,0,0,0,0,1,0,1,0,0,0,0,0,0,1,0,0,1,0,0,0,0,0,0,0,0,0,1,0,1,0,0,0,0,0,0,0,0,0,0,0,0,0,0,0,0,0,0,0,0,0,0,0,0,0,0,0,0,0,0,0,0,0,0,0,0,0,0,0,0,0,0,0,0,0,0,0,0,0,0,0,0,0,0,0,0,0
P20671,5,3,0,4,2,0,0,1,2,2,1,0,1,0,0,1,1,0,0,0,0,2,1,0,0,1,0,0,7,0,1,1,1,1,0,0,0,0,0,0,0,0,0,0,0,0,0,0,0,5,1,0,0,0,0,0,2,2,0,1,3,1,0,2,0,0,0,0,1,0,0,3,0,0,1,0,0,0,0,1,2,0,0,0,1,1,0,0,0,1,0,0,0,0,0,0,0,0,0,1,0,0,1,0,0,0,0,1,0,0,0,0,0,0,0,1,1,0,0,1,0,0,0,0,0,0,1,0,1,0,2,0,0,0,1,1,0,0,0,0,0,0,0,0,0,0,0,1,1,0,0,2,0,0,1,1,0,2,0,1,0,0,0,0,0,0,1,0,0,0,1,0,0,0,0,1,2,0,0,0,0,0,0,0,0,0,1,0,0,0,0,0,0,0,0,0,3,1,1,0,6,0,0,1,3,0,0,0,0,0,0,0,1,0,2,0,0,1,1,0,1,0,1,0,0,2,0,1,0,0,0,0,0,1,0,0,0,0,0,0,0,0,0,0,0,0,0,1,0,0,0,0,1,1,0,0,0,0,0,0,0,1,0,1,0,0,0,0,0,0,1,0,0,1,0,0,0,0,0,0,0,0,0,1,0,1,0,0,0,0,0,0,0,0,0,0,0,0,0,0,0,0,0,0,0,0,0,0,0,0,0,0,0,0,0,0,0,0,0,0,0,0,0,0,0,0,0,0,0,0,0,0,0,0,0,0,0,0,0,0,0,0,0
P0C0S5,6,3,3,0,4,0,0,0,2,1,1,0,1,0,1,1,1,0,1,1,0,1,0,1,0,0,0,0,3,3,1,1,1,0,0,1,0,0,0,0,0,0,0,0,0,0,0,0,0,3,1,0,0,0,1,0,2,0,2,1,0,0,0,1,1,0,0,1,2,0,0,3,0,0,2,0,0,1,0,0,0,1,0,0,0,1,0,0,1,1,0,0,0,0,0,0,0,0,3,0,0,1,1,0,0,0,0,1,0,1,0,0,1,0,1,0,1,0,0,0,0,0,0,0,0,0,1,1,2,2,0,0,0,0,2,0,0,1,0,0,0,0,0,0,0,0,0,1,0,0,0,1,0,0,1,1,0,2,1,0,0,0,0,1,0,1,0,0,1,0,0,0,0,0,0,0,1,0,1,0,0,0,0,0,0,0,0,0,0,0,0,0,0,0,0,0,3,1,1,1,2,0,0,1,1,1,1,0,1,0,2,0,0,0,2,0,0,0,2,1,1,0,0,0,2,0,0,0,0,0,0,0,0,0,0,0,0,0,0,0,0,0,0,0,0,0,0,1,0,1,0,0,1,1,0,0,0,1,0,0,0,0,0,0,0,0,0,0,0,0,0,0,0,1,0,1,0,0,0,0,1,0,0,0,0,1,0,0,0,0,0,0,0,0,0,0,0,0,0,0,0,0,0,0,0,0,0,0,0,0,0,0,0,0,0,0,0,0,0,0,0,0,0,0,0,0,0,0,0,0,0,0,0,0,0,0,0,0,0,0,0,0,0
U3KQK0,0,1,1,1,2,0,0,1,1,2,0,2,1,0,2,0,1,1,1,1,0,1,0,0,0,2,0,0,0,1,4,0,3,0,0,1,0,1,0,1,0,0,0,0,0,0,0,0,0,0,1,3,1,1,0,0,0,2,0,0,1,1,0,0,1,1,2,0,1,0,1,1,0,0,0,0,0,1,2,1,0,2,1,0,1,1,0,1,1,1,0,0,0,0,0,0,0,0,3,0,2,0,3,2,0,2,0,1,0,1,2,0,0,2,3,0,2,1,0,1,1,1,1,0,0,0,0,0,2,0,2,0,0,0,1,1,0,1,0,0,0,0,0,0,0,0,0,0,2,0,1,2,0,0,0,0,0,0,1,1,0,1,1,0,1,0,0,0,0,0,1,0,0,0,0,1,1,0,0,0,0,0,0,0,0,0,0,0,0,0,0,0,0,0,0,0,1,2,0,0,0,1,0,3,0,1,1,2,0,0,6,1,3,0,1,0,0,1,0,1,0,0,0,0,1,3,3,2,7,0,0,0,1,0,0,0,0,0,0,0,0,0,0,0,0,1,1,0,0,0,0,0,0,1,2,1,0,0,0,1,1,0,0,0,0,0,1,0,0,0,0,0,0,1,0,1,0,2,0,0,0,1,0,0,0,0,0,0,0,0,0,0,0,0,0,0,0,0,0,0,0,0,0,0,0,0,0,0,0,0,0,0,0,0,0,0,0,0,0,0,0,0,0,0,0,0,0,0,0,0,0,0,0,0,0,0,0,0,0,0,0,0,0
P33778,0,1,1,1,1,0,0,1,1,1,0,2,1,0,1,1,0,1,1,1,0,0,0,0,0,2,0,0,0,0,4,0,2,0,0,1,0,1,0,1,0,0,0,0,0,0,0,0,0,0,1,3,0,2,0,0,0,2,0,0,1,1,0,0,0,2,1,0,0,0,1,0,0,0,0,0,0,1,0,1,0,0,1,0,1,1,0,1,1,0,0,0,0,0,0,0,0,0,2,0,1,0,2,2,0,3,0,2,0,0,1,0,0,2,3,0,2,1,0,1,1,1,0,0,0,0,0,0,2,0,2,0,0,0,1,0,0,1,0,0,0,0,0,0,0,0,0,0,2,0,1,1,0,0,0,0,0,0,0,1,0,0,1,0,1,0,0,0,0,0,0,0,0,0,0,1,1,0,0,0,0,0,0,0,0,0,0,0,0,0,0,0,0,0,0,0,1,1,0,0,0,1,0,2,0,0,0,0,0,0,5,2,3,0,1,0,0,1,0,1,0,0,0,0,1,1,2,2,3,0,0,0,1,0,0,0,0,0,0,0,0,0,0,0,0,1,1,0,0,0,0,0,0,1,1,1,0,0,0,1,0,0,0,0,0,0,1,0,0,0,0,0,0,0,0,1,0,2,0,0,0,0,0,0,0,0,0,0,0,0,0,0,0,0,0,0,0,0,0,0,0,0,0,0,0,0,0,0,0,0,0,0,0,0,0,0,0,0,0,0,0,0,0,0,0,0,0,0,0,0,0,0,0,0,0,0,0,0,0,0,0,0,0
P68431,1,1,4,0,1,0,0,1,0,1,2,2,1,0,3,0,2,1,1,0,0,0,1,0,0,0,0,0,1,1,1,0,1,1,0,0,0,0,1,0,0,1,0,1,0,0,0,0,0,2,0,2,0,1,0,1,1,2,0,0,1,1,0,2,1,0,0,0,0,0,0,1,1,0,1,0,0,0,1,1,1,3,0,0,0,0,2,1,3,0,0,0,0,0,0,0,0,0,1,3,0,0,1,1,0,0,0,1,0,0,0,0,0,0,0,1,2,0,0,0,1,0,0,1,0,0,1,1,0,2,3,0,0,0,0,0,0,0,1,0,0,0,0,0,0,0,0,0,1,0,0,0,0,0,2,1,0,0,2,1,0,0,0,0,0,1,1,0,0,0,0,0,0,0,0,0,0,1,0,1,0,0,0,0,0,0,0,0,0,0,0,0,0,0,0,0,3,2,2,1,0,0,0,2,1,1,0,1,3,0,1,0,0,0,2,0,0,0,2,1,0,0,0,0,5,3,0,0,0,0,0,1,0,0,0,0,0,0,0,0,0,0,0,0,0,0,0,0,0,1,0,0,0,1,0,0,0,0,0,0,0,1,0,1,0,0,1,1,0,0,0,0,0,1,2,0,0,0,0,0,0,1,0,0,0,0,0,1,0,0,0,0,0,0,0,0,0,0,0,1,0,0,0,0,1,0,0,0,0,0,0,0,0,0,0,0,0,0,0,0,0,0,0,0,0,0,0,0,0,0,0,0,0,0,0,0,0,0,0,0,0,0,0
Q71DI3,1,1,4,0,1,0,0,1,0,1,2,2,1,0,3,0,2,1,1,0,0,0,1,0,0,0,0,0,1,1,1,0,1,1,0,0,0,1,1,0,0,0,0,1,0,0,0,0,0,2,0,2,0,1,0,1,1,2,0,0,1,1,0,2,1,0,0,0,0,0,0,1,1,0,1,0,0,0,1,1,1,3,0,0,0,0,2,1,3,0,0,0,0,0,0,0,0,0,1,3,0,0,1,2,0,0,0,1,0,0,0,0,0,0,0,1,2,0,0,0,1,0,0,1,0,0,1,1,0,2,3,0,0,0,0,0,0,0,1,0,0,0,0,0,0,0,0,0,1,0,0,0,0,0,2,1,0,0,2,1,0,0,0,0,0,1,1,0,0,0,0,0,0,0,0,0,0,1,0,1,0,0,0,0,0,0,0,0,0,0,0,0,0,0,0,0,3,2,2,1,0,0,0,2,1,1,0,1,3,0,1,0,0,0,2,0,0,0,2,1,0,0,0,0,5,3,0,0,0,0,0,1,0,0,0,0,0,0,0,0,0,0,0,0,0,0,0,0,0,1,0,0,0,1,0,0,0,0,0,1,0,1,0,1,0,0,1,1,0,0,0,0,0,1,2,0,0,0,0,0,0,1,0,0,0,0,0,0,0,0,0,0,0,0,0,0,0,0,0,0,0,0,0,0,1,0,0,0,0,0,0,0,0,0,0,0,0,0,0,0,0,0,0,0,0,0,0,0,0,0,0,0,0,0,0,0,0,0,0,0,0,0,0
P62805,2,1,0,0,4,2,0,2,0,0,0,2,0,0,2,2,1,0,1,0,0,0,1,0,0,1,2,0,4,1,1,0,2,0,0,0,0,1,0,1,0,0,0,0,0,0,0,0,0,1,1,3,2,3,0,0,2,0,0,0,0,0,0,0,0,0,0,1,0,0,0,0,0,0,0,1,0,0,0,1,0,2,0,0,0,0,0,0,0,0,0,0,0,0,0,0,0,0,2,0,2,0,0,0,0,1,1,1,0,1,0,0,1,0,1,0,0,0,0,0,0,0,0,0,0,0,1,0,0,0,1,0,0,0,0,0,0,0,1,0,0,0,0,0,0,0,0,0,0,0,0,0,0,0,0,0,0,1,0,0,0,0,0,0,0,0,0,0,0,0,0,0,0,0,0,0,0,0,0,2,0,0,0,1,1,0,1,0,0,0,0,0,0,0,0,0,3,2,1,2,1,0,0,5,0,0,0,0,0,0,0,1,0,0,0,1,0,0,0,0,0,1,0,0,4,2,0,1,1,0,0,0,0,0,0,0,0,0,0,0,0,0,0,0,0,0,0,0,0,0,0,0,0,1,0,0,0,0,0,1,1,1,0,0,0,0,0,0,0,0,0,0,0,0,2,0,0,0,0,0,0,0,1,0,0,0,0,0,0,0,0,0,0,0,0,0,0,0,0,0,0,0,0,0,0,0,0,0,0,0,0,0,0,0,0,0,0,0,0,0,0,0,0,0,0,0,0,0,0,0,0,0,0,0,0,0,0,0,0,0,0,0,0
P40939,19,15,7,1,0,13,0,13,14,7,2,10,4,3,4,9,3,2,6,1,0,2,2,2,2,2,2,0,5,2,5,1,2,8,1,4,4,5,6,4,2,0,0,0,0,0,0,0,0,16,10,9,3,14,4,0,15,4,4,2,7,3,2,7,7,4,5,4,4,0,2,1,4,0,3,2,1,1,7,5,5,4,4,0,6,2,2,1,2,3,0,1,1,2,1,1,0,0,6,8,5,5,1,4,0,10,7,6,4,4,3,0,4,6,3,1,2,2,0,2,6,3,0,1,0,1,2,5,1,0,4,4,1,1,4,2,0,3,0,1,0,0,0,0,0,0,0,2,2,1,2,2,1,0,3,1,3,1,1,5,1,5,6,0,0,2,2,0,1,0,0,1,1,0,0,4,2,0,0,2,0,1,2,2,1,0,0,0,0,0,1,1,0,0,0,0,6,4,3,1,3,1,0,7,6,4,2,1,1,0,5,3,5,3,1,1,0,2,2,2,0,2,0,0,5,3,2,1,2,2,1,8,5,1,1,2,2,0,2,2,0,0,0,0,0,4,13,1,0,4,2,0,7,4,4,2,3,0,0,2,2,3,2,2,1,0,1,4,3,0,0,0,0,1,2,4,1,2,1,0,3,3,1,0,0,1,0,0,1,0,0,0,0,0,2,1,0,0,0,0,0,1,1,3,0,0,0,0,2,1,0,0,0,0,0,0,0,0,0,0,1,0,0,0,1,0,0,0,0,0,0,0,0,0,0,0,0,0,0,0,0,0,0
P55084,12,8,3,3,4,6,1,7,7,5,1,3,1,0,8,7,8,4,0,2,0,2,0,1,2,2,1,0,1,5,1,1,1,2,0,2,1,3,2,3,1,1,1,0,0,0,0,0,0,9,3,5,2,3,5,0,7,6,7,5,1,1,0,6,5,4,1,3,1,0,3,2,1,0,1,2,0,2,6,3,2,1,2,1,1,3,1,3,2,0,0,1,0,0,0,0,0,0,5,4,10,2,2,1,0,5,8,1,0,5,4,1,3,7,3,2,3,1,1,5,0,1,0,1,2,0,3,1,1,1,3,1,0,1,0,2,0,1,1,0,0,0,1,0,0,0,0,5,3,5,1,1,0,0,1,1,1,0,3,2,0,1,0,3,0,1,0,0,1,1,0,1,0,0,0,0,3,1,0,0,0,0,1,2,1,0,2,0,0,0,0,0,0,0,0,0,2,4,2,0,1,1,0,4,4,4,3,4,1,0,4,1,1,2,3,0,0,2,2,0,0,0,0,0,2,1,3,0,0,0,0,1,2,1,0,0,1,0,1,0,0,0,0,0,0,3,2,2,0,0,0,0,3,1,2,0,1,1,0,2,3,2,0,0,1,0,1,3,2,0,0,1,0,2,3,2,0,1,0,0,1,0,0,2,0,0,0,0,0,0,1,0,0,0,1,0,2,0,0,0,0,0,0,0,0,0,0,0,0,1,0,0,0,0,0,1,0,0,0,0,0,0,0,0,0,0,0,0,0,0,0,0,0,0,0,0,0,0,0,0,0,0,0
O14929,0,2,4,1,0,1,0,3,7,1,0,3,3,0,1,3,4,1,1,5,0,2,1,1,1,0,0,0,0,2,3,0,2,0,1,2,2,1,0,2,1,0,0,0,0,0,0,1,0,1,3,5,1,3,0,0,0,5,9,4,6,4,0,5,5,2,3,1,1,0,1,1,1,2,1,3,0,4,6,2,1,2,4,0,1,4,2,4,2,3,0,0,1,0,0,1,0,0,4,4,4,0,2,0,0,1,6,3,2,1,4,1,1,3,4,2,3,3,0,0,2,4,2,0,1,1,1,1,3,1,0,2,0,4,3,1,0,1,4,0,0,1,0,0,0,0,0,1,1,1,2,0,1,0,1,2,2,0,2,0,0,2,3,2,3,1,1,1,1,0,4,0,2,0,0,0,1,0,1,1,1,0,2,1,0,1,0,1,0,0,1,0,0,1,0,0,0,3,1,1,0,1,0,2,1,1,0,4,4,1,2,4,1,1,2,3,0,1,1,1,1,1,0,0,1,1,3,0,2,1,0,1,4,1,1,1,1,0,0,0,1,0,0,0,0,2,4,1,0,3,5,1,5,6,1,3,2,1,0,3,0,2,0,0,0,0,1,2,2,1,0,1,1,0,2,1,2,0,1,0,6,3,0,1,0,2,0,0,0,0,0,0,0,0,0,0,0,0,0,0,0,1,1,0,0,1,0,0,0,0,1,0,0,0,0,0,0,0,0,0,0,0,0,0,1,0,1,0,0,0,1,0,0,0,0,0,0,0,0,0,0,0,0
P56524,19,13,13,4,2,7,2,14,20,8,4,4,6,1,18,13,6,8,2,4,0,7,4,1,6,1,2,0,1,3,1,1,2,4,0,3,6,5,4,5,4,1,2,1,1,0,0,0,0,11,12,19,7,2,2,0,11,17,14,5,10,11,0,8,12,10,5,1,4,1,3,3,6,10,5,4,0,7,4,5,11,4,2,0,7,2,7,9,0,6,0,0,0,0,1,2,1,0,9,16,9,2,3,3,2,9,5,9,8,5,4,1,6,8,10,4,3,2,1,8,7,3,4,1,1,0,5,3,1,2,2,0,0,4,3,3,2,1,2,0,1,1,0,1,0,0,0,5,7,2,6,2,8,0,6,9,6,6,6,4,1,4,0,3,3,4,1,0,4,14,3,8,10,5,0,2,9,3,8,0,3,0,2,6,1,3,4,0,1,0,0,0,0,0,0,0,9,4,3,1,3,2,0,6,5,1,4,4,4,1,2,4,0,2,2,1,0,5,7,2,7,6,1,0,1,3,1,2,3,2,0,4,6,1,0,1,0,0,0,0,0,0,0,0,0,6,5,4,1,0,5,0,5,10,3,4,4,2,0,6,4,6,1,1,3,0,3,3,0,7,2,4,0,4,3,0,3,1,1,0,1,5,4,1,1,5,0,0,1,1,0,1,0,0,1,0,1,0,0,1,0,2,1,0,0,0,0,0,0,0,0,1,0,0,1,0,0,0,2,0,0,0,2,0,0,1,0,0,0,0,0,0,0,0,0,1,0,0,0,0,0,0,0
Q9UQL6,21,15,14,8,6,6,1,12,17,9,3,3,3,1,16,11,8,5,5,5,0,5,8,3,6,3,5,1,2,5,0,2,2,2,0,5,4,4,3,3,6,1,1,1,2,0,0,0,0,17,9,14,8,3,2,0,14,14,17,9,8,6,3,11,13,15,9,2,5,0,6,7,2,8,5,2,0,7,4,3,6,2,1,0,8,4,1,8,2,7,0,2,1,0,0,1,1,0,12,9,10,5,2,5,1,8,13,8,8,2,9,0,7,11,7,7,3,3,0,4,10,7,3,0,2,1,4,2,5,2,2,1,0,5,2,7,5,1,2,0,0,0,0,1,0,0,0,3,3,2,7,0,4,2,7,12,8,5,5,6,1,5,2,4,2,2,2,0,3,11,3,9,10,5,0,3,9,3,7,1,3,0,3,6,3,1,3,0,0,1,0,0,0,1,0,0,8,4,4,2,2,2,0,3,8,8,3,3,2,0,2,6,2,2,3,2,0,1,5,1,5,7,0,0,2,3,2,0,2,1,0,3,3,0,0,1,0,1,0,0,0,0,0,0,0,9,7,5,1,0,6,0,6,6,5,2,2,4,0,3,5,2,1,1,5,0,2,3,2,9,1,2,0,3,3,3,2,1,0,0,4,6,2,2,2,11,0,0,1,0,0,1,0,0,1,1,1,0,0,1,0,2,1,0,0,0,0,0,0,0,0,1,0,0,1,0,0,0,1,0,0,0,1,1,1,0,0,0,0,0,0,0,0,0,1,0,0,0,0,0,0,0,0
Q9UKV0,11,12,8,6,4,2,1,7,16,9,6,2,3,1,11,8,8,6,3,3,0,4,5,2,6,3,3,0,2,3,3,1,1,3,0,4,8,4,3,1,3,1,4,1,0,1,0,0,0,12,5,10,6,2,4,1,10,19,11,8,12,10,1,3,11,16,7,4,4,0,5,8,7,6,5,4,0,4,3,3,11,0,3,0,5,9,3,6,2,5,0,0,1,0,0,1,0,0,8,11,11,4,3,3,0,9,11,6,5,2,3,0,5,7,7,11,3,5,0,6,11,6,4,1,3,0,4,3,5,2,3,0,0,3,1,4,3,1,4,1,0,0,0,0,0,0,0,3,8,1,2,0,6,2,2,13,7,10,5,6,0,8,4,4,3,2,2,0,3,7,5,10,6,3,0,3,7,4,4,0,5,0,3,4,2,3,4,0,0,0,0,0,0,0,0,0,6,1,3,2,4,5,0,3,5,6,4,1,4,0,6,5,2,3,1,0,0,1,6,3,3,7,1,0,1,3,0,1,2,1,0,2,3,1,0,5,1,1,0,0,0,0,0,0,0,3,7,5,3,0,3,1,7,6,6,2,2,4,0,7,0,1,1,4,3,0,3,6,1,4,1,2,0,6,4,2,0,2,1,0,5,2,2,2,2,2,0,0,1,0,0,2,0,0,1,0,1,0,0,1,1,2,1,0,0,0,0,0,0,0,0,0,0,0,0,0,0,0,1,0,0,0,1,0,0,2,0,0,0,0,0,0,0,0,0,0,0,0,0,0,0,0,0
Q9H583,9,17,15,3,8,11,0,19,35,16,11,9,5,4,11,29,4,7,8,11,3,4,11,3,4,4,5,1,4,16,5,8,3,7,0,4,10,9,1,7,9,0,2,0,1,1,0,0,0,11,24,29,14,17,14,1,29,54,37,34,28,23,5,24,27,23,5,12,18,2,10,25,12,14,10,17,1,13,13,10,9,8,11,0,10,17,4,6,6,9,1,1,2,3,4,2,2,1,14,18,8,2,7,10,2,19,37,20,15,10,12,2,12,18,9,8,4,6,1,7,12,1,4,4,4,0,7,11,6,6,4,1,0,11,11,11,2,4,12,0,1,3,0,2,0,0,1,9,8,6,4,5,1,1,16,33,16,5,7,5,1,3,12,7,5,6,5,0,6,12,10,4,4,2,0,1,4,8,5,3,3,3,7,10,7,4,2,4,0,0,3,0,1,0,0,0,6,13,6,2,2,1,0,12,22,10,9,5,4,1,7,16,7,2,1,5,1,3,14,4,9,4,2,2,3,7,2,7,5,2,0,5,12,1,1,3,6,0,0,1,0,2,0,0,0,12,17,8,7,4,3,0,14,24,11,13,4,4,2,3,10,8,5,4,6,0,2,6,5,2,1,3,0,2,12,7,2,3,3,0,13,11,4,5,7,4,1,0,0,0,0,0,1,1,2,2,1,0,0,0,0,1,5,0,2,1,0,0,1,3,1,0,0,0,0,2,3,3,1,0,1,0,0,0,1,1,0,1,0,1,1,0,0,0,1,0,1,0,1,0,1,0,0
C9JNU6,3,5,2,0,1,0,0,5,2,0,0,0,0,0,2,0,1,0,1,1,0,1,1,0,0,0,1,0,0,0,2,0,1,0,0,0,0,0,0,1,0,0,0,0,0,0,0,0,0,4,1,3,1,0,1,0,4,2,1,1,1,0,0,1,0,1,0,0,0,0,0,1,0,0,0,0,0,0,0,2,0,0,0,0,0,0,0,0,0,0,0,0,0,0,0,0,0,0,3,0,0,2,0,0,0,1,1,0,0,0,0,0,1,1,1,0,1,0,0,1,1,0,0,0,0,0,1,2,1,0,0,0,0,0,0,1,0,0,0,0,0,0,0,0,0,0,0,1,0,0,0,1,0,0,0,2,1,0,0,0,0,0,0,0,0,0,0,0,0,0,0,0,0,0,0,0,0,0,0,0,0,0,0,0,0,0,0,1,0,0,0,0,0,0,0,0,0,1,0,0,1,0,0,0,2,0,0,1,0,0,1,1,0,2,1,0,0,0,0,0,0,0,0,0,0,1,0,0,0,0,0,0,0,0,0,0,0,0,0,0,0,0,0,0,0,0,0,0,0,0,0,0,0,0,0,0,0,0,0,0,0,2,0,0,0,0,0,0,0,0,0,0,0,1,0,0,0,0,0,0,0,0,1,0,0,1,0,0,0,0,0,0,0,0,0,0,0,0,0,0,0,0,0,0,0,0,0,0,0,0,0,0,0,0,0,0,0,0,0,0,0,0,0,0,0,0,0,0,0,0,0,0,0,0,0,0,0,0,0,0,0,0,0
P52789,19,9,9,3,4,6,3,5,12,5,8,3,8,3,13,6,4,1,3,5,1,0,2,4,0,3,6,0,6,5,6,5,5,3,0,5,7,0,1,6,6,4,1,2,3,0,0,1,0,6,10,3,1,11,4,1,11,7,12,5,4,6,0,10,7,3,2,5,4,0,2,7,6,2,4,4,1,5,0,6,4,4,4,1,7,9,4,2,2,7,1,1,0,1,1,0,2,0,14,4,10,2,5,9,2,4,5,6,4,4,6,0,6,1,5,0,3,2,2,1,3,2,2,1,1,0,6,6,1,2,1,2,0,3,7,0,3,2,6,0,3,0,0,0,0,0,0,4,2,0,1,0,0,1,5,5,3,3,3,2,1,10,4,1,0,0,2,0,0,2,1,1,0,3,2,6,1,2,0,1,0,0,3,4,5,2,2,1,0,0,3,0,0,0,0,0,3,11,6,3,4,5,0,5,5,0,3,6,2,0,3,6,1,4,2,4,0,2,5,1,2,2,2,0,4,3,3,2,1,1,0,2,2,5,0,1,1,0,1,0,0,0,0,0,0,6,7,3,2,6,4,0,6,9,5,2,3,8,1,4,5,2,3,3,4,0,2,2,3,1,0,1,0,5,5,2,0,2,1,0,7,5,6,1,2,0,1,2,0,1,2,1,0,0,1,1,2,3,0,1,0,0,2,1,1,1,0,0,0,0,3,0,2,0,0,1,1,0,1,0,0,0,0,1,0,0,0,0,0,1,0,1,0,0,1,0,0,0,0,0,0,0,0
Q14527,10,7,5,5,6,4,1,11,4,4,2,6,8,0,3,7,6,5,1,6,0,8,5,4,3,6,1,1,4,6,6,0,4,2,0,4,2,3,5,1,4,0,2,0,0,1,0,1,0,12,9,9,11,4,5,2,11,13,14,4,6,5,3,5,9,7,8,8,5,0,4,4,4,5,6,6,0,4,7,8,3,4,4,1,0,5,7,4,7,5,0,0,3,0,2,1,1,0,6,4,5,1,2,4,0,13,12,9,8,2,2,0,5,11,9,5,4,3,0,6,5,3,4,0,3,1,2,8,1,3,6,2,0,3,6,3,4,3,3,0,0,0,0,0,1,0,0,7,8,4,7,2,2,1,4,7,5,5,5,4,1,1,8,4,0,1,1,0,8,7,1,2,0,1,0,1,5,2,3,4,1,1,0,2,5,2,2,4,0,0,1,0,0,1,0,1,0,4,2,3,5,2,0,6,8,8,6,8,5,0,6,4,6,2,4,2,0,3,3,0,3,0,3,1,1,11,3,3,7,4,0,0,6,5,0,2,3,0,0,2,0,0,0,0,0,2,2,3,1,3,2,0,5,10,2,3,3,3,2,2,7,6,2,4,5,1,2,6,2,2,5,0,0,3,4,3,1,4,2,0,6,6,4,2,2,4,0,0,0,0,0,0,0,0,1,1,0,0,0,0,0,2,2,0,1,1,0,1,0,0,0,0,0,0,0,0,1,1,0,0,1,0,1,0,1,0,0,1,0,0,1,0,0,0,1,0,0,1,0,0,0,0,0
Q9BUJ2,11,7,9,7,7,2,1,6,9,2,4,4,3,1,8,3,10,7,1,2,1,1,4,6,4,4,1,0,4,5,5,8,5,0,0,0,8,2,3,2,5,0,0,0,0,1,0,1,0,11,5,5,5,5,7,0,7,24,7,13,3,3,0,3,5,6,2,2,1,0,3,8,7,7,2,1,0,2,2,4,1,4,4,0,7,2,2,1,1,7,2,2,1,0,1,0,0,0,10,4,8,4,5,2,0,5,9,2,6,1,3,1,12,9,8,3,3,1,1,7,2,2,4,5,2,0,2,1,1,2,4,3,0,1,7,3,1,0,1,0,0,0,2,0,0,0,0,3,3,7,2,2,1,1,6,7,4,3,3,5,1,6,1,12,6,1,1,0,3,6,6,9,2,2,0,6,2,3,3,2,1,0,1,5,3,1,1,1,0,0,0,0,0,0,0,0,7,4,2,1,4,3,0,7,0,1,2,2,2,0,1,3,0,3,3,5,0,3,7,2,4,1,4,0,5,2,2,3,4,3,0,3,2,3,0,2,2,0,0,0,0,0,0,0,0,2,5,1,1,3,5,0,6,8,3,0,4,6,1,3,5,1,1,3,2,0,2,2,1,0,2,2,0,2,2,0,4,0,1,0,4,3,3,3,3,8,0,0,0,0,1,0,1,0,0,1,0,0,1,0,0,1,0,0,0,0,0,0,0,1,0,0,0,1,0,0,0,2,0,1,0,0,0,0,0,0,0,0,0,1,1,0,0,0,0,0,0,0,0,0,0,0,0
Q53GQ0,7,4,2,4,3,1,0,5,4,5,1,2,3,0,4,3,3,1,3,1,0,1,1,2,1,1,3,0,0,2,4,0,0,0,0,0,1,1,1,0,0,0,0,0,0,0,0,0,0,7,5,5,2,0,2,0,8,1,5,2,0,1,0,4,5,1,1,3,3,0,0,3,3,0,0,0,0,1,2,1,0,1,4,0,2,2,1,0,0,2,0,0,0,0,1,0,0,0,5,3,5,3,0,0,0,1,9,1,2,3,1,0,3,3,2,0,3,0,0,2,1,1,0,0,0,0,2,2,5,1,2,1,1,1,2,2,0,0,1,0,0,0,0,0,0,0,0,1,2,0,0,2,0,0,1,2,1,1,0,0,1,1,4,1,1,1,0,0,1,0,0,0,0,0,0,1,0,0,0,1,0,0,1,2,0,0,0,0,0,0,0,0,0,0,0,0,0,4,0,0,0,0,0,4,0,2,0,3,1,0,3,1,1,1,4,2,0,0,0,1,0,0,0,0,0,3,1,0,0,0,0,1,1,1,0,2,0,0,1,0,0,0,0,0,0,1,2,2,0,1,0,0,2,1,3,0,1,1,0,1,1,3,0,0,0,0,1,1,0,0,0,0,0,0,1,1,0,0,0,0,1,0,1,1,0,0,0,0,0,0,0,0,0,0,0,0,1,0,0,0,0,0,0,0,0,0,0,0,0,0,0,0,0,0,0,0,0,1,0,0,0,0,0,0,0,0,0,0,0,0,0,0,0,0,0,0,0,0,0,0,0,0,0
P07900,6,3,3,2,2,1,0,3,3,6,4,3,4,1,3,6,8,3,2,6,0,1,2,1,0,1,1,0,1,3,4,1,3,2,0,2,3,2,0,3,4,0,0,0,1,0,0,0,0,1,6,5,2,6,4,0,6,8,5,3,2,11,0,5,3,5,2,5,7,0,3,6,1,3,6,4,0,0,3,4,2,4,4,1,5,7,3,0,7,6,0,0,0,0,0,1,0,1,4,6,6,0,2,1,0,5,6,6,6,6,6,0,4,7,5,2,1,3,0,3,3,2,1,1,5,0,3,2,4,1,1,3,0,4,3,4,1,3,8,0,0,0,1,0,0,0,0,1,2,3,1,1,1,1,3,6,2,1,0,4,0,1,3,1,3,0,2,0,1,2,1,0,2,1,0,1,1,3,2,6,1,0,0,4,2,2,4,3,0,0,0,0,0,0,0,0,2,3,5,0,0,1,0,3,4,3,4,4,1,0,3,8,2,3,3,1,1,1,2,2,2,1,1,0,4,3,1,2,8,6,0,6,2,1,2,4,10,0,0,1,0,0,0,0,0,3,4,6,1,3,6,0,4,8,5,4,3,2,1,3,8,1,2,3,2,0,1,1,3,1,3,2,0,2,7,5,1,1,9,0,5,8,7,6,4,14,1,0,0,0,1,0,0,0,0,0,0,0,0,0,0,0,0,1,1,0,0,0,0,0,0,0,0,2,0,0,0,0,0,0,1,0,0,0,0,0,1,0,0,0,0,0,0,0,0,0,0,1,0,0,0,0,0
Q14568,2,3,1,1,0,1,0,1,3,5,3,0,2,0,1,2,2,1,2,4,0,0,2,0,0,0,0,0,1,1,3,0,0,1,0,1,0,2,0,2,2,0,0,0,0,0,0,0,0,0,2,2,0,3,2,0,2,4,3,2,1,3,0,5,2,2,2,1,3,0,3,3,1,1,3,2,0,0,0,2,1,0,2,0,4,2,1,0,4,2,0,0,0,0,0,0,0,0,3,3,2,0,2,1,0,2,2,5,4,0,3,0,1,4,0,1,0,1,0,0,3,2,0,1,3,0,2,0,0,1,1,2,0,2,1,3,1,1,3,0,0,0,0,0,0,0,0,0,2,1,0,0,1,0,2,5,0,1,1,2,0,0,3,1,2,0,1,0,0,1,0,0,1,0,0,1,0,2,1,1,0,1,0,1,0,3,0,4,0,0,0,0,0,0,0,0,1,2,3,0,0,0,0,0,1,0,1,1,1,0,2,2,1,1,2,1,0,0,2,1,0,0,1,0,1,0,0,0,3,2,0,4,1,0,0,3,5,1,0,1,0,0,0,0,0,2,2,3,1,1,2,0,1,0,3,2,2,1,0,2,3,1,2,1,1,0,1,0,3,1,1,2,0,1,3,2,1,1,7,0,0,4,4,4,4,8,0,0,0,0,0,0,1,0,0,0,0,0,0,0,0,0,0,0,0,0,1,0,0,0,0,0,0,0,0,0,0,0,0,0,0,0,0,0,0,0,0,0,0,0,0,0,0,1,0,0,0,0,0,0,0,0,0
P08238,7,4,1,3,3,4,0,3,3,6,4,3,3,1,1,4,6,4,1,6,0,1,3,1,1,0,2,0,2,3,5,1,5,5,0,2,3,3,0,2,7,0,0,0,1,0,0,0,0,4,4,4,1,7,4,0,6,11,2,3,2,14,0,5,4,5,1,6,6,0,3,5,1,3,5,3,0,1,5,3,2,3,3,1,5,6,4,0,7,7,0,0,0,0,0,1,0,1,3,6,5,1,2,1,0,5,5,10,3,6,5,0,5,6,6,2,0,3,0,3,3,3,1,1,4,0,2,2,4,2,2,2,0,5,3,4,1,2,6,0,0,0,0,0,0,0,0,1,2,3,0,1,2,1,3,6,2,1,0,4,0,0,4,3,3,1,1,0,2,2,0,0,2,0,0,1,1,3,0,4,1,0,1,4,0,1,3,3,0,0,0,0,0,0,0,0,3,3,5,0,3,1,0,2,5,2,4,3,2,0,5,8,1,3,3,2,0,0,1,5,0,1,1,0,5,2,2,2,7,4,0,5,3,1,2,4,6,0,0,1,0,0,0,0,0,4,4,4,3,5,5,0,5,8,5,4,4,1,1,2,8,1,2,3,1,0,1,2,2,1,1,2,0,4,5,5,1,0,6,0,6,9,5,5,3,17,1,0,0,1,0,0,0,0,0,0,0,0,0,0,0,0,0,1,1,0,0,0,0,0,0,0,0,2,0,0,0,0,0,0,0,0,0,0,0,0,1,0,0,0,0,0,0,0,0,0,0,1,0,0,0,0,0
P14625,6,5,2,1,2,6,0,4,4,4,4,5,5,0,3,8,4,4,4,6,0,1,6,1,1,0,1,0,4,3,4,0,3,3,0,5,3,4,0,5,7,0,0,1,0,0,0,0,1,3,4,4,3,7,4,2,6,8,3,4,6,6,0,5,6,4,2,6,8,0,1,6,3,2,4,0,0,3,6,2,3,5,7,0,1,6,4,3,6,10,0,0,0,1,0,0,0,0,5,4,6,5,3,4,0,5,5,6,2,6,7,0,5,4,1,4,3,4,0,5,2,3,1,0,2,0,2,4,3,3,4,7,0,2,4,6,4,5,10,0,0,0,0,0,0,0,0,1,1,5,0,2,3,0,4,7,5,1,2,2,1,6,2,3,1,1,2,0,0,4,2,2,1,0,0,1,2,2,0,0,2,0,0,1,1,1,0,2,0,0,0,0,0,0,0,0,3,8,5,0,0,2,0,4,5,8,3,4,3,0,3,5,5,1,5,3,0,2,2,3,2,1,0,0,4,4,3,1,1,1,0,7,3,3,1,5,4,1,0,0,0,0,0,0,0,4,4,7,1,3,5,0,3,4,4,2,3,6,0,5,6,4,1,4,7,0,3,2,3,1,1,2,0,4,7,9,3,1,4,0,9,5,9,3,7,24,0,0,0,0,0,1,0,0,0,0,0,0,0,0,0,1,0,1,0,0,0,0,0,0,0,0,0,1,0,0,0,0,0,0,0,0,0,1,0,0,0,0,0,0,0,0,0,0,0,0,0,1,0,0,0,0,0
P54652,14,5,10,3,4,5,2,7,6,2,2,0,6,0,7,4,6,3,3,1,0,4,4,2,2,3,2,0,3,5,2,0,2,7,0,2,6,3,2,2,5,0,1,0,1,0,0,0,0,8,6,6,4,2,2,0,5,8,6,3,6,4,0,9,4,4,2,3,1,0,1,2,4,3,0,0,1,6,2,2,3,3,2,0,3,6,0,4,4,5,0,0,0,0,0,0,0,0,10,3,1,4,2,5,0,4,4,7,1,4,4,0,4,5,10,2,3,1,0,2,0,2,2,3,0,0,1,1,3,3,1,4,0,3,3,2,1,0,1,0,0,0,0,0,0,0,0,1,2,2,2,3,2,0,5,4,2,1,1,2,0,2,3,2,1,0,2,0,0,2,0,0,3,2,0,2,1,2,2,2,3,0,0,1,4,1,2,0,0,1,0,0,0,1,0,0,5,2,2,2,4,3,0,3,4,0,1,3,1,0,1,5,2,0,2,3,0,2,3,1,0,3,3,0,4,2,0,2,1,1,0,7,6,1,2,1,1,1,0,0,0,0,0,0,0,5,5,2,2,2,3,0,4,6,6,3,4,5,0,2,3,1,1,2,2,0,3,4,1,0,0,1,1,2,1,4,2,1,1,0,3,6,1,0,2,2,0,1,0,0,0,0,0,0,0,0,1,0,2,0,0,0,0,0,0,0,0,0,0,0,1,0,0,0,0,0,0,0,0,0,0,0,0,0,0,0,0,1,0,0,0,0,0,0,0,0,0,0,0,0,0,0,0
P17066,15,9,6,3,4,8,1,7,4,2,4,3,4,0,5,7,5,1,2,2,0,3,4,4,1,6,1,0,5,4,3,0,2,7,0,2,9,2,2,3,4,0,0,0,2,0,0,0,0,16,2,7,5,2,1,0,6,6,3,2,6,4,0,7,4,4,2,3,2,0,3,3,1,5,0,1,0,5,1,2,3,3,2,1,3,6,1,3,4,4,0,0,0,0,0,0,0,0,6,3,2,4,3,3,1,5,4,6,1,3,6,0,5,6,9,0,3,1,0,1,0,1,1,2,1,0,1,2,1,2,2,3,0,2,2,2,1,1,2,0,1,1,0,0,0,0,0,1,4,3,1,4,3,0,5,5,3,2,0,1,0,1,1,1,1,2,2,0,1,2,0,1,1,4,0,3,0,2,2,1,1,0,1,3,2,1,1,0,0,0,0,0,0,0,0,0,3,3,1,5,4,3,0,5,3,1,0,2,1,0,1,5,2,1,1,1,1,5,2,1,1,0,1,0,3,2,0,2,2,2,0,6,2,2,2,2,2,2,0,1,0,0,1,0,0,5,3,2,1,3,4,0,5,5,7,3,3,4,0,3,2,1,1,0,2,1,3,5,2,0,0,0,0,2,3,4,1,1,1,1,3,5,1,1,2,2,0,1,0,0,0,1,0,0,0,0,1,0,1,0,0,0,0,0,1,0,1,0,0,0,2,0,0,0,0,0,0,0,0,0,0,0,0,0,0,0,0,2,0,0,0,0,0,0,0,0,0,0,0,0,0,0,0
P11142,17,9,9,3,3,5,1,4,7,5,2,0,5,0,5,5,7,3,4,1,0,3,6,2,2,2,2,0,1,3,5,0,2,6,0,2,6,2,2,2,5,0,0,0,1,0,0,0,0,10,3,8,3,2,2,0,9,5,3,4,6,5,0,11,5,3,2,3,1,0,0,2,3,5,0,0,1,6,2,2,3,3,2,0,3,7,0,5,4,4,0,0,0,0,0,0,0,0,10,3,1,4,4,5,0,3,7,7,1,3,4,0,7,4,8,1,3,1,0,1,1,3,1,3,0,0,2,1,2,3,1,5,0,3,3,2,1,0,0,0,0,0,0,0,0,0,0,3,1,2,2,1,1,0,4,6,2,1,3,2,0,2,3,1,1,1,2,0,1,2,0,1,3,3,0,1,0,3,1,2,4,0,0,2,3,1,2,0,0,1,0,0,0,1,0,0,3,3,1,3,3,3,0,3,3,0,0,2,1,0,1,5,4,1,2,3,0,1,2,1,1,3,3,0,4,2,0,2,1,1,0,7,6,1,1,1,3,1,0,0,0,0,0,0,0,4,4,3,2,3,3,0,5,4,8,3,4,6,0,1,3,1,1,1,1,0,4,5,1,0,0,0,1,2,1,4,2,1,1,0,3,6,0,1,2,3,0,1,0,0,0,0,0,0,0,0,1,0,1,0,0,0,0,0,0,0,0,0,0,0,1,0,0,0,0,0,0,0,0,0,0,0,0,0,0,0,0,1,0,0,0,0,0,0,0,0,0,0,0,0,0,0,0
Q7Z6Z7,27,37,31,26,14,22,2,45,52,42,22,15,16,0,30,31,39,13,17,19,5,18,27,22,14,7,7,1,13,18,12,15,8,9,3,25,17,30,14,10,20,1,2,2,2,0,0,1,0,27,38,42,29,25,32,0,50,57,68,27,37,34,4,33,52,55,23,22,31,6,17,26,23,21,19,12,4,15,31,22,13,5,15,0,18,20,21,14,12,23,3,1,4,5,2,1,2,1,39,43,38,18,9,22,4,43,58,44,37,17,16,1,53,51,61,25,18,25,2,18,24,22,3,11,10,1,14,15,16,10,14,8,2,23,20,28,10,14,24,2,1,7,3,2,0,4,0,22,21,21,8,5,13,1,20,30,27,12,12,11,5,15,25,32,9,11,17,1,10,12,19,11,3,5,0,10,13,9,4,5,5,3,7,14,10,5,11,9,0,3,3,0,3,0,0,0,18,20,9,5,13,8,0,19,33,14,8,9,15,4,16,23,18,6,3,14,0,9,15,8,9,5,9,1,9,12,6,10,9,6,2,7,15,12,1,8,11,1,5,2,1,0,0,2,1,20,27,12,10,8,20,0,14,43,23,14,9,15,2,23,31,30,10,7,14,3,14,13,14,2,2,12,2,10,13,16,4,13,12,1,14,32,17,13,13,46,0,4,0,0,2,1,0,0,6,5,1,0,4,0,0,2,4,4,2,2,4,0,3,3,0,3,1,1,0,5,0,2,0,2,1,0,2,0,0,0,0,0,0,3,2,0,2,1,2,0,0,0,0,1,0,1,0
Q9Y4L1,14,13,6,3,7,7,0,11,11,8,0,7,11,0,6,5,9,7,4,7,0,1,4,3,2,3,6,2,1,14,6,2,5,9,0,4,7,2,2,7,7,0,0,1,0,0,0,0,0,17,10,9,4,10,5,0,11,8,4,6,7,7,0,6,7,6,4,5,4,1,3,8,5,3,3,5,0,9,3,2,5,2,7,0,13,5,5,3,3,10,0,0,0,0,0,0,0,0,10,6,6,4,4,4,0,11,4,3,4,5,4,0,8,4,2,4,2,4,0,5,5,1,1,1,3,0,3,2,2,1,3,2,0,7,6,5,1,1,4,0,1,0,0,0,0,0,0,2,3,7,1,3,3,0,7,6,3,9,1,3,0,4,2,4,0,0,3,0,2,3,1,0,1,0,0,2,3,0,2,3,2,0,5,4,2,2,5,1,0,1,1,0,0,0,0,0,4,4,4,2,5,3,0,6,6,6,3,7,6,0,4,6,2,0,1,2,0,6,5,0,1,2,3,0,2,4,1,4,6,3,0,6,8,3,3,4,2,0,0,0,0,0,0,0,0,3,12,6,7,7,7,1,9,8,9,5,0,6,0,6,7,1,1,1,4,0,2,4,3,0,2,2,0,5,8,4,3,1,3,0,8,7,3,2,4,5,0,0,0,0,0,0,0,0,0,0,1,0,1,0,0,0,0,0,0,1,1,0,0,0,0,0,0,0,0,0,0,0,0,0,0,0,0,0,0,0,0,0,0,0,0,0,0,0,0,0,0,0,0,0,0,0,0
P78318,1,3,3,2,3,1,0,3,2,1,0,1,2,0,2,1,2,4,2,2,0,2,1,1,0,2,1,0,2,2,0,2,1,3,0,1,0,0,0,1,1,0,0,0,0,0,0,0,0,3,2,0,1,3,0,0,1,2,3,3,4,4,0,2,3,1,2,1,2,0,1,2,2,0,2,2,0,2,2,1,1,1,1,0,1,5,2,1,1,5,0,0,0,0,0,0,0,0,4,1,4,0,1,1,0,1,3,4,1,1,1,0,2,2,3,2,1,2,0,1,1,1,3,1,2,0,0,2,1,1,1,0,0,2,2,0,0,3,0,0,0,0,0,1,0,0,0,1,1,4,1,0,0,0,1,2,1,2,1,1,0,1,2,2,0,0,1,1,1,0,1,1,1,2,0,1,0,5,3,0,0,0,1,4,2,0,2,3,0,0,0,0,1,0,0,0,0,2,1,2,3,0,0,1,3,0,1,0,3,0,2,3,3,0,1,0,0,1,4,1,1,1,2,0,0,1,1,2,0,0,0,0,1,0,2,1,2,0,0,0,0,0,0,0,0,4,0,1,1,0,1,0,2,5,2,2,1,4,0,2,0,1,1,0,0,0,1,0,0,1,2,3,0,3,1,1,1,1,2,0,2,4,0,4,1,6,0,0,0,0,0,0,0,0,0,0,0,0,0,0,0,0,0,0,0,0,0,0,0,0,0,0,0,0,0,0,0,1,0,0,0,1,0,0,0,0,0,0,0,0,0,0,0,0,0,0,0,0,0,0,0,0,0
Q13123,1,3,4,0,3,2,0,1,5,1,2,2,6,0,2,2,4,1,2,3,0,0,0,0,0,2,1,0,2,3,3,1,1,4,0,3,2,4,2,2,1,0,0,0,0,0,0,0,0,3,3,4,0,3,1,0,5,2,2,4,3,6,0,0,0,5,1,3,2,1,0,0,4,0,2,0,0,2,0,4,1,7,3,0,4,2,3,4,2,7,0,0,0,0,0,0,1,0,1,4,1,2,1,1,0,4,6,1,0,3,2,1,3,8,3,3,2,3,0,2,2,1,1,1,1,0,1,6,4,0,3,3,0,6,1,2,2,5,4,0,0,0,0,0,0,1,0,2,0,1,1,0,2,0,1,2,2,0,1,1,0,0,3,3,1,0,4,0,0,1,1,0,3,0,0,2,2,2,0,3,2,0,0,1,2,0,0,0,0,0,0,0,0,0,0,0,1,4,1,0,3,2,0,1,4,5,0,5,2,0,3,2,3,2,7,2,0,2,2,0,2,1,1,0,3,3,2,3,9,6,0,4,5,2,2,24,3,0,0,0,0,0,0,0,0,5,3,3,0,4,6,0,2,3,2,0,3,5,0,2,2,4,0,2,6,0,2,2,5,2,2,0,0,1,3,4,3,3,22,0,2,4,3,3,3,9,0,0,0,0,0,0,0,0,0,0,0,0,0,0,0,0,0,0,0,0,0,0,0,0,0,0,0,0,0,0,0,0,0,0,0,0,0,0,0,0,0,0,0,2,0,0,0,0,0,0,0,0,0,0,0,0,0
Q13418,3,6,1,6,2,0,0,3,4,3,2,1,6,1,1,1,3,3,5,1,0,4,5,3,3,2,3,0,3,1,3,3,0,2,0,1,2,0,1,3,0,0,0,0,0,0,0,0,0,4,5,3,5,2,3,0,7,4,6,1,3,3,0,4,5,0,4,0,5,0,0,4,2,1,1,0,0,5,4,3,2,2,0,1,3,2,1,3,3,3,0,1,0,0,1,0,1,0,1,3,2,2,2,1,0,2,6,2,1,4,1,0,1,1,0,1,1,1,0,0,4,2,2,1,3,1,2,0,2,1,2,2,0,3,2,0,0,1,3,0,0,1,0,0,0,0,0,2,2,1,4,0,1,0,4,6,4,3,3,4,1,3,5,0,1,1,2,1,1,2,1,0,1,1,0,1,3,0,1,0,0,0,1,1,1,3,1,1,0,1,1,0,0,0,0,0,4,2,2,0,3,2,0,2,3,0,0,3,1,1,2,4,2,2,2,0,0,2,5,2,0,0,0,1,1,0,1,2,0,0,0,2,1,0,1,1,0,0,2,0,0,1,0,0,0,3,2,4,1,3,0,0,4,1,2,1,2,0,0,0,0,0,2,0,0,0,3,4,2,0,0,1,0,1,2,3,1,0,0,2,3,2,1,2,0,1,0,0,0,0,0,0,0,0,1,0,1,2,0,0,0,0,0,1,0,1,0,0,0,0,0,0,0,0,0,0,1,1,0,0,0,0,0,0,0,0,0,0,0,0,0,0,0,0,1,0,0,0,0,0,0,0,0
A1L0T0,20,23,7,6,7,5,0,17,13,12,4,3,3,0,13,3,2,3,1,1,0,3,3,3,1,2,4,0,5,6,1,3,2,2,0,8,2,0,4,3,0,0,2,1,0,0,1,0,0,11,9,4,4,6,4,1,7,13,10,4,6,4,2,8,9,2,5,0,5,0,6,4,2,2,1,1,0,4,3,1,3,1,2,2,3,3,2,1,1,1,1,0,1,0,1,0,0,0,11,6,3,1,1,3,2,5,7,3,3,2,0,0,3,2,0,1,0,0,0,5,1,3,0,0,3,0,1,0,0,1,0,0,0,2,1,2,0,1,2,0,0,0,0,0,0,0,0,10,4,2,3,1,3,0,4,6,1,1,1,1,0,3,3,0,2,0,1,0,2,2,0,1,1,0,0,4,1,1,1,0,1,0,2,3,0,0,4,1,0,0,0,0,0,0,0,0,6,4,5,0,2,0,0,4,3,2,2,1,3,0,0,3,1,0,0,1,0,4,2,1,1,3,1,0,2,1,0,0,0,0,0,3,0,0,0,1,0,1,0,2,0,1,0,0,0,7,5,1,2,2,2,1,1,3,1,2,1,1,0,0,0,1,1,1,0,0,2,2,0,0,1,1,0,1,4,2,3,0,0,1,2,0,0,1,1,0,0,2,0,0,0,0,0,0,2,1,1,0,0,0,0,1,1,0,0,2,0,0,0,0,0,0,0,0,0,1,0,0,1,0,0,0,0,0,0,1,0,0,0,0,0,0,0,0,0,0,0,0,0,0,0,0,0
Q16891,14,9,9,7,6,5,0,7,4,5,2,5,6,0,8,9,7,3,3,3,0,5,2,4,1,1,6,0,2,8,1,3,6,0,0,6,1,3,0,4,6,0,0,1,0,0,0,0,0,5,5,6,3,3,6,0,6,9,6,2,5,1,0,3,5,3,6,3,8,0,3,3,4,5,2,5,1,10,5,0,2,3,4,0,3,4,4,4,2,4,0,0,1,2,0,0,0,0,7,4,10,0,2,3,0,4,6,5,6,6,1,0,6,6,6,0,4,0,0,5,5,2,1,2,1,0,2,3,3,2,3,2,0,4,6,0,2,2,3,0,0,0,0,1,0,0,0,12,4,1,3,4,0,0,0,1,3,3,2,5,0,3,3,1,3,1,1,0,5,2,0,0,1,2,0,1,1,3,1,1,3,0,3,7,6,4,0,0,0,1,0,0,0,0,0,0,5,2,3,3,2,6,1,6,5,5,7,1,2,0,1,1,1,0,1,5,0,3,2,0,2,2,1,0,4,4,1,1,2,4,1,3,2,3,2,2,1,0,0,1,0,0,0,0,0,7,5,4,3,2,0,0,5,4,5,3,4,5,2,5,4,3,3,3,0,1,2,0,2,1,2,5,0,3,5,1,1,2,0,0,2,7,3,0,2,1,0,0,0,0,0,0,0,0,0,0,0,0,1,0,0,0,0,0,0,1,1,1,0,0,1,1,0,0,0,1,0,0,0,0,0,0,0,0,0,0,0,0,0,0,0,0,0,0,0,0,0,0,0,0,0,0,0
P12268,7,11,5,4,2,5,1,11,8,0,1,3,4,0,8,4,6,0,1,3,0,5,3,2,1,1,2,0,3,2,2,0,2,2,0,5,3,4,2,3,1,0,1,2,0,1,0,0,0,11,4,4,3,1,7,1,5,5,7,3,2,4,1,5,4,1,3,5,3,1,1,2,0,1,3,0,0,2,2,2,1,3,1,0,2,4,2,3,1,3,0,0,1,0,0,0,1,0,8,5,7,1,4,1,0,7,5,3,1,1,3,1,6,5,4,1,1,1,0,2,2,0,1,0,0,0,3,2,0,2,3,2,0,2,1,3,0,1,0,0,0,0,0,1,0,0,0,6,2,2,2,0,1,0,2,4,3,2,1,1,0,1,2,3,0,0,0,0,1,3,1,1,0,0,0,2,0,0,0,2,1,0,1,0,1,0,0,1,0,0,0,1,0,0,0,0,1,2,2,2,4,3,1,2,1,5,0,2,2,0,3,1,2,0,3,0,0,0,2,0,1,1,0,0,4,2,3,0,0,2,0,1,1,2,1,2,1,0,0,0,0,0,0,0,0,2,2,3,2,0,1,1,3,2,3,0,2,1,0,3,5,2,0,2,0,0,4,0,3,0,0,1,1,1,4,2,1,1,0,0,0,2,0,2,2,4,0,0,0,0,0,0,0,0,0,1,0,0,0,0,0,1,1,1,0,0,0,0,0,0,0,1,0,0,0,0,1,0,1,0,0,0,0,0,0,0,0,0,0,0,0,0,1,0,0,0,0,0,0,0,0,0,0
Q8TEX9,13,15,10,11,6,4,3,20,24,10,11,2,1,0,6,12,4,1,2,3,2,3,7,3,0,4,7,0,5,4,2,1,3,2,1,3,7,7,2,2,5,1,0,2,2,1,0,0,1,26,19,8,7,3,14,1,19,42,17,6,13,7,0,12,15,6,5,4,9,2,9,14,0,1,3,10,1,3,8,3,3,3,2,0,6,7,2,1,4,7,1,0,2,1,0,0,1,1,6,6,4,2,1,3,2,11,13,10,7,0,7,2,3,9,6,3,1,0,1,2,6,3,2,0,0,1,3,6,0,0,1,1,1,5,4,4,3,3,3,0,2,1,0,0,1,1,0,5,8,3,0,2,1,0,8,6,4,7,1,5,2,1,3,2,1,1,0,0,0,2,1,0,1,0,0,3,5,2,0,0,2,0,6,5,4,1,1,3,1,2,0,0,0,0,0,1,2,10,1,1,3,2,0,8,8,7,3,2,1,0,1,3,2,1,2,1,0,1,3,1,1,3,2,0,1,3,2,3,1,0,0,2,2,1,1,3,1,0,2,0,0,0,0,0,0,10,8,3,2,0,3,0,10,10,4,2,2,6,1,1,7,3,2,1,8,0,4,1,0,0,1,1,1,4,3,1,4,1,3,0,4,9,4,0,3,18,0,1,2,0,0,0,0,0,0,2,1,1,3,0,0,2,1,1,2,2,1,0,0,0,0,1,1,1,0,0,0,0,0,0,1,0,0,0,0,0,1,0,0,0,1,1,0,0,1,0,0,2,0,0,0,1,0
O00410,15,8,11,14,1,4,0,10,13,9,7,4,7,1,6,7,5,7,5,6,1,7,2,1,4,5,8,1,5,4,1,2,1,2,0,3,7,5,4,2,7,1,1,2,0,0,0,2,0,13,14,11,2,5,11,1,19,19,12,11,6,7,1,7,15,4,13,6,3,1,5,8,4,7,5,7,0,4,10,4,1,3,2,1,4,0,7,6,3,5,2,1,2,0,1,1,3,0,5,5,3,1,3,6,0,4,11,6,9,6,1,2,3,4,3,5,1,4,0,7,10,5,6,3,3,1,3,8,2,1,1,2,0,9,6,2,3,0,4,0,1,1,1,2,0,0,0,5,10,2,5,1,3,1,6,15,7,1,4,4,2,1,5,1,4,1,5,2,3,7,4,7,2,4,1,5,6,1,1,3,1,0,4,7,4,4,2,5,1,3,0,0,0,0,0,0,7,5,2,2,4,2,2,10,9,8,2,1,3,1,1,3,2,2,2,1,0,1,3,1,1,0,1,0,3,3,1,1,1,0,0,0,2,0,1,2,3,0,0,0,1,0,0,0,0,7,8,5,4,0,1,1,7,6,6,6,3,4,1,5,4,5,4,1,4,1,3,9,4,3,2,2,0,3,3,2,1,0,1,0,6,8,5,5,1,12,0,2,1,1,0,0,0,0,1,1,3,0,1,2,0,1,2,1,0,1,1,0,0,1,0,0,1,1,0,1,0,0,0,0,2,0,1,0,0,0,0,0,0,0,3,1,0,0,1,0,0,0,0,0,0,0,0
Q96P70,15,13,10,8,5,0,0,14,12,8,8,4,6,1,14,14,6,5,1,4,1,5,8,6,4,2,3,2,7,7,4,0,2,2,0,2,6,7,3,2,3,0,0,1,1,1,0,0,0,7,11,10,12,9,10,0,14,20,8,14,8,12,1,6,6,3,5,0,6,4,7,8,8,6,4,7,1,7,2,6,1,1,2,1,6,10,5,5,4,5,0,0,2,0,0,0,1,0,11,8,9,6,3,3,1,6,20,9,4,2,7,0,7,9,3,2,4,4,0,6,3,3,1,5,4,1,2,6,5,0,0,0,0,4,3,8,3,1,3,0,2,2,0,1,0,0,0,9,9,3,1,1,3,2,9,7,1,4,3,5,0,3,7,5,3,1,6,0,6,4,4,2,1,1,0,5,3,3,0,0,1,0,4,4,1,2,0,5,1,1,3,0,0,0,0,0,6,3,8,1,3,2,0,9,6,0,3,2,2,1,3,4,3,4,4,1,0,0,0,0,1,0,0,0,1,0,0,0,0,2,0,1,2,2,1,0,1,0,0,1,0,0,0,0,0,3,8,6,2,1,3,0,4,9,2,7,0,3,0,7,8,8,4,3,1,0,3,6,4,3,0,2,0,1,5,1,0,0,0,0,5,0,8,4,0,17,0,0,0,1,0,0,0,0,0,1,0,0,0,2,0,2,3,2,1,1,0,0,1,0,1,0,0,0,0,1,0,0,1,0,0,0,0,0,0,0,0,0,0,1,0,0,0,0,0,0,0,0,0,0,0,0,0
Q6DN90,8,7,5,2,4,2,1,8,7,7,4,5,1,0,4,4,7,5,2,3,0,2,7,5,1,6,1,0,1,5,1,3,2,5,0,6,5,3,2,2,6,0,1,0,0,0,0,2,0,3,12,8,6,3,13,1,5,13,7,4,7,7,0,8,8,11,5,7,11,0,2,6,3,0,5,1,1,3,6,3,4,8,5,1,5,6,10,1,3,5,0,1,0,1,1,0,0,0,3,4,8,6,1,2,0,12,3,10,2,4,7,0,4,10,14,6,4,8,2,2,6,4,2,9,3,1,2,4,3,3,5,3,2,3,8,9,4,5,3,0,1,1,0,2,0,0,0,3,3,2,2,2,2,0,7,8,8,3,3,4,1,4,4,3,4,3,3,0,2,2,0,1,0,1,0,3,5,4,4,4,4,0,2,2,3,1,1,1,0,0,1,0,1,0,0,0,7,0,0,2,2,2,0,7,5,7,3,6,5,0,2,4,2,3,3,0,0,5,7,3,2,3,3,0,3,8,2,5,4,3,0,3,8,6,2,0,1,0,0,0,2,1,0,0,0,5,4,2,4,4,3,1,6,7,11,2,5,6,1,2,8,10,4,2,7,0,1,3,5,0,1,1,0,1,5,1,4,2,0,0,4,7,2,1,2,3,0,0,0,0,0,0,0,0,0,2,0,0,1,0,0,1,0,0,0,0,0,1,0,0,1,0,1,0,1,0,3,2,0,0,0,0,0,0,0,0,0,0,0,0,2,0,0,0,0,0,0,0,0,0,0,0,0
P51617,10,11,9,6,3,5,0,15,8,8,5,7,9,1,6,4,7,5,4,1,0,2,7,5,1,2,1,0,4,1,3,2,1,0,0,5,0,4,0,1,3,0,1,0,1,0,0,0,0,14,17,5,3,2,3,0,8,10,7,10,3,3,4,5,9,5,2,1,6,0,2,9,3,6,2,2,2,3,5,4,2,3,4,1,6,6,2,0,2,2,1,2,1,3,0,0,0,1,5,9,6,4,3,0,1,6,12,4,4,5,1,0,6,5,7,3,2,2,0,3,1,5,0,2,3,1,3,4,1,2,0,1,0,4,3,1,1,0,3,0,0,0,0,0,0,0,0,2,3,4,0,1,2,1,4,7,4,6,2,1,2,3,3,4,2,3,0,0,3,3,2,0,0,0,0,2,1,1,1,1,1,0,3,2,0,1,2,0,0,0,1,0,2,0,0,0,6,3,4,1,2,0,0,3,2,4,0,2,4,0,3,5,1,0,1,0,0,3,4,0,0,1,0,0,2,1,1,1,1,0,0,0,1,1,1,0,2,1,0,0,1,0,0,0,0,6,8,0,3,0,3,0,7,4,1,1,2,1,0,2,4,1,2,0,3,0,0,1,0,1,0,1,0,2,3,0,0,0,0,0,2,4,4,0,0,1,0,0,2,0,0,0,0,0,1,2,0,1,0,0,0,1,2,0,0,1,0,0,3,2,0,0,0,0,0,0,1,0,0,0,1,0,0,0,0,0,0,0,0,0,0,0,0,0,0,0,1,0,0,0,0,0,1
O14654,59,21,17,5,7,8,1,18,12,9,7,5,5,1,27,11,5,5,1,7,1,13,2,8,5,1,2,0,11,8,5,3,6,2,0,11,4,4,2,8,4,0,0,2,0,0,2,1,0,10,10,13,5,10,3,0,11,30,17,7,4,9,0,9,15,10,5,3,5,1,8,4,2,2,7,1,1,11,6,7,3,6,0,0,8,2,6,4,2,2,0,0,1,1,1,0,0,0,15,6,14,12,7,4,1,8,13,14,2,8,7,2,8,5,8,2,4,5,0,3,4,7,2,4,2,0,5,3,4,0,4,1,1,5,8,8,3,1,7,0,0,0,1,2,1,0,1,17,3,5,3,1,5,1,3,4,0,3,5,1,0,6,7,3,2,2,5,0,6,2,2,2,1,2,0,3,6,2,1,3,0,0,2,1,5,2,3,2,0,0,1,0,0,0,0,0,10,9,6,4,8,3,0,4,11,4,3,7,2,0,7,10,1,4,5,4,1,3,3,2,0,2,1,0,5,7,8,2,5,1,1,2,4,0,1,0,0,0,1,0,0,0,1,1,0,7,8,3,2,2,9,2,6,8,3,2,3,0,0,1,6,4,4,3,6,2,2,1,3,2,0,7,0,3,1,5,2,3,3,1,5,3,2,3,3,12,0,0,0,0,0,0,0,0,0,0,0,0,0,1,0,1,0,1,1,1,0,0,1,0,1,0,0,0,0,0,0,1,2,0,0,0,1,0,1,0,2,0,0,0,0,1,0,1,1,0,0,0,0,0,0,1,0
Q53G59,12,9,8,1,1,7,0,6,3,2,0,2,4,2,6,8,6,4,2,1,1,1,2,6,1,2,1,0,0,3,1,0,1,1,0,3,6,4,2,1,2,2,1,1,0,1,0,0,0,9,3,4,2,1,4,1,2,8,6,3,1,7,1,4,2,4,5,3,3,1,1,5,2,0,1,1,0,3,1,1,1,1,2,0,3,3,6,1,4,3,1,1,0,1,1,0,1,0,8,2,6,2,0,4,1,5,4,5,2,4,4,0,5,5,6,5,0,1,0,2,4,6,3,1,1,0,3,5,0,0,3,3,0,4,3,3,0,0,1,0,1,0,0,0,2,1,0,3,1,3,1,0,1,0,2,6,2,0,1,4,0,3,5,2,3,3,5,0,2,1,2,0,0,1,0,2,0,0,1,1,0,0,2,1,0,2,0,0,0,0,0,0,0,0,0,0,1,0,2,4,3,2,0,5,2,4,3,0,2,0,2,1,0,0,2,0,0,1,0,2,0,0,1,0,3,1,3,0,2,0,0,3,0,2,1,2,0,0,0,0,0,1,0,0,0,2,4,6,2,1,2,1,4,5,1,2,1,0,1,3,2,4,0,4,1,2,2,2,2,1,0,0,0,1,3,0,1,1,1,1,2,0,1,1,1,1,1,0,1,0,0,2,0,1,3,0,0,1,0,0,0,0,0,2,0,0,0,0,0,1,0,0,0,0,0,0,1,1,1,0,0,0,0,3,0,1,0,0,0,1,1,0,0,0,0,0,1,0,0,0,0,0,0
Q9Y448,3,2,5,1,0,1,0,2,1,1,1,1,2,1,0,2,3,1,1,2,0,0,1,2,1,1,1,0,0,1,3,1,2,2,0,1,2,0,1,1,0,0,0,0,0,0,0,1,0,2,2,2,1,3,1,0,2,6,2,5,4,1,0,0,0,2,1,1,2,0,3,1,2,1,2,1,0,2,1,3,1,1,1,1,3,1,0,1,1,3,0,0,0,0,1,0,0,0,1,3,2,0,3,2,0,1,3,0,1,2,2,0,4,3,3,0,1,2,0,1,1,1,1,1,1,0,2,1,1,1,0,0,0,1,5,4,3,1,0,1,0,0,0,0,0,0,0,4,0,0,2,0,0,1,0,2,2,2,0,1,0,0,1,1,0,0,4,0,0,1,0,1,1,1,1,0,0,3,1,2,1,0,0,2,2,0,2,0,0,0,1,0,0,0,0,0,1,1,1,1,2,0,0,3,0,0,0,2,3,0,5,2,2,2,1,2,0,1,0,1,1,1,0,0,2,1,2,0,0,1,0,0,2,1,1,1,1,0,0,1,0,0,0,0,0,1,1,0,1,1,1,0,3,8,0,0,1,0,0,2,1,2,2,1,2,0,2,3,0,0,1,1,0,0,4,2,0,1,1,0,0,0,2,1,1,1,0,0,0,0,0,0,1,0,0,0,0,0,0,0,0,0,0,1,1,0,0,0,0,0,0,0,0,0,0,0,0,0,0,0,1,0,0,0,0,0,0,0,0,0,0,1,0,1,0,0,0,0,0,0,0,0,0
Q14974,15,8,6,2,6,11,2,13,8,9,6,2,5,1,3,6,5,4,2,2,1,4,4,8,5,0,3,1,3,4,3,1,1,1,2,4,12,6,2,3,3,1,2,1,0,1,0,0,0,9,13,7,7,2,8,0,7,11,7,5,5,9,2,7,7,6,7,3,2,1,4,5,5,4,3,5,0,6,3,2,2,1,4,0,9,9,4,5,3,3,1,3,0,2,2,0,0,0,7,5,4,5,0,7,1,5,8,5,1,4,6,2,3,6,3,5,3,4,0,3,11,2,0,4,3,0,1,3,2,3,2,3,0,2,2,6,0,4,1,0,0,1,0,0,0,1,0,5,7,0,3,3,2,0,12,4,5,4,3,2,0,8,4,1,4,2,2,0,3,4,2,4,1,1,0,2,4,1,1,0,1,0,3,5,1,2,1,4,0,1,1,0,0,0,0,0,3,3,3,3,2,3,0,5,3,0,5,1,5,0,3,4,3,1,2,1,0,4,0,1,1,0,1,0,2,3,1,0,0,0,0,1,4,4,1,0,0,0,0,2,0,0,0,0,0,8,6,3,1,2,0,1,4,10,6,4,2,5,2,4,4,5,2,2,3,0,2,5,1,1,1,3,1,3,2,5,0,2,1,0,2,1,0,4,1,6,3,2,2,0,0,0,0,1,3,2,0,3,0,0,0,0,2,1,1,1,2,0,1,0,1,0,0,1,0,0,1,2,0,0,0,0,0,0,0,0,0,0,0,0,0,0,0,1,0,0,0,0,1,0,0,0,0
A5PL33,14,16,7,7,6,6,1,16,18,8,7,6,8,2,11,8,4,2,1,2,1,7,12,4,1,2,0,1,4,9,5,4,3,3,1,6,11,4,1,3,2,0,2,0,2,1,0,0,0,12,14,7,9,9,9,1,16,26,17,7,9,9,3,12,13,10,7,1,3,0,4,9,3,3,5,1,1,5,6,4,3,3,6,1,7,9,2,4,9,3,0,1,3,1,4,0,1,0,14,13,3,3,7,3,0,11,14,13,4,2,2,0,10,8,10,0,0,2,3,3,2,4,2,1,2,0,3,2,3,1,2,0,0,3,3,5,0,0,0,1,0,1,3,1,0,0,0,9,9,2,4,2,3,0,4,13,4,3,3,6,0,3,4,2,2,5,0,1,3,1,2,0,1,0,1,1,5,0,3,0,1,0,1,1,2,1,1,0,0,1,1,2,0,0,0,0,3,6,3,2,1,1,2,9,5,0,1,5,5,4,3,7,2,0,0,3,0,6,2,3,1,1,1,0,2,2,2,2,1,1,0,5,3,0,4,1,0,0,0,0,2,0,0,0,0,4,5,7,2,4,3,1,5,10,3,3,3,2,1,3,3,2,2,3,1,0,5,3,1,1,0,1,0,3,5,2,1,1,2,0,3,0,1,1,0,0,0,1,0,0,0,0,0,0,1,2,0,0,0,2,0,0,1,1,1,0,2,0,1,3,3,1,1,1,0,0,4,0,0,0,1,1,0,0,0,0,0,0,0,1,0,0,0,0,0,0,0,0,0,0,0,0,0
P13645,44,16,26,4,1,2,1,7,1,7,2,2,1,1,8,3,20,1,1,0,0,5,2,1,1,3,2,0,2,2,4,0,1,2,0,5,3,1,1,1,0,0,1,0,1,0,0,0,0,12,1,1,2,3,0,0,2,1,1,4,0,0,0,9,1,3,1,2,1,0,4,2,4,5,0,3,0,2,4,0,0,0,1,0,4,3,4,1,2,4,0,1,0,0,0,0,0,0,27,2,2,1,4,2,0,2,1,3,4,1,4,0,21,5,14,2,3,2,0,1,2,2,2,3,1,0,2,2,6,1,0,1,0,4,2,1,0,1,2,0,0,0,0,0,0,0,0,4,0,1,4,0,2,1,0,3,0,4,0,3,0,0,2,1,2,1,4,0,0,2,3,0,2,2,1,0,4,1,0,2,1,0,1,4,3,0,1,1,0,0,0,0,0,0,1,0,1,0,1,1,1,2,0,4,0,3,1,3,6,0,0,2,8,1,1,1,0,1,0,0,1,0,0,0,0,3,0,1,0,0,0,0,1,1,3,0,0,0,0,0,0,0,0,0,0,4,2,2,2,2,3,0,4,2,3,3,1,4,0,0,2,2,4,2,2,0,1,2,0,1,0,2,0,0,2,2,0,1,0,0,1,4,1,1,0,1,0,0,0,0,0,0,0,0,2,0,0,0,0,0,0,0,0,0,0,0,0,0,0,0,0,0,1,0,0,0,0,0,0,0,0,0,0,0,0,0,0,0,0,0,0,1,0,0,0,0,0,0,0,0,0,0,0
P02533,14,12,4,1,1,2,0,10,1,3,2,3,3,0,5,2,5,1,1,0,0,4,1,1,0,0,3,0,3,1,4,0,1,2,1,3,3,2,1,3,2,0,1,0,1,0,0,0,0,8,0,2,4,3,1,2,2,1,0,1,4,0,0,2,2,3,1,1,2,0,3,2,4,2,2,2,0,2,0,5,2,1,1,0,5,2,4,1,0,5,0,0,0,0,0,0,0,0,7,5,3,0,4,1,0,3,2,1,4,2,3,0,7,8,14,1,2,1,0,1,1,2,0,0,3,0,3,5,2,0,1,1,0,1,2,1,3,1,2,1,0,0,2,0,0,0,0,0,3,0,1,1,4,0,0,2,0,2,0,4,0,2,0,4,2,0,2,1,0,0,2,2,1,1,0,0,1,3,1,1,1,0,1,3,1,1,2,2,0,0,0,0,0,0,0,0,0,1,1,1,2,3,0,3,0,3,3,1,4,0,0,2,7,0,4,3,1,0,1,1,0,3,0,0,0,3,1,1,0,0,0,1,1,2,1,0,0,0,0,0,1,0,0,0,0,4,1,4,2,1,3,0,2,2,4,3,1,3,0,2,1,0,2,3,3,0,1,3,1,2,0,1,0,0,3,2,1,1,0,0,4,4,1,1,1,1,0,0,0,0,0,1,0,0,1,0,0,0,0,0,0,0,0,0,0,0,0,0,2,0,1,0,1,0,0,0,0,0,0,0,0,0,0,1,0,0,0,0,0,0,0,0,0,0,0,0,0,0,0,0,0,0,0
P35908,41,17,19,3,6,0,0,17,1,3,0,3,6,0,18,5,10,2,2,0,0,1,4,5,3,3,2,0,7,3,6,2,0,1,0,4,3,1,2,2,2,0,0,0,0,0,0,0,0,16,2,1,3,3,5,0,1,1,3,1,4,4,0,7,2,4,1,4,3,0,0,2,1,0,1,1,1,4,1,1,3,1,0,0,7,5,2,6,1,4,0,0,0,1,0,0,0,0,21,5,12,4,2,1,0,5,1,7,1,0,4,1,11,4,10,1,3,0,0,1,2,1,5,2,1,0,1,1,3,1,4,1,2,1,2,1,0,1,1,0,0,0,0,0,0,0,0,0,2,1,1,2,0,0,4,6,1,1,2,6,0,0,3,3,2,0,2,0,1,7,1,2,0,1,0,4,0,3,0,1,0,1,4,1,1,0,1,0,0,0,0,1,0,0,0,0,7,1,1,5,2,2,0,2,2,5,1,0,1,0,8,1,1,4,2,1,0,1,3,0,1,1,1,0,1,2,3,1,1,0,0,1,1,0,1,0,0,0,0,0,1,1,0,1,0,1,3,3,2,4,6,0,1,3,2,2,1,4,0,1,2,1,2,2,0,0,2,2,2,1,1,1,0,1,3,1,0,1,1,0,2,1,3,0,2,1,0,0,0,0,0,0,0,0,0,0,0,0,0,0,0,0,0,0,0,0,0,0,0,2,1,0,0,0,0,0,0,0,0,1,0,0,0,0,0,0,0,0,0,0,0,0,0,0,1,0,0,0,0,0,0,0,0
Q7Z3Y7,10,8,4,4,0,1,2,10,0,3,2,2,1,1,4,2,1,0,4,1,0,5,3,5,2,1,2,0,3,1,3,2,1,1,1,3,2,3,0,1,1,0,1,0,1,1,0,0,0,7,1,2,2,7,1,1,4,0,0,1,3,0,0,3,3,4,4,1,1,1,4,3,3,2,0,2,0,2,1,1,2,1,1,1,3,1,1,2,2,4,0,2,0,0,0,0,0,0,7,4,3,1,1,0,0,1,2,3,4,0,4,0,3,2,4,1,3,3,0,3,4,1,1,1,0,0,4,2,4,0,1,3,1,2,2,5,2,0,2,0,0,0,2,0,0,1,0,1,3,1,3,2,4,0,1,3,4,5,1,3,0,1,2,3,0,2,2,1,0,4,1,2,1,1,0,0,1,2,0,1,0,0,1,4,4,0,0,1,0,0,0,0,0,0,0,0,0,2,1,4,1,1,0,1,0,1,0,2,2,1,2,1,4,1,1,2,1,1,0,0,1,1,2,0,0,2,1,1,0,1,0,0,2,1,3,0,1,0,0,1,2,0,0,0,0,3,1,0,3,1,3,0,4,2,5,2,1,3,0,2,3,0,2,4,4,0,1,2,1,1,0,3,0,0,0,1,0,1,1,0,2,5,1,1,0,1,0,0,0,0,0,0,0,0,1,0,1,1,0,0,0,0,0,1,0,0,0,0,1,1,1,2,0,0,0,0,1,0,0,0,0,0,0,0,0,0,0,0,0,0,1,0,0,0,0,0,0,0,0,0,0,0,0
P02538,24,14,9,1,1,2,1,17,4,2,0,2,6,0,10,4,8,1,3,1,0,1,4,1,0,1,2,0,4,2,3,5,1,2,0,5,3,1,1,2,1,0,1,0,1,1,0,0,0,11,6,7,0,4,2,1,1,1,5,1,4,1,1,2,3,2,3,3,3,0,2,3,1,2,2,1,0,5,0,0,3,2,0,1,4,3,2,5,0,6,0,1,0,0,0,0,0,0,11,4,7,2,2,1,0,7,1,2,2,1,3,0,7,4,16,2,2,1,0,3,0,5,1,2,1,0,0,4,5,3,2,0,0,3,4,1,0,1,0,0,0,0,0,0,0,0,0,2,1,2,1,1,0,1,2,2,4,2,1,5,0,1,2,1,3,1,2,0,1,2,0,1,1,2,0,4,2,3,1,2,0,0,2,3,1,1,1,0,0,0,0,0,0,0,0,0,1,1,3,3,4,2,0,1,2,3,2,1,3,0,6,0,4,2,2,1,0,1,5,1,3,2,1,0,1,2,4,1,0,0,0,1,1,0,0,0,1,0,0,0,0,0,0,1,0,2,4,0,2,5,6,0,3,4,0,4,2,2,0,0,3,1,1,3,1,0,0,2,2,0,2,1,0,0,2,0,0,1,1,0,4,1,4,0,0,1,0,0,0,0,0,0,0,0,1,1,0,0,0,0,0,0,0,0,0,0,0,0,1,0,0,0,0,0,0,0,0,0,0,1,0,0,0,0,0,0,0,0,0,0,0,0,0,0,1,0,0,0,0,0,0,0,0
P04259,24,13,10,1,1,2,1,16,4,1,1,2,7,0,9,6,7,1,3,1,0,1,3,1,0,1,2,0,4,1,3,5,1,2,0,5,3,1,1,2,1,0,1,0,1,1,0,0,0,11,7,7,0,3,2,1,1,1,5,1,4,1,1,2,2,3,3,3,2,0,2,4,1,2,2,2,0,5,0,0,3,2,0,1,4,3,2,5,0,6,0,1,0,0,0,0,0,0,11,4,6,1,2,1,0,7,1,3,3,1,2,0,7,4,16,2,2,1,0,3,0,5,1,3,1,0,0,4,5,3,2,0,0,3,3,1,0,1,0,0,0,0,0,0,0,0,0,2,1,2,1,1,0,1,3,2,3,2,1,5,0,0,2,1,4,1,2,0,1,2,0,1,1,2,0,4,3,3,1,2,0,0,2,4,1,1,1,0,0,0,0,0,0,0,0,0,1,1,3,3,4,2,0,1,2,3,2,1,3,0,6,0,4,2,2,1,0,1,5,1,3,2,1,0,1,2,4,1,0,0,0,1,1,0,0,0,1,0,0,0,0,0,0,1,0,2,4,0,2,5,6,0,3,4,0,4,2,2,0,0,3,1,1,3,1,0,0,2,2,0,2,1,0,0,2,0,0,1,1,0,4,1,4,0,0,1,0,0,0,0,0,0,0,0,1,1,0,0,0,0,0,0,0,0,0,0,0,0,1,0,0,0,0,0,0,0,0,0,0,1,0,0,0,0,0,0,0,0,0,0,0,0,0,0,1,0,0,0,0,0,0,0,0
F8W1S1,15,6,6,1,4,2,1,5,4,4,1,3,9,0,8,5,7,2,0,2,0,2,3,2,3,1,1,0,7,1,1,3,2,3,0,5,3,3,0,2,0,0,0,0,1,0,0,0,0,6,5,5,2,1,1,0,2,1,4,1,4,2,2,6,1,4,0,3,3,0,2,2,1,2,4,2,0,3,3,1,2,2,1,0,7,5,2,5,3,4,1,2,1,0,0,1,0,0,7,7,4,2,3,1,0,2,2,4,3,1,1,2,5,6,5,0,6,1,0,2,1,3,0,1,0,0,3,3,3,1,2,0,1,1,6,2,0,2,1,0,0,0,0,0,0,0,0,1,2,3,0,2,1,0,3,4,1,2,1,6,0,1,2,2,1,1,2,0,0,4,1,2,0,2,0,0,1,3,0,3,0,0,4,1,1,0,1,0,0,0,0,0,0,0,0,0,4,2,0,5,3,2,0,5,1,2,3,1,4,0,3,0,3,3,1,2,0,2,5,0,1,0,1,0,2,3,2,2,1,0,1,2,2,0,2,0,0,0,0,0,0,1,0,1,0,2,3,5,2,4,6,0,2,4,2,3,2,5,0,1,1,2,1,2,2,0,1,2,2,0,1,1,0,1,3,1,1,1,2,0,3,1,1,0,1,0,0,0,0,0,0,1,0,0,0,1,1,0,0,0,0,1,0,0,0,0,0,0,0,0,1,0,0,0,0,0,0,0,1,0,0,0,0,2,0,0,0,0,0,0,0,0,0,0,1,0,0,0,0,0,0,0,0
Q8N1N4,5,4,8,2,3,2,0,3,2,3,2,2,7,0,7,2,5,1,3,0,2,1,5,3,3,0,0,0,3,1,6,3,1,2,1,3,8,2,1,2,1,0,0,0,1,0,0,0,0,11,4,0,2,2,2,1,1,1,5,3,3,0,1,6,5,5,2,3,1,0,3,1,2,4,2,3,0,5,1,1,1,1,0,0,3,4,1,5,1,3,0,2,1,0,0,0,0,0,4,7,3,5,3,2,0,8,3,4,1,1,2,0,6,7,1,0,3,2,2,0,3,2,0,0,1,1,6,3,5,1,1,1,1,1,2,1,2,1,1,1,1,0,1,0,0,1,1,0,1,1,0,2,2,0,1,1,4,6,1,3,0,2,2,2,2,3,2,0,0,4,1,4,3,2,0,1,1,1,0,2,0,0,2,4,2,0,1,0,0,0,0,1,0,0,0,0,3,2,5,1,3,2,0,4,3,1,2,0,2,0,1,1,5,1,3,3,0,2,1,0,2,0,1,0,0,4,1,1,0,0,0,2,1,0,0,0,0,0,1,1,0,0,0,1,0,0,1,2,2,3,6,0,5,3,3,1,2,3,2,1,2,1,1,3,0,0,0,2,5,1,0,2,0,1,2,0,0,1,0,1,2,0,2,2,0,3,0,0,1,0,0,0,0,0,1,0,1,0,1,1,0,0,1,2,0,0,0,0,1,0,2,0,0,1,0,0,0,0,0,0,0,0,0,0,0,0,0,0,0,1,0,0,0,0,1,0,0,0,1,0,0,0,0
Q9UN81,0,1,0,0,1,0,0,0,2,2,1,1,1,0,1,2,0,1,1,1,0,1,1,0,1,1,2,0,1,2,3,0,1,2,0,0,0,2,0,3,1,0,0,0,0,0,0,0,0,1,1,0,1,0,2,0,1,2,3,4,2,2,0,3,1,2,3,4,1,0,1,4,1,0,3,3,0,4,3,3,0,2,0,0,2,0,2,4,4,2,0,0,0,0,0,1,1,0,0,2,2,1,3,0,0,0,1,0,0,5,2,1,1,1,2,1,2,0,0,1,2,4,0,1,3,0,1,3,1,3,2,2,1,2,1,0,2,0,1,0,0,0,0,0,0,0,0,0,0,1,2,0,0,0,1,4,4,2,1,3,0,0,1,0,1,3,1,0,0,1,0,1,2,0,0,1,1,0,0,2,4,0,2,1,2,2,1,0,1,0,0,0,0,0,0,0,1,3,2,2,4,1,0,2,4,5,2,2,5,1,1,2,2,2,2,2,0,0,2,0,2,0,0,0,3,2,2,1,0,1,0,0,2,2,0,5,1,0,0,0,0,0,0,1,0,0,0,2,0,1,3,0,1,1,0,3,1,1,0,2,2,1,3,0,1,0,0,5,1,0,1,1,0,3,10,1,0,2,0,0,0,3,1,0,3,1,0,0,0,0,0,1,0,0,0,0,0,0,0,0,0,0,0,0,0,0,0,0,0,0,0,0,0,0,0,0,0,0,0,0,0,0,0,0,1,0,0,1,0,0,0,0,0,0,2,0,0,0,0,0,0,0,0
Q71RC2,4,1,5,6,2,1,1,3,8,7,1,0,4,2,5,4,11,6,0,1,0,3,6,4,2,2,2,0,5,5,3,2,0,2,0,2,3,7,0,1,2,0,0,1,0,0,0,0,0,2,8,6,2,5,2,0,5,9,9,6,3,4,0,8,6,8,4,5,1,0,4,4,5,3,3,2,0,6,1,3,1,2,3,0,3,3,1,3,5,5,1,0,1,1,1,1,1,0,9,6,5,3,3,5,0,4,3,6,6,6,6,1,7,8,11,6,4,8,1,3,7,4,4,1,5,0,1,6,2,2,1,0,0,3,2,4,0,3,2,1,0,0,0,0,0,1,0,2,4,4,1,2,3,0,6,5,5,5,3,0,0,4,4,4,3,2,1,0,5,2,3,2,1,1,1,1,0,3,1,3,1,0,2,2,3,1,4,2,0,1,1,0,0,0,0,0,2,1,3,3,4,3,0,3,7,3,1,2,4,2,5,5,5,0,0,1,0,1,3,2,0,1,2,1,2,3,1,2,2,0,0,3,0,0,2,1,2,0,0,1,0,0,0,0,0,1,5,4,4,1,0,0,4,4,1,2,2,1,0,2,3,5,5,1,3,0,0,2,0,4,1,1,0,1,6,4,2,1,2,1,2,4,3,2,2,1,0,0,0,2,0,0,0,0,0,0,0,0,0,1,0,0,0,2,0,0,2,0,0,2,1,0,0,0,0,0,0,0,0,0,1,0,0,0,0,0,1,0,0,0,0,1,0,1,0,0,0,0,0,0,0,0,0
Q92615,7,5,5,5,2,3,1,9,7,6,1,3,5,1,6,9,3,5,2,2,0,5,5,3,2,3,2,0,4,4,1,1,0,4,0,7,2,3,2,2,3,0,1,0,1,0,0,0,0,4,11,4,6,3,3,0,8,12,17,4,6,5,0,4,9,15,5,8,2,0,4,4,2,3,1,3,0,4,4,1,2,5,3,0,5,4,3,0,4,3,1,0,1,0,0,1,0,0,5,7,6,2,1,3,0,5,13,8,4,6,2,1,3,11,5,4,2,3,0,2,6,8,0,2,3,0,2,5,3,2,1,3,1,1,4,6,2,2,0,0,0,0,0,0,0,0,0,6,2,4,2,1,3,0,3,6,5,2,3,3,0,2,4,2,3,1,4,0,3,3,0,2,0,1,0,0,3,2,0,1,1,0,2,3,2,2,4,0,0,0,1,0,0,0,0,0,2,2,2,1,4,3,1,6,8,2,3,1,3,0,4,4,1,2,3,0,0,0,1,1,2,1,3,1,3,3,1,1,2,1,0,7,0,1,0,1,3,0,1,0,0,0,0,0,0,3,5,5,4,3,4,0,0,6,5,3,0,0,0,4,2,3,2,1,4,0,4,1,2,0,0,1,0,2,4,6,2,2,0,0,2,1,1,2,3,0,0,0,0,0,1,0,0,0,1,0,1,0,0,0,0,0,0,0,0,0,2,0,1,0,0,0,0,0,0,0,1,0,0,0,0,0,0,0,0,1,0,0,0,0,0,0,0,0,0,0,0,0,0,0,0,0,0
Q14739,2,5,4,3,4,1,1,8,11,8,3,4,3,0,4,5,4,1,4,0,0,3,4,1,2,1,0,0,2,3,1,1,2,1,0,5,2,1,3,4,2,0,0,3,0,0,0,0,0,6,8,4,6,3,4,1,9,22,13,6,4,4,0,8,13,8,4,5,0,0,1,6,4,1,4,1,0,3,7,3,0,2,1,0,6,3,5,2,5,0,1,0,0,0,0,0,0,0,4,9,5,0,1,4,1,7,13,9,3,2,2,0,5,8,7,2,0,2,0,4,3,1,0,1,0,0,2,4,6,0,2,2,0,1,1,0,3,0,1,0,0,0,0,0,0,0,0,2,7,2,0,0,0,0,4,6,3,2,2,3,0,4,2,2,2,1,1,0,1,2,1,0,0,0,0,3,2,0,2,1,1,1,0,1,0,0,1,0,0,0,0,1,0,0,0,0,3,4,3,0,2,5,0,3,4,3,2,3,6,0,1,4,1,0,5,3,0,1,1,1,0,2,0,1,3,2,2,1,2,0,1,0,1,0,3,0,1,0,0,0,1,1,0,0,0,3,4,0,2,0,3,0,0,1,2,1,0,4,0,2,2,2,0,0,0,0,1,4,3,1,2,1,0,4,3,2,2,2,0,0,0,0,0,1,3,0,0,0,1,0,0,0,0,0,0,0,0,0,0,0,0,1,1,1,0,1,0,0,0,1,0,0,1,0,0,0,0,1,0,0,0,0,0,0,0,0,0,0,0,0,0,0,0,0,0,0,0,0,0,0,0,0,0
P07195,8,4,6,2,0,1,0,4,4,1,4,3,1,0,5,4,6,1,2,3,0,3,1,0,2,1,1,1,2,2,0,1,0,0,0,1,0,1,2,1,2,0,1,0,0,0,0,0,0,0,4,4,2,2,3,1,2,4,3,1,2,2,2,3,2,2,1,2,1,0,2,5,1,0,1,0,1,1,3,3,3,0,3,0,2,0,1,2,2,1,0,0,1,0,0,0,1,0,4,2,5,1,2,1,0,3,2,1,2,2,0,0,3,3,1,0,1,4,0,2,1,0,0,0,0,0,2,1,0,1,1,0,0,5,3,0,1,1,0,0,0,0,0,0,0,0,0,4,1,1,2,0,1,0,3,3,2,0,2,3,0,2,0,1,0,0,0,0,0,3,1,0,1,1,0,1,2,0,1,0,0,0,1,1,2,0,0,0,0,1,0,1,0,0,0,0,1,2,2,1,0,0,0,2,1,3,1,4,1,0,0,1,0,1,0,1,0,2,1,1,3,1,0,0,0,1,0,0,0,0,0,2,0,0,0,1,1,0,0,0,0,0,0,0,0,4,4,2,1,1,1,0,2,1,1,2,0,0,0,2,0,1,0,0,1,0,0,2,0,1,0,2,0,0,3,0,2,0,1,0,2,1,0,0,1,2,0,0,0,0,0,0,0,0,0,0,2,0,0,0,0,0,1,0,0,0,0,0,0,0,1,0,0,0,0,0,0,0,0,0,0,0,0,0,0,0,0,0,0,0,1,0,0,0,0,0,0,0,0,0,0,0,0
Q9NUP9,1,3,3,3,3,0,0,4,1,0,0,1,1,0,3,2,0,0,2,1,0,3,1,0,0,1,1,1,3,3,0,1,1,1,1,2,1,1,0,1,1,0,0,0,0,0,0,0,0,4,1,0,1,3,2,0,1,1,1,1,1,3,0,0,1,2,1,0,0,0,0,1,1,0,0,1,0,2,0,2,1,0,1,0,4,1,1,0,1,0,0,0,0,0,0,0,0,0,2,0,0,2,1,1,0,0,2,1,1,0,1,0,0,1,1,0,1,0,0,1,1,0,2,0,0,0,1,1,1,1,0,1,0,0,0,2,0,0,1,0,0,0,0,0,0,0,0,1,0,1,0,1,1,0,3,1,0,0,2,0,0,0,0,0,1,0,0,0,0,0,0,0,1,2,0,0,0,0,0,1,1,0,2,0,1,0,1,0,0,0,1,0,0,0,0,0,3,1,2,1,1,1,0,1,2,1,1,0,0,0,0,1,0,0,1,1,0,0,3,0,0,0,0,0,1,1,0,0,1,0,0,1,3,0,1,0,0,0,0,1,0,0,0,0,0,2,2,3,0,1,1,0,2,1,1,0,2,0,0,3,0,0,1,1,1,0,0,0,0,1,0,0,0,2,0,0,0,0,1,0,0,1,1,0,0,0,0,0,0,0,0,0,0,0,0,0,0,0,0,0,0,0,0,0,0,0,2,0,0,0,0,0,0,0,0,0,0,0,0,0,0,0,0,0,0,0,0,0,0,0,0,0,0,0,0,0,0,0,0,0,0,0,0
P02545,11,4,6,6,3,4,0,1,3,2,4,6,3,0,8,1,9,1,5,2,0,5,2,2,3,0,4,0,2,5,3,1,2,3,0,4,4,1,0,4,5,0,1,1,1,0,0,0,0,4,1,4,0,0,2,0,3,2,3,0,3,4,0,3,4,4,3,3,4,1,2,1,3,2,3,1,0,7,6,6,1,4,2,0,5,3,2,4,5,7,0,0,0,0,0,0,0,0,9,1,8,3,3,1,1,2,4,7,2,4,1,0,4,5,3,5,5,2,1,2,3,4,2,3,2,0,4,3,6,2,2,1,0,2,6,3,1,3,3,0,0,0,0,2,0,0,0,5,2,2,0,3,0,2,1,3,2,2,3,6,0,2,3,3,3,3,2,0,3,3,2,4,1,0,0,3,1,0,2,3,1,0,3,2,1,0,0,2,0,0,0,0,0,0,0,0,3,3,2,4,6,4,0,2,1,4,2,6,6,0,7,3,4,4,2,5,0,1,2,2,0,2,1,0,2,2,7,1,3,1,0,3,2,1,2,3,1,0,0,0,0,0,0,0,0,2,8,4,2,1,7,0,1,2,4,2,4,6,0,1,3,2,0,0,3,0,1,6,2,1,1,0,0,4,4,3,1,2,4,0,7,2,2,4,3,7,0,0,0,0,0,0,0,0,0,0,0,1,0,0,0,1,0,0,0,0,0,0,1,0,0,0,0,0,0,0,0,1,1,0,0,0,0,0,0,0,0,0,0,0,0,0,0,0,0,0,0,0,0,0,0,0,0
P20700,7,2,1,3,2,4,0,2,1,2,2,5,2,0,7,3,4,5,3,3,0,4,3,3,1,0,1,0,2,4,5,0,2,2,1,4,5,2,1,1,4,0,0,0,1,0,0,0,0,3,2,5,1,3,0,1,2,1,4,2,2,3,0,7,3,2,1,3,3,0,2,2,2,1,2,4,0,6,3,5,0,2,3,0,3,2,4,1,2,9,0,2,0,0,0,0,0,0,2,1,11,3,3,2,0,3,2,7,2,4,3,0,3,4,5,3,5,1,0,2,2,2,1,2,4,1,2,2,4,2,3,0,0,2,4,4,5,4,3,0,0,0,0,0,0,0,0,5,2,2,0,0,1,0,3,3,1,3,3,3,0,1,2,2,3,0,1,0,0,1,1,3,1,1,0,1,2,0,1,2,0,0,1,3,3,2,4,0,0,0,0,0,0,1,0,0,1,2,5,3,4,5,0,3,4,2,1,3,4,0,3,3,5,2,1,6,0,1,2,1,0,0,1,0,4,2,3,0,3,1,0,1,2,2,2,3,1,0,0,0,0,0,1,0,0,1,5,2,1,3,5,0,2,3,3,3,2,6,2,1,5,3,0,0,8,0,1,6,0,1,1,2,0,4,4,3,1,1,5,0,6,5,2,0,4,9,0,0,0,0,0,0,0,0,0,0,0,1,1,0,0,0,0,0,0,0,0,0,0,0,0,0,1,0,0,0,0,0,0,0,0,0,1,0,0,1,0,0,0,0,0,0,0,0,0,0,0,0,0,0,0,0,0
Q8NF37,7,10,4,1,4,2,1,12,12,6,5,7,2,0,5,4,2,0,2,1,0,1,2,2,2,1,0,0,2,4,2,2,3,2,0,4,3,3,0,0,1,0,1,1,1,0,0,1,0,9,12,2,3,3,3,1,6,7,5,3,3,6,3,3,9,8,1,2,4,0,3,3,2,0,3,1,2,4,5,1,2,2,2,1,8,3,2,1,3,1,0,0,0,3,0,0,0,0,5,7,4,1,1,2,0,4,3,5,2,2,3,0,4,1,5,1,3,3,0,1,2,1,0,0,2,0,2,3,2,1,1,1,0,4,3,1,1,0,3,0,0,0,1,0,0,0,0,1,3,0,0,2,1,0,4,4,2,2,0,1,0,1,1,1,3,0,0,1,0,1,1,1,0,0,0,3,0,0,0,1,0,0,0,4,1,0,0,0,0,0,1,0,0,0,1,0,2,6,0,2,3,1,0,4,3,2,1,1,3,0,2,1,0,0,1,2,0,0,5,1,0,0,0,0,3,1,1,1,3,1,0,2,3,1,0,0,2,0,1,0,0,0,0,0,0,4,6,4,1,1,2,2,2,4,6,1,4,3,0,4,2,1,1,1,0,0,2,0,0,0,0,2,0,0,1,1,0,0,2,0,2,3,1,2,0,1,0,0,0,0,0,0,0,0,1,0,0,0,1,0,0,1,0,1,0,0,0,0,1,1,0,0,1,2,0,0,0,0,0,0,0,0,0,0,0,0,0,0,0,0,0,0,0,1,1,0,0,0,0,0,0,0,0
P42704,7,10,7,4,6,13,2,15,17,7,4,6,8,1,5,8,7,3,11,6,0,4,8,7,1,3,6,1,10,9,6,6,2,6,0,3,6,6,5,10,7,0,0,0,1,2,2,0,0,17,15,9,8,15,10,1,19,32,14,14,12,16,0,9,11,6,14,3,9,0,7,11,7,9,5,7,0,6,8,8,5,5,6,2,8,16,14,2,4,2,0,2,1,0,0,0,0,0,10,12,7,2,6,4,2,12,9,10,6,6,6,1,8,6,7,3,3,9,0,4,9,5,1,5,5,0,6,7,3,3,4,5,1,7,11,7,4,3,3,0,0,1,0,0,0,1,0,6,4,6,2,0,5,0,6,14,11,5,9,7,0,6,6,7,3,2,1,0,5,6,1,3,1,4,0,5,5,1,0,1,2,1,5,7,3,2,3,4,0,0,0,2,0,0,0,0,5,6,10,8,2,4,0,7,21,6,5,2,3,0,5,11,1,4,2,3,0,3,7,3,3,0,1,0,4,5,2,1,1,1,1,6,6,4,2,4,2,3,1,1,2,0,0,0,1,4,9,2,5,10,1,0,14,13,4,10,5,6,1,9,8,6,2,6,5,2,0,10,2,2,1,1,1,4,10,6,1,2,6,0,2,5,4,2,5,1,0,0,1,1,0,0,1,0,0,2,0,1,0,0,0,2,1,0,2,0,0,0,1,0,1,0,2,2,0,0,1,0,1,0,0,0,0,0,0,1,0,1,0,0,2,0,0,0,0,0,0,1,0,0,0,0,0
Q8ND56,9,4,4,2,11,0,0,6,3,7,1,2,2,0,2,4,6,2,0,2,0,3,1,2,0,1,1,0,9,5,2,4,2,1,0,1,0,2,0,1,1,0,0,0,0,0,0,0,0,5,7,5,0,1,3,0,3,5,5,1,2,3,0,3,3,7,0,6,2,1,2,1,2,1,0,2,0,1,3,4,1,2,4,0,2,2,1,1,4,2,1,0,0,0,0,0,0,0,5,5,4,0,2,0,0,3,3,6,3,3,1,0,4,5,4,4,2,1,1,2,2,1,1,0,1,0,3,2,2,0,3,1,0,3,4,1,1,0,0,0,0,0,0,2,0,0,0,3,2,2,1,0,2,0,1,2,2,1,3,1,0,1,3,2,0,1,1,0,1,1,1,0,0,1,0,0,1,0,0,1,1,0,1,2,2,3,0,1,0,0,0,0,0,0,0,0,6,2,0,1,6,0,0,6,5,1,1,2,2,0,3,2,1,0,1,2,0,2,2,1,1,0,3,0,1,3,1,2,0,2,0,0,3,2,1,1,4,0,0,0,0,0,0,0,0,2,1,0,4,3,0,0,1,1,1,1,3,4,0,3,1,2,1,1,1,0,0,1,1,1,2,1,0,1,3,0,2,1,2,0,3,0,1,0,3,2,1,1,0,1,0,0,0,0,0,0,1,0,0,0,0,0,0,0,0,0,0,0,0,1,0,0,0,0,0,0,2,0,0,0,0,0,0,0,0,0,0,0,0,0,0,0,0,0,0,0,0,0,0,0,0,0,0
Q9Y4Y9,0,2,1,0,0,0,0,1,1,1,1,0,3,1,0,0,0,1,0,0,0,1,1,0,0,0,0,0,0,0,0,0,0,0,0,1,2,0,0,0,1,0,0,0,0,0,0,0,0,0,2,1,0,0,1,0,0,3,1,2,0,0,0,1,1,1,0,0,0,0,0,1,2,1,0,1,0,0,0,2,0,1,0,0,0,2,1,0,1,1,0,0,0,0,0,1,0,0,1,2,0,1,0,1,0,0,0,0,2,1,1,0,1,1,0,0,0,0,0,1,0,0,0,0,0,0,0,0,1,0,0,0,0,0,0,0,0,0,0,0,0,0,0,0,0,0,0,1,1,0,1,0,0,0,0,1,0,0,1,0,0,0,1,1,0,0,0,0,1,0,0,0,0,0,0,0,0,0,0,0,0,0,0,1,0,0,0,0,0,0,0,0,0,0,0,0,0,0,0,0,0,1,0,0,0,0,0,0,0,0,2,1,0,0,0,0,0,0,0,0,0,0,0,0,1,0,0,0,0,0,0,1,0,1,0,0,0,0,0,0,0,0,0,0,0,1,1,0,0,0,0,0,3,1,1,0,1,1,0,1,0,0,0,1,0,0,0,0,0,0,0,0,0,0,0,0,0,0,1,0,0,2,0,0,0,0,0,0,0,0,0,0,0,0,0,0,0,0,0,0,0,0,0,0,0,0,0,0,0,0,0,0,0,0,0,0,0,0,0,0,0,0,0,0,0,0,0,1,0,0,0,0,0,0,0,0,0,0,0,0,0,0,0
Q9NQ29,0,3,1,0,0,1,0,0,3,2,3,2,5,0,2,2,1,0,4,1,1,2,0,1,0,0,0,0,3,2,2,1,1,5,0,2,1,1,0,3,0,1,0,0,0,0,0,0,0,0,3,0,0,2,0,0,3,1,1,1,2,2,0,1,0,2,0,0,1,0,0,2,1,0,0,5,0,3,0,2,3,3,3,0,1,1,3,3,1,2,0,0,0,0,0,0,0,1,1,2,4,0,2,2,0,0,1,0,1,4,1,0,1,0,1,1,1,1,0,1,0,1,0,1,0,0,3,0,8,1,6,1,1,2,2,0,1,0,4,0,1,0,0,0,0,1,0,0,0,1,1,2,1,0,1,1,1,0,2,1,1,0,0,1,0,2,3,0,0,1,0,1,1,0,0,0,0,2,0,2,2,0,2,3,1,1,0,0,0,0,0,0,0,0,0,0,1,3,4,1,3,0,0,1,0,0,2,2,0,0,6,3,1,2,9,2,1,1,0,1,1,3,1,0,2,2,2,2,8,6,0,3,0,1,3,9,4,1,1,0,0,0,0,0,0,3,4,1,1,3,3,0,0,4,0,1,2,1,0,1,2,0,0,4,1,0,1,4,2,1,1,1,0,1,1,8,0,2,4,0,3,0,2,2,3,1,0,1,0,0,0,0,1,0,0,0,0,0,2,1,0,0,0,0,0,0,0,0,0,0,0,0,0,0,0,0,0,0,0,0,0,0,0,0,0,0,0,0,0,2,1,0,0,0,0,0,0,0,0,0,0,1,0
Q9Y383,2,2,0,0,1,3,0,0,2,2,3,2,5,0,0,3,1,0,0,1,1,3,0,0,0,0,0,0,3,3,1,1,1,3,0,2,1,1,1,3,2,1,0,0,0,0,0,0,0,0,3,0,0,0,1,0,1,1,1,1,1,1,0,2,0,2,1,1,0,0,0,1,1,0,1,4,0,2,1,0,2,2,4,0,1,2,2,4,0,3,0,0,0,0,0,0,1,1,0,3,3,0,2,2,0,1,0,0,1,1,1,0,2,0,2,2,6,1,0,1,1,1,0,2,0,0,1,0,10,3,7,4,1,3,0,1,0,0,1,0,1,0,0,0,0,0,0,0,0,2,1,2,1,0,1,1,1,1,1,1,1,0,0,0,0,3,2,0,0,1,1,1,1,0,0,0,0,4,1,3,1,0,2,1,1,1,3,0,0,0,0,0,0,0,0,0,3,2,0,1,2,0,0,1,0,1,1,5,2,1,3,0,7,2,13,0,0,0,0,1,2,4,1,0,2,4,1,1,7,8,0,3,0,0,3,13,5,2,1,0,0,0,0,0,0,3,4,1,1,3,3,0,0,2,1,0,1,1,0,2,1,2,0,3,1,0,2,3,1,1,1,3,0,0,3,9,0,3,6,0,2,1,4,2,2,0,0,1,0,1,0,0,1,0,0,0,0,0,2,1,0,0,0,0,0,0,0,0,1,0,0,0,0,0,0,0,1,0,0,0,0,0,0,0,0,0,0,0,0,2,0,0,0,0,0,0,0,0,0,1,0,0,0
J3KPP4,2,2,3,0,1,0,1,0,4,2,1,3,2,1,2,4,2,1,2,2,0,3,1,1,0,0,0,0,1,1,4,0,2,1,0,2,1,4,1,0,1,1,1,1,0,0,0,0,0,3,5,0,1,0,1,1,3,2,1,3,0,3,1,0,0,2,1,2,1,0,1,1,1,2,1,3,0,2,0,4,0,1,5,0,1,0,2,0,2,5,0,1,1,0,0,0,0,0,1,1,2,2,3,0,0,4,1,1,1,1,2,0,3,0,3,2,6,0,0,3,1,2,2,5,0,0,1,4,12,2,11,2,1,0,1,2,1,2,1,0,0,1,0,0,1,0,0,2,1,1,0,1,4,0,1,1,1,0,3,0,0,0,3,0,0,2,1,0,0,2,1,2,1,0,0,3,0,3,0,3,4,0,1,0,0,1,2,2,0,0,0,0,0,0,0,0,0,0,5,2,2,2,0,0,3,0,2,4,2,0,1,2,4,5,16,2,2,1,0,0,0,2,1,0,1,4,0,2,9,13,0,1,1,5,4,20,8,1,1,0,0,0,0,0,0,1,3,1,0,2,1,0,1,1,1,1,1,1,0,3,1,3,4,5,1,0,1,1,1,0,4,2,0,3,2,9,0,2,15,0,3,3,4,2,5,2,0,1,1,0,0,0,0,0,0,1,1,0,0,2,0,2,1,1,0,0,0,0,0,0,0,0,0,0,0,0,0,0,0,0,0,0,0,0,0,0,1,0,0,0,0,0,0,0,0,0,0,0,0,0,0,0,0
Q9Y5V3,8,13,2,3,2,6,1,6,19,2,8,4,5,1,7,3,3,2,5,3,0,0,11,5,10,0,0,0,1,6,6,1,2,2,0,6,3,5,1,2,3,0,0,0,0,0,0,1,0,10,13,7,4,7,6,0,15,14,9,13,4,4,0,3,5,1,9,4,3,0,6,8,4,10,1,7,0,1,5,3,1,3,0,0,6,3,6,1,3,1,0,1,0,0,0,0,0,0,8,2,2,6,2,3,0,2,9,2,5,2,2,0,7,2,0,3,1,4,0,2,7,3,4,3,2,0,5,4,3,4,3,0,0,1,5,2,3,3,1,0,0,0,0,0,0,0,0,5,8,6,5,4,1,0,14,5,5,4,1,2,0,3,7,5,4,2,1,0,14,3,6,9,0,2,0,5,0,0,0,0,0,0,2,6,1,0,1,2,0,0,0,0,0,0,0,0,2,4,1,4,1,2,0,7,4,4,5,2,2,0,0,0,6,3,4,2,0,5,0,1,0,1,1,0,1,3,2,2,0,1,0,0,3,0,1,0,0,0,0,0,0,0,0,0,0,2,5,6,4,1,2,0,3,8,3,1,0,5,0,3,5,2,0,3,2,0,2,2,3,1,0,0,0,1,6,1,0,1,1,0,4,0,0,2,1,1,0,0,0,0,0,0,0,0,0,0,0,0,1,0,0,0,0,0,0,0,0,0,0,0,0,0,0,0,0,0,0,0,0,0,0,0,0,0,0,0,0,0,0,0,0,1,0,0,0,0,0,0,0,0,0,0,0
Q9UNF1,10,5,8,5,3,5,0,7,5,3,0,5,3,0,5,5,6,1,1,4,0,1,7,6,2,0,2,0,10,5,8,0,9,2,1,6,4,6,1,3,3,0,1,0,0,0,0,0,0,8,8,2,3,7,4,1,8,4,5,1,2,3,0,3,4,3,2,5,3,0,0,1,2,0,1,1,0,2,3,4,0,2,0,0,4,3,1,2,3,2,0,0,0,0,0,0,0,0,6,4,10,2,8,6,0,5,7,2,2,0,1,0,12,2,10,1,2,4,0,3,2,1,2,0,2,0,2,2,3,3,1,0,0,2,4,6,3,3,0,0,0,0,0,0,0,0,0,3,0,0,1,5,0,0,6,2,0,0,3,1,0,3,2,4,3,0,1,0,0,1,2,0,1,1,1,2,0,0,0,1,1,0,1,0,2,2,2,0,0,0,1,0,0,0,0,0,2,3,2,4,11,5,0,4,3,5,1,1,3,0,7,1,3,3,2,4,0,2,0,0,0,1,1,0,9,2,2,1,1,0,0,0,3,1,0,0,0,0,1,0,0,0,0,0,0,6,2,0,3,1,3,0,2,2,5,1,0,4,0,6,3,6,0,1,2,0,3,1,2,2,1,0,0,2,5,2,0,1,1,0,2,0,2,1,0,1,0,0,0,0,0,0,0,0,1,1,0,0,0,0,0,1,0,0,0,0,0,0,0,0,0,0,0,0,0,0,0,0,0,0,0,0,0,0,0,0,0,0,0,0,0,0,0,0,0,0,0,0,0,0,0,0,0
P33993,9,6,8,4,1,5,1,6,7,7,4,8,5,0,9,7,5,1,9,4,0,3,4,0,1,1,5,0,4,3,3,0,1,2,0,5,3,2,2,5,3,0,0,0,0,1,1,0,0,7,4,8,3,4,3,0,7,9,4,6,3,3,0,2,8,3,4,5,4,1,5,3,4,3,4,0,0,7,4,6,4,2,3,0,5,5,0,3,2,6,0,0,1,1,0,0,0,1,3,7,2,3,4,3,1,4,6,5,2,7,7,2,3,6,4,1,0,3,0,1,3,1,3,0,3,1,7,6,2,3,3,2,0,5,2,2,1,3,2,0,0,0,0,0,1,0,0,5,4,3,2,2,3,0,1,5,4,3,1,1,0,0,3,2,1,6,0,0,4,1,0,2,0,2,0,0,2,1,0,1,1,0,5,2,3,1,2,0,2,0,0,0,0,0,1,0,4,5,9,2,1,3,0,6,4,1,2,4,2,0,6,4,1,4,2,3,0,3,0,4,0,0,3,0,4,1,3,0,0,0,0,3,4,1,1,3,0,0,0,0,1,0,0,0,0,5,10,6,0,1,3,0,5,1,5,1,3,3,1,2,4,1,1,1,1,0,3,4,3,0,0,1,0,1,3,5,2,1,4,1,2,3,2,2,2,5,0,0,1,1,0,0,0,0,1,0,0,0,0,0,0,0,0,1,1,0,0,0,1,1,1,0,0,0,0,0,0,0,0,0,1,0,1,0,0,1,0,0,0,0,0,0,1,0,0,0,1,0,0,0,0,0,0
Q9HAF1,3,1,1,1,2,0,0,1,0,1,0,0,4,0,3,1,4,0,0,0,0,1,0,0,0,0,0,0,0,2,0,2,0,0,0,0,2,0,0,1,0,0,0,0,0,0,0,0,0,1,0,2,0,0,0,0,1,0,0,3,1,0,0,0,0,2,0,1,1,0,2,1,0,0,1,1,0,1,1,0,1,2,1,0,1,2,0,2,2,2,0,0,0,0,0,0,0,0,2,1,4,0,0,2,0,0,1,1,1,0,1,0,3,0,3,2,1,1,0,0,0,2,1,1,0,0,0,0,1,0,0,1,0,2,1,2,0,0,1,0,0,0,0,0,0,0,0,1,1,2,0,1,0,0,0,1,0,0,2,1,0,2,2,1,1,0,1,0,0,1,3,1,0,0,0,0,0,1,3,3,1,0,0,0,0,2,0,0,0,0,0,0,0,0,0,0,1,1,0,0,0,0,0,0,1,0,0,2,1,0,0,1,0,1,0,1,0,0,2,1,2,4,0,0,1,0,1,3,3,2,0,1,2,0,2,0,0,0,0,0,0,0,0,0,0,0,2,0,0,1,1,0,1,2,2,1,1,2,0,1,0,0,0,0,1,0,2,0,1,1,2,1,0,0,1,0,0,2,0,0,0,2,0,1,0,0,0,0,0,0,0,0,0,0,0,0,0,0,0,0,0,0,0,0,0,0,0,0,0,0,0,0,0,0,0,0,0,0,0,0,0,0,0,0,0,0,0,0,0,0,0,0,0,0,0,0,0,0,0,0,0,0,0
Q9Y3C7,3,0,1,0,0,1,0,2,1,0,0,0,2,1,0,0,1,0,0,1,0,1,0,0,1,0,0,0,0,0,0,1,0,1,0,0,0,0,0,0,1,0,0,0,0,1,0,0,0,0,0,0,1,1,0,0,0,0,1,2,1,1,0,1,0,0,3,3,0,0,1,2,0,1,0,1,0,1,1,1,1,0,0,0,0,3,0,0,2,0,0,0,0,0,2,0,0,0,1,0,0,0,1,0,0,0,1,0,0,0,0,0,0,0,0,2,0,0,0,1,3,0,2,0,0,0,1,2,0,0,1,0,0,0,1,1,0,0,0,0,0,0,0,0,0,0,0,1,5,0,1,0,0,0,0,2,2,1,2,0,1,0,1,0,0,0,0,0,0,2,0,6,0,2,0,0,0,0,0,0,0,0,1,0,1,0,0,1,0,0,0,0,0,0,0,0,0,0,2,0,0,0,1,0,0,3,1,1,0,0,0,0,1,0,1,0,0,2,0,1,0,0,0,0,0,1,1,0,1,0,0,0,0,0,0,1,0,0,0,0,0,0,0,0,0,0,1,0,0,0,0,0,0,1,1,1,0,2,0,1,0,0,1,0,1,0,0,0,0,0,0,0,0,0,1,0,1,1,0,0,0,1,1,0,0,0,0,0,0,0,0,0,0,0,0,0,0,0,0,0,0,0,0,0,0,0,0,0,0,0,0,0,0,0,0,2,1,0,0,0,0,0,0,0,0,0,0,0,0,0,0,0,0,0,0,0,0,0,0,0,0,0,0
Q5XKP0,4,0,3,2,1,1,0,0,3,1,0,0,0,0,1,1,2,2,0,1,0,0,0,1,1,0,0,0,2,1,1,1,0,0,0,1,0,0,0,1,0,0,0,0,0,0,0,0,0,4,2,2,0,0,0,0,2,2,1,2,1,1,0,1,1,0,1,0,0,0,0,2,1,0,0,0,0,0,1,1,0,0,0,0,0,0,0,1,0,0,0,0,0,0,0,0,0,0,1,2,1,0,1,0,0,4,0,1,1,1,0,0,2,1,0,0,0,1,0,1,0,1,1,0,0,0,1,0,0,0,0,1,0,0,0,0,1,2,0,0,0,0,0,0,0,0,0,0,0,0,0,1,1,0,2,1,0,0,0,0,0,0,1,1,0,1,1,0,0,0,1,0,0,0,1,0,0,0,0,0,0,0,0,0,1,0,0,0,0,1,0,0,0,0,0,0,1,0,1,0,2,0,0,0,3,0,0,0,0,0,0,2,1,0,1,0,0,0,1,0,0,0,0,0,0,0,0,0,0,0,0,0,0,1,0,0,0,0,0,0,0,0,0,0,0,1,0,0,0,0,0,0,0,0,0,0,0,0,0,1,1,0,0,0,0,0,1,0,0,0,0,1,0,1,1,1,0,0,0,0,0,0,0,0,0,0,0,0,0,0,0,0,0,0,0,0,1,0,0,0,0,0,0,0,0,0,0,0,0,0,0,0,0,0,0,0,0,0,0,0,0,0,0,0,0,0,0,0,0,0,0,0,0,0,0,0,0,0,0,0,0,0,0
Q6PJG2,18,7,5,5,7,3,1,11,12,9,10,3,5,0,12,5,5,3,7,3,0,5,9,2,4,5,0,0,3,4,4,4,5,3,0,4,6,2,3,7,5,0,0,0,0,1,2,1,0,7,12,10,6,7,6,0,16,40,10,11,7,8,1,9,9,6,8,3,3,0,7,10,8,10,1,3,0,5,3,2,5,5,3,0,11,7,2,3,2,2,0,0,0,0,1,1,0,0,10,12,8,2,3,7,0,5,11,7,4,3,5,0,5,8,8,4,3,3,1,1,7,4,3,0,2,1,2,5,2,2,4,5,0,1,3,2,4,2,2,0,1,0,0,0,0,0,0,4,10,3,5,2,2,1,6,18,8,6,4,2,1,4,3,7,2,3,4,0,4,8,7,15,1,2,0,2,2,0,3,1,1,0,2,2,1,1,1,2,0,0,0,0,1,0,0,0,3,5,4,4,2,3,1,4,7,2,2,3,6,0,5,5,5,1,3,1,0,4,5,1,2,2,1,0,2,7,8,1,9,3,1,2,3,3,1,5,3,0,0,1,0,0,0,0,0,3,4,5,3,2,6,1,6,4,2,6,3,1,0,7,5,1,0,1,0,0,5,5,2,2,0,1,0,7,3,3,0,5,2,0,3,1,4,3,3,2,0,0,0,0,0,0,0,0,1,0,0,0,0,0,0,0,1,0,0,0,0,0,0,0,0,0,0,0,0,1,1,0,1,0,0,0,0,0,1,0,2,0,0,1,0,0,0,0,0,0,0,0,0,0,0,0,0
Q15773,6,1,4,1,0,2,0,2,2,5,0,2,0,0,0,1,4,1,3,1,0,0,1,0,1,0,0,0,0,1,0,0,1,1,0,2,0,2,0,1,0,0,0,0,0,0,0,0,0,5,2,3,1,0,1,0,1,1,3,1,1,1,0,2,2,2,2,1,4,0,1,1,0,1,0,0,0,0,2,2,1,1,0,0,1,1,1,0,0,1,0,0,0,0,0,0,0,0,1,6,0,0,1,0,0,2,2,4,0,1,1,0,3,2,3,3,0,3,0,2,0,1,1,1,2,1,0,0,2,2,3,0,0,0,1,3,3,3,2,0,0,0,0,0,0,0,0,1,2,0,0,1,1,0,2,1,1,0,0,0,0,1,0,2,0,1,0,0,1,0,1,0,3,0,0,0,1,2,1,0,1,0,1,1,2,0,0,1,0,0,0,0,1,0,0,0,1,0,1,0,0,0,0,2,1,1,1,1,1,0,2,2,2,1,1,2,0,0,2,0,2,0,1,0,1,1,3,1,0,0,0,0,0,0,0,1,1,0,0,0,0,0,0,0,0,0,0,2,0,1,1,0,3,1,0,1,1,1,0,0,3,1,1,1,2,0,0,0,2,0,1,1,0,1,2,1,0,1,0,0,0,4,0,1,0,1,0,0,0,0,0,0,0,0,0,0,0,0,0,0,0,0,0,0,0,0,0,0,0,0,0,0,0,0,0,1,0,0,0,0,0,0,0,0,0,0,0,0,0,0,0,0,0,0,0,0,0,0,0,0,0,0,0
Q96T76,14,19,6,4,4,4,3,18,7,10,6,7,4,1,9,12,4,6,2,1,0,5,16,6,1,1,2,0,3,7,3,1,1,3,1,9,5,4,4,3,1,0,0,1,0,0,0,1,1,14,15,12,13,7,11,0,16,29,16,9,8,11,2,4,15,7,8,3,5,3,5,7,10,5,3,4,0,7,5,6,4,2,0,0,3,8,2,4,5,8,1,1,1,4,0,1,0,1,6,7,7,6,0,3,0,14,20,4,9,3,6,2,9,9,2,4,0,1,0,5,4,2,1,4,1,4,1,4,2,0,1,0,1,3,5,0,0,2,1,1,1,1,1,2,0,1,0,10,4,3,2,1,2,0,12,15,5,4,4,1,2,2,6,6,1,2,2,1,2,5,0,0,1,1,1,0,4,1,3,0,1,1,2,3,2,0,3,0,0,1,0,1,1,1,0,1,2,3,5,0,1,3,0,10,4,6,0,1,5,0,2,9,0,0,2,1,1,3,4,1,1,1,2,0,1,2,0,2,1,1,0,4,3,1,0,0,2,0,0,1,1,0,0,1,0,7,4,1,5,5,3,0,1,15,3,3,1,4,1,2,4,4,0,0,1,1,2,5,0,2,0,0,0,1,4,3,2,2,4,0,4,3,2,0,3,2,0,1,1,0,0,0,0,0,1,1,1,1,1,0,0,1,1,1,3,0,0,0,0,3,2,2,0,1,0,0,2,1,0,0,0,0,1,0,0,0,0,1,0,0,1,1,1,0,0,0,1,1,1,0,0,0,0
Q13724,14,14,3,6,10,7,0,14,14,10,5,4,10,0,6,11,4,3,2,4,0,8,8,6,6,1,2,1,10,3,2,5,3,3,0,8,4,1,2,4,2,0,0,0,0,0,0,0,0,16,16,7,8,6,7,0,23,23,9,3,7,4,0,10,7,5,3,6,2,0,8,4,4,3,2,2,0,2,11,4,1,1,1,1,7,8,2,3,1,2,0,0,0,0,0,0,0,0,5,8,5,5,3,1,0,9,13,3,2,2,2,0,6,5,3,4,1,1,0,5,5,0,3,3,2,0,2,4,3,0,0,2,0,4,2,1,1,0,2,0,0,0,0,0,0,0,0,8,5,7,8,2,1,0,4,8,2,7,5,3,0,1,4,2,4,0,1,0,5,7,0,0,1,0,0,2,2,2,3,0,1,0,3,0,2,1,1,0,1,0,0,0,0,1,0,0,6,5,3,1,3,4,0,5,5,5,4,2,3,0,1,3,3,2,2,1,0,4,0,2,1,1,1,0,3,1,0,0,2,1,0,2,2,2,0,2,1,0,1,0,0,0,0,0,0,5,9,5,4,2,1,0,5,6,4,2,1,1,0,3,1,3,1,0,0,0,1,5,0,0,2,1,0,3,2,1,0,1,1,0,2,3,0,2,0,0,0,0,0,1,0,0,0,0,0,0,1,0,0,0,0,0,0,0,0,0,0,0,0,0,0,1,0,0,0,0,0,0,0,0,0,0,0,1,0,0,0,0,0,0,0,0,0,0,0,0,0,0,0,0,0,0,0
Q7Z3U7,19,21,15,7,8,11,1,19,25,14,13,8,6,1,11,14,10,11,7,8,1,10,3,3,7,3,4,1,3,9,6,6,0,5,1,6,10,5,6,4,5,0,1,5,0,1,0,1,0,19,28,21,6,9,9,2,22,31,26,25,14,15,3,14,22,20,6,10,10,1,14,19,10,12,4,7,1,6,11,5,8,2,7,1,10,6,6,9,8,6,1,1,3,3,2,1,2,0,15,11,9,6,5,9,1,20,23,12,10,6,8,3,19,19,18,9,3,7,1,7,15,6,6,1,5,2,4,6,6,3,5,2,0,7,12,9,0,4,1,0,1,3,1,1,0,0,0,16,10,8,3,2,1,1,14,25,12,8,3,6,3,1,13,9,8,3,2,0,5,13,8,5,5,1,1,3,5,4,2,0,2,0,1,7,4,2,3,0,0,3,2,0,1,0,1,0,6,7,5,1,2,0,2,9,15,4,3,3,6,1,3,8,6,4,1,3,2,0,12,6,3,1,0,1,2,2,1,1,1,0,1,6,5,2,1,2,3,0,0,1,1,0,0,1,0,7,9,2,7,3,4,1,5,16,13,6,4,3,1,8,4,13,4,1,2,0,4,6,3,5,2,0,0,4,8,5,3,0,3,0,2,5,4,2,2,2,0,0,0,0,0,0,1,0,0,0,2,1,1,2,0,5,1,2,2,2,2,0,0,2,1,0,1,0,1,1,3,0,0,0,0,1,1,0,0,0,0,0,0,1,3,2,0,0,0,0,0,0,0,0,0,0,0
Q9UBU8,3,2,3,0,3,4,0,1,4,5,1,1,1,0,1,3,2,3,2,2,0,1,2,1,0,3,1,0,3,0,3,2,2,1,0,4,2,2,2,0,0,0,0,0,0,0,1,0,0,7,2,2,2,2,1,0,4,4,5,5,2,3,0,3,1,1,1,5,4,0,0,3,2,1,1,1,0,3,4,1,0,0,1,0,2,0,0,3,1,2,0,0,1,0,0,0,0,0,2,2,2,2,0,0,0,2,6,1,0,0,1,0,2,2,2,1,1,0,0,2,3,0,0,1,1,0,3,3,0,1,4,2,0,2,2,2,0,2,2,0,0,0,0,0,0,0,0,1,1,3,0,2,0,0,2,2,3,1,3,1,1,1,1,2,0,1,2,0,3,1,0,0,0,0,0,1,1,1,4,2,1,0,2,0,1,1,0,2,0,0,0,0,0,0,0,0,1,4,0,1,2,4,1,4,3,1,0,2,2,0,0,2,0,1,3,1,0,0,2,2,2,4,1,0,2,2,2,2,2,0,0,1,1,1,0,1,1,0,0,0,0,0,0,0,0,0,2,4,3,2,1,0,2,4,0,1,1,0,0,1,1,1,1,1,1,0,1,2,2,1,1,2,0,0,2,0,2,0,0,0,1,3,0,3,0,0,0,0,0,0,0,0,0,0,0,0,0,0,0,0,0,1,0,0,0,0,0,0,0,0,0,0,0,0,0,0,0,0,0,0,0,0,1,0,0,0,0,0,0,0,0,0,0,0,0,0,0,0,0,0,0,0,0
Q15014,2,1,3,1,2,2,0,0,5,5,1,1,2,0,3,3,1,3,2,2,0,2,1,2,0,3,0,0,2,1,2,0,2,0,0,2,1,2,1,0,1,0,0,0,0,0,0,0,0,3,2,0,0,1,4,0,3,2,2,6,2,2,0,4,0,1,0,3,1,0,1,4,2,0,2,2,0,2,2,1,0,1,1,0,2,1,0,2,0,1,0,0,0,0,0,0,0,0,4,4,3,3,0,0,0,1,3,0,0,1,1,0,3,1,2,0,0,0,0,0,1,1,1,1,0,0,1,1,2,3,3,1,0,2,0,1,0,2,1,0,0,0,0,0,0,0,0,1,2,1,1,1,0,0,3,1,2,0,2,0,0,2,0,1,1,2,1,0,1,1,0,0,0,0,0,2,1,1,3,3,0,0,2,0,0,0,0,2,0,0,0,0,0,0,0,0,1,4,2,0,2,1,0,2,3,0,2,0,1,0,1,2,1,0,3,1,0,0,0,2,1,4,1,0,3,2,2,1,2,0,1,0,1,0,0,0,1,0,0,0,0,1,0,0,0,0,1,5,3,1,0,0,0,3,0,2,1,0,0,1,0,1,0,1,1,0,1,1,0,0,0,1,0,0,1,0,1,0,0,0,2,3,1,0,0,1,0,0,0,0,0,0,0,0,0,0,0,0,0,0,0,0,0,0,0,0,0,0,0,0,0,0,0,0,0,1,0,0,0,0,0,0,0,0,0,0,0,0,0,0,0,0,0,0,0,0,0,0,0,0,0,0,0
O75970,31,24,14,13,8,14,0,31,21,24,8,8,16,1,18,28,13,11,9,5,2,15,15,8,6,8,5,1,11,6,5,6,6,6,0,16,11,6,12,10,15,0,0,1,1,1,1,1,0,22,27,26,14,8,15,1,24,26,29,17,7,14,2,20,36,20,10,10,17,1,8,7,9,7,1,11,0,19,5,4,3,3,8,0,16,20,10,3,3,11,2,1,0,1,0,0,1,0,13,19,18,10,10,16,2,29,28,23,4,13,11,0,21,17,17,10,4,5,0,10,10,7,5,7,9,0,7,8,5,0,3,4,1,4,9,9,4,4,7,2,0,2,0,0,1,0,0,14,9,10,8,2,5,1,9,12,12,4,5,9,0,8,9,12,5,2,4,0,7,7,5,9,1,3,0,3,9,4,3,4,1,0,11,7,7,1,3,1,1,1,0,0,0,0,0,0,8,9,9,4,5,10,0,7,19,5,3,7,5,0,9,10,4,1,2,1,0,5,6,3,2,2,1,0,1,7,3,1,0,3,1,10,8,3,0,3,2,0,1,0,0,1,0,0,1,14,18,8,9,7,9,1,13,12,21,7,1,9,0,11,7,7,9,1,7,0,4,5,8,3,4,2,0,4,9,6,6,0,4,1,7,8,6,6,7,6,2,3,1,2,0,0,1,0,2,3,1,0,0,1,0,0,1,1,0,1,1,0,1,0,1,2,0,0,0,0,1,0,0,1,0,0,0,2,0,0,0,0,0,2,0,1,0,0,0,0,1,0,0,0,0,0,0
Q9NV56,7,1,2,1,0,3,0,1,0,3,2,1,1,0,0,2,1,0,0,1,0,0,1,1,1,1,0,0,2,0,2,0,0,2,0,4,1,0,1,2,2,0,0,0,0,0,0,0,0,0,1,0,2,3,1,0,1,3,0,0,0,2,1,3,0,2,2,0,0,0,0,1,1,1,2,1,0,0,0,0,1,0,1,0,1,0,2,0,0,1,0,1,1,0,0,0,0,0,1,0,1,1,3,0,0,3,0,1,2,1,0,0,1,3,3,1,1,0,0,2,1,0,0,1,0,0,0,0,0,0,2,1,0,0,0,1,1,0,3,0,0,0,0,0,0,0,0,2,1,1,0,0,0,0,2,3,0,1,0,1,0,0,1,0,1,0,1,0,0,1,1,0,0,0,0,1,0,0,1,0,2,0,0,0,0,1,0,0,0,0,0,0,0,0,0,0,1,2,0,0,0,2,0,0,0,0,0,0,0,1,0,1,1,0,1,2,0,2,0,0,0,0,0,0,1,0,0,0,4,1,0,2,1,2,0,3,0,0,1,0,0,0,0,0,0,3,2,1,0,0,3,0,0,1,2,1,0,0,0,2,0,2,0,0,1,0,0,3,0,0,0,0,0,1,1,3,0,0,1,1,2,2,0,0,2,1,0,0,0,0,0,0,0,0,0,1,0,0,0,1,0,0,0,1,0,0,0,0,0,0,0,0,0,0,0,0,0,0,0,0,0,0,0,0,0,0,0,0,0,0,0,0,0,0,0,0,0,0,0,0,0,0,0
P82912,5,3,4,5,3,1,0,5,3,1,0,0,0,0,2,2,0,2,0,0,1,0,1,2,2,3,0,0,3,2,0,2,2,0,0,0,1,1,1,0,0,0,0,0,1,0,0,0,0,4,2,1,1,1,2,0,1,4,2,0,1,2,0,1,3,1,1,1,0,0,1,1,2,0,1,0,0,1,0,2,0,2,0,1,0,0,0,1,0,1,0,0,0,0,0,0,0,0,3,1,2,0,2,0,1,2,1,2,0,2,0,0,0,0,0,0,0,1,0,1,1,2,1,0,1,0,1,1,0,0,0,0,0,0,0,0,0,0,1,0,0,1,0,0,0,0,0,1,1,0,0,0,0,0,1,1,0,3,0,0,0,3,1,0,2,1,0,0,0,1,1,1,0,1,0,4,2,0,0,0,0,0,1,0,1,0,0,0,0,0,0,0,0,0,0,0,8,1,0,1,2,0,0,1,1,1,2,1,0,0,1,0,0,1,0,0,0,0,0,0,0,2,0,0,3,1,0,0,0,0,0,0,0,0,0,0,0,0,1,0,0,0,0,0,0,0,1,0,0,1,0,0,1,0,0,0,1,0,0,1,1,0,0,0,0,0,0,1,1,0,0,0,0,0,0,0,0,0,0,0,1,1,0,0,0,0,0,0,0,0,0,0,0,0,0,0,0,1,0,0,0,0,0,1,0,0,0,0,1,0,0,0,0,0,0,0,0,0,0,0,0,0,0,0,0,0,0,0,0,0,0,0,0,0,0,0,0,0,0,0,0,0,0
Q9NP92,6,6,3,3,2,2,0,2,5,4,4,0,3,1,2,1,3,2,2,1,1,4,1,4,1,0,0,1,2,4,1,0,2,0,0,1,1,3,2,0,1,0,0,0,0,1,0,0,0,5,5,3,2,2,2,0,6,12,4,4,6,2,1,3,6,1,3,2,1,0,2,2,5,4,2,3,0,2,3,2,2,1,5,1,3,7,0,0,0,2,0,0,0,0,0,1,1,0,4,3,2,3,0,1,0,3,5,2,3,2,0,0,3,1,1,0,1,2,0,2,4,2,0,2,0,0,2,1,4,1,0,1,0,2,2,2,0,0,1,0,0,1,0,0,0,0,1,2,3,2,0,3,0,0,3,3,3,2,1,0,0,2,1,2,2,3,0,1,0,2,0,2,2,2,0,0,1,1,0,2,2,0,2,2,1,1,0,1,0,0,1,1,0,1,0,0,3,0,0,1,1,2,0,3,4,2,2,4,1,0,2,4,0,1,0,2,0,2,1,0,0,0,0,1,0,5,0,1,3,0,0,1,3,0,0,1,3,0,0,0,0,0,1,0,0,1,2,3,2,1,1,1,2,5,1,2,3,5,0,1,2,0,2,1,1,0,0,2,0,0,0,1,1,0,1,0,0,1,0,0,2,3,1,1,1,0,0,1,0,0,0,0,0,0,1,0,0,0,0,0,0,0,1,0,1,0,1,0,0,0,1,0,0,0,0,0,0,0,1,0,0,0,1,1,1,0,0,0,0,0,0,0,0,0,0,1,0,1,0,0,0,0,0
Q92665,4,1,3,0,1,1,0,0,2,3,1,0,3,0,4,3,5,2,1,1,0,1,0,0,1,2,0,0,1,2,3,1,1,0,0,0,1,0,2,3,2,0,0,0,1,0,0,0,0,2,1,3,2,0,1,1,3,5,5,6,3,6,0,2,5,2,2,2,2,0,0,3,3,1,6,4,0,2,3,2,0,4,0,0,2,3,3,1,2,2,0,0,0,0,0,0,0,0,2,3,2,1,3,3,0,2,7,3,2,1,1,0,1,2,0,1,2,5,0,0,0,1,1,3,2,0,6,1,2,1,0,1,0,1,4,4,1,2,2,0,0,1,0,0,0,0,0,0,1,2,0,1,0,0,0,3,2,4,3,1,0,1,2,0,0,0,2,0,0,4,0,1,1,0,0,3,3,3,0,1,3,0,1,1,1,2,1,0,0,0,0,0,0,0,0,0,1,3,6,1,1,2,0,1,8,0,1,2,2,0,2,2,3,2,3,2,1,1,1,0,0,1,0,0,2,4,2,0,4,1,0,0,2,1,2,1,0,0,0,0,0,0,0,0,0,1,0,0,0,2,1,0,3,3,3,3,2,0,0,3,2,1,0,3,2,0,2,4,1,2,0,0,0,0,1,3,1,3,1,0,0,3,2,1,0,2,0,0,0,0,0,0,0,0,0,0,0,0,0,0,0,1,0,0,0,0,0,0,1,0,0,0,0,0,0,0,0,0,0,0,0,0,0,0,0,0,0,0,0,0,0,0,0,0,0,0,0,0,0,0,0,0,0
P52701,6,12,8,6,9,8,0,13,11,13,0,6,9,5,9,8,10,6,8,3,2,7,5,5,3,3,2,0,7,8,9,5,3,6,0,6,9,11,2,4,5,0,1,1,1,0,0,0,0,10,11,14,5,4,11,3,10,11,21,5,15,9,1,12,10,8,8,10,12,2,9,0,3,7,5,3,0,6,4,6,2,8,6,4,7,11,6,3,4,7,1,3,3,0,0,1,1,0,9,6,8,8,12,8,0,13,12,9,5,7,9,1,7,11,6,4,8,7,0,9,4,5,4,3,3,1,5,10,8,2,7,4,2,5,7,12,3,2,10,0,2,1,2,1,0,1,0,4,9,7,3,5,3,0,7,5,4,2,1,1,0,7,4,2,2,6,1,0,1,4,5,2,2,1,1,2,2,8,2,1,3,0,2,5,2,2,2,3,0,0,1,1,0,0,0,0,9,7,3,2,4,2,0,5,13,10,4,2,4,1,9,11,10,4,2,4,3,5,3,2,0,3,1,0,4,6,7,2,9,3,2,1,9,4,2,4,3,0,3,1,2,0,2,0,0,7,10,4,1,3,3,0,9,18,5,8,5,5,0,5,10,7,4,4,11,0,0,4,2,0,1,6,0,2,8,5,1,4,1,0,6,9,6,0,4,9,3,2,0,1,0,0,1,0,4,2,2,0,1,2,0,1,2,0,3,0,1,0,2,2,1,1,0,1,0,0,0,0,0,1,0,0,1,1,0,0,1,0,0,1,0,0,1,1,0,0,0,0,0,0,0,0,0
P13995,15,8,3,6,2,5,0,2,6,2,3,4,3,0,3,4,3,0,1,0,0,0,3,0,0,2,2,1,0,0,1,2,1,0,0,4,2,1,3,3,0,0,0,0,0,0,0,0,0,6,2,4,1,1,3,0,4,2,5,3,2,2,0,8,2,3,2,0,2,1,1,5,0,1,0,3,0,2,4,1,1,3,1,0,2,0,0,2,1,1,0,0,0,1,0,0,0,0,7,5,1,0,0,1,0,3,2,6,1,0,0,0,1,2,1,2,1,0,0,1,2,1,0,2,1,0,2,1,0,2,1,0,0,1,0,1,0,0,0,0,0,0,1,0,0,0,0,2,3,1,0,1,0,0,5,6,1,0,2,0,0,2,1,0,0,0,0,0,1,1,0,0,0,0,0,4,1,2,0,1,0,0,1,2,0,0,1,2,0,0,1,0,0,0,0,0,6,1,2,0,0,1,0,2,1,3,2,2,0,0,0,2,0,0,3,0,0,1,3,1,0,1,0,0,2,2,0,1,0,1,0,0,1,0,1,0,2,0,0,0,0,0,0,0,0,3,1,1,1,0,3,0,1,1,1,1,1,1,1,0,1,0,2,0,0,0,3,0,0,1,3,0,0,0,2,1,0,0,2,0,1,2,1,1,0,1,0,0,0,0,0,0,0,0,0,0,0,0,0,0,0,0,0,0,0,1,0,0,0,0,0,1,1,0,0,0,0,0,0,0,0,0,0,0,0,0,0,0,0,0,0,0,0,0,0,0,0,0,0,0,0,0,0
Q9NYA4,8,7,10,2,7,7,1,11,11,8,4,6,10,3,8,13,6,5,1,5,3,2,8,3,4,6,2,1,5,4,7,2,1,0,0,4,5,7,4,2,2,3,1,1,0,1,2,0,1,10,10,9,7,4,7,3,12,14,7,6,11,7,1,8,6,11,6,7,5,2,4,8,7,8,6,8,5,5,3,6,5,5,1,0,5,14,6,3,5,6,1,0,3,2,4,0,1,0,7,7,8,3,4,5,0,6,13,9,11,1,12,4,5,14,5,2,3,9,1,2,6,6,6,2,4,2,6,4,4,1,1,1,0,4,8,4,2,7,3,1,3,1,3,3,1,0,1,5,5,5,7,1,1,2,8,4,8,9,2,6,0,5,8,5,7,3,0,3,7,10,6,1,2,3,0,1,7,5,3,3,0,2,2,6,3,4,0,4,0,5,1,0,2,1,0,1,3,13,2,3,2,3,0,2,6,5,8,2,2,1,5,6,4,5,1,4,1,6,2,5,2,0,0,0,3,3,2,1,1,2,0,3,1,1,1,1,0,1,0,0,1,1,1,0,0,4,8,4,4,0,3,0,9,9,7,6,2,3,1,3,7,6,2,0,6,2,2,1,2,6,2,0,2,4,4,1,2,1,3,1,5,3,5,1,1,6,1,3,1,0,2,1,2,0,5,3,4,0,1,1,0,2,1,1,2,1,0,0,0,2,1,1,2,0,0,3,2,2,2,3,2,0,2,1,1,1,0,1,0,0,0,0,0,0,1,2,2,0,0,1,0,0,0
Q99707,22,15,12,5,5,6,1,14,17,9,9,11,6,3,12,16,4,4,9,7,1,6,8,8,1,1,3,2,9,9,5,2,4,2,0,8,13,2,0,2,7,0,0,1,1,1,0,0,1,11,16,20,7,11,9,1,13,15,9,10,10,14,0,7,10,6,7,8,10,1,4,8,10,4,6,6,1,7,7,4,3,7,8,1,8,5,5,5,5,11,0,1,2,1,0,1,0,0,7,13,9,7,5,6,2,8,11,13,6,6,5,1,6,5,5,1,1,2,1,7,6,3,1,0,3,0,3,6,4,1,5,3,0,5,6,6,0,5,9,0,2,1,1,0,1,0,0,4,6,3,0,3,6,0,11,9,6,2,2,8,0,5,12,3,1,2,1,1,3,3,0,0,1,1,1,3,2,1,1,1,2,0,0,6,2,2,2,4,0,1,1,0,0,1,0,1,9,7,5,5,4,2,0,15,5,5,7,5,3,0,6,2,2,0,2,4,1,0,6,3,2,0,3,0,7,5,2,3,0,1,0,6,2,4,2,3,2,1,0,0,0,1,0,0,0,10,11,4,5,2,3,0,12,12,6,4,2,3,1,12,5,1,6,0,7,0,2,6,1,1,1,0,0,1,10,1,4,1,3,0,8,8,11,2,3,5,1,0,2,0,0,0,0,0,3,1,0,0,1,0,0,2,2,1,1,1,0,0,1,0,1,1,0,0,0,0,1,0,0,1,0,0,2,1,0,0,0,1,0,0,0,0,0,0,0,0,1,0,0,0,1,0,0
O43795,12,8,10,5,4,5,0,9,9,5,7,5,1,0,6,6,4,2,6,5,0,6,6,5,4,5,1,0,4,7,7,4,4,4,0,6,4,4,3,4,4,0,3,0,0,0,0,0,0,8,6,8,6,4,8,0,8,13,12,10,12,10,1,4,9,9,5,8,5,0,9,4,11,6,8,4,0,2,7,9,9,9,4,0,2,10,6,3,7,5,2,0,1,1,1,1,1,0,8,6,2,8,5,5,1,9,10,6,5,4,9,0,5,5,6,2,6,3,0,2,6,3,3,1,6,0,8,7,7,3,4,2,1,3,7,0,2,1,6,0,0,0,0,0,1,0,0,7,5,3,1,7,2,0,3,13,4,5,8,1,0,9,7,2,4,4,0,0,3,6,5,2,4,2,1,6,4,5,4,3,4,1,1,7,3,1,4,2,0,1,0,1,0,0,0,0,4,5,5,5,5,4,2,3,6,7,11,5,8,3,6,8,4,5,5,6,1,5,6,2,6,5,1,0,8,6,4,2,4,2,2,2,7,0,5,2,2,0,0,1,1,0,3,0,0,4,5,2,1,4,1,0,7,14,5,4,6,4,1,5,7,2,1,3,0,0,0,6,0,2,4,3,1,2,11,2,1,3,2,1,3,6,5,2,4,1,0,0,2,0,0,0,0,0,1,1,0,1,1,0,0,0,1,1,0,0,2,0,0,1,0,2,0,0,0,0,0,0,0,0,1,0,0,1,1,2,1,0,0,0,0,0,0,0,1,0,0,0,0,0,0,0,0
P55209,0,2,1,0,1,1,0,1,3,1,1,0,1,0,1,5,0,0,4,3,1,1,2,0,0,2,0,0,1,4,0,1,2,1,0,2,4,1,1,0,8,0,0,0,0,0,1,0,0,2,2,2,2,1,6,0,3,3,2,4,1,4,0,2,2,1,0,1,4,0,3,4,1,2,3,0,1,3,0,1,1,1,2,0,4,6,5,3,1,4,0,0,0,0,0,0,0,0,0,0,3,1,1,0,0,4,2,3,3,2,3,0,0,1,0,1,1,0,0,1,0,0,0,0,1,0,1,2,4,0,1,0,0,1,3,1,2,0,4,0,1,0,0,0,0,0,0,1,1,2,0,1,1,1,1,2,0,2,0,3,0,1,2,1,0,0,0,0,0,0,1,0,1,1,0,2,3,0,1,1,0,1,0,3,0,1,2,1,1,1,0,0,0,0,0,0,1,0,1,1,5,1,0,2,4,2,1,1,4,0,1,1,1,0,1,1,0,0,0,0,0,2,3,0,1,2,0,1,2,3,0,0,2,0,1,2,2,0,0,0,0,0,0,1,0,1,2,4,1,0,7,0,4,3,2,3,4,8,0,0,6,0,1,1,3,0,2,2,2,0,0,3,0,0,3,0,1,2,1,0,7,6,4,1,2,17,0,0,0,0,0,0,1,0,0,0,2,0,0,0,0,0,0,0,0,0,0,0,0,0,0,0,0,0,0,0,0,0,0,0,0,0,1,0,0,0,0,0,0,1,0,0,0,0,1,0,0,0,0,0,0,0,0
Q99733,2,2,1,0,4,2,0,1,0,2,0,2,4,0,4,2,0,1,1,1,0,0,2,0,0,4,2,0,1,7,1,1,1,2,0,4,3,2,0,0,5,1,0,0,0,0,1,0,0,4,2,1,3,2,2,0,1,2,3,4,0,3,0,0,4,2,2,2,5,1,3,5,1,1,2,1,0,2,0,0,0,1,4,0,3,6,5,2,1,3,0,0,0,0,0,0,0,0,2,1,0,3,2,0,0,4,2,6,2,3,2,0,0,2,1,0,1,0,0,0,1,2,1,0,1,0,2,0,4,0,1,0,0,4,1,1,3,0,1,0,1,0,0,0,0,0,0,0,3,0,0,0,1,1,3,2,0,2,1,4,0,2,2,0,0,0,0,0,0,0,1,0,0,1,0,2,3,1,1,1,0,0,1,2,3,0,0,1,0,0,0,0,0,0,0,0,2,0,2,1,3,1,0,2,5,1,2,0,2,0,0,2,1,0,2,1,0,0,0,0,0,2,1,0,1,1,0,1,3,2,0,0,3,2,1,1,1,0,0,0,0,0,0,0,0,1,1,6,1,1,8,0,3,2,4,3,1,5,0,2,7,0,2,1,3,0,2,4,0,0,0,1,0,0,1,0,0,1,0,0,5,3,2,1,0,11,0,0,0,0,0,0,1,0,0,0,0,0,0,1,0,0,0,0,0,0,0,0,0,0,0,0,0,0,0,0,0,0,0,0,0,0,1,0,0,0,0,0,0,1,0,0,0,0,0,0,0,0,0,0,0,0,0
Q09161,4,8,3,1,1,3,2,7,7,7,8,3,3,2,2,3,3,4,2,2,1,1,8,1,0,1,0,1,0,3,1,0,0,1,1,2,6,2,3,4,4,1,0,1,2,0,0,1,0,8,5,4,5,1,10,1,7,9,10,10,10,4,1,8,10,6,4,4,6,1,4,9,5,8,3,6,0,4,6,4,4,0,8,1,4,3,2,2,3,2,0,0,2,1,2,0,2,0,2,5,4,1,2,3,0,4,9,6,3,3,3,2,3,6,3,3,2,4,0,5,6,4,2,3,2,0,1,5,2,1,4,3,0,3,6,2,1,1,3,1,1,1,0,0,1,0,0,3,7,1,2,1,2,0,5,14,3,7,7,1,1,3,4,3,4,4,1,0,2,7,3,3,3,0,0,3,2,1,3,2,2,0,0,2,2,0,1,5,0,0,0,0,1,0,0,0,3,6,0,2,0,2,0,4,6,7,2,2,0,0,0,3,2,2,2,0,1,1,4,1,3,2,1,0,1,3,1,2,5,3,0,5,4,3,2,3,1,0,0,2,0,0,0,0,0,2,6,4,0,1,2,1,5,3,6,4,2,4,1,1,3,4,5,1,4,0,2,3,5,2,0,1,0,3,2,1,2,4,0,0,1,3,6,5,0,7,0,0,1,0,0,1,0,0,0,0,1,0,0,0,0,2,3,0,1,0,1,0,0,1,1,0,1,0,0,1,1,0,0,1,0,0,1,0,0,0,0,1,0,1,1,1,0,0,0,0,0,0,0,0,0,0,0
Q969V3,9,11,11,4,2,3,0,7,11,6,2,2,2,0,11,3,3,2,2,4,0,1,2,6,2,2,1,0,3,3,4,1,0,1,0,6,1,3,1,3,3,0,0,0,0,0,1,0,0,10,8,2,2,2,7,1,9,10,4,3,6,2,1,4,5,5,1,2,2,0,2,3,4,4,2,5,0,5,0,4,1,2,1,0,0,5,2,1,2,1,0,0,1,1,0,0,0,0,5,5,8,6,4,1,0,7,5,4,7,3,2,0,2,4,1,0,2,2,0,2,3,0,1,3,4,0,3,1,4,1,1,0,0,2,6,2,0,1,0,0,0,0,0,0,0,0,0,6,1,3,1,0,1,0,4,1,2,2,2,1,0,3,3,0,4,3,2,0,2,2,2,1,1,1,0,2,2,3,0,1,0,0,0,3,5,3,0,1,0,0,0,0,0,0,0,0,3,2,0,1,2,5,0,2,4,2,2,0,0,0,5,8,1,2,1,1,0,3,0,2,0,0,0,0,0,1,3,1,0,1,0,2,0,1,1,0,0,0,0,0,0,0,0,0,0,7,3,1,0,2,0,0,2,4,2,4,0,4,1,3,5,1,4,0,0,0,2,2,0,1,0,1,0,0,3,0,1,1,1,0,3,2,0,0,0,1,0,0,0,0,0,0,0,0,0,0,0,0,0,0,0,1,0,0,0,0,0,0,1,0,0,0,0,0,0,0,0,0,0,0,0,0,0,0,0,0,1,0,0,0,0,0,0,0,0,0,0,0,0,0,0,0,0
O00483,0,0,2,0,0,0,0,0,3,0,0,2,0,0,2,0,1,0,0,0,0,2,0,0,0,0,0,0,0,0,0,0,0,0,0,0,1,0,0,0,0,0,0,0,0,0,0,0,0,0,3,0,0,0,0,0,2,3,2,1,0,0,0,1,2,0,0,0,0,0,0,1,0,1,2,0,0,0,1,2,1,0,1,0,0,2,0,0,0,0,0,0,0,0,0,0,0,0,2,1,0,0,0,0,0,0,0,1,1,1,0,0,0,1,0,0,0,1,0,0,0,0,0,0,1,0,0,0,0,0,0,0,0,1,0,0,0,0,0,0,0,0,0,0,0,0,0,0,1,1,0,0,0,0,1,1,0,0,0,1,0,0,0,0,0,0,0,0,0,1,0,0,1,0,0,0,1,0,0,1,1,0,0,0,0,1,0,0,0,1,0,0,0,0,0,0,0,0,0,1,0,0,0,0,1,1,0,1,0,0,0,0,1,1,0,0,0,0,0,0,1,0,0,0,1,1,0,0,0,0,0,0,0,0,1,1,0,0,0,0,0,0,0,0,0,0,0,0,1,0,0,0,0,0,0,2,1,0,0,0,0,0,0,0,0,0,0,1,0,0,0,0,1,0,0,0,0,1,0,0,0,0,0,0,0,0,0,0,0,0,0,0,0,0,0,0,0,0,0,1,0,0,0,0,0,0,0,0,0,0,0,0,0,0,0,0,0,0,0,0,0,0,0,0,0,0,0,0,0,0,0,0,0,0,0,0,0,0,0,0,0,0,0
P51970,1,0,2,0,1,0,0,1,0,1,1,2,1,0,0,0,2,1,0,0,0,1,0,1,1,0,0,0,0,2,2,0,0,0,0,0,1,0,0,0,2,0,0,0,0,1,1,1,0,1,1,0,0,0,0,2,0,1,0,1,1,3,0,0,4,0,0,0,0,0,0,1,0,1,1,1,0,4,1,2,0,0,3,0,4,4,0,0,2,1,0,0,0,1,0,1,0,0,0,1,0,1,1,0,0,0,2,0,1,2,3,0,0,1,0,0,0,1,0,0,1,2,1,0,0,0,1,0,0,0,0,0,0,0,1,1,0,0,0,0,0,0,0,0,0,0,0,2,2,1,0,0,0,0,0,0,1,0,1,1,0,1,1,0,0,0,1,0,2,0,0,0,1,0,0,0,2,0,0,2,0,1,0,1,0,0,0,0,0,0,0,0,0,0,0,0,0,0,0,2,1,2,0,1,2,0,1,1,2,0,2,1,0,2,0,0,0,1,1,0,0,0,0,0,0,2,0,0,0,0,1,0,1,1,0,0,1,1,0,1,0,1,0,0,0,0,2,0,0,1,1,1,2,1,2,0,3,1,2,0,1,0,0,1,0,0,0,0,0,0,1,0,0,0,0,0,1,0,1,0,1,3,0,1,0,0,0,0,0,0,1,0,0,0,0,0,0,0,0,0,0,0,0,1,0,0,0,0,0,0,0,1,0,0,0,1,0,0,0,2,0,0,0,0,0,1,1,0,0,0,0,0,0,0,1,0,0,0,0,0,0,0,0
P07197,5,7,0,1,5,15,0,2,1,19,1,4,5,0,5,4,5,0,6,3,0,2,5,3,1,1,1,0,7,5,4,1,6,15,0,12,4,4,0,7,19,0,0,0,0,0,0,0,0,2,6,7,4,1,5,0,2,1,1,0,3,3,0,8,2,6,2,15,6,0,5,0,2,1,3,3,0,3,2,3,4,1,6,0,3,5,2,4,4,7,0,0,0,0,0,0,0,0,12,3,6,2,10,5,0,2,2,8,3,4,4,0,6,9,7,1,2,1,0,2,1,5,1,0,0,0,9,10,8,0,2,3,1,5,5,2,3,4,4,0,0,0,0,0,0,0,0,1,2,1,2,5,1,0,1,3,2,3,1,2,0,5,1,3,2,4,2,0,2,2,2,2,1,3,0,1,1,1,1,1,2,0,4,2,4,0,1,2,0,0,0,0,0,0,0,0,4,4,6,1,6,8,0,14,1,1,2,5,4,0,9,4,4,2,1,7,0,0,2,2,3,1,1,0,1,1,6,0,1,7,0,7,6,3,4,4,18,0,0,0,0,0,1,0,0,9,10,3,3,11,12,0,4,2,8,5,2,7,0,5,3,2,2,5,4,0,1,2,3,4,1,5,0,8,7,5,3,5,9,0,17,6,5,5,17,20,0,0,0,0,0,0,0,0,0,0,0,0,0,0,0,0,0,0,0,0,0,0,0,0,0,0,0,0,0,0,0,0,0,0,0,0,0,1,0,0,0,0,0,0,0,0,0,0,0,0,0,0,0,0,0,0,0
O14524,8,4,4,2,2,0,0,5,5,2,2,3,1,2,5,4,6,0,2,1,1,2,2,3,0,0,0,0,1,2,1,0,3,0,1,2,0,1,1,0,1,0,0,1,0,0,0,0,0,4,10,7,1,1,0,0,6,15,7,6,3,2,0,4,7,2,5,2,0,0,0,6,2,4,2,2,0,1,2,5,0,2,3,0,3,1,0,2,2,2,0,1,1,1,0,1,0,0,5,2,3,1,2,3,0,5,10,3,4,1,1,1,3,6,5,1,1,2,1,2,2,1,1,0,0,1,0,0,4,1,1,1,0,2,0,0,3,1,2,0,1,2,0,0,1,1,0,1,1,3,0,1,1,0,2,3,5,1,4,2,0,2,2,2,0,1,1,1,0,2,3,1,1,0,0,0,2,1,0,0,0,0,1,3,0,1,0,0,0,0,1,0,0,0,0,0,0,1,1,0,0,0,0,2,3,2,1,1,2,1,2,2,3,1,0,3,2,1,1,0,0,0,0,0,0,3,1,0,0,1,1,1,1,0,1,1,1,1,1,0,1,0,0,0,0,1,2,1,2,1,1,1,1,2,1,1,1,1,0,0,2,1,0,0,1,0,2,4,0,1,0,3,0,0,3,0,0,0,1,0,0,1,3,2,0,3,0,1,0,0,0,0,0,0,1,0,1,1,1,0,0,2,1,0,1,0,1,0,0,1,0,0,1,0,0,0,0,0,0,0,0,0,0,0,1,1,0,0,0,0,1,0,0,0,0,0,0,0,0,0,0,0,0
Q6ZNB6,20,2,4,8,4,1,1,1,3,3,5,1,2,4,4,6,4,3,2,1,3,2,1,1,4,3,3,4,4,3,2,7,5,2,0,3,2,3,4,1,4,0,5,7,4,2,4,1,0,6,4,3,3,3,3,1,4,5,6,3,8,2,10,3,3,3,5,3,1,1,2,3,1,2,1,3,6,4,2,4,3,5,0,2,2,1,3,0,4,4,0,2,12,2,2,3,6,1,6,3,3,1,7,2,1,4,5,3,3,4,2,1,5,6,5,2,3,1,0,5,4,1,3,4,1,0,4,2,3,2,2,3,0,2,2,1,0,3,0,3,2,1,5,1,2,0,0,2,3,2,0,1,2,9,5,4,1,0,0,2,4,2,1,3,0,0,1,1,3,2,0,1,6,2,4,5,1,3,4,3,3,3,0,1,0,2,3,1,4,2,9,4,2,5,3,0,3,2,5,2,6,3,8,0,4,1,1,4,3,5,3,1,1,2,5,4,3,3,2,3,4,5,1,8,6,3,3,2,6,1,5,2,2,0,2,2,1,2,1,1,4,3,3,1,1,2,3,3,1,1,4,2,5,2,1,0,2,3,1,3,2,1,1,2,0,1,2,1,2,0,2,0,1,5,2,3,0,3,1,3,3,2,3,0,1,3,1,1,3,2,2,1,1,0,1,2,3,3,1,2,1,4,15,4,6,1,0,3,3,3,5,5,1,3,2,1,3,0,4,1,1,2,1,5,1,8,2,1,1,4,4,1,0,3,0,0,0,0,1,0,1,0,0
Q9BPW8,4,2,3,2,1,3,0,1,3,2,1,1,0,0,2,3,1,1,1,0,0,0,1,0,2,1,3,0,1,1,0,1,1,0,0,1,1,1,2,1,0,0,0,0,0,0,0,0,0,3,2,3,0,1,0,0,3,2,5,1,1,0,0,1,3,2,2,1,3,2,1,4,3,2,0,0,0,2,4,3,2,1,0,0,2,2,1,1,1,0,0,0,0,0,0,0,0,0,2,1,1,2,0,2,0,1,3,2,2,4,2,0,2,1,1,1,1,1,0,1,1,3,1,1,0,0,0,4,0,0,0,1,0,0,1,1,0,2,2,0,0,2,0,0,0,1,0,4,1,0,1,1,1,0,1,1,1,3,2,2,0,2,1,1,1,1,0,1,3,2,0,2,2,1,0,1,1,2,0,1,0,0,1,1,0,2,1,1,0,0,0,0,0,0,0,0,1,1,1,2,0,0,0,3,2,0,2,2,3,0,1,3,2,1,1,2,0,2,1,1,1,0,0,0,1,2,2,1,1,0,0,0,0,0,0,1,0,0,0,0,0,0,0,0,0,1,1,1,0,1,0,0,0,1,3,1,1,0,0,0,3,0,1,0,0,0,1,0,0,2,1,2,0,0,0,3,1,3,0,0,0,1,0,1,1,1,0,0,0,0,0,0,0,0,0,0,0,0,0,0,0,0,0,1,0,1,0,0,0,0,0,0,0,0,0,0,0,0,0,0,0,0,0,0,0,0,0,0,0,0,0,1,0,0,0,0,0,0,0,0,0,0,0
Q8N5F7,1,2,1,0,1,2,0,2,4,1,1,1,3,0,6,2,5,1,2,2,1,2,0,1,0,1,0,0,1,2,2,0,4,0,0,1,2,1,0,1,0,0,0,0,0,0,0,0,0,2,2,2,3,2,1,0,2,2,1,0,3,2,0,3,2,0,1,4,1,0,0,1,0,2,1,1,0,1,1,1,1,2,4,0,2,1,1,0,0,4,0,0,0,0,0,0,0,0,1,5,11,1,0,1,0,4,0,1,2,4,1,0,5,3,7,1,5,3,0,0,1,1,1,0,1,0,1,1,10,1,11,2,0,1,1,6,0,3,2,0,0,0,1,0,0,1,0,0,0,1,0,0,1,0,0,1,1,1,1,0,0,0,2,1,0,1,1,0,0,1,1,0,1,1,0,0,2,2,0,2,1,0,0,1,0,0,2,2,0,0,0,0,0,0,0,0,3,0,2,0,4,0,0,2,1,5,0,1,1,0,4,1,6,0,13,0,1,0,1,0,0,4,2,0,5,3,7,4,17,4,0,1,2,2,0,6,5,0,0,0,0,0,0,0,0,0,3,3,0,2,0,0,2,2,2,1,0,1,0,1,2,5,0,1,6,0,0,0,2,1,0,0,0,1,1,3,1,4,4,0,3,0,5,3,2,4,0,0,0,0,0,0,0,0,0,0,0,0,0,0,0,0,0,0,0,0,0,0,0,0,0,1,0,0,0,0,0,0,0,0,0,0,0,0,0,0,0,0,0,0,1,0,0,0,0,0,0,0,0,0,0,0,0
Q5C9Z4,7,12,11,3,5,4,0,8,7,2,4,6,4,1,11,6,4,5,5,3,0,3,4,1,0,5,3,0,7,3,3,1,8,4,0,4,4,4,1,3,6,1,1,1,0,0,0,0,0,8,5,6,4,7,6,0,5,9,9,7,6,5,0,6,12,2,2,3,2,1,5,1,7,1,3,3,0,3,7,5,1,9,5,0,4,4,6,0,7,5,0,0,0,0,0,2,0,1,8,7,6,1,5,2,2,10,8,7,3,5,5,0,3,4,2,2,1,2,0,6,2,1,2,1,4,0,3,2,3,3,1,4,0,0,5,4,4,1,3,1,0,1,0,0,0,0,0,6,3,4,2,1,3,0,1,4,2,2,3,2,2,3,3,1,2,1,3,0,0,1,1,0,2,1,0,4,3,0,2,4,0,0,1,3,3,1,1,1,1,0,0,0,0,0,0,0,6,3,3,4,7,2,0,7,7,5,3,7,4,0,3,5,1,3,4,1,0,2,5,0,0,1,0,0,6,13,4,1,7,4,0,4,4,3,4,4,4,0,0,0,0,0,0,0,0,5,2,5,2,1,6,0,5,5,2,1,2,6,0,5,8,4,2,1,7,0,3,3,3,2,1,0,0,2,5,1,0,6,5,0,8,1,6,2,2,15,0,1,1,0,0,0,1,0,2,0,0,0,0,0,0,0,1,1,0,1,0,0,0,0,0,0,0,0,0,0,0,0,0,0,0,0,0,0,1,0,0,1,0,0,0,1,0,1,0,0,0,0,0,0,0,1,0
Q5JPE7,16,11,9,6,8,9,1,12,16,10,4,5,6,2,16,18,9,5,3,4,1,12,10,6,2,4,5,1,6,7,10,2,0,4,0,6,10,8,2,3,7,0,3,0,1,0,0,1,0,16,17,10,9,6,2,1,18,27,16,8,6,6,0,21,19,14,6,4,4,2,5,10,5,4,2,6,0,8,12,5,2,1,4,0,12,11,6,3,2,3,0,0,2,3,1,0,0,0,16,10,20,12,5,7,1,15,17,16,10,8,7,1,12,17,5,3,3,4,1,3,8,4,0,3,2,0,5,6,2,3,2,3,0,4,7,3,2,0,2,0,0,2,1,0,1,1,0,5,8,3,4,3,7,0,7,7,7,3,4,6,1,7,8,4,2,3,0,0,3,4,1,1,1,1,0,1,4,2,2,3,1,0,2,6,2,2,3,2,0,1,0,1,1,0,0,0,2,3,6,6,2,4,1,3,7,11,3,2,6,1,4,9,6,0,4,1,1,2,1,3,1,2,0,2,3,1,2,0,0,1,0,3,1,4,3,2,2,0,0,0,0,0,0,0,0,4,4,7,3,5,7,1,6,7,9,4,6,5,1,9,3,6,3,3,3,0,5,2,4,3,1,2,0,1,2,4,2,1,2,0,4,3,3,4,2,3,0,0,0,0,0,0,0,0,1,2,1,0,0,0,0,0,0,2,0,1,1,0,2,0,1,0,1,2,0,0,0,1,0,0,1,0,0,1,0,0,0,0,0,0,0,1,1,0,0,0,0,0,0,0,0,0,0
Q9Y3C1,0,1,0,0,2,0,0,1,0,1,1,1,1,0,1,1,2,0,1,2,0,0,1,0,1,2,1,0,2,1,1,1,3,0,0,1,1,2,0,0,0,0,0,0,0,0,0,0,0,2,0,2,0,0,0,0,1,0,1,0,0,2,0,1,1,0,1,0,2,0,0,0,1,1,1,0,0,0,1,1,1,3,1,0,2,0,0,2,2,0,0,0,0,0,0,0,0,0,0,1,0,1,2,1,0,0,0,1,0,2,0,0,1,0,0,1,1,0,0,1,0,0,0,1,0,0,3,1,0,0,1,0,0,1,2,0,1,0,1,0,0,0,0,0,0,1,0,0,0,1,1,1,0,0,1,0,1,0,2,1,0,0,0,1,0,0,0,1,0,0,0,0,1,2,0,1,2,0,1,1,1,0,2,0,0,1,0,0,0,0,0,0,0,0,0,0,0,1,3,2,3,0,0,1,1,2,2,1,0,0,1,1,0,0,2,1,0,1,3,0,0,1,0,0,2,1,2,2,5,1,0,0,1,0,0,0,2,0,0,0,0,0,0,0,0,1,2,1,1,0,3,0,0,3,0,0,1,2,0,1,0,0,0,1,0,0,1,1,1,1,0,0,0,1,1,1,0,0,0,0,1,1,0,0,1,0,0,0,0,0,0,0,0,0,0,0,0,0,0,0,0,0,0,0,0,0,0,0,0,0,0,0,0,0,0,0,0,0,0,0,0,0,0,0,0,0,0,0,0,0,1,0,0,0,0,0,0,0,0,0,0,0,0
P55786,15,13,5,5,5,3,1,12,8,10,9,6,6,0,8,8,5,3,2,2,0,1,3,3,4,6,4,0,5,3,3,2,4,3,0,10,9,3,1,3,2,0,1,2,0,1,0,0,0,9,12,8,3,6,8,0,10,19,11,3,8,6,1,10,12,8,2,5,6,0,4,2,7,2,1,2,1,9,8,2,2,6,5,0,4,9,4,6,2,7,0,0,1,0,1,0,1,0,9,8,5,3,7,4,0,11,13,5,1,3,7,0,7,5,7,4,2,1,1,1,6,6,3,2,1,0,3,2,5,1,0,3,0,5,5,0,3,2,0,0,0,0,1,0,0,0,0,6,4,1,0,1,1,0,2,4,5,2,5,7,1,6,4,0,6,2,3,0,1,6,2,1,1,4,0,2,3,3,2,0,1,0,3,3,2,0,2,1,1,0,1,1,0,0,0,0,2,6,1,6,0,8,1,7,5,2,1,2,4,1,1,6,5,1,3,1,0,2,3,2,1,1,0,0,4,2,1,2,2,2,0,5,4,1,1,1,3,0,0,0,0,0,0,0,0,5,8,7,4,1,4,2,4,8,8,3,7,2,0,4,4,2,2,0,2,0,4,6,1,3,0,0,1,1,4,3,0,1,1,0,4,2,4,4,0,4,0,0,0,0,0,0,0,1,1,0,0,0,0,0,0,0,1,2,0,1,0,0,0,1,0,1,0,0,0,0,0,1,1,0,1,0,0,0,0,0,0,0,0,0,0,0,0,0,1,0,0,0,0,1,0,0,0
Q8TAT6,7,4,9,1,2,4,0,3,7,2,5,4,6,0,6,7,3,3,3,2,1,0,3,2,3,3,0,0,0,4,0,0,3,1,0,2,5,0,2,3,0,1,0,0,0,1,1,0,0,5,5,5,3,1,3,1,4,15,8,6,2,6,1,6,5,6,4,1,5,2,5,5,1,4,1,3,1,4,1,1,0,2,2,2,3,6,3,2,4,4,0,0,0,0,0,0,2,0,4,10,4,3,1,2,0,5,3,8,3,4,3,1,4,4,3,2,2,3,1,2,2,1,3,1,2,0,3,2,1,3,2,0,0,3,1,2,2,3,2,1,0,2,1,2,0,0,0,2,2,2,1,1,2,1,3,3,5,2,0,5,0,5,4,2,1,0,1,0,1,3,5,2,0,3,1,1,1,4,3,0,0,1,1,6,3,0,0,0,0,1,0,0,0,1,0,0,4,4,3,0,1,1,0,3,5,1,0,2,1,0,2,3,1,0,3,1,1,0,3,2,1,3,2,0,1,3,2,2,0,0,0,3,0,0,0,0,0,0,0,2,2,0,0,0,0,5,2,2,2,2,1,0,4,8,5,2,0,1,0,1,3,4,0,1,1,0,1,2,2,0,2,0,0,3,1,2,3,1,0,1,2,2,2,1,1,2,0,1,0,0,1,0,0,0,0,0,1,1,0,0,0,1,1,0,2,0,0,0,0,1,0,1,0,1,0,2,0,0,2,0,0,0,1,0,1,0,0,0,0,0,0,0,0,0,2,0,0,0,0,0,0,0,0
O75607,7,2,2,2,1,2,0,6,3,0,1,0,1,0,2,2,0,0,1,0,0,0,0,0,0,1,1,1,0,2,1,0,0,0,0,1,0,1,1,0,2,0,0,0,0,0,0,0,0,3,3,1,1,1,0,0,1,3,1,1,0,0,1,1,3,1,0,1,1,0,1,2,0,1,0,0,1,2,2,0,0,0,0,0,1,0,0,1,0,1,1,0,2,0,0,0,0,0,1,3,1,0,0,1,0,1,1,2,1,2,1,1,2,1,1,0,0,0,0,1,0,0,0,0,0,0,0,1,2,0,0,0,0,0,0,1,1,0,2,0,0,0,0,0,0,0,0,1,0,1,0,0,0,0,0,0,0,1,0,1,0,0,1,1,0,0,0,0,0,0,0,0,2,1,0,2,0,0,0,1,0,0,1,0,0,1,0,0,0,0,0,1,0,0,1,0,3,2,1,0,0,0,0,1,0,2,1,1,0,0,0,0,0,1,1,1,0,0,0,0,0,0,0,0,1,0,0,0,0,0,0,0,0,0,0,0,0,0,0,0,0,0,0,0,0,1,0,0,0,1,2,0,0,0,1,0,0,0,0,1,1,1,0,0,2,0,0,0,2,2,0,0,0,1,0,0,0,0,0,0,1,1,3,0,1,10,0,1,0,0,0,0,0,0,0,1,0,0,0,0,0,0,0,1,0,0,1,0,0,1,0,0,0,0,0,0,0,0,0,0,0,0,0,0,0,0,0,0,0,0,0,0,0,0,1,0,0,0,0,0,0,0,0
Q9BSD7,1,1,2,2,2,1,0,3,6,1,1,1,2,0,0,2,2,1,0,0,0,0,2,0,0,3,0,0,1,1,2,2,0,0,1,1,1,1,0,1,1,0,1,0,1,0,0,0,0,2,5,2,1,2,2,1,4,4,3,2,1,2,0,3,0,3,1,0,0,0,0,0,1,1,0,1,0,1,0,0,0,1,0,0,1,2,1,0,0,2,0,0,0,0,0,0,0,0,1,3,1,1,1,0,0,1,3,2,0,0,1,0,0,3,0,1,2,0,1,2,0,0,0,1,0,0,2,1,0,0,0,0,0,0,0,0,0,0,0,0,0,0,0,0,0,1,0,1,1,0,0,0,0,1,1,2,0,0,0,0,0,0,1,0,0,0,0,0,0,0,0,0,1,0,0,3,2,0,1,0,0,0,0,1,0,0,1,0,0,0,0,0,0,0,0,0,3,2,1,0,1,2,0,3,0,0,0,0,1,0,2,1,1,0,0,0,0,1,1,0,0,1,1,0,2,0,1,1,0,0,0,0,0,0,0,0,0,0,0,0,0,0,0,1,0,1,2,0,1,0,0,0,3,1,1,0,0,0,0,1,0,1,0,1,0,0,0,0,0,0,0,0,0,0,0,1,0,2,0,0,1,1,1,0,0,0,0,0,0,0,0,0,0,0,0,0,0,0,1,0,0,0,0,0,0,0,0,0,1,0,0,0,0,0,0,0,0,0,0,0,0,0,0,0,0,0,0,0,0,1,0,0,0,1,0,0,0,0,0,0,0,0,0
O43809,2,3,2,0,1,2,0,1,6,1,3,2,0,1,1,0,2,1,1,0,0,0,1,0,0,0,2,0,0,1,0,0,0,1,0,2,0,0,1,0,1,0,0,0,0,0,0,0,0,5,0,1,3,1,1,0,6,4,4,2,4,3,0,0,3,3,1,2,0,0,3,6,1,0,0,0,0,1,1,4,2,2,1,0,1,2,1,0,1,1,0,0,0,0,0,0,1,0,1,4,0,0,0,0,0,0,6,1,2,1,1,0,1,2,0,1,0,1,0,0,1,2,1,1,0,0,0,0,0,3,1,1,0,0,0,0,0,1,0,0,0,0,0,0,0,0,0,0,5,1,0,0,0,0,1,5,2,1,3,1,0,1,2,0,0,1,0,0,1,1,0,1,0,0,0,1,1,0,0,0,0,0,0,0,1,2,1,0,0,0,0,0,0,0,0,0,1,1,0,0,0,0,0,2,1,0,1,1,0,0,2,2,0,2,1,0,0,1,2,0,1,0,2,0,0,1,1,1,0,0,0,0,2,1,1,0,0,0,0,0,0,0,0,0,0,1,1,1,0,0,1,0,1,1,1,1,0,1,0,0,2,1,0,0,0,0,1,2,0,0,1,0,0,0,1,2,0,0,1,0,1,1,0,0,1,1,0,0,0,0,0,0,0,0,0,0,0,0,0,0,0,0,0,0,0,0,0,0,0,0,0,0,0,0,0,0,0,0,0,0,0,0,0,0,0,0,0,0,0,0,0,0,0,0,1,0,0,0,0,0,0,0,0
P57740,2,4,8,2,3,4,0,4,12,9,5,2,9,0,4,5,6,6,8,6,0,5,3,2,2,1,4,0,0,3,1,3,2,3,0,8,8,0,1,3,5,0,0,1,0,0,1,0,0,2,10,9,5,4,8,0,10,12,8,10,7,4,3,10,6,7,6,6,7,0,6,5,5,1,5,8,1,3,3,1,9,4,2,0,6,8,7,4,0,8,0,0,3,1,1,0,1,0,9,6,7,5,3,3,1,8,5,9,5,6,7,0,5,8,5,5,2,1,0,4,8,3,2,5,2,0,2,4,5,4,1,4,0,2,3,2,3,3,5,1,0,0,0,0,0,0,0,5,5,4,4,1,4,1,4,11,4,0,2,5,1,5,5,3,5,1,2,0,1,1,4,0,3,1,0,1,9,2,2,2,2,0,3,3,2,4,2,5,0,0,0,2,0,0,0,0,2,4,3,0,0,4,0,4,11,6,3,2,1,1,3,9,1,1,1,0,0,6,7,2,0,3,2,1,1,3,3,1,2,2,1,0,2,6,1,4,1,0,0,1,0,0,0,0,0,3,11,4,1,1,2,0,8,3,5,5,1,7,1,7,5,3,1,2,3,0,2,3,5,3,1,2,0,6,6,3,2,1,1,0,3,6,5,2,7,6,1,1,0,0,1,0,0,0,0,1,0,0,0,0,0,0,0,1,2,2,0,0,0,2,1,0,0,0,0,0,0,0,2,0,0,0,0,0,0,0,1,0,0,0,0,0,1,0,0,0,0,0,0,0,0,0,0
Q8WUM0,7,10,8,5,3,4,1,12,16,14,5,4,5,1,7,10,7,7,3,7,0,7,9,2,2,2,5,0,2,3,2,1,6,3,1,5,4,7,0,5,2,1,1,0,0,0,0,0,0,12,15,11,1,5,9,0,12,17,20,9,8,11,3,15,15,12,5,6,12,0,4,7,12,4,2,8,1,5,3,5,2,0,6,0,2,5,12,6,4,5,1,1,1,0,0,0,2,0,10,11,9,5,4,6,0,9,16,13,13,4,3,0,7,10,10,4,5,6,1,9,5,5,7,3,1,1,1,7,2,1,3,6,0,5,6,9,4,3,6,0,1,0,0,0,0,0,0,4,7,2,7,4,1,0,11,12,6,3,2,5,0,6,7,6,2,2,2,0,2,6,2,2,4,3,0,0,6,4,1,0,2,0,4,3,3,1,3,4,2,1,1,0,0,0,0,0,1,6,2,0,2,3,0,7,7,4,3,1,4,0,5,6,3,3,1,1,0,0,7,1,1,0,1,0,4,1,3,3,1,0,1,5,4,1,4,3,2,0,2,1,1,0,0,0,0,3,7,7,7,0,1,0,2,9,7,3,2,7,0,5,10,5,8,2,5,0,3,5,3,2,2,2,0,2,6,3,2,3,2,2,4,7,3,2,2,3,1,0,3,2,1,0,0,0,1,1,2,2,0,0,0,0,3,2,1,0,0,0,0,0,0,2,1,0,0,0,0,0,1,0,0,0,0,0,0,0,0,0,0,0,1,0,0,0,0,1,0,0,0,0,0,0,0
Q5SRE5,14,12,16,11,2,7,0,16,16,21,14,8,8,1,19,12,10,7,4,9,0,8,14,11,5,2,2,1,5,2,6,4,2,2,0,7,10,8,3,4,4,2,2,2,3,0,2,1,0,16,22,15,12,4,13,4,23,38,27,16,13,15,5,19,23,18,18,13,6,3,9,17,11,6,7,4,1,2,11,10,3,6,2,0,5,11,11,5,11,2,1,3,3,2,6,0,2,0,9,23,9,7,7,11,3,19,30,17,12,5,12,3,8,27,11,3,4,6,3,6,11,10,1,7,6,0,9,7,8,3,2,5,0,9,11,3,4,6,4,1,2,1,1,1,1,2,0,11,7,8,5,4,1,1,14,19,12,5,3,6,2,5,15,8,6,4,7,0,3,6,4,2,4,3,0,3,4,9,5,2,4,0,2,4,4,1,5,1,0,1,3,0,1,0,0,0,6,8,5,1,3,1,1,7,12,9,3,3,1,2,11,13,5,4,6,3,1,5,5,4,3,4,1,1,3,3,3,3,1,4,0,3,4,2,3,1,6,0,0,0,0,0,0,0,0,5,10,5,5,1,4,1,5,19,12,4,2,3,2,6,7,9,2,2,6,0,3,6,4,4,3,0,2,3,9,6,3,4,2,0,3,7,3,5,0,2,0,2,1,1,0,0,0,0,1,2,4,2,0,1,0,2,3,2,1,0,1,1,1,1,1,1,1,1,1,3,2,1,1,0,1,0,0,1,1,1,0,0,0,2,0,1,1,0,1,0,0,0,0,0,0,0,0
Q92621,19,19,9,7,5,10,0,27,23,17,11,10,14,3,8,9,7,11,8,6,0,9,17,5,4,4,6,3,1,9,10,6,4,7,0,8,9,5,6,4,7,1,0,2,0,1,0,0,0,21,31,15,20,12,7,0,28,36,27,29,19,23,3,13,34,14,13,9,15,3,7,21,15,6,13,13,2,11,5,11,9,8,7,0,12,20,11,12,6,9,0,4,0,5,4,1,1,1,6,14,9,7,6,6,0,22,40,20,6,6,12,4,6,16,9,5,3,8,0,7,11,6,3,5,2,4,8,10,5,3,1,2,0,6,14,11,6,6,4,0,1,2,0,2,0,0,0,9,9,7,4,5,7,2,12,25,19,9,9,6,3,4,19,8,3,3,8,1,7,9,2,4,1,1,0,4,7,3,8,5,5,1,6,6,3,3,3,3,2,2,3,2,1,1,1,0,5,13,3,3,6,3,0,5,20,6,6,3,4,1,8,14,4,3,5,4,0,5,12,8,3,5,3,0,7,6,6,3,2,1,0,5,8,3,3,1,3,0,1,0,0,0,0,1,0,7,17,5,6,3,6,0,10,20,11,13,4,9,2,9,16,5,2,0,3,1,6,9,9,3,3,1,1,2,7,2,7,4,1,1,6,10,3,2,3,4,2,1,1,0,1,1,1,0,2,2,2,1,0,1,1,2,1,1,3,0,2,0,0,2,0,1,1,3,0,2,4,1,1,1,0,0,0,1,1,0,1,0,0,1,2,0,0,1,0,0,0,1,0,0,0,0,0
Q8TEM1,28,27,18,7,17,11,1,35,30,21,13,5,12,2,32,21,13,5,9,6,1,13,11,5,5,6,3,2,18,18,6,3,4,4,0,10,14,7,11,6,3,1,1,0,1,0,0,0,0,24,27,20,18,12,17,1,21,32,28,16,7,10,1,24,30,27,10,3,5,3,11,18,11,7,5,6,0,13,12,6,6,3,3,0,12,17,9,6,3,3,0,0,2,1,0,0,0,0,27,26,29,6,10,7,0,19,26,24,10,13,11,0,21,23,19,14,2,5,0,8,13,6,5,1,4,1,6,4,3,1,1,2,0,3,8,3,4,2,3,0,2,1,0,2,0,2,0,8,16,8,5,5,3,0,16,13,9,5,8,8,0,13,14,9,6,1,2,2,3,8,9,7,1,2,0,3,1,5,2,1,2,0,6,5,5,1,0,1,0,0,1,2,0,0,0,0,10,12,8,3,6,6,0,6,7,9,6,6,6,0,6,4,10,1,2,1,1,5,2,9,2,1,0,0,2,2,2,3,0,1,0,5,3,2,0,1,1,0,0,0,0,0,0,0,0,12,9,4,6,3,7,0,20,7,10,8,4,2,0,8,10,5,1,0,4,0,5,7,6,3,0,2,0,3,2,3,4,1,0,0,4,4,1,1,1,1,0,0,0,0,0,1,0,0,0,1,1,0,0,1,0,2,0,1,0,0,1,0,1,1,1,1,0,0,0,0,0,0,1,0,1,0,0,1,0,0,0,0,0,1,0,1,0,0,0,0,0,0,0,0,0,0,0
Q8N1F7,4,6,3,4,3,4,0,5,9,8,7,5,5,0,7,6,4,3,0,4,0,4,3,4,4,2,2,1,1,1,2,4,2,3,0,4,1,8,2,1,3,1,0,1,0,0,2,0,0,7,5,5,6,6,8,0,13,8,9,4,6,7,1,2,12,8,3,5,3,0,7,6,8,3,4,2,0,4,5,2,5,5,7,0,6,8,8,2,1,1,0,1,1,1,0,0,0,0,5,9,1,0,2,3,2,4,12,10,6,4,5,0,5,5,3,4,5,4,0,2,4,3,2,3,2,0,4,5,3,1,1,3,0,4,5,3,4,4,5,0,0,0,1,0,0,0,0,2,4,6,2,2,1,0,4,6,3,6,4,2,0,1,9,4,1,2,7,0,2,5,0,2,2,1,0,5,6,1,1,0,1,0,4,3,2,1,1,0,0,0,0,0,0,1,0,0,1,8,2,3,0,2,0,3,5,0,4,6,4,1,2,3,3,2,2,3,1,2,3,4,0,2,2,0,0,2,5,0,1,1,0,5,3,1,3,2,4,0,0,0,0,0,0,0,0,5,7,7,4,0,2,1,8,7,3,3,3,2,1,4,6,3,3,3,4,0,0,4,4,1,1,2,0,1,2,2,2,0,3,0,3,7,2,0,1,1,0,0,0,0,0,1,0,0,0,0,0,1,0,0,0,0,1,0,0,0,1,0,1,0,1,0,0,0,0,0,0,0,0,0,0,0,1,2,1,0,0,0,0,0,0,0,0,0,0,0,0,0,0,0,0,0,0
Q5W0B1,3,2,3,3,0,2,0,1,2,3,4,4,0,3,0,1,4,4,3,2,0,2,0,4,4,1,4,0,2,1,5,0,1,1,1,3,2,3,0,3,2,0,0,0,0,0,0,1,0,2,4,3,3,2,1,1,2,4,5,0,2,5,1,5,9,7,5,6,0,2,1,4,2,3,5,4,1,2,3,4,6,5,3,0,2,5,6,2,2,8,0,0,4,3,1,0,2,0,4,4,1,4,4,4,0,3,7,8,4,5,8,2,4,7,18,5,3,9,1,3,7,3,2,2,2,1,0,7,5,2,2,4,0,1,6,5,2,4,0,2,0,2,0,1,0,0,1,2,2,4,3,0,2,0,2,2,4,1,3,3,3,3,4,4,2,0,6,0,4,2,1,3,2,0,1,2,2,3,1,4,1,0,3,4,5,2,2,1,0,0,2,1,0,0,0,0,0,4,3,0,2,1,0,1,1,2,6,5,2,0,4,7,4,2,3,0,1,2,3,4,0,2,5,0,2,3,3,2,2,2,0,1,5,4,1,0,3,0,1,1,0,0,0,0,0,2,0,1,2,3,3,0,3,3,9,3,3,6,1,5,6,9,2,4,3,0,1,1,4,1,1,2,0,2,1,1,5,0,3,1,1,5,4,2,2,4,0,0,2,0,0,0,0,0,0,1,0,0,0,0,0,4,0,3,2,1,1,0,0,3,1,0,0,0,0,0,1,1,0,0,0,0,0,0,0,0,0,0,0,0,1,2,1,0,0,0,0,0,0,0,0,1,0
P11940,10,10,7,2,7,4,0,9,2,7,6,6,1,0,6,13,2,2,4,1,0,3,5,6,1,1,1,0,5,3,5,5,2,2,1,1,2,2,1,2,4,0,0,0,0,0,0,0,0,8,6,6,1,6,2,0,4,6,4,3,3,3,0,9,6,4,3,2,4,0,8,4,5,3,5,0,0,7,4,2,0,1,5,0,2,1,2,1,5,0,0,1,0,0,0,0,0,0,4,5,7,5,4,3,0,4,7,7,6,5,3,1,7,4,3,3,0,1,0,2,3,2,2,3,2,0,3,2,2,1,2,2,0,0,4,2,0,1,3,0,0,0,0,0,0,0,0,6,4,2,5,1,1,0,4,6,0,4,1,2,0,1,5,6,2,2,3,0,1,3,3,1,0,0,0,3,3,1,1,0,3,0,0,3,0,1,0,1,0,0,0,0,0,0,0,0,8,2,5,4,2,0,0,5,1,5,1,3,1,0,3,2,1,2,4,0,0,4,0,3,1,0,2,0,0,3,2,2,1,1,0,4,3,1,2,1,3,0,1,0,1,0,0,0,0,3,3,0,0,2,2,0,3,1,5,5,1,1,0,2,2,2,2,0,1,0,1,2,1,0,2,0,0,3,1,0,1,3,1,1,3,3,2,1,1,2,1,1,0,0,0,0,0,0,1,1,0,0,1,0,0,0,0,0,0,0,0,0,0,1,0,0,0,0,0,0,0,0,0,0,0,0,0,0,0,0,0,0,0,0,0,0,0,0,0,0,0,0,0,0,0,0,0
B1ANR0,19,10,5,3,7,3,0,10,3,5,10,1,1,0,3,11,2,1,2,0,0,5,6,6,2,1,1,0,4,4,6,4,3,2,1,1,1,2,1,2,5,0,0,0,0,0,0,0,0,8,7,4,4,7,1,0,4,4,3,2,5,3,0,9,6,4,2,4,6,0,5,5,3,4,4,1,0,7,2,2,0,1,4,0,3,1,1,1,6,0,0,1,0,0,0,0,0,0,6,3,5,4,3,3,0,5,5,8,2,5,4,1,5,3,2,2,0,1,0,1,3,2,1,2,1,0,4,2,2,0,2,2,0,0,4,2,0,1,3,0,0,0,0,0,0,0,0,5,5,1,4,2,1,0,5,6,2,2,2,2,0,0,4,3,2,2,3,0,2,3,1,1,1,0,0,0,7,0,1,0,2,0,0,3,0,1,0,1,0,0,0,0,0,0,0,0,5,1,4,5,2,1,0,5,2,7,2,2,1,0,5,3,0,1,4,0,0,4,0,2,0,0,2,0,1,3,2,2,1,2,0,4,2,2,2,1,2,0,1,0,1,0,0,0,0,3,3,0,1,2,3,0,2,1,6,4,1,1,0,2,2,1,2,0,0,0,1,2,1,0,2,0,0,2,1,1,1,4,1,1,4,4,0,1,1,2,1,1,0,0,0,0,0,0,1,1,0,0,1,0,0,0,0,0,0,0,0,0,0,1,0,0,0,0,0,0,0,0,0,0,0,0,0,0,0,0,0,0,0,0,0,0,0,0,0,0,0,0,0,0,0,0,0
Q8N3R9,4,3,4,0,2,1,0,4,7,3,3,5,5,1,2,4,0,4,4,6,0,1,4,4,5,3,1,0,2,2,0,2,1,4,0,0,1,1,4,5,3,0,0,0,0,2,0,0,0,2,6,8,8,2,3,0,7,15,4,2,5,8,1,3,6,4,5,2,2,0,3,2,3,3,3,1,0,6,6,2,2,2,3,0,5,6,4,5,5,6,0,0,1,0,0,0,1,0,1,4,1,3,3,1,0,5,9,2,2,2,4,0,1,3,3,2,1,1,0,5,5,3,1,2,0,0,1,3,2,0,1,3,0,2,6,4,2,4,4,0,0,0,0,0,0,0,0,0,8,2,4,1,3,1,4,5,4,2,2,5,0,1,7,2,3,1,4,0,3,7,2,5,1,3,0,4,4,2,2,2,1,0,1,2,2,0,1,2,0,0,0,0,0,0,0,0,3,5,5,1,2,3,1,2,3,4,3,3,4,0,4,1,2,0,2,1,0,2,2,2,4,3,0,0,2,2,2,2,7,0,0,1,6,0,2,2,2,0,0,1,0,0,0,0,0,4,2,0,2,1,3,0,6,3,5,3,3,5,0,2,3,1,2,0,8,0,5,1,4,2,3,3,0,5,1,2,5,2,2,1,2,4,5,5,1,3,0,0,0,0,0,0,0,0,0,0,0,0,0,0,0,1,0,0,0,1,0,0,0,0,0,0,0,0,0,0,1,0,1,0,0,0,0,0,0,0,0,0,0,1,0,0,0,0,0,0,0,0,0,0,0,0,0
P12004,1,1,2,0,0,3,2,1,1,4,3,2,3,0,2,2,3,0,0,1,0,2,0,2,0,0,1,0,0,1,1,0,1,1,0,2,4,1,1,1,2,0,0,0,2,0,1,0,0,1,5,0,0,1,4,0,2,0,2,1,1,2,0,5,3,1,0,2,1,0,6,1,1,0,1,1,0,3,2,3,0,0,0,0,2,0,1,2,2,1,0,0,0,0,0,0,0,0,1,1,2,2,2,1,0,1,3,2,3,3,2,0,0,4,5,2,1,3,0,0,1,1,0,0,0,0,1,3,0,0,0,0,0,3,2,3,1,0,0,0,0,0,0,0,0,0,0,3,4,1,1,0,0,0,1,1,1,1,0,0,0,0,2,2,0,0,1,0,0,1,0,0,0,0,0,0,0,0,0,0,1,0,1,1,0,0,0,1,0,1,0,0,0,0,0,0,2,1,0,0,0,1,1,3,2,2,2,0,0,0,0,1,2,0,0,2,0,0,0,0,0,0,0,0,0,1,0,0,0,0,0,1,0,0,1,0,0,1,0,1,0,0,0,0,0,1,2,3,2,1,1,0,3,1,2,0,1,1,0,1,1,1,0,1,1,0,1,1,1,1,0,1,1,1,1,0,0,0,1,1,1,1,0,1,1,3,0,0,0,0,0,1,0,0,0,0,0,0,0,1,0,0,0,0,0,1,0,0,0,1,1,0,0,0,0,0,0,0,0,0,0,0,0,1,1,0,0,0,0,0,0,0,0,0,0,0,0,0,0,0,0,0,0
P11177,12,8,8,1,1,5,0,6,4,0,4,1,0,2,8,2,2,3,2,1,0,0,3,1,1,1,1,0,3,2,2,0,0,1,0,2,4,2,0,3,2,1,0,1,0,0,0,0,0,7,5,5,2,4,5,0,5,6,2,1,4,3,0,1,1,1,1,2,2,0,1,5,1,2,0,0,0,3,2,1,0,3,0,0,1,1,0,1,2,1,1,0,0,0,3,0,0,0,6,1,1,3,2,2,0,2,1,1,2,2,2,0,0,3,3,0,1,0,0,3,2,1,3,0,1,0,1,1,2,0,2,0,0,0,1,3,0,0,0,0,0,0,0,0,0,0,0,5,0,1,0,0,1,0,8,1,3,1,1,0,0,2,0,1,1,1,0,0,1,3,1,0,0,1,0,0,0,0,0,0,1,0,0,2,0,0,1,1,0,0,0,0,0,0,0,0,2,2,2,1,1,1,1,5,3,1,0,0,0,0,3,1,0,3,0,0,0,0,1,0,0,0,0,0,1,2,0,1,1,1,0,1,2,0,0,0,1,0,0,0,0,0,0,0,0,3,1,2,0,0,0,0,2,5,1,0,1,1,1,1,3,0,2,0,1,0,0,0,0,0,0,1,0,2,2,2,0,0,1,0,1,1,2,0,1,1,0,0,1,0,0,0,1,0,0,0,0,0,0,0,0,0,1,0,0,0,1,0,0,0,0,0,0,0,0,2,0,1,0,0,0,0,0,0,0,0,0,0,0,1,0,0,0,0,0,0,0,0,0,0,0,0,0
Q9BRX2,6,1,5,5,1,3,0,2,2,3,1,2,1,1,4,3,2,1,2,3,0,4,2,1,1,1,4,0,3,2,2,1,2,3,0,4,1,0,4,1,0,0,0,1,0,0,0,0,0,2,3,2,1,3,3,0,1,2,2,1,4,1,1,3,2,5,1,1,3,0,2,1,3,0,3,2,1,2,1,3,1,0,2,0,0,4,0,1,0,3,2,0,1,0,0,1,0,0,7,1,1,3,2,1,0,1,2,3,3,2,3,0,2,2,3,1,2,2,0,2,0,1,1,0,0,0,3,0,3,2,0,0,0,3,2,2,2,0,1,1,0,0,0,1,0,0,0,2,3,1,1,3,1,0,1,2,2,2,0,1,0,4,1,1,0,0,2,1,0,2,2,0,2,0,0,0,2,0,2,2,0,0,1,2,3,1,3,0,0,1,0,0,0,0,0,0,2,3,4,0,3,1,0,1,3,3,1,0,0,0,2,2,0,0,2,1,0,1,2,1,0,0,2,0,2,2,0,0,2,0,0,1,4,0,1,0,0,0,0,0,0,0,0,0,0,2,1,2,1,1,1,1,7,1,1,2,1,4,0,0,4,1,1,1,0,0,1,1,1,4,0,2,0,2,1,0,0,0,1,0,0,3,2,0,0,1,0,1,2,0,0,0,0,0,0,0,0,2,0,0,0,1,0,1,2,0,0,0,0,0,0,0,0,0,0,1,0,0,0,0,0,0,1,0,0,0,0,0,0,0,0,0,0,0,0,0,0,0,0,0,0,0,0
P56589,4,5,1,2,0,1,0,2,8,2,2,0,1,0,2,2,4,2,2,0,0,4,0,0,1,2,2,0,0,1,0,2,0,0,0,1,1,1,0,3,0,0,1,0,0,0,0,0,0,1,1,5,0,2,3,1,3,5,6,3,5,3,1,4,5,6,3,0,6,1,2,1,3,4,1,0,0,1,3,2,3,1,0,0,1,3,1,2,4,1,0,0,0,1,0,1,0,0,3,2,2,2,0,1,0,6,4,7,0,2,2,0,2,7,3,3,2,0,0,1,3,1,1,2,1,2,1,1,1,2,0,0,0,1,2,2,1,1,1,0,1,0,1,0,0,0,0,3,3,2,2,1,1,0,1,1,2,4,0,3,1,0,3,2,1,0,1,0,2,3,2,1,0,1,0,1,4,0,0,2,0,0,1,3,2,0,0,0,0,0,1,1,0,0,0,0,1,2,0,2,0,0,0,1,4,5,0,2,2,0,1,2,0,0,0,1,0,2,2,1,2,2,1,0,1,1,0,2,1,0,0,0,1,0,1,0,0,0,0,0,0,0,0,0,0,1,2,1,0,0,0,0,0,3,4,2,1,1,0,1,2,1,1,0,0,1,1,3,0,0,0,1,0,1,4,1,1,0,1,0,0,1,0,1,0,1,0,0,0,0,0,0,0,0,0,0,1,1,0,0,0,0,1,0,0,0,0,0,0,0,1,1,1,0,0,0,0,0,0,0,0,0,0,0,0,0,1,0,0,0,0,0,0,0,0,0,0,0,0,0,0,0,0
O00264,1,2,5,1,0,2,0,2,1,1,1,1,0,0,2,5,0,0,0,2,0,0,1,0,1,0,0,0,2,0,2,0,0,0,0,0,3,0,0,3,1,0,0,0,0,0,0,0,0,2,1,2,0,2,2,0,1,7,1,1,2,2,1,1,2,1,0,0,1,0,0,1,1,0,0,1,0,1,2,1,0,2,0,0,2,0,2,2,1,4,0,0,2,0,0,0,0,0,2,1,1,0,0,2,0,1,3,1,1,1,5,0,1,1,0,0,0,0,0,0,0,0,0,0,0,0,0,1,0,0,0,0,0,1,1,0,2,0,2,0,0,0,0,0,0,0,0,2,0,0,0,0,0,0,1,2,0,0,0,0,0,0,0,0,0,1,1,0,1,0,1,0,0,0,0,0,0,0,0,1,0,0,1,0,1,0,0,0,0,0,0,0,0,0,0,0,2,1,1,1,1,0,0,1,2,1,0,1,3,0,2,1,0,0,0,0,0,0,0,0,0,0,0,0,2,2,0,0,1,0,0,0,1,0,0,0,0,0,0,0,0,0,0,0,0,2,1,1,0,1,1,0,2,0,0,0,1,1,1,0,3,1,0,0,2,0,1,1,0,1,1,1,0,1,3,0,0,1,1,0,2,0,3,0,2,4,0,0,0,0,0,0,0,0,0,0,0,0,0,0,0,1,0,1,0,0,0,0,0,0,0,0,0,0,0,0,0,0,0,0,0,0,0,0,0,0,0,0,0,0,0,0,0,0,0,0,0,0,0,0,0,0,0
P35232,7,5,3,1,5,4,0,3,2,5,0,3,3,0,1,2,0,2,1,0,0,0,1,1,1,3,0,0,1,1,1,1,1,4,0,5,2,1,1,0,1,0,0,0,0,0,0,0,0,2,4,2,1,2,1,0,6,6,1,3,3,3,0,2,3,2,1,0,1,0,1,1,4,0,1,0,0,3,3,1,1,1,1,0,2,1,1,1,3,2,0,0,0,0,0,0,0,0,2,3,1,1,0,2,0,2,4,2,4,0,2,0,0,3,0,0,0,0,0,3,0,0,0,0,0,0,0,1,1,0,0,0,1,1,1,0,0,0,1,0,0,0,0,0,0,0,0,5,1,0,2,0,0,0,0,3,0,0,0,1,0,3,3,0,0,0,0,0,1,1,0,0,0,1,0,1,1,2,0,0,0,0,1,0,0,0,0,0,0,0,0,0,0,0,0,0,2,2,0,0,1,1,0,0,3,1,0,2,1,0,2,1,0,0,2,1,0,2,0,1,1,0,0,0,0,1,0,1,0,0,0,2,1,1,0,0,1,0,0,0,0,0,0,1,0,7,1,1,1,1,2,0,1,4,0,0,2,0,0,1,2,1,0,0,1,0,1,0,0,1,0,0,0,1,0,1,1,0,0,0,2,1,2,0,0,0,0,0,0,0,0,0,0,0,0,0,0,0,0,0,0,0,0,0,0,0,0,0,0,0,0,0,0,0,0,0,0,0,0,0,0,0,0,0,0,0,0,0,0,0,1,0,0,0,0,0,0,0,0,0,0,0,0
J3KPX7,7,4,3,1,1,2,0,0,3,2,2,2,1,0,3,3,1,1,1,1,0,1,2,0,0,1,0,0,0,4,0,2,1,2,0,3,0,0,1,0,1,0,0,0,0,0,0,0,0,3,2,2,0,3,2,0,2,5,4,1,3,1,0,2,5,1,1,1,2,0,1,3,1,2,1,1,0,3,3,1,3,2,0,0,0,0,2,1,4,0,0,0,0,0,0,0,0,0,1,2,2,2,1,0,0,4,4,4,2,2,3,0,1,2,1,0,0,1,0,1,2,0,0,0,0,0,0,1,1,0,0,0,0,0,1,0,1,2,1,0,0,0,0,0,0,0,0,3,1,2,1,2,0,0,2,2,0,2,2,1,0,1,1,2,0,0,0,0,3,0,1,0,0,0,0,1,0,1,0,0,0,0,1,0,0,0,0,0,0,0,0,0,0,0,0,0,3,0,0,0,2,1,0,3,1,2,2,3,1,0,1,5,0,0,0,0,0,1,1,2,1,0,0,0,0,3,1,0,0,0,0,0,0,1,0,0,1,0,0,0,0,0,0,0,0,1,1,2,0,0,0,0,1,1,0,0,0,0,0,0,3,0,0,0,1,0,2,1,0,1,0,0,0,2,1,2,0,1,0,0,0,1,1,1,0,0,0,0,0,0,0,0,0,0,0,0,0,0,0,0,0,0,0,0,0,0,0,0,0,0,0,0,0,0,0,0,0,0,0,0,0,0,0,0,0,0,0,0,0,0,0,0,0,0,0,0,0,0,0,0,0,0,0
Q7RTV0,2,1,0,1,0,0,1,2,0,1,1,1,0,0,0,0,1,1,1,0,0,0,0,1,0,1,0,0,0,0,0,0,0,0,0,0,0,1,0,1,0,1,0,1,0,0,2,0,0,2,0,1,0,0,0,2,0,1,0,0,0,2,0,0,0,0,0,0,0,2,1,0,0,1,0,0,0,3,1,0,0,0,0,0,0,1,1,0,0,0,0,1,0,0,0,0,0,0,1,1,1,0,0,1,0,0,1,0,0,0,0,0,3,0,0,0,0,1,0,0,0,0,0,0,0,1,0,0,1,0,1,0,0,0,0,0,0,0,0,1,0,1,0,0,0,1,0,0,1,0,0,0,0,0,0,0,1,0,0,0,0,0,0,1,0,0,0,0,0,0,0,0,1,0,0,1,0,0,0,1,0,0,0,0,0,0,0,0,0,0,0,0,0,0,1,0,0,2,2,1,0,1,0,1,0,0,0,0,0,1,0,0,1,0,0,0,0,0,0,0,0,0,0,0,0,1,0,0,2,1,1,0,0,1,1,1,0,1,0,1,1,0,0,0,0,0,0,0,0,0,0,0,0,0,0,1,0,0,0,1,1,0,0,1,0,0,0,1,0,0,0,0,0,0,0,0,0,0,2,1,0,0,0,0,0,0,1,0,3,0,0,1,0,0,0,0,0,0,0,1,0,2,1,0,0,3,0,0,0,0,1,0,0,0,0,0,0,0,0,0,0,0,2,0,0,0,0,1,0,0,0,0,0,1,1,0,0,0,0,0,0,0,0
O43175,9,8,3,7,4,6,1,11,7,10,4,1,2,1,5,4,2,1,1,1,0,5,10,2,2,2,3,0,4,2,2,0,3,1,0,4,5,2,1,5,1,1,0,0,1,2,1,0,0,12,5,4,5,4,6,0,9,9,3,3,3,5,1,6,4,5,6,3,1,0,3,5,0,2,1,0,0,3,1,1,0,2,1,0,3,1,3,0,1,4,1,0,0,2,1,0,1,0,5,6,4,6,2,2,1,7,7,4,1,1,1,1,5,5,2,2,0,0,0,3,2,5,0,0,1,0,3,1,2,0,0,0,0,2,0,1,0,0,0,0,0,0,0,0,0,0,0,5,4,2,2,1,3,0,7,3,3,1,2,3,1,1,2,2,0,2,1,0,1,0,1,0,2,0,0,2,1,1,1,0,1,0,3,0,0,2,0,0,0,0,0,0,0,0,0,0,3,5,1,2,1,1,1,1,5,2,1,0,0,0,5,2,2,2,0,0,0,1,0,0,0,0,0,0,0,2,1,0,1,1,2,2,0,0,1,1,0,0,0,0,0,1,0,0,1,4,8,1,2,0,1,1,1,1,3,0,1,1,0,4,2,1,0,0,0,0,0,3,0,0,1,1,0,2,2,3,0,1,0,0,2,1,1,0,1,0,0,0,1,0,0,0,1,0,0,0,0,0,0,0,0,0,1,0,0,0,1,0,0,3,0,0,0,0,0,4,0,0,0,0,0,0,0,0,1,0,0,0,0,1,0,0,1,0,0,0,0,1,0,0,0,0,0
Q92643,1,3,2,5,1,0,0,4,4,3,2,2,2,0,7,5,2,0,3,1,0,2,3,1,1,2,1,1,0,1,1,0,1,0,0,2,0,1,0,0,1,0,0,1,0,0,0,0,0,2,4,7,3,1,1,0,7,9,0,6,3,6,0,0,2,4,1,1,3,0,2,3,4,2,1,3,1,1,4,2,1,2,2,0,1,3,5,2,1,2,0,1,0,0,0,0,0,0,4,6,1,1,0,1,1,3,6,4,2,2,3,0,3,4,3,0,3,1,1,2,1,2,0,2,2,0,0,5,2,1,1,2,0,1,2,3,2,0,2,0,1,0,0,0,0,0,0,4,1,2,0,0,0,0,1,3,1,1,3,2,0,2,3,1,4,2,1,0,0,2,3,1,0,1,0,0,3,1,1,0,0,0,3,1,0,0,1,2,0,1,0,1,0,0,0,0,0,0,3,0,0,0,0,1,5,2,2,2,1,1,1,1,2,2,1,1,0,1,1,1,2,0,0,0,2,0,1,1,1,0,0,0,0,2,0,0,2,0,0,0,0,0,0,0,0,1,2,3,1,1,2,0,2,3,0,3,0,0,0,1,5,3,2,1,2,0,0,1,2,1,0,0,0,0,1,1,1,0,0,0,3,2,3,0,1,0,0,0,0,0,0,0,0,0,0,1,1,1,0,0,0,0,0,1,0,0,0,0,0,0,0,0,0,1,0,0,0,0,0,0,0,0,0,0,0,0,0,0,0,0,0,0,0,0,0,0,0,0,0,0,0,0,0
Q8TEQ8,23,20,18,5,6,3,1,23,34,10,5,6,2,0,17,12,11,2,3,4,0,7,7,10,6,2,4,0,5,6,4,3,1,0,0,5,6,0,3,1,1,0,2,0,0,1,0,0,0,21,24,15,13,4,5,1,37,57,18,14,5,7,5,10,12,7,4,2,3,0,6,9,7,8,4,2,0,7,8,5,3,2,2,0,4,6,1,2,4,3,0,2,2,2,0,1,0,0,14,19,6,7,4,3,0,8,21,3,6,6,1,0,10,11,5,4,0,0,0,1,5,2,2,1,0,2,1,3,3,0,1,1,0,2,4,3,1,0,3,1,0,1,1,0,0,0,0,4,7,4,1,1,2,1,8,12,3,7,1,4,0,9,2,5,2,2,5,1,3,10,3,1,2,0,0,2,3,1,1,2,0,0,5,2,1,0,0,1,0,2,0,1,0,0,0,0,4,4,1,5,3,2,0,7,8,2,3,3,2,0,4,6,0,0,2,1,1,2,4,3,1,0,0,0,2,3,1,0,1,0,0,2,1,0,0,0,0,0,0,0,0,0,0,0,0,7,4,5,4,1,1,0,0,7,2,1,6,4,2,0,2,1,1,0,1,0,1,0,2,1,0,2,1,2,2,0,1,0,0,0,4,3,0,1,0,3,0,0,1,0,0,0,0,0,3,2,0,1,0,0,0,0,4,0,0,0,0,0,3,0,1,0,0,0,0,0,0,0,0,0,1,0,0,0,0,1,0,0,0,0,0,0,0,0,0,0,0,0,0,0,0,0,0
Q96S52,15,6,6,2,2,5,0,9,6,6,4,3,3,0,7,9,3,1,4,3,0,2,4,3,0,1,1,0,4,0,2,1,2,0,0,3,2,3,3,2,3,0,0,0,0,0,0,0,0,7,8,8,4,2,5,0,7,16,8,8,5,1,1,5,8,7,3,0,0,0,7,7,4,0,0,2,0,2,3,2,1,3,2,1,0,3,2,2,1,2,0,0,0,0,0,1,0,0,6,6,6,2,3,4,0,8,9,5,2,2,2,0,5,6,7,1,3,2,0,1,1,1,0,1,1,0,1,3,2,2,3,1,0,4,3,1,1,1,0,0,0,0,0,0,0,0,0,5,5,3,0,0,0,0,6,7,1,1,1,1,0,5,2,3,0,2,2,0,0,1,0,0,0,0,0,0,1,0,0,0,1,0,2,1,1,1,0,2,0,0,0,0,0,0,0,0,3,4,1,1,1,0,0,2,3,1,3,1,1,0,2,1,1,0,2,3,0,1,1,2,1,0,1,0,3,1,2,1,1,1,0,1,2,0,3,0,1,0,0,0,0,0,1,0,0,0,2,4,2,1,2,0,2,5,2,2,2,2,0,3,2,3,0,1,0,0,2,3,4,0,0,2,0,0,1,1,1,0,2,0,1,4,1,1,1,1,0,0,0,0,0,0,0,0,0,0,0,0,0,0,0,0,0,0,0,0,0,0,0,0,0,0,0,0,0,0,0,0,0,0,0,0,0,2,0,0,0,0,0,0,0,0,0,0,0,0,0,0,0,0,0,0,0
Q99570,11,11,11,1,6,4,1,15,15,10,10,7,12,1,8,11,8,6,4,5,0,4,5,6,2,5,7,2,7,6,3,7,3,3,0,5,4,5,4,3,3,0,2,3,0,0,0,0,0,9,21,9,12,5,6,3,19,19,19,13,12,8,2,10,11,10,10,6,6,2,10,11,7,6,4,4,4,4,9,10,4,7,6,1,9,7,10,12,7,4,0,0,1,1,1,0,1,0,7,16,5,7,5,8,0,10,22,9,7,8,6,0,10,18,14,3,4,5,0,3,12,4,2,3,3,0,3,9,3,5,1,2,1,3,7,4,7,1,2,1,0,0,4,0,0,0,0,9,6,7,6,4,1,1,5,13,5,8,6,10,1,3,7,9,4,1,2,1,7,9,3,1,1,1,0,8,6,4,1,3,1,0,4,3,6,2,3,4,0,1,2,1,3,0,0,0,5,9,4,1,6,1,0,9,8,7,4,5,6,0,4,3,9,2,3,4,0,4,4,3,6,4,3,0,1,5,2,3,2,5,0,2,7,4,1,0,3,0,0,0,2,0,0,0,0,3,7,6,4,3,3,0,6,14,4,2,2,7,0,11,10,2,2,4,3,0,6,7,3,3,6,3,1,3,4,3,3,2,0,0,3,6,3,3,1,3,0,0,0,1,0,0,0,0,1,0,1,0,0,1,0,1,1,1,2,1,0,0,2,2,2,0,2,0,1,0,0,1,2,0,1,0,0,0,0,0,0,0,0,0,1,0,0,0,0,0,0,0,0,0,0,0,0
O43164,3,7,4,1,2,3,0,7,6,7,1,2,5,1,4,3,8,3,3,7,1,1,0,1,3,2,2,0,2,1,1,0,0,0,0,8,8,4,4,2,5,1,2,1,1,0,0,0,0,2,4,9,1,1,9,1,3,3,8,4,1,6,1,3,4,4,5,1,9,1,5,4,2,2,1,1,0,1,2,0,2,1,1,0,2,5,6,5,1,5,0,0,0,1,0,0,0,1,3,3,9,3,0,3,2,6,6,1,2,1,1,0,6,5,6,7,2,8,1,2,2,3,7,1,8,0,1,0,1,3,1,2,0,4,3,7,6,3,7,0,1,2,0,0,0,2,1,3,9,2,0,0,3,0,2,3,4,4,0,3,0,1,2,7,3,1,1,0,4,3,0,6,2,3,1,3,0,2,2,2,2,0,6,3,4,2,2,4,0,0,1,0,0,0,0,0,2,3,3,0,1,4,0,1,1,2,1,1,0,0,2,0,3,0,0,0,0,1,5,1,0,2,1,0,3,0,0,0,0,0,1,0,1,3,3,1,1,0,1,0,0,0,0,0,0,5,2,2,3,0,10,1,7,5,5,2,0,9,0,6,2,8,5,1,5,3,4,1,8,1,3,5,0,3,2,1,3,0,4,0,3,8,5,1,4,3,1,0,0,0,1,1,0,0,2,1,0,1,0,0,0,0,2,0,1,2,0,0,1,1,0,0,0,0,0,0,1,0,0,0,1,0,0,1,0,0,0,0,0,0,0,1,1,0,0,0,0,1,0,1,0,0,0
Q58EX7,10,19,5,7,3,7,1,16,15,12,7,4,15,0,8,13,6,2,8,6,1,7,8,7,5,6,3,2,5,3,3,5,2,2,0,6,11,5,3,7,4,1,2,4,1,0,0,0,1,16,14,15,10,5,12,2,15,13,13,11,10,8,2,11,10,6,8,3,8,1,16,12,7,3,3,2,1,2,7,2,6,4,6,0,9,7,7,7,6,6,0,0,1,0,1,1,1,0,8,12,9,5,4,2,2,17,12,7,6,0,9,2,9,6,6,0,0,3,1,8,2,3,2,0,1,0,4,4,1,2,2,1,0,6,7,2,2,3,3,0,2,0,1,0,0,1,0,6,11,4,7,4,8,2,8,11,5,8,3,3,0,5,9,3,3,1,2,0,1,7,2,0,1,0,2,3,6,3,1,0,2,1,1,5,2,1,1,0,0,1,1,1,4,2,0,0,3,3,5,4,1,4,0,8,12,4,6,3,2,0,2,6,1,1,1,1,1,5,3,0,2,3,2,1,1,4,2,0,3,0,1,2,3,4,2,1,0,0,1,0,0,0,1,1,0,6,9,6,4,2,3,0,10,6,5,6,6,4,0,6,8,2,2,1,3,0,5,4,3,0,3,2,2,4,9,2,1,0,1,1,5,4,1,3,0,3,0,1,0,0,0,0,0,0,3,1,0,1,1,1,0,0,3,1,0,1,1,0,1,1,1,0,0,0,0,0,2,1,1,0,0,1,1,2,0,1,0,0,0,1,0,2,1,0,0,0,0,0,0,0,0,1,0
Q9H307,6,4,4,1,2,2,0,4,5,2,1,2,5,1,1,4,6,0,2,5,0,1,2,1,2,3,3,0,5,0,4,3,2,2,0,0,3,6,4,0,4,0,0,0,0,0,0,0,0,2,6,3,2,1,2,0,3,2,2,3,6,3,0,2,4,0,0,4,1,0,4,6,5,0,0,3,0,5,1,2,3,4,0,0,4,5,4,1,7,2,0,0,0,1,0,0,0,0,4,1,4,2,2,3,0,3,3,2,1,2,2,0,5,0,35,2,5,4,0,1,4,1,1,3,0,0,3,2,15,3,6,2,1,2,4,4,4,8,3,0,0,0,0,0,0,0,0,2,2,2,1,1,1,0,3,2,3,7,1,2,0,2,1,0,4,2,3,0,2,0,0,2,1,4,0,6,2,1,2,4,3,0,5,2,1,4,3,4,0,0,0,0,0,0,0,0,3,3,3,3,7,7,0,0,2,2,1,2,1,0,3,0,9,1,13,4,0,1,2,4,1,6,4,0,3,3,2,4,5,11,0,3,4,6,1,6,6,0,0,0,0,0,0,1,0,2,4,3,3,3,2,0,3,5,0,5,2,10,0,3,4,1,3,5,8,0,0,4,1,3,5,5,0,4,0,6,3,6,8,0,3,7,3,4,2,9,0,0,0,0,0,0,0,0,0,0,0,0,0,0,0,0,0,0,0,0,0,0,0,0,0,0,1,0,0,0,0,0,0,0,0,0,0,0,0,0,0,0,0,0,0,0,0,1,0,0,0,0,0,0,0,0,0
Q96HA1,25,30,14,2,4,1,1,29,26,28,6,10,1,1,21,11,26,9,3,4,0,3,6,2,6,2,0,0,3,3,2,1,7,1,0,1,3,2,0,2,0,0,1,1,0,0,0,1,0,23,31,25,7,3,3,0,22,29,32,9,7,2,0,13,37,29,5,9,2,1,5,7,6,1,0,4,0,5,3,5,2,6,2,0,2,5,0,1,1,2,0,0,1,1,0,0,0,0,18,26,24,5,3,0,1,25,27,21,4,3,1,0,32,23,46,8,2,2,0,5,4,11,4,3,0,0,2,6,5,0,5,1,0,2,3,4,1,2,0,0,1,0,0,0,0,0,0,4,4,4,2,2,3,0,6,6,5,4,2,0,0,5,6,5,3,2,1,0,3,3,1,0,2,0,2,3,3,1,0,4,0,0,1,1,0,1,0,2,0,1,1,0,0,0,0,0,2,9,3,1,3,1,1,5,6,8,0,1,3,0,4,4,3,2,1,3,0,1,3,2,0,3,1,0,5,4,3,7,9,4,0,3,3,1,0,3,1,0,0,0,0,0,0,0,0,5,1,2,2,1,0,0,5,6,2,0,0,2,1,2,0,4,0,2,0,0,2,0,0,0,1,0,0,2,4,1,0,0,3,0,2,1,1,0,1,3,0,0,0,0,0,0,0,0,0,0,2,0,1,0,0,0,1,0,0,0,2,0,0,0,1,0,0,0,0,0,0,0,0,0,0,0,0,0,0,0,0,0,0,0,0,0,0,1,0,0,0,0,0,0,0,0,0
Q9UNP9,3,1,2,3,0,2,0,6,4,0,1,3,1,0,1,3,2,2,0,1,0,1,2,1,1,1,0,1,0,3,0,2,2,2,0,1,3,2,1,2,3,0,0,0,0,0,0,1,0,5,3,2,0,5,2,0,3,6,1,3,1,3,0,0,0,1,1,3,0,0,1,2,2,0,1,4,0,3,1,2,2,2,0,0,4,1,4,0,0,0,0,0,0,0,0,1,0,0,0,0,1,4,1,3,0,2,2,1,1,2,2,0,4,2,0,0,0,0,0,2,2,0,0,1,1,0,4,1,0,0,0,1,0,2,1,1,1,0,0,0,0,1,0,0,0,0,0,0,2,1,0,1,1,0,2,1,1,1,1,1,0,1,1,0,2,1,1,1,0,0,1,1,0,0,0,1,3,0,0,0,1,0,1,1,1,0,0,3,0,0,0,1,0,0,0,0,2,3,2,0,1,2,0,2,3,1,2,2,1,0,1,1,2,0,0,0,0,1,1,0,0,2,1,0,2,1,1,0,0,0,0,0,0,1,1,0,1,1,0,0,0,0,0,0,0,1,6,1,0,1,2,1,2,1,1,2,1,1,0,2,1,1,1,2,3,0,0,0,3,0,0,0,0,0,1,1,1,0,0,0,3,2,1,0,1,3,0,0,0,1,0,0,0,0,0,0,0,0,0,0,0,0,0,0,0,0,0,1,0,2,0,0,0,0,0,0,0,0,0,0,0,0,0,1,0,0,0,0,0,1,0,0,0,0,0,0,0,0,0,0,0,0,0
P49593,8,7,5,4,1,8,0,7,8,4,2,0,4,0,6,4,2,1,1,0,0,4,3,3,3,2,0,0,1,1,2,3,2,3,0,7,6,0,3,1,1,1,1,0,0,0,0,0,0,8,3,3,4,5,4,1,10,4,7,2,1,5,0,6,1,2,3,0,3,0,1,1,2,2,1,1,0,2,0,0,3,1,1,0,3,2,5,3,1,2,0,0,0,0,0,0,0,0,4,6,5,3,3,0,0,3,3,1,2,2,1,0,1,1,1,0,1,0,0,4,2,1,0,1,1,0,1,1,0,1,2,0,0,1,2,0,0,0,2,0,0,0,0,0,0,0,0,4,5,0,2,1,2,0,3,5,3,0,2,3,0,4,1,0,2,0,2,0,3,2,0,1,2,0,0,1,1,1,2,1,2,0,0,0,1,1,0,0,0,0,0,0,0,0,1,0,5,0,0,0,2,1,0,4,4,0,0,0,1,0,3,1,0,1,0,0,0,1,5,1,1,0,0,1,2,3,2,0,1,0,0,0,1,0,0,2,3,0,0,0,0,0,0,0,0,3,3,1,2,0,4,0,1,5,0,2,2,2,0,1,4,0,2,2,0,0,1,3,2,1,2,0,0,1,3,0,0,1,0,0,2,1,2,2,1,11,0,1,0,0,0,0,0,0,1,1,0,0,0,0,0,0,0,0,0,0,0,0,0,0,0,0,0,0,0,0,0,0,0,0,0,0,0,0,0,0,0,0,0,0,0,1,0,0,0,0,0,0,0,0,0,0,0
P62136,2,3,1,3,1,1,0,1,5,1,2,2,0,0,0,3,1,1,1,2,0,3,1,0,1,1,2,1,1,2,0,1,0,2,1,1,2,1,0,1,1,0,0,1,1,0,0,1,0,3,0,3,1,1,2,0,3,9,4,3,5,5,2,3,3,0,2,2,3,1,2,3,2,0,1,2,0,3,4,3,1,1,2,0,2,3,3,2,1,0,1,0,2,0,1,0,1,0,2,2,0,1,0,1,1,2,3,3,2,3,0,0,1,0,1,2,0,0,0,1,3,1,0,2,0,0,1,2,0,1,1,0,0,1,4,1,0,0,1,0,0,0,1,0,0,0,0,0,0,1,3,2,2,0,2,2,2,0,2,2,1,0,1,0,0,1,1,0,2,0,0,0,0,0,0,2,1,0,1,1,1,0,1,3,2,0,0,0,0,0,0,0,0,0,0,1,2,3,1,0,3,0,0,0,5,0,2,1,1,1,2,1,0,0,1,0,0,0,3,0,0,1,0,0,2,1,0,0,1,0,1,2,1,1,1,0,1,0,0,1,0,0,0,1,0,2,3,2,1,0,0,2,1,4,3,1,0,4,0,1,4,3,1,0,1,0,0,0,0,1,1,2,0,0,0,1,0,0,1,0,3,0,1,0,0,0,0,0,1,0,0,0,0,0,0,0,0,0,0,0,0,1,3,1,0,1,0,0,0,1,0,1,0,0,0,0,1,0,0,0,0,0,0,0,0,0,0,0,0,0,0,1,1,0,1,0,0,1,0,0,0,0,0
P62140,1,2,2,3,1,1,0,1,4,1,1,3,0,0,0,2,1,2,1,3,0,2,2,0,1,0,1,1,2,1,0,0,1,2,1,3,3,2,0,1,1,0,0,1,1,0,0,1,0,4,0,3,0,1,2,0,3,9,4,4,4,5,2,4,2,0,2,2,3,1,1,2,1,0,1,2,0,2,4,4,1,2,1,1,3,3,3,1,1,0,1,0,2,0,1,0,1,0,3,3,0,0,0,1,1,2,3,3,0,4,0,0,1,0,1,3,0,0,0,3,4,1,0,1,0,0,1,3,0,1,0,0,0,2,3,0,0,0,1,0,0,0,1,0,0,0,0,0,1,1,2,2,2,0,2,2,2,0,2,3,1,0,1,0,0,1,0,0,2,0,0,0,0,0,0,1,0,0,1,1,0,0,1,2,1,0,0,0,0,0,0,0,0,0,0,1,0,2,1,0,2,2,0,0,6,0,2,1,0,1,2,2,0,0,1,0,0,0,3,0,0,0,0,0,1,2,0,0,2,1,1,1,1,1,1,0,1,0,1,1,0,0,0,1,0,2,2,3,2,0,2,2,1,4,3,0,0,4,0,1,4,3,1,0,0,0,0,0,0,1,1,1,0,0,0,1,0,0,1,0,3,0,1,0,0,0,0,0,1,0,0,0,0,0,0,0,0,0,1,0,0,1,3,1,0,1,0,0,0,1,0,1,0,0,0,0,1,0,0,0,0,0,0,0,0,0,0,0,0,0,0,1,1,0,1,0,0,1,0,0,0,0,0
P36873,2,2,1,3,1,1,0,2,4,1,1,3,0,0,0,2,1,0,0,2,0,1,2,0,1,2,2,1,1,3,0,0,0,2,1,1,2,1,0,1,1,0,0,1,1,0,0,1,0,3,0,2,1,1,3,0,3,9,4,3,4,5,2,5,2,0,2,2,3,1,1,2,2,0,1,2,0,1,4,4,2,2,2,0,3,3,3,2,1,0,1,0,2,0,1,0,1,0,2,3,0,1,2,1,1,2,2,4,0,3,0,0,1,0,1,2,0,0,0,1,3,1,0,1,0,0,0,2,0,1,1,0,0,1,4,0,0,0,1,0,0,0,1,0,0,0,0,0,1,0,2,2,0,0,1,3,2,1,3,2,1,0,1,0,0,1,1,0,2,0,0,0,0,0,0,2,0,1,1,1,0,0,1,3,1,1,0,0,0,0,0,0,0,0,0,1,1,2,0,1,1,1,0,0,5,0,2,1,1,1,3,2,0,0,1,0,0,0,4,0,0,0,0,0,2,1,0,0,2,1,1,2,2,0,1,0,1,0,0,1,0,0,0,1,0,2,3,3,1,0,0,2,1,4,3,1,0,5,0,1,3,2,1,0,0,0,0,1,0,1,1,2,0,0,0,1,0,0,1,0,3,0,1,0,0,0,0,0,1,0,0,0,0,0,0,0,0,0,0,0,0,1,3,1,0,1,0,0,0,1,0,1,0,0,0,0,1,0,0,0,0,0,0,0,0,0,0,0,0,0,0,1,1,0,1,0,0,1,0,0,0,0,0
O14974,11,5,11,12,2,3,0,2,10,5,1,5,2,0,4,7,14,3,5,4,0,5,5,3,2,4,3,0,1,3,3,2,2,2,0,2,2,6,5,4,6,0,0,0,1,0,0,0,0,8,1,5,0,3,3,0,2,5,11,3,6,5,0,6,4,12,2,7,6,1,5,1,2,3,1,3,0,2,4,8,4,6,3,1,4,5,6,0,0,6,0,1,0,0,0,0,0,0,11,7,12,2,3,3,1,8,3,10,0,8,2,0,15,12,44,3,7,8,2,5,5,3,2,2,0,0,4,3,6,6,5,5,0,4,3,10,2,8,8,1,1,0,2,0,0,0,0,6,1,6,1,1,5,0,3,6,1,5,3,3,0,5,0,6,2,1,3,0,1,3,0,1,2,3,0,4,1,2,2,7,3,0,4,3,2,4,3,3,0,0,0,0,0,0,0,0,3,4,1,3,2,5,0,3,3,6,3,3,5,0,5,4,7,1,6,2,0,3,4,8,1,4,2,0,4,6,2,4,4,12,0,4,4,4,5,12,9,0,1,0,0,0,0,0,0,4,7,2,3,2,5,0,2,5,5,2,3,4,1,3,4,7,6,2,13,0,1,3,1,1,6,8,0,3,6,4,4,8,13,0,5,5,7,4,11,17,0,0,1,0,0,0,0,0,1,0,0,1,0,1,0,0,0,0,1,0,0,0,1,0,1,0,1,0,0,0,0,0,0,0,0,0,0,0,0,0,0,0,0,0,0,0,0,0,0,0,0,0,0,0,0,0,0
O60237,6,2,5,10,3,4,0,5,5,5,3,3,4,1,5,6,10,3,4,5,0,3,6,2,4,4,3,0,4,2,3,2,7,3,0,5,3,7,4,4,10,0,0,1,1,0,0,0,0,4,5,9,1,3,7,1,5,3,6,3,5,5,0,8,4,9,7,4,4,1,3,2,2,2,2,6,0,4,2,6,9,7,3,0,5,2,7,3,2,3,0,1,0,0,0,1,0,0,7,4,6,1,6,3,1,8,2,15,1,10,1,0,6,10,18,3,8,6,1,5,8,2,4,1,2,0,5,5,3,2,5,5,0,5,5,10,2,6,5,1,2,0,0,0,0,0,0,4,5,2,3,2,4,0,3,8,3,4,3,4,0,2,1,4,2,2,2,0,6,2,2,1,2,3,0,4,2,3,1,3,3,0,4,4,4,3,2,5,0,0,1,0,0,0,0,0,4,3,6,4,3,8,0,4,3,6,2,4,4,0,1,6,4,5,5,4,0,0,4,4,3,4,5,1,5,5,6,1,3,8,0,6,4,5,2,9,1,0,0,0,0,0,0,0,0,4,7,6,2,4,6,0,4,4,2,4,6,4,1,5,10,7,2,2,13,0,3,3,1,2,3,3,0,6,6,3,6,3,5,0,4,7,6,1,6,12,0,0,1,0,0,0,0,0,1,0,0,1,0,1,0,1,2,0,0,0,0,0,1,0,0,0,0,0,0,0,0,0,0,0,0,0,0,1,0,0,0,0,0,0,0,0,0,0,0,0,0,0,0,0,0,0,0
O00743,2,1,2,1,3,0,0,0,2,1,3,1,4,0,3,3,0,1,3,1,0,4,1,3,0,0,0,0,1,4,1,1,0,2,1,0,0,0,1,1,1,0,1,1,0,0,1,0,0,4,1,4,2,2,0,0,3,2,5,2,2,3,0,1,5,4,1,3,2,0,5,0,0,2,2,2,0,1,2,1,0,1,2,0,3,2,2,3,1,0,3,0,0,0,0,0,0,0,0,4,0,1,2,1,0,3,1,4,2,2,0,0,2,1,2,0,1,0,0,3,1,1,0,0,0,1,0,4,1,1,0,1,1,1,4,0,1,0,1,1,0,0,2,0,0,0,0,2,3,2,4,2,1,2,1,1,0,1,0,1,0,1,1,0,0,0,3,0,2,1,0,0,1,0,0,1,0,1,0,0,1,0,0,2,0,0,0,1,0,0,0,0,0,0,1,0,1,1,0,0,1,0,0,2,4,1,2,0,3,0,1,0,0,2,0,1,2,1,1,0,0,0,0,0,0,1,0,0,0,0,0,1,3,1,0,0,1,0,0,2,0,0,0,0,0,0,1,2,0,0,1,1,3,4,5,1,0,2,0,0,2,0,1,0,1,0,1,0,1,2,0,1,0,0,1,1,0,0,0,0,0,4,1,0,0,0,0,1,3,0,0,0,0,0,0,0,2,0,0,0,0,1,2,0,0,2,1,0,0,0,0,1,1,0,0,0,0,0,0,0,0,0,0,0,1,0,0,0,0,0,0,0,0,0,1,0,0,0,0,0,0,0,0
Q5H9R7,2,3,4,3,0,5,1,5,5,3,5,5,6,2,2,3,6,4,3,8,1,3,2,5,1,2,1,0,0,2,1,0,0,3,1,3,6,5,2,1,7,0,0,0,0,0,1,0,0,6,4,7,3,2,4,0,4,12,11,10,6,16,1,9,8,7,5,1,6,0,7,6,3,4,3,4,2,3,3,3,2,3,6,0,7,9,8,4,2,6,2,0,2,1,1,0,2,0,5,9,3,5,2,3,0,6,10,7,5,4,7,0,6,8,10,7,3,7,1,4,8,6,3,2,2,0,1,4,2,2,2,1,0,4,5,7,8,4,2,0,1,1,0,0,0,0,0,2,5,8,0,1,3,0,5,11,7,3,2,4,0,3,3,7,6,1,4,0,2,5,2,1,0,0,0,1,3,0,0,4,5,0,2,5,2,0,1,0,0,0,0,1,0,1,0,0,2,1,0,0,1,4,0,4,8,2,1,1,1,0,2,6,1,1,1,1,0,1,4,2,1,0,1,0,1,2,2,3,1,1,0,0,4,2,2,3,6,0,1,0,0,0,0,1,1,0,8,4,3,1,4,0,2,14,5,5,2,2,3,5,9,10,2,3,4,0,1,7,6,0,6,2,0,1,3,4,1,0,1,2,3,4,9,5,1,10,0,0,1,1,0,0,0,0,1,0,1,0,0,1,0,0,0,2,0,0,2,0,0,2,1,0,0,0,0,1,0,0,0,0,0,0,1,0,0,1,0,0,0,1,0,0,1,0,1,0,1,0,0,0,0,0,0
Q9HCU5,9,5,4,2,3,2,2,6,7,1,3,2,1,0,7,5,2,1,2,2,0,2,4,1,1,1,2,0,2,3,2,3,2,3,0,0,2,2,5,1,0,0,0,1,1,0,1,0,0,5,6,6,4,5,1,0,7,14,4,7,1,4,0,3,4,1,1,0,0,1,3,2,3,0,1,3,2,2,2,0,0,1,0,1,3,5,2,0,1,1,0,1,0,1,1,0,0,0,4,6,4,0,2,3,0,4,4,3,0,1,3,1,1,4,1,0,0,0,0,1,2,0,0,0,1,0,1,1,2,0,1,0,0,2,0,2,2,0,0,0,0,1,0,0,0,0,0,3,2,3,2,2,2,1,1,6,1,3,1,0,1,3,0,1,1,1,1,0,2,2,1,3,0,0,0,0,3,0,0,0,0,0,1,1,0,2,2,0,0,0,0,0,1,1,0,0,2,0,3,1,1,1,0,3,2,0,0,1,3,0,1,3,0,0,1,2,0,2,2,0,1,1,0,0,1,0,1,2,1,1,0,2,2,0,0,0,0,0,1,0,0,0,0,0,0,3,1,0,1,2,1,0,6,1,1,1,0,1,1,3,0,1,1,0,1,0,4,0,2,3,0,0,0,2,0,1,1,0,0,0,0,1,0,0,0,0,0,0,0,0,0,0,0,0,1,0,0,1,0,0,0,0,2,0,0,0,0,0,1,0,0,0,1,0,0,1,1,0,0,0,0,0,0,0,1,0,1,0,0,0,0,0,0,0,0,0,0,0,0,0,0,0,0
P78527,31,35,33,13,16,11,3,40,52,32,19,23,24,4,20,29,21,16,11,15,3,14,21,18,10,11,8,0,12,21,7,14,8,11,3,14,26,12,10,7,12,2,2,2,2,5,1,1,1,42,50,30,21,30,32,5,54,58,52,38,39,45,5,33,43,46,26,25,18,3,16,26,21,20,23,17,2,14,33,28,9,18,12,4,27,33,24,18,29,17,4,5,5,5,2,4,1,0,19,29,21,21,13,8,1,30,54,31,32,22,26,6,17,43,33,31,17,12,2,11,35,21,8,10,15,1,12,26,16,8,8,13,1,9,23,15,8,11,9,2,2,3,2,1,2,5,0,20,19,9,2,4,12,3,26,38,19,10,12,22,2,19,30,12,8,9,10,3,5,18,7,9,8,7,2,11,19,13,7,4,10,4,13,14,10,5,11,7,1,0,4,1,0,0,1,0,12,25,10,7,8,9,2,31,42,22,14,12,22,2,8,28,16,10,13,10,2,11,13,8,4,7,9,1,10,23,3,5,13,5,0,13,15,10,4,5,10,1,1,5,4,1,2,2,1,14,32,11,17,4,10,0,23,42,33,11,7,8,3,11,25,23,7,8,11,2,11,15,13,3,6,5,0,10,23,19,8,7,5,4,10,14,14,6,10,8,1,2,5,1,0,1,1,1,4,4,2,1,1,1,0,6,5,5,1,3,5,0,4,3,4,2,1,1,0,1,1,3,2,3,0,0,4,0,1,2,1,2,0,2,2,2,2,3,0,0,1,1,0,1,0,0,0
P25786,1,6,2,1,0,1,0,2,4,3,3,2,3,0,3,3,0,1,1,2,0,0,2,1,0,3,0,0,0,1,0,0,2,1,1,1,1,1,1,0,1,0,0,0,0,0,0,0,0,5,3,1,1,1,1,0,1,3,3,2,3,0,0,3,2,2,2,0,1,0,2,1,1,2,0,0,2,2,0,2,0,2,2,0,0,1,2,2,1,2,0,0,0,1,0,0,1,0,1,3,2,2,1,2,0,2,1,1,1,1,4,1,1,1,0,1,1,0,0,3,1,1,1,1,0,0,2,1,2,1,0,0,0,0,2,0,0,1,1,0,0,0,0,0,0,0,0,1,1,2,0,2,0,0,1,2,1,1,2,0,0,0,1,0,0,3,0,0,1,1,0,0,1,1,0,2,1,2,0,0,1,0,2,0,2,0,0,0,0,0,1,0,0,0,1,0,3,1,2,1,0,1,0,4,0,1,0,0,0,0,2,1,1,0,1,1,0,0,1,1,1,0,0,0,1,1,0,2,0,0,0,1,2,0,0,0,1,0,0,0,0,0,0,1,0,0,3,1,1,1,0,0,2,1,2,1,0,1,1,2,3,1,2,0,0,0,0,1,0,0,1,2,0,1,1,0,0,0,0,0,2,1,2,0,0,2,0,0,0,0,0,0,0,0,0,0,0,0,0,0,0,0,1,0,0,0,0,0,0,0,0,1,0,0,0,0,0,0,0,0,0,0,0,0,0,0,0,0,0,0,1,1,1,0,0,0,0,0,0,0,0,0,0
P25787,7,3,3,1,2,2,0,5,1,3,2,2,0,0,4,4,1,3,1,1,0,2,0,0,0,0,0,0,0,1,1,4,0,1,0,0,2,1,2,0,1,0,0,1,0,0,0,0,0,6,1,3,0,1,1,0,1,2,4,0,1,2,0,2,5,3,0,2,2,0,2,0,0,0,1,1,0,3,0,0,0,2,0,0,1,1,1,1,0,1,0,0,0,0,0,0,0,0,3,3,3,0,2,0,0,1,4,5,0,2,1,0,2,1,0,2,0,1,0,1,2,1,1,1,0,0,1,0,0,1,1,1,0,0,2,0,1,2,0,0,0,0,0,0,0,0,0,1,5,3,0,0,1,1,1,1,0,0,0,0,0,2,0,1,0,1,0,0,2,0,0,0,0,0,0,1,0,1,0,1,0,0,0,0,0,0,0,1,0,0,1,0,0,0,0,0,1,0,2,1,1,2,0,2,0,1,0,0,0,0,0,1,0,0,0,1,0,4,0,0,0,1,0,0,1,1,0,0,0,2,0,1,1,1,0,0,1,0,0,0,0,0,0,0,0,0,0,1,0,1,0,0,1,1,1,2,0,2,0,1,2,1,1,0,0,0,0,0,3,1,0,0,1,1,1,0,0,0,0,0,0,1,2,1,0,0,0,0,0,0,0,0,0,0,0,0,0,0,0,0,0,1,1,0,0,0,0,0,0,0,0,0,0,0,0,0,0,0,0,0,0,0,0,0,0,0,0,0,0,0,0,0,0,0,0,0,0,0,0,0,0,0,0
P25788,3,1,3,3,2,3,0,3,2,4,2,1,3,0,2,2,5,0,1,1,0,1,2,3,0,2,0,0,2,0,1,0,0,2,0,1,1,0,1,2,4,0,1,0,0,0,0,0,0,2,3,1,0,2,0,1,1,1,0,1,3,0,0,0,3,4,0,1,1,1,1,0,3,0,1,0,0,2,0,1,0,1,2,0,2,3,2,1,2,0,0,0,0,0,0,0,0,0,3,3,4,1,0,2,0,1,1,3,1,1,4,0,5,2,3,1,0,1,0,0,1,0,0,0,2,0,2,1,0,0,0,1,0,1,0,0,0,2,1,0,1,0,0,0,0,0,0,1,1,2,0,0,0,0,1,1,0,0,1,0,0,4,2,0,0,1,0,0,0,0,0,0,0,0,0,2,1,0,0,0,1,0,1,0,0,0,0,1,0,0,0,0,0,0,0,0,3,3,1,1,1,3,0,2,1,1,1,0,1,0,1,1,0,1,0,0,0,0,0,1,0,0,0,0,0,0,0,1,0,0,0,4,1,0,0,1,0,0,0,0,1,0,1,0,0,3,3,0,2,0,1,0,1,0,2,0,0,2,0,1,1,0,0,1,1,0,2,0,0,0,1,0,0,4,3,1,0,0,0,2,0,0,2,1,3,3,0,0,0,0,0,0,0,0,0,1,0,1,0,0,0,0,0,0,0,0,0,0,0,0,1,0,0,0,0,0,0,0,0,0,0,0,0,1,0,0,0,0,0,0,0,0,0,0,0,0,0,0,0,0,0,0,0
P28066,2,4,0,1,1,2,0,2,3,1,4,2,2,1,2,1,3,0,0,2,0,0,2,1,0,1,0,0,2,0,0,0,0,3,0,1,3,2,1,1,2,1,1,0,0,0,0,0,0,1,2,3,0,2,3,0,2,3,4,1,2,0,0,1,1,5,2,1,0,0,2,2,2,2,0,0,0,1,1,1,0,1,2,0,2,1,2,0,1,1,0,1,0,0,0,0,0,0,2,3,3,2,0,1,1,0,2,2,1,1,2,0,3,3,2,2,2,1,0,2,3,0,0,0,0,0,1,1,1,1,0,0,0,3,0,1,1,0,0,0,0,0,0,0,0,0,0,2,2,1,0,0,1,0,3,2,1,1,1,0,0,4,0,1,0,0,1,0,1,0,1,2,0,0,0,0,1,0,0,0,0,0,0,0,0,0,0,0,0,0,0,0,0,0,0,0,0,0,0,0,1,3,0,3,1,1,0,0,0,0,0,2,1,0,0,0,0,0,0,1,0,0,0,0,0,0,0,0,0,1,0,1,2,1,0,0,2,0,0,0,0,0,0,0,0,2,3,1,1,1,1,0,1,1,2,1,0,2,0,2,1,1,1,1,1,0,0,1,1,0,0,0,0,0,2,1,0,0,0,0,2,1,1,0,1,1,0,0,0,0,1,0,0,0,1,1,0,0,0,0,0,0,0,0,0,0,0,0,0,0,0,0,0,0,0,1,0,0,0,0,0,0,0,0,0,0,0,0,0,0,0,0,0,0,0,0,0,0,0,0,0,0,0
G3V5Z7,5,2,3,1,0,2,1,2,4,0,2,1,1,0,2,0,6,1,1,2,0,0,1,3,2,0,1,0,1,2,1,1,2,0,0,0,3,2,0,0,0,0,1,0,1,0,0,1,0,4,1,3,1,2,0,1,0,3,4,1,3,1,0,1,3,1,2,0,1,0,1,0,1,0,1,2,0,1,4,1,0,2,1,0,2,1,2,0,0,0,1,0,0,1,0,0,0,0,2,2,3,2,2,0,1,3,2,0,1,3,1,1,5,2,2,0,0,2,0,0,0,0,0,1,2,1,1,0,2,1,0,0,0,5,1,1,0,0,0,0,0,0,0,0,0,0,0,1,0,0,1,0,1,0,2,0,0,0,0,0,0,2,2,1,0,1,0,0,1,1,1,0,0,0,0,1,0,0,0,0,1,0,1,2,1,0,0,1,0,1,0,0,0,0,0,0,2,0,0,0,3,1,0,2,1,0,1,1,1,0,1,0,1,0,1,2,0,1,0,1,1,0,0,0,1,0,0,1,1,1,1,1,3,0,0,0,0,0,0,1,0,0,0,0,0,0,3,3,2,0,1,0,3,2,3,0,1,2,0,1,3,0,1,1,0,0,0,0,0,0,0,0,0,1,0,0,0,0,1,0,0,1,0,0,0,1,0,0,0,0,0,1,0,0,0,2,0,0,0,0,0,0,0,1,0,0,0,0,0,1,1,0,0,0,0,0,0,0,0,0,0,0,0,0,1,0,0,0,0,0,0,0,0,1,0,0,0,0,0,0,0,0,0
O14818,2,5,4,0,1,2,0,3,2,1,0,2,3,0,1,5,1,1,4,1,1,1,1,2,0,0,1,0,3,1,0,2,2,1,0,1,3,0,1,0,1,0,0,1,0,0,0,0,0,3,3,3,1,2,1,1,2,0,0,1,2,1,0,2,2,0,1,1,1,0,1,1,0,0,1,0,0,2,3,0,1,2,0,0,1,2,1,0,2,3,0,0,0,0,0,0,0,0,1,2,1,0,2,1,0,4,0,1,0,2,2,0,2,0,1,1,1,0,0,1,0,2,0,1,1,1,1,0,1,1,1,2,0,2,1,0,0,0,0,0,1,0,0,0,0,0,0,1,0,1,1,1,1,0,1,2,0,0,1,0,0,0,1,2,2,0,0,0,0,0,0,0,0,0,0,1,1,0,0,1,1,0,0,0,0,0,1,2,0,0,0,0,0,0,1,0,5,1,2,1,2,1,0,1,0,4,0,0,0,0,1,1,0,0,0,0,0,1,1,1,0,2,0,0,3,0,1,1,1,2,0,1,3,1,1,1,1,0,0,0,0,0,0,0,0,2,0,3,1,1,0,0,3,2,1,2,0,3,0,0,0,2,1,0,1,0,1,1,0,0,0,1,0,2,0,0,0,1,2,0,1,2,2,1,1,0,0,0,0,0,0,0,0,0,0,0,0,1,0,0,0,0,0,0,0,1,0,0,0,0,0,0,0,0,0,0,0,0,0,0,0,0,0,0,0,0,0,0,0,1,0,0,0,0,0,0,0,0,0,0,0,0,0
P20618,3,5,2,2,3,0,0,5,2,0,0,1,3,1,2,2,5,0,1,1,1,0,2,0,2,0,1,0,1,1,0,2,0,1,0,1,1,1,0,3,1,0,0,0,0,0,0,0,0,4,2,4,1,0,4,0,3,2,2,2,2,0,0,4,4,2,0,0,2,0,0,2,1,0,0,0,0,1,2,4,0,1,0,0,0,1,1,0,1,1,0,0,1,0,0,0,1,0,6,2,5,0,2,1,0,1,4,4,0,3,0,1,5,4,3,0,1,0,0,0,1,0,0,2,0,0,0,1,0,0,0,1,0,0,0,1,0,2,1,0,1,0,0,0,1,0,0,0,0,0,0,0,0,0,2,1,2,0,0,1,0,1,0,1,2,0,0,0,0,0,2,0,0,1,0,0,1,1,0,0,0,0,1,1,0,0,0,0,0,0,0,0,0,0,0,0,0,2,0,0,0,2,0,3,0,3,1,1,0,0,2,1,2,1,0,1,1,0,1,1,1,0,0,0,0,1,1,0,0,0,0,1,1,1,0,0,0,0,0,0,0,0,0,0,0,2,0,1,2,0,0,0,1,2,2,0,0,0,0,2,2,0,0,0,0,0,0,0,0,0,0,0,0,2,1,2,1,1,1,0,1,1,0,0,1,1,0,0,0,0,0,0,0,0,0,1,0,0,0,0,0,0,0,0,0,1,0,0,0,0,0,0,0,0,0,0,0,0,0,0,0,0,0,1,0,0,0,0,0,1,0,0,0,0,0,0,0,0,0,0,0,0,0
P49721,2,4,2,0,2,1,1,3,3,1,3,0,0,0,1,2,0,0,0,2,0,1,1,1,0,4,0,0,1,0,0,0,0,2,0,1,0,0,1,0,0,0,0,1,0,0,0,0,0,2,2,1,2,1,1,0,2,4,3,2,3,1,0,0,6,1,0,2,3,0,4,1,1,0,1,1,0,1,0,0,0,1,1,0,1,0,1,1,0,1,0,0,0,0,0,1,1,0,3,0,0,3,0,0,0,1,2,6,3,0,1,0,0,1,2,0,2,0,0,1,0,0,0,0,0,0,0,2,2,0,0,2,0,2,1,2,0,0,0,0,0,0,0,0,0,0,0,2,1,1,2,0,0,0,2,1,1,0,0,1,0,1,1,0,0,0,0,0,0,0,0,0,0,0,0,0,1,1,1,1,1,0,0,1,0,0,0,2,0,0,0,0,0,0,0,0,0,1,1,0,0,0,0,0,2,1,0,0,0,1,0,3,0,1,2,0,0,0,2,0,0,0,0,0,0,1,1,1,0,0,0,0,2,2,1,1,0,0,0,0,0,0,0,0,0,3,2,0,0,0,0,0,1,2,0,0,0,1,1,3,0,2,0,0,0,0,0,1,0,0,0,2,0,0,0,2,0,0,0,0,0,1,1,0,1,0,0,0,0,0,0,0,0,0,0,0,0,0,0,0,0,0,1,0,0,0,0,0,0,0,0,0,0,0,0,0,0,0,0,0,0,0,0,0,0,0,1,0,0,1,0,0,0,0,0,0,0,0,0,0,0,0,0
P49720,2,4,3,2,0,1,1,5,1,1,0,2,2,0,4,2,2,2,0,0,0,0,2,2,0,0,0,0,0,1,1,0,0,0,0,0,0,1,0,2,0,0,0,0,1,1,0,0,0,4,4,0,0,0,0,0,0,2,0,3,2,1,0,1,1,2,0,2,2,1,2,1,0,0,1,1,0,0,4,0,2,2,2,0,0,2,4,1,0,1,0,1,0,0,0,0,0,0,3,1,6,1,0,0,0,1,2,3,1,3,0,1,1,5,3,1,0,0,0,2,1,0,0,0,1,0,1,1,1,0,0,0,0,0,1,0,0,0,0,1,0,1,0,0,0,0,0,2,1,0,1,0,1,0,1,0,2,0,1,2,0,0,1,1,0,0,0,0,0,0,0,0,0,0,0,2,0,0,0,0,0,0,1,1,0,0,0,0,0,0,0,0,0,0,0,0,0,0,0,0,2,1,0,0,0,2,1,2,2,0,1,0,1,0,0,0,0,1,1,0,0,0,0,0,0,0,0,0,0,2,0,3,1,1,0,1,0,0,0,0,0,0,0,0,0,2,0,1,0,0,0,1,1,2,1,0,0,1,0,2,2,2,1,1,0,0,0,1,0,0,0,0,0,0,1,0,0,0,2,0,0,0,1,0,0,0,0,0,0,1,0,0,0,0,0,1,0,0,0,0,0,0,1,0,0,0,0,0,2,0,0,0,0,0,0,0,0,0,0,1,0,0,0,0,0,0,0,0,0,0,0,0,0,0,0,0,0,0,0,0,0,0,0
P28070,4,5,1,1,1,1,0,6,3,6,2,0,3,0,8,2,3,1,1,1,0,0,1,0,0,1,0,0,0,1,4,0,0,1,0,2,2,3,0,2,0,0,0,0,0,0,0,0,0,2,2,6,1,3,4,0,3,1,1,2,1,1,0,2,1,3,2,0,4,0,2,1,2,1,2,0,0,2,0,2,1,0,0,0,2,0,1,1,1,1,0,0,0,0,0,0,0,0,4,6,5,0,1,0,0,4,3,2,4,1,0,0,3,3,3,3,1,0,0,3,2,1,2,0,0,0,1,0,3,0,1,0,0,4,1,1,0,0,0,0,0,0,0,0,1,0,0,0,4,0,0,1,1,0,2,1,0,0,1,1,0,0,1,1,1,2,1,0,1,1,2,0,0,0,0,0,2,0,0,0,1,0,0,0,0,0,0,0,0,0,0,0,0,0,0,0,1,1,0,0,0,2,0,0,1,2,0,1,0,0,1,6,2,0,1,0,1,0,0,1,0,0,0,0,0,0,1,0,0,0,0,1,1,1,0,0,0,0,0,0,0,0,0,0,0,2,2,4,0,0,1,0,3,0,1,0,1,1,0,2,1,1,1,0,0,0,0,0,0,1,0,0,0,1,1,1,0,0,0,0,0,1,0,0,0,1,0,0,0,0,0,0,0,0,0,0,0,0,0,0,0,0,0,0,0,0,0,0,0,0,0,0,0,0,0,0,0,0,0,0,0,0,0,0,0,0,0,1,0,0,0,0,0,0,0,0,0,0,0,0,0,0,0
P28074,9,3,7,3,0,0,0,6,5,3,0,0,3,0,7,3,5,2,0,0,0,1,1,2,0,1,2,0,1,1,2,1,3,1,0,0,1,2,0,1,1,0,0,1,0,0,0,0,0,3,5,3,0,4,1,0,1,1,1,0,3,1,0,3,2,3,0,0,1,1,2,1,0,0,0,0,0,0,1,1,1,0,3,1,2,2,3,0,0,1,0,0,0,0,0,0,0,0,5,4,6,3,4,1,0,4,0,2,2,3,0,0,8,2,2,0,1,0,0,1,0,2,0,0,0,0,0,0,0,0,0,1,0,2,1,0,0,0,0,0,0,0,0,0,0,1,0,1,3,0,0,0,2,1,0,0,2,0,0,2,0,2,2,0,0,0,0,0,1,0,0,0,0,0,0,1,2,0,0,0,0,0,1,0,1,0,0,0,0,0,0,0,0,0,0,0,1,2,1,1,0,0,0,1,0,0,1,1,1,0,1,0,1,1,0,1,0,1,0,0,1,1,0,0,2,0,0,0,0,1,0,0,1,1,3,1,0,0,0,0,0,1,0,0,0,3,0,1,0,1,1,0,4,1,0,0,0,1,0,2,2,2,0,0,1,0,1,2,0,0,0,0,0,1,0,1,1,0,0,0,0,1,0,0,1,0,0,0,0,0,0,0,0,0,0,0,0,0,0,0,0,0,0,1,0,0,0,0,0,0,0,0,0,0,0,0,0,0,0,1,0,0,0,0,0,0,0,0,0,1,0,0,0,0,0,0,0,0,0,0,0,0,0
P28072,6,6,8,1,1,3,0,7,5,2,1,2,0,0,3,5,5,1,1,1,0,3,0,1,0,1,0,0,1,0,0,1,0,0,0,2,2,0,1,3,0,0,0,0,0,0,0,0,0,5,4,1,3,0,1,0,2,3,4,1,1,1,0,3,2,3,2,0,0,0,1,1,1,0,0,1,0,0,2,0,0,0,2,0,0,1,0,2,0,1,0,0,0,0,0,0,1,0,6,1,5,1,1,4,0,2,0,2,1,1,1,0,10,0,2,0,1,0,0,1,1,0,0,1,0,0,0,0,2,0,0,0,1,3,0,0,1,1,0,0,0,0,1,0,0,0,0,3,3,1,0,0,0,0,1,1,0,0,0,2,1,0,0,1,0,0,1,0,0,0,0,0,0,0,0,1,0,0,0,0,1,0,1,1,0,0,0,0,0,0,0,0,0,0,0,0,1,0,1,0,0,0,0,1,2,0,0,0,0,0,0,0,2,0,1,2,1,1,0,0,0,0,0,0,0,0,0,0,0,0,0,1,0,2,1,0,0,0,0,0,0,0,0,0,1,4,2,1,0,0,0,0,1,0,2,1,0,0,0,2,0,0,0,0,0,0,1,3,0,0,0,1,0,0,1,4,0,0,1,0,0,0,0,0,2,0,0,0,0,0,0,0,0,0,0,0,0,0,0,0,0,0,1,0,0,0,0,0,0,0,0,0,0,1,0,0,0,0,0,0,0,0,0,0,0,0,0,0,0,0,0,0,0,0,1,0,0,1,0,0,0,0,0
P62191,3,3,5,1,5,2,0,4,5,4,0,2,3,0,2,5,4,3,0,2,1,2,0,0,1,0,2,0,2,5,6,1,0,1,0,2,4,1,1,0,1,0,0,0,0,0,0,0,0,5,3,4,4,4,4,0,5,4,4,0,5,11,0,7,3,2,0,2,2,0,0,1,1,2,0,0,0,1,5,2,1,2,1,1,3,4,3,1,3,7,0,0,0,0,0,0,0,0,4,5,4,0,2,2,0,7,5,1,0,0,1,0,1,1,1,2,2,2,0,1,2,2,1,0,2,0,1,0,1,2,5,2,0,0,3,1,1,2,2,0,1,1,0,0,0,0,0,2,0,1,0,1,0,0,1,4,1,2,0,1,0,2,1,0,2,0,1,0,1,2,0,0,1,2,0,0,1,0,0,1,1,0,0,1,1,1,1,2,0,0,0,0,0,0,0,0,2,3,2,0,0,1,0,3,6,0,0,2,4,0,3,2,1,1,5,1,0,0,2,1,1,0,0,0,2,1,3,0,6,3,0,3,2,0,0,2,4,0,0,0,0,1,0,0,0,3,3,2,0,3,0,0,3,5,5,2,4,1,0,2,2,1,0,2,1,1,0,2,1,1,2,0,0,2,3,1,0,1,3,0,3,6,3,2,2,2,0,0,0,0,0,0,0,0,0,1,0,0,0,0,0,1,0,0,0,0,0,0,0,0,0,0,0,0,0,0,0,1,0,0,0,0,0,0,0,0,0,0,0,0,0,0,0,0,0,0,0,0,0,0,0,0,0
P35998,6,4,2,2,3,6,0,3,4,2,2,4,4,0,1,4,4,0,3,2,0,0,4,1,0,1,1,0,1,6,1,1,1,0,0,1,5,3,1,1,3,0,0,1,0,0,0,0,0,2,7,2,0,4,2,0,4,7,3,4,2,5,2,2,1,1,1,2,3,0,2,2,2,2,2,2,0,5,3,2,1,3,4,0,3,8,2,2,3,3,0,2,1,0,0,0,0,0,1,3,3,0,0,2,0,3,0,0,0,1,4,0,2,0,7,2,5,0,0,1,2,0,0,1,0,0,5,5,0,4,1,0,0,2,3,1,0,1,0,0,1,0,0,0,1,0,0,2,2,1,0,1,1,0,1,5,1,1,2,1,1,1,0,2,0,2,0,0,0,2,0,0,0,0,0,1,1,1,0,0,2,0,2,0,2,0,1,0,0,0,0,0,0,0,0,0,3,3,4,2,1,1,1,3,7,1,2,1,4,0,1,1,1,0,2,0,1,4,0,1,0,1,1,0,1,1,1,1,1,1,0,3,3,1,0,0,3,0,1,0,0,0,0,0,0,8,0,1,3,0,1,0,3,4,3,3,7,3,0,2,2,1,1,1,2,1,0,2,0,0,0,1,0,1,2,1,0,0,3,1,2,4,1,0,2,2,0,0,0,0,0,0,0,0,1,0,1,0,1,1,0,0,0,1,0,1,0,0,0,0,0,0,0,0,0,0,0,0,0,0,0,0,1,0,0,0,0,0,0,0,0,0,0,0,0,0,0,0,0,0,0,0,0
P17980,1,4,0,1,4,3,2,8,4,3,2,3,5,0,2,0,2,0,2,0,0,1,2,3,0,0,0,0,4,3,2,1,3,2,1,4,5,3,1,2,4,0,2,0,0,0,1,0,0,4,7,1,1,2,8,0,4,5,8,2,1,5,0,3,3,3,1,2,2,0,2,4,2,1,1,1,0,3,3,1,0,2,5,0,3,5,3,2,0,4,0,0,0,0,0,0,0,0,3,4,1,2,3,0,0,2,4,0,0,3,1,0,0,1,2,3,3,2,0,3,3,0,0,1,2,0,1,3,1,3,1,1,0,0,5,2,0,1,1,0,0,0,0,0,1,0,0,4,1,1,0,2,3,0,3,3,1,4,0,3,0,3,3,0,1,1,1,0,0,1,1,0,0,0,0,0,0,2,0,0,1,0,1,1,1,1,1,0,0,0,0,0,0,0,0,0,1,4,2,2,3,1,0,4,3,0,0,3,1,0,3,1,1,2,1,1,0,3,1,2,1,0,0,0,1,1,2,1,1,1,0,2,2,2,1,3,1,0,0,0,0,1,0,0,0,1,5,0,0,1,4,1,2,6,2,3,4,2,0,2,2,3,2,1,3,1,1,3,2,0,1,2,0,2,1,1,2,0,1,0,2,1,3,4,0,1,0,0,0,0,0,0,0,0,1,0,0,0,1,0,0,0,0,0,0,0,0,0,0,0,0,0,0,0,0,1,0,0,0,0,0,0,2,0,0,0,0,0,0,0,0,0,0,0,0,0,0,0,0,0,0,0,0
P43686,2,3,5,0,3,2,0,6,5,4,1,2,4,0,1,3,5,3,2,2,0,1,2,1,1,0,1,0,2,2,0,1,0,2,0,2,6,1,1,3,2,0,1,0,0,0,0,0,0,3,8,4,2,1,5,0,6,9,2,1,3,8,0,1,1,5,2,2,2,0,1,0,2,0,2,0,0,3,3,1,2,5,1,0,4,7,2,2,3,5,0,0,0,0,0,0,0,0,3,1,4,1,1,1,0,4,3,3,1,1,3,0,2,7,1,2,1,1,0,1,3,1,3,1,0,0,1,1,3,2,0,0,0,2,0,0,1,0,2,0,0,0,0,0,0,0,0,1,2,0,2,1,3,0,1,2,0,0,4,2,0,2,1,0,1,1,0,0,1,2,0,0,0,2,0,0,0,1,3,1,0,0,1,1,1,1,2,2,0,0,1,0,0,0,0,0,2,4,2,1,0,2,1,3,4,1,1,0,0,0,3,2,2,0,1,0,0,2,2,1,0,1,3,0,1,2,2,1,0,2,0,2,5,0,0,0,0,0,0,0,0,0,0,0,0,4,3,1,0,1,2,0,3,6,2,1,5,6,0,2,1,1,1,0,0,0,3,0,0,1,1,2,1,5,1,0,0,2,2,0,0,4,2,3,2,0,0,0,0,0,0,0,0,0,0,1,0,0,0,0,0,0,0,1,0,0,0,0,0,0,0,0,0,0,0,0,0,0,0,0,0,0,0,0,0,0,0,0,0,0,0,0,0,0,0,0,0,0,0,0,0,0,0
P62195,2,3,4,0,5,4,0,3,7,3,0,3,1,0,6,2,3,0,1,2,0,1,2,0,0,0,2,0,7,3,1,1,2,1,1,4,6,2,1,1,2,0,0,0,0,0,0,0,0,3,1,5,1,4,4,0,3,4,3,2,3,8,0,2,2,4,0,1,2,1,2,3,1,2,4,0,0,4,2,2,3,4,0,0,2,7,2,1,2,4,0,0,0,0,0,0,0,0,4,4,2,2,3,2,0,2,2,2,1,0,1,0,3,1,2,2,1,2,0,0,1,0,1,2,1,0,2,0,0,1,1,1,0,1,4,1,1,1,0,0,1,0,0,0,0,1,0,1,3,0,1,2,1,0,1,4,2,0,3,4,0,3,0,0,0,2,0,0,1,1,1,0,0,0,0,1,2,1,1,0,3,0,0,1,0,1,1,0,0,0,0,0,0,0,0,0,3,4,3,1,1,4,0,3,4,1,5,0,1,0,1,2,1,1,0,0,0,3,3,2,0,0,0,0,0,3,1,0,1,3,0,2,2,2,1,1,0,0,0,0,0,1,0,0,0,4,2,1,0,1,1,0,6,2,1,4,6,3,0,2,1,1,2,0,2,1,1,3,1,0,2,0,0,2,4,0,1,0,0,0,0,2,1,2,1,0,0,0,0,0,0,0,0,0,1,0,0,0,0,0,0,0,0,0,0,0,0,0,0,0,0,0,0,0,0,0,1,0,0,0,0,0,0,0,0,0,0,0,0,0,0,1,0,0,0,0,0,0,0,0,0,0,0
P62333,2,4,2,2,6,1,0,2,4,3,1,3,4,0,1,2,1,2,1,1,0,1,2,1,0,2,1,0,2,4,2,2,1,1,0,1,2,5,0,2,0,0,0,0,0,0,0,0,0,4,2,1,1,2,6,0,4,4,2,1,3,6,2,1,1,2,0,5,3,0,1,1,2,1,2,2,1,5,3,3,1,4,1,0,4,5,2,2,5,3,0,1,1,0,0,0,0,0,3,3,1,1,1,1,0,1,4,4,1,2,2,0,3,0,3,1,0,1,0,0,2,1,1,1,0,0,2,1,1,1,0,3,0,2,6,0,1,1,0,0,1,0,0,0,0,0,0,2,1,0,0,0,0,0,3,3,2,0,2,1,0,4,1,1,0,0,0,0,0,1,0,0,0,1,0,0,2,2,0,1,0,0,1,1,2,1,2,0,0,0,0,0,0,0,1,0,2,4,3,1,1,1,0,3,6,0,2,2,5,0,1,4,0,0,1,4,0,0,3,1,0,0,1,0,2,0,2,0,1,1,1,2,2,1,0,1,1,0,1,0,0,0,0,0,0,3,2,2,1,1,1,0,3,1,1,4,5,3,0,0,6,1,2,1,1,1,1,2,1,0,0,2,0,1,8,0,1,0,1,0,0,0,2,2,0,0,0,0,0,0,0,0,0,0,1,0,0,1,1,0,0,0,0,0,1,0,0,0,0,0,0,0,0,0,0,0,0,0,0,0,0,0,0,0,0,0,0,0,0,0,1,0,0,0,0,0,0,0,0,0,0,0,0
Q99460,13,11,8,6,1,5,1,23,4,11,4,2,5,0,15,8,6,5,4,5,0,3,8,0,3,5,1,0,3,5,2,3,1,1,0,2,7,2,3,3,6,0,0,0,2,2,0,0,1,12,14,10,4,7,9,1,10,9,8,9,5,9,1,10,7,7,3,6,6,0,1,9,8,4,3,5,0,3,4,0,2,3,4,1,5,8,4,4,4,4,0,0,1,1,2,2,0,0,12,12,11,2,3,3,2,6,9,7,3,3,5,1,8,7,3,1,1,4,1,4,2,2,2,2,3,1,3,6,2,2,1,3,1,3,6,6,1,3,2,0,0,1,0,0,0,0,0,3,5,4,3,3,1,0,7,5,4,5,1,5,0,5,6,4,1,3,2,0,4,3,4,1,1,0,0,4,5,4,1,0,1,0,1,5,1,1,2,3,0,2,0,0,0,0,0,0,2,6,5,2,1,1,0,5,10,4,6,0,2,1,2,0,2,3,2,1,0,2,4,0,2,1,2,0,2,2,1,0,2,4,0,3,3,1,3,8,3,0,0,1,1,1,0,0,0,3,1,4,2,0,4,1,5,14,5,2,5,3,3,4,4,3,3,2,2,0,5,1,5,1,2,1,0,1,6,1,2,4,8,1,1,8,4,3,3,6,0,0,0,0,0,0,0,0,0,0,1,1,0,0,0,1,0,1,1,1,0,0,1,2,0,0,0,1,0,0,0,2,0,1,1,1,1,0,0,1,0,0,0,0,0,0,0,0,0,0,0,1,0,0,0,0,0
O00231,4,1,2,2,3,4,1,1,3,2,2,3,2,0,2,0,2,1,4,0,0,5,3,1,0,1,2,0,2,3,5,2,0,2,0,3,2,4,2,1,2,0,0,0,0,0,1,0,0,4,1,1,5,4,3,0,5,5,8,5,1,5,1,4,2,4,6,3,4,0,2,1,3,1,0,2,0,5,2,0,0,3,0,1,5,4,0,0,2,2,0,0,1,1,0,0,1,0,1,4,1,2,0,2,0,5,3,4,1,5,0,0,1,5,1,1,4,0,0,1,3,2,1,1,1,0,4,3,1,2,3,1,0,1,6,2,0,0,0,0,0,0,0,0,0,0,0,2,0,3,0,2,2,0,1,3,2,0,2,2,0,1,3,2,0,1,1,0,0,1,0,0,0,1,0,1,1,1,0,0,0,0,0,4,1,1,2,0,0,0,0,0,0,0,0,0,2,4,3,2,3,1,0,2,7,2,0,0,2,0,1,3,1,0,0,3,0,0,1,1,0,1,1,0,2,1,1,0,0,3,0,2,2,2,0,0,2,0,0,1,0,0,0,0,0,4,3,0,1,2,2,0,4,8,5,1,0,1,2,1,3,2,1,2,1,0,1,1,1,0,0,1,0,1,2,0,0,1,2,0,1,2,1,1,1,1,0,0,0,0,0,0,0,0,0,0,0,0,0,0,0,0,1,0,0,0,1,0,0,1,0,0,0,0,0,0,0,0,0,0,0,0,0,1,0,0,0,0,0,0,1,0,0,0,0,0,0,0,0,0,0,0,0
O00232,3,4,1,1,1,2,0,1,4,4,1,3,1,1,1,5,3,0,5,2,0,0,2,0,2,1,0,0,1,0,1,1,1,3,0,3,0,5,2,2,1,0,0,0,0,0,0,1,0,2,1,1,1,1,3,0,4,2,4,4,5,5,0,3,4,3,1,2,6,0,1,2,5,3,0,1,0,5,5,4,4,2,2,0,2,1,4,2,3,2,0,0,2,0,0,0,0,0,2,3,6,0,1,1,0,2,5,2,2,5,3,0,4,3,3,1,3,2,1,0,2,0,0,3,4,0,4,5,2,2,2,0,0,3,3,2,0,1,3,0,0,0,1,0,0,0,1,1,2,2,0,0,0,0,0,5,2,2,3,2,1,0,1,2,1,2,0,0,1,2,0,1,1,3,0,0,2,1,0,1,2,1,2,3,0,3,2,1,0,0,0,0,0,0,0,0,3,4,1,0,1,5,1,1,3,3,2,4,2,0,0,4,3,4,1,0,0,3,1,1,0,2,1,0,0,1,3,0,1,3,0,3,2,4,0,1,0,0,0,1,0,0,0,0,0,1,1,6,3,3,2,0,1,5,2,1,1,1,0,5,2,3,2,1,2,1,0,5,0,1,0,2,0,5,2,1,1,1,0,0,3,1,1,1,1,0,0,0,0,0,0,0,0,0,0,0,0,0,0,0,0,0,0,2,0,1,0,0,0,0,0,0,1,0,0,0,0,0,1,0,0,0,0,0,0,0,0,0,0,0,1,0,0,0,0,0,0,0,0,1,0,0,0
Q9UNM6,0,5,1,2,0,2,0,5,5,4,4,1,3,1,0,3,1,2,3,0,0,3,4,1,2,0,0,0,1,2,1,1,1,2,0,2,0,1,2,2,3,0,1,0,0,0,0,0,0,6,3,3,1,3,3,0,4,1,1,6,1,5,0,1,5,1,2,0,5,0,4,3,1,5,1,1,0,1,3,2,1,2,2,0,5,4,3,2,1,2,0,0,2,0,0,0,0,0,1,2,0,2,2,0,0,3,4,2,2,3,2,1,2,2,1,2,3,1,0,2,2,1,2,2,0,0,3,1,1,0,0,1,1,0,2,2,0,1,1,0,0,0,0,1,0,0,0,2,5,4,3,2,1,0,2,2,2,0,4,4,0,0,1,2,1,0,0,0,4,4,1,1,1,2,0,1,1,0,1,0,1,0,1,1,2,0,0,0,0,0,0,0,0,0,0,0,1,2,1,0,1,1,0,2,2,2,2,0,1,0,3,1,3,1,1,0,0,0,0,0,2,0,1,0,0,1,1,0,0,1,0,2,1,1,1,2,0,0,0,1,0,0,0,0,0,0,5,0,2,0,3,1,3,2,3,1,2,1,0,1,4,3,1,0,0,1,4,0,0,1,0,0,0,0,1,5,0,0,0,0,1,4,1,0,0,0,0,0,0,0,0,0,0,0,0,1,0,0,0,0,0,0,2,0,0,0,1,0,0,0,0,0,0,0,0,0,1,0,0,0,0,0,0,0,0,0,0,0,0,0,0,0,0,0,0,0,0,0,0,0,0,0,0
O00487,7,3,5,1,4,1,0,5,0,3,4,1,3,1,3,1,2,3,0,4,0,1,4,0,0,2,2,0,4,0,0,1,0,1,0,2,3,3,0,0,0,0,0,0,0,0,0,0,0,3,5,2,3,1,6,0,3,0,1,0,2,1,0,4,4,3,1,3,2,0,1,1,3,0,1,1,1,1,2,0,1,0,1,0,4,1,0,3,0,0,0,0,0,0,1,0,0,0,3,1,1,1,0,1,0,5,1,2,1,1,0,0,0,2,3,3,1,2,0,2,4,2,1,4,0,0,1,1,0,1,1,1,0,1,3,0,2,1,1,0,0,0,0,0,0,0,0,1,4,0,1,0,0,0,2,4,4,2,0,1,0,0,0,2,4,1,0,0,0,0,1,0,1,0,0,2,4,0,1,2,0,1,1,2,1,0,0,1,0,1,0,0,0,0,0,0,2,1,3,2,1,0,0,3,2,2,0,0,2,0,0,0,0,1,0,0,0,0,3,1,0,0,1,0,0,1,1,1,0,0,0,0,0,2,0,0,1,0,0,0,0,1,0,0,0,5,2,2,1,0,0,0,2,0,5,1,1,1,0,0,3,1,1,0,0,0,1,1,0,1,2,0,0,1,0,0,0,0,0,0,2,1,0,0,0,2,0,0,0,0,0,0,0,0,0,1,0,0,0,0,0,0,0,0,0,0,0,0,0,0,0,0,0,0,0,1,0,0,0,0,1,0,0,0,0,0,0,0,0,0,0,0,0,0,0,0,0,0,0,0,0,0,0
Q13200,13,12,7,6,2,8,0,21,13,12,5,9,6,0,12,8,3,8,2,5,0,7,0,5,3,1,3,1,4,2,0,0,1,3,0,6,6,1,3,3,5,0,3,0,1,0,1,0,0,10,16,13,3,2,6,2,11,9,7,7,5,6,0,10,7,4,4,5,4,0,3,2,7,3,9,1,0,4,6,5,1,2,3,0,4,3,7,2,6,9,2,1,1,0,0,0,1,0,12,14,4,2,1,2,2,7,9,8,2,3,8,2,4,5,11,2,2,2,0,4,5,6,2,1,2,0,2,8,2,0,0,2,0,5,3,2,2,2,2,0,0,1,0,0,0,0,0,4,10,2,2,2,1,1,3,3,1,4,2,1,0,7,5,3,4,3,0,0,3,4,1,0,0,2,0,5,1,1,2,2,2,0,2,3,2,0,3,1,0,0,0,1,0,0,0,0,4,6,8,2,0,1,0,5,6,3,3,2,4,1,0,5,1,0,1,2,0,3,0,1,1,1,1,0,0,4,0,1,0,4,0,6,2,2,1,8,3,0,0,0,1,0,0,0,0,5,6,4,5,2,4,0,5,5,2,3,0,7,0,3,9,2,2,1,3,1,2,3,2,1,1,2,0,6,2,1,3,4,8,1,3,5,8,2,2,3,0,1,0,0,0,0,1,0,0,2,0,0,1,2,0,0,0,1,1,0,0,0,1,0,2,0,0,0,0,0,0,0,0,0,0,0,0,1,0,0,0,0,0,0,0,0,1,1,0,0,0,0,0,0,0,0,0
O43242,7,5,4,1,4,3,0,0,6,1,3,2,3,0,4,0,3,3,6,3,0,2,2,3,3,0,4,0,4,2,1,0,3,3,0,5,3,2,3,2,2,0,0,0,0,0,0,0,0,3,3,2,4,5,0,0,3,16,7,2,3,6,0,5,6,3,1,5,3,0,1,7,0,0,2,1,0,4,3,2,5,1,4,0,5,4,1,2,5,3,0,0,1,0,0,0,0,0,4,1,2,2,3,4,0,1,4,6,1,4,3,0,3,7,7,2,2,1,1,1,1,1,3,2,1,0,5,5,1,0,3,0,0,1,4,1,0,2,1,0,0,0,0,0,1,0,0,1,1,3,1,0,2,0,4,2,3,0,5,3,0,0,2,6,1,0,0,0,1,6,2,1,1,1,0,1,5,1,0,0,0,0,2,2,1,1,2,0,0,0,0,0,0,0,0,0,5,2,5,4,1,2,0,6,3,2,2,4,2,0,3,1,3,2,1,1,0,3,0,3,2,0,0,0,2,2,2,1,1,1,0,3,3,0,1,1,1,0,0,0,0,0,0,0,0,4,3,3,2,0,6,0,3,5,3,3,1,3,1,1,3,1,0,0,1,0,0,1,0,3,2,1,0,2,2,5,2,1,1,0,2,3,1,0,1,3,0,0,0,0,0,0,0,0,0,0,0,0,0,0,0,0,0,1,0,0,0,0,0,0,0,0,0,0,0,0,0,0,0,0,0,0,1,0,0,0,0,0,0,0,0,0,0,0,0,0,0,0,0,0,0,0,0
Q5VWC4,3,5,1,2,2,3,0,5,4,5,5,1,6,0,5,2,3,2,1,2,1,2,3,1,1,3,0,0,0,3,0,0,1,1,0,3,1,2,2,2,3,1,1,0,0,0,0,0,0,2,6,6,0,0,4,0,5,2,1,1,2,3,0,3,4,4,1,0,0,0,3,1,2,0,0,2,0,3,0,3,0,1,1,0,7,4,2,2,1,0,0,0,0,0,0,0,0,0,4,4,5,2,1,3,0,2,4,2,0,2,2,0,3,3,3,1,1,3,0,2,2,1,0,0,1,1,1,1,2,1,0,0,0,1,2,2,0,1,1,0,0,1,0,0,0,0,0,2,3,1,1,1,1,0,0,2,2,0,2,1,0,4,1,0,0,1,0,0,1,1,1,0,1,1,0,1,2,1,3,0,0,0,1,2,0,0,0,3,0,1,0,0,0,0,0,0,0,4,1,2,1,2,0,4,1,0,1,1,0,0,1,2,1,1,2,0,0,0,0,0,1,2,1,0,3,1,0,0,0,2,0,1,0,1,1,2,1,0,0,0,0,0,0,0,0,5,3,2,3,0,1,1,2,1,1,1,0,4,0,3,0,3,2,0,2,0,1,0,1,3,1,1,0,2,0,1,0,3,2,0,2,0,3,1,2,6,0,0,0,0,0,0,1,0,0,1,1,0,0,0,0,0,0,1,0,0,0,0,0,0,0,0,0,0,0,0,0,0,0,0,0,0,0,0,0,0,0,0,0,0,0,0,1,0,0,0,0,0,0,0,0,0,0
Q15008,6,4,2,1,1,3,1,2,3,4,1,3,2,0,1,2,5,1,1,1,0,0,1,1,0,1,0,0,1,2,1,2,2,3,0,2,2,1,0,2,3,0,0,0,1,0,0,0,0,3,4,3,1,2,4,0,3,3,6,2,2,6,0,0,4,2,3,4,2,0,1,0,1,1,2,2,0,1,3,2,4,1,1,2,5,3,2,3,1,3,0,0,0,0,0,0,0,0,0,2,3,1,1,1,0,4,4,3,0,1,3,0,6,3,2,0,3,1,0,0,4,0,2,2,0,0,1,0,3,1,1,1,2,3,3,1,2,1,0,0,0,0,0,0,0,0,0,0,2,0,0,3,0,0,3,3,0,0,2,0,0,1,0,1,1,0,1,0,0,0,0,1,1,2,0,1,2,2,0,1,1,0,2,4,1,0,2,0,0,0,0,0,0,0,0,0,4,0,2,0,1,0,0,3,2,1,1,1,5,0,0,3,1,1,1,4,0,2,2,1,0,1,1,0,0,3,2,0,0,1,0,2,2,2,1,1,0,0,0,2,0,1,0,1,0,5,3,1,0,3,2,0,1,7,1,3,5,1,0,0,2,4,1,0,1,0,2,0,1,0,0,4,0,3,3,0,0,1,1,0,0,4,0,1,1,3,0,0,0,0,0,0,0,0,0,0,0,0,0,0,0,1,0,1,0,0,0,0,0,1,0,0,0,0,0,0,1,0,0,0,0,0,0,0,0,0,0,0,0,0,0,1,0,0,0,0,0,0,0,0,0,0,0
P51665,6,4,4,0,4,1,0,1,2,2,0,3,5,0,1,2,2,3,1,1,0,2,0,0,1,0,1,0,2,1,0,1,3,1,0,0,3,2,1,2,4,0,0,0,0,0,0,0,0,3,4,2,1,3,1,0,5,2,1,6,2,0,0,7,1,1,1,1,1,0,2,1,1,2,0,2,0,2,1,1,3,0,1,0,0,2,1,3,2,0,0,0,0,1,0,0,0,0,3,2,1,1,0,4,0,1,3,3,0,1,1,0,1,1,0,1,1,1,0,1,2,2,0,0,2,0,0,3,1,0,1,1,0,0,0,0,1,1,2,0,0,0,0,0,0,0,0,4,1,1,1,1,2,0,4,2,1,2,1,0,1,2,3,0,1,1,0,0,1,3,2,1,0,0,0,0,0,0,1,0,0,0,2,3,0,1,0,0,0,0,0,0,0,0,0,0,0,2,1,1,0,2,0,2,2,2,0,1,2,0,0,1,1,1,0,1,0,2,2,1,3,0,0,0,1,1,2,2,0,4,0,1,1,0,1,7,3,0,0,0,0,0,0,0,0,3,0,1,0,0,2,0,1,5,4,0,0,0,0,0,1,1,0,1,0,0,2,3,1,0,1,1,0,1,3,0,1,5,6,0,3,1,0,1,4,2,0,0,0,0,0,0,0,0,0,0,0,0,0,0,0,0,0,0,0,0,0,0,0,0,0,0,1,0,0,0,0,0,0,0,0,0,0,0,0,0,0,0,0,0,0,0,0,0,0,0,0,0,0,0,0,0,0
R4GMR5,6,3,2,2,1,0,0,2,5,2,1,1,4,0,1,0,4,0,0,3,0,2,1,1,0,1,0,0,1,1,0,2,1,1,0,0,0,2,0,0,0,0,0,0,0,0,1,0,0,2,3,1,2,1,0,0,2,10,3,6,3,3,0,2,1,4,3,1,2,0,2,3,0,2,2,2,0,1,1,2,1,0,2,0,1,3,2,0,3,2,0,1,0,0,0,0,0,0,2,2,3,1,1,2,0,1,5,1,1,1,0,0,4,3,3,1,2,2,1,0,3,0,2,0,1,0,0,0,0,0,2,1,0,1,5,1,0,0,1,0,0,0,0,0,1,0,0,2,0,1,0,2,0,0,3,1,1,0,0,3,0,1,1,2,1,0,0,0,1,1,3,1,1,1,0,2,1,1,0,0,0,0,1,1,1,0,1,0,0,0,0,0,0,0,0,0,0,5,2,0,0,0,0,0,1,3,2,1,0,0,2,2,0,0,0,1,0,0,0,1,3,0,0,0,1,2,0,1,1,0,0,0,3,1,0,0,0,0,0,0,0,0,0,0,0,1,1,0,0,1,0,1,1,5,3,1,1,1,1,1,2,3,1,0,0,0,0,0,0,0,0,0,0,2,1,1,0,1,0,0,1,1,0,0,1,0,0,0,0,0,0,0,0,0,1,0,0,0,0,0,0,0,0,0,0,0,0,0,0,0,0,0,0,0,0,0,0,0,0,0,0,0,0,1,1,0,0,0,0,0,0,0,0,0,0,0,0,0,0,0,0,0,0
P48651,4,2,3,3,3,0,2,6,4,3,3,1,0,0,1,7,4,2,2,2,0,1,3,2,2,1,2,3,0,0,3,2,3,0,0,1,1,0,0,1,2,0,0,1,1,0,0,0,0,6,8,7,4,2,1,0,8,17,7,5,3,5,0,5,8,4,3,3,1,0,1,7,6,1,2,1,0,2,1,2,0,0,1,1,0,6,2,2,1,1,0,1,1,0,0,0,0,0,3,3,4,3,3,2,0,7,11,8,2,0,3,1,1,3,3,4,4,0,0,1,4,2,0,2,1,1,1,4,5,1,0,1,0,0,1,2,1,0,2,0,0,0,0,0,0,0,0,2,2,1,1,0,1,0,5,4,3,2,2,3,0,4,6,2,0,2,2,0,1,1,2,1,0,1,1,2,2,0,1,1,0,0,1,1,0,2,0,1,0,0,2,0,2,0,1,0,1,0,3,2,0,0,0,0,3,1,2,1,1,1,4,5,1,2,1,1,0,1,3,0,1,1,0,0,1,1,1,1,1,0,1,0,0,0,1,1,0,0,1,0,0,1,0,0,0,0,1,1,1,0,1,0,1,3,2,4,0,0,0,2,3,1,0,0,0,0,1,1,2,2,0,0,0,0,1,3,1,0,0,0,1,1,1,0,2,0,1,0,0,0,0,0,1,0,1,1,0,0,0,0,0,1,3,0,0,0,0,0,1,0,0,0,0,0,0,1,0,2,0,0,0,0,0,0,0,0,0,0,0,1,0,1,0,0,0,0,0,0,0,0,0,0,0
Q00577,22,1,7,1,1,2,0,5,2,3,2,2,3,0,5,2,1,2,1,3,0,3,1,1,1,0,1,0,1,0,2,2,3,0,0,1,3,1,0,1,1,0,0,0,0,0,0,0,0,4,3,1,1,2,1,0,2,2,1,1,4,3,0,2,2,1,3,0,1,0,2,0,1,0,0,1,0,5,2,1,0,3,0,0,4,2,2,1,0,2,0,0,0,0,0,0,0,0,4,4,3,0,1,1,0,3,0,3,0,3,0,0,2,2,2,0,2,0,0,2,0,0,0,2,1,0,0,1,0,2,1,0,1,0,0,0,1,2,3,0,0,0,0,0,0,0,0,1,4,2,2,1,0,0,1,1,0,1,1,1,0,1,1,1,0,0,1,0,0,3,0,6,1,1,0,1,1,1,0,0,1,0,1,1,1,0,2,0,1,0,0,0,0,0,0,0,0,2,0,2,2,2,0,1,2,0,0,1,4,0,1,2,1,0,1,1,0,2,0,1,2,1,2,0,0,1,2,3,0,1,0,1,0,0,1,1,0,0,0,1,0,0,0,0,0,2,3,2,1,1,1,0,0,6,1,0,0,0,0,2,0,2,0,1,0,0,1,1,1,2,0,0,0,1,3,0,1,0,1,0,3,1,1,2,0,3,0,1,0,0,0,0,0,0,1,0,0,0,0,0,0,0,0,1,0,0,0,0,0,0,0,0,0,0,0,0,0,0,0,0,0,0,0,0,0,0,0,0,0,0,0,0,0,0,0,0,0,0,0,0,0,0,0
P06737,6,9,3,10,2,5,0,11,8,8,8,5,3,1,7,2,5,7,2,4,0,5,4,3,3,1,3,0,4,5,6,1,2,2,0,1,4,5,0,2,7,0,0,0,0,0,0,0,0,9,11,6,3,7,5,0,12,6,5,5,6,5,1,3,10,5,2,5,3,0,3,5,6,1,12,7,1,5,5,8,3,4,7,0,5,8,5,4,7,2,0,1,1,0,1,1,0,0,8,7,4,0,5,3,0,5,6,2,8,4,9,0,6,7,2,4,1,3,0,3,6,2,5,0,2,0,3,4,0,2,2,2,0,3,3,3,4,3,1,0,0,0,0,0,0,0,0,3,3,5,1,3,2,0,3,4,7,4,7,3,1,3,6,4,1,2,3,0,4,6,3,1,0,0,0,2,4,1,2,3,3,0,3,4,2,2,1,2,0,0,1,0,0,1,0,0,3,4,9,1,2,2,0,4,6,4,4,8,5,1,5,3,3,3,2,2,0,0,1,3,3,0,1,0,1,7,2,0,1,2,0,4,6,2,4,1,0,0,0,0,0,0,0,0,0,5,10,1,3,1,2,0,6,9,2,5,2,6,0,3,6,4,1,1,2,0,1,6,2,1,2,1,1,5,7,1,0,1,0,0,6,5,0,0,0,2,1,1,0,0,0,0,0,0,1,0,0,1,0,0,0,0,1,0,1,0,0,0,0,0,0,0,0,0,0,0,1,0,0,0,0,0,1,0,0,0,0,1,0,0,0,0,0,0,0,0,0,0,0,0,0,0,0
P61026,3,0,3,0,2,0,0,0,2,4,1,0,0,0,2,0,2,0,1,2,0,0,1,1,0,0,3,0,2,1,1,0,1,1,0,0,0,0,0,0,2,0,0,0,1,0,0,0,0,1,1,1,1,1,1,1,2,3,2,0,2,2,0,0,2,2,1,3,0,0,1,2,0,0,2,2,0,0,5,0,0,1,1,0,2,1,2,0,1,1,0,0,0,0,0,0,0,0,2,1,0,0,0,0,0,1,2,1,1,1,2,0,0,3,3,1,1,1,0,0,3,0,0,0,0,0,2,1,0,1,2,1,0,1,1,0,1,0,0,1,0,0,0,0,0,0,0,1,1,1,1,1,0,0,1,0,0,2,2,2,0,0,1,0,0,0,0,0,0,0,0,0,0,0,0,0,1,1,0,0,0,0,1,1,1,0,1,1,0,0,0,0,0,0,0,0,1,2,2,2,1,0,0,2,3,0,1,2,1,0,0,1,1,0,1,0,0,2,0,0,0,0,0,0,2,1,0,0,0,1,0,1,1,0,1,0,1,0,0,0,0,0,0,0,0,0,2,1,1,1,1,0,1,1,1,2,0,0,0,1,1,1,1,0,1,0,2,1,0,0,0,0,0,2,0,0,0,0,0,0,1,1,2,1,0,0,0,0,0,0,0,1,0,0,0,0,0,0,0,0,0,0,0,0,0,0,0,0,0,0,0,0,1,0,0,0,0,0,0,0,0,0,0,0,1,1,0,0,0,0,0,0,0,0,0,0,0,0,0,0,1,0,0
P62820,4,4,5,0,2,0,0,1,3,3,0,1,1,0,1,0,3,1,2,2,0,1,0,2,1,1,1,0,0,0,1,0,1,0,0,0,1,1,0,0,0,0,0,0,0,0,0,0,0,0,1,1,1,0,0,0,2,5,1,0,2,0,1,0,0,3,1,3,3,0,0,1,1,1,0,0,0,1,4,0,1,0,1,0,2,1,0,1,1,0,1,0,0,1,0,0,0,0,2,0,1,1,0,1,0,0,0,3,0,0,1,0,0,4,8,1,0,4,0,0,1,0,0,1,1,0,2,2,0,0,1,2,0,3,2,2,2,0,1,0,0,0,0,0,0,0,0,3,0,0,1,0,0,0,0,0,1,2,2,0,0,1,0,1,0,1,0,0,0,1,0,0,1,0,0,3,0,0,0,0,0,0,1,0,2,0,0,0,0,0,0,0,0,0,0,0,1,1,2,2,0,1,0,0,2,1,0,2,2,0,0,0,2,0,0,0,0,2,0,0,0,0,0,0,0,1,1,0,1,0,0,1,1,0,1,0,0,0,0,0,0,0,0,0,0,4,3,0,1,0,0,0,0,1,1,1,0,2,0,3,0,1,0,0,1,0,1,2,0,0,0,1,0,1,0,0,0,0,0,0,1,0,0,0,0,0,0,0,0,0,0,1,0,0,1,0,0,0,0,0,0,0,0,0,0,0,0,0,0,0,0,0,1,0,0,0,0,0,0,0,0,0,0,0,0,1,0,0,0,0,0,0,0,0,0,0,1,0,0,0,0,0,0
Q9H0U4,4,5,4,0,2,0,0,1,3,3,0,2,1,0,1,0,4,0,2,2,0,2,0,1,0,1,2,0,0,0,1,0,1,0,0,0,1,1,0,0,0,0,0,0,0,0,0,0,0,0,1,1,2,0,0,0,2,5,1,0,2,0,1,0,0,3,0,3,2,0,0,2,1,1,0,0,0,1,5,0,1,0,2,0,2,1,1,1,1,0,0,0,0,1,0,0,0,0,2,0,1,1,0,1,0,1,0,2,0,0,1,0,0,4,5,1,0,5,0,0,0,0,0,0,1,0,2,2,0,1,1,1,0,2,3,2,2,0,1,0,0,0,0,0,0,0,0,3,0,1,1,0,0,0,0,0,0,2,2,0,0,1,0,0,0,0,0,0,0,0,0,0,1,0,0,2,0,0,0,0,0,0,2,0,2,0,0,0,0,0,0,0,0,0,0,0,1,1,2,1,0,1,0,0,2,1,1,2,2,0,0,0,2,0,0,0,0,2,0,0,0,0,0,0,0,1,1,0,1,0,0,1,1,0,1,0,0,0,0,0,0,0,0,0,0,4,3,0,1,0,0,0,0,1,1,1,1,2,0,3,0,1,0,1,1,0,1,2,0,0,0,1,0,1,0,0,0,0,0,0,1,0,0,0,0,0,0,0,0,0,0,0,0,0,1,0,0,0,0,0,0,0,0,0,0,0,0,0,0,0,0,0,1,0,0,0,0,0,0,0,0,0,0,0,0,0,0,0,0,0,0,0,0,0,0,0,1,0,0,0,0,0,0
P20340,5,1,4,0,2,1,0,0,2,2,1,1,2,0,0,0,3,1,1,1,0,0,1,3,0,1,0,0,1,0,0,0,2,1,0,0,0,2,0,0,2,0,0,0,0,0,0,0,0,1,2,0,0,0,1,0,3,1,3,2,0,1,0,3,1,3,1,1,2,0,1,1,0,0,2,1,0,1,2,1,0,1,2,0,1,2,2,0,1,0,0,0,0,0,0,0,0,0,2,2,0,3,1,0,0,0,4,0,0,1,1,0,0,2,2,2,2,3,0,1,0,0,1,0,2,0,2,1,1,1,0,2,0,0,1,2,1,1,1,0,1,0,0,0,0,0,0,2,1,0,1,0,0,0,0,0,1,1,2,1,0,1,1,2,0,0,0,0,0,1,0,0,0,0,0,1,0,1,0,1,0,0,1,1,0,1,0,0,0,0,0,0,0,0,0,0,1,0,2,1,1,1,0,0,2,1,0,2,1,0,0,2,1,0,1,0,0,1,0,0,0,0,0,0,0,2,0,0,0,2,0,2,1,1,2,0,1,0,0,0,0,0,0,0,0,1,2,0,0,0,1,0,1,1,4,1,1,0,0,4,0,1,0,2,0,0,1,2,1,0,0,0,0,1,1,1,0,0,0,0,0,3,0,0,1,0,0,0,0,0,0,0,0,0,1,0,0,0,0,0,0,0,0,0,0,0,0,0,0,0,0,0,0,0,1,0,0,0,0,0,0,0,0,0,0,0,0,0,0,0,0,0,0,0,0,0,0,0,0,0,0,0,0
Q5HYI8,4,2,4,1,1,1,0,5,4,2,1,1,1,0,2,1,1,2,1,1,1,1,0,2,1,0,0,0,2,0,1,0,0,2,0,1,1,0,2,2,0,0,0,0,0,0,0,0,0,2,4,1,2,2,2,0,3,3,1,3,1,0,0,3,0,2,1,3,0,0,2,2,1,3,0,2,0,1,0,2,0,1,0,0,0,1,0,1,1,2,0,0,0,0,0,0,0,0,4,2,2,0,0,1,0,3,0,0,1,1,1,0,2,0,1,0,4,0,0,0,1,2,0,1,0,0,2,2,1,0,2,1,0,2,0,0,2,0,0,0,1,0,0,0,0,1,0,0,3,1,0,1,1,0,1,0,1,1,0,3,0,1,3,2,0,0,0,1,1,0,1,1,0,1,1,0,0,0,0,2,0,0,1,1,1,1,0,0,0,0,1,0,0,0,0,0,2,0,1,0,1,1,0,0,1,1,2,0,0,0,1,2,1,0,0,2,0,0,1,1,0,0,0,0,0,1,1,1,1,2,0,0,4,0,0,0,1,0,0,0,0,0,0,0,0,0,3,1,1,0,0,0,1,2,4,2,1,0,0,0,0,0,1,0,1,0,2,2,0,0,1,1,0,0,1,1,1,0,0,0,1,2,0,0,0,0,0,0,0,0,0,0,0,0,1,0,0,0,0,0,0,0,1,0,0,0,0,0,0,0,0,0,0,0,0,0,0,0,0,0,0,0,0,0,0,0,0,0,0,0,1,0,0,0,0,0,0,0,0,0,0,0,0
P63244,0,3,2,0,0,2,1,0,3,3,7,2,0,0,4,3,2,4,0,0,0,2,1,0,2,0,1,0,2,3,1,1,0,0,0,1,3,2,3,2,0,0,0,2,2,0,0,0,0,2,1,2,1,1,2,0,1,1,3,2,1,2,0,7,3,4,2,2,1,0,1,1,4,2,2,1,0,2,3,0,1,1,1,1,2,0,0,3,0,1,0,0,1,0,0,0,0,0,2,5,7,4,1,2,1,6,2,0,1,2,1,1,3,5,3,2,1,0,1,5,2,2,1,0,1,0,0,1,0,1,0,2,1,0,1,0,0,0,2,0,0,0,0,1,0,0,0,1,3,1,1,4,3,1,0,3,5,0,3,1,0,2,1,1,1,2,2,0,3,1,1,0,0,0,0,1,1,0,1,0,0,0,0,0,4,0,0,0,0,0,0,0,0,0,0,0,1,2,0,0,0,2,1,1,0,5,0,1,1,0,3,1,2,1,0,0,0,0,2,1,0,0,1,0,0,0,1,0,0,0,0,0,0,0,1,2,0,0,1,0,0,1,0,0,0,1,1,1,0,1,0,0,0,1,2,0,0,1,0,1,0,4,1,0,0,0,2,4,1,0,1,0,0,1,0,4,0,0,0,0,1,0,0,1,1,0,0,0,0,0,0,0,0,0,1,0,0,0,0,0,0,1,0,1,1,0,0,0,2,0,0,0,0,0,0,1,1,0,0,0,0,0,0,0,0,0,0,0,0,0,0,0,0,0,0,0,0,0,0,0,0,0,0
B5MDF5,0,5,3,2,0,3,0,3,3,4,1,2,3,0,1,2,2,0,1,2,0,2,2,0,1,1,0,0,2,0,1,2,1,0,0,2,3,0,0,1,0,0,0,1,0,1,0,0,0,2,7,2,1,1,0,1,4,2,0,2,2,0,0,2,1,2,0,1,0,0,2,2,1,0,2,1,0,0,2,0,0,1,2,0,4,2,2,1,1,1,0,0,0,0,0,0,0,0,4,0,0,0,1,2,0,0,1,0,1,0,2,0,3,1,1,2,1,0,0,2,2,1,0,0,0,0,3,0,0,0,1,0,0,0,0,0,2,0,0,0,0,0,0,0,0,0,0,5,0,1,2,0,1,1,4,1,1,1,1,2,0,0,0,0,2,1,0,0,0,2,0,1,0,0,0,0,0,1,0,2,0,0,0,0,1,0,0,0,1,0,0,0,0,0,0,0,0,3,2,0,2,0,0,1,1,0,1,0,1,0,0,0,2,0,0,0,0,1,1,1,1,0,0,0,2,0,0,1,1,2,0,0,2,0,1,1,0,0,0,0,0,0,0,0,0,2,1,1,1,1,0,0,1,2,1,2,0,2,0,1,0,1,1,0,0,0,2,1,0,0,0,1,0,0,2,0,1,0,0,0,0,1,0,0,0,3,0,1,0,0,0,0,0,0,0,0,0,0,1,0,0,1,0,0,0,0,0,0,0,0,0,0,0,0,0,1,0,0,0,0,0,0,0,0,0,0,0,0,0,0,0,0,0,0,0,0,0,0,0,0,0,0,0
P43487,1,0,1,1,3,0,0,0,2,0,0,1,1,0,2,1,0,0,0,0,0,1,2,1,0,0,2,0,0,0,1,0,1,4,0,1,1,0,0,0,1,0,0,1,0,0,0,0,0,1,1,0,0,0,1,0,0,0,1,0,4,4,0,1,1,0,1,2,0,0,0,1,0,0,0,0,0,2,6,1,1,0,1,0,1,2,1,3,1,1,0,0,0,0,0,0,1,0,2,2,0,0,1,0,0,1,1,2,0,0,0,0,0,1,1,0,0,1,0,0,0,0,2,0,1,0,0,3,0,0,0,1,0,0,0,0,1,1,2,0,0,0,0,0,0,0,0,0,0,0,2,1,0,1,0,1,0,0,1,1,0,0,0,0,1,0,2,0,2,0,1,0,0,0,0,1,1,0,0,0,1,0,1,2,2,1,0,1,0,0,0,0,0,0,0,0,1,0,2,0,1,1,0,2,3,1,0,1,2,1,0,1,0,0,2,1,0,1,0,0,0,1,1,0,0,0,1,0,0,1,1,2,0,1,0,4,2,0,0,0,0,0,0,1,0,1,1,1,3,0,1,0,0,2,1,1,3,1,0,2,0,2,1,0,0,0,0,0,1,1,1,3,0,2,0,1,2,2,1,0,2,3,1,1,2,4,0,0,0,0,0,0,0,0,0,0,0,0,0,0,0,0,0,0,0,1,0,0,0,0,0,0,0,0,0,0,0,0,0,0,0,0,0,0,0,0,0,0,0,0,0,0,0,0,2,0,0,0,0,0,0,0,0
P46060,12,5,3,1,4,5,0,15,8,4,3,2,2,1,6,5,4,7,2,0,0,4,1,1,1,1,1,0,4,7,2,2,0,4,0,8,5,0,3,2,6,0,0,0,0,1,0,0,0,4,10,10,4,9,10,0,10,5,5,1,5,1,0,3,5,3,6,2,5,1,4,3,0,1,0,1,0,4,5,2,1,1,2,0,3,3,3,1,2,3,1,1,0,0,0,0,1,0,3,3,2,0,1,3,1,4,5,5,3,0,1,1,2,1,1,1,3,1,0,4,7,1,3,1,1,0,4,5,0,0,2,1,0,2,2,2,1,0,0,0,0,0,1,0,0,0,0,5,4,2,1,1,2,0,6,1,3,2,3,4,0,0,1,0,1,1,0,0,2,5,0,0,0,0,1,2,1,0,0,0,0,0,0,1,1,1,0,0,1,0,0,0,0,1,1,0,3,5,3,1,2,1,0,7,7,4,0,2,3,0,1,3,0,0,1,0,0,0,0,1,1,1,0,1,0,2,1,1,0,1,0,2,4,1,0,0,1,0,0,0,0,0,0,0,0,3,8,4,2,1,2,0,5,1,3,0,3,5,0,1,4,1,2,3,0,0,1,3,0,1,0,1,0,1,3,0,0,1,0,0,4,2,3,0,1,31,0,1,1,0,0,0,0,0,0,0,1,0,0,1,0,0,0,1,0,0,0,0,0,0,0,0,0,1,0,0,0,0,1,0,0,0,0,0,0,0,1,0,0,1,0,1,0,0,0,0,0,0,0,0,0,0,0
Q5T160,7,6,5,2,3,3,0,4,6,3,3,3,2,0,3,7,2,3,5,3,1,6,3,1,4,0,2,0,1,4,3,0,2,3,0,2,2,1,1,2,4,0,2,0,0,0,0,0,0,5,2,5,5,5,4,1,8,4,6,8,2,3,0,5,4,7,3,3,5,0,4,7,4,2,3,1,1,2,5,3,2,4,2,0,4,2,2,6,4,0,0,1,0,0,0,0,0,0,2,3,6,3,2,4,1,3,6,5,2,2,5,0,2,4,0,1,3,2,0,0,8,0,1,0,1,0,1,5,5,2,0,4,1,3,2,1,1,1,3,1,0,1,0,0,0,0,0,4,4,4,2,1,1,0,6,6,5,2,6,6,1,1,3,2,1,2,0,0,1,6,0,0,0,0,1,0,2,0,0,1,0,0,1,1,1,1,1,0,0,1,0,0,0,1,0,0,4,0,0,2,0,0,0,4,3,4,6,2,2,0,6,4,1,2,1,2,0,4,3,1,1,0,0,0,2,1,2,2,0,0,0,3,2,2,1,1,2,0,1,0,0,0,0,0,0,4,3,3,2,2,0,0,2,6,3,1,3,0,0,4,1,0,0,3,0,0,1,5,3,0,0,1,0,0,3,3,3,0,1,0,1,6,1,0,1,0,0,0,0,0,0,1,0,0,0,3,2,0,0,0,0,0,0,1,0,0,0,0,0,0,0,0,0,0,0,0,0,0,0,0,0,0,0,1,0,0,0,1,0,0,0,0,0,0,0,0,0,0,0,0,0,0,0
Q8N0V3,6,3,2,3,2,2,1,4,3,1,1,1,2,0,0,3,0,0,1,0,2,2,2,1,2,1,1,0,0,2,3,0,3,4,1,0,3,1,1,1,2,0,0,2,1,0,0,0,0,7,2,1,2,5,2,1,4,2,0,2,0,2,0,1,2,4,1,0,1,1,0,1,0,1,2,2,0,2,1,2,0,1,0,0,4,3,3,2,1,2,0,0,0,0,0,0,0,0,2,2,0,0,2,1,1,1,3,4,1,1,5,0,1,3,5,1,3,1,0,4,0,2,1,0,0,0,1,2,2,3,1,0,0,0,2,2,1,0,0,0,0,1,0,1,0,1,0,1,3,0,2,2,1,0,6,0,0,0,0,1,0,3,0,2,0,0,0,0,2,0,1,0,1,1,0,0,1,1,1,0,0,1,1,3,0,0,1,1,0,0,0,0,0,0,0,0,1,0,0,1,2,0,0,2,1,2,1,2,1,0,2,4,2,2,4,1,0,0,3,1,0,0,0,0,1,1,5,0,4,0,0,1,0,0,1,1,1,1,1,0,1,0,0,0,0,2,1,2,1,0,2,0,3,0,2,0,2,4,0,0,3,1,2,1,2,0,1,0,1,1,0,2,0,0,2,2,0,2,1,0,2,0,2,0,2,1,0,1,0,0,0,0,0,0,0,1,1,0,0,0,0,0,1,1,1,0,0,0,1,0,0,1,0,0,0,0,1,0,0,0,0,0,0,0,0,0,0,0,0,0,0,1,0,0,0,0,0,0,0,0,0,0,0
O43251,18,3,13,0,4,2,0,5,3,5,2,1,0,0,10,8,3,2,3,2,0,2,3,4,3,0,0,0,5,2,2,0,0,2,0,3,3,3,2,0,0,0,0,0,0,0,0,0,0,5,5,2,3,1,1,0,6,10,3,2,1,2,0,6,5,5,2,0,0,0,4,0,1,1,0,0,0,1,1,1,1,2,1,0,3,2,0,2,1,0,0,0,0,0,0,0,0,0,11,4,4,4,3,3,0,2,7,6,1,1,4,0,8,4,1,3,1,0,0,2,2,3,1,1,3,0,1,0,2,0,1,0,0,0,0,2,1,1,0,0,0,0,0,0,0,0,0,3,2,3,3,0,2,0,2,2,1,0,2,0,0,3,1,4,3,0,1,0,3,1,2,0,0,1,0,0,1,0,0,0,0,0,2,1,1,0,0,0,0,0,0,0,0,0,0,0,1,2,3,0,3,1,0,1,1,1,1,1,1,0,2,1,1,0,0,1,0,1,0,1,0,0,0,0,1,1,0,1,0,0,0,1,0,0,1,1,0,0,0,0,0,0,0,0,0,2,0,3,2,0,2,0,1,1,2,0,1,1,0,0,1,3,2,0,0,0,1,1,2,2,0,0,0,2,1,0,0,0,0,0,0,0,0,0,0,0,0,0,0,0,0,0,0,0,0,0,0,0,0,0,0,0,0,0,0,0,0,0,0,0,0,0,0,0,0,0,0,0,0,0,0,0,0,0,0,0,0,0,0,0,0,0,0,0,0,0,0,0,0,0,0,0,0
Q96PK6,21,14,27,10,4,3,1,7,5,9,8,3,1,0,11,14,18,6,1,3,0,13,4,4,2,0,1,0,5,4,6,0,3,0,0,2,3,1,0,2,0,1,0,0,1,0,0,0,0,8,4,5,1,4,1,0,3,3,6,0,4,0,0,8,3,9,0,4,1,0,13,0,5,2,2,0,0,0,2,3,1,5,0,0,2,0,0,2,0,2,0,0,0,0,0,0,0,0,23,7,16,5,2,0,0,8,2,4,11,2,3,0,27,6,7,5,2,2,1,11,3,4,0,0,0,0,1,1,3,0,4,3,0,3,2,3,1,1,0,0,1,0,0,0,0,0,0,22,5,3,4,6,2,0,1,1,1,3,1,0,0,2,0,8,4,2,2,0,3,0,1,1,0,0,0,1,0,1,0,0,0,0,0,0,0,0,1,0,0,0,0,0,0,0,0,0,2,2,1,2,2,2,0,1,3,2,0,1,2,0,3,4,6,1,2,2,0,1,0,2,0,0,0,0,1,2,5,2,0,2,0,1,1,3,0,1,0,0,0,0,0,0,0,0,0,3,1,1,2,0,1,0,3,2,3,0,0,0,0,2,3,1,2,0,0,0,1,0,2,0,0,0,0,3,0,1,0,0,1,0,0,1,1,0,0,0,0,0,0,0,0,0,1,0,1,0,0,0,0,0,0,0,0,0,0,0,0,0,0,0,1,0,0,0,0,0,0,0,0,0,0,0,0,0,0,0,0,0,0,0,1,0,0,0,0,0,0,0,0,0,0,0,0
P52756,8,7,9,1,3,4,1,14,3,3,7,2,4,0,10,5,9,5,8,3,0,1,2,1,1,2,0,1,1,2,1,2,5,1,0,3,5,5,4,5,2,0,0,0,0,0,1,0,0,6,6,10,2,4,5,0,6,5,2,7,1,1,1,5,3,1,6,4,4,0,2,6,5,6,4,4,0,3,4,1,0,2,4,0,2,4,5,2,1,1,0,1,0,0,0,1,0,1,8,4,8,1,4,6,0,6,1,8,6,3,4,0,7,5,13,5,1,8,0,5,3,9,5,3,1,0,4,1,6,1,4,4,0,7,4,6,2,9,2,1,0,0,0,0,0,0,0,2,4,6,0,0,4,0,3,3,6,1,0,2,1,4,5,9,4,0,1,0,4,1,6,4,3,0,0,3,2,1,2,3,3,0,2,1,4,0,1,2,0,0,1,0,0,1,0,0,2,7,2,3,0,3,0,0,4,2,4,4,3,1,3,3,1,0,4,6,0,3,3,0,2,1,1,1,3,3,4,2,5,7,1,6,3,4,0,8,6,0,0,1,0,0,0,0,0,7,5,5,1,1,2,0,4,6,2,1,4,1,0,2,7,5,6,3,9,0,1,1,2,0,1,4,0,3,4,4,3,5,8,0,1,1,7,1,3,4,0,0,0,1,0,0,0,0,0,0,1,0,0,0,0,0,1,0,1,0,0,0,0,0,1,0,0,0,0,0,0,0,0,0,0,0,0,2,0,1,1,0,0,0,0,0,0,0,0,0,0,0,0,0,1,0,0
Q15434,3,1,4,3,2,1,0,3,2,7,3,4,1,0,6,6,7,3,0,1,0,2,2,2,4,1,1,0,1,2,2,2,0,0,1,2,1,0,0,0,0,1,0,0,0,0,0,0,0,3,4,8,3,2,2,0,4,2,3,2,2,1,0,3,10,8,0,3,1,0,2,4,6,1,0,2,1,3,1,2,0,1,0,1,1,0,2,3,0,0,0,0,0,0,0,0,0,0,5,6,7,0,3,1,0,10,6,9,8,1,2,0,8,8,6,5,1,3,0,2,1,4,2,0,0,0,2,1,1,1,0,1,0,1,1,1,0,1,1,0,0,0,0,0,0,0,0,2,5,1,2,1,0,0,3,1,4,2,0,0,0,4,9,2,1,1,0,0,3,1,2,4,3,0,0,1,1,0,1,1,0,0,0,0,3,2,0,1,0,0,1,0,0,0,0,0,0,2,2,3,0,0,0,2,1,3,1,0,0,0,0,1,4,0,0,0,0,1,2,3,1,0,0,0,0,1,0,1,1,0,0,0,1,1,0,0,0,0,0,1,0,0,1,0,0,1,2,1,1,0,0,0,0,1,0,0,0,2,0,1,2,4,0,1,0,0,1,0,0,1,0,3,0,0,1,0,0,0,0,0,1,0,1,0,0,0,0,0,0,0,0,1,0,0,0,0,0,0,0,0,0,0,1,0,0,1,0,0,0,0,0,0,0,0,0,0,0,0,0,0,0,0,0,0,0,1,0,1,0,0,0,0,0,0,0,0,0,0,0,0,0,0,0
Q15293,0,2,0,1,3,0,0,6,2,3,2,3,2,0,0,3,1,1,0,0,0,1,1,1,0,2,4,0,3,3,0,0,1,1,0,3,0,0,2,1,0,0,0,0,0,0,0,0,0,1,6,1,2,1,3,0,3,2,2,1,1,1,0,0,1,1,3,3,3,0,1,1,1,1,1,2,0,4,0,0,0,2,5,0,3,1,1,1,2,8,0,0,0,0,0,0,0,0,1,2,2,2,0,0,0,1,0,1,1,3,3,0,3,0,0,0,0,1,0,0,1,1,3,0,1,0,0,1,1,0,2,0,0,1,2,1,2,1,4,0,0,0,0,0,0,0,0,0,1,0,1,2,0,0,0,2,1,1,0,3,0,2,2,0,0,1,0,0,0,0,0,1,2,3,0,1,1,2,0,0,2,0,1,6,3,0,1,2,0,0,0,0,0,0,0,0,3,2,2,0,2,2,0,2,1,1,1,1,3,0,1,2,0,1,0,3,0,2,1,0,0,1,0,0,2,2,0,1,0,1,0,2,2,3,0,3,3,0,0,0,0,0,0,0,0,1,5,1,3,0,1,0,2,3,3,1,3,3,0,1,1,2,1,0,4,0,0,3,2,1,0,3,0,1,2,4,3,1,4,0,1,4,1,4,7,0,0,0,0,0,0,0,0,0,0,0,0,0,0,0,0,0,0,0,0,0,0,0,0,0,0,0,0,0,0,0,0,0,0,0,0,0,0,0,0,0,0,0,0,0,0,0,0,0,0,0,0,0,0,0,0,0,0
Q14257,5,1,1,1,0,0,1,4,5,0,1,3,1,0,0,1,0,2,1,4,0,0,3,0,1,1,0,0,1,0,0,0,0,2,0,1,0,2,3,1,4,0,0,1,0,0,0,0,0,2,5,2,2,1,5,0,4,4,1,2,0,5,0,1,1,1,1,0,2,0,0,2,2,1,1,3,0,2,0,1,0,5,1,0,0,4,3,2,0,6,0,0,0,0,0,0,0,0,0,1,2,0,0,1,0,1,2,1,0,1,2,0,0,2,1,2,0,1,0,0,3,0,0,2,1,0,0,1,0,0,1,0,0,3,1,3,2,0,6,0,0,0,0,0,0,0,0,1,3,1,0,1,0,0,3,1,0,3,2,3,0,2,1,1,0,0,1,0,1,1,0,1,1,1,0,2,1,1,0,0,2,0,0,3,0,0,1,3,0,0,0,0,0,0,0,0,1,0,2,0,0,2,0,1,1,2,1,0,0,0,0,0,0,0,0,1,0,0,0,0,1,0,0,0,0,2,0,1,1,3,0,3,1,4,1,2,0,0,0,0,0,0,0,0,0,0,4,0,2,1,3,0,4,2,2,2,3,3,0,1,2,3,1,1,6,0,5,3,3,1,1,2,0,0,1,0,0,0,3,0,3,7,2,7,0,2,0,0,0,0,0,0,0,0,0,0,0,0,0,0,0,0,1,0,0,0,0,0,0,0,0,0,0,0,0,0,0,0,0,0,0,0,0,0,0,0,0,0,0,0,0,0,0,0,0,0,0,0,0,0,0,0,0
O94761,25,15,9,9,10,5,0,19,17,8,6,9,8,3,13,9,6,4,3,4,1,14,13,6,3,4,3,1,9,8,3,4,5,5,1,4,4,4,3,2,6,0,0,0,1,0,0,0,0,17,15,9,16,9,6,1,13,13,7,10,5,9,3,7,12,5,0,9,6,3,8,15,4,6,1,4,2,6,7,4,3,5,6,2,4,11,2,3,2,7,2,3,3,2,4,1,1,0,9,10,6,5,5,4,0,11,13,5,5,2,3,2,7,6,4,1,4,4,1,1,4,0,1,1,0,1,3,8,2,0,5,2,0,4,6,1,2,4,4,0,2,5,3,0,0,0,0,6,13,8,7,4,4,0,7,10,7,8,8,4,2,2,7,3,1,1,1,1,4,4,3,1,1,2,0,1,1,2,3,5,1,0,1,3,2,3,1,2,0,0,1,1,1,2,0,0,9,7,5,5,2,2,0,9,3,5,6,5,5,2,3,1,6,1,2,2,2,5,4,1,0,5,0,1,6,6,3,3,3,3,0,3,1,3,5,4,3,0,2,0,0,1,0,0,0,5,8,3,2,2,2,0,12,2,7,3,3,2,2,6,4,3,1,0,3,0,6,5,1,4,1,3,0,3,4,3,1,1,2,0,5,6,6,4,1,5,0,0,1,0,0,1,0,0,2,2,0,0,3,0,0,2,2,3,2,1,0,0,1,2,0,0,1,1,2,4,1,1,0,0,0,0,1,1,0,2,0,0,0,1,0,0,0,0,0,0,0,0,0,0,0,0,0
Q9P2R6,8,15,12,6,4,6,1,10,27,12,8,12,3,0,6,16,9,7,6,9,1,2,14,12,5,1,0,0,5,5,3,1,1,5,0,1,5,4,1,3,10,1,1,0,1,0,0,1,0,15,24,8,7,3,4,0,11,39,17,34,9,16,1,13,24,18,10,4,5,3,13,25,8,11,6,4,1,7,7,8,3,6,4,1,8,6,8,4,10,4,2,0,0,2,1,0,0,0,15,13,10,7,4,2,1,12,29,18,10,3,6,2,12,17,15,4,5,7,0,4,12,5,4,7,2,1,3,6,5,1,7,4,1,7,7,7,5,2,4,0,1,3,1,0,0,0,0,5,9,6,8,1,0,0,15,18,16,9,7,3,0,12,9,6,8,2,0,0,4,8,6,7,2,3,0,6,3,2,2,5,2,1,1,1,5,5,4,1,0,0,0,0,0,2,0,0,7,7,9,2,6,4,1,7,5,6,4,4,10,0,4,3,7,2,6,4,0,2,4,3,0,4,2,0,7,6,6,5,4,1,0,6,6,1,1,27,1,0,1,0,0,0,0,1,1,2,3,8,3,2,8,0,5,6,8,2,1,4,0,4,10,5,3,3,7,1,4,5,3,3,0,6,0,7,9,2,3,6,25,0,2,1,7,4,6,7,0,0,1,1,0,0,1,0,0,1,1,1,0,1,0,1,3,0,0,0,0,0,1,1,1,1,1,0,0,0,0,0,0,1,0,0,1,0,0,0,0,1,0,1,0,1,1,0,0,0,1,0,0,0,0,0,0
P40937,0,3,1,1,0,0,0,3,6,1,1,2,2,0,1,3,5,1,1,1,1,0,3,0,1,0,1,0,1,2,1,1,3,2,0,2,0,0,1,0,2,0,1,0,0,0,0,0,0,1,4,5,1,7,0,0,4,3,3,7,3,6,1,1,2,3,3,2,0,0,2,5,0,0,3,1,0,1,3,6,1,0,3,0,3,3,3,4,2,0,0,0,1,0,0,0,0,0,2,4,2,2,1,2,0,0,8,2,3,2,3,0,4,5,1,1,1,1,0,0,3,1,0,0,2,1,1,2,2,0,0,1,0,1,1,1,0,0,1,0,0,0,1,0,1,0,0,0,2,1,0,0,1,0,4,4,3,0,3,2,0,1,1,2,0,0,0,0,1,1,1,0,1,0,0,1,2,1,0,0,0,0,0,2,1,1,0,0,0,0,1,0,0,0,0,0,0,1,2,0,0,0,1,4,3,1,0,2,1,0,4,3,1,2,1,2,1,1,1,0,0,0,0,0,0,2,1,0,0,0,0,1,1,0,1,1,3,0,0,0,0,0,0,0,0,2,0,2,1,2,1,0,3,2,1,0,1,1,0,2,4,0,0,1,0,0,0,3,2,3,0,0,0,0,0,2,0,0,1,0,1,1,3,1,0,1,0,0,0,0,0,0,0,0,0,1,0,0,0,0,0,0,1,0,0,1,0,0,0,0,1,0,0,0,0,0,0,0,0,0,0,0,0,0,1,0,0,0,0,0,0,0,0,0,0,0,0,0,0,0,0,0,0
P48382,9,7,8,0,7,5,0,11,11,4,1,3,1,0,6,4,6,2,7,4,0,6,2,1,0,1,4,0,7,9,4,1,1,2,0,9,4,3,1,3,0,0,1,0,0,0,0,0,0,7,9,8,7,4,3,1,9,19,8,3,7,1,1,5,2,6,1,4,2,0,2,1,1,3,1,1,0,4,1,2,2,2,5,1,1,2,1,1,4,2,0,0,0,1,0,0,0,0,3,4,4,1,7,4,0,5,5,5,0,3,2,0,1,7,1,3,2,2,1,3,2,0,1,2,1,0,3,3,2,0,6,2,0,2,1,3,1,0,2,1,0,0,1,0,0,0,0,3,2,4,4,1,2,0,3,5,1,1,0,0,0,1,3,0,0,1,1,0,2,1,1,1,1,0,0,1,3,1,0,0,1,0,1,1,2,1,1,2,1,0,0,0,0,0,0,0,7,5,1,0,2,3,0,8,6,1,2,3,4,0,4,2,3,2,0,0,0,3,1,1,1,0,2,0,3,3,1,1,5,1,0,6,1,0,2,1,1,0,0,0,0,0,0,0,1,6,3,5,2,3,3,0,3,1,1,2,1,3,0,6,1,1,1,0,0,0,0,3,2,0,1,1,0,0,5,1,4,0,0,0,3,2,0,1,1,3,0,0,0,2,0,0,0,0,1,1,0,0,0,0,0,0,0,0,0,0,0,0,0,1,0,0,2,1,0,0,0,0,0,0,0,0,0,0,0,0,0,0,0,0,0,0,0,0,0,0,1,0,0,0,0,0,0
Q2KHR2,9,10,14,5,0,4,0,14,13,17,7,4,6,1,10,20,23,8,8,5,0,5,9,8,6,5,1,0,4,2,7,3,1,0,0,2,7,5,5,0,4,0,1,0,0,0,0,0,0,10,8,19,10,7,3,0,16,13,17,17,2,3,1,16,26,18,15,5,7,0,5,9,15,15,3,7,0,5,3,3,4,6,3,1,3,9,10,6,3,3,0,0,0,0,1,0,1,0,11,18,20,7,3,7,0,13,17,26,10,10,8,0,17,15,29,17,4,7,2,10,17,21,8,4,3,0,6,4,8,6,1,4,3,6,7,5,7,2,2,0,0,3,1,1,0,0,0,5,9,10,9,1,3,1,7,13,16,9,3,6,0,12,14,11,13,6,3,0,8,7,7,7,4,7,0,4,6,4,5,1,0,1,3,5,4,2,2,3,4,0,0,0,1,1,0,0,3,7,6,1,3,4,0,2,5,2,3,2,6,0,5,6,2,4,5,4,2,6,6,2,1,2,4,0,4,3,1,2,2,0,0,3,3,0,0,0,1,0,1,1,0,0,2,1,0,4,8,5,2,2,1,0,5,8,7,7,3,5,0,5,3,7,6,3,3,1,2,6,5,3,3,1,2,1,1,3,1,1,0,0,3,4,4,2,0,3,0,2,0,2,0,0,0,0,0,1,1,0,1,1,0,0,0,2,1,1,0,0,1,0,1,0,1,0,0,2,0,1,0,0,0,0,0,1,2,0,0,0,0,2,0,0,0,0,0,0,0,0,0,0,0,0,0
O00287,14,5,8,2,0,5,2,5,3,3,1,2,0,0,6,0,2,1,1,2,0,2,0,1,1,0,2,0,0,0,0,0,1,0,0,3,1,2,0,0,3,1,0,1,0,1,0,0,0,5,2,0,3,0,0,0,0,0,3,4,0,2,0,2,5,0,0,2,0,0,1,1,2,2,0,1,0,3,0,0,0,2,1,0,1,0,1,0,0,1,0,0,0,0,0,0,0,0,6,3,3,0,1,1,0,1,1,0,1,2,0,0,4,0,3,0,1,2,1,0,1,1,0,0,0,0,1,1,1,2,1,1,0,1,1,1,0,0,2,0,1,0,1,0,0,0,0,3,0,0,0,0,1,0,3,2,0,0,1,0,0,2,0,1,0,0,1,0,0,2,0,3,2,0,0,2,0,0,3,1,0,0,1,2,1,0,0,0,0,0,0,0,0,0,0,0,3,3,0,1,0,0,0,0,1,0,0,0,0,0,0,0,2,0,1,0,0,0,1,0,1,4,1,0,1,0,1,2,3,0,1,1,0,0,0,1,0,0,0,0,1,0,0,0,0,5,1,1,0,0,2,0,1,2,2,0,1,1,0,0,0,2,0,1,0,1,1,0,0,0,0,0,0,0,0,1,0,0,0,0,2,3,0,1,0,4,0,0,1,0,0,0,0,0,0,0,0,0,0,1,0,0,0,1,1,0,0,0,0,0,0,1,1,0,0,0,1,0,0,0,0,0,0,0,0,0,0,0,0,0,0,0,0,0,0,0,0,0,0,0,0,0,0
Q8IXI1,16,4,2,4,3,6,2,4,13,6,6,2,0,2,3,4,2,0,5,1,1,8,6,1,0,1,2,0,2,3,2,4,0,2,1,2,6,7,0,2,3,2,2,0,2,1,0,0,0,7,3,6,9,6,4,0,14,13,8,4,4,4,1,5,10,5,5,2,1,0,2,4,4,1,4,1,0,2,2,1,1,2,2,0,5,3,5,1,0,5,0,1,1,2,0,0,0,0,4,9,3,1,0,5,1,7,7,4,3,2,3,1,7,4,2,1,1,2,1,2,2,1,2,0,1,0,6,4,0,3,0,1,0,2,2,0,2,0,0,0,1,0,0,0,0,1,0,1,7,2,3,2,2,1,4,6,1,0,0,5,0,1,2,3,1,1,0,0,1,1,0,0,1,0,1,3,1,2,0,1,1,1,1,2,1,2,1,0,1,0,1,0,0,0,0,0,5,2,2,0,1,4,0,1,4,0,3,1,3,0,2,2,1,0,1,1,0,3,3,1,0,1,0,0,0,1,1,0,0,1,1,0,3,0,3,1,1,0,1,2,0,0,0,0,0,1,6,1,1,2,1,1,5,3,6,0,1,3,0,4,4,5,1,2,0,0,1,0,0,1,2,4,0,1,1,2,0,1,1,0,2,2,3,0,2,2,0,0,2,1,0,0,0,0,3,2,0,0,0,0,0,0,2,3,0,0,1,0,1,1,0,0,2,1,0,1,0,0,0,0,0,0,0,0,0,0,0,0,0,1,0,0,0,0,0,0,0,0,0,0,0,0,0
Q96GF1,2,3,2,1,2,2,0,5,5,1,0,0,0,1,2,3,2,1,0,2,0,0,2,1,0,1,0,0,1,0,1,1,0,1,1,1,0,0,1,1,0,0,0,1,0,0,0,0,0,8,4,1,1,2,0,0,3,6,1,3,2,0,0,2,2,2,0,1,0,0,1,2,0,1,0,1,2,1,1,2,1,0,0,0,0,1,0,1,0,0,0,1,2,0,0,0,0,0,0,2,4,0,1,0,0,5,2,0,0,0,0,0,2,0,0,2,0,1,0,0,2,0,0,0,1,0,0,0,0,0,0,1,0,1,2,0,1,0,0,0,0,0,0,0,0,0,0,1,0,1,1,0,0,1,3,0,2,1,2,0,1,0,0,1,0,0,0,0,1,1,0,1,0,0,0,0,0,0,1,0,0,0,0,2,0,0,0,1,0,0,1,0,0,0,1,0,0,0,2,0,0,1,0,0,1,0,0,0,1,0,1,2,0,0,0,1,0,1,1,0,0,0,1,0,0,0,0,0,0,0,0,0,0,0,0,2,0,0,1,0,0,0,0,0,0,1,1,1,0,0,0,0,0,0,2,1,1,1,1,0,0,0,0,0,0,0,1,1,0,1,0,0,0,1,1,1,0,0,0,0,1,0,0,0,0,0,0,0,0,0,0,0,0,0,0,1,0,1,0,0,0,0,1,1,2,0,0,0,0,0,0,0,0,0,0,0,0,0,0,0,0,0,0,0,0,0,0,0,0,0,1,0,0,0,0,0,0,0,0,0,0,0,0
Q99942,7,1,3,0,4,2,0,0,3,1,1,1,1,1,2,1,1,0,0,2,0,1,2,0,0,0,0,0,1,0,1,0,1,2,1,0,1,0,0,1,1,0,1,0,0,0,0,0,0,6,3,1,0,0,1,0,4,7,2,2,0,1,0,1,2,0,0,1,1,0,2,3,0,1,0,0,2,0,2,1,2,0,0,0,1,0,0,2,0,0,0,0,2,0,0,0,1,0,2,1,0,0,2,0,0,1,3,0,2,0,0,0,1,1,0,0,0,0,0,0,0,0,0,0,0,0,0,1,0,0,0,0,0,1,3,0,1,0,0,0,0,0,0,0,0,0,0,0,1,0,3,0,0,1,4,1,0,0,2,0,1,1,0,1,0,0,0,0,0,1,1,1,0,0,0,0,0,0,0,0,1,0,0,0,0,0,0,0,0,0,0,1,0,0,1,0,0,0,2,0,0,0,0,0,2,0,0,1,1,0,0,1,0,0,0,2,0,1,1,1,0,0,0,0,0,1,0,0,0,0,0,0,1,0,0,2,0,0,1,0,0,0,0,0,0,2,1,0,0,0,0,0,2,0,1,1,1,0,1,0,0,0,0,0,0,0,1,1,0,1,1,0,0,1,0,1,1,0,0,0,1,0,0,0,0,2,0,0,0,0,0,0,0,0,0,1,1,0,0,0,0,0,0,0,2,0,0,0,0,1,0,0,0,0,0,0,0,0,0,0,0,0,0,0,0,0,0,0,0,0,1,0,1,0,0,0,0,0,0,0,0,0,0
Q8TA86,4,0,0,0,1,1,0,1,3,0,0,1,0,0,0,0,0,0,2,0,0,1,0,0,0,0,1,0,1,2,1,0,0,0,0,0,1,1,2,2,1,0,0,0,0,0,0,0,0,0,1,0,1,1,1,0,1,3,1,1,1,3,2,0,0,0,1,0,1,0,0,0,0,3,2,1,0,1,0,2,1,1,1,0,0,0,1,1,2,1,0,0,0,0,0,0,2,0,0,0,0,0,1,1,0,1,0,1,0,0,1,0,0,1,6,0,2,1,0,0,1,0,0,0,0,0,0,0,1,2,1,1,0,0,1,1,0,0,2,0,0,0,0,0,0,0,0,1,2,1,0,1,1,0,1,0,0,1,1,1,0,1,0,0,0,1,0,0,2,2,0,0,0,0,0,0,2,0,0,3,2,0,0,2,0,1,2,0,0,0,0,0,1,0,0,0,1,2,0,1,0,3,0,0,3,0,3,1,0,0,0,1,2,0,0,1,0,1,1,0,1,3,2,1,1,0,0,5,16,1,1,1,0,1,1,3,1,0,0,0,0,0,1,0,0,0,0,1,0,0,0,0,0,3,0,1,2,0,0,1,1,3,0,0,1,0,2,0,1,0,2,1,0,4,3,0,0,3,2,0,0,2,1,1,2,2,0,0,0,0,0,0,0,0,0,0,0,0,0,0,0,0,0,0,0,0,0,0,0,0,0,0,0,0,0,0,0,1,0,0,0,0,0,0,0,1,0,0,0,0,0,0,0,1,1,0,0,0,0,0,0,0,0
Q9H7B2,0,2,1,0,2,0,0,1,1,2,3,2,2,0,2,3,1,0,1,2,0,2,1,1,0,1,0,0,0,3,2,0,1,1,0,0,2,0,0,1,0,0,0,0,0,0,0,0,0,2,3,4,1,4,0,0,0,3,4,0,3,2,0,2,4,1,0,3,3,1,0,1,2,1,2,2,0,3,4,5,0,6,1,0,0,5,0,1,2,2,0,0,0,0,0,1,0,0,0,4,2,2,0,3,0,3,2,0,3,5,2,0,1,1,1,1,2,0,0,0,2,0,0,1,1,0,1,3,1,0,5,0,1,0,2,2,1,0,2,0,0,0,0,0,0,1,0,1,0,0,1,0,0,0,2,0,0,0,4,0,0,2,1,0,1,1,1,0,0,1,1,0,0,0,0,0,2,0,1,3,0,0,0,1,0,1,0,2,0,0,0,0,0,0,0,0,1,1,1,1,1,0,0,5,3,4,2,4,2,0,2,5,2,2,3,1,0,0,0,1,1,0,0,0,1,6,6,1,5,2,0,1,2,0,1,0,0,0,1,0,0,0,0,0,0,1,1,0,0,0,0,0,3,3,4,0,1,2,1,2,1,1,0,1,0,0,0,1,1,0,1,1,0,0,2,0,0,1,0,0,1,2,3,0,0,0,0,0,0,0,0,0,0,0,0,0,1,0,0,0,0,0,0,0,0,0,0,0,0,0,0,0,0,0,0,0,0,0,0,0,0,0,0,0,1,0,0,0,0,0,0,1,0,0,0,0,0,0,0,0,0,0,0
P47914,1,0,0,1,2,0,0,3,0,1,0,4,0,0,1,0,1,0,0,0,0,2,0,2,1,1,0,0,7,4,2,0,2,0,0,1,0,0,0,1,0,0,0,0,0,0,0,0,0,1,0,1,3,3,1,0,0,0,0,0,2,0,0,1,0,0,0,0,1,0,1,0,0,0,0,0,0,3,4,1,0,2,1,1,1,0,0,0,0,0,0,0,0,0,0,0,0,0,1,2,0,0,2,0,0,1,0,0,0,0,0,0,1,0,0,1,0,0,0,0,0,0,2,1,1,0,1,1,0,1,2,0,0,0,0,1,0,0,0,0,0,0,0,0,0,0,0,0,2,0,1,1,0,0,0,0,0,0,0,0,0,0,0,1,0,3,0,0,1,0,1,1,3,0,0,0,1,1,1,2,0,0,0,0,0,0,1,0,0,0,0,0,0,0,0,0,0,4,2,1,6,1,0,5,2,1,1,4,1,0,1,1,0,3,1,0,0,0,0,1,2,0,0,0,2,3,2,1,0,0,0,0,1,0,0,0,0,0,0,1,0,0,0,0,0,1,0,0,0,1,0,0,0,0,0,0,1,0,0,1,0,0,0,1,0,0,0,0,0,0,0,0,0,1,1,0,0,0,0,0,0,0,0,0,0,0,0,0,0,0,0,0,0,0,0,0,0,0,0,0,0,0,0,0,0,1,0,0,0,0,0,0,0,0,0,0,0,0,0,0,0,0,0,0,0,0,0,0,0,0,0,0,0,0,0,0,0,0,0,0,0,0,0
P49207,0,1,1,0,3,0,1,0,0,1,0,2,0,1,1,0,0,1,1,0,0,1,0,0,0,1,0,0,3,3,1,1,2,0,0,0,0,0,0,0,0,0,1,0,1,0,1,0,0,0,0,0,0,4,0,0,1,1,0,0,0,0,0,1,0,0,0,1,0,0,0,0,0,0,0,0,0,2,0,2,3,1,1,0,0,0,0,0,0,0,0,1,0,0,0,0,0,0,1,1,1,1,1,0,0,1,0,1,0,4,0,0,1,3,0,0,0,0,0,1,0,1,0,0,0,0,0,1,2,1,0,0,0,0,0,0,0,0,0,0,0,0,0,0,0,0,0,0,1,1,1,1,0,0,0,0,0,0,0,0,0,1,0,1,1,0,0,0,0,0,0,0,0,0,0,0,0,0,0,1,0,0,0,0,0,0,0,1,0,0,0,0,0,0,0,0,4,1,0,0,1,0,2,2,0,0,0,3,0,0,1,3,2,0,2,0,0,2,0,2,0,0,1,0,0,1,3,0,1,0,0,0,0,0,0,1,0,0,0,0,0,0,0,0,0,0,0,0,0,0,0,0,0,1,0,0,0,0,0,0,0,0,0,0,0,0,0,0,0,0,0,0,0,1,0,0,0,0,0,0,0,1,0,0,0,0,0,0,0,0,0,0,0,0,1,0,1,0,0,0,0,0,0,0,0,0,0,0,0,0,1,0,0,0,0,0,0,0,0,0,0,0,1,0,0,0,0,0,0,0,0,0,0,0,0,0,0,0,0,0,0,0,0
P63173,0,1,0,0,0,0,0,1,1,1,0,0,0,0,0,1,0,0,1,0,0,0,0,0,0,0,1,0,0,1,0,0,0,1,0,0,0,0,0,1,0,0,0,0,0,0,0,0,0,0,2,0,0,0,0,0,0,2,1,0,0,1,0,0,0,1,1,1,0,0,0,0,0,0,0,0,0,2,0,0,0,1,1,0,0,0,0,0,2,1,0,0,0,0,0,0,0,0,0,0,0,0,0,0,0,1,1,1,0,0,0,0,0,1,0,0,0,0,0,0,0,0,0,1,0,0,1,0,1,0,0,0,0,0,0,0,0,0,0,0,0,0,0,0,1,0,0,0,0,0,0,0,0,0,0,0,0,0,0,0,0,0,0,0,0,0,0,0,0,0,0,0,0,0,0,0,1,0,0,1,0,0,0,0,0,0,1,0,0,0,0,0,0,0,0,0,1,0,2,1,1,1,0,0,0,1,0,3,2,0,0,0,0,0,0,0,1,0,0,0,0,1,0,0,1,2,0,0,1,0,0,1,0,1,0,1,0,0,0,0,0,0,0,0,0,0,0,0,0,1,0,0,0,0,0,0,1,0,0,0,1,0,0,0,0,0,0,0,0,0,0,0,0,1,1,0,1,1,1,0,0,1,0,0,0,0,0,0,0,0,0,0,0,0,0,0,0,0,0,0,0,0,0,0,0,0,0,0,0,0,0,0,0,0,0,0,0,0,0,0,0,0,1,0,0,0,0,0,0,0,0,0,0,0,0,0,0,0,0,0,0,0,0
P04843,7,15,2,0,1,2,0,7,6,3,7,7,7,0,2,6,0,3,3,5,0,3,0,2,1,1,4,0,2,3,5,2,0,1,0,3,7,3,1,1,1,0,0,0,0,0,0,0,0,6,6,5,5,5,4,0,6,19,4,3,5,2,0,0,7,7,3,3,5,0,4,1,5,2,5,1,0,9,2,5,1,1,2,0,2,5,4,3,3,3,0,1,0,0,0,0,0,0,3,5,2,1,3,3,0,6,7,9,3,1,4,1,7,7,6,3,0,2,0,2,3,3,2,2,1,0,2,5,3,2,2,0,0,3,6,3,1,2,2,0,0,0,0,0,0,0,0,4,5,1,1,1,2,0,1,2,3,1,0,1,0,3,3,4,0,2,2,0,1,0,1,0,0,3,0,1,1,3,1,2,1,0,3,2,3,0,0,3,0,0,0,0,0,0,0,0,3,2,6,2,2,4,0,3,1,3,0,4,2,0,3,6,5,2,3,1,0,3,1,2,0,0,1,0,3,1,1,1,0,0,0,1,0,1,1,0,0,1,0,0,0,0,0,0,0,3,4,3,2,1,1,0,7,4,3,4,3,3,0,2,2,3,2,3,2,0,1,3,1,0,1,1,0,2,1,3,0,1,0,0,2,4,1,1,1,3,0,0,1,0,0,0,0,0,1,0,0,0,0,0,0,0,0,0,0,0,1,0,0,0,0,0,0,0,0,0,0,0,0,0,0,0,0,0,0,0,0,0,0,0,0,0,0,0,0,0,0,0,0,0,0,0,0
P04844,9,11,6,5,0,3,0,4,12,12,3,1,2,0,7,8,7,3,3,3,0,5,1,10,3,1,4,0,2,2,2,0,1,0,0,6,2,2,3,0,2,0,0,0,0,0,0,0,0,7,8,10,9,0,5,0,9,12,7,4,3,2,0,6,10,7,6,4,2,0,0,6,7,3,2,0,0,6,3,2,0,2,2,0,5,4,2,1,2,3,1,0,0,0,0,0,0,0,8,5,8,5,4,2,0,16,7,7,5,4,5,0,6,8,2,0,2,3,1,2,3,3,1,0,1,0,1,4,0,5,1,0,0,2,5,1,1,0,2,0,1,0,0,0,0,0,0,4,3,3,0,0,1,0,4,3,3,1,2,2,0,8,13,1,1,2,2,0,1,4,4,2,0,0,0,0,2,1,1,1,0,0,1,2,1,1,1,1,0,0,0,0,0,0,0,0,2,2,2,2,2,1,0,2,2,5,1,1,2,0,2,3,2,0,0,1,0,1,1,0,2,0,2,0,2,0,1,0,0,2,0,2,2,1,0,0,0,0,0,0,0,0,0,0,0,4,5,2,3,0,3,0,4,1,1,4,4,5,0,3,2,3,0,0,0,0,1,0,3,0,2,0,0,0,2,2,0,0,1,0,1,4,1,0,2,1,0,1,0,0,0,0,0,0,0,0,1,0,1,0,0,0,0,0,0,0,0,0,0,0,0,0,0,0,0,0,0,0,0,0,0,0,0,0,0,0,0,0,0,0,0,0,0,0,0,0,0,0,0,0,0,0,0
P42677,0,0,2,0,0,0,1,0,1,0,0,1,0,1,0,1,2,1,0,0,0,0,0,1,0,0,0,0,1,0,0,0,0,0,0,0,0,2,0,0,0,0,0,1,0,0,0,0,0,1,0,2,0,0,0,0,0,0,1,0,0,1,0,0,1,1,1,0,0,1,0,1,0,0,0,0,1,1,0,1,0,1,0,0,0,0,0,0,1,0,0,0,0,0,0,1,0,0,0,0,0,0,0,0,0,1,0,1,2,2,0,0,0,1,0,1,0,0,1,2,1,0,0,0,0,0,0,0,0,0,0,0,0,0,0,0,0,0,0,0,3,0,0,0,0,0,0,0,1,0,1,0,0,0,0,1,1,0,0,0,0,0,1,0,0,0,0,0,0,0,0,0,1,0,0,0,0,0,0,2,0,0,0,0,0,0,0,0,0,0,1,0,0,0,0,0,1,1,0,0,1,1,0,0,0,1,0,0,0,0,0,0,0,0,0,0,1,0,0,0,0,1,0,0,0,1,0,1,4,1,0,0,0,0,0,0,1,0,0,0,0,0,0,0,0,0,0,0,0,0,0,0,0,0,1,0,0,0,0,0,2,0,0,0,0,0,0,0,0,0,0,0,0,1,0,0,0,0,0,0,0,1,0,0,0,1,0,0,0,0,0,0,0,0,1,1,0,0,0,1,0,2,0,0,0,0,0,0,0,0,0,0,0,0,0,0,0,0,0,0,0,0,1,0,0,0,0,0,0,0,0,0,0,0,0,0,0,0,0,0,0,0,0
H0YMV8,0,0,2,0,0,0,1,0,2,0,1,1,0,1,0,1,2,1,0,0,0,0,0,1,0,0,0,0,1,0,0,0,0,0,0,0,0,2,0,0,0,0,0,1,0,0,1,0,0,1,1,2,0,0,0,1,1,0,0,0,1,1,1,0,1,1,1,0,0,1,1,1,0,0,0,0,1,1,1,1,0,1,0,0,0,0,0,0,1,0,0,0,1,0,0,1,0,0,0,0,0,0,0,0,0,1,0,1,2,2,0,0,0,1,0,1,0,0,1,2,1,0,0,0,0,0,0,0,0,0,0,0,0,0,0,0,0,0,0,0,3,0,0,0,0,0,0,0,2,0,1,0,0,0,0,1,1,0,0,0,0,0,1,0,0,0,0,0,0,0,0,0,1,0,0,0,0,0,0,2,0,0,0,0,0,0,0,0,0,0,1,1,0,0,0,0,1,1,0,0,1,1,0,1,0,1,0,0,0,0,0,0,0,0,0,0,1,0,0,0,0,1,0,1,0,1,0,1,4,1,0,0,0,0,0,0,1,0,0,0,0,0,0,0,0,0,0,0,0,0,0,0,0,0,1,0,0,0,0,0,2,0,0,0,0,0,0,0,0,0,0,0,0,1,0,0,0,0,0,0,0,1,0,0,0,1,0,0,0,0,0,0,0,0,1,1,0,0,0,1,0,2,1,0,0,0,0,0,0,0,0,0,0,0,0,0,0,0,0,0,0,0,1,0,0,1,0,0,0,0,0,0,0,0,0,0,0,0,0,0,0,0,0
Q9NTJ5,5,3,7,6,3,2,0,0,10,7,4,4,1,0,4,7,3,1,1,1,0,4,6,5,2,2,2,0,1,2,3,2,0,2,0,3,2,5,1,1,2,0,1,0,0,0,0,0,0,4,8,2,5,1,7,0,9,10,9,3,4,2,2,7,4,6,5,4,2,1,4,7,1,1,1,3,0,0,2,2,7,1,5,0,1,3,4,0,2,3,0,0,1,2,0,0,1,0,4,6,3,1,5,1,0,5,10,1,4,4,4,0,4,5,2,3,3,1,0,4,2,5,2,2,1,0,2,4,2,1,4,1,0,4,3,1,2,0,0,0,0,0,1,1,0,0,0,7,5,1,4,0,3,0,6,4,6,2,2,3,0,0,4,1,2,3,4,0,4,2,0,0,1,0,0,2,1,3,1,0,0,1,2,3,2,1,1,1,0,0,0,0,0,0,0,0,2,1,3,2,0,0,1,5,1,1,2,1,0,1,2,5,3,2,1,0,0,4,4,1,1,0,3,0,3,0,3,0,0,0,0,0,5,1,1,1,0,0,0,0,0,0,0,1,0,4,3,2,2,1,0,0,2,3,5,2,2,3,1,3,3,2,2,1,2,1,0,2,1,1,2,1,0,1,2,0,2,1,0,0,2,1,0,2,0,0,1,1,0,0,0,0,0,0,0,0,0,1,0,1,0,0,1,0,0,0,0,0,0,0,1,1,1,0,0,0,0,1,0,0,0,0,0,0,0,0,0,0,0,0,0,1,0,1,0,0,0,0,0,0,0,0,0
Q96BY9,4,3,7,2,1,0,1,9,5,2,0,1,2,0,6,3,4,5,2,1,0,1,1,0,2,0,0,0,1,2,0,3,0,0,0,0,0,2,1,1,0,1,1,0,1,0,1,0,0,4,7,7,1,2,0,2,4,9,7,1,1,1,1,3,2,6,0,1,1,0,0,2,1,0,0,0,0,0,0,2,2,1,0,0,0,2,3,1,0,0,0,0,0,1,0,0,0,0,8,7,3,1,2,2,0,2,7,2,0,1,1,0,3,3,5,4,1,4,0,1,2,3,1,1,2,1,1,1,2,1,0,2,1,1,2,5,0,1,0,1,1,0,0,0,0,0,0,0,1,2,0,1,2,0,5,2,1,0,0,0,0,2,2,0,0,1,2,1,3,1,1,0,1,0,1,1,0,1,0,0,0,0,0,0,1,0,0,1,0,0,0,1,1,0,0,0,0,1,1,0,0,1,0,2,1,1,1,1,0,0,3,0,2,0,1,1,0,0,1,3,2,0,0,0,0,0,2,0,1,0,0,0,1,1,0,0,0,0,0,0,0,0,0,1,0,0,0,1,0,0,0,0,1,0,0,1,1,2,0,3,3,3,2,2,0,0,1,0,0,2,0,0,0,0,2,0,0,0,0,0,0,0,1,0,0,0,0,1,0,1,0,0,0,0,2,0,1,0,0,0,0,0,0,0,0,0,0,0,3,0,0,0,0,1,0,0,1,0,0,0,0,0,0,1,0,0,0,0,0,0,0,0,1,0,0,0,0,0,0,0,0,0,0
Q8WVM8,14,6,9,3,0,5,0,7,3,7,4,1,4,0,5,6,5,3,1,4,0,1,2,3,1,1,0,0,1,3,4,4,1,0,0,0,5,3,2,1,2,0,0,0,0,0,0,0,0,5,4,6,3,5,3,0,3,8,7,8,4,5,1,8,5,5,5,5,5,0,2,7,4,3,5,4,1,3,0,4,2,4,3,0,2,7,3,3,3,1,0,0,1,0,0,0,0,0,8,7,4,1,3,1,0,6,10,4,4,3,2,0,4,5,3,2,2,4,0,1,3,2,1,3,4,0,0,2,5,0,2,3,0,5,4,6,1,1,3,0,1,0,0,0,1,0,0,2,5,1,0,3,0,0,2,5,5,3,1,2,0,4,1,2,2,1,1,0,1,2,2,2,3,0,1,4,6,0,2,1,2,0,1,4,1,0,1,1,0,1,1,1,0,0,0,0,4,0,2,1,2,2,0,3,2,4,3,3,3,0,1,3,4,1,2,2,1,2,3,0,3,3,0,0,2,2,1,1,2,2,0,2,4,2,0,1,2,0,0,0,0,0,0,0,0,3,4,2,0,0,2,0,4,7,6,4,4,3,0,2,9,1,1,0,4,1,4,1,0,1,0,0,1,1,4,0,1,0,1,0,1,4,3,1,0,3,0,0,0,0,0,0,0,0,1,0,1,0,0,0,0,1,1,0,0,0,0,0,0,0,0,0,1,0,0,0,0,0,0,0,0,0,0,1,0,0,0,0,0,0,0,0,0,0,0,0,0,0,0,0,0,0,0
O43819,4,3,2,4,0,0,0,3,4,4,2,1,1,0,1,4,1,1,3,2,0,5,1,1,1,3,0,0,1,3,1,1,0,0,1,1,2,1,0,0,1,0,0,0,0,0,0,0,0,3,7,2,4,1,2,0,5,3,2,2,2,0,0,1,1,1,1,1,1,0,3,4,2,0,1,1,0,0,2,1,1,0,2,0,4,1,0,1,0,1,0,0,1,0,1,0,0,0,0,1,1,1,1,1,0,5,5,1,1,1,0,0,2,1,0,1,0,1,0,0,0,1,0,1,1,0,2,3,2,0,1,0,0,1,0,2,1,0,0,0,0,0,0,0,0,0,0,5,2,2,1,1,0,0,1,1,0,1,1,2,0,1,2,1,0,1,0,0,2,1,0,1,0,0,0,1,1,2,0,1,0,0,2,1,0,0,0,1,0,0,0,0,0,0,0,0,1,0,3,0,2,0,0,5,0,0,3,1,1,0,0,2,2,0,2,0,0,0,0,0,2,0,1,0,1,0,0,1,0,0,0,1,2,0,0,1,0,0,0,0,0,0,1,0,0,0,2,2,1,2,2,0,0,1,0,2,0,2,2,0,2,0,0,1,0,0,1,0,0,0,0,1,0,0,1,0,0,0,2,0,0,1,0,0,2,1,0,0,0,0,0,0,0,0,0,0,0,0,0,0,0,0,0,0,0,0,1,0,0,0,0,0,0,0,0,0,0,1,0,0,0,0,1,0,0,0,0,0,0,0,0,0,0,0,0,0,0,0,0,0,0,0,0
Q9BRK5,2,4,0,2,2,1,0,2,6,1,0,2,2,0,4,5,0,0,2,1,0,1,2,2,2,1,0,0,0,2,4,1,0,1,0,3,1,2,6,1,2,0,0,0,0,0,0,0,0,2,2,2,2,1,5,0,4,4,3,1,1,6,0,1,2,0,1,0,1,0,2,2,1,1,2,3,0,3,2,1,0,2,0,0,3,2,2,2,4,5,0,0,0,0,0,0,0,1,2,2,2,1,1,2,0,0,6,0,2,3,1,0,0,0,2,1,1,1,0,2,0,0,1,2,1,0,1,1,1,0,1,1,0,2,3,0,1,1,3,0,0,0,0,0,0,0,0,1,1,2,1,1,3,0,2,1,0,4,1,0,1,1,1,0,1,1,4,0,1,1,1,4,0,3,0,1,0,1,1,0,2,0,2,4,0,0,0,3,0,0,0,0,0,0,0,0,1,2,4,1,1,1,0,2,0,1,2,0,2,0,3,1,1,1,1,2,0,1,1,1,0,0,0,0,0,1,1,0,2,2,0,1,0,3,0,3,0,0,0,0,0,0,0,0,0,3,2,3,1,2,3,0,3,2,0,2,1,6,0,1,3,2,2,0,1,0,2,3,3,2,0,2,0,5,1,1,1,1,1,0,3,4,2,3,1,3,0,0,0,0,0,0,0,0,0,0,0,0,0,0,0,1,0,0,0,0,0,0,0,0,0,0,0,0,0,0,0,0,0,0,0,0,0,0,0,0,0,0,0,0,0,0,0,0,0,0,0,1,0,0,0,0,0
O75396,4,2,1,1,1,2,0,1,2,2,1,2,0,0,1,3,1,1,0,0,0,0,0,1,1,0,1,0,1,0,2,1,1,0,0,2,1,0,2,0,1,1,0,0,0,0,0,0,0,2,2,2,0,1,3,0,4,2,4,1,0,0,0,2,2,4,2,1,1,2,1,0,0,2,2,0,0,2,0,1,1,3,0,0,0,1,2,0,1,1,0,0,0,0,0,0,0,0,2,3,1,0,0,0,0,2,2,2,1,3,0,0,2,3,1,0,1,0,0,0,4,1,1,0,2,0,1,0,1,1,1,0,0,0,3,0,0,0,0,0,1,0,0,0,1,0,0,1,0,0,0,1,1,0,1,1,3,0,2,3,0,0,0,1,2,0,0,0,1,2,0,0,0,1,0,1,0,1,0,1,0,0,0,1,0,1,0,2,0,0,0,0,0,0,0,0,0,1,3,2,1,1,0,0,2,0,0,0,0,0,1,2,0,1,2,2,0,1,2,0,0,0,0,0,2,2,2,0,0,0,0,0,0,0,0,0,0,0,0,0,0,0,0,0,0,1,0,0,0,1,0,0,1,2,3,1,0,2,0,0,0,0,2,0,0,0,0,2,1,0,1,0,0,1,0,0,0,0,0,0,0,3,0,1,0,1,0,0,1,0,0,0,0,0,1,0,0,0,0,0,0,1,0,0,0,0,0,0,0,0,0,0,0,0,0,0,0,0,0,0,0,0,0,0,1,0,0,0,0,0,0,0,0,0,0,0,0,0,0,0,0,0,0
B4DR61,7,8,4,2,0,4,0,8,18,7,0,0,2,1,7,5,8,5,1,2,0,1,2,0,0,0,0,0,4,1,3,3,0,3,0,0,4,1,0,2,0,0,0,1,1,0,0,0,0,11,6,9,1,6,2,2,11,15,10,8,5,5,1,7,9,2,3,1,3,0,1,4,6,1,1,0,1,3,2,0,2,1,0,0,4,2,2,1,0,2,0,0,2,0,0,0,0,0,3,14,5,0,4,1,0,10,8,4,2,1,1,0,5,3,4,1,0,2,1,3,2,6,1,0,1,0,1,1,2,1,0,0,0,1,1,3,0,1,0,1,0,1,0,0,0,0,0,1,3,3,0,2,0,0,1,5,2,0,1,2,0,4,5,2,1,1,0,0,0,0,0,0,1,1,0,1,0,1,0,0,0,0,0,0,0,0,2,0,0,0,0,0,0,0,0,1,2,3,5,0,1,0,0,3,2,1,2,0,0,0,2,2,0,1,1,0,0,3,3,1,0,0,0,0,0,0,0,0,0,1,0,0,1,1,0,2,0,0,0,0,0,0,0,0,0,1,1,2,0,1,0,0,1,5,1,1,1,1,0,1,2,1,2,1,0,0,1,0,0,0,0,0,0,2,4,0,1,0,0,0,0,2,0,0,0,0,0,0,1,0,0,0,0,0,0,1,0,0,0,0,0,3,1,0,1,0,0,0,1,0,0,0,0,0,0,0,0,0,0,0,0,0,0,0,0,0,0,0,0,0,0,0,0,0,0,0,1,0,0,0,0,0,0
Q9H9S3,10,8,5,2,0,4,1,10,16,4,0,0,3,1,9,5,6,4,1,2,0,2,2,0,1,0,1,0,2,1,3,3,0,3,0,2,4,0,0,2,0,0,0,1,1,0,0,0,0,13,5,10,2,5,2,1,11,17,9,9,5,5,1,4,8,4,2,1,2,0,2,4,6,1,1,0,1,2,3,0,2,1,0,0,4,2,2,1,0,2,0,0,2,0,0,0,0,0,3,11,5,0,3,2,0,9,8,4,2,1,0,0,4,3,5,1,1,2,1,1,3,3,1,0,0,0,2,1,2,1,0,0,0,2,1,1,0,1,0,1,0,1,0,0,0,0,0,1,5,2,0,2,0,0,1,6,2,0,1,2,0,3,5,1,0,1,0,0,1,0,0,0,1,1,0,1,0,1,0,0,0,0,0,0,0,0,2,0,0,0,0,0,0,0,0,1,2,2,4,0,1,0,0,4,2,1,2,0,0,0,2,2,0,1,1,0,0,3,3,1,0,0,0,0,0,0,0,0,0,1,0,0,1,1,0,2,0,0,0,0,0,0,0,0,0,1,2,2,2,1,0,0,0,6,1,1,1,1,0,1,1,1,0,1,0,0,1,0,0,0,0,0,0,2,4,0,1,0,0,0,0,2,0,0,0,0,0,0,1,0,0,0,0,0,0,1,0,0,0,0,0,3,1,0,1,0,0,0,1,0,0,0,0,0,0,0,0,0,0,0,0,0,0,0,0,0,0,0,0,0,0,0,0,0,0,0,1,0,0,0,0,0,0
Q9UBV2,4,10,7,9,7,2,1,13,11,4,8,7,2,0,9,5,4,7,0,7,0,8,3,9,1,3,2,0,4,2,3,4,2,4,0,3,2,4,3,3,5,0,0,1,0,1,0,0,0,7,14,12,4,5,1,0,11,10,6,7,3,2,0,7,5,5,3,3,8,0,6,7,5,2,0,2,1,3,4,3,1,2,2,1,2,0,4,2,0,3,0,0,0,0,0,0,0,0,6,12,8,6,1,7,1,4,2,5,1,3,3,0,8,3,6,4,2,3,1,8,7,4,2,2,1,1,1,3,4,0,1,0,0,7,6,3,3,6,4,2,0,0,0,0,0,1,0,11,3,3,3,1,3,0,4,8,7,4,1,1,0,6,3,6,5,3,3,0,1,3,1,5,1,3,0,1,2,2,1,1,1,0,5,4,2,0,1,0,0,0,1,1,0,0,0,0,6,2,2,1,3,2,0,5,1,5,1,2,1,0,5,0,1,3,0,3,0,1,2,2,2,1,2,0,4,2,0,2,1,0,0,1,3,1,1,0,1,1,0,1,0,0,0,0,0,6,4,0,2,2,5,0,4,6,4,2,0,1,0,6,2,5,2,0,7,0,0,1,5,2,1,2,0,3,2,1,2,2,1,0,1,2,8,2,1,5,0,1,1,1,0,0,0,0,0,0,0,1,0,0,0,2,1,0,0,0,1,0,0,0,0,1,1,0,0,0,1,0,0,0,0,0,0,0,0,0,0,0,0,0,0,0,0,0,1,0,0,0,0,0,0,0,0
P50454,8,5,2,3,4,2,0,6,5,6,2,3,1,0,4,6,5,2,4,0,0,2,1,2,1,1,2,0,2,3,0,2,1,0,0,2,2,4,0,1,1,0,0,0,0,0,0,0,0,8,3,6,0,1,1,0,1,9,6,3,3,2,1,6,5,2,1,3,1,0,1,2,0,0,1,4,0,3,3,2,2,1,5,0,3,1,0,2,1,3,0,0,1,0,0,0,0,0,3,5,4,4,1,2,0,7,4,2,0,3,3,0,3,2,2,3,3,0,0,1,2,3,1,0,1,0,2,2,3,2,1,3,0,1,1,0,0,1,0,0,0,0,0,0,0,0,0,1,2,0,0,0,2,0,2,0,2,0,5,1,0,3,3,1,1,1,1,0,0,3,0,0,1,0,0,1,0,1,1,0,1,0,4,1,0,1,2,0,1,0,0,0,0,0,0,0,1,4,5,1,0,2,0,0,3,2,3,1,1,0,3,2,1,1,1,0,0,1,1,3,1,1,1,0,2,0,0,1,0,1,0,4,3,0,0,2,2,0,0,0,0,0,0,0,0,3,4,4,1,2,1,0,2,4,0,0,1,1,0,0,1,2,0,1,1,0,0,1,1,1,0,1,0,3,2,3,0,1,1,0,1,0,1,1,3,2,0,0,0,0,1,0,0,0,0,0,0,0,0,0,0,1,0,0,0,0,0,0,0,0,0,0,0,0,0,0,0,1,0,0,0,0,0,0,0,0,0,0,0,0,0,0,0,0,0,0,0,0,0,0,0,0,0
Q9BYW2,17,13,12,6,6,12,1,14,21,18,5,5,14,0,9,12,18,6,11,8,0,10,9,11,5,3,10,0,6,8,9,5,6,8,3,15,8,13,6,6,4,0,2,1,2,0,1,1,0,17,17,11,11,5,9,0,17,35,22,14,15,19,1,15,23,22,16,10,21,7,9,10,11,9,12,7,0,10,3,20,10,9,7,0,10,12,24,7,15,15,3,1,1,3,1,3,1,0,14,19,13,9,12,8,2,15,25,30,12,16,17,1,19,30,34,19,15,19,3,8,13,18,7,11,8,1,7,17,17,10,16,8,3,17,16,17,9,14,18,3,2,4,3,1,0,2,2,8,9,10,10,5,4,0,5,15,13,11,5,7,5,7,16,16,9,12,11,1,5,8,12,6,5,3,0,5,8,10,6,7,7,1,5,10,9,5,3,6,0,0,1,0,0,0,1,0,7,7,9,3,10,6,1,11,15,10,3,6,15,1,15,14,23,3,14,11,2,5,11,10,5,7,6,0,2,12,15,4,12,10,1,0,9,19,5,11,8,0,0,0,2,1,2,3,1,3,9,9,9,5,13,3,7,12,14,13,12,14,1,11,17,24,10,15,21,1,6,9,9,7,6,4,1,12,11,9,8,5,12,1,4,13,17,10,7,13,1,1,1,3,2,1,0,0,1,3,0,0,2,0,0,1,0,7,0,0,0,1,1,4,2,3,1,3,0,3,1,1,0,0,0,0,1,2,3,1,1,0,0,0,4,0,0,2,1,1,0,1,1,0,1,0,0
Q9BWJ5,0,0,0,0,0,0,0,1,1,2,1,0,0,0,1,0,1,0,0,0,0,1,0,0,0,0,0,0,1,0,1,0,0,0,0,0,0,0,0,0,0,0,0,1,0,0,0,0,0,0,1,0,0,0,0,1,1,0,0,0,0,1,0,0,0,1,1,2,0,0,1,2,1,0,0,2,0,1,0,0,0,0,1,0,0,1,0,0,0,0,0,0,0,0,0,0,0,0,0,1,0,0,0,0,0,0,0,0,1,0,0,0,0,0,1,0,1,2,1,0,3,0,0,0,0,0,0,0,1,0,0,2,0,1,0,0,1,1,0,0,0,0,1,0,0,0,0,0,1,2,0,0,0,0,0,1,2,1,1,0,0,0,0,0,1,0,0,0,1,0,0,1,0,0,0,0,0,1,0,0,0,0,1,1,0,1,0,1,0,0,0,0,0,0,0,0,0,0,0,0,2,0,0,0,0,0,0,0,0,0,0,0,1,1,0,1,0,0,0,0,1,0,0,0,0,0,0,0,0,0,0,1,0,2,0,0,0,0,0,0,0,0,0,0,0,0,2,0,1,0,0,0,0,0,0,2,1,0,0,0,1,1,0,0,0,0,0,0,0,0,1,1,0,0,0,0,1,0,0,0,0,1,0,0,0,0,0,0,0,0,0,0,0,0,0,0,0,0,0,0,0,0,0,0,1,0,0,0,0,0,1,0,0,0,0,0,0,0,0,0,0,0,0,0,0,0,0,0,0,0,0,0,0,0,0,0,0,0,0,0,0,0,0
Q6P4A7,3,4,2,0,2,1,0,4,5,3,4,3,0,0,4,6,2,0,2,0,1,2,3,2,0,0,0,0,0,2,1,1,0,0,0,0,1,0,1,2,1,0,0,1,0,0,0,0,0,4,3,9,3,2,1,0,11,8,6,3,5,2,0,1,2,5,4,3,3,1,2,5,2,0,2,0,0,2,3,2,1,2,1,1,0,2,2,0,0,0,0,0,0,0,0,0,0,0,3,6,1,2,0,1,1,4,6,2,1,1,1,0,5,2,4,0,1,1,0,2,3,1,1,1,1,0,0,1,2,1,2,1,0,1,2,0,0,1,2,0,0,1,2,0,0,0,0,0,4,1,1,0,2,0,2,4,2,1,3,1,0,1,2,1,0,1,1,1,0,1,0,0,0,0,0,0,0,1,0,1,1,0,1,2,0,0,0,0,0,0,0,0,0,0,0,0,1,2,0,1,0,0,0,1,6,2,1,0,0,0,2,0,1,3,0,0,0,2,0,1,0,0,1,0,1,4,0,1,0,0,0,0,1,2,0,0,1,0,0,0,1,0,0,0,0,0,0,2,0,0,0,0,0,4,4,1,0,0,0,1,2,0,1,0,1,0,0,1,1,0,0,1,0,1,0,0,0,1,1,0,0,1,1,2,0,1,0,0,0,0,0,0,0,0,0,0,0,0,0,0,0,0,2,0,0,0,0,0,0,1,1,1,0,0,0,0,0,0,0,0,0,0,0,0,0,0,0,0,0,0,0,0,0,0,0,0,0,0,0,0,0,0,0
P34897,6,7,2,4,5,4,0,5,3,5,7,2,3,1,3,5,4,2,6,2,0,1,3,2,2,3,0,0,6,3,1,2,3,2,1,3,5,2,0,1,2,0,0,0,0,0,1,0,0,6,5,7,2,6,3,0,7,4,4,1,4,6,0,3,7,5,0,2,1,1,8,3,0,2,1,2,0,4,4,1,1,1,2,0,4,6,1,2,1,2,0,0,0,2,0,0,0,0,3,5,3,1,2,1,0,3,5,6,3,2,0,0,6,3,3,0,2,3,0,2,0,1,1,1,0,0,4,3,1,2,1,1,0,1,4,2,1,2,0,0,1,1,0,0,0,0,0,4,3,3,1,3,1,1,1,4,2,1,3,0,1,0,1,2,2,0,2,0,2,2,1,1,0,1,0,0,4,1,1,0,1,0,1,0,2,0,0,1,0,0,1,0,0,0,0,0,5,3,5,1,0,3,0,4,3,2,3,2,4,0,0,2,1,0,2,0,1,2,2,2,1,1,0,1,2,1,1,1,0,0,0,2,1,0,1,2,1,0,0,0,0,1,0,0,0,4,3,2,1,2,0,0,9,6,1,0,0,3,0,2,1,2,0,0,2,0,1,2,1,0,0,0,0,1,3,1,1,0,1,0,1,3,0,0,1,1,1,1,0,0,0,0,0,0,0,0,0,1,0,1,0,0,1,0,1,0,0,0,1,0,0,1,0,0,0,0,0,0,0,1,0,0,0,0,0,1,0,0,0,0,0,0,0,0,0,0,0,0,0,0,0,0,0
P53985,11,12,8,2,3,3,2,11,19,9,1,1,1,2,4,5,8,1,4,1,0,5,1,1,1,0,0,0,0,0,3,3,0,1,0,0,3,2,2,0,0,0,2,1,0,0,0,0,1,14,17,8,3,1,1,1,22,9,9,1,4,1,0,6,7,5,3,2,3,1,1,2,1,2,1,0,0,3,3,4,1,1,0,0,0,1,2,0,2,0,0,2,0,0,0,0,0,1,5,4,1,1,2,2,1,5,8,5,3,3,1,1,3,9,6,1,1,2,0,2,3,0,1,0,0,2,3,1,1,1,1,2,0,3,1,0,1,2,2,0,0,1,0,0,0,0,0,3,4,2,1,1,1,0,4,3,1,1,3,1,0,1,1,1,0,1,0,0,1,2,1,0,0,0,0,1,1,0,0,0,0,0,0,1,0,1,1,0,0,1,1,0,0,0,0,0,5,4,1,0,0,0,0,2,3,0,1,1,0,0,2,3,0,2,1,2,0,2,1,1,0,0,3,0,1,0,1,1,1,1,0,0,1,1,1,1,0,0,0,0,0,0,0,0,0,1,2,1,0,0,0,0,0,3,3,0,0,1,0,0,1,2,1,0,1,0,1,3,0,0,1,0,0,2,2,1,1,2,0,0,0,0,0,0,2,2,0,0,0,0,0,0,0,0,2,0,2,1,0,0,0,1,1,1,0,0,0,0,0,0,0,0,0,0,0,0,1,0,0,0,0,0,0,0,0,0,0,0,0,1,0,0,0,0,0,0,0,0,0,1,0,1,0
P53007,13,6,1,2,1,3,0,11,2,1,1,2,1,0,4,3,0,1,0,1,0,1,1,3,1,1,1,0,3,6,6,1,0,0,0,1,3,0,0,2,1,0,0,1,0,0,0,2,0,7,4,3,4,8,2,2,3,1,4,3,3,1,0,2,1,3,1,0,1,0,0,3,4,0,0,1,0,5,2,0,1,0,0,0,0,2,0,0,1,0,0,2,1,0,0,0,0,0,1,3,2,1,2,0,0,5,4,0,0,2,0,2,2,1,1,1,0,1,0,1,0,0,2,2,1,0,2,3,1,2,0,1,0,0,1,2,0,0,0,0,0,0,0,0,0,0,0,0,1,0,0,1,2,0,1,3,1,2,0,0,0,1,3,1,1,4,0,0,0,0,2,0,1,0,0,1,2,1,0,0,0,0,1,0,0,1,1,0,0,0,0,0,0,0,0,0,3,3,3,1,2,0,1,8,3,2,1,0,0,0,0,2,1,2,4,0,0,2,2,0,0,0,0,0,0,1,0,0,0,0,0,0,0,0,0,0,1,0,0,0,0,0,0,0,0,1,1,0,0,1,0,0,2,1,1,1,1,0,1,0,3,0,0,1,0,0,0,1,1,0,0,0,0,2,0,1,0,1,0,0,0,1,1,0,0,0,0,0,0,0,0,0,0,0,1,0,0,0,1,0,0,0,1,0,0,0,1,0,0,0,0,0,0,0,0,0,0,0,0,0,0,0,0,0,0,0,0,0,0,1,0,0,1,0,0,0,0,0,0,0,0,0,0
Q9UBX3,3,6,3,1,4,0,2,6,4,3,3,2,1,0,4,2,4,2,0,2,0,2,1,2,0,0,1,0,2,3,4,0,0,2,0,1,2,1,2,0,1,0,1,0,1,1,0,0,0,5,8,4,2,3,4,0,5,3,2,3,3,1,0,5,1,1,1,0,0,0,2,0,2,0,2,2,1,3,1,2,0,1,0,0,1,1,0,0,0,0,0,0,0,0,0,0,0,0,3,3,5,0,2,0,1,8,2,2,1,1,0,0,2,2,2,1,1,0,0,0,2,1,0,3,0,0,2,2,0,0,0,0,0,2,0,1,0,0,0,0,0,0,1,0,0,0,1,1,1,1,1,1,0,0,1,3,0,1,0,0,0,1,2,0,1,1,1,1,0,0,2,0,0,0,0,1,0,1,0,2,0,1,0,1,2,0,0,0,0,0,1,0,0,0,0,0,3,0,2,2,0,3,0,5,1,0,1,1,0,0,1,3,1,1,1,0,0,1,0,0,0,0,0,0,0,2,0,1,0,0,0,0,0,0,1,1,0,0,0,1,0,0,0,0,0,2,1,0,0,1,0,0,1,3,0,0,0,0,0,0,2,0,0,1,0,1,0,1,0,2,0,0,0,2,0,0,0,0,0,0,0,0,0,0,1,0,0,0,0,0,0,0,0,0,2,0,0,0,0,0,0,0,1,1,0,0,0,0,1,1,0,0,0,0,0,0,1,0,0,0,0,0,0,0,0,0,0,0,0,0,0,0,0,0,0,0,1,0,0,0,0,0,0
Q02978,6,3,8,1,3,3,0,5,3,2,1,2,2,0,5,5,7,1,1,1,0,1,2,0,0,3,0,0,1,4,0,3,1,0,0,5,3,1,0,0,1,0,0,1,0,0,0,0,0,7,3,5,4,2,3,0,7,6,3,3,3,0,1,3,4,5,0,1,0,0,2,0,1,0,1,1,1,5,1,2,0,1,1,0,1,1,0,0,0,0,0,1,0,0,0,0,0,0,6,3,2,1,2,1,1,7,3,3,1,2,0,0,6,5,4,0,3,0,0,0,1,1,1,0,1,0,3,3,2,1,0,0,0,0,2,0,0,1,0,0,0,0,0,0,0,0,0,2,1,0,0,0,0,0,2,0,3,0,1,0,0,0,0,1,1,1,0,0,0,1,0,0,0,0,0,1,1,3,0,0,0,0,1,1,1,0,0,0,0,0,1,0,0,0,0,0,2,2,3,0,0,3,0,1,6,1,0,1,0,0,2,1,1,2,2,2,0,0,2,1,0,1,1,0,0,0,1,1,0,0,0,0,1,0,0,0,0,0,0,0,0,0,0,0,0,1,3,2,0,1,0,0,2,4,1,0,1,0,0,0,1,0,0,1,0,0,0,0,0,0,0,0,0,0,0,2,0,0,0,0,0,0,0,0,1,0,0,0,0,0,0,0,0,0,0,0,0,0,1,0,0,0,1,0,1,0,0,0,0,0,0,0,0,0,0,0,0,0,0,0,0,0,0,0,0,0,0,0,0,0,0,0,0,0,0,0,0,0,0,0,0,0,0
O75746,24,12,9,3,3,1,1,4,14,9,7,6,8,0,12,6,2,2,3,2,0,3,4,2,1,1,3,0,4,2,2,2,2,1,0,6,0,2,0,3,1,0,1,1,0,0,0,0,0,8,9,8,4,4,5,1,8,7,8,8,3,7,1,11,7,5,5,2,0,0,3,8,5,1,3,2,0,3,6,4,1,2,2,1,7,6,5,5,3,2,1,1,0,0,0,0,2,0,11,6,6,3,3,3,0,6,5,5,1,5,7,0,2,5,4,3,2,1,0,4,4,1,2,1,1,0,1,7,2,1,0,3,0,1,2,0,0,0,0,0,0,0,0,0,0,0,0,2,6,4,1,1,0,0,5,8,2,2,3,4,0,2,7,1,1,2,0,0,1,3,2,2,1,0,0,1,1,1,2,1,0,0,1,4,0,0,0,2,0,0,0,0,0,0,0,0,4,5,1,2,0,0,0,9,4,2,2,2,1,2,4,3,2,1,4,0,0,1,3,0,2,0,1,0,1,2,3,1,1,0,0,1,3,0,0,2,0,0,0,0,0,1,0,0,0,3,10,0,1,1,3,0,6,4,4,2,0,2,0,1,1,3,1,1,0,0,1,2,2,1,0,0,0,2,4,2,0,2,0,0,2,1,0,0,2,0,0,0,0,0,0,0,1,0,1,0,0,0,1,0,0,1,0,0,0,0,0,0,0,0,0,0,0,0,0,1,0,0,0,0,0,0,0,0,0,0,0,0,0,0,2,0,1,0,0,0,0,0,0,0,0,0,0
Q9UJS0,23,16,7,4,5,0,1,6,9,9,4,6,11,1,6,8,4,0,3,3,1,3,5,1,1,3,3,0,7,3,3,2,2,2,0,4,1,2,0,3,4,0,1,1,0,0,0,0,0,8,10,6,5,6,5,1,9,10,9,7,1,7,1,16,5,6,2,2,0,0,1,11,3,1,2,0,0,3,4,4,2,2,2,0,11,5,5,3,3,1,0,1,0,0,0,0,3,0,10,4,6,3,4,4,0,7,7,2,2,5,5,0,2,7,5,2,3,0,0,2,1,0,1,1,1,0,3,7,2,1,0,0,0,3,1,0,1,0,0,0,0,1,0,0,0,0,0,2,5,2,0,0,2,0,4,7,6,2,4,1,0,1,3,1,0,1,1,0,0,3,2,2,0,0,0,2,0,1,2,1,1,0,1,3,0,0,1,0,0,0,0,0,0,0,0,0,7,4,2,3,1,1,0,7,5,1,1,1,3,2,5,3,2,1,3,0,0,3,2,1,1,1,1,0,0,3,2,0,1,1,0,0,4,0,0,2,0,0,0,0,0,0,0,0,0,5,7,3,1,2,2,0,6,5,4,2,0,1,0,1,2,1,1,1,1,0,2,2,0,1,0,0,0,3,3,2,2,1,0,0,1,2,0,1,2,0,0,0,0,0,0,0,0,0,1,0,0,0,1,0,0,1,1,0,0,0,0,0,0,0,0,0,0,0,0,0,0,0,0,0,0,0,0,0,0,0,0,0,0,0,2,0,0,0,1,0,0,0,0,0,0,0,0
Q9H1K4,13,8,0,3,2,1,2,8,5,5,1,2,2,0,4,3,2,0,1,0,0,1,1,1,2,0,0,1,3,0,4,0,1,1,1,1,1,0,2,0,1,0,2,0,1,0,0,1,0,2,5,3,1,4,3,1,3,5,6,0,3,3,0,8,4,0,2,0,2,0,2,2,0,1,1,0,0,2,2,2,0,3,1,0,0,1,0,4,1,0,0,0,0,1,0,1,1,0,7,3,4,1,3,1,0,5,3,1,1,1,1,2,3,1,4,0,1,1,0,1,1,0,0,0,0,0,1,3,2,0,0,0,0,0,0,2,0,0,1,0,0,0,0,0,0,0,0,3,4,0,0,0,0,0,1,1,0,3,4,0,0,1,0,2,0,1,0,0,1,2,1,3,0,0,0,0,0,0,1,0,0,0,0,0,0,0,0,0,0,0,0,1,0,0,0,0,2,1,2,1,0,0,1,2,4,2,1,0,0,0,0,3,3,0,2,0,0,0,0,2,0,0,0,0,1,2,0,1,0,0,0,1,1,0,0,0,0,0,1,0,0,0,0,0,0,0,2,0,0,1,0,0,0,2,2,0,0,0,1,0,3,0,0,1,0,0,2,3,0,1,0,0,0,0,1,0,0,0,0,0,1,0,1,0,0,0,0,0,0,0,0,0,0,0,2,0,1,0,0,0,0,0,0,0,0,0,0,0,3,0,0,0,0,0,0,0,0,0,0,0,0,0,0,1,0,0,0,0,0,0,1,1,0,0,0,0,0,0,0,0,0,0,0
Q9H936,9,10,2,3,3,2,2,9,8,3,1,3,1,0,1,6,1,0,1,0,0,3,2,0,1,0,0,1,0,1,3,2,0,1,1,1,0,1,2,2,0,1,2,0,1,0,0,1,0,4,5,2,1,4,3,1,7,4,8,0,3,2,1,6,3,1,1,1,3,0,5,1,1,2,1,0,0,3,3,2,1,2,0,0,0,1,0,2,1,0,0,0,0,0,0,0,1,0,7,4,2,0,1,1,0,2,2,1,6,2,0,0,3,0,4,0,0,1,0,0,1,0,0,0,0,0,3,2,0,0,0,1,0,1,0,1,0,1,1,0,0,0,0,0,0,0,0,7,2,1,2,0,1,0,0,2,1,2,3,1,0,1,0,0,0,0,0,0,0,2,0,3,1,0,0,0,2,0,0,0,1,0,0,0,0,0,0,0,0,0,0,1,0,0,0,0,2,3,1,0,0,0,1,2,7,1,0,0,0,0,0,3,1,0,3,0,0,3,1,0,0,0,0,0,1,0,0,1,0,0,0,1,1,0,0,0,1,0,0,0,1,0,0,0,0,0,1,2,0,0,0,0,0,2,1,0,0,0,0,1,1,1,0,1,0,0,2,2,0,0,1,0,0,0,2,2,0,0,0,0,0,0,1,1,0,0,0,0,1,0,0,0,0,0,2,0,0,0,0,0,0,0,0,0,1,0,0,0,3,0,0,0,0,0,0,0,0,0,0,0,0,0,0,0,0,0,0,0,0,0,1,1,0,0,0,0,0,0,0,0,0,0,0
Q00325,6,7,2,0,2,3,0,6,3,7,6,5,2,0,5,3,2,1,1,3,0,1,1,2,0,0,0,0,5,3,2,1,0,1,0,1,0,2,1,1,2,0,0,2,1,0,0,0,0,5,8,3,3,5,4,2,5,4,1,3,4,1,0,6,3,3,3,0,2,0,3,2,2,1,2,1,0,3,3,3,0,3,0,1,4,1,0,0,0,0,0,1,0,0,0,0,0,0,4,4,4,0,2,0,1,9,4,3,0,0,0,0,3,3,4,2,3,0,0,1,3,2,0,0,2,0,0,3,0,2,0,1,1,1,2,1,0,0,0,1,0,0,0,0,0,1,0,2,1,2,0,2,0,0,2,3,2,1,1,1,0,1,1,3,1,1,0,0,0,1,0,0,0,0,0,0,1,1,0,0,0,0,0,1,0,0,0,2,0,0,0,0,0,0,0,0,2,4,2,0,1,0,0,6,1,4,1,2,1,0,0,2,2,1,1,0,1,1,3,0,0,0,0,0,0,3,0,0,1,0,0,0,1,0,0,1,0,0,0,1,0,0,1,0,0,1,4,2,1,0,0,0,0,2,1,0,1,0,1,0,3,0,0,1,0,0,1,0,0,0,0,0,0,0,2,1,1,0,0,0,2,0,0,0,2,0,0,0,0,1,0,0,0,0,0,1,0,0,0,0,0,2,1,0,0,0,0,0,0,1,1,0,0,0,0,0,0,0,0,0,0,0,1,0,0,0,0,0,0,0,0,1,0,0,0,0,0,0,0,0,0,0,0
P12235,16,5,4,0,4,2,1,4,3,3,3,2,1,1,5,1,1,2,2,2,0,2,3,3,1,1,2,0,3,3,2,1,1,1,0,1,0,1,0,0,1,0,0,0,0,0,0,1,0,3,3,0,7,3,1,0,5,3,5,2,3,1,1,3,1,2,2,2,0,0,3,1,0,0,3,0,0,2,1,1,0,1,0,0,1,2,0,0,2,1,0,0,1,0,0,0,1,0,4,4,2,2,2,0,0,2,3,0,1,0,1,0,2,1,2,0,1,0,0,3,0,2,0,1,0,0,1,2,1,1,2,1,0,0,1,1,0,0,0,0,0,0,0,0,0,0,0,3,2,1,3,1,0,0,2,1,1,1,0,1,0,1,2,1,1,0,0,0,1,0,0,0,0,0,0,0,1,2,1,0,2,0,1,0,0,0,1,0,0,0,0,0,0,0,1,0,3,2,3,0,1,0,0,4,5,0,0,0,2,0,2,1,0,1,2,0,0,1,2,0,0,1,0,1,2,1,0,1,1,0,0,2,1,0,0,1,0,0,0,0,0,0,0,0,0,3,1,3,0,0,0,0,0,5,0,0,0,0,0,1,1,0,0,1,0,0,0,0,0,0,0,0,0,1,3,0,1,0,0,0,0,0,1,0,1,0,0,0,0,0,0,0,0,0,0,0,0,0,0,0,0,0,0,1,0,0,0,0,0,0,0,0,0,0,0,0,0,0,0,0,0,0,0,0,0,0,0,0,0,2,1,0,0,0,0,0,0,0,0,0,0,0,0
P05141,16,4,4,1,3,3,1,3,2,4,4,2,1,2,4,1,1,2,1,2,0,2,2,3,1,0,1,0,3,4,2,1,1,1,0,1,0,2,0,0,1,0,0,0,0,0,0,1,0,5,5,0,5,4,1,0,4,3,4,1,2,1,0,5,2,2,1,1,0,0,2,2,2,0,2,0,0,3,0,1,0,1,0,0,0,2,1,0,2,1,0,0,1,0,0,0,1,0,3,2,2,2,3,0,0,7,2,0,2,1,1,0,1,2,3,0,2,0,0,2,0,2,0,2,0,0,1,1,2,0,3,1,0,0,1,1,0,0,0,0,0,0,0,0,0,0,0,2,2,1,1,1,0,0,2,1,1,1,0,0,0,0,3,1,2,1,0,0,1,0,0,0,0,0,0,0,1,2,0,0,1,0,0,0,0,0,1,0,0,0,0,0,0,0,1,0,3,4,3,0,1,0,0,4,2,0,0,0,3,0,1,3,0,1,2,0,0,0,1,0,0,0,0,1,2,1,0,1,1,1,0,3,1,0,0,1,0,0,0,0,0,0,0,0,0,3,1,1,0,0,0,0,0,5,1,0,0,0,0,1,2,1,0,1,0,0,0,0,0,0,0,0,0,2,2,0,0,0,1,0,0,0,1,0,1,0,0,0,0,0,0,0,0,0,0,0,0,0,0,0,0,0,0,1,0,0,0,0,0,0,0,0,0,0,0,0,0,0,0,0,0,0,0,0,0,0,0,0,0,1,2,0,0,0,0,0,0,0,0,0,0,0,0
P12236,13,8,4,1,3,2,0,5,2,4,5,1,1,3,5,1,1,2,2,2,0,2,1,3,1,0,2,0,2,4,2,1,2,1,0,1,0,1,0,0,1,0,0,0,0,0,0,0,0,5,3,0,6,5,1,0,3,3,4,1,3,1,0,3,2,2,1,2,0,0,2,1,2,0,2,0,0,3,0,1,0,1,0,0,1,2,0,0,2,1,0,0,1,0,0,0,2,0,5,2,4,1,2,0,0,6,2,0,0,1,1,0,2,1,2,0,1,0,0,2,0,2,0,3,0,0,2,1,2,1,1,1,0,0,1,1,0,0,0,0,0,0,0,0,0,0,0,2,2,1,1,1,0,0,1,1,1,1,0,0,0,1,2,1,3,0,0,0,1,0,0,0,0,0,0,0,1,2,0,0,2,0,0,0,1,0,1,0,0,0,0,0,0,0,1,0,2,4,3,0,1,0,0,4,3,0,0,0,3,0,1,3,0,1,2,0,0,0,2,0,0,0,0,1,2,1,0,1,1,0,0,2,1,1,0,1,0,0,0,0,0,0,0,0,0,4,2,1,0,0,0,0,0,4,0,0,0,0,0,2,1,1,0,1,0,0,0,0,0,0,0,0,0,1,3,0,0,0,1,0,0,0,1,0,1,0,0,0,0,0,0,0,0,0,0,0,0,0,0,0,0,0,0,1,0,0,0,0,0,0,0,0,0,0,0,0,0,0,0,0,0,0,0,0,0,0,0,0,0,3,0,0,0,0,0,0,0,0,0,0,0,0,0
P08195,13,6,6,3,2,4,0,5,11,5,6,1,2,0,4,4,3,2,0,2,0,2,8,3,0,2,0,0,4,5,3,0,0,0,0,3,1,2,1,3,3,0,0,0,0,0,0,0,0,8,5,1,4,4,4,0,7,8,12,2,4,7,0,7,5,7,2,3,2,0,4,5,3,2,1,1,0,4,3,1,0,1,3,0,4,7,3,1,3,4,0,0,0,0,0,0,0,0,6,7,2,2,0,2,0,6,8,3,5,3,1,0,3,7,2,2,0,1,0,3,2,3,1,0,2,0,1,0,1,1,1,1,0,2,3,1,1,0,1,0,0,0,0,1,0,0,0,2,5,2,1,1,0,0,4,5,3,1,0,7,0,2,3,3,1,0,1,1,0,1,0,2,3,2,0,0,1,1,3,0,2,0,3,1,1,1,0,0,0,0,0,0,0,0,0,0,1,4,2,3,3,0,0,2,4,3,1,2,0,0,2,3,0,2,2,1,0,2,1,1,1,0,1,0,1,1,0,0,1,0,0,1,2,0,1,1,1,0,0,0,0,0,1,0,0,3,3,2,2,2,3,0,2,4,0,1,2,5,0,1,4,1,2,0,1,0,0,3,1,2,0,0,0,3,1,4,2,0,0,1,2,0,2,1,4,1,0,0,0,0,0,0,0,0,0,0,0,0,0,0,0,0,0,0,0,0,0,0,0,0,0,0,0,0,0,0,0,0,0,1,0,0,0,1,0,0,0,0,0,0,0,0,0,0,0,0,0,0,0,0,0,0,0
Q8IYB5,4,7,8,4,1,1,1,9,6,1,2,2,0,0,4,7,8,5,1,1,0,3,5,2,1,2,1,0,1,0,2,0,1,1,0,0,1,2,0,0,1,1,0,0,1,0,1,0,0,10,6,3,4,1,2,0,6,6,3,5,3,4,0,7,4,4,3,0,1,0,4,1,4,4,2,2,0,2,0,2,2,1,2,0,4,3,0,0,1,1,0,0,1,0,0,0,0,0,5,3,7,3,0,0,0,5,7,11,4,0,1,0,4,8,6,3,2,0,0,7,2,1,4,0,1,0,1,0,2,1,2,1,0,0,0,0,1,1,0,0,0,0,0,1,0,0,0,3,3,5,3,1,1,0,4,4,3,3,3,0,0,2,4,2,1,0,0,1,1,3,2,3,0,3,0,0,1,0,1,1,2,0,1,2,2,1,1,1,0,0,0,0,0,0,0,0,1,1,0,0,2,1,0,1,2,1,1,0,1,1,1,3,1,2,0,0,0,1,3,0,0,1,1,0,1,3,0,1,3,3,0,2,2,2,0,5,1,0,0,0,1,0,0,0,0,3,0,4,0,0,0,1,1,1,0,2,1,3,0,0,2,2,1,2,0,0,0,2,1,0,0,0,0,0,2,1,0,3,3,1,0,0,1,1,2,1,0,0,0,0,0,0,1,0,0,0,0,0,0,0,0,0,1,0,0,0,0,0,0,0,0,0,2,0,0,0,1,0,0,0,0,0,0,1,0,0,0,0,0,1,0,0,0,0,0,0,0,0,0,0,0,0,0
Q92922,24,10,13,2,5,5,1,16,12,11,8,4,4,1,16,7,4,2,4,4,0,7,5,2,5,4,3,0,6,4,5,3,5,2,0,5,3,5,3,2,4,0,1,0,0,0,0,0,0,13,12,7,7,2,5,0,14,21,9,12,2,4,1,5,13,3,5,8,6,0,8,11,5,10,5,2,1,0,4,5,2,4,3,0,9,7,3,1,2,9,0,0,0,1,2,1,1,0,11,13,6,5,4,2,0,4,10,9,6,2,9,2,4,6,5,0,0,4,0,2,1,2,5,3,6,0,3,4,6,2,4,3,0,3,10,4,5,4,3,0,0,0,0,0,0,0,0,4,7,3,5,6,3,0,2,8,4,6,4,2,1,5,4,1,4,2,3,0,7,5,3,7,4,4,0,6,3,3,1,3,5,0,5,3,6,2,2,7,0,0,1,0,0,0,0,0,4,8,5,4,3,0,0,2,3,1,4,3,5,0,8,5,4,3,4,3,0,2,1,2,2,3,3,0,5,2,6,2,6,4,1,1,7,4,1,5,4,0,1,0,1,0,0,0,0,4,6,3,3,5,6,0,6,9,6,6,3,7,0,3,7,1,5,4,8,0,2,4,4,0,2,7,0,3,1,2,3,4,5,1,4,7,6,7,4,9,0,0,0,0,0,0,0,0,0,0,1,0,0,1,0,1,0,0,0,0,0,0,0,0,1,0,0,1,0,0,0,1,1,0,0,0,1,0,0,0,0,0,0,0,0,0,0,0,1,0,0,0,0,0,0,0,0
Q14683,5,10,6,2,5,5,1,10,8,5,7,8,6,0,5,5,3,3,6,6,0,5,6,3,4,2,2,0,5,5,8,4,7,5,0,1,9,4,1,5,8,0,1,0,0,1,0,1,0,7,16,5,5,6,6,1,10,6,3,4,5,2,0,3,6,1,5,4,7,0,5,5,7,4,6,5,2,6,5,7,8,11,13,0,7,7,5,7,12,16,0,1,0,0,0,0,1,0,6,4,4,2,2,4,0,6,1,3,3,7,9,0,5,3,1,4,4,5,0,3,9,3,1,5,6,0,3,3,3,3,6,9,1,6,7,2,6,5,5,0,0,0,0,0,0,0,0,5,3,2,4,2,3,1,10,6,2,9,8,3,1,2,3,5,6,6,3,0,1,5,2,2,6,5,0,7,4,6,3,3,4,0,1,8,2,3,6,6,1,0,1,1,0,0,0,0,6,7,8,2,11,5,0,2,3,6,7,10,13,0,4,6,6,7,3,3,0,3,7,6,7,3,5,0,13,7,2,7,13,6,0,6,11,5,5,10,6,0,1,1,0,0,0,0,0,5,3,3,5,8,5,0,8,6,7,4,12,18,1,3,6,5,2,5,7,0,3,7,3,3,5,3,0,5,17,3,6,8,6,1,7,14,10,2,7,6,1,1,1,0,0,0,0,0,0,1,1,2,0,0,0,0,0,0,0,0,3,0,0,0,1,0,0,0,0,0,0,1,0,0,0,0,0,0,0,0,0,0,0,1,0,0,0,1,0,0,0,0,0,0,0,0,0
O95347,6,13,7,7,4,10,0,6,7,8,4,6,6,1,5,7,5,5,3,4,1,7,8,5,3,7,2,0,3,6,8,5,2,2,0,13,9,7,4,10,7,0,0,0,0,1,0,1,0,12,6,5,6,5,13,0,5,10,13,5,5,4,1,10,8,7,2,9,4,0,1,3,9,7,4,3,0,7,5,8,4,9,3,0,2,9,3,8,9,10,0,0,1,0,0,1,0,0,6,5,6,3,6,7,0,9,8,3,6,8,7,0,4,6,3,3,5,2,0,8,4,3,2,4,3,0,6,8,6,5,4,5,0,3,3,3,4,6,6,0,0,1,0,0,0,0,0,10,4,3,8,5,6,0,7,5,2,5,6,3,0,4,7,2,3,6,4,0,6,3,2,4,6,2,1,5,5,7,3,4,4,1,1,6,3,0,5,1,1,0,0,0,1,0,0,0,8,3,4,4,3,5,2,6,4,5,5,8,12,0,8,9,3,7,7,8,0,8,5,4,2,6,3,0,5,4,6,4,7,6,0,4,7,1,3,6,3,0,1,0,0,0,0,0,0,5,5,4,4,3,8,0,14,8,8,2,3,9,0,2,4,3,4,4,3,0,6,5,3,6,1,4,0,2,12,7,7,6,4,0,6,9,3,6,2,2,1,2,0,0,0,0,0,0,0,2,1,0,0,0,0,0,1,1,0,0,0,0,0,0,0,0,0,0,0,0,0,1,0,1,0,0,1,0,0,0,0,0,0,0,1,0,0,0,0,0,0,0,0,0,0,0,0
Q9NTJ3,5,8,8,2,7,8,0,5,10,11,7,2,5,0,5,12,4,2,8,2,1,5,4,4,2,5,3,1,3,4,10,7,4,4,0,6,9,6,2,8,5,0,1,0,0,0,0,2,0,9,13,7,8,4,8,0,7,11,7,9,12,9,1,5,16,5,7,6,12,0,8,3,11,4,6,4,0,6,4,6,10,8,11,0,7,13,3,6,9,10,0,0,0,1,0,0,0,0,7,7,6,6,3,2,1,11,8,9,6,10,9,0,6,4,2,2,4,2,0,2,5,1,6,3,5,1,7,10,5,3,4,4,0,5,4,6,6,6,5,0,0,0,1,0,0,0,0,4,3,1,3,6,5,1,5,12,5,5,8,7,0,6,6,2,3,6,4,0,2,5,3,2,5,2,0,2,8,4,2,5,3,0,3,8,3,4,3,4,0,1,0,0,0,1,0,1,3,2,7,3,7,6,1,7,5,8,3,10,7,0,6,8,3,3,3,7,0,2,15,5,3,4,6,0,5,5,3,3,5,6,1,7,8,6,3,14,5,0,1,1,0,0,0,0,0,10,6,4,1,5,7,0,12,10,12,6,3,11,0,4,6,3,5,6,5,0,4,10,3,2,1,5,1,5,9,2,10,2,15,1,5,12,5,4,4,1,0,0,0,0,0,0,0,0,0,1,1,1,0,0,0,2,0,0,0,0,0,0,0,1,1,1,0,0,0,0,0,0,0,0,0,0,1,0,0,0,0,0,0,0,0,0,1,0,1,0,0,0,1,0,0,0,0
Q16637,4,0,3,0,2,1,1,2,0,4,0,3,0,0,3,1,5,2,1,2,1,0,1,1,1,2,0,0,0,1,0,1,1,1,0,1,0,0,0,1,2,1,0,0,1,0,0,0,0,1,3,6,2,0,1,0,4,24,3,2,0,1,0,4,3,2,2,1,1,0,0,1,0,2,0,1,1,2,3,0,0,1,0,0,1,1,2,0,0,0,0,1,1,0,0,0,0,0,4,3,4,1,2,0,0,0,5,0,1,0,0,1,5,0,3,1,1,1,0,1,1,3,1,1,1,0,0,2,1,2,0,0,0,0,1,0,1,1,4,1,0,0,0,0,2,0,0,1,1,2,1,0,0,0,2,1,2,0,1,1,0,1,1,0,0,1,1,1,1,2,0,2,1,2,0,0,3,0,0,2,0,0,0,2,2,2,0,1,0,0,0,1,0,0,0,0,0,2,1,0,0,1,0,4,2,2,1,2,1,0,0,0,0,1,0,0,0,2,0,1,2,1,0,0,1,3,0,1,1,0,0,1,0,1,0,0,0,0,0,0,0,0,0,0,0,1,0,0,1,0,1,0,1,0,2,1,0,0,1,1,1,1,2,1,2,0,1,1,0,0,0,3,0,0,0,0,2,1,0,0,0,1,3,2,1,0,0,0,2,0,0,0,0,0,0,0,0,0,0,1,0,0,2,0,0,0,1,0,0,1,0,0,0,1,0,0,0,0,0,0,0,0,1,0,0,0,0,1,0,0,0,0,0,0,0,0,0,0,0,0,0,0,0
Q6IEG0,1,2,2,0,0,2,0,0,4,2,0,2,4,0,2,0,0,2,3,1,0,0,1,1,0,2,1,0,0,0,1,0,0,1,0,2,1,2,0,2,4,0,0,0,0,0,0,0,0,1,1,0,0,0,3,0,1,1,1,2,1,4,0,1,2,4,1,3,1,0,1,1,3,0,0,0,0,2,0,0,2,2,1,1,2,3,2,2,0,2,1,0,1,0,0,0,0,0,1,0,4,0,0,1,0,1,2,1,1,1,2,1,2,1,2,1,3,1,0,1,0,0,2,3,1,0,1,2,1,0,5,1,1,2,1,2,1,3,2,1,0,0,0,0,0,2,0,0,1,0,2,0,0,0,1,1,2,1,2,1,0,0,2,1,1,0,3,1,0,2,3,3,1,0,0,2,1,2,0,3,3,0,0,1,1,1,0,1,0,0,0,0,0,0,0,0,2,1,0,2,1,1,0,1,1,2,0,1,0,0,0,1,2,1,1,4,1,0,2,1,2,3,0,0,0,1,5,4,11,2,0,3,0,0,1,4,2,0,1,0,1,0,0,0,0,2,6,1,1,1,4,0,0,1,4,1,0,1,0,0,3,1,1,1,2,0,1,2,0,2,1,2,0,2,1,1,2,2,2,0,5,1,1,3,1,6,0,1,0,0,1,0,0,0,0,1,1,0,0,0,0,1,0,0,0,0,0,0,1,0,0,0,0,0,0,0,0,0,0,1,0,0,0,0,0,0,0,0,0,1,0,1,0,0,0,0,0,0,0,0,0,0,0
Q13573,5,3,1,3,6,2,0,8,3,3,1,4,2,0,0,2,2,2,3,4,0,1,2,4,2,2,1,0,3,1,4,5,3,2,0,4,2,3,2,3,3,0,0,0,0,0,0,0,0,6,8,2,1,4,5,0,2,4,4,1,5,3,0,1,2,4,4,0,0,0,3,1,1,0,2,2,0,3,3,3,4,3,3,0,0,2,2,0,5,6,0,0,1,0,0,0,0,0,2,2,3,1,2,1,0,4,2,3,2,2,5,1,2,2,0,1,5,2,0,5,2,1,1,1,0,0,1,6,1,1,4,2,0,3,1,2,0,3,0,0,0,0,0,0,0,0,0,1,2,4,2,2,1,0,4,1,0,1,2,2,0,3,5,2,0,3,1,0,0,1,2,0,2,1,0,3,1,2,2,1,3,0,0,0,2,5,2,0,0,0,0,0,0,0,0,0,2,3,2,1,4,6,0,4,3,1,1,5,1,0,2,4,3,2,3,1,0,3,3,4,1,2,3,0,2,0,4,1,6,7,0,4,6,2,2,6,2,0,0,0,0,0,0,0,0,4,3,2,4,0,2,0,4,5,0,3,1,2,0,3,4,1,1,1,1,0,0,1,2,2,3,2,0,6,4,1,3,3,5,0,4,4,0,1,2,3,0,0,0,0,0,0,0,0,0,0,0,0,0,0,0,0,1,0,0,0,0,0,0,0,0,0,0,0,0,0,0,0,0,0,0,0,0,0,0,0,0,0,0,0,0,0,0,0,0,0,0,0,0,0,0,0,0
Q5M775,12,5,11,1,7,4,0,5,9,5,2,4,2,0,6,8,10,7,8,3,1,5,6,2,2,3,3,0,4,6,4,3,2,5,1,5,3,7,2,0,0,2,1,1,0,0,0,0,0,7,7,6,3,3,3,1,6,4,7,5,8,8,0,8,9,11,2,11,8,1,3,2,5,4,6,3,0,9,4,8,4,3,7,0,3,10,11,8,7,3,0,0,0,1,0,0,0,0,8,4,12,4,5,5,1,3,8,15,7,4,11,1,11,8,14,5,6,6,1,0,6,4,5,2,2,0,4,11,6,3,7,2,0,6,9,4,2,5,3,0,0,0,1,0,2,0,0,4,1,4,2,2,3,0,1,3,6,4,8,5,0,3,7,4,1,2,1,0,3,4,0,8,1,6,0,2,4,2,2,3,5,0,5,5,2,2,0,7,1,0,0,1,1,0,0,0,5,4,4,4,4,2,0,8,5,9,4,6,6,0,6,7,6,2,1,5,0,2,5,2,2,2,4,1,1,7,3,2,2,3,0,5,4,2,6,5,3,0,0,0,0,0,0,1,0,3,6,6,7,4,2,0,6,9,8,1,5,9,0,5,8,5,2,5,4,0,3,4,5,1,3,4,1,3,5,4,3,1,3,0,4,7,3,1,2,5,0,0,1,1,0,1,0,0,1,0,0,0,0,0,0,1,0,0,0,0,1,0,0,2,1,0,0,1,0,0,0,0,0,1,0,0,0,1,1,1,0,0,0,0,0,0,0,0,1,0,0,0,0,0,0,0,0
Q69YQ0,8,7,11,4,4,2,0,10,6,6,2,4,5,0,15,13,9,6,4,8,0,2,4,3,1,2,1,0,5,3,3,3,2,4,0,1,2,8,5,2,5,1,0,1,0,0,0,0,0,8,4,12,3,3,5,1,6,1,8,5,4,7,0,10,10,8,4,9,6,0,3,4,2,7,4,6,0,5,1,5,3,5,11,0,6,4,6,6,6,8,0,1,0,1,0,0,0,0,10,8,14,4,5,4,0,7,12,16,9,2,5,2,6,10,19,6,10,2,0,1,6,5,9,1,5,0,7,10,11,3,6,6,0,3,7,4,4,6,3,0,0,0,0,0,0,1,0,3,5,4,0,2,4,0,4,3,5,2,8,9,0,6,6,2,2,2,1,0,3,5,3,4,0,7,1,0,4,2,3,4,2,0,5,8,6,6,1,4,0,0,1,0,1,0,0,0,3,5,6,1,4,5,0,5,5,3,2,6,5,0,4,7,5,2,10,4,0,2,1,2,1,1,8,1,5,1,8,2,2,3,0,3,4,10,5,5,5,0,0,0,0,0,0,0,0,3,4,8,1,2,4,0,3,4,8,6,6,5,0,4,7,9,7,8,5,1,7,11,4,1,6,3,0,2,7,4,2,2,6,0,4,7,5,6,3,4,0,0,0,0,0,0,1,0,1,0,0,0,0,0,0,1,0,1,0,0,0,0,0,0,1,0,0,0,0,0,0,0,0,1,0,0,0,0,0,0,0,0,0,0,0,2,0,0,0,0,0,0,0,0,0,0,0
H3BMF4,15,15,7,1,4,2,1,20,16,14,2,1,0,0,6,5,7,1,1,2,1,1,2,1,4,0,0,0,2,6,4,1,1,1,1,3,2,0,2,0,1,0,2,1,1,0,0,0,0,14,16,13,4,4,4,1,19,20,9,5,1,5,1,8,10,4,1,2,3,1,2,6,2,1,1,2,0,1,0,0,1,1,3,0,5,1,2,0,1,2,0,0,1,1,0,0,0,0,8,10,1,0,2,1,1,6,12,4,3,2,1,1,7,4,6,1,2,1,1,0,3,0,0,2,0,0,2,2,1,1,2,1,0,4,0,3,0,1,0,0,0,1,1,0,1,0,0,0,0,1,1,1,0,0,6,5,1,2,0,0,0,0,2,2,1,1,0,0,0,0,2,1,2,1,0,1,2,0,0,1,1,0,3,2,0,0,0,0,0,0,0,0,0,0,0,0,1,2,0,0,4,0,1,2,3,0,2,2,2,0,1,3,1,0,2,1,0,0,2,1,0,0,1,0,0,1,2,1,1,1,0,3,1,2,0,0,1,0,1,0,0,0,0,0,0,6,8,1,2,1,1,0,2,2,0,0,0,3,0,1,3,3,1,1,0,0,0,1,0,0,0,1,0,2,0,0,0,0,0,0,1,1,2,0,0,0,0,0,0,0,0,0,0,0,1,2,0,0,0,0,0,1,1,1,0,0,0,0,0,2,0,0,0,1,0,0,0,0,0,0,0,0,0,0,1,0,0,0,0,0,0,0,0,0,0,0,0,0,0,0,0,0,0
O15020,27,26,16,15,13,14,0,32,12,10,16,14,23,0,15,16,10,8,5,9,1,25,26,8,8,6,9,1,15,16,10,8,5,13,1,26,16,10,8,17,10,0,1,1,1,1,0,0,1,16,17,6,21,16,22,4,10,12,10,13,12,16,1,11,14,8,9,6,12,0,15,8,10,14,7,9,3,11,14,7,11,11,23,0,18,14,8,18,15,16,2,0,0,1,2,0,0,0,15,15,8,8,8,6,1,15,9,10,5,11,15,0,14,12,14,5,2,10,0,14,10,5,3,5,6,1,6,4,6,2,2,8,0,8,15,6,10,5,4,0,2,1,0,0,0,1,0,14,17,12,17,12,20,0,12,10,13,16,11,16,0,5,5,10,6,6,5,1,13,6,1,10,12,6,0,9,5,3,6,15,5,0,5,12,7,6,9,2,0,0,3,0,1,1,1,0,14,16,9,9,8,13,0,16,17,4,5,11,9,0,3,11,7,7,6,6,0,7,12,3,10,5,4,0,11,9,4,6,7,7,2,19,9,7,10,15,9,0,0,1,1,0,1,0,0,23,15,13,13,11,12,0,15,14,12,10,14,12,2,11,7,8,8,3,6,2,18,13,11,3,7,7,1,17,14,10,7,5,12,0,11,12,7,7,4,4,0,0,2,0,0,0,0,0,2,1,0,0,0,0,0,2,0,1,1,4,0,0,2,0,1,1,0,0,0,0,3,0,0,1,0,0,0,0,0,0,1,1,0,0,1,0,1,0,0,0,0,0,1,0,0,0,0
O15269,6,5,2,1,6,1,0,7,7,6,4,1,3,1,4,6,2,2,2,2,0,4,2,1,1,0,2,0,3,4,1,2,2,2,0,1,3,1,1,1,1,0,0,0,1,0,1,0,1,6,10,5,4,3,5,1,8,11,1,3,6,3,2,7,3,1,0,3,2,0,2,7,2,1,1,3,0,4,2,1,1,1,2,0,2,4,2,2,0,3,0,1,1,1,0,1,1,0,4,8,6,2,1,0,0,5,5,2,1,2,1,1,2,2,1,0,1,1,0,1,1,1,0,0,2,0,2,1,4,2,1,1,0,2,0,0,1,0,2,0,0,0,0,1,0,0,0,2,0,3,0,0,1,1,7,2,1,2,1,0,1,1,2,1,1,0,0,1,0,0,0,0,1,3,0,0,1,0,1,0,0,0,3,2,3,0,3,3,0,0,0,0,0,0,0,0,0,2,1,3,3,1,1,4,3,3,2,1,1,0,3,2,2,0,2,0,0,0,2,2,1,0,1,0,0,2,2,0,0,0,0,1,3,0,1,2,2,0,0,0,0,0,0,0,0,2,4,2,0,1,0,0,2,5,2,4,0,5,0,2,2,0,2,3,0,0,0,2,0,1,0,2,0,2,4,1,0,0,2,0,0,6,3,0,2,1,0,0,0,0,0,0,0,0,1,0,0,0,0,0,0,1,0,1,0,0,0,0,2,0,0,0,0,0,0,0,0,0,0,0,1,0,0,0,0,0,0,2,0,0,0,0,0,1,0,0,0,1,0,0,0,0,0
P51571,2,2,1,1,0,3,0,4,2,2,0,0,0,0,2,3,0,1,1,1,1,1,2,1,1,0,0,0,0,0,1,2,1,0,0,2,0,3,1,0,0,0,0,0,0,0,0,0,0,3,4,2,1,0,1,0,2,6,2,1,1,0,0,1,3,3,1,0,0,0,0,1,1,0,1,0,0,1,0,0,0,0,0,0,1,1,0,0,0,1,0,1,0,0,0,0,0,0,2,1,2,2,1,0,0,4,2,3,1,0,2,0,2,4,5,0,0,1,0,0,0,1,1,0,0,0,2,0,0,1,0,0,0,0,0,1,0,0,1,0,0,0,0,0,1,0,0,0,0,1,0,3,0,0,1,0,0,1,0,1,0,2,0,0,0,2,0,0,1,0,1,0,1,0,0,1,0,0,1,0,0,1,1,1,0,0,0,0,0,0,0,0,0,0,0,0,2,0,1,0,0,1,0,0,1,0,0,0,0,0,1,1,0,0,0,0,0,1,0,0,0,1,2,0,0,1,0,0,0,0,0,0,0,0,0,0,0,0,0,0,1,0,0,0,0,0,1,3,0,0,0,0,0,1,1,0,0,0,1,0,0,4,0,0,0,0,1,0,0,1,0,0,0,0,0,0,0,0,0,0,0,1,0,1,0,1,0,0,0,0,0,0,0,0,0,0,0,0,0,1,0,0,0,0,0,0,0,0,0,1,0,0,0,0,0,0,0,0,0,0,0,0,0,0,1,0,0,0,0,0,0,0,0,0,0,0,0,0,0,0,0,0,0
Q08945,0,1,1,1,2,3,0,4,2,1,4,2,5,0,4,3,6,1,2,5,0,3,6,2,2,4,1,0,6,1,5,2,6,2,0,5,1,4,6,1,6,0,0,1,0,0,0,0,0,1,3,4,4,3,5,0,4,10,4,2,5,3,1,4,10,5,1,2,3,0,4,4,2,0,2,3,0,6,5,2,1,5,2,0,3,9,4,0,4,4,0,0,1,0,2,0,0,0,0,2,6,7,7,5,0,3,9,7,2,7,5,2,9,5,8,2,2,3,2,2,1,2,0,3,0,0,4,3,5,1,3,2,0,4,3,2,1,3,8,0,0,0,1,1,0,0,0,2,7,1,4,1,0,0,2,2,3,4,1,5,0,4,2,2,1,2,1,0,2,1,0,2,0,1,0,1,3,5,1,1,0,0,3,0,1,0,1,3,0,0,0,0,0,0,0,0,1,1,5,2,5,7,1,5,4,2,3,3,1,0,5,7,6,3,5,2,0,2,3,0,0,1,2,0,3,2,5,2,10,6,0,1,4,4,1,4,1,0,0,0,0,0,0,0,0,4,4,5,0,4,3,0,1,2,8,0,3,4,0,1,7,4,0,5,7,0,1,1,5,2,1,1,0,2,4,6,1,3,3,0,4,1,9,3,6,8,0,0,0,0,0,0,0,0,0,0,0,0,0,0,0,1,0,0,0,0,1,0,0,1,0,0,0,0,0,1,1,1,0,0,0,0,0,0,0,0,0,0,0,0,0,0,0,0,0,0,0,0,0,0,0,0,0
P50502,2,5,5,1,1,3,0,4,5,4,1,3,1,0,5,3,1,2,0,2,0,1,1,0,0,0,3,0,2,4,0,3,5,3,0,0,3,2,2,2,3,0,0,0,0,0,0,0,0,5,3,2,0,4,4,0,3,0,1,2,2,2,0,6,0,0,0,0,0,0,3,2,2,1,0,0,0,2,2,2,3,0,2,1,2,4,3,5,1,2,0,0,0,0,0,0,0,0,5,3,2,0,2,2,0,0,4,0,1,1,3,0,0,1,0,1,0,2,0,2,1,1,0,1,1,0,2,0,1,0,1,0,0,1,4,0,1,0,3,0,0,0,0,0,0,0,0,4,3,1,1,4,1,0,5,0,0,0,3,2,0,3,0,0,1,1,0,0,2,0,0,0,0,0,0,0,0,1,0,1,0,1,1,0,1,0,1,3,0,0,0,0,0,0,0,0,1,2,2,0,4,1,0,2,1,1,3,0,4,0,0,2,1,1,0,2,0,3,2,1,0,1,1,0,3,1,1,1,2,2,0,0,2,1,2,1,2,1,1,0,1,0,0,0,0,0,1,1,2,2,1,0,4,0,0,1,3,5,0,0,3,2,1,2,3,0,3,4,1,1,1,1,0,1,4,1,1,1,2,0,3,0,5,1,4,3,0,0,0,0,0,0,1,0,0,1,0,0,0,0,0,0,0,0,0,0,0,0,0,0,0,0,1,0,0,0,0,0,0,0,0,0,0,0,0,0,0,0,0,0,0,0,0,1,0,0,0,0,0,0,0,0,0
Q9H5V9,2,0,1,0,1,3,0,3,1,0,0,1,1,0,1,0,2,1,1,1,0,1,1,0,1,2,0,0,1,1,2,0,3,0,0,1,4,0,0,1,1,0,0,1,0,0,2,0,0,0,1,1,2,2,1,1,1,2,2,0,2,1,0,2,0,2,0,0,0,0,0,0,2,1,1,0,1,2,0,1,1,2,2,0,1,0,0,2,0,1,0,0,0,1,0,0,0,0,1,1,2,1,3,0,0,0,2,0,1,1,0,0,4,2,2,0,0,2,0,1,0,1,0,1,0,1,2,0,1,0,1,1,0,1,0,1,0,1,2,0,1,0,0,0,0,0,0,0,1,1,1,0,0,1,0,1,0,0,1,0,0,0,1,1,1,1,0,0,1,0,0,0,0,1,0,1,1,0,1,0,2,0,0,1,0,0,0,0,0,0,1,0,0,0,1,0,2,1,1,1,1,2,1,0,1,2,2,1,0,0,1,1,2,1,3,1,0,1,0,1,0,0,0,0,1,2,3,0,2,1,0,1,4,0,0,2,0,0,0,0,0,0,0,0,0,1,2,0,0,0,1,0,4,1,1,2,1,2,0,0,0,0,1,0,1,1,0,1,0,0,1,0,0,1,1,2,0,0,1,0,0,1,2,0,1,6,0,0,0,0,0,0,0,0,1,0,0,0,0,0,0,0,0,0,0,1,0,1,0,0,1,0,0,0,0,0,0,0,0,0,0,0,1,0,0,0,1,0,0,0,1,0,0,0,0,0,0,0,0,0,0,0,0
P31948,3,1,2,1,3,3,0,1,2,1,3,3,6,0,3,2,1,0,2,1,0,0,2,0,3,1,2,0,2,1,1,6,4,4,0,1,4,5,2,4,5,0,0,0,0,0,0,0,0,3,4,2,3,3,7,0,2,6,3,1,3,3,0,3,1,3,1,3,2,0,1,6,1,2,3,2,0,3,3,4,5,1,2,0,3,8,4,2,6,2,0,0,0,0,0,0,2,0,2,5,0,1,6,4,0,3,1,2,3,5,4,0,3,5,2,3,1,2,3,2,1,1,1,2,1,0,0,1,1,3,1,1,1,3,3,0,1,2,1,0,1,0,0,1,1,0,0,1,3,1,1,2,2,0,3,2,3,1,2,3,2,2,5,2,2,0,2,0,2,2,1,1,0,0,1,0,4,2,1,2,1,0,1,4,2,0,2,0,0,0,0,0,0,1,0,0,1,1,2,1,1,4,0,8,3,1,4,0,4,0,5,0,5,0,2,2,0,2,3,10,0,2,3,0,3,3,3,1,2,1,0,2,1,1,1,2,2,1,1,0,1,0,1,0,0,2,2,2,1,3,0,0,5,4,3,3,5,4,0,2,5,5,2,0,1,0,3,1,0,0,2,1,0,2,7,3,2,2,1,2,0,4,4,0,2,4,1,0,1,0,0,0,1,0,1,0,0,0,0,1,0,0,0,0,0,0,1,0,0,0,1,0,0,0,0,0,1,0,0,0,0,0,0,0,0,2,1,0,0,0,0,0,1,1,1,0,0,0,0,0,0,0,0
P46977,7,11,8,2,3,2,0,12,13,8,2,3,1,1,7,10,6,3,3,3,1,2,2,4,0,2,0,1,2,2,2,1,0,3,0,1,3,3,2,3,3,0,1,0,0,0,1,0,0,12,15,6,4,1,4,2,12,13,9,4,8,0,1,8,13,9,2,1,2,1,0,6,7,5,2,0,1,8,3,8,2,1,0,0,2,6,1,1,4,2,0,0,0,3,1,0,0,0,10,7,9,3,2,6,0,13,9,11,7,7,4,2,14,18,14,2,1,2,1,1,4,1,3,0,1,0,1,2,4,1,1,0,0,1,1,1,4,0,0,0,0,1,2,0,0,0,0,1,2,1,0,1,0,0,3,5,3,2,2,2,0,2,3,8,2,0,0,0,0,2,2,2,3,3,0,3,3,1,0,1,1,0,1,1,4,0,1,0,0,0,2,0,0,0,0,0,2,2,8,0,2,3,0,1,4,1,3,0,4,0,1,8,6,1,2,0,0,2,1,1,0,0,1,0,1,0,1,0,0,1,0,1,2,1,0,0,2,0,0,0,0,0,0,0,0,1,3,1,1,1,0,0,2,2,3,3,2,5,0,2,1,9,0,0,0,0,0,1,0,2,2,2,0,1,3,2,1,0,1,0,1,4,2,0,0,0,0,0,0,0,0,0,0,0,0,0,0,1,0,0,0,1,1,1,0,0,0,0,3,0,1,0,1,0,0,0,1,0,0,0,0,0,1,0,0,0,0,0,0,0,0,0,0,0,0,0,0,0,0,0,0,0,0
Q8TCJ2,15,19,7,2,3,0,0,15,15,11,6,5,1,0,9,11,3,4,4,4,0,1,4,5,3,3,1,0,4,2,1,1,3,4,0,1,1,0,2,2,2,0,1,0,0,1,0,0,0,15,16,11,4,2,3,1,12,15,11,9,2,1,1,11,13,12,6,4,3,2,3,10,6,5,3,2,0,6,3,3,3,1,1,0,3,3,1,2,3,2,0,1,1,0,1,0,0,1,9,7,7,5,5,2,0,13,6,17,4,6,1,2,8,13,7,2,7,1,0,2,9,0,4,0,2,0,2,3,4,4,2,2,0,2,2,1,3,2,2,0,2,0,0,1,0,0,0,3,3,3,2,1,0,1,6,10,7,2,1,5,0,3,3,7,2,0,1,1,2,3,4,2,2,3,0,0,5,5,0,2,0,0,2,4,4,0,1,1,0,0,0,0,0,0,0,0,2,2,5,2,3,0,0,2,3,2,4,2,5,1,2,7,5,2,1,2,0,3,1,1,0,3,2,0,2,1,5,0,2,1,0,1,1,1,1,1,3,0,0,0,0,0,0,0,0,0,5,2,2,1,2,0,4,2,3,3,1,1,0,2,2,3,1,1,1,0,0,3,1,2,1,2,0,0,5,1,2,1,0,0,3,3,3,1,0,2,0,0,0,0,0,0,0,0,2,1,0,0,0,1,0,0,0,0,1,0,0,0,0,0,1,0,0,0,0,2,1,0,0,0,0,0,0,0,0,0,0,0,0,0,0,0,0,0,0,0,0,0,1,0,0,0,1
P56962,10,6,5,2,2,0,0,3,5,1,2,2,3,0,3,2,1,1,1,1,0,1,1,0,1,0,1,0,1,2,0,0,0,1,0,1,1,1,0,0,2,0,0,0,0,0,0,0,0,8,5,1,0,0,0,0,7,1,2,1,2,4,0,0,1,0,1,1,3,0,0,4,3,2,2,1,0,2,1,1,1,1,5,1,2,5,2,0,1,2,0,0,1,1,0,0,0,0,2,1,0,0,0,3,0,1,3,1,1,1,2,0,1,1,2,1,2,0,0,2,1,2,0,0,0,0,2,1,1,1,1,1,0,1,2,0,1,0,1,0,0,0,0,0,1,0,0,1,1,1,1,0,0,0,2,4,0,4,2,0,0,0,3,1,1,2,1,0,1,0,1,0,1,1,0,0,0,1,0,3,0,0,1,0,0,1,0,1,0,0,0,0,0,0,0,0,3,2,0,0,2,0,0,1,2,0,2,2,1,1,1,1,0,0,1,0,0,0,2,1,0,1,0,0,1,4,0,1,1,1,0,0,3,2,2,0,1,0,0,0,0,0,1,0,0,1,1,2,1,0,2,0,0,2,2,2,2,2,1,1,1,3,1,0,0,0,0,4,1,1,0,0,0,1,1,0,0,1,0,0,2,0,1,2,2,3,0,0,0,0,0,0,0,0,0,0,0,0,0,0,0,0,0,0,0,1,0,0,0,0,1,0,0,0,0,0,0,0,0,0,0,0,0,0,0,1,1,0,0,0,0,0,0,0,0,0,0,0,0,0,0,0,0
Q9UH99,9,6,12,7,3,4,0,10,6,4,5,2,3,0,3,4,9,1,3,4,0,2,6,5,4,2,2,1,3,5,3,1,2,0,0,1,4,3,3,4,4,0,0,0,0,0,0,0,0,8,10,7,6,2,3,0,7,9,7,4,4,3,0,5,6,6,5,2,4,0,4,6,3,3,0,1,0,6,3,5,1,6,2,0,4,1,0,1,3,7,0,0,0,2,0,0,0,0,13,3,2,0,5,3,0,6,5,5,1,7,2,2,9,9,10,6,4,5,0,3,5,5,2,1,0,0,1,5,2,1,2,0,0,3,3,4,5,4,3,0,0,0,0,0,1,0,0,1,5,0,3,2,4,0,6,7,6,3,2,2,0,3,5,6,2,1,4,0,2,4,4,2,0,3,0,1,2,0,0,0,0,0,3,1,2,0,0,2,0,0,0,0,1,0,0,0,6,5,3,1,1,2,0,5,5,3,2,3,5,0,3,3,5,2,0,3,0,0,3,1,1,0,1,0,2,4,5,0,3,1,0,0,2,0,0,0,1,0,0,0,0,0,0,0,0,4,1,0,5,1,3,0,2,2,3,2,5,1,0,3,0,7,0,1,2,1,2,2,3,3,0,1,0,5,4,0,3,2,0,0,3,4,5,2,3,3,0,0,0,0,0,0,0,0,0,0,0,0,0,0,0,0,0,0,0,0,0,0,0,1,1,0,0,0,0,1,0,0,0,0,0,0,0,0,1,0,0,0,0,0,0,0,0,0,0,0,0,0,0,0,0,0,0
Q9Y5B9,4,8,5,6,2,3,0,13,7,9,7,2,5,1,8,6,10,2,1,6,0,5,2,3,1,5,2,0,3,1,3,3,10,6,0,5,6,7,2,7,7,2,0,0,1,0,0,0,0,6,10,15,5,2,9,0,8,9,5,5,4,7,1,9,8,4,2,4,5,1,4,17,7,2,6,2,0,1,7,4,4,4,3,0,8,6,5,0,6,7,1,0,0,2,0,0,1,0,8,9,1,3,8,5,1,10,3,4,7,7,10,0,4,10,5,2,7,5,0,5,4,0,4,3,4,0,2,3,6,2,5,3,0,6,1,4,3,6,7,0,0,0,2,0,0,0,0,4,3,2,2,3,5,0,7,8,4,8,2,2,1,3,3,1,5,4,1,1,1,2,3,1,3,1,0,5,8,7,0,2,2,0,3,1,2,2,2,1,0,0,0,0,0,0,0,0,3,7,5,1,4,3,0,5,9,4,7,4,3,0,4,7,6,6,3,4,0,2,5,3,2,2,1,0,9,2,5,3,10,3,0,3,6,3,1,4,7,0,0,0,0,0,0,0,0,3,7,6,1,7,11,0,3,3,7,3,3,6,0,7,5,5,2,2,5,0,2,2,2,1,5,1,0,3,11,5,3,0,7,0,10,5,5,4,4,22,1,0,3,1,0,0,0,0,0,0,0,0,0,0,0,1,0,0,1,1,0,0,0,2,2,1,0,1,0,0,0,0,0,0,0,0,0,0,0,0,0,0,0,0,0,0,1,0,0,0,0,0,0,0,0,0,0
O15260,4,10,0,1,0,0,0,6,10,5,4,1,1,1,2,2,1,1,0,0,0,0,3,0,0,0,0,0,1,1,0,0,0,0,0,0,1,1,0,0,1,0,1,0,0,1,0,0,0,6,10,2,1,1,1,1,6,4,8,3,1,2,1,3,4,6,3,0,1,0,2,2,2,1,2,1,0,1,1,2,0,0,0,0,0,0,1,3,0,1,0,1,1,0,0,0,0,0,2,3,1,1,1,1,1,5,3,1,1,1,1,0,3,3,1,2,1,2,0,1,3,0,1,2,0,0,1,3,1,0,0,0,0,1,1,0,0,2,0,0,0,0,0,0,0,0,0,1,3,1,0,0,0,0,3,5,1,1,0,0,0,0,1,2,0,1,0,0,2,1,1,0,0,0,0,0,1,3,0,0,0,0,1,0,1,0,1,0,0,0,0,0,0,0,0,0,2,0,0,0,0,1,0,2,2,1,0,0,1,0,2,2,1,0,1,1,0,0,0,0,0,0,1,0,0,0,0,0,1,1,0,0,0,0,0,0,1,0,0,0,0,0,0,0,0,0,2,1,0,0,0,0,0,1,1,1,0,0,0,0,0,1,1,2,0,0,0,1,1,1,0,0,0,0,0,1,1,1,0,0,1,1,1,0,0,0,0,0,0,0,0,0,0,0,0,0,2,0,0,0,0,0,0,0,0,1,0,0,0,0,0,0,0,0,0,0,0,0,1,0,0,0,0,0,0,0,0,0,0,0,0,0,0,0,0,0,0,0,0,0,0,0,0
O75683,2,2,4,0,4,5,0,3,2,4,1,0,1,0,2,1,1,1,1,2,0,2,1,1,1,0,0,0,4,3,3,3,4,3,0,4,4,1,3,1,3,0,0,0,0,0,0,0,0,3,2,2,0,0,3,0,2,2,2,2,3,1,0,3,2,0,1,2,0,0,2,0,1,1,1,0,0,2,0,1,1,4,3,0,0,0,2,2,3,2,0,0,0,0,0,0,0,0,1,2,1,3,0,4,0,0,2,0,1,0,1,0,1,0,1,0,0,0,0,0,1,1,0,3,0,0,4,0,0,0,2,2,0,0,1,1,0,0,0,0,1,1,0,0,0,0,0,2,0,0,0,6,1,0,0,3,1,0,3,0,0,0,0,0,1,3,0,1,0,0,1,0,1,1,0,2,1,2,2,4,0,0,1,1,0,0,0,0,0,0,0,0,0,0,0,0,5,2,2,2,6,3,0,2,2,0,1,2,3,0,1,1,0,2,2,0,0,2,1,1,1,3,1,0,4,4,0,3,21,7,0,3,3,0,4,4,2,0,0,0,0,0,0,0,0,3,2,0,0,4,0,0,3,1,1,0,2,3,0,4,0,0,0,0,0,1,3,4,0,0,3,0,0,4,2,0,0,4,1,0,1,1,1,1,3,2,0,0,0,0,0,0,0,0,1,0,0,0,0,0,0,0,0,0,0,1,0,0,0,0,0,0,0,0,0,0,0,0,0,0,0,0,0,0,0,0,0,0,0,0,0,0,0,0,0,0,0,0,0,0,0,0,0
Q92804,14,1,33,3,23,1,0,1,1,1,4,0,0,0,26,2,12,3,9,4,0,2,2,3,2,0,2,0,11,3,4,1,1,15,0,2,1,1,0,2,0,0,0,0,1,0,0,0,0,3,1,1,1,2,0,0,1,0,1,1,0,2,0,2,1,0,1,0,0,0,2,2,1,1,2,2,0,2,1,1,1,1,0,0,3,1,0,1,1,1,0,1,0,0,0,0,0,0,26,2,9,3,4,2,0,2,1,0,3,3,1,0,7,3,10,8,1,4,0,4,0,5,7,2,3,0,1,3,1,0,1,7,0,1,1,4,3,2,1,0,0,0,0,0,0,0,0,1,1,7,2,0,0,1,1,0,1,0,0,1,1,4,1,5,5,1,0,0,3,0,4,7,0,6,1,1,2,1,2,1,0,0,2,1,8,1,1,2,0,0,0,1,1,0,0,0,6,1,3,1,5,2,0,2,3,0,0,1,3,0,4,1,0,0,1,2,0,1,0,2,1,1,2,0,2,0,1,1,0,1,0,22,0,2,0,0,1,0,0,0,0,0,0,0,0,25,1,3,0,1,1,0,1,0,1,2,2,0,0,3,0,7,3,1,2,0,0,0,1,2,2,0,1,1,0,0,2,1,2,0,1,2,1,1,0,0,0,0,0,0,0,0,0,0,0,0,0,1,0,0,0,0,0,0,0,0,0,0,0,1,0,1,0,0,0,0,0,0,1,0,0,0,0,0,0,0,0,0,0,0,0,0,0,0,0,0,0,0,0,0,0,0,0
Q9BW92,12,11,6,3,3,3,1,8,8,6,5,8,2,1,7,4,2,4,2,5,0,4,5,2,0,1,2,1,1,5,3,4,1,1,1,2,7,1,2,1,2,0,1,0,1,1,0,0,0,15,6,7,6,3,1,0,5,7,5,8,6,8,1,2,9,4,1,3,4,0,6,6,2,0,5,4,0,2,10,3,3,5,6,1,8,3,5,6,3,2,0,0,1,2,2,2,0,0,2,5,3,0,5,2,2,11,5,3,3,3,3,1,2,6,3,3,1,1,1,1,4,2,4,1,3,0,1,4,0,1,1,1,0,4,3,3,0,0,3,0,0,1,0,0,0,0,0,7,3,5,1,3,4,0,5,4,3,2,5,7,2,1,5,2,2,1,0,0,3,4,0,0,0,0,0,2,4,1,1,0,0,0,3,0,2,3,6,0,0,0,2,0,0,0,0,0,2,4,1,1,0,2,0,5,10,4,3,3,3,1,2,2,3,3,1,0,0,7,4,2,0,1,2,0,1,2,2,2,0,0,0,2,3,1,0,1,1,0,1,1,0,0,0,0,0,1,9,2,3,2,3,0,3,4,2,2,4,2,1,4,3,3,1,0,2,0,1,5,2,2,0,3,1,3,3,2,4,0,0,0,1,2,1,3,1,0,0,0,0,0,0,0,0,0,0,0,1,1,0,0,0,1,1,0,0,1,2,0,1,0,0,1,0,1,0,1,0,1,1,0,0,0,0,1,0,1,0,0,0,0,0,0,0,0,0,0,0,0,0,0,0,0,0
Q8TC07,4,1,4,3,1,3,0,1,6,3,1,1,5,1,5,4,3,3,1,4,0,1,5,5,1,2,1,0,0,3,1,1,0,1,1,4,2,7,4,3,2,0,0,0,1,0,0,0,1,4,7,5,4,1,8,1,9,8,10,5,8,9,0,5,7,7,4,5,5,0,0,3,4,2,3,3,0,2,4,5,4,3,1,1,1,3,5,3,4,3,1,0,3,0,1,0,0,0,3,6,5,3,3,3,0,5,10,6,2,2,4,1,6,6,4,3,0,3,2,2,5,3,0,4,5,0,2,2,2,4,1,3,0,1,8,1,4,2,1,1,0,2,1,0,0,0,0,1,1,3,1,1,2,0,6,7,3,5,4,0,0,2,5,1,5,4,1,1,0,4,2,3,2,0,1,1,3,3,2,2,2,0,4,1,4,3,0,3,0,0,0,0,1,0,0,0,1,0,3,1,0,1,1,3,6,4,0,3,1,2,1,2,2,3,2,2,0,4,1,2,5,1,1,0,1,4,0,2,2,3,0,1,4,3,2,1,1,0,1,1,0,0,1,0,0,2,2,1,3,1,4,0,3,9,5,2,2,1,0,4,6,5,1,2,3,0,1,6,3,1,1,5,0,0,3,1,1,4,2,1,2,4,1,1,2,1,0,1,1,0,0,0,0,0,1,0,0,0,0,1,0,3,3,2,0,0,0,0,0,0,2,0,0,0,0,1,1,0,0,0,0,0,1,0,0,0,0,0,0,0,0,0,0,0,0,0,0,1,0,0,0,0,0
Q9NZ01,0,6,3,0,0,1,0,3,5,3,3,2,1,0,1,1,2,3,0,1,0,0,2,3,1,0,0,0,1,2,0,0,0,1,0,0,1,2,0,0,1,0,0,0,0,0,0,0,0,3,5,2,1,1,1,0,5,12,6,5,3,1,2,2,6,5,4,2,2,0,3,0,3,1,3,0,1,1,2,0,2,2,1,0,3,1,1,0,3,0,0,1,1,1,1,0,0,0,3,1,2,3,0,0,0,2,10,2,2,1,1,0,3,4,3,2,1,0,1,1,3,1,1,3,0,1,2,1,2,2,0,0,0,0,1,1,0,1,0,0,0,0,0,1,0,0,0,4,2,1,0,0,0,0,1,0,4,1,0,1,1,1,4,2,0,1,0,0,1,2,0,0,0,0,0,2,3,3,0,0,0,0,0,0,0,0,0,0,0,0,2,0,0,0,0,0,0,1,0,2,2,1,0,1,3,6,0,0,4,0,1,2,1,0,2,0,0,2,1,0,0,1,0,0,0,1,1,0,0,0,0,0,1,0,0,1,0,0,0,0,0,0,0,0,0,0,1,0,0,1,1,0,0,3,0,0,1,0,0,0,1,1,1,1,0,0,0,0,0,0,0,0,0,0,5,1,0,0,0,0,0,0,0,0,1,1,0,0,0,0,0,0,0,0,0,1,0,0,0,0,0,1,0,0,0,1,0,1,1,0,0,0,0,0,0,0,0,1,0,1,0,0,0,0,0,0,0,0,0,0,0,0,0,0,0,0,0,0,0,0,0,0,0
Q9Y4R8,14,16,5,2,4,12,1,14,16,10,13,7,7,4,9,4,6,1,1,0,0,2,7,3,0,3,2,0,5,2,3,3,1,1,0,6,9,4,1,3,2,0,1,0,1,0,0,1,0,15,13,4,8,7,7,0,11,20,6,2,9,11,1,8,8,5,5,4,6,1,9,5,4,0,0,3,0,8,5,5,7,2,2,1,5,5,5,2,3,8,0,1,2,1,0,1,0,0,10,15,3,4,1,2,0,12,2,5,2,4,3,0,6,4,4,2,1,3,0,2,6,0,2,1,0,0,2,2,3,1,1,1,1,4,5,4,0,2,0,0,0,1,0,0,0,0,0,4,7,1,1,1,1,1,4,8,6,0,5,1,0,2,1,2,1,2,2,0,0,4,0,0,2,0,0,3,5,0,1,0,1,1,2,1,1,1,0,1,0,1,0,0,0,0,0,0,5,7,5,2,0,3,0,9,4,4,0,2,2,0,4,5,1,1,1,1,0,1,2,3,2,4,1,1,1,1,0,2,0,0,0,2,3,0,0,1,2,0,0,0,0,1,1,1,0,6,12,3,0,0,0,1,4,8,4,4,3,4,0,6,5,2,1,1,3,0,1,0,0,2,1,0,0,2,5,2,0,0,3,0,3,4,5,0,2,4,0,0,0,0,0,0,0,0,0,1,0,0,2,0,0,0,2,1,0,0,0,0,0,1,0,0,1,0,0,1,0,0,0,0,0,0,1,1,0,0,0,0,0,0,0,0,0,1,1,0,0,0,0,0,0,0,0
Q00059,0,0,3,1,0,1,0,2,1,1,0,2,0,0,1,1,1,0,4,0,1,0,0,2,2,0,0,0,1,1,1,0,1,0,0,0,2,0,2,0,0,0,1,0,0,0,0,0,0,1,0,3,0,0,0,0,1,2,3,1,0,3,0,1,4,2,1,2,1,0,0,0,1,1,3,2,0,1,1,2,0,4,2,0,1,0,1,0,5,1,0,0,0,1,0,0,0,0,0,3,1,2,1,1,1,1,1,1,4,2,4,0,2,2,1,0,2,0,0,0,0,0,0,0,1,0,2,4,2,0,2,0,0,1,1,1,1,0,1,0,0,1,0,0,0,0,0,0,1,0,0,1,0,0,0,0,2,0,1,0,0,1,2,1,0,2,0,0,1,1,1,0,0,2,0,0,1,0,2,1,1,0,1,0,0,0,3,1,0,0,0,0,0,0,0,0,1,2,1,1,0,2,0,0,5,2,1,5,0,1,3,2,1,0,0,3,0,1,0,0,1,2,0,0,1,6,2,1,3,0,0,1,1,2,1,0,0,0,0,0,0,0,0,0,0,3,0,0,0,2,0,0,0,1,2,1,0,0,0,0,2,1,0,0,1,0,0,2,2,1,0,0,0,2,1,2,1,2,2,0,1,0,0,1,2,1,0,0,0,0,0,0,0,0,0,0,1,0,0,0,0,0,0,0,0,0,1,0,1,0,0,0,0,0,0,0,0,0,0,0,0,0,0,0,0,0,0,0,0,0,0,0,0,0,1,0,0,0,0,0,0,0,0
Q9H5Q4,7,2,1,0,3,3,0,2,5,3,4,3,1,1,1,3,0,1,3,0,0,0,0,2,0,0,0,0,1,3,3,0,3,1,0,0,5,1,0,0,0,0,0,0,0,1,0,1,0,4,3,3,2,5,0,1,5,4,7,7,2,4,1,2,4,3,2,3,4,0,2,5,4,2,6,3,1,4,3,2,3,2,0,0,2,6,2,1,3,0,2,0,1,0,1,0,0,0,2,3,2,0,2,0,1,2,4,3,3,4,3,0,1,2,1,1,0,1,1,2,4,1,0,0,0,0,0,3,0,0,2,2,0,1,3,1,0,0,1,0,0,0,1,0,0,0,0,1,2,0,0,0,1,0,5,4,1,3,0,2,0,0,4,0,2,0,0,0,0,2,0,0,2,0,0,3,4,2,0,1,0,0,0,3,0,0,0,0,0,0,0,0,0,0,1,0,2,6,0,0,0,2,0,1,7,0,2,2,5,0,3,4,2,0,1,0,0,0,2,0,1,0,0,0,1,4,2,0,1,2,0,2,1,2,0,0,2,0,0,0,0,0,0,0,0,0,2,2,0,1,0,0,3,6,4,4,2,1,0,3,2,0,1,0,1,0,0,1,0,0,1,0,0,1,0,1,0,1,1,0,0,1,1,1,0,1,0,1,0,0,1,0,0,0,0,1,0,0,0,0,0,0,0,0,0,1,0,0,0,0,1,0,0,0,0,0,1,0,1,1,0,0,0,0,0,0,0,0,0,0,1,0,0,1,0,0,0,0,0,0,0,0,0
P02786,10,10,5,3,8,2,0,7,13,12,8,6,3,0,9,5,4,3,3,3,2,9,4,2,3,4,3,0,3,4,7,1,0,3,1,3,1,1,1,3,0,0,0,0,0,0,0,0,0,6,8,8,5,2,1,0,9,9,7,7,5,4,0,10,10,5,4,1,5,0,4,6,5,4,1,4,0,5,6,5,0,3,6,0,9,1,2,2,5,4,0,0,1,0,0,0,1,0,8,13,9,4,3,1,0,6,8,5,2,9,4,1,6,9,2,1,2,3,0,3,0,4,4,0,4,0,2,1,2,1,0,3,1,3,2,6,2,3,1,0,0,1,0,0,1,0,0,4,8,2,2,2,2,0,3,3,6,0,2,3,0,5,4,2,3,1,2,0,1,3,2,1,2,3,0,2,2,1,0,1,1,0,4,4,4,1,1,2,0,0,0,0,0,0,0,0,4,5,2,5,0,0,0,5,4,2,4,2,5,0,5,4,4,3,0,2,0,2,1,1,0,0,1,0,1,3,2,0,1,0,0,5,3,3,1,0,0,1,0,0,2,0,0,0,0,6,5,3,6,4,3,0,0,4,1,3,1,3,0,2,3,6,1,3,2,0,1,3,3,0,0,1,0,3,6,1,3,1,0,0,2,1,0,1,2,2,1,0,1,0,0,0,1,0,0,0,0,0,0,0,0,0,0,2,0,0,0,1,1,0,1,0,0,0,0,0,0,0,0,0,0,0,0,0,0,0,1,0,0,1,0,1,0,0,0,0,0,0,0,0,0,0,0
Q6YHU6,10,17,11,7,5,7,1,13,23,18,10,7,9,4,6,16,16,10,10,9,0,5,16,5,5,4,3,3,6,5,5,2,4,3,0,9,11,6,1,4,3,2,1,1,2,2,3,1,1,17,27,17,12,7,10,2,34,46,28,25,18,17,1,15,22,19,15,8,16,1,10,12,12,12,9,12,3,11,8,16,6,1,6,2,7,10,14,7,9,5,2,3,2,2,2,2,3,1,5,19,13,9,3,6,2,14,35,13,11,12,12,3,12,23,20,10,7,9,1,5,25,8,4,2,6,4,9,6,4,9,1,3,1,7,16,11,7,5,3,1,1,1,2,1,1,1,0,5,3,7,5,3,2,3,11,25,12,12,7,9,2,8,10,7,5,3,7,0,2,7,5,6,8,6,1,3,11,5,1,1,2,1,7,9,7,5,3,4,1,0,7,2,2,0,0,1,10,6,6,3,5,9,0,5,15,8,4,2,4,3,5,12,8,7,1,5,1,2,9,4,1,1,4,1,3,3,3,1,2,0,0,7,5,1,1,0,1,0,0,3,1,0,0,0,0,8,9,12,5,2,2,3,13,19,11,6,3,3,1,9,14,9,3,3,4,4,3,7,6,6,0,2,0,7,6,5,1,2,1,0,2,4,5,3,1,3,1,1,3,3,0,0,0,0,3,3,2,0,0,0,0,2,6,6,2,1,0,1,2,3,3,4,1,0,0,1,2,0,1,0,3,0,0,2,1,2,1,0,0,2,1,2,0,0,0,0,1,1,1,0,0,0,0
Q96FV9,1,3,2,1,1,1,0,5,7,5,1,3,1,0,2,1,1,5,7,1,1,2,1,2,0,1,5,0,1,2,2,1,0,0,0,1,4,3,3,1,5,0,0,1,0,0,0,0,0,1,4,7,4,3,8,0,4,13,9,8,7,5,1,2,7,4,7,3,5,2,0,7,4,2,5,4,0,4,3,5,2,3,4,0,1,0,3,1,1,6,0,1,1,0,0,0,1,0,2,2,2,4,0,1,0,5,9,5,3,6,1,1,1,4,0,1,5,2,0,0,6,4,4,2,5,0,1,7,5,3,3,2,1,2,3,3,5,1,3,2,0,1,1,1,1,0,0,3,3,2,0,1,0,0,4,6,3,2,3,1,0,2,4,1,4,2,4,0,2,3,2,2,0,2,0,2,2,0,3,1,1,0,5,8,2,3,2,3,1,0,0,1,0,0,0,0,1,6,0,1,1,2,1,4,5,2,3,1,3,0,1,7,3,0,2,5,0,3,1,3,2,0,0,0,2,3,3,0,2,1,0,2,0,3,1,2,1,0,1,0,0,0,0,0,0,1,4,5,1,0,3,0,3,7,6,4,1,1,1,3,7,3,3,2,2,1,1,1,2,1,1,7,1,2,1,3,0,1,1,0,3,6,7,1,1,7,0,0,0,1,1,0,1,0,0,0,0,0,0,2,0,2,0,0,1,0,0,0,0,0,2,0,1,0,0,1,0,0,0,0,1,0,0,0,0,0,1,0,0,0,2,0,0,0,0,0,0,0,0,0,0,0,0
Q5SRD1,7,6,4,1,1,2,0,3,1,4,0,2,2,0,1,3,4,3,0,1,1,1,2,3,0,1,0,0,0,0,1,0,0,0,0,1,0,1,0,0,0,0,0,1,0,0,0,0,0,6,3,2,1,0,0,1,6,2,1,2,0,1,0,2,2,0,1,1,1,0,1,0,1,0,0,0,0,1,1,1,0,0,0,0,2,1,0,0,0,2,0,0,1,0,0,0,0,0,4,1,5,0,0,0,0,0,5,1,0,0,0,1,2,1,1,0,1,0,1,2,2,0,1,0,0,0,0,1,0,1,0,2,0,0,1,1,1,1,0,0,0,0,0,0,1,0,1,1,2,1,2,0,0,0,1,1,1,0,0,1,0,2,0,1,0,1,1,0,0,0,1,0,0,0,0,0,0,1,0,0,0,0,0,0,0,0,0,0,0,0,0,0,0,0,0,0,0,0,0,1,0,0,0,2,0,0,0,0,1,0,1,1,0,1,1,0,0,1,0,0,0,0,0,0,0,0,0,0,0,0,0,1,1,0,0,0,0,0,0,0,0,0,0,0,0,2,0,1,2,0,0,0,1,1,0,0,1,0,0,1,0,0,0,0,1,0,1,0,0,0,0,0,0,0,1,0,0,0,0,0,1,0,1,0,0,1,0,0,0,0,0,0,0,0,1,0,0,0,0,0,0,0,2,0,0,0,0,0,0,0,0,0,0,0,0,0,0,0,0,0,0,0,0,0,1,0,0,0,0,0,0,0,0,0,0,0,1,0,0,0,0,0,0
Q3ZCQ8,6,3,4,4,2,0,0,0,5,3,4,4,3,0,4,2,2,1,2,2,0,1,2,1,1,0,2,0,1,0,3,0,2,1,0,0,0,2,1,2,1,0,0,0,0,0,0,0,0,6,5,5,2,3,2,0,8,5,4,2,2,3,1,3,0,2,2,2,1,0,0,4,1,5,1,0,0,1,3,5,2,1,0,0,3,4,1,2,2,2,0,0,1,1,0,0,0,0,3,6,2,0,1,1,0,2,4,1,1,0,6,0,2,7,0,0,2,0,0,1,0,0,0,2,2,0,1,3,3,0,1,0,0,0,2,1,0,1,0,0,0,1,0,0,0,0,0,0,2,1,0,1,2,0,3,3,0,0,3,1,1,0,1,1,0,1,0,0,3,2,0,1,1,1,0,0,1,2,2,0,0,0,0,5,0,0,0,2,0,0,0,0,0,0,0,0,1,1,1,1,0,1,0,4,3,1,2,2,0,0,3,2,4,1,1,1,1,1,1,1,1,1,0,0,1,3,0,0,1,0,1,0,0,0,0,0,1,0,0,0,0,0,0,1,0,3,2,1,0,0,0,0,5,5,0,1,1,1,0,1,1,2,1,0,0,0,0,2,0,0,0,2,0,1,2,0,1,1,0,0,2,2,1,1,0,1,0,0,0,0,0,0,0,0,0,0,0,0,0,0,0,1,0,1,0,0,0,0,0,1,0,0,0,0,0,0,0,0,0,0,0,0,0,0,0,0,0,0,0,1,0,0,0,0,0,0,0,0,0,0,0,0,0
P29401,9,8,7,3,3,5,1,9,6,6,3,5,5,0,7,7,4,4,4,2,1,8,3,0,2,1,2,0,4,2,7,1,1,2,1,5,2,4,2,1,2,1,2,1,0,1,0,0,0,8,6,7,6,7,5,0,11,4,2,1,7,5,2,7,3,3,0,4,0,1,3,3,3,1,1,4,0,4,2,2,4,3,5,0,8,2,4,2,0,3,0,0,1,1,0,0,0,0,6,4,4,3,4,2,3,9,7,4,2,2,4,0,4,6,1,3,1,1,1,3,2,1,2,2,1,0,2,7,2,1,0,0,0,1,1,2,0,2,0,0,0,1,0,0,0,1,1,4,7,4,0,1,2,0,0,5,2,3,2,2,0,2,3,2,0,1,2,0,1,2,2,2,1,2,0,1,3,2,0,0,0,0,2,4,0,0,1,2,0,0,0,0,0,0,0,0,1,2,3,3,2,0,0,4,5,3,4,1,1,0,3,4,4,2,2,1,0,2,1,2,1,1,0,0,0,3,2,1,1,1,0,1,4,2,1,1,1,0,0,1,0,0,0,0,0,6,7,4,1,0,3,0,5,4,1,1,3,1,0,2,5,2,2,0,0,0,1,3,1,2,0,0,0,0,1,1,0,2,2,0,4,1,0,2,1,0,0,0,0,0,0,1,0,0,2,0,0,0,0,0,0,1,1,0,1,0,1,0,1,0,1,0,0,0,0,0,0,1,0,0,0,0,0,0,0,0,1,0,0,0,1,0,0,0,0,0,0,0,1,0,0,0,0
Q99805,4,6,9,1,1,0,1,6,17,11,5,4,2,2,5,9,7,0,1,3,1,3,2,2,1,2,0,1,1,0,0,2,1,2,1,1,0,3,0,1,2,0,1,1,1,0,0,0,0,7,17,7,4,0,0,1,18,28,15,5,4,4,1,10,11,7,5,4,2,2,1,5,4,3,2,2,1,4,4,4,4,1,3,1,5,5,2,0,1,1,0,3,2,0,0,0,0,0,4,8,7,2,2,2,0,6,16,7,2,5,2,1,5,8,5,1,2,3,0,1,4,2,2,1,2,0,2,2,2,2,3,0,0,2,2,2,1,2,1,0,2,1,1,1,0,1,0,1,6,0,0,1,2,0,2,5,5,1,1,1,1,2,3,2,4,3,1,0,0,2,5,4,0,0,0,0,4,1,0,1,2,0,1,2,1,0,0,0,0,0,2,0,0,0,0,0,4,2,1,1,0,1,0,2,5,2,1,1,3,0,2,3,1,0,0,0,1,4,2,1,1,2,0,0,1,4,0,1,0,1,0,2,1,2,1,0,3,0,0,0,1,0,0,1,0,2,3,2,3,3,1,1,2,2,1,1,5,1,0,1,4,2,2,1,0,2,1,1,0,0,1,0,0,1,0,0,1,1,1,0,3,1,2,1,0,3,1,0,1,0,0,0,0,0,0,5,0,0,0,1,0,0,2,0,3,1,1,0,0,1,1,0,0,1,0,0,0,1,0,0,0,0,0,0,0,0,0,0,0,0,1,0,0,0,1,0,0,0,0,0,0,0,0
Q9HD45,6,11,5,3,0,1,2,9,14,7,1,2,3,2,7,5,11,1,0,2,0,3,5,2,0,2,1,0,1,0,2,0,0,1,1,4,0,2,0,1,2,0,2,1,1,0,0,0,0,11,8,10,1,1,3,0,10,23,13,5,2,1,1,8,4,14,2,4,1,0,2,4,1,1,3,0,1,3,3,3,2,2,1,0,1,5,1,0,1,2,1,1,2,0,0,0,0,1,7,11,3,3,1,1,2,6,4,7,4,3,3,0,10,13,5,6,2,3,1,0,6,4,2,1,1,0,1,2,3,0,2,1,0,0,1,0,2,1,5,0,1,0,0,0,0,0,0,0,1,2,2,1,1,0,5,7,2,1,2,0,0,0,2,4,4,0,0,0,0,2,1,1,2,0,0,3,2,1,2,2,0,0,0,0,0,1,0,2,0,1,0,0,0,0,0,0,1,2,3,1,1,2,0,3,2,1,1,1,1,0,3,1,3,1,2,1,0,2,0,0,2,1,0,0,2,1,2,1,0,2,0,0,3,2,1,1,1,0,0,1,0,0,0,0,0,2,3,0,3,1,1,0,1,2,3,0,4,3,0,0,1,2,0,1,2,0,0,0,2,0,1,1,0,0,1,1,0,2,3,0,5,3,1,0,3,1,0,0,0,1,0,0,0,0,1,2,3,0,0,0,0,0,3,0,0,0,0,1,0,1,1,0,0,0,0,0,0,0,0,0,0,0,0,0,0,0,0,0,0,0,0,0,0,0,0,0,1,0,0,0,0,0,0
Q92545,22,17,10,6,10,5,1,15,21,27,5,9,13,0,7,21,18,12,5,2,1,7,7,7,5,4,2,0,12,10,12,2,3,3,0,8,11,8,4,3,3,1,0,1,1,2,0,0,0,16,23,18,6,4,14,1,20,47,26,16,16,14,2,20,32,24,15,5,12,0,10,20,15,8,5,4,0,15,14,12,5,8,4,1,4,19,11,9,5,4,1,0,1,1,0,0,0,0,17,15,18,10,8,8,0,21,28,23,17,15,8,0,20,25,36,15,8,7,1,14,17,9,3,6,5,0,2,8,5,8,5,3,0,2,5,12,5,3,5,0,0,0,0,2,0,1,0,4,14,11,5,6,3,0,11,18,8,12,7,9,0,8,13,13,7,4,2,0,4,7,6,1,1,4,1,7,5,4,4,2,2,0,7,6,4,2,1,0,0,0,0,1,1,0,0,0,9,10,7,2,12,3,0,8,14,9,6,6,6,0,10,12,7,1,6,3,0,6,3,5,3,5,1,0,6,5,3,3,1,2,0,6,4,4,0,2,2,0,0,0,0,1,0,0,0,3,11,3,3,2,5,2,5,13,15,6,6,3,0,10,7,13,4,2,6,1,0,10,4,4,2,2,1,1,7,3,1,1,4,0,2,3,4,3,2,3,0,0,0,2,0,0,0,0,0,0,0,0,0,0,0,2,0,0,0,0,0,0,1,2,1,0,1,0,0,2,1,1,0,1,1,0,0,0,0,0,0,0,0,0,0,0,0,1,0,0,0,0,0,0,0,0,0
Q5SNT2,11,9,9,3,0,2,2,7,15,10,3,2,0,1,7,8,7,2,1,2,0,4,3,4,3,1,2,1,1,3,3,1,1,1,0,3,1,1,1,1,3,1,2,0,1,0,0,0,0,7,11,6,8,4,2,1,17,19,11,2,6,2,1,10,11,8,3,3,3,0,1,3,2,5,3,1,1,4,3,6,2,5,1,1,1,1,1,0,1,0,0,0,0,3,0,1,1,1,11,5,5,5,2,1,0,8,17,6,2,3,1,2,5,10,6,4,1,3,0,2,0,3,2,0,5,0,2,2,1,1,2,0,0,5,1,1,1,0,1,0,2,1,0,0,0,0,0,2,4,3,1,1,2,0,2,3,1,3,1,0,2,1,6,2,3,0,1,1,2,3,2,5,2,1,2,1,3,1,3,0,0,0,2,4,0,1,0,1,1,0,2,0,2,1,0,0,2,5,0,0,1,2,0,3,2,7,3,5,1,0,4,3,3,0,2,0,0,3,0,3,1,1,0,0,1,7,1,1,1,0,1,1,1,0,0,0,0,0,0,2,0,0,0,0,0,3,3,2,1,1,2,0,1,1,2,2,2,0,0,1,0,2,0,1,0,1,0,2,0,1,0,0,1,0,2,0,0,2,0,0,0,0,3,0,2,2,0,0,1,0,1,0,0,0,0,1,2,0,1,0,0,1,1,1,1,3,0,0,1,1,1,0,0,0,1,1,1,0,0,1,0,0,1,0,0,0,1,0,0,0,0,0,1,0,0,0,0,1,0,0,0,0,0
Q8WUH6,12,2,5,0,2,0,0,2,0,1,2,0,0,0,4,2,2,0,1,0,0,0,0,0,0,0,0,0,1,0,2,1,0,0,0,0,2,0,0,0,0,0,0,0,0,0,0,0,0,1,1,2,0,1,0,0,2,0,0,0,0,2,0,2,0,1,0,1,0,0,1,0,0,1,0,1,0,0,0,0,0,0,0,0,0,0,0,1,0,1,0,0,0,0,0,0,0,0,5,1,1,0,1,2,0,1,3,1,0,0,0,0,2,2,0,0,0,0,0,0,0,0,1,0,0,0,1,0,1,0,0,1,0,0,0,0,0,0,0,0,0,0,0,0,0,0,0,2,0,0,0,0,0,0,0,0,1,1,0,0,0,0,0,0,0,0,0,0,0,1,1,2,1,0,0,0,0,0,0,0,1,0,0,0,0,0,1,0,0,0,0,0,0,0,0,0,1,1,1,0,0,0,0,0,0,0,0,0,0,0,2,1,1,0,0,0,0,1,0,0,0,0,0,0,1,0,0,0,1,0,0,0,0,1,0,1,0,0,0,0,0,0,0,0,0,0,0,0,0,0,0,0,0,1,1,0,0,0,0,0,0,0,1,1,0,0,0,1,0,1,0,0,0,0,0,1,0,1,0,0,0,0,0,1,0,0,0,0,0,0,0,0,0,0,0,0,0,0,0,0,0,0,0,0,0,0,0,0,0,0,0,0,0,0,0,0,0,0,0,0,0,0,0,0,0,0,0,0,0,0,0,0,0,0,0,0,0,0,0,0,0,0,0
P57088,3,1,0,2,0,1,0,0,8,3,0,3,0,0,1,4,1,0,1,1,1,3,3,0,0,0,0,0,1,0,1,1,1,0,0,0,1,0,1,0,0,0,0,0,0,0,0,0,0,0,5,5,3,3,0,0,7,10,8,3,4,1,1,2,4,4,3,1,0,0,1,3,1,1,1,1,0,0,3,4,2,1,1,0,0,0,0,2,0,0,0,1,1,0,0,0,0,0,2,2,2,1,1,0,0,3,9,1,4,1,0,0,2,4,4,1,1,1,0,1,1,1,0,0,0,1,0,2,0,0,0,0,1,1,1,0,0,0,1,0,0,0,1,0,0,0,0,1,3,2,0,0,0,0,2,4,1,1,1,0,1,2,1,1,0,0,0,0,1,1,0,2,0,0,0,0,0,0,0,1,0,0,1,0,0,0,0,0,0,1,0,1,0,0,0,0,0,1,0,0,0,1,0,1,2,1,0,0,1,0,0,4,3,0,0,0,0,0,0,2,1,0,0,0,1,0,2,0,0,0,0,0,1,0,0,0,0,0,0,0,1,0,0,0,0,1,0,1,0,0,0,0,2,1,0,0,1,0,0,0,0,0,0,0,0,0,0,2,0,0,0,0,1,0,0,0,0,0,0,0,0,1,0,0,0,0,0,0,0,0,0,0,0,0,0,2,0,0,0,0,0,0,0,0,0,1,0,0,1,1,0,0,0,1,0,0,0,0,0,0,0,0,0,0,0,0,0,0,0,0,0,0,0,0,0,0,0,0,0,0,0,0,0
Q96JJ7,3,5,8,1,1,5,0,3,4,7,2,2,4,0,5,6,3,1,0,4,1,1,0,0,0,1,0,0,2,1,1,2,0,0,1,1,3,5,2,1,2,0,0,1,0,1,0,0,0,10,3,4,0,3,2,0,4,5,8,2,2,4,1,5,2,5,4,3,5,0,1,2,1,1,1,1,0,1,3,1,1,2,1,0,3,2,3,2,2,4,0,1,0,0,0,0,0,0,3,8,2,0,2,3,1,4,5,2,0,0,4,0,2,3,4,2,2,1,0,1,2,2,3,1,2,0,2,3,2,1,0,2,0,4,3,0,1,2,5,0,0,0,1,0,0,0,0,1,2,2,0,0,2,1,2,5,1,1,1,2,0,1,1,2,1,1,0,0,0,3,2,1,0,2,0,0,1,0,1,1,2,0,1,1,1,2,2,0,0,0,0,0,0,0,0,0,3,1,1,0,0,1,0,3,4,3,1,2,1,0,1,0,0,2,1,3,0,2,3,1,0,1,1,0,0,1,0,1,1,1,1,0,2,0,0,2,2,0,1,0,0,1,0,0,0,2,3,3,1,1,1,0,6,3,3,1,1,1,0,5,2,0,1,3,2,0,2,1,0,3,1,1,0,1,5,3,2,1,0,0,2,4,4,1,2,0,0,0,0,0,0,0,0,0,1,0,1,0,0,0,0,0,0,0,0,1,0,0,0,1,0,0,0,0,0,1,1,0,0,0,0,0,0,0,0,0,0,0,0,0,0,0,0,0,0,0,0,0,0,0,0,0,0
Q92973,3,7,7,6,0,4,0,15,6,9,5,2,2,1,3,7,1,3,3,4,2,3,2,4,6,1,3,0,1,3,2,0,2,0,1,3,5,3,2,1,2,2,1,0,0,0,1,0,0,10,8,10,4,3,7,0,5,30,14,15,7,13,0,6,13,9,7,5,6,1,5,9,5,10,3,5,0,2,8,1,5,2,3,1,6,6,4,2,3,5,2,2,1,0,1,0,2,0,4,8,0,5,1,0,0,7,10,7,4,1,5,2,0,4,0,2,1,4,2,0,5,2,3,3,2,1,3,4,7,4,0,1,0,3,10,1,0,4,4,0,3,2,0,2,1,0,0,3,4,4,1,2,0,2,5,12,7,5,3,3,3,5,0,1,1,5,4,2,5,11,2,2,3,2,1,2,4,0,2,1,1,0,1,5,4,2,1,3,0,1,0,1,0,0,0,0,2,3,0,2,0,3,0,2,13,5,3,3,2,0,3,6,0,1,1,0,0,1,7,2,3,0,1,0,1,2,0,2,0,1,0,0,2,2,2,1,2,0,1,2,0,0,0,0,0,2,10,1,0,2,1,0,7,11,4,5,3,3,0,1,4,2,1,4,4,1,2,2,2,2,0,3,0,1,7,1,0,0,3,1,3,4,2,3,3,16,1,1,2,2,0,0,0,0,2,0,2,1,1,3,0,1,2,1,0,3,0,0,0,2,0,1,0,0,0,0,2,1,0,0,0,0,0,0,0,1,1,0,0,0,1,1,0,0,0,0,0,0,0,0,0,0,0
Q8NDV7,11,12,15,12,3,2,0,14,17,16,9,6,6,0,25,19,27,15,7,6,1,24,17,19,17,6,5,2,4,9,4,8,4,3,0,5,2,5,1,8,4,0,0,0,1,2,0,0,0,8,10,16,17,10,4,1,12,14,14,14,9,3,0,15,14,24,15,6,5,0,10,16,14,22,8,4,0,5,6,9,7,1,0,0,10,6,11,5,3,3,0,1,0,0,0,0,0,0,14,24,27,19,12,5,0,18,17,13,20,5,9,0,30,17,39,22,9,13,1,20,16,21,18,5,3,0,7,5,7,8,5,2,0,12,4,10,6,2,5,1,0,1,0,1,1,2,0,15,13,26,22,5,8,0,13,7,22,23,2,10,0,19,22,22,16,4,5,2,13,21,20,28,7,8,0,4,6,5,6,1,5,1,4,6,5,4,0,3,0,0,0,1,1,0,0,0,3,5,8,5,1,2,0,6,8,6,5,3,4,0,4,7,10,8,0,4,0,11,4,8,6,1,2,0,2,3,2,2,10,5,0,4,3,4,1,3,4,0,0,0,0,2,0,0,0,3,4,8,15,1,4,2,3,3,7,3,3,6,1,8,3,7,6,8,6,1,9,2,5,6,1,0,0,2,3,7,1,3,3,1,2,4,3,6,4,9,0,0,0,1,0,0,0,0,1,0,0,0,0,0,0,0,0,1,0,0,0,0,0,0,1,1,0,1,0,2,1,3,0,0,0,0,0,0,0,0,0,1,0,0,1,1,0,0,0,0,0,0,0,0,0,0,0
Q9UPQ9,18,20,20,16,7,6,0,17,20,13,15,5,4,2,26,13,26,15,8,10,1,24,9,13,10,7,4,2,4,4,5,8,4,2,0,4,5,7,5,3,6,0,0,0,1,0,0,0,0,16,10,21,8,8,8,1,16,19,15,20,4,3,0,12,17,19,9,4,2,3,11,20,15,14,7,4,2,4,7,8,1,2,2,0,7,6,6,3,2,4,0,1,1,0,0,0,0,0,24,19,29,14,5,8,0,10,13,15,17,8,6,0,21,10,19,28,13,4,0,18,17,18,12,7,7,1,7,3,10,7,4,3,0,5,5,9,10,2,2,0,0,3,1,0,1,0,0,17,14,20,17,5,4,0,17,15,12,12,2,7,0,19,21,14,11,1,6,1,13,12,13,21,5,8,1,7,5,8,7,1,1,0,3,3,10,6,5,3,0,1,1,0,1,1,2,0,10,4,7,4,2,1,0,6,5,6,2,2,4,0,9,4,9,11,2,4,0,3,2,7,7,0,6,0,3,1,3,1,5,5,1,2,1,3,4,3,3,0,0,0,0,0,0,1,0,2,8,2,10,0,2,0,4,4,3,6,3,4,0,12,3,8,5,6,7,0,8,5,6,9,3,1,0,3,4,5,1,3,3,0,3,3,6,3,4,5,0,0,0,0,0,0,0,0,0,1,0,0,0,1,0,2,1,1,1,0,0,0,0,1,0,1,0,0,0,0,0,1,0,0,0,0,0,1,1,0,0,0,0,0,1,0,1,0,1,0,0,0,0,0,0,0,0
Q9HCJ0,25,24,24,15,3,4,1,24,19,13,20,2,2,1,36,19,27,17,6,5,1,31,9,21,20,3,6,1,7,2,4,5,6,2,0,8,2,7,6,6,6,0,1,0,1,1,0,0,0,18,13,19,13,10,4,1,20,23,19,15,9,5,0,14,18,19,5,7,9,1,22,22,14,13,7,2,0,4,6,5,2,0,2,2,6,6,6,4,2,2,0,0,2,0,0,0,0,0,21,13,25,21,5,11,1,15,20,17,19,5,7,0,22,18,46,23,8,10,3,18,15,22,12,2,5,0,12,6,8,7,2,2,0,9,0,11,5,2,4,0,0,1,2,2,0,1,0,15,15,31,22,5,9,0,12,14,14,20,3,5,1,14,20,23,18,5,3,1,11,16,18,13,5,5,0,8,5,3,3,3,1,0,7,4,5,4,1,0,0,0,0,0,1,0,0,0,11,6,7,7,1,4,0,4,8,6,2,2,2,0,4,6,6,6,1,1,0,7,4,3,3,1,2,0,3,3,1,1,7,5,0,2,3,3,2,1,3,0,1,1,0,0,0,0,0,6,9,5,12,2,3,0,1,7,1,4,0,5,0,7,2,8,4,9,3,0,6,3,5,6,5,1,0,2,2,3,2,2,2,0,5,3,1,5,1,3,0,0,0,0,0,0,0,0,0,1,0,1,0,0,0,2,0,2,0,0,0,0,0,0,1,1,1,0,0,2,0,1,1,0,0,0,0,0,0,0,0,0,0,0,0,1,0,0,0,0,0,0,0,0,0,0,0
Q96GM8,6,6,3,1,5,4,0,6,6,3,2,1,3,0,5,6,4,2,3,3,0,3,1,3,2,2,1,1,1,2,2,4,1,3,0,4,1,2,1,1,2,0,1,0,0,0,0,0,0,3,6,6,6,1,4,0,6,5,6,5,1,2,2,4,4,3,1,3,3,0,3,8,2,2,2,2,0,2,1,1,1,1,0,0,2,6,1,2,0,1,0,1,0,0,3,0,0,1,5,4,4,2,2,1,0,2,4,3,7,1,1,0,3,3,3,2,2,0,1,1,2,3,1,0,1,1,3,2,4,1,1,1,0,3,5,1,0,1,4,1,0,2,0,0,0,0,0,1,1,5,1,2,1,0,7,4,2,1,1,1,1,4,3,0,3,1,2,0,1,4,2,2,0,0,1,1,0,2,1,2,0,0,1,0,1,0,2,0,1,1,1,0,0,0,1,0,3,0,2,2,1,1,0,3,2,1,1,0,1,1,1,1,2,1,3,3,0,1,1,2,2,1,0,0,1,3,0,0,8,3,0,2,1,0,1,1,2,1,0,0,0,0,0,0,0,6,3,4,0,2,0,1,2,5,2,2,2,2,1,1,1,1,0,0,4,1,1,0,1,0,1,1,0,1,1,1,0,1,1,0,4,2,3,0,0,0,0,0,2,0,0,1,0,0,1,1,0,1,0,0,0,0,1,1,1,0,2,0,0,0,0,0,0,0,0,1,1,0,1,0,0,0,0,0,1,0,1,0,0,0,1,0,0,0,0,0,0,0,0,0,1,0,0
Q9NS69,10,3,3,0,1,0,0,0,5,1,1,0,0,0,0,1,0,1,1,0,0,0,1,0,0,0,0,0,0,1,1,0,0,1,0,1,0,0,0,0,0,0,0,0,0,0,0,0,0,3,2,1,1,0,0,0,2,2,4,1,0,1,0,2,3,1,1,0,2,0,0,1,0,1,1,0,0,1,0,1,0,0,3,0,1,1,0,0,0,3,0,0,0,0,0,0,0,0,2,1,0,0,0,0,0,2,1,2,0,1,1,0,1,0,1,0,1,0,0,0,3,0,0,0,0,0,1,0,0,1,0,0,0,0,1,1,0,0,1,0,0,0,0,0,0,0,0,1,0,0,0,0,0,0,2,0,0,1,2,1,0,0,0,0,0,0,0,0,0,1,0,2,0,1,0,0,0,0,1,0,0,0,0,0,1,0,0,0,0,0,0,0,0,0,0,0,0,1,0,0,1,0,0,0,1,0,0,0,0,0,0,1,1,0,0,0,0,1,0,0,1,0,0,0,0,0,0,0,0,0,0,1,1,2,0,0,0,0,0,0,0,0,0,0,0,1,0,0,0,1,1,0,1,1,2,0,1,2,0,0,2,0,1,0,1,0,0,0,0,0,0,0,0,0,0,0,0,0,0,0,0,4,0,0,0,6,0,0,0,0,0,0,0,0,0,0,0,0,0,0,0,0,0,0,0,0,0,0,0,0,0,0,0,0,0,0,0,0,0,0,0,0,0,0,0,0,0,0,0,0,0,0,0,0,0,0,0,0,0,0,0,0,0
O95985,1,6,3,4,3,3,0,8,11,12,2,2,7,1,7,2,5,6,6,3,3,5,5,4,3,4,1,2,8,3,2,7,2,3,0,7,5,5,2,3,0,1,3,1,0,1,1,0,0,4,13,7,4,2,5,2,5,4,9,5,6,4,1,9,9,9,8,6,6,0,3,3,3,3,2,3,1,7,6,4,4,5,3,0,9,6,1,2,2,2,1,1,2,0,1,1,0,0,5,4,5,6,4,4,0,6,9,11,3,8,2,1,4,6,3,3,3,5,0,4,8,2,3,2,0,1,6,3,4,0,0,3,1,6,3,3,1,1,3,2,1,0,3,1,0,1,0,2,7,1,2,3,3,1,8,3,4,2,6,1,0,3,4,4,1,1,1,3,1,4,2,0,1,1,1,2,3,2,2,1,4,0,2,4,0,0,0,0,0,2,3,3,0,2,0,0,0,5,5,5,9,3,1,3,1,7,2,4,4,0,1,8,3,1,0,2,0,2,2,4,0,2,0,4,4,3,2,0,1,1,0,5,3,3,3,3,0,1,0,0,0,0,0,1,0,6,6,6,3,3,5,2,4,5,4,2,3,4,2,3,7,0,1,1,1,0,2,1,1,1,3,1,1,0,2,1,0,2,4,0,1,2,1,0,0,0,1,2,1,0,1,0,2,0,2,1,5,0,1,0,0,3,1,0,2,0,1,0,1,4,0,0,0,1,0,2,1,1,0,0,0,0,1,1,1,1,0,0,0,1,1,0,2,0,0,0,0,0,0,0,0,0,0
Q8NFQ8,7,3,5,3,2,4,0,3,8,2,5,0,1,0,2,4,5,1,0,4,0,1,2,2,2,0,4,0,2,0,0,3,1,2,0,2,5,2,3,3,2,0,1,0,0,0,0,0,0,5,5,5,1,1,2,1,5,2,7,1,4,4,1,2,0,6,3,0,6,0,3,1,4,2,4,1,0,2,0,1,1,2,2,0,2,3,1,2,4,1,0,1,0,0,0,1,0,0,4,4,0,1,1,4,0,2,4,2,2,3,3,1,5,3,6,4,0,2,0,5,3,2,2,1,0,0,1,0,1,0,0,2,0,3,2,5,3,2,3,0,0,0,0,0,0,0,0,2,5,2,3,1,3,0,2,5,1,3,0,1,0,4,5,1,2,1,2,0,3,3,2,0,0,1,0,1,1,1,2,0,0,0,0,2,1,1,2,2,1,0,0,0,0,0,0,0,5,1,1,1,2,1,0,4,1,2,1,0,1,0,0,2,1,1,0,0,0,1,2,3,1,0,1,0,1,1,0,1,1,0,0,1,0,2,0,1,2,0,0,0,0,0,0,0,0,1,1,3,1,1,3,0,4,3,3,3,1,3,0,1,3,1,2,2,4,0,3,1,2,2,0,2,0,4,6,1,1,0,0,0,2,5,2,1,0,2,0,0,0,1,0,0,0,0,0,0,1,1,0,0,0,0,0,0,0,0,0,0,0,0,0,0,1,0,0,0,0,0,0,0,0,0,0,1,0,0,0,0,0,0,0,0,0,0,0,0,0,0,0,0,0,0,0
P19474,1,2,1,3,1,4,2,3,5,1,2,2,5,1,5,2,1,3,3,2,0,1,3,4,0,1,2,3,2,0,0,0,2,0,0,1,1,2,4,4,2,0,1,0,1,0,1,2,0,2,4,6,3,1,1,1,6,5,3,4,3,3,2,3,3,4,4,1,0,0,3,5,1,3,4,1,0,3,3,1,1,0,4,0,4,5,1,4,2,0,0,1,2,1,0,0,1,0,3,2,2,3,0,3,0,1,6,3,2,1,2,1,2,4,1,1,0,1,0,3,3,0,2,2,0,1,0,2,1,2,2,1,0,2,3,2,1,1,0,0,0,0,0,0,0,0,0,4,4,2,0,1,1,2,3,3,2,5,4,0,0,2,3,1,2,0,4,0,4,1,2,0,0,0,0,2,1,0,4,3,0,1,1,0,1,0,2,1,0,1,3,0,0,1,0,0,3,0,3,1,0,3,0,2,2,1,4,0,2,0,0,0,1,1,1,0,0,0,1,1,2,3,2,0,1,3,1,1,2,2,0,4,3,0,1,0,3,1,2,0,0,0,0,0,0,0,6,1,3,1,2,0,2,2,3,0,2,4,1,0,4,1,0,2,1,0,3,4,4,0,1,0,1,2,2,0,1,0,4,1,1,1,1,2,1,1,0,0,1,0,0,0,0,0,1,1,2,1,0,0,0,1,3,2,0,0,0,0,1,0,0,0,1,0,0,0,0,0,0,0,0,0,0,0,0,0,1,1,0,0,1,1,1,0,0,0,0,0,0,0,0,0,0
Q14669,20,18,18,9,9,10,3,14,28,11,9,10,11,2,16,11,20,6,16,4,1,8,17,8,6,4,5,0,16,8,10,6,6,4,1,4,5,6,6,6,4,0,0,3,3,0,0,2,0,13,19,12,14,11,8,0,21,27,20,17,13,18,3,15,26,18,10,13,15,0,8,12,11,13,7,9,2,11,10,8,10,6,3,1,9,19,5,7,4,13,1,1,2,2,3,1,2,0,22,13,23,6,9,7,2,9,25,23,9,8,11,3,23,18,23,7,9,10,2,8,12,12,6,4,3,1,13,11,11,5,14,5,0,8,13,13,3,3,11,0,3,0,2,0,0,0,0,7,5,7,4,11,1,2,16,13,14,10,6,7,0,12,12,10,5,10,9,2,5,12,10,2,3,5,0,9,4,5,4,4,1,0,4,7,7,3,4,1,0,0,0,2,0,1,0,1,14,19,9,10,5,4,1,10,11,14,5,5,5,1,8,10,11,11,4,6,0,5,7,10,5,6,0,0,8,12,8,3,9,2,0,1,5,2,3,4,4,0,1,0,1,0,0,0,1,9,11,5,3,5,1,0,7,12,14,12,6,6,1,5,9,8,7,5,6,0,2,5,8,4,3,4,1,5,5,8,4,3,4,1,6,8,6,5,8,11,0,0,1,0,0,0,0,0,2,0,0,2,1,0,0,0,3,1,0,1,0,1,3,1,3,0,2,1,0,1,1,1,1,0,0,0,0,1,0,1,0,0,0,2,1,1,0,1,0,0,0,0,0,1,0,1,0
P33981,1,4,4,1,3,1,0,7,8,5,6,3,6,0,3,12,7,4,4,1,0,1,4,3,1,0,1,0,4,2,3,2,2,1,0,1,4,2,2,0,2,1,0,0,0,0,0,1,0,4,4,4,5,3,5,0,5,6,10,7,4,6,2,4,7,5,12,7,6,0,11,1,4,8,8,2,1,5,4,3,5,1,1,0,2,11,3,5,6,3,1,2,1,2,0,0,2,1,3,7,5,0,1,1,0,2,6,7,8,6,6,2,5,7,12,6,3,6,0,6,6,1,8,8,4,0,5,5,4,2,4,2,1,2,5,4,3,4,4,1,0,0,0,0,0,0,0,1,10,11,1,3,1,1,4,7,5,5,3,4,2,0,2,4,5,0,4,0,6,9,3,10,2,1,0,1,8,6,4,4,1,0,2,1,4,0,1,1,0,1,0,0,0,0,0,0,3,5,5,3,4,2,0,4,4,4,3,1,6,2,3,2,7,1,4,3,0,0,5,3,2,3,1,0,3,2,2,1,4,4,1,1,4,1,2,0,2,0,0,1,0,1,0,1,0,2,2,2,0,0,2,0,2,9,9,6,2,3,0,2,7,3,3,5,2,0,3,5,1,2,3,0,0,4,2,2,0,1,1,1,0,5,6,1,0,1,0,0,0,2,0,0,1,0,0,3,0,0,0,0,0,1,0,1,0,0,0,0,0,0,1,2,0,1,0,1,0,0,0,0,0,0,0,1,0,0,0,0,0,0,1,3,1,0,0,0,0,0,0,0,1,0,0
P68363,6,3,6,3,3,4,0,6,2,4,4,1,3,0,2,9,5,3,1,4,1,4,4,1,0,2,1,0,2,2,1,1,1,1,0,5,2,1,1,1,5,0,0,0,0,0,0,1,0,7,5,6,3,1,1,1,1,1,3,4,1,1,1,2,4,4,4,2,1,1,1,4,4,0,2,2,0,1,2,1,2,1,3,0,6,6,2,1,1,0,1,1,0,1,1,0,1,1,1,3,3,1,1,1,0,5,7,4,1,2,8,2,4,4,1,3,1,0,0,2,4,3,3,0,1,0,2,1,0,0,2,1,0,2,0,1,0,1,3,0,1,0,0,1,0,0,0,3,3,0,0,2,3,0,6,1,3,1,1,1,0,1,4,2,2,0,0,0,3,0,0,0,0,0,0,1,1,1,0,1,0,0,3,4,0,1,0,0,0,1,0,0,0,0,0,0,1,2,5,2,0,2,0,3,0,3,0,1,1,0,0,1,1,0,2,0,0,1,1,0,0,0,1,0,2,1,1,0,0,0,1,1,3,2,0,0,0,0,0,1,0,0,0,0,0,6,4,4,1,1,4,0,3,1,1,3,4,2,2,1,6,0,1,0,1,0,0,0,1,0,0,1,1,3,1,1,0,0,1,0,3,1,2,0,2,1,0,0,0,0,0,1,0,0,1,0,1,2,0,0,0,0,0,0,0,0,1,0,0,1,0,0,0,0,0,0,0,0,0,0,2,0,1,0,0,0,0,0,0,0,0,1,0,1,0,0,1,0,0,0,0,0,0
F5H5D3,7,3,7,4,3,4,0,5,3,4,4,1,5,1,2,9,6,3,1,4,1,4,6,2,0,2,1,0,2,2,2,1,1,1,0,4,2,1,1,1,5,0,0,0,0,0,0,1,0,7,6,5,3,1,1,1,2,2,4,6,1,1,1,3,6,4,4,3,1,1,2,5,4,1,2,2,0,2,2,1,2,1,3,0,7,8,2,1,1,1,1,2,0,1,1,0,2,1,1,3,3,2,1,1,0,5,8,6,1,3,9,2,4,4,2,3,1,0,1,2,5,3,3,0,1,0,2,1,2,0,2,1,0,2,0,1,0,1,3,1,1,0,1,1,0,0,0,3,3,1,0,2,3,0,6,3,4,2,1,1,0,1,6,2,2,0,0,0,3,0,1,0,0,0,0,1,1,1,0,1,0,0,3,4,0,1,0,0,0,1,0,0,0,0,0,0,1,3,5,3,0,2,0,3,0,3,0,1,1,0,0,2,2,0,3,1,0,1,1,0,0,0,1,0,2,1,2,0,0,0,1,1,3,2,0,0,0,0,0,1,0,0,0,0,0,8,3,4,1,2,3,0,3,1,1,3,4,3,3,1,6,0,1,0,1,0,0,0,1,0,0,1,1,4,1,0,0,1,1,0,4,1,2,0,3,1,0,1,0,0,0,1,0,0,1,2,1,2,0,0,0,0,0,0,0,0,1,0,0,1,0,1,0,0,0,0,0,0,0,0,2,0,1,0,0,0,0,0,0,0,0,1,0,1,1,0,1,0,0,0,0,0,0
P68366,5,4,6,3,3,4,0,6,2,4,3,0,3,0,2,10,5,4,0,3,1,5,3,1,0,3,1,0,2,2,1,1,1,1,0,3,2,1,1,1,4,0,0,0,0,0,0,1,0,9,5,6,4,1,1,1,1,1,3,4,1,1,1,1,3,5,3,2,1,1,0,4,4,0,2,2,0,1,2,1,2,1,3,0,6,6,2,1,1,1,1,1,0,1,1,0,1,1,1,2,2,1,1,1,0,6,6,5,1,3,8,2,3,5,1,3,1,1,0,3,3,3,3,0,1,0,1,1,0,0,2,1,0,1,1,0,0,1,2,1,1,0,0,1,0,0,0,3,2,2,0,2,3,0,6,1,1,1,1,1,0,1,4,2,2,0,0,0,3,0,0,0,0,0,0,1,2,1,0,1,0,0,2,4,1,1,0,0,0,1,0,0,0,0,0,0,1,2,5,2,0,1,0,4,0,2,0,1,2,0,0,2,0,0,2,0,0,1,1,0,0,0,1,0,2,1,1,0,0,0,1,1,3,2,0,0,0,0,0,1,0,0,0,0,0,5,3,3,1,1,2,0,4,1,1,3,4,2,2,1,6,1,1,0,1,0,0,0,1,0,0,1,1,3,1,1,0,0,1,0,2,1,3,0,2,3,0,0,1,0,0,1,0,0,1,0,1,2,0,0,0,0,1,0,0,0,1,0,0,1,0,0,0,0,0,0,0,0,0,0,2,0,1,0,0,0,0,0,0,0,0,1,0,1,0,0,1,0,0,0,0,0,0
Q9NY65,3,4,6,3,4,4,0,4,1,2,4,0,4,0,2,9,6,3,0,2,1,7,4,0,0,2,1,0,3,2,1,1,1,1,0,4,2,2,2,1,4,0,0,0,0,0,0,1,0,7,4,5,3,1,1,1,2,4,3,4,1,1,0,3,3,4,2,1,3,2,1,3,4,0,2,2,0,1,2,2,2,1,3,0,5,7,2,1,0,2,1,0,1,1,1,0,1,0,4,2,2,2,1,2,0,5,7,4,1,3,6,2,4,6,2,3,1,0,0,1,4,4,2,0,1,0,1,1,0,0,2,0,0,0,1,2,0,2,1,0,2,0,0,0,0,0,1,3,2,2,0,2,3,0,5,2,1,1,2,2,0,1,3,2,3,0,0,0,2,0,0,0,0,0,0,1,1,1,0,1,0,0,2,4,0,1,0,1,0,1,0,0,0,0,0,0,1,1,5,3,0,2,0,4,0,2,0,1,1,0,1,1,1,0,2,0,0,1,1,0,0,0,1,0,2,1,1,0,0,0,1,1,3,1,0,0,0,0,0,1,0,0,0,0,0,5,2,2,2,1,2,0,2,0,6,2,4,2,2,2,6,0,1,0,1,0,0,1,1,0,0,2,1,3,1,1,0,0,1,0,2,1,2,1,2,2,0,0,0,0,0,1,0,0,1,0,1,1,0,1,0,0,1,0,0,0,1,0,0,0,1,0,0,0,0,0,0,0,0,0,1,0,1,0,0,0,0,0,0,0,0,1,0,1,0,0,1,0,0,0,0,0,0
P07437,4,3,9,1,0,2,0,2,4,3,4,1,5,0,6,7,5,2,4,3,0,0,4,2,3,1,1,0,1,4,2,0,1,0,0,1,2,2,4,2,2,0,0,0,0,1,0,0,0,2,3,6,3,4,2,0,5,3,2,3,1,2,0,4,2,2,3,2,1,0,3,3,0,3,0,3,0,1,4,1,0,2,2,0,5,3,3,2,1,1,2,0,1,2,0,0,1,0,3,3,7,1,2,3,0,4,3,4,2,4,4,0,5,3,3,5,1,1,0,4,0,3,3,2,2,0,5,2,0,0,0,0,0,4,0,3,0,0,3,0,0,0,0,0,0,0,0,3,5,1,1,1,0,1,2,2,1,2,2,2,1,1,4,2,2,0,2,0,4,3,3,1,0,0,0,1,1,0,1,0,0,0,2,2,1,0,0,2,0,0,0,0,0,0,0,0,3,0,1,3,1,1,0,3,4,3,0,1,2,2,0,1,2,1,0,0,0,0,0,0,1,0,0,0,1,3,0,0,1,0,0,0,2,0,0,0,0,0,0,0,0,0,0,0,0,2,5,3,2,0,4,0,4,0,1,1,1,1,1,3,4,2,1,0,2,0,0,2,3,0,0,1,0,0,1,2,0,1,0,0,4,0,3,0,1,4,0,2,0,1,0,0,0,0,2,0,0,0,0,0,0,0,0,0,0,0,1,0,0,0,2,0,0,1,0,1,0,0,0,0,0,0,0,0,0,0,0,0,0,0,0,0,0,0,0,1,0,0,0,0,0,0,0
Q13885,4,3,6,1,0,3,0,2,4,3,4,1,4,0,5,6,6,2,3,3,0,0,5,2,2,1,2,0,1,4,2,0,1,0,0,1,1,2,4,1,2,0,0,0,0,1,0,0,0,1,3,6,2,4,2,0,6,3,2,3,1,2,0,5,2,3,4,2,1,0,3,3,0,3,0,3,0,1,4,1,0,2,2,0,6,3,3,2,1,0,2,0,1,1,0,0,1,0,2,3,8,2,2,2,0,3,3,5,2,3,4,0,5,3,4,5,2,1,0,4,0,3,4,2,2,0,4,2,0,1,0,0,0,3,1,4,0,1,3,0,0,0,0,0,0,0,0,4,5,1,1,1,0,1,2,2,1,2,3,2,1,1,4,2,2,0,2,0,4,3,3,1,0,0,0,0,1,1,1,0,0,0,2,2,1,0,0,3,0,0,0,0,0,0,0,0,2,0,1,3,1,0,0,2,5,3,0,1,2,2,0,1,2,1,0,1,0,1,0,0,1,0,0,0,1,3,0,0,1,0,0,0,2,0,0,0,0,0,0,0,0,0,0,0,0,2,4,3,3,0,3,0,3,0,3,1,1,2,0,3,4,2,1,0,3,0,0,2,3,0,0,1,0,0,1,2,0,1,0,0,3,1,3,0,1,3,0,2,0,1,0,0,0,0,2,0,0,0,0,0,0,0,0,0,0,0,1,0,0,0,1,0,0,1,0,1,0,0,0,0,0,0,0,0,0,0,0,0,0,0,0,0,0,0,0,1,0,0,0,0,0,0,0
Q9BVA1,3,3,6,1,0,2,0,2,4,3,4,1,4,0,6,6,6,2,3,3,0,0,5,2,2,1,2,0,1,4,2,0,1,0,0,1,1,2,4,1,2,0,0,0,0,1,0,0,0,1,3,6,2,4,2,0,6,3,2,3,1,2,0,5,2,2,4,2,1,0,3,3,0,3,0,3,0,1,4,1,0,2,2,0,6,3,3,2,1,0,2,0,1,2,0,0,1,0,2,3,8,2,2,3,0,3,3,5,2,3,4,0,5,3,3,5,2,1,0,4,0,3,4,2,2,0,4,2,0,1,0,0,0,3,1,4,0,1,3,0,0,0,0,0,0,0,0,3,5,2,1,1,0,1,2,2,1,2,3,2,1,1,4,2,2,0,2,0,4,3,3,1,0,0,0,0,1,1,1,0,0,0,2,2,1,0,0,3,0,0,0,0,0,0,0,0,2,0,1,3,1,0,0,2,5,3,0,1,2,2,0,1,2,1,0,1,0,1,0,0,1,0,0,0,1,3,0,0,1,0,0,0,2,0,0,0,0,0,0,0,0,0,0,0,0,2,4,3,3,0,3,0,3,0,2,1,1,2,1,3,4,2,1,0,3,0,0,2,3,0,0,1,0,0,1,2,0,1,0,0,3,1,3,0,1,3,0,2,0,1,0,0,0,0,2,0,0,0,0,0,0,0,0,0,0,0,1,0,0,0,2,0,0,1,0,1,0,0,0,0,0,0,0,0,0,0,0,0,0,0,0,0,0,0,0,1,0,0,0,0,0,0,0
Q13509,3,3,8,1,1,2,0,2,4,4,3,2,4,0,6,7,5,3,2,3,0,1,3,1,2,1,1,0,3,4,2,0,1,0,0,1,2,3,4,1,1,0,0,0,0,1,0,0,0,2,3,6,3,4,2,0,4,4,2,4,1,2,0,4,3,3,4,2,1,0,3,3,0,3,0,3,0,1,4,0,0,2,2,0,5,3,3,2,1,0,2,0,1,1,0,0,1,0,3,4,6,1,2,3,0,4,3,4,2,3,4,0,5,1,6,5,2,2,0,5,1,3,4,2,2,0,3,2,0,1,0,0,0,4,0,3,0,0,4,0,0,0,0,0,0,0,0,3,5,1,0,1,1,1,3,2,1,2,2,2,1,1,4,2,2,0,2,0,2,4,3,1,0,0,0,1,1,1,0,0,0,0,2,2,1,0,0,2,1,0,0,0,0,0,0,0,2,0,2,3,2,1,0,4,4,4,0,0,2,1,0,1,1,2,0,0,0,0,0,1,0,0,0,0,1,3,0,0,1,0,0,0,2,0,0,0,0,0,0,0,0,0,0,0,0,3,4,3,1,0,3,0,3,0,2,1,1,1,1,3,4,3,1,0,3,0,0,2,3,0,0,1,0,1,0,2,0,1,0,0,2,0,4,0,1,5,0,2,0,0,1,0,1,0,2,0,0,0,0,0,0,0,0,0,0,0,1,0,0,0,1,0,0,0,0,1,0,0,0,0,1,0,0,0,0,0,0,0,0,0,0,0,0,1,0,1,0,0,0,0,0,0,0
P04350,4,3,9,1,1,4,0,3,3,3,4,1,4,0,6,7,5,3,3,2,0,0,4,2,2,1,1,0,1,4,2,0,1,0,0,2,2,2,4,2,3,0,0,0,0,1,0,0,0,4,3,5,2,3,2,0,4,3,2,3,1,3,0,4,2,2,4,2,0,0,3,3,0,3,0,3,0,1,4,1,0,2,2,0,6,3,3,2,1,1,2,0,1,2,0,0,1,0,3,3,6,2,2,3,0,4,3,5,2,3,4,0,5,3,3,5,1,1,0,6,0,3,4,2,2,0,4,2,0,0,0,0,0,3,0,3,0,0,2,0,0,0,0,0,0,0,0,4,5,2,0,1,0,1,2,2,0,2,3,2,1,1,4,2,2,0,2,0,3,3,3,1,0,0,0,1,1,1,0,0,0,0,2,2,1,0,0,2,0,0,0,0,0,0,0,0,2,0,1,3,1,1,0,3,4,3,0,1,2,2,0,1,2,2,0,0,0,0,0,0,0,0,0,0,1,3,0,0,1,0,0,0,2,0,0,0,0,0,0,0,0,0,0,0,0,2,4,3,2,0,5,0,3,1,1,1,1,2,1,3,4,2,1,0,2,0,0,2,3,0,0,1,0,0,1,2,0,1,0,0,3,1,3,0,1,2,0,2,0,1,0,0,0,0,2,0,0,0,0,0,0,0,0,0,0,0,1,0,0,0,2,0,0,1,0,1,0,0,0,0,0,0,0,0,0,0,0,0,0,0,0,0,0,0,0,1,0,0,0,0,0,0,0
P68371,4,3,8,1,1,3,0,3,3,3,4,1,4,0,6,6,6,2,3,3,0,0,5,2,2,1,1,0,1,4,2,0,1,0,0,1,2,2,4,2,3,0,0,0,0,1,0,0,0,3,3,6,2,3,2,0,4,3,2,3,1,2,0,4,2,2,4,2,1,0,3,3,0,3,0,3,0,1,4,1,0,2,2,0,6,3,3,2,1,0,2,0,1,2,0,0,1,0,2,3,7,2,2,3,0,4,3,4,2,3,4,0,5,3,3,5,2,1,0,4,0,3,4,2,2,0,5,2,0,0,0,0,0,4,0,3,0,0,3,0,0,0,0,0,0,0,0,3,5,1,1,1,0,1,2,2,1,2,3,2,1,1,4,2,2,0,2,0,4,3,3,1,0,0,0,1,1,0,1,0,0,0,2,2,1,0,0,2,0,0,0,0,0,0,0,0,3,0,1,3,1,1,0,3,4,3,0,1,2,2,0,1,2,1,0,0,0,0,0,0,1,0,0,0,1,3,0,0,1,0,0,0,2,0,0,0,0,0,0,0,0,0,0,0,0,2,4,3,2,0,5,0,3,0,2,1,1,2,1,3,4,2,1,0,2,0,0,2,3,0,0,1,0,0,1,2,0,1,0,0,3,1,3,0,1,3,0,2,0,1,0,0,0,0,2,0,0,0,0,0,0,0,0,0,0,0,1,0,0,0,2,0,0,1,0,1,0,0,0,0,0,0,0,0,0,0,0,0,0,0,0,0,0,0,0,1,0,0,0,0,0,0,0
Q9BUF5,4,3,6,1,2,3,0,2,4,4,3,1,5,0,7,6,4,2,3,3,0,0,4,1,2,1,1,0,2,4,2,0,1,0,0,2,3,2,4,1,1,0,0,0,0,1,0,0,0,2,3,7,2,4,3,0,4,4,2,4,1,3,0,4,2,4,4,2,0,0,3,3,0,4,0,3,0,0,4,2,0,2,2,0,5,3,2,2,1,2,2,0,1,1,0,0,1,0,4,4,7,2,2,2,0,4,3,5,3,3,3,0,5,4,5,4,0,2,0,4,1,3,3,2,2,0,2,2,0,1,0,0,0,2,0,3,1,0,2,0,0,0,0,0,0,0,0,3,5,2,0,1,0,1,4,2,0,2,3,1,1,1,4,2,2,0,2,0,3,3,3,1,0,0,0,1,1,1,0,0,0,0,2,2,1,0,0,2,1,0,0,0,0,0,0,0,1,0,1,3,0,1,0,3,4,4,0,1,2,1,1,1,2,2,0,0,0,0,0,1,0,0,0,0,1,3,0,0,1,0,0,0,2,0,0,0,0,0,0,0,0,0,0,0,0,3,4,2,1,0,3,0,4,1,1,1,1,2,1,3,4,2,1,0,1,0,1,2,3,0,0,1,0,0,1,2,0,1,0,0,2,1,3,0,1,4,0,2,0,0,1,0,1,0,2,0,0,0,0,0,0,0,0,0,0,0,1,0,0,0,1,0,0,0,0,1,0,0,0,0,1,0,0,0,0,0,0,0,0,0,0,0,0,1,0,1,0,0,0,0,0,0,0
Q3ZCM7,3,3,8,0,1,3,1,2,4,3,3,1,3,0,6,4,5,2,3,5,0,1,3,2,2,1,2,0,1,4,2,0,2,0,0,1,1,3,4,2,1,0,0,0,0,2,0,0,0,2,3,4,3,3,2,0,5,5,3,4,3,2,0,4,4,1,4,3,2,0,1,4,2,3,0,3,0,1,4,1,0,1,2,0,6,1,2,2,1,0,2,0,1,1,0,0,1,0,3,3,7,2,3,3,0,4,5,5,2,0,4,0,5,2,2,4,1,0,0,2,1,2,5,2,1,0,5,1,1,0,0,0,0,3,1,4,0,0,4,0,0,1,0,0,0,0,0,2,5,1,0,1,0,1,2,3,1,3,3,1,1,1,4,2,2,0,3,0,4,3,3,1,0,0,0,1,1,0,0,0,1,0,1,3,1,0,0,2,0,0,0,0,0,0,0,0,3,0,1,3,1,1,0,3,4,3,0,1,2,1,0,2,1,1,0,0,1,0,0,0,0,0,0,0,1,3,0,0,1,0,0,0,2,0,1,0,0,0,0,0,0,0,0,0,0,3,2,4,3,0,3,0,1,1,2,1,1,1,1,5,4,2,0,0,1,0,0,3,3,0,0,1,0,0,1,2,0,1,0,0,4,0,2,0,1,6,0,2,0,1,0,0,0,0,2,0,0,0,0,0,0,0,0,1,0,0,1,0,0,0,1,0,0,1,0,2,0,0,0,0,0,0,0,0,0,0,0,0,0,0,0,0,0,0,0,1,0,0,0,0,0,0,0
P23258,6,1,1,3,1,1,1,4,2,3,3,3,2,0,6,2,6,2,0,0,0,0,3,5,2,1,2,0,0,2,0,1,0,0,0,2,3,2,0,3,0,0,0,1,0,1,0,1,0,3,4,6,2,1,4,0,6,2,8,4,1,4,0,2,7,6,5,4,3,1,2,5,2,4,1,3,0,1,1,1,2,4,4,0,1,4,0,1,2,2,0,0,0,0,0,0,0,0,3,7,4,3,1,3,0,4,7,7,3,2,1,0,6,5,3,2,1,2,0,1,2,1,1,2,3,1,0,1,0,1,2,2,0,0,1,2,0,0,4,0,0,0,0,1,0,0,0,2,4,2,1,0,0,1,2,6,3,2,4,1,0,1,8,1,1,0,1,0,4,3,3,1,0,0,0,0,1,0,1,0,1,1,1,3,2,1,1,1,0,0,1,0,0,0,0,0,0,0,3,0,0,0,0,0,1,6,2,2,1,0,2,1,1,0,0,0,0,2,3,0,0,0,0,0,1,4,2,0,1,2,0,1,3,3,1,2,0,0,0,0,1,0,0,0,0,0,1,0,4,0,2,1,3,7,2,2,1,1,0,4,1,2,1,0,1,0,0,2,1,2,0,0,0,1,3,1,0,3,1,0,2,2,0,2,1,1,0,0,0,0,0,0,0,0,0,0,0,0,0,0,0,1,0,0,1,0,0,0,0,0,0,0,1,0,0,1,0,0,1,0,0,0,0,0,0,0,0,0,0,1,0,0,0,0,0,0,0,0,0,0,0,0,0
Q9BSJ2,13,13,3,2,2,1,0,8,15,4,6,3,8,2,11,6,8,5,4,4,1,4,4,1,2,2,3,0,1,5,3,1,1,6,0,3,6,0,2,0,1,0,1,0,0,0,0,1,0,2,8,8,5,7,4,0,9,9,10,8,3,14,0,7,14,7,6,10,2,1,6,4,4,5,8,3,0,2,3,6,4,1,5,0,7,10,7,6,4,7,0,0,1,2,0,0,1,0,9,9,7,2,3,4,1,9,11,8,5,6,8,1,6,9,11,3,4,0,0,3,4,2,3,4,1,0,2,4,5,5,3,4,0,2,4,1,1,1,1,0,0,1,0,1,0,1,0,2,6,11,2,1,1,1,1,5,12,2,3,2,0,3,6,1,0,3,2,1,6,3,1,2,2,0,0,3,2,3,2,3,5,1,2,2,1,1,1,1,1,0,0,0,0,0,0,0,3,4,3,1,2,1,0,3,7,5,2,0,7,1,5,7,1,2,1,1,0,1,6,3,1,2,1,0,2,6,0,2,1,0,0,4,5,2,3,4,4,0,0,0,1,0,0,0,0,5,6,6,4,2,1,0,4,6,8,6,6,1,0,2,5,6,1,1,0,0,3,4,4,1,1,1,0,4,5,0,0,2,2,0,5,4,3,1,1,1,0,0,0,0,0,0,1,0,0,0,1,0,0,0,0,0,0,0,1,0,1,0,1,1,0,0,0,1,0,0,0,1,0,0,0,0,0,0,0,0,0,0,0,1,0,1,0,2,0,0,0,0,0,0,0,0,0
P62987,0,1,0,0,2,0,0,0,2,0,2,0,0,0,0,1,0,0,0,0,1,0,0,0,0,0,1,0,1,2,0,0,1,0,0,0,1,0,0,1,1,0,0,0,0,0,1,0,0,1,1,0,0,0,1,0,2,2,0,1,1,0,0,0,2,1,0,4,1,0,0,2,2,1,2,0,0,2,2,0,1,0,0,0,1,1,0,0,0,0,0,0,0,0,0,0,0,0,0,0,0,0,0,0,0,0,0,3,0,0,2,0,0,0,0,0,0,1,0,1,0,0,0,0,0,0,3,0,0,1,0,1,0,0,0,2,0,1,0,0,0,0,0,0,1,0,0,1,1,0,0,0,0,1,0,0,1,1,2,0,0,0,0,0,1,1,1,0,0,0,1,0,0,1,0,1,1,0,0,0,0,0,0,2,0,0,0,0,0,0,0,0,0,0,0,0,1,1,2,1,2,1,0,1,0,1,2,2,0,0,0,0,0,0,0,0,0,1,1,0,1,0,0,0,0,1,0,0,3,0,2,0,0,0,1,0,0,1,0,1,0,1,0,0,0,0,0,0,0,0,1,0,0,2,2,1,0,0,0,0,2,0,0,0,0,0,0,1,0,0,0,0,0,0,0,0,1,0,1,0,0,1,0,0,0,0,0,0,0,0,1,0,0,0,0,0,0,0,0,0,0,0,0,1,0,0,0,0,0,0,0,0,0,0,0,1,0,1,0,0,0,0,0,0,0,0,2,0,0,0,0,0,0,0,0,0,0,0,0,0,0,0,0
Q8NBM4,0,2,2,6,0,0,0,2,9,0,2,2,1,0,1,5,4,1,1,1,0,2,3,2,3,0,1,0,0,2,2,0,0,0,0,1,3,1,0,0,0,0,0,1,0,0,0,0,0,2,9,7,2,1,2,0,8,14,8,4,6,3,1,3,4,2,2,3,1,1,1,3,4,0,1,0,0,4,1,0,3,1,0,0,0,4,4,2,0,0,0,0,2,0,0,0,0,0,4,4,3,0,1,2,0,8,10,3,1,1,1,0,2,5,2,0,0,0,1,1,0,3,0,1,0,0,0,0,2,2,1,0,0,0,0,2,0,1,0,0,0,2,1,0,0,0,0,1,1,0,2,1,0,0,1,2,3,1,0,4,0,5,5,0,1,0,0,0,1,2,1,2,3,0,0,2,1,0,3,1,1,0,0,0,0,0,0,1,0,0,0,0,1,0,0,0,3,0,1,1,0,1,1,1,2,0,1,0,1,0,1,3,0,0,0,1,0,0,2,1,2,2,0,1,1,0,1,0,0,1,0,0,2,0,0,0,0,0,0,0,0,0,0,0,0,0,0,0,0,1,0,0,1,5,2,0,0,0,1,2,1,2,1,1,0,1,0,0,0,1,1,0,0,0,1,0,0,0,0,0,0,0,1,0,0,0,0,0,0,0,0,0,0,0,0,0,0,0,0,0,0,2,2,1,0,0,0,0,0,1,0,0,0,0,0,0,1,0,0,0,0,0,0,0,0,0,0,0,0,0,0,0,0,0,0,0,0,0,0,0,0,0,0
P60604,1,2,3,0,0,0,0,2,1,3,1,1,1,0,1,4,1,1,0,1,0,1,1,0,0,0,0,0,1,0,0,0,0,0,0,1,2,0,1,0,0,0,0,0,0,0,0,0,0,2,2,2,1,0,2,0,3,2,4,2,1,0,0,0,5,1,1,1,2,0,0,3,0,0,2,2,0,0,0,2,0,1,1,0,1,1,0,0,0,1,0,1,0,1,0,0,0,0,2,0,1,0,0,1,0,1,4,0,3,2,1,1,1,0,0,0,0,1,0,1,0,0,0,1,0,0,0,1,1,1,0,0,0,1,1,1,0,0,2,1,0,0,0,0,0,0,0,1,2,0,0,0,0,0,0,1,2,1,0,1,0,0,1,0,0,1,0,0,0,0,0,0,0,0,0,1,0,1,0,0,1,0,0,1,0,0,1,1,0,0,0,0,0,0,0,0,0,1,0,0,0,1,0,1,1,0,0,0,0,0,1,1,0,0,1,1,0,1,0,1,0,0,0,0,0,1,0,0,0,0,0,2,0,0,0,0,1,0,0,0,0,0,0,0,0,0,2,3,1,0,0,0,1,3,1,0,0,0,1,1,0,0,0,0,0,0,0,1,1,0,0,1,0,0,0,0,1,0,1,0,1,1,0,2,1,0,0,0,0,1,0,0,0,0,0,0,0,0,1,0,0,0,0,0,0,0,0,0,0,1,0,0,0,1,0,0,0,0,0,0,0,0,0,0,0,0,0,0,0,0,0,0,0,0,0,0,0,0,0,0,0,0,0
Q9NRR5,3,9,8,3,0,1,0,6,10,13,4,0,5,0,14,10,5,0,0,0,0,1,3,7,3,0,0,0,0,3,0,1,0,2,0,2,2,2,0,3,0,0,0,0,0,0,0,0,0,3,11,4,9,1,3,0,8,4,4,6,3,1,0,9,5,7,8,3,4,0,7,6,8,8,3,6,0,2,1,1,0,1,1,0,2,5,3,2,2,2,0,0,0,0,0,0,0,0,9,13,9,0,3,2,0,10,4,8,10,0,6,0,7,8,9,3,3,3,0,4,6,2,3,2,0,0,1,2,2,0,2,0,0,2,4,1,2,0,0,0,0,0,0,0,0,0,0,3,4,6,2,2,1,0,2,5,6,8,2,3,0,5,6,7,4,0,1,0,4,7,4,4,1,0,0,1,0,3,1,0,1,0,0,1,3,2,1,0,0,0,0,0,0,0,0,0,2,1,2,0,0,1,0,3,3,1,2,1,1,0,1,4,2,0,0,1,0,0,2,1,0,0,1,0,0,1,2,0,0,0,0,0,1,1,1,1,0,1,0,0,0,0,0,0,0,4,0,1,0,0,1,0,1,0,4,8,0,0,0,0,4,3,2,1,0,0,2,2,1,2,0,0,0,2,4,0,2,0,1,0,0,0,0,0,2,0,0,0,1,0,0,0,0,0,0,0,0,0,0,0,0,1,0,0,0,0,0,0,0,0,0,0,0,0,0,0,0,0,0,0,0,0,0,0,0,0,0,0,0,0,0,0,0,0,0,0,0,0,0,0,0,0,0
O94888,3,2,5,2,0,5,0,3,6,1,1,3,3,0,4,4,3,0,1,4,0,2,0,0,3,2,3,0,1,3,1,1,0,1,0,2,9,0,2,1,3,0,1,0,0,0,1,1,0,5,1,3,2,2,3,0,4,4,8,3,3,9,0,4,4,5,1,4,3,0,2,2,4,3,2,3,0,2,1,1,1,4,1,0,3,4,5,3,2,2,0,0,1,0,1,0,0,0,4,1,5,2,3,2,1,1,5,1,5,2,3,0,4,4,3,0,0,1,0,3,2,1,0,1,0,0,4,2,1,1,1,0,0,1,5,4,4,0,2,0,0,0,0,0,0,0,0,1,2,1,3,1,3,1,0,3,6,1,1,1,2,2,3,1,2,0,2,0,0,3,2,3,0,1,1,3,2,1,2,0,1,0,3,2,0,1,2,1,0,2,0,0,0,0,0,0,2,4,2,1,0,2,1,5,4,2,0,0,2,0,0,1,0,2,1,1,0,3,3,1,1,0,1,0,1,3,1,2,3,1,0,0,2,0,2,0,0,0,0,0,0,0,0,0,0,2,6,0,0,1,1,0,2,9,3,6,1,1,0,4,1,0,2,3,5,0,2,4,2,0,3,1,0,1,2,0,2,2,0,0,1,0,6,0,1,5,0,0,0,0,0,0,0,0,0,1,1,0,0,1,0,1,0,0,0,0,0,0,0,0,0,0,0,0,0,0,0,0,0,0,0,1,0,0,0,0,1,0,0,0,0,0,0,1,0,0,0,0,0,0,0,0,0
Q5LJA5,0,3,2,1,1,2,0,5,2,2,4,3,3,1,2,4,3,0,0,0,0,4,0,1,2,2,1,0,0,1,1,0,1,1,1,0,2,3,1,2,2,0,1,0,0,0,0,0,0,1,2,4,3,2,5,0,3,8,3,1,0,3,0,0,1,1,7,2,2,0,1,2,0,2,1,3,0,2,3,2,2,1,1,0,2,5,5,0,1,3,0,1,0,0,1,0,0,1,2,3,0,0,0,0,1,3,1,3,2,2,2,1,1,0,0,2,1,0,0,2,2,3,4,1,0,0,0,1,1,0,2,0,0,1,2,2,2,0,0,0,0,0,0,1,0,0,0,2,3,1,2,1,2,0,3,1,0,0,2,2,0,1,2,0,1,0,0,1,1,1,1,1,5,1,1,3,3,0,1,1,1,0,2,2,2,0,0,1,0,1,0,0,0,0,0,0,2,2,1,2,1,0,0,2,4,0,1,2,3,0,1,0,0,0,1,3,0,1,2,0,0,0,1,0,1,2,0,0,1,2,0,1,2,1,0,1,0,0,1,0,0,0,0,0,0,1,6,0,1,0,1,0,1,2,4,1,2,3,1,1,7,1,2,0,2,0,2,0,0,2,0,0,0,2,2,0,1,0,0,0,3,1,0,1,1,2,0,0,0,0,0,0,0,0,1,1,1,1,0,0,0,0,0,1,0,0,0,0,0,0,0,0,0,0,0,0,1,0,0,0,1,0,0,0,0,0,0,0,0,0,0,0,0,0,0,0,0,1,0,0,0,0,0
Q92890,1,3,1,1,4,2,1,2,2,1,1,3,2,0,2,4,1,1,0,1,0,1,1,1,0,1,1,0,0,4,0,0,4,2,0,3,2,2,0,0,3,0,0,0,0,1,0,0,0,5,2,1,1,3,3,0,2,2,6,2,2,1,0,1,6,2,3,0,0,1,1,2,1,1,1,2,0,3,3,4,2,1,1,0,4,3,2,0,1,0,0,1,0,0,0,1,0,0,2,1,3,0,1,0,0,2,2,3,2,4,2,2,2,3,1,1,1,1,0,1,4,1,1,2,1,0,0,0,0,0,0,2,0,1,0,1,0,0,1,1,0,1,0,0,0,0,0,0,1,2,1,0,1,0,3,2,1,2,2,0,0,0,2,3,1,0,1,0,1,2,1,0,0,0,0,0,2,0,1,0,1,0,1,3,0,0,0,0,0,0,0,0,0,0,0,0,2,2,0,0,1,1,0,2,4,1,1,0,3,0,1,1,1,2,0,1,0,1,0,1,1,0,0,0,3,2,0,0,2,0,0,1,2,1,2,0,0,0,0,0,0,0,0,0,0,3,1,2,2,1,3,0,3,3,2,0,2,2,0,1,1,1,2,1,0,0,0,1,1,1,0,0,0,0,0,1,0,0,0,0,2,1,0,1,0,2,0,0,0,0,0,0,1,0,0,1,0,0,0,0,0,1,0,0,0,0,0,0,0,0,0,0,0,0,0,0,0,1,0,0,0,0,0,0,1,0,0,0,0,0,1,0,0,0,0,0,0,0,0,0,0,0,0
Q9NYU2,19,13,15,6,2,9,1,7,15,9,12,6,9,0,6,16,8,8,7,10,0,2,6,11,3,1,1,0,8,11,5,3,5,1,1,7,14,7,6,7,7,0,1,0,0,0,0,0,0,15,13,12,9,6,11,0,17,23,19,17,11,12,0,8,14,8,11,9,14,0,9,16,12,14,10,5,0,9,15,6,5,2,5,0,12,6,13,7,11,8,0,0,1,0,0,0,0,0,8,11,7,3,6,9,0,12,18,16,10,6,13,1,7,16,6,3,4,6,0,5,11,6,3,4,3,2,6,9,8,5,3,1,0,13,12,5,7,3,6,3,1,0,0,1,0,0,0,4,3,10,1,5,6,0,13,12,10,11,7,4,0,6,13,8,5,4,9,0,2,12,6,2,1,2,1,3,9,2,1,2,3,0,4,4,6,2,1,1,0,1,1,0,1,0,0,0,5,6,5,5,7,3,0,11,15,4,10,9,9,0,6,10,4,4,2,4,1,5,6,2,2,2,1,0,2,7,3,3,1,1,0,4,2,4,2,2,1,0,1,0,1,0,0,0,0,12,12,6,0,8,9,0,6,15,6,6,2,8,0,10,7,8,3,5,6,1,5,5,6,2,2,6,0,3,7,7,1,4,4,1,7,5,5,2,3,1,1,0,1,1,2,0,0,0,2,0,1,0,0,1,0,0,1,0,0,1,1,0,1,0,0,0,1,0,0,1,1,2,0,0,0,0,0,0,0,0,0,0,0,0,0,0,0,0,0,0,0,0,0,0,0,0,0
P11172,6,7,4,4,3,5,1,7,4,5,4,5,4,0,4,3,4,3,2,4,0,4,1,3,2,0,2,0,5,2,2,1,3,0,0,5,3,3,3,2,1,0,1,0,0,0,0,0,0,7,4,5,3,3,6,0,7,8,3,1,3,9,2,5,9,1,1,1,0,2,1,4,1,1,0,1,0,0,6,4,0,3,2,0,6,3,2,2,3,0,0,1,1,1,0,0,0,0,2,6,4,1,3,4,0,5,7,2,1,1,2,1,3,2,2,0,0,3,1,1,2,1,1,1,1,0,1,2,1,0,0,0,0,5,2,0,0,3,0,0,1,2,0,0,0,0,0,3,3,1,2,0,1,0,2,6,2,0,3,0,0,1,2,1,1,1,1,0,3,0,1,1,0,1,0,0,0,0,0,1,0,0,1,1,0,1,1,1,0,0,0,0,0,1,0,0,7,3,1,0,1,0,0,5,4,2,0,1,1,0,5,2,3,0,0,1,0,0,2,1,1,0,0,0,3,1,2,2,1,1,0,1,1,0,0,1,1,0,0,0,0,0,0,0,0,4,6,4,2,2,1,0,1,4,4,1,2,0,0,2,1,0,2,0,0,0,1,4,0,0,0,0,1,2,2,2,1,2,1,0,1,2,0,0,0,0,0,0,0,0,0,0,0,0,0,0,2,0,1,0,0,1,0,1,1,0,0,0,0,0,0,0,0,1,0,0,0,0,0,0,0,0,1,0,0,0,0,0,0,0,0,0,0,0,0,0,0,0,0,0,0,0,0
Q92900,22,16,7,7,5,3,2,14,16,6,12,6,8,0,8,8,8,3,5,5,1,7,6,12,5,2,0,1,7,6,3,2,2,2,0,5,4,4,3,4,3,0,2,2,3,1,0,0,0,14,16,8,8,6,8,2,19,13,11,11,5,4,1,13,7,7,4,2,2,0,2,5,17,10,5,6,2,6,3,4,5,5,5,0,7,6,3,3,4,8,0,0,1,0,0,1,0,0,6,10,11,5,2,5,1,12,12,7,7,7,4,0,4,6,9,6,5,7,1,4,4,11,2,1,1,1,7,7,1,3,2,2,0,4,2,2,3,3,5,0,1,0,0,0,0,2,1,3,7,3,4,2,2,0,5,12,6,3,4,7,0,10,19,9,7,4,2,1,2,11,4,3,0,1,0,5,1,1,1,1,0,2,2,2,1,4,2,0,0,0,1,1,1,1,0,0,9,6,3,3,5,1,2,5,6,2,7,2,4,1,0,3,4,2,3,1,0,2,8,1,0,2,1,0,1,4,1,1,1,2,1,4,4,3,1,1,1,0,1,1,1,0,1,0,0,8,5,6,5,2,4,0,6,4,3,5,3,3,0,3,5,1,1,3,2,0,4,3,6,1,1,1,0,2,5,3,2,0,2,1,8,4,2,2,1,5,0,0,0,0,0,0,0,0,0,2,0,1,0,0,1,1,1,0,2,1,1,0,2,1,1,0,0,0,1,0,0,1,0,0,1,0,1,1,0,0,0,1,0,0,2,0,0,0,0,0,0,1,0,0,0,0,0
Q9HAU5,5,7,4,1,3,9,2,8,11,8,1,8,3,0,1,2,4,2,10,6,0,0,8,1,3,3,3,0,3,4,4,0,3,4,0,6,7,6,2,4,8,0,0,1,2,4,0,0,0,11,9,3,6,5,2,0,8,14,9,10,12,11,1,6,9,10,6,8,10,4,3,8,5,9,4,9,1,6,14,4,3,13,3,0,8,12,5,3,5,8,0,0,0,0,1,0,1,0,3,5,3,3,2,6,0,5,9,11,4,5,7,0,9,6,4,1,2,4,2,5,2,6,1,3,5,1,3,11,3,4,2,5,0,6,8,3,5,9,6,0,2,4,0,0,0,1,1,5,4,2,2,3,5,2,4,14,8,4,3,4,0,2,4,2,4,3,5,1,4,10,2,7,7,1,1,1,5,4,2,6,5,1,3,4,4,3,6,8,0,0,1,2,0,0,0,0,1,3,7,3,2,6,1,4,8,4,10,9,6,1,1,10,3,6,3,6,0,5,1,4,8,3,2,0,8,5,7,5,17,8,0,4,5,4,5,5,10,0,0,1,0,0,0,0,0,6,10,5,3,3,5,2,5,9,13,8,5,8,0,3,10,4,4,1,4,1,5,5,3,4,3,8,0,2,3,7,9,8,8,0,7,11,5,10,7,28,0,0,0,0,0,0,0,0,0,1,1,0,0,0,0,2,0,1,2,1,2,0,0,0,1,0,1,2,0,1,3,0,0,1,0,0,0,0,0,0,0,0,0,0,1,0,0,1,0,0,0,1,0,0,0,0,0
Q6UW78,9,1,2,1,0,3,0,1,2,2,0,0,0,0,1,1,0,1,0,0,0,0,0,0,0,0,1,0,0,0,0,0,0,0,0,1,0,0,1,0,1,0,0,0,0,0,0,0,0,0,1,1,0,0,0,0,1,1,2,1,0,0,0,3,0,0,0,2,3,0,0,0,0,1,0,0,0,0,0,0,0,0,0,0,0,0,0,1,0,0,0,0,0,0,0,0,0,0,3,2,0,0,0,0,0,0,1,0,0,0,0,0,1,0,0,0,0,0,0,0,0,0,1,0,0,0,2,1,0,0,1,0,0,0,0,1,1,1,0,0,0,0,0,0,0,0,0,1,0,0,0,0,0,0,0,1,1,0,0,0,0,0,0,1,0,1,0,0,0,0,1,0,1,0,0,0,0,0,0,2,0,0,0,0,0,1,0,0,0,0,0,0,0,0,0,0,2,0,0,0,0,0,0,0,0,2,0,0,1,0,0,0,0,0,1,0,0,1,0,0,0,0,0,0,0,1,0,1,1,1,0,1,0,0,0,0,0,0,0,0,0,0,0,0,0,1,1,0,0,0,0,0,0,0,0,0,0,0,0,0,0,0,0,0,0,0,0,2,1,0,1,0,0,0,1,1,0,0,0,0,0,0,0,0,1,0,0,0,0,0,0,0,0,0,0,0,0,0,0,0,0,0,0,0,0,0,0,0,0,0,0,0,0,0,0,0,0,0,0,0,0,0,0,0,0,0,0,0,0,0,0,0,0,0,0,0,0,0,0,0,0,0,0
P22695,11,5,6,6,9,3,0,9,3,4,3,3,0,0,7,3,6,1,1,3,0,5,6,3,4,2,0,0,4,6,5,0,1,1,0,3,2,1,1,0,1,0,0,0,0,0,0,0,0,7,6,6,6,1,1,0,4,2,2,4,2,3,1,3,0,6,2,1,1,0,3,3,4,4,0,2,0,1,3,5,1,1,0,0,4,2,1,1,0,3,0,0,0,1,0,0,2,0,11,4,3,3,4,1,0,3,4,4,2,4,2,0,7,7,4,2,1,1,0,2,3,2,0,0,2,0,2,0,1,1,0,0,0,3,2,1,0,0,0,0,0,0,0,0,0,0,0,1,5,2,1,1,2,0,5,5,0,5,0,2,0,5,3,2,1,0,0,0,1,4,2,1,0,1,0,1,1,1,0,1,0,0,1,2,0,0,2,0,0,0,0,0,0,0,0,0,5,1,1,2,1,0,0,3,2,2,1,1,2,1,4,4,1,2,0,1,0,1,0,0,0,1,0,0,2,1,0,0,0,0,0,0,1,0,0,0,0,0,0,0,0,0,0,0,0,5,1,3,2,1,1,0,3,2,1,1,1,1,1,0,1,3,1,1,0,0,0,1,0,0,1,0,0,0,1,1,0,0,0,0,1,1,2,0,0,0,0,0,0,0,0,0,0,0,0,0,0,0,0,0,0,0,0,0,0,0,0,0,0,1,0,0,0,0,0,0,0,0,0,0,0,0,0,0,0,0,0,0,0,1,0,1,0,0,0,0,0,0,0,0,0,0,0
Q14694,4,12,7,4,0,4,1,10,13,8,2,5,5,0,10,5,5,5,6,4,1,4,5,6,1,3,3,0,1,1,1,1,2,1,0,7,4,2,3,3,3,0,0,2,0,0,0,0,0,7,9,4,5,2,7,0,4,8,12,3,8,5,2,12,8,8,6,1,11,1,5,7,2,1,2,1,0,2,4,6,4,3,5,0,10,8,1,1,2,2,0,1,0,1,0,0,0,0,5,9,15,4,1,5,1,2,10,9,1,5,8,0,4,9,9,4,5,2,1,5,5,1,4,0,1,2,0,6,4,3,0,2,0,2,6,5,2,3,3,0,1,1,0,1,0,0,0,5,4,4,5,2,1,0,7,4,9,1,0,3,0,5,4,2,1,1,1,0,1,3,2,0,1,0,0,2,4,2,1,0,1,0,0,2,1,1,0,4,0,1,0,1,0,1,1,0,4,2,1,0,1,1,0,3,3,3,7,2,1,0,2,7,5,0,1,3,0,3,2,1,0,2,0,2,0,2,2,0,5,1,0,3,1,4,1,1,0,0,0,0,0,0,0,0,0,5,6,6,4,1,4,0,7,3,6,3,3,2,0,7,2,5,1,0,0,0,3,2,2,0,2,3,0,4,1,3,1,0,0,0,4,2,2,4,0,2,0,0,0,0,0,0,0,0,2,1,0,0,0,0,0,1,0,0,1,1,0,0,0,0,0,1,1,0,0,0,0,0,1,0,0,0,0,1,0,0,0,0,0,0,1,0,0,0,0,0,0,0,0,0,0,0,0
P55072,8,9,8,4,8,4,0,6,8,5,4,9,8,2,7,8,1,1,2,6,0,3,4,4,1,4,1,1,5,8,5,3,2,2,0,6,6,5,1,3,5,1,1,1,0,0,0,0,0,9,9,6,8,7,6,1,15,13,4,6,5,9,0,3,6,1,4,3,5,0,5,3,6,2,2,3,0,5,4,4,4,3,2,1,9,9,4,2,2,9,0,1,1,1,0,0,0,0,8,5,4,2,0,6,0,6,8,4,2,1,5,0,4,3,1,0,1,0,0,2,2,2,1,2,1,0,4,2,0,0,4,2,0,5,3,3,2,3,4,0,0,1,1,0,0,0,0,3,4,2,2,2,1,0,5,2,3,1,3,2,0,5,3,2,2,2,2,0,1,2,0,0,1,0,0,2,4,1,1,2,2,0,1,2,1,0,1,2,0,0,1,0,0,0,1,0,3,8,3,1,4,2,1,6,11,3,5,1,5,0,3,1,2,3,1,1,0,0,1,3,0,3,0,1,4,10,1,0,3,1,1,3,3,0,0,3,2,0,2,0,0,0,0,0,0,8,6,2,1,3,8,0,6,10,3,2,4,5,1,3,4,2,0,3,5,2,3,3,1,0,0,2,0,2,3,0,0,6,2,0,4,8,6,3,1,7,0,0,0,0,1,0,0,0,2,1,0,0,1,0,0,2,0,0,1,0,1,0,0,1,0,0,0,1,0,0,1,0,0,0,0,0,0,0,0,0,0,0,0,0,0,0,1,0,0,0,0,0,0,0,0,0,0
P45880,3,7,2,1,2,0,0,8,1,1,4,2,4,0,2,3,4,1,2,3,1,0,2,2,0,0,0,1,3,0,0,3,0,0,0,1,2,1,1,0,0,1,0,0,1,0,0,0,0,3,6,2,1,1,0,0,0,1,1,0,0,1,1,3,4,3,2,1,0,0,2,2,1,1,0,1,0,4,2,2,0,0,0,0,4,3,2,0,1,1,0,0,0,1,0,0,1,0,4,2,5,1,1,1,0,1,1,5,0,4,2,0,2,2,2,3,1,2,0,2,2,3,2,0,1,0,4,1,3,0,1,0,0,0,4,1,0,0,0,1,0,0,1,1,0,0,0,1,1,1,2,1,1,0,1,1,2,1,0,1,1,3,1,2,1,1,0,0,1,0,0,0,2,0,0,0,0,2,0,0,1,0,0,0,1,0,0,1,0,0,1,0,0,0,0,0,3,2,5,0,0,2,1,1,0,1,0,1,0,0,1,1,1,0,3,1,1,1,1,1,0,0,0,0,1,0,1,0,0,0,0,0,0,1,0,0,0,0,0,0,0,0,0,0,0,1,1,2,0,0,1,0,2,0,3,1,1,3,0,3,1,0,2,0,0,0,1,0,0,0,0,0,0,1,0,0,0,1,0,0,0,1,0,0,0,0,1,2,0,0,1,0,0,0,0,1,0,0,1,0,0,0,0,0,1,0,0,0,0,1,0,1,1,0,0,0,0,1,0,1,0,0,0,0,0,0,0,0,0,0,0,0,0,1,0,0,0,0,0,0,0,0,0
Q9Y277,1,4,4,1,3,0,0,6,2,1,3,3,2,0,3,6,1,3,1,2,1,2,0,2,1,0,0,0,3,1,2,3,0,0,0,1,3,0,1,1,0,0,0,0,0,0,0,0,0,2,6,4,0,0,2,0,1,0,2,0,0,0,0,2,4,4,3,0,1,0,2,2,0,1,1,0,0,3,2,2,1,0,1,0,3,3,2,0,0,0,1,0,0,0,0,0,1,0,4,4,0,2,3,1,0,2,0,6,1,3,3,1,3,2,1,1,2,1,0,1,2,2,2,0,1,2,2,1,2,0,1,0,1,0,4,1,0,0,0,0,0,0,1,0,0,0,0,1,1,3,1,2,1,0,2,0,1,1,0,1,0,3,4,1,1,0,0,0,1,0,2,1,1,0,0,1,0,0,1,0,0,0,0,0,1,1,0,0,0,1,0,1,0,0,0,0,3,1,6,0,0,1,0,1,0,1,0,1,1,0,1,0,1,1,3,1,0,1,1,2,0,0,1,0,1,0,1,0,0,0,0,0,0,0,1,0,0,0,0,0,0,0,0,1,0,2,1,0,1,0,0,0,2,1,3,1,2,2,0,2,0,1,1,0,0,0,2,0,1,0,0,0,0,1,0,0,0,1,0,0,0,0,0,0,0,0,0,0,0,1,0,0,0,0,0,0,0,0,1,0,0,0,0,0,0,0,0,0,0,0,1,0,1,0,0,0,0,0,0,0,0,0,0,0,0,0,0,0,0,0,1,0,0,1,0,0,0,0,0,0,0,0,0
P08670,2,4,3,0,0,2,0,2,2,6,2,3,2,0,3,2,3,0,3,3,0,2,2,0,1,3,1,0,1,2,0,0,1,3,0,5,2,1,3,2,1,1,0,0,0,0,0,0,0,2,1,3,1,0,3,0,1,5,3,0,4,1,0,1,2,3,4,3,5,0,2,2,1,0,2,4,0,5,1,6,1,2,2,0,5,4,1,3,1,5,0,0,0,0,0,0,0,0,1,3,5,1,1,1,0,0,0,2,2,3,5,0,4,3,9,0,4,2,0,3,2,1,2,2,2,0,2,2,7,0,2,0,0,3,1,2,5,3,4,0,0,0,0,0,0,0,0,2,1,0,3,1,1,0,2,3,4,2,3,5,0,1,1,1,1,1,3,0,0,1,1,2,2,2,0,4,3,0,1,2,1,0,3,2,0,1,1,2,0,0,0,0,0,0,0,0,3,2,1,3,2,1,0,4,2,1,3,2,2,0,3,1,6,5,2,4,0,1,1,0,1,0,0,0,0,2,4,0,0,1,0,1,3,0,3,1,0,0,0,0,0,0,0,0,0,1,6,2,1,3,7,0,1,2,2,2,2,4,0,0,2,1,2,0,1,0,0,11,5,2,2,0,0,0,4,4,1,0,1,0,3,0,2,5,2,2,0,0,0,1,0,0,0,0,0,0,0,0,0,0,0,0,0,0,0,0,0,0,0,1,0,0,0,0,0,0,0,0,0,0,0,0,0,0,0,0,0,0,0,0,0,0,0,0,0,0,0,0,0,0,0,0,0
Q9UN37,5,3,2,2,1,5,0,2,4,4,3,2,6,0,1,4,1,1,0,1,0,1,2,1,1,1,0,0,3,2,1,2,2,3,0,0,1,8,2,2,3,0,1,1,0,0,1,0,0,2,2,1,2,2,3,1,3,8,5,3,2,3,0,1,4,5,2,2,6,1,1,3,4,1,2,2,0,0,3,1,1,6,4,0,2,3,2,1,0,3,0,0,0,0,0,0,0,0,4,4,2,0,2,2,1,1,3,1,3,5,2,0,4,2,5,1,1,1,1,5,0,1,2,1,0,0,1,4,1,0,2,0,0,3,1,4,2,3,0,0,1,1,0,0,0,0,0,1,2,1,0,2,3,1,0,3,3,1,3,0,0,2,2,1,1,1,0,0,2,1,1,1,2,1,0,3,1,2,0,0,1,0,1,0,0,2,1,0,0,0,0,0,0,0,0,0,3,7,2,1,4,1,0,4,2,4,2,2,0,0,2,1,2,0,1,0,0,0,2,0,1,0,0,0,6,2,0,0,2,2,0,2,3,3,0,1,1,0,0,0,0,0,0,0,0,2,3,0,1,1,2,0,3,4,2,1,1,0,0,5,2,2,4,3,4,0,1,2,0,2,1,1,0,4,2,1,0,0,0,0,1,3,3,0,0,1,0,0,0,0,0,0,0,0,1,0,0,0,1,0,0,0,0,2,0,0,0,0,0,0,0,0,0,0,0,0,0,0,0,0,0,0,1,0,0,0,0,0,0,0,0,0,0,0,0,0,0,0,0,0,0,0,0
Q86Y07,2,1,1,1,4,1,0,2,7,5,1,2,2,0,2,4,4,2,1,2,0,1,3,2,3,3,2,0,2,2,1,6,2,0,0,1,3,2,2,1,0,0,1,1,1,0,0,0,0,2,10,6,5,1,1,0,9,13,2,4,6,4,0,3,4,2,5,2,2,1,2,3,3,1,4,1,0,1,1,3,4,2,3,0,2,4,4,2,1,1,1,0,0,1,0,0,1,0,1,4,4,3,0,1,1,6,5,4,2,4,3,0,3,5,5,0,3,2,0,6,4,1,0,1,0,0,2,1,3,1,3,2,0,4,3,0,3,0,2,0,0,0,1,0,0,0,0,3,1,2,3,5,3,1,2,6,3,1,1,2,1,1,5,1,3,2,4,0,5,1,1,1,0,1,0,1,2,2,1,4,0,0,0,1,0,4,0,0,0,0,0,0,0,0,0,0,2,1,1,0,1,2,1,3,2,2,2,0,3,1,2,1,5,1,2,0,0,3,2,5,2,1,0,0,2,6,2,0,1,2,0,0,3,2,1,0,2,0,0,0,0,0,0,0,0,0,1,1,2,2,1,0,3,4,4,3,1,1,0,2,5,0,1,1,1,0,1,3,4,2,1,1,0,0,1,0,1,1,1,0,0,2,2,0,1,0,0,0,0,0,0,0,0,1,0,1,0,0,0,0,0,0,0,0,1,0,0,0,1,0,1,0,1,1,0,0,0,0,0,0,0,0,0,0,0,0,0,0,0,0,0,0,0,1,0,0,0,0,1,0,0,0,0
Q9NQH7,6,4,2,1,3,4,0,4,7,4,4,2,2,1,1,6,0,4,1,2,1,3,1,4,2,0,0,0,4,2,2,2,0,0,1,1,1,4,1,3,3,0,0,1,0,0,0,0,0,3,9,5,2,4,3,1,4,5,9,8,2,2,1,2,5,7,3,3,4,1,2,4,5,4,2,2,0,4,3,1,3,1,1,0,3,3,1,3,3,1,0,0,1,1,0,0,2,0,1,4,3,1,0,2,0,7,8,2,3,4,3,0,2,6,5,0,1,3,0,3,3,2,0,0,2,0,1,4,1,2,2,1,0,3,3,1,2,1,0,1,1,2,1,0,0,0,0,4,3,1,2,0,2,0,3,4,4,2,0,3,1,1,5,3,0,3,2,2,1,3,0,1,1,2,0,2,0,2,0,1,0,0,0,2,2,1,1,0,0,0,0,0,0,0,0,0,3,1,2,2,3,1,0,5,4,1,1,3,0,1,0,3,1,1,2,0,0,2,4,2,0,2,0,0,1,2,0,1,0,1,0,0,3,0,0,0,1,0,0,0,0,0,0,1,0,2,3,1,2,1,1,0,3,3,4,0,2,4,0,4,2,0,2,0,0,0,1,2,3,1,0,0,0,0,4,1,2,1,1,0,2,3,0,0,0,2,0,1,0,0,0,0,0,0,1,0,1,0,0,0,0,1,0,2,1,0,0,0,0,0,1,0,1,0,0,0,0,0,0,0,0,0,0,0,0,0,0,0,0,1,1,0,0,1,0,0,0,0,0,0,0,0,0
O14980,6,9,8,6,1,7,0,4,15,6,10,4,4,0,3,7,5,4,6,6,0,7,5,5,6,5,4,1,1,2,1,1,1,1,1,3,5,3,3,0,4,1,0,0,1,0,0,0,0,5,10,8,6,1,7,0,13,18,24,17,12,10,1,11,9,9,8,0,13,2,7,13,8,9,7,8,1,6,8,2,5,2,2,0,3,5,5,4,8,1,2,0,1,0,2,2,0,0,5,12,5,7,1,1,0,5,14,6,8,3,8,3,3,10,6,4,5,3,0,6,7,4,2,4,3,0,1,6,5,2,1,1,0,4,8,3,4,6,4,1,0,1,0,0,0,1,0,12,8,4,5,1,2,0,5,16,7,5,3,3,0,4,10,4,5,3,3,0,3,10,4,4,2,1,1,2,7,6,2,3,1,0,3,3,4,4,4,2,1,0,3,1,0,0,0,0,3,2,3,4,2,1,0,6,16,4,9,0,0,0,6,4,2,3,2,1,0,3,1,3,2,2,3,0,1,2,0,2,0,2,1,1,2,2,0,1,3,0,1,0,0,0,1,0,0,6,2,2,5,1,1,1,3,14,3,3,2,3,1,4,6,4,2,0,3,0,5,3,4,1,1,2,1,4,9,3,1,1,2,0,4,5,2,2,1,4,0,1,3,1,1,0,0,0,0,0,1,0,1,0,0,1,2,3,1,1,0,0,0,1,1,0,0,1,0,1,0,1,1,0,0,0,0,1,1,1,0,0,0,0,1,0,0,0,0,0,0,0,0,0,0,0,0
Q9HAV4,10,9,4,3,8,7,0,10,19,6,8,4,4,1,6,9,7,5,4,2,4,3,2,4,5,4,4,1,3,4,5,4,2,1,1,7,3,7,4,3,4,0,0,7,1,0,1,0,1,7,12,16,6,6,8,7,19,22,15,15,10,11,4,13,7,8,8,6,14,0,4,11,9,5,4,11,2,4,6,10,1,3,1,3,2,10,6,4,3,6,1,1,2,0,1,2,1,0,12,6,8,4,2,5,2,10,18,11,7,3,3,1,8,9,6,4,4,3,1,2,10,5,3,3,2,0,6,10,1,5,2,3,0,4,13,2,4,3,2,1,3,2,1,0,0,0,0,1,7,2,4,2,1,0,8,9,9,2,0,6,1,3,11,9,1,5,3,0,4,4,6,1,2,1,0,3,7,2,1,1,2,0,4,6,5,2,2,3,1,0,2,2,0,0,0,0,3,10,0,3,2,1,0,6,11,5,6,3,3,0,3,8,4,1,3,4,0,2,5,4,1,1,1,1,2,5,2,1,3,2,0,4,2,3,0,1,1,0,1,0,1,2,0,1,0,7,7,7,2,0,4,1,6,13,8,5,6,3,0,6,6,1,5,2,3,1,1,3,4,3,2,2,0,0,2,3,3,4,0,1,6,6,1,1,1,5,1,0,2,2,0,0,0,0,1,1,1,1,0,2,0,3,4,2,3,2,1,0,0,3,0,1,3,0,0,1,0,0,0,0,2,0,1,0,0,0,0,2,0,1,1,0,0,0,0,0,1,0,0,0,0,0,0
O43592,5,2,7,6,3,4,1,10,13,8,2,6,4,0,7,8,4,5,2,2,0,4,9,1,4,4,4,2,2,2,3,6,2,1,0,6,6,4,2,2,5,1,1,1,0,1,0,2,0,8,8,6,8,8,9,1,12,19,16,9,9,10,5,9,11,4,12,6,7,0,1,8,7,4,5,2,0,4,8,6,1,1,5,0,7,8,4,3,2,2,0,1,2,2,2,0,3,0,4,9,7,4,2,4,0,9,14,2,4,5,5,0,3,6,3,5,4,2,0,7,4,3,5,7,2,0,5,2,4,3,1,2,0,5,3,4,2,2,1,0,1,1,0,0,0,0,0,4,9,2,3,1,2,1,6,13,8,3,2,4,3,3,3,2,3,0,2,0,4,8,1,3,0,2,0,1,8,3,2,3,2,0,1,6,2,1,1,4,0,0,2,1,0,0,0,0,3,2,4,2,2,3,0,4,8,5,5,2,2,0,4,5,4,1,3,2,0,3,5,1,1,2,1,0,2,2,2,0,0,1,0,4,4,2,1,0,1,0,0,0,0,0,0,0,0,4,12,2,4,0,3,1,6,10,9,4,0,0,2,3,5,6,2,1,2,2,3,5,0,1,0,3,0,2,4,1,1,0,1,0,2,2,5,3,1,7,0,1,0,0,0,0,1,0,0,1,0,1,0,1,1,1,3,1,0,0,1,0,1,1,0,0,1,0,0,0,0,0,0,1,1,1,0,0,0,0,0,0,0,1,2,1,0,1,0,1,0,0,0,0,0,0,0
Q9BSR8,2,7,2,2,1,2,0,5,9,3,1,0,0,0,3,2,4,0,0,0,0,1,2,1,0,1,0,0,1,1,0,1,0,0,0,2,3,0,0,0,0,0,0,0,0,0,1,0,0,3,5,1,2,1,0,1,4,13,7,4,3,1,0,5,11,4,0,0,0,0,2,2,2,0,0,1,0,1,1,1,1,1,0,0,2,3,0,0,1,4,0,0,0,0,0,0,0,0,6,5,2,0,1,0,0,2,5,7,0,0,3,0,5,3,0,0,0,1,0,0,0,0,0,0,0,0,0,1,0,0,0,0,0,0,0,0,0,1,0,0,0,0,0,0,0,0,0,0,0,3,0,0,0,0,2,0,1,0,1,1,0,1,1,0,0,0,0,0,0,0,0,0,0,0,0,0,1,0,1,0,0,0,0,0,0,0,1,1,0,0,0,0,0,0,0,0,1,1,0,0,0,1,0,0,3,0,1,1,2,0,0,0,1,0,1,0,0,0,1,0,0,1,1,0,0,0,1,0,0,0,0,0,0,0,0,0,0,0,0,0,0,0,0,0,0,3,0,1,1,0,2,0,0,2,2,1,0,3,0,0,0,0,0,0,0,0,0,0,0,0,0,0,0,1,2,0,0,0,0,0,3,2,0,0,0,2,0,0,0,0,0,0,0,0,0,0,0,0,0,0,0,0,0,0,0,0,0,0,0,0,0,0,0,0,0,0,0,0,0,0,0,0,0,1,0,0,0,0,0,0,0,0,0,0,0,0,0,0,0,0,0,0,0
Q9BYJ9,5,2,11,6,1,2,1,10,3,5,4,3,2,0,6,6,9,2,3,3,0,4,1,4,3,3,2,0,1,2,3,3,0,1,0,2,1,0,3,1,1,0,0,1,0,0,0,0,0,10,7,3,2,5,3,0,4,10,4,5,1,1,0,2,5,7,4,2,1,0,8,3,2,6,1,1,0,2,3,2,2,1,1,0,1,1,2,1,1,2,0,0,0,0,0,0,0,0,5,7,5,4,0,1,0,5,6,5,3,1,2,0,6,7,12,5,2,0,2,6,5,6,3,2,0,0,1,4,3,2,0,0,0,4,1,2,0,2,0,0,0,0,0,1,1,0,0,3,7,7,4,2,2,0,5,1,5,3,2,1,0,5,3,2,5,0,4,0,4,5,2,1,1,3,0,1,3,3,2,1,2,0,1,4,1,4,0,0,0,0,0,0,0,0,0,0,2,2,1,0,2,0,0,5,2,1,5,1,0,0,2,1,2,3,3,1,0,1,1,1,2,3,3,0,1,0,0,1,0,1,0,0,2,1,1,1,0,0,0,0,0,0,0,0,0,3,2,2,1,0,0,0,1,3,1,0,3,2,0,1,0,3,3,0,0,0,2,1,4,1,1,1,0,1,1,1,1,1,0,0,0,1,1,1,0,3,0,0,0,0,0,0,0,0,0,0,0,0,0,0,0,0,0,0,1,0,0,0,0,0,0,0,0,0,0,0,1,0,0,0,0,0,0,1,0,0,0,0,0,0,0,0,0,0,0,0,0,0,0,0,0,0,0
Q9Y5A9,6,7,5,5,1,3,2,8,5,5,6,4,2,0,9,4,5,2,1,2,0,5,1,8,6,5,2,0,4,2,0,5,0,1,0,2,4,1,1,2,0,0,0,1,1,0,0,0,0,3,3,4,5,5,3,0,3,15,8,4,1,0,0,7,4,9,3,2,1,0,6,5,5,3,2,0,0,2,5,1,2,1,1,0,2,2,2,0,1,3,0,0,0,0,0,0,0,0,8,10,7,6,1,1,0,3,3,6,4,0,3,0,9,5,7,5,2,1,1,5,1,7,5,1,0,0,0,4,2,1,0,0,0,3,0,1,1,1,1,0,0,0,0,1,0,0,0,7,7,6,5,2,2,0,3,1,4,1,1,3,0,6,4,5,5,1,2,0,10,2,0,1,2,2,0,3,4,3,0,1,2,0,0,4,1,2,0,0,0,0,0,0,0,0,0,0,1,2,1,4,3,1,0,4,3,1,5,3,0,0,2,1,1,1,1,1,0,2,2,0,1,2,3,0,1,0,0,1,0,1,0,0,2,1,1,1,0,0,0,0,0,0,0,0,0,4,1,0,2,0,0,0,2,4,2,0,3,2,0,0,1,4,2,0,0,0,1,1,3,1,1,0,0,1,1,1,1,1,0,0,0,1,1,2,0,4,0,0,0,0,0,0,0,0,0,0,0,0,0,0,0,0,0,0,1,0,0,0,0,0,0,1,0,0,0,0,1,0,0,0,0,0,0,0,0,0,0,0,0,0,0,0,0,0,0,0,0,0,0,0,0,0,0
P31946,3,0,2,1,1,2,0,2,0,1,0,2,1,0,1,2,1,1,1,1,0,0,1,0,2,1,2,0,0,0,3,2,0,1,0,2,1,1,2,0,2,0,0,0,0,0,0,0,0,0,2,2,0,2,3,0,0,1,2,3,0,2,0,0,2,2,1,2,2,1,0,1,4,0,1,1,0,1,1,0,0,0,1,0,2,2,2,2,0,0,0,0,0,0,0,0,0,0,4,0,1,2,0,0,0,3,2,1,3,0,2,0,0,2,1,2,1,2,0,0,2,1,1,1,0,0,1,2,0,1,1,3,0,1,2,0,0,3,2,0,1,0,0,0,0,0,0,0,1,0,1,0,0,0,1,2,2,0,0,1,0,3,3,1,1,0,1,0,0,0,1,0,1,1,0,0,0,1,1,1,2,0,3,1,2,0,1,0,0,0,1,0,0,0,0,0,1,1,1,0,1,0,0,0,2,2,0,0,0,0,2,1,1,0,1,2,0,1,0,1,0,0,2,0,1,0,1,0,0,1,0,1,2,2,1,1,1,0,0,0,0,0,0,0,0,1,2,1,2,1,3,0,3,1,2,1,1,1,0,1,1,3,0,3,0,0,1,2,2,0,1,0,1,1,1,2,0,1,0,0,1,1,1,2,0,0,0,0,0,0,0,0,0,0,0,0,0,0,1,0,0,0,0,0,0,0,1,0,0,0,0,0,0,0,0,0,0,0,0,0,0,0,0,0,0,0,0,0,0,0,0,0,0,0,0,0,0,0,0,0,0,0,0
P62258,1,3,1,0,4,1,0,3,1,2,0,3,3,0,1,3,0,2,0,1,0,0,0,2,0,1,1,0,1,0,3,1,2,1,0,1,1,1,1,2,1,0,0,0,0,0,0,0,0,1,2,1,1,1,3,0,0,2,1,4,2,3,0,0,1,2,2,2,1,0,0,1,2,0,2,1,0,1,2,0,1,0,1,1,3,0,4,0,0,1,1,0,0,0,0,0,0,0,4,3,0,0,1,0,0,2,4,1,2,0,1,0,1,3,0,1,0,3,0,1,2,0,0,1,1,0,0,1,1,1,0,1,0,4,1,1,0,2,2,0,0,0,0,0,0,0,0,1,0,1,0,0,0,0,2,1,1,0,0,0,0,2,2,0,0,0,2,0,0,0,0,0,0,2,0,0,0,2,0,0,2,0,2,1,0,0,1,3,0,0,0,0,0,0,0,0,1,1,0,1,0,0,0,0,2,1,0,1,1,0,2,0,3,0,1,2,0,0,0,2,1,0,2,0,1,0,1,0,0,1,0,1,2,0,1,0,3,0,1,0,0,0,0,0,0,2,3,4,2,1,3,0,2,1,2,0,0,1,0,2,1,3,0,1,1,0,1,1,0,0,0,0,0,0,2,1,2,1,1,0,4,1,3,0,2,1,0,0,0,0,0,0,0,1,0,0,0,0,1,0,0,0,1,0,0,0,0,0,0,0,0,0,0,0,0,0,0,0,0,0,0,0,0,0,0,0,0,0,0,0,0,0,0,0,0,0,0,1,0,0,0,0,0
P61981,3,0,3,1,0,3,0,2,0,1,2,2,0,0,2,1,2,0,1,2,0,0,0,0,1,2,2,0,1,0,2,2,1,1,0,3,1,1,1,0,2,0,0,0,0,0,0,0,0,0,2,2,1,2,2,0,0,0,3,3,0,1,0,0,3,2,1,1,1,0,0,0,3,0,1,2,1,1,1,0,0,1,1,0,1,0,2,2,1,0,0,0,0,0,0,0,0,0,3,0,0,1,3,0,0,4,3,0,2,0,1,0,1,2,0,2,2,4,0,0,2,1,0,0,2,0,1,1,1,1,1,1,0,2,2,2,0,1,2,0,0,0,0,1,0,0,0,0,1,0,0,0,3,0,1,0,2,0,0,2,0,0,3,1,1,0,1,0,1,1,0,0,0,1,0,0,1,2,0,0,1,0,1,3,1,0,3,0,0,2,0,0,0,0,0,0,1,1,1,0,1,0,0,0,3,1,0,0,0,0,3,1,2,0,1,1,0,1,0,1,0,0,1,0,1,0,0,0,0,2,0,3,1,1,1,1,1,0,0,0,0,0,0,0,0,2,3,3,1,1,0,0,2,1,1,0,2,2,0,1,0,4,1,1,0,1,2,2,1,1,0,0,1,0,1,3,0,0,2,0,0,1,1,3,0,1,0,0,0,0,0,0,0,0,1,0,0,1,0,0,0,0,0,0,0,0,0,0,0,0,0,0,0,0,0,0,0,0,0,1,0,0,0,0,0,0,0,0,0,0,0,0,0,0,0,0,0,0,0,0,0,0,0
Q04917,2,0,2,1,1,3,0,2,1,1,0,2,0,0,2,2,1,1,0,2,0,0,0,0,1,2,2,0,1,0,3,2,0,1,0,4,0,1,1,1,2,0,0,0,0,0,0,0,0,0,2,1,2,2,3,0,0,1,2,4,1,1,1,0,3,2,0,1,1,0,0,1,3,0,1,2,0,1,1,0,0,1,2,0,1,1,2,2,1,0,0,1,0,0,0,0,0,0,4,0,2,0,1,1,0,4,3,0,3,0,1,0,0,2,0,1,2,3,0,0,2,0,0,1,1,0,0,1,1,1,1,1,0,1,2,1,0,1,2,0,0,0,0,0,0,0,0,0,0,0,0,0,2,0,1,1,2,0,0,3,0,0,3,1,1,0,0,0,0,1,0,0,0,1,0,1,1,1,0,1,1,0,1,2,1,0,3,0,0,1,0,0,1,0,0,0,1,1,0,0,2,0,0,0,3,1,0,0,0,0,4,1,2,0,1,1,0,0,1,1,0,0,1,0,1,0,0,0,0,2,0,3,3,0,1,1,1,0,0,0,0,0,0,0,0,2,3,3,1,1,0,0,3,1,1,0,2,2,0,2,0,2,1,1,0,0,1,2,1,1,0,0,2,0,1,4,0,0,2,0,0,1,1,3,0,1,0,0,0,0,0,0,0,0,0,0,1,1,0,0,0,0,0,0,0,0,0,0,0,0,0,0,0,0,0,0,0,0,0,1,0,0,0,0,0,0,0,0,0,0,0,0,0,0,0,0,0,0,0,0,0,0,0
P27348,2,0,2,3,1,3,0,2,1,2,0,2,1,0,0,2,1,0,2,2,0,1,0,1,0,1,2,0,0,0,3,2,0,1,0,2,0,0,1,0,1,1,1,0,0,0,0,0,0,0,2,3,0,2,2,0,0,0,2,4,0,3,0,0,2,2,1,3,2,1,0,2,4,1,1,1,0,1,1,0,0,1,0,0,2,3,3,0,0,0,0,0,0,0,0,0,0,0,3,0,1,1,0,0,0,3,2,0,3,0,2,0,0,2,0,1,0,3,1,0,1,0,0,1,1,0,1,3,0,1,1,3,0,2,2,2,0,3,2,0,1,1,1,0,0,0,0,0,1,1,0,0,0,0,1,2,2,0,1,0,0,2,3,0,1,0,1,0,0,1,0,0,0,0,0,0,0,1,0,1,1,0,2,2,1,0,1,0,0,0,0,0,0,0,0,0,1,1,0,0,1,0,0,0,3,2,0,0,1,0,1,1,1,0,1,2,1,1,1,0,0,0,1,0,1,0,1,0,0,2,0,1,1,2,0,1,2,0,0,0,0,0,0,0,0,4,3,0,1,2,0,1,3,1,2,2,0,1,0,1,0,3,0,3,1,0,0,1,2,0,0,0,0,0,2,2,0,1,0,0,2,1,1,2,0,0,0,0,0,0,0,0,1,0,1,1,0,0,0,0,0,0,0,1,0,0,0,0,1,0,0,0,0,0,0,0,0,0,0,0,0,0,0,0,0,0,0,0,0,0,0,0,0,0,1,0,0,0,0,0,0,0,0
P63104,4,0,2,2,1,4,0,3,0,2,0,2,1,0,0,2,0,1,2,1,0,0,1,2,1,1,2,0,0,0,2,2,1,1,0,3,0,1,2,0,2,0,0,0,0,0,0,0,0,0,2,2,0,2,3,0,0,2,2,3,1,1,0,0,3,2,1,1,1,1,0,1,3,0,1,1,0,1,1,0,0,0,2,0,2,1,2,1,1,0,0,0,0,0,0,0,0,0,2,0,1,2,0,0,0,3,2,1,3,0,2,0,1,1,0,1,1,3,0,0,2,0,1,0,1,0,1,1,2,1,1,1,0,2,2,1,0,3,2,0,2,0,0,0,0,0,0,0,1,0,0,0,0,0,1,2,1,0,0,0,0,2,3,1,1,0,2,0,0,0,1,0,1,0,0,0,0,1,0,1,2,0,3,1,1,0,1,0,0,0,1,0,0,0,0,0,1,1,1,0,1,0,0,0,2,1,0,0,1,0,1,1,2,0,1,2,1,1,0,1,0,0,1,0,1,0,1,0,0,2,0,2,2,1,0,1,2,0,0,0,0,0,0,0,0,5,4,0,3,1,1,0,2,1,2,0,1,1,0,1,1,2,0,2,1,0,0,0,2,0,1,0,1,1,2,2,0,1,0,0,2,1,2,1,0,0,0,0,0,0,0,0,0,0,1,0,0,0,1,0,0,0,0,0,0,0,1,0,0,0,0,0,0,0,0,0,0,0,0,0,0,0,0,0,0,0,0,0,0,0,0,0,0,0,0,0,0,0,0,0,0,0,0
Q8N5P1,0,0,0,2,1,1,0,2,1,0,3,0,0,0,0,1,0,4,1,1,0,2,2,4,0,1,0,0,1,2,1,1,1,0,0,0,0,2,1,1,1,0,0,0,0,0,0,0,0,0,2,1,3,1,0,0,3,0,1,2,1,1,0,0,3,1,1,1,2,0,1,1,0,1,3,3,0,1,1,1,0,1,2,4,1,0,1,2,1,1,0,0,0,0,1,1,0,0,0,0,3,1,1,1,0,1,2,0,1,3,0,1,1,0,0,0,1,1,0,0,0,1,2,2,0,0,1,1,1,0,3,0,1,1,3,1,2,4,2,0,0,1,1,0,1,0,0,2,1,2,0,0,0,0,0,2,4,0,0,1,0,2,3,0,0,0,2,2,0,3,0,2,1,0,0,3,2,0,3,1,1,0,2,2,1,0,0,1,1,0,0,0,0,0,0,0,2,3,0,2,1,1,0,0,2,1,1,3,0,1,1,1,1,0,3,0,1,2,1,0,0,3,0,0,0,1,2,2,2,4,0,1,2,1,0,1,2,0,0,2,3,1,0,0,0,0,0,1,1,2,2,0,1,1,1,1,3,3,0,1,0,1,0,0,5,0,0,0,4,1,0,2,0,3,1,1,0,2,0,0,1,2,2,2,0,2,0,0,0,0,0,0,1,0,0,0,0,0,0,0,0,0,0,1,1,0,1,0,1,0,0,0,1,2,0,0,0,0,0,0,2,0,0,0,1,0,1,0,0,0,1,0,0,0,0,0,0,0,0,0,0,0,0
Q9NUD5,18,12,6,1,2,7,0,9,6,2,2,4,5,0,3,2,1,2,2,2,0,3,1,0,0,1,0,0,4,3,1,0,6,1,0,7,1,0,0,0,4,1,0,1,0,0,2,0,0,10,2,0,1,1,1,0,3,9,1,3,3,1,0,2,1,1,0,2,0,0,3,2,1,0,2,1,1,5,1,0,0,0,3,0,4,2,2,0,4,2,1,1,1,1,1,1,0,0,2,3,3,0,3,1,1,0,0,1,2,0,2,1,1,0,0,1,1,0,0,0,1,2,1,0,0,0,1,4,2,0,0,1,0,1,0,0,1,0,1,0,0,0,1,0,0,0,0,3,1,1,1,2,1,0,2,1,0,0,1,0,1,1,0,1,0,1,0,1,1,0,0,0,0,0,0,2,2,0,0,1,0,0,0,0,0,1,1,0,0,1,0,0,0,0,1,0,6,6,0,0,3,0,1,0,4,2,2,0,5,3,2,1,0,1,1,1,0,0,0,0,0,0,0,0,3,3,0,0,6,3,1,4,0,1,1,1,2,0,0,0,1,0,0,0,0,6,3,3,2,4,3,1,1,0,0,0,0,2,0,3,1,0,0,0,0,0,0,1,1,0,1,1,1,1,1,2,0,3,0,0,6,0,1,2,1,2,0,0,0,0,1,1,0,0,1,1,0,0,0,0,0,0,0,0,1,1,0,0,1,1,0,0,1,0,0,1,0,0,0,1,0,0,0,2,1,0,0,1,0,0,0,0,0,0,1,0,0,0,0,0,0,0,0
Q8TBF4,1,0,2,0,3,0,0,2,1,2,0,0,1,0,1,0,4,0,1,2,0,0,0,1,1,0,1,0,4,1,2,0,1,0,0,0,0,0,0,0,2,0,0,0,0,0,0,1,0,3,4,0,1,3,0,0,1,4,0,2,1,2,0,2,1,1,2,0,1,0,1,0,1,0,1,0,0,1,1,1,1,1,0,0,1,1,0,1,1,3,0,1,0,0,0,0,0,0,0,0,2,0,2,0,0,2,2,4,1,1,2,0,0,3,2,0,2,0,0,0,0,0,0,2,0,0,0,0,2,0,2,1,0,1,1,0,0,2,2,0,0,0,0,1,1,0,0,0,0,2,0,0,0,0,2,0,0,0,0,0,0,1,2,0,0,0,0,0,1,2,1,0,0,0,0,0,1,0,1,2,0,0,0,1,0,0,0,1,0,0,0,0,0,0,0,0,1,1,1,2,0,0,0,1,2,0,0,2,0,1,0,4,0,0,2,2,1,0,0,0,1,1,1,0,0,3,2,1,6,1,0,1,2,0,0,2,0,0,0,0,0,0,0,0,0,1,1,0,0,0,2,1,3,1,1,0,1,2,0,0,2,1,0,0,1,1,0,0,0,1,0,0,0,0,0,1,0,1,3,0,2,3,3,0,0,5,0,0,0,0,0,0,0,0,0,0,1,0,0,0,0,0,0,0,0,0,0,0,0,0,0,0,0,0,0,0,0,0,1,0,0,0,0,0,1,0,0,0,0,0,0,1,0,0,0,0,0,0,0,0,0,0,0
Q9UDW3,1,2,0,0,0,1,0,0,2,1,0,0,1,0,0,1,2,0,0,0,0,0,2,0,1,0,0,0,0,3,1,0,3,0,0,0,2,0,0,1,0,0,0,0,0,0,0,0,0,1,0,2,1,1,1,0,2,4,0,3,1,3,0,0,2,0,1,2,1,0,3,1,0,1,1,3,0,0,0,0,0,3,0,1,1,1,0,2,1,0,1,0,0,0,0,0,0,0,0,1,0,0,0,0,0,1,2,0,0,2,1,0,0,2,0,1,1,0,0,1,1,1,0,0,0,0,0,1,0,0,1,1,0,0,0,1,0,0,0,1,0,0,0,0,0,0,0,2,1,1,0,2,1,0,2,1,2,2,0,1,0,1,1,0,0,0,0,0,1,2,0,0,0,1,0,0,0,0,0,1,0,0,0,0,0,1,1,2,0,0,0,0,0,0,0,0,0,0,1,0,3,0,0,0,1,2,2,0,0,0,0,0,1,0,0,0,0,0,0,0,2,0,0,0,3,0,0,2,1,2,1,0,1,1,0,0,1,1,0,1,0,1,0,0,0,0,0,0,1,1,0,0,1,3,0,2,0,0,0,0,0,1,1,0,0,0,1,2,0,0,0,0,0,1,1,0,0,0,1,0,1,2,0,0,0,1,0,0,1,1,1,0,0,0,0,0,0,0,0,0,0,0,0,1,0,1,0,0,0,0,0,0,0,1,0,1,0,1,0,0,0,0,0,0,0,0,0,0,0,0,0,0,0,0,0,0,0,0,0,0,0,0,0
Q5BKZ1,10,6,5,2,1,7,0,4,3,4,0,7,2,0,3,2,6,3,3,5,3,1,2,2,1,1,0,0,7,1,2,0,0,2,0,8,3,3,1,2,6,0,0,0,0,0,0,0,0,2,5,4,1,1,2,0,0,0,3,3,1,3,0,5,1,7,1,3,2,1,1,1,1,3,0,5,0,3,2,5,3,2,3,1,2,2,3,1,2,3,0,0,0,0,0,0,0,0,7,4,5,4,1,2,0,6,0,3,0,3,1,0,5,3,6,5,5,6,0,1,2,1,4,5,4,0,1,2,6,2,2,1,0,2,4,3,1,3,2,0,1,0,1,1,0,1,0,1,0,4,0,1,1,0,3,3,3,2,0,2,0,0,0,6,2,0,1,0,1,2,3,2,2,2,0,2,1,2,1,1,2,1,2,3,1,2,2,2,0,0,0,0,0,0,0,0,5,3,2,0,6,2,0,1,1,1,3,4,1,0,5,3,3,3,1,1,0,2,3,0,1,1,0,0,1,5,0,1,4,1,0,0,2,5,0,2,4,0,1,1,0,0,0,0,0,6,2,3,0,2,9,0,1,3,5,3,4,4,0,5,3,2,3,2,0,0,0,3,2,1,1,0,0,4,0,1,0,3,4,0,8,6,1,1,1,17,0,0,0,0,0,0,0,0,0,0,2,0,0,0,0,0,0,1,0,0,0,0,0,1,0,0,0,0,0,1,0,0,0,0,0,0,0,0,0,0,0,0,0,0,0,0,1,0,0,0,0,0,0,0,0,0,0
Q96PM9,12,7,1,1,4,4,0,8,4,5,2,4,6,0,1,0,0,0,2,1,0,2,1,2,0,1,1,1,2,1,5,2,1,1,1,3,4,1,0,1,0,0,0,0,1,0,0,0,0,6,12,1,3,1,1,1,11,17,7,5,1,1,0,8,8,1,2,3,0,0,1,2,3,1,3,0,2,1,4,0,0,2,0,0,3,2,1,0,3,0,1,0,0,0,0,0,0,0,6,6,0,0,2,0,0,3,10,7,1,0,0,0,2,1,2,1,0,0,0,3,1,3,0,0,0,0,2,3,0,1,1,1,0,0,1,0,0,0,0,0,0,0,0,0,0,0,0,1,2,2,0,2,3,0,0,2,1,0,2,0,0,0,6,0,2,0,0,0,1,0,0,0,1,0,0,0,3,2,1,1,1,0,0,0,1,0,0,0,0,0,2,1,0,0,0,0,3,0,0,2,3,1,0,1,5,2,2,0,1,0,3,3,1,1,3,0,0,2,0,0,1,3,0,0,2,0,2,1,0,0,0,0,1,0,1,0,1,0,0,1,0,0,0,0,0,1,2,0,2,1,0,0,1,4,1,1,0,1,0,0,0,2,1,0,0,0,1,0,0,0,0,0,0,2,0,2,1,0,0,0,0,0,0,0,1,2,0,0,0,0,1,0,0,0,0,0,0,0,0,0,0,1,0,0,1,0,1,0,0,2,0,0,0,0,0,0,1,0,0,0,0,0,0,0,0,0,0,0,0,0,0,0,0,0,0,0,0,0,0,0,0,0,0
Q96F45,67,17,8,4,0,3,2,14,7,12,3,5,4,0,12,12,12,3,5,0,0,3,3,1,2,1,0,0,2,2,0,0,0,0,0,2,3,1,0,0,0,0,0,0,2,1,0,1,0,10,6,17,2,3,0,0,5,8,9,7,3,3,0,16,7,8,0,4,1,1,3,4,6,1,0,0,1,2,2,6,2,1,1,0,1,3,2,2,2,1,0,0,0,1,0,0,0,0,16,15,11,1,1,0,1,10,10,11,1,5,3,1,9,14,9,3,2,0,0,5,0,1,0,1,0,1,1,6,3,0,1,2,0,0,1,0,0,2,0,0,2,0,1,0,0,0,0,3,5,4,1,0,1,1,1,6,2,0,0,0,0,3,2,1,1,2,0,1,1,1,0,1,0,0,1,0,1,1,0,0,0,0,0,0,0,0,0,0,0,1,1,1,0,0,0,0,2,1,1,1,0,2,0,5,3,2,1,0,0,0,0,2,6,0,0,1,1,2,0,0,0,0,0,0,1,0,0,0,0,3,0,1,0,3,0,0,2,1,0,1,0,0,0,0,0,3,0,1,1,0,0,0,2,1,0,2,1,1,0,3,2,2,0,0,1,0,1,1,0,0,0,0,0,1,0,0,0,2,1,1,1,0,1,0,1,0,0,0,1,0,0,0,0,0,0,1,2,0,0,0,0,1,0,1,1,0,0,0,2,2,0,1,0,0,0,0,0,1,0,0,0,0,0,0,0,0,0,0,0,0,0,1,0,0,0,0,0,0,0,0,0,0,0
Q8NDQ6,1,0,3,1,0,1,1,1,1,1,2,2,0,1,1,1,2,14,2,0,0,1,1,1,4,0,1,0,8,3,0,0,3,2,2,0,2,2,0,3,0,0,1,1,0,1,3,11,0,1,2,3,3,10,1,0,3,1,3,1,1,0,0,4,14,1,0,9,1,0,4,2,6,1,0,1,0,5,8,3,10,9,6,0,2,2,1,1,2,0,0,0,0,0,1,0,1,0,0,4,1,1,1,2,1,8,3,9,7,17,3,0,2,3,2,2,2,1,0,1,16,1,1,1,1,0,7,1,2,4,3,4,0,0,2,0,0,1,0,1,0,0,0,0,0,0,0,0,1,1,0,4,1,1,1,0,8,2,17,1,0,1,5,3,2,3,1,0,2,6,4,2,2,5,0,2,2,2,2,0,0,1,0,2,5,1,3,0,0,0,0,0,0,0,1,0,5,0,4,3,1,2,14,5,2,7,2,1,2,0,2,10,0,1,2,0,0,0,3,3,13,2,1,0,4,1,3,5,1,1,2,6,1,3,1,1,0,3,2,0,2,0,2,10,0,0,0,8,0,0,0,0,1,2,1,0,3,1,1,0,14,3,2,1,1,0,0,1,0,0,2,2,1,2,4,2,1,0,1,10,0,0,0,0,0,0,0,1,0,1,0,2,0,0,0,1,1,0,2,0,0,0,0,0,0,0,1,0,0,0,1,0,2,0,0,0,0,0,0,2,0,0,1,0,3,0,1,1,1,0,0,10,3,10,0,0,0,0,0,0,0,0,0
O00488,2,2,1,0,1,0,0,0,1,1,0,1,0,1,2,1,1,0,1,0,0,0,2,0,0,0,0,0,0,0,1,1,0,1,0,0,0,2,0,0,1,0,1,0,0,0,0,0,0,2,0,1,0,0,1,0,1,0,1,0,0,1,0,0,0,0,1,1,0,0,0,1,2,0,1,0,0,1,1,0,0,3,0,0,2,4,0,0,1,1,0,0,0,0,0,1,0,0,1,0,1,1,0,1,0,1,0,0,1,0,1,0,2,1,1,0,0,2,0,1,0,0,0,1,0,0,2,2,0,0,1,0,0,0,2,1,0,0,0,0,0,0,0,0,0,0,0,1,0,0,0,1,0,0,1,0,0,0,2,2,0,0,0,2,0,1,0,0,0,0,0,0,0,0,0,1,1,0,0,0,0,0,0,0,0,0,1,0,0,0,0,0,0,0,0,0,0,1,2,0,1,0,1,0,1,0,2,1,1,0,0,0,0,1,2,0,0,1,2,0,0,0,1,0,1,1,1,1,3,0,0,1,0,0,0,0,0,0,0,0,0,0,0,0,0,0,0,1,1,0,1,0,1,1,0,1,1,3,0,0,1,1,0,0,1,0,0,0,1,0,0,0,0,0,0,1,1,0,0,0,0,1,0,1,0,0,0,0,0,0,0,0,0,0,0,1,0,0,0,0,0,0,0,0,0,0,0,0,0,0,0,0,0,0,0,0,0,0,0,0,0,0,0,0,0,1,0,0,0,0,0,0,0,0,0,0,0,0,0,0,0,0,0
Q9ULD9,21,10,20,6,8,6,3,19,12,14,6,7,3,1,19,14,17,11,7,6,1,11,9,6,5,0,3,0,7,5,11,1,6,6,0,6,3,4,2,6,4,1,0,0,1,2,0,1,0,11,15,11,9,5,5,0,8,10,13,9,3,8,0,23,10,19,6,8,4,0,9,5,6,3,6,4,0,5,5,6,5,4,2,0,5,8,10,4,3,3,1,0,0,0,0,0,2,0,15,14,22,8,7,5,0,17,10,24,3,2,7,0,9,23,27,14,7,5,2,13,7,10,9,5,0,0,10,6,13,6,6,1,1,5,9,6,2,7,7,1,1,0,1,0,0,3,0,9,11,10,6,2,2,0,5,8,8,7,0,4,1,6,7,9,4,6,5,0,4,5,8,10,2,3,0,3,2,5,7,3,4,0,4,3,4,1,1,3,0,0,0,0,1,0,0,0,9,6,8,3,9,3,1,2,5,9,4,8,2,0,8,2,6,5,8,12,1,3,4,5,3,5,5,1,11,3,2,4,5,7,0,6,3,4,0,12,3,1,0,0,0,1,0,0,0,9,6,4,1,5,5,0,4,6,2,4,6,10,0,5,7,10,3,7,4,1,0,0,1,2,6,1,0,3,9,5,3,8,9,0,3,1,8,1,6,5,1,0,2,1,0,0,2,0,0,0,0,1,0,0,0,1,0,0,0,1,0,0,1,0,0,1,0,1,0,0,3,1,0,0,0,0,0,0,0,0,0,0,0,1,5,1,0,1,0,0,0,0,0,0,0,0,0
Q96CK0,21,6,7,2,2,7,0,8,1,5,5,1,2,0,6,2,5,4,2,3,0,4,1,2,2,3,3,0,2,0,2,1,3,4,0,11,8,7,2,0,2,1,2,2,1,0,1,0,0,7,2,6,6,1,6,1,5,2,5,1,1,1,1,5,4,2,3,2,4,0,3,3,4,2,0,0,0,4,2,0,1,4,1,0,3,3,4,1,2,3,1,1,1,1,2,1,0,0,7,5,2,2,3,3,2,4,4,2,2,3,2,3,5,4,4,0,0,2,0,2,5,2,1,2,0,0,2,1,0,2,5,0,0,2,7,5,0,0,1,1,1,1,0,0,0,0,0,5,2,1,2,1,5,0,4,2,4,1,2,2,1,3,2,1,1,2,0,2,2,2,1,2,1,0,0,1,1,0,1,4,0,1,1,2,0,1,0,1,0,0,0,0,0,0,0,0,2,1,2,1,4,2,3,1,3,2,1,2,1,1,0,0,0,1,3,2,0,4,0,0,0,2,2,0,5,6,4,2,12,1,0,1,3,2,0,1,1,1,0,0,0,1,0,0,0,2,5,5,2,0,7,0,6,3,2,2,3,7,0,4,5,3,3,1,4,0,0,3,1,0,0,0,0,1,1,0,0,2,2,0,3,0,2,0,3,0,0,0,0,2,2,0,0,0,1,1,0,0,1,1,0,1,1,0,0,0,2,0,1,2,0,0,0,1,0,1,2,1,1,0,0,0,0,0,0,1,0,1,0,0,0,0,0,0,0,0,0,0,0,0,0,0,0
Q9BRT8,5,5,0,3,1,0,0,8,4,5,0,1,6,0,3,2,1,0,2,1,1,2,3,2,2,3,1,0,0,2,1,0,2,0,0,3,3,1,1,0,1,0,0,0,0,0,0,0,0,2,3,6,5,2,5,0,6,3,6,3,1,1,0,4,4,3,3,2,3,0,1,1,1,1,3,3,0,2,1,1,1,2,1,0,4,3,3,2,1,1,0,1,0,0,0,0,1,0,3,7,2,0,0,2,0,1,3,2,2,0,4,0,1,0,0,1,2,2,0,0,2,1,2,0,1,0,1,2,1,2,0,4,0,1,5,1,0,1,2,0,1,0,0,1,0,0,1,1,3,0,0,0,0,0,0,6,3,2,2,1,0,3,2,1,0,2,1,0,0,2,1,0,1,2,0,2,3,1,0,0,2,0,0,2,1,0,1,3,0,0,0,0,0,0,0,0,2,1,1,2,1,1,0,3,1,2,0,2,1,0,1,0,1,1,1,1,0,0,2,4,0,1,0,0,1,0,1,2,0,0,0,0,2,2,1,1,2,0,0,0,0,0,0,0,0,1,5,1,1,1,1,0,5,3,2,3,2,1,1,2,4,0,1,1,2,1,1,4,0,0,0,0,0,2,1,0,2,0,1,0,2,2,3,1,2,7,0,0,0,0,0,0,0,0,0,0,0,2,0,0,0,0,0,0,0,0,0,1,0,0,0,0,0,0,0,0,0,0,1,0,0,0,0,0,0,0,0,0,0,0,0,0,0,0,1,0,0,1,0,0,0,0,0
Q15942,6,11,2,1,2,3,1,10,8,7,4,4,1,0,7,3,2,3,0,1,1,1,5,0,2,0,2,0,7,5,0,1,0,1,0,2,6,0,0,1,2,1,1,1,2,2,0,1,0,9,10,5,2,2,2,1,8,32,5,5,2,7,1,4,9,5,0,3,3,0,6,5,6,5,1,2,0,2,6,2,2,1,1,0,2,3,2,2,0,3,0,2,0,0,1,0,0,0,5,3,5,0,4,1,0,4,7,3,3,4,0,2,4,5,2,0,1,1,1,5,1,2,0,1,0,2,1,0,1,1,0,1,0,1,2,1,1,0,3,0,2,0,0,0,2,0,0,2,5,1,5,5,1,1,1,4,1,9,2,0,0,2,2,1,5,0,1,0,4,1,1,3,2,0,2,0,0,1,2,0,2,0,1,1,1,0,0,1,0,0,0,1,0,3,0,0,1,2,4,1,1,0,3,4,2,3,3,2,0,0,1,0,3,1,0,0,1,2,3,1,2,0,0,0,0,0,0,1,0,0,1,0,2,1,1,2,0,0,0,1,0,0,0,0,0,2,2,0,0,0,4,1,3,7,5,1,0,3,0,0,1,1,0,0,2,1,2,0,1,0,1,0,0,1,2,0,1,0,0,0,3,5,0,0,1,2,1,0,0,1,0,1,0,0,1,1,1,1,0,1,0,1,0,0,0,0,1,0,0,3,0,1,0,0,0,0,2,0,1,0,0,0,1,1,2,0,1,1,0,0,0,0,0,0,1,0,0,0,0,0,0,0,0
P49841,3,3,5,2,1,0,0,5,5,6,4,1,2,0,4,3,3,2,0,5,0,2,5,2,1,0,0,0,1,2,7,0,1,1,0,0,3,1,1,1,1,0,2,0,0,0,0,0,0,2,5,2,1,5,1,1,1,9,6,4,3,3,0,6,1,5,3,3,1,0,2,4,3,2,1,2,1,7,4,1,0,2,1,1,4,2,1,1,3,1,1,0,0,0,0,0,0,0,6,5,3,3,2,3,0,1,1,3,3,2,1,0,5,4,6,3,2,2,0,4,3,1,0,2,0,0,0,4,1,0,0,0,0,2,4,2,0,2,0,1,0,2,0,0,0,0,0,0,4,0,0,2,2,1,1,4,2,2,3,3,0,2,1,3,1,0,1,0,1,1,1,0,0,0,0,3,1,0,0,0,0,0,1,1,0,0,1,0,0,0,1,0,1,0,0,0,1,2,4,4,1,0,0,3,2,0,2,4,3,0,3,2,3,1,0,1,2,0,0,0,0,1,0,1,0,1,1,0,0,2,0,2,1,0,1,1,0,0,0,0,1,0,0,0,0,1,4,3,0,1,0,0,4,5,1,0,1,1,0,2,0,2,0,0,0,0,0,2,1,0,0,0,0,1,2,2,2,1,1,0,0,1,0,0,1,0,0,0,2,0,0,0,0,0,1,0,0,0,0,1,0,2,0,1,0,2,0,0,0,0,0,0,0,1,0,0,0,0,0,0,1,0,0,0,0,0,0,0,0,0,0,0,0,0,0,0,0,0,0,0,0,0,0
P38647,15,12,7,4,5,5,1,8,9,6,3,4,3,0,7,7,4,5,2,6,0,4,2,4,2,7,2,1,3,5,4,3,0,4,0,10,6,4,3,3,1,0,0,0,1,0,0,0,0,12,6,5,6,5,6,0,7,2,5,2,4,2,0,6,4,4,2,3,2,0,4,2,2,1,2,2,0,3,3,2,2,1,1,0,2,4,4,2,1,5,1,0,0,0,0,0,0,0,9,5,7,3,3,6,0,8,3,5,2,2,5,0,4,4,1,2,2,0,0,4,2,1,2,1,3,0,2,0,6,0,4,2,0,1,2,2,2,6,0,0,0,0,0,0,0,0,0,3,3,2,0,2,6,0,6,2,2,2,1,2,0,3,2,2,1,1,1,0,2,2,0,0,0,1,0,3,3,1,2,1,1,0,4,3,0,0,3,1,0,1,1,0,0,0,1,0,4,5,4,2,2,2,0,5,3,2,1,1,3,0,7,8,1,1,2,2,0,1,3,1,0,0,3,2,2,2,4,0,2,1,0,4,1,1,0,2,3,0,0,0,0,0,0,0,0,6,2,6,7,1,2,0,5,3,2,3,0,4,0,6,0,1,1,4,2,0,1,4,2,0,0,0,0,5,2,4,3,3,2,0,3,1,3,0,4,1,0,0,0,0,0,1,0,0,0,0,0,0,1,0,0,1,0,0,0,0,0,0,0,0,0,1,0,0,0,0,0,0,0,0,0,0,1,0,0,0,0,0,0,0,0,0,0,0,1,0,0,0,0,0,0,0,0
Q99KR7,2,1,1,4,2,4,0,3,4,2,0,1,0,0,1,3,2,0,3,0,1,2,0,1,1,2,0,1,2,2,1,1,0,1,0,2,2,2,0,1,0,0,0,0,0,0,1,1,0,6,4,2,0,3,0,1,3,3,0,3,2,0,0,1,1,1,0,1,1,1,3,0,1,0,0,3,0,0,1,1,0,2,0,0,1,1,0,0,0,0,0,0,0,0,0,0,0,0,0,3,2,2,1,1,0,3,2,1,2,0,1,0,1,1,1,1,1,0,0,1,1,0,0,0,0,0,2,3,2,0,0,0,0,0,1,0,0,0,0,0,0,2,1,0,0,0,0,1,1,2,0,0,1,1,1,0,1,0,0,0,0,1,1,0,1,0,0,0,0,0,1,1,0,0,0,1,1,0,0,0,0,0,1,0,1,0,0,1,0,0,0,1,0,0,0,0,3,1,1,1,0,1,0,4,0,2,1,0,1,0,4,0,1,0,0,0,0,0,1,0,0,0,0,0,1,0,1,0,0,0,0,1,0,0,0,0,0,0,0,0,0,0,0,0,0,2,0,2,0,1,0,0,1,1,1,1,1,0,0,1,1,0,0,1,0,1,0,0,0,0,0,0,0,1,0,0,0,0,0,0,0,1,0,0,0,0,0,0,0,0,0,0,0,0,0,0,0,0,0,0,0,1,1,0,0,0,0,0,0,1,0,0,1,0,0,0,0,0,0,0,0,0,0,1,0,0,0,0,0,0,0,1,0,0,0,0,0,0,0,0,0,0,0
Q60932,2,5,3,1,1,0,0,6,2,1,5,3,3,0,2,3,2,3,2,2,0,2,1,2,0,2,1,0,2,1,3,1,0,0,0,0,2,1,1,1,0,1,0,0,0,0,0,0,0,3,8,3,1,1,1,0,4,2,2,0,0,0,0,2,5,2,2,0,0,1,2,2,2,0,0,2,0,1,4,1,1,1,0,0,3,4,2,0,0,1,0,1,0,0,0,0,0,0,3,3,2,1,2,1,0,3,1,4,0,2,2,1,1,2,1,1,0,3,0,3,2,4,3,1,1,0,2,2,4,0,0,0,0,0,4,2,0,0,0,0,0,0,1,0,0,0,0,3,1,1,2,3,1,0,0,1,1,2,0,2,0,2,1,1,4,1,0,0,1,1,0,1,1,0,0,1,0,1,0,1,1,0,0,0,2,0,1,1,0,0,0,0,0,0,0,0,1,2,3,1,0,1,0,2,1,2,0,1,1,0,2,1,2,1,3,1,0,2,0,1,0,0,0,0,1,0,1,1,0,0,0,0,0,1,0,0,0,0,0,0,0,0,0,0,0,0,0,2,1,0,1,0,2,1,2,1,2,2,0,3,1,0,3,2,0,0,1,0,0,0,0,0,0,1,0,0,0,1,0,0,1,0,1,0,0,0,0,1,0,0,0,0,0,0,0,1,0,0,0,1,0,0,0,0,0,0,0,0,0,0,0,0,0,0,0,0,0,0,0,0,0,0,0,0,0,0,0,0,0,0,0,0,0,0,0,0,0,0,0,0,0,0,0
Q04206,1,7,2,4,0,0,0,18,7,2,1,3,6,1,9,8,3,2,1,0,0,2,9,3,1,1,1,0,2,0,0,3,0,1,1,2,2,2,1,1,0,1,0,0,0,1,0,0,0,7,18,9,8,1,3,0,13,10,5,3,4,5,0,4,5,3,2,3,2,0,1,4,4,3,0,1,0,3,6,2,4,2,0,0,5,1,9,1,4,6,0,0,2,1,0,1,0,0,1,5,3,4,3,2,0,8,7,6,4,3,7,0,2,5,1,2,3,1,0,1,6,0,0,1,1,0,1,3,2,0,2,1,0,2,1,3,0,0,0,0,0,0,0,0,0,0,0,1,4,1,0,2,1,0,4,8,3,2,3,3,2,0,6,1,1,1,0,0,0,3,1,1,0,0,0,0,1,0,2,0,1,0,1,3,0,0,0,1,0,0,0,0,0,0,0,0,2,1,3,0,0,2,1,3,2,2,2,1,2,0,2,3,1,0,1,0,0,4,1,1,0,2,2,0,1,2,1,0,3,1,0,1,1,1,0,0,2,1,0,1,0,0,0,1,0,2,3,5,1,1,1,0,0,5,1,1,1,2,1,0,8,4,2,0,3,0,1,1,0,0,0,0,0,2,0,1,1,1,1,1,2,3,3,0,1,3,0,0,1,0,0,1,0,0,0,0,0,0,0,0,0,0,1,0,0,2,1,0,1,0,0,0,0,0,0,0,1,0,0,0,0,0,0,0,1,0,0,1,0,0,0,0,0,1,0,0,0,0,0,0,0,0,0
Q38DU9,5,13,7,0,2,7,0,12,9,5,3,5,1,2,6,10,4,1,5,2,0,4,2,1,2,3,1,0,5,3,2,1,0,2,0,6,2,2,3,1,4,1,1,2,1,1,0,0,0,12,8,5,4,1,4,2,7,9,6,2,7,1,0,7,6,6,3,3,1,0,2,1,0,2,1,3,0,4,4,8,3,0,5,0,4,0,0,0,3,1,0,0,1,3,0,0,0,0,5,6,5,4,4,3,1,6,8,6,3,7,3,2,6,9,3,0,0,1,1,2,1,2,1,0,1,0,4,1,2,1,3,0,0,3,2,2,1,0,0,1,1,0,2,0,0,0,0,2,3,3,1,0,1,0,2,2,2,0,1,1,0,1,3,2,1,0,2,0,1,1,2,1,3,1,0,2,1,1,1,1,1,0,2,0,1,1,1,3,1,0,0,0,0,0,0,0,3,2,7,0,4,1,0,4,0,4,1,3,1,0,3,2,4,0,2,3,1,0,2,3,2,0,1,0,0,1,2,0,0,1,1,4,2,0,0,4,1,0,1,0,0,0,0,1,0,6,5,1,4,2,1,2,2,3,4,0,1,1,0,2,4,0,1,0,0,0,1,1,0,1,0,2,0,1,3,0,2,1,2,1,2,4,2,0,1,0,0,0,1,1,0,1,0,0,1,0,0,0,0,2,0,3,1,0,0,0,0,0,3,1,1,0,1,0,1,0,0,1,0,0,0,0,1,0,0,0,0,0,0,0,1,0,0,0,0,0,0,0,0,0,0,0,0
Q4GYY5,9,4,5,6,2,6,0,6,2,3,4,2,4,0,2,8,5,3,1,3,1,4,3,2,0,2,1,1,2,1,1,1,1,1,0,3,2,3,1,2,6,0,0,0,0,0,1,0,0,7,3,6,3,1,4,1,3,1,2,3,1,1,0,5,2,2,3,2,0,1,0,5,3,0,2,2,0,1,2,1,2,1,3,0,5,5,3,1,1,1,1,0,3,0,0,0,0,1,5,3,5,1,1,1,0,5,3,4,1,2,7,1,5,5,5,2,1,0,0,2,3,2,2,0,2,0,2,1,0,0,2,1,0,3,0,1,0,1,1,0,1,0,0,1,0,0,0,2,4,0,0,2,1,0,5,1,2,1,1,1,1,2,2,2,2,0,0,0,2,0,0,0,0,0,0,1,1,1,0,1,0,0,2,5,0,1,0,0,0,2,0,0,0,0,0,0,1,3,3,1,0,2,0,3,0,3,0,1,1,0,0,1,4,0,2,0,0,1,1,0,0,0,1,0,1,1,3,0,0,0,0,1,4,1,0,0,0,0,0,0,0,0,0,0,0,6,4,3,1,1,3,0,2,3,1,3,3,2,2,2,5,0,1,0,2,0,0,0,1,0,0,1,1,3,1,1,0,0,1,0,4,0,2,0,2,2,0,0,0,0,0,1,0,0,2,0,1,1,0,0,0,1,1,0,0,0,1,0,0,0,0,0,0,0,0,0,0,0,0,0,1,0,0,1,1,0,0,0,0,0,0,0,0,0,0,0,1,0,0,0,0,0,0
